Titre,Vendeur,Acheteurs,Notes,Date Dernier Avis,Catégorie,Sous-Catégorie,Mots Clés,Lien
403 Forbidden,Non trouvé,Non trouvé,Non trouvé,Aucun avis,Inconnu,Inconnu,Aucun tag,https://khamsat.com/engineering/landscape-design/2453098-%D8%AA%D8%B5%D9%85%D9%8A%D9%85-%D8%AF%D9%8A%D9%83%D9%88%D8%B1-%D8%AE%D8%A7%D8%B1%D8%AC%D9%8A-%D9%88%D9%88%D8%A7%D8%AC%D9%87%D8%A7%D8%AA-%D9%88-%D8%AA%D9%86%D8%B3%D9%8A%D9%82-%D8%AD%D8%AF%D8%A7%D8%A6%D9%82-exterior-design
403 Forbidden,Non trouvé,Non trouvé,Non trouvé,Aucun avis,Inconnu,Inconnu,Aucun tag,https://khamsat.com/engineering/interior-design/3602234-%D8%B3%D8%A3%D9%88%D9%81%D8%B1-%D9%84%D9%83-%D8%B3%D9%83%D8%B1%D8%A8%D8%AA-floorgenerator-2.10-%D9%84%D8%A8%D8%B1%D9%86%D8%A7%D9%85%D8%AC-3ds-max-2013202
403 Forbidden,Non trouvé,Non trouvé,Non trouvé,Aucun avis,Inconnu,Inconnu,Aucun tag,https://khamsat.com/engineering/interior-design/3448384-%D8%AA%D8%B5%D8%A7%D9%85%D9%8A%D9%85-%D9%85%D8%B9%D9%85%D8%A7%D8%B1%D9%8A%D8%A9-%D8%AF%D8%A7%D8%AE%D9%84%D9%8A%D8%A9-%D9%84%D9%83%D8%A7%D9%81%D8%A9-%D8%A7%D9%86%D9%88%D8%A7%D8%B9-%D8%A7%D9%84%D9%81%D8%B1%D8%A7%D8%BA%D8%A7%D8%AA
403 Forbidden,Non trouvé,Non trouvé,Non trouvé,Aucun avis,Inconnu,Inconnu,Aucun tag,https://khamsat.com/engineering/exterior-design/3466484-%D8%AA%D8%B5%D9%85%D9%8A%D9%85-%D9%88%D8%A7%D8%AC%D9%87%D8%A7%D8%AA-%D9%85%D8%B9%D9%85%D8%A7%D8%B1%D9%8A%D8%A9-%D9%85%D9%88%D8%AF%D8%B1%D9%86
403 Forbidden,Non trouvé,Non trouvé,Non trouvé,Aucun avis,Inconnu,Inconnu,Aucun tag,https://khamsat.com/engineering/exterior-design/3725514-%D8%AE%D8%AF%D9%85%D8%A7%D8%AA-%D8%A7%D9%84%D8%AA%D8%B5%D9%85%D9%8A%D9%85-%D8%A7%D9%84%D9%85%D8%B9%D9%85%D8%A7%D8%B1%D9%8A-%D8%A7%D9%84%D8%AE%D8%A7%D8%B1%D8%AC%D9%8A-%D9%88%D8%AA%D8%B7%D9%88%D9%8A%D8%B1-%D8%A7%D9%84%D9%88%D8%A7%D8%AC%D9%87%D8%A7%D8%AA-%D9%88%D8%A7%D9%84%D9%85%D8%B3%D8%A7%D9%82%D8%B7
403 Forbidden,Non trouvé,Non trouvé,Non trouvé,Aucun avis,Inconnu,Inconnu,Aucun tag,https://khamsat.com/engineering/interior-design/3573069-%D8%AA%D8%B5%D9%85%D9%8A%D9%85-%D8%AF%D8%A7%D8%AE%D9%84%D9%8A-%D9%85%D8%B9-%D8%B1%D9%86%D8%AF%D8%B1-%D9%88%D8%A7%D9%82%D8%B9%D9%8A-%D8%A7%D8%AD%D8%AA%D8%B1%D8%A7%D9%81%D9%8A
403 Forbidden,Non trouvé,Non trouvé,Non trouvé,Aucun avis,Inconnu,Inconnu,Aucun tag,https://khamsat.com/engineering/interior-design/3512979-%D8%AA%D8%B5%D9%85%D9%8A%D9%85-%D8%AF%D8%A7%D8%AE%D9%84%D9%8A-%D8%A7%D8%AD%D8%AA%D8%B1%D8%A7%D9%81%D9%8A-%D9%84%D8%B9%D9%8A%D8%A7%D8%AF%D8%A7%D8%AA-%D8%A7%D9%84%D8%A3%D8%B7%D9%81%D8%A7%D9%84-%D8%A8%D9%8A%D8%A6%D8%A9-%D8%A2%D9%85%D9%86%D8%A9-%D9%88%D8%AC%D8%B0%D8%A7%D8%A8%D8%A9-%D8%A8%D8%B5%D8%B1%D9%8A
403 Forbidden,Non trouvé,Non trouvé,Non trouvé,Aucun avis,Inconnu,Inconnu,Aucun tag,https://khamsat.com/engineering/landscape-design/3231460-%D8%AA%D8%AE%D8%B7%D9%8A%D8%B7-%D9%84%D8%A7%D9%86%D8%AF-%D8%B3%D9%83%D9%8A%D8%A8-%D9%84%D9%84%D9%85%D8%B4%D8%A7%D8%B1%D9%8A%D8%B9-%D8%A7%D9%84%D9%85%D8%B9%D9%85%D8%A7%D8%B1%D9%8A%D8%A9
403 Forbidden,Non trouvé,Non trouvé,Non trouvé,Aucun avis,Inconnu,Inconnu,Aucun tag,https://khamsat.com/engineering/exterior-design/2761571-%D8%AA%D8%B5%D9%85%D9%8A%D9%85-%D8%A7%D9%84%D9%85%D8%B3%D8%A7%D8%AC%D8%AF-%D8%AF%D8%A7%D8%AE%D9%84%D9%8A-%D9%88-%D8%AE%D8%A7%D8%B1%D8%AC%D9%8A-%D9%88-%D8%A7%D9%84%D9%88%D8%A7%D8%AC%D9%87%D8%A7%D8%AA-%D9%88-%D8%A7%D9%84%D8%AD%D8%AF%D8%A7%D8%A6%D9%82
403 Forbidden,Non trouvé,Non trouvé,Non trouvé,Aucun avis,Inconnu,Inconnu,Aucun tag,https://khamsat.com/engineering/interior-design/3131688-%D8%B9%D9%85%D9%84-master-bedroom-%D8%A8%D8%AC%D9%88%D8%AF%D8%A9-%D8%B9%D8%A7%D9%84%D9%8A%D8%A9-%D9%88-%D8%AF%D8%B1%D8%A7%D8%B3%D8%A9-%D9%85%D9%85%D8%B1%D8%A7%D8%AA-%D8%A7%D9%84%D8%AD%D8%B1%D9%83%D8%A9-%D9%84%D9%84%D8%BA%D8%B1%D9%82%D8%A9
403 Forbidden,Non trouvé,Non trouvé,Non trouvé,Aucun avis,Inconnu,Inconnu,Aucun tag,https://khamsat.com/engineering/interior-design/3512268-%D8%AA%D8%B5%D9%85%D9%8A%D9%85-%D9%85%D8%B7%D8%A7%D8%A8%D8%AE-%D9%85%D9%85%D9%8A%D8%B2%D8%A9-%D8%A8%D8%A7%D9%84%D9%85%D8%AE%D8%B7%D8%B7%D8%A7%D8%AA-%D8%A7%D9%84%D8%AA%D9%86%D9%81%D9%8A%D8%B0%D9%8A%D8%A9-%D8%A7%D9%84%D8%AE%D8%A7%D8%B5%D8%A9-%D8%A8%D9%8A%D9%87%D8%A7
403 Forbidden,Non trouvé,Non trouvé,Non trouvé,Aucun avis,Inconnu,Inconnu,Aucun tag,https://khamsat.com/engineering/landscape-design/3791324-%D8%AA%D8%B5%D9%85%D9%8A%D9%85-%D8%AD%D8%AF%D8%A7%D8%A6%D9%82-%D9%88%D9%84%D8%A7%D9%86%D8%AF%D8%B3%D9%83%D9%8A%D8%A8-%D8%A8%D8%A7%D8%AD%D8%AA%D8%B1%D8%A7%D9%81%D9%8A%D8%A9
403 Forbidden,Non trouvé,Non trouvé,Non trouvé,Aucun avis,Inconnu,Inconnu,Aucun tag,https://khamsat.com/engineering/interior-design/3138838-%D8%AA%D8%B5%D9%85%D9%8A%D9%85-%D8%AF%D9%8A%D9%83%D9%88%D8%B1-%D8%B9%D8%B5%D8%B1%D9%8A-%D9%84%D9%84%D9%81%D8%B1%D8%A7%D8%BA%D8%A7%D8%AA-%D8%A7%D9%84%D8%AF%D8%A7%D8%AE%D9%84%D9%8A%D8%A9-%D8%A7%D9%84%D9%85%D8%AE%D8%AA%D9%84%D9%81%D8%A9
403 Forbidden,Non trouvé,Non trouvé,Non trouvé,Aucun avis,Inconnu,Inconnu,Aucun tag,https://khamsat.com/engineering/exterior-design/3903117-%D8%A7%D9%84%D8%AA%D8%B5%D9%85%D9%8A%D9%85-%D8%A7%D9%84%D8%AE%D8%A7%D8%B1%D8%AC%D9%8A-%D9%84%D9%84%D9%85%D8%A8%D8%A7%D9%86%D9%8A-%D8%A8%D8%B5%D9%88%D8%B1%D8%A9-%D8%A7%D8%AD%D8%AA%D8%B1%D8%A7%D9%81%D9%8A%D8%A9-%D9%88%D9%85%D8%B9%D8%A8%D8%B1%D8%A9
403 Forbidden,Non trouvé,Non trouvé,Non trouvé,Aucun avis,Inconnu,Inconnu,Aucun tag,https://khamsat.com/engineering/interior-design/3508289-%D8%AA%D8%B5%D9%85%D9%8A%D9%85-%D8%AF%D8%A7%D8%AE%D9%84%D9%8A-%D9%88%D8%AF%D9%8A%D9%83%D9%88%D8%B1-%D8%A7%D8%AD%D8%AA%D8%B1%D8%A7%D9%81%D9%8A-%D9%84%D9%84%D8%B4%D9%82%D9%82-%D9%88%D8%A7%D9%84%D9%81%D9%84%D9%84-%D9%85%D8%B9-%D8%B1%D9%86%D8%AF%D8%B1%D8%A7%D8%AA-3d-%D9%88%D8%A7%D9%82%D8%B9%D9%8A%D8%A9
403 Forbidden,Non trouvé,Non trouvé,Non trouvé,Aucun avis,Inconnu,Inconnu,Aucun tag,https://khamsat.com/engineering/landscape-design/2899735-%D8%AA%D8%B5%D9%85%D9%8A%D9%85-%D9%85%D8%B9%D9%85%D8%A7%D8%B1%D9%8A-%D8%AE%D8%A7%D8%B1%D8%AC%D9%8A-%D9%84%D9%84%D8%AD%D8%AF%D8%A7%D8%A6%D9%82-%D9%88%D8%A7%D9%84%D8%A7%D8%B1%D8%AA%D8%AF%D8%A7%D8%AF%D8%A7%D8%AA-%D9%84%D8%A8%D9%8A%D8%AA%D9%83-%D8%A8%D8%A3%D9%81%D8%B6%D9%84-%D8%B3%D8%B9%D8%B1
403 Forbidden,Non trouvé,Non trouvé,Non trouvé,Aucun avis,Inconnu,Inconnu,Aucun tag,https://khamsat.com/engineering/interior-design/2471302-%D8%AF%D9%8A%D9%83%D9%88%D8%B1-%D8%AF%D8%A7%D8%AE%D9%84%D9%8A-%D8%A8%D8%A3%D8%AD%D8%AF%D8%AB-%D8%A7%D9%84%D8%A7%D8%B3%D8%A7%D9%84%D9%8A%D8%A8-%D8%A7%D9%84%D9%85%D8%B9%D9%85%D8%A7%D8%B1%D9%8A%D8%A9
403 Forbidden,Non trouvé,Non trouvé,Non trouvé,Aucun avis,Inconnu,Inconnu,Aucun tag,https://khamsat.com/engineering/exterior-design/2538890-%D8%AA%D8%B5%D9%85%D9%8A%D9%85-%D9%88%D8%A7%D8%AC%D9%87%D8%A7%D8%AA-%D8%AA%D8%AC%D8%A7%D8%B1%D9%8A%D8%A9-%D8%B1%D9%88%D9%88%D9%88%D9%88%D8%B9%D8%A9-%D9%88%D8%A8%D8%A7%D9%82%D9%84-%D8%A7%D9%84%D8%AA%D9%83%D8%A7%D9%84%D9%8A%D9%81-%D8%A7%D9%84%D9%85%D9%85%D9%83%D9%86%D8%A9
403 Forbidden,Non trouvé,Non trouvé,Non trouvé,Aucun avis,Inconnu,Inconnu,Aucun tag,https://khamsat.com/engineering/interior-design/3300274-%D8%AA%D8%B5%D9%85%D9%8A%D9%85-%D8%AF%D8%A7%D8%AE%D9%84%D9%8A-3d-%D8%A7%D8%AD%D8%AA%D8%B1%D8%A7%D9%81%D9%8A-%D8%A8%D8%A7%D8%B3%D8%AA%D8%AE%D8%AF%D8%A7%D9%85-3ds-max-%D9%8A%D8%B9%D9%83%D8%B3-%D8%A7%D9%84%D8%B1%D8%A7%D8%AD%D8%A9-%D9%88%D8%A7%D9%84%D8%A3%D9%86%D8%A7%D9%82%D8%A9
403 Forbidden,Non trouvé,Non trouvé,Non trouvé,Aucun avis,Inconnu,Inconnu,Aucun tag,https://khamsat.com/engineering/landscape-design/2950942-%D8%AA%D8%B5%D9%85%D9%8A%D9%85-%D8%AE%D8%A7%D8%B1%D8%AC%D9%89-%D9%84%D9%84%D8%AD%D8%AF%D8%A7%D8%A6%D9%82-%D9%88-%D8%B0%D8%AC%D9%85%D9%8A%D8%B9-%D8%A7%D9%86%D9%88%D8%A7%D8%B9-%D8%A7%D9%84%D9%84%D8%A7%D9%86%D8%AF%D8%B3%D9%83%D9%8A%D8%A8
403 Forbidden,Non trouvé,Non trouvé,Non trouvé,Aucun avis,Inconnu,Inconnu,Aucun tag,https://khamsat.com/engineering/interior-design/3832129-%D8%A7%D9%84%D8%AA%D8%B5%D9%85%D9%8A%D9%85-%D8%A7%D9%84%D8%AF%D8%A7%D8%AE%D9%84%D9%8A-%D8%A8%D8%A3%D9%81%D9%83%D8%A7%D8%B1-%D8%B9%D8%B5%D8%B1%D9%8A%D8%A9-%D9%85%D9%85%D9%8A%D8%B2%D8%A9
403 Forbidden,Non trouvé,Non trouvé,Non trouvé,Aucun avis,Inconnu,Inconnu,Aucun tag,https://khamsat.com/engineering/exterior-design/2302080-%D8%AA%D8%B5%D9%85%D9%8A%D9%85-%D8%A7%D9%84%D9%88%D8%A7%D8%AC%D9%87%D8%A7%D8%AA-%D8%A7%D9%84%D9%85%D8%B9%D9%85%D8%A7%D8%B1%D9%8A%D8%A9-%D9%88%D8%AA%D8%B5%D9%85%D9%8A%D9%85-%D8%A7%D9%84%D9%84%D8%A7%D9%86%D8%AF%D8%B3%D9%83%D9%8A%D8%A8
403 Forbidden,Non trouvé,Non trouvé,Non trouvé,Aucun avis,Inconnu,Inconnu,Aucun tag,https://khamsat.com/engineering/landscape-design/1301517-%D8%AA%D8%B5%D9%85%D9%8A%D9%85-%D8%AD%D8%AF%D9%8A%D9%82%D8%A9-%D8%A7%D9%84%D9%85%D9%86%D8%B2%D9%84-%D8%A7%D9%84%D8%AE%D8%A7%D8%B1%D8%AC%D9%8A%D8%A9-%D9%83%D9%84-5-%D9%85%D8%AA%D8%B1-%D9%85%D8%B1%D8%A8%D8%B9-%D9%85%D9%82%D8%A7%D8%A8%D9%84-5-%D9%81%D9%82%D8%B7
403 Forbidden,Non trouvé,Non trouvé,Non trouvé,Aucun avis,Inconnu,Inconnu,Aucun tag,https://khamsat.com/engineering/interior-design/3712081-%D8%AA%D8%B5%D9%85%D9%8A%D9%85-%D8%AF%D8%A7%D8%AE%D9%84%D9%8A-%D9%88%D8%A7%D8%AB%D8%A7%D8%AB-%D9%84%D8%A7%D9%8A-%D9%81%D8%B1%D8%BA
403 Forbidden,Non trouvé,Non trouvé,Non trouvé,Aucun avis,Inconnu,Inconnu,Aucun tag,https://khamsat.com/engineering/interior-design/2724224-%D8%AA%D8%B5%D9%85%D9%8A%D9%85-%D8%AF%D8%A7%D8%AE%D9%84%D9%8A-%D8%A7%D9%84%D9%89-%D9%85%D9%86%D8%B2%D9%84%D9%83-%D8%A8%D8%AC%D9%88%D8%AF%D8%A9-%D8%B9%D8%A7%D9%84%D9%8A%D8%A9
403 Forbidden,Non trouvé,Non trouvé,Non trouvé,Aucun avis,Inconnu,Inconnu,Aucun tag,https://khamsat.com/engineering/exterior-design/2929677-%D8%AA%D8%B5%D8%A7%D9%85%D9%8A%D9%85-%D9%84%D9%84%D9%88%D8%A7%D8%AC%D9%87%D8%A7%D8%AA-%D9%85%D8%B9%D9%85%D8%A7%D8%B1%D9%8A%D8%A9-3d-%D8%A7%D9%88-2d
403 Forbidden,Non trouvé,Non trouvé,Non trouvé,Aucun avis,Inconnu,Inconnu,Aucun tag,https://khamsat.com/engineering/interior-design/3717807-%D8%AA%D8%B5%D9%85%D9%8A%D9%85-%D8%AF%D9%8A%D9%83%D9%88%D8%B1-%D8%AF%D8%A7%D8%AE%D9%84%D9%8A-%D8%A8%D8%A3%D9%8A-%D8%B0%D9%88%D9%82-%D8%AA%D8%AE%D8%AA%D8%A7%D8%B1%D9%87
403 Forbidden,Non trouvé,Non trouvé,Non trouvé,Aucun avis,Inconnu,Inconnu,Aucun tag,https://khamsat.com/engineering/landscape-design/1307618-%D8%AA%D8%B5%D9%85%D9%8A%D9%85%D8%A7%D8%AA-%D9%84%D8%A7%D9%86%D8%AF%D8%B3%D9%83%D9%8A%D8%A8-%D8%A8%D9%85%D8%AE%D8%AA%D9%84%D9%81-%D8%A7%D9%84%D9%85%D8%B3%D8%A7%D8%AD%D8%A7%D8%AA
403 Forbidden,Non trouvé,Non trouvé,Non trouvé,Aucun avis,Inconnu,Inconnu,Aucun tag,https://khamsat.com/engineering/interior-design/2297252-%D8%AA%D8%B5%D9%85%D9%8A%D9%85-%D8%AF%D8%A7%D8%AE%D9%84%D9%8A-%D9%85%D9%85%D9%8A%D8%B2-%D9%88%D8%B9%D8%B5%D8%B1%D9%8A-%D9%84%D8%B9%D9%82%D8%A7%D8%B1%D9%83
403 Forbidden,Non trouvé,Non trouvé,Non trouvé,Aucun avis,Inconnu,Inconnu,Aucun tag,https://khamsat.com/engineering/exterior-design/3002576-%D8%AA%D8%B5%D9%85%D9%8A%D9%85-%D8%AE%D8%A7%D8%B1%D8%AC%D9%8A-%D9%85%D8%B9%D9%85%D8%A7%D8%B1%D9%8A-%D9%84%D8%AC%D9%85%D9%8A%D8%B9-%D8%A7%D9%86%D9%88%D8%A7%D8%B9-%D8%A7%D9%84%D9%85%D8%A8%D8%A7%D9%86%D9%8A
403 Forbidden,Non trouvé,Non trouvé,Non trouvé,Aucun avis,Inconnu,Inconnu,Aucun tag,https://khamsat.com/engineering/landscape-design/2653996-%D8%AA%D8%B5%D9%85%D9%8A%D9%85-%D8%AD%D8%AF%D8%A7%D8%A6%D9%82-%D9%84%D8%A7%D9%86%D8%AF-%D8%B3%D9%83%D9%8A%D8%A8-2d3d
403 Forbidden,Non trouvé,Non trouvé,Non trouvé,Aucun avis,Inconnu,Inconnu,Aucun tag,https://khamsat.com/engineering/interior-design/3663431-%D8%AA%D8%B5%D9%85%D9%8A%D9%85-%D8%AF%D8%A7%D8%AE%D9%84%D9%89-%D9%84%D9%84%D9%81%D8%B1%D8%A7%D8%BA%D8%A7%D8%AA-%D8%A7%D9%84%D8%B3%D9%83%D9%86%D9%8A%D8%A9-%D9%88%D8%A7%D9%84%D9%83%D8%A7%D9%81%D9%8A%D9%87%D8%A7%D8%AA
403 Forbidden,Non trouvé,Non trouvé,Non trouvé,Aucun avis,Inconnu,Inconnu,Aucun tag,https://khamsat.com/engineering/interior-design/1956670-%D8%AA%D8%B5%D9%85%D9%8A%D9%85%D8%A7%D8%AA-%D8%AF%D8%A7%D8%AE%D9%84%D9%8A%D8%A9-%D9%88%D8%AF%D9%8A%D9%83%D9%88%D8%B1%D8%A7%D8%AA-interior-design
403 Forbidden,Non trouvé,Non trouvé,Non trouvé,Aucun avis,Inconnu,Inconnu,Aucun tag,https://khamsat.com/engineering/exterior-design/2538872-%D8%AA%D8%B5%D9%85%D9%8A%D9%85-%D9%88%D8%A7%D8%AC%D9%87%D8%A7%D8%AA-%D8%B3%D9%83%D9%86%D9%8A%D8%A9-%D8%B1%D9%88%D9%88%D9%88%D8%B9%D8%A9-%D9%88%D8%A8%D8%A7%D9%82%D9%84-%D8%A7%D9%84%D8%AA%D9%83%D8%A7%D9%84%D9%8A%D9%81-%D8%A7%D9%84%D9%85%D9%85%D9%83%D9%86%D8%A9
403 Forbidden,Non trouvé,Non trouvé,Non trouvé,Aucun avis,Inconnu,Inconnu,Aucun tag,https://khamsat.com/engineering/landscape-design/2632886-%D8%AA%D8%B5%D9%85%D9%8A%D9%85-%D9%88%D8%AA%D9%86%D8%B3%D9%8A%D9%82-%D8%A7%D9%84%D8%AD%D8%AF%D8%A7%D8%A6%D9%82-%D9%88%D8%A7%D9%84%D9%85%D8%B3%D8%A7%D8%AD%D8%A7%D8%AA-%D8%A7%D9%84%D8%AE%D8%A7%D8%B1%D8%AC%D9%8A%D9%87-landscape-design
403 Forbidden,Non trouvé,Non trouvé,Non trouvé,Aucun avis,Inconnu,Inconnu,Aucun tag,https://khamsat.com/engineering/interior-design/3401328-%D8%AA%D8%B5%D9%85%D9%8A%D9%85-%D8%AF%D8%A7%D8%AE%D9%84%D9%8A-%D9%88%D8%A7%D8%AB%D8%A7%D8%AB-3d-%D9%88-2d-%D8%B3%D9%83%D9%86%D9%8A-%D9%88%D8%AA%D8%AC%D8%A7%D8%B1%D9%8A
403 Forbidden,Non trouvé,Non trouvé,Non trouvé,Aucun avis,Inconnu,Inconnu,Aucun tag,https://khamsat.com/engineering/interior-design/3126844-%D8%AA%D8%B5%D9%85%D9%8A%D9%85-%D8%AF%D9%8A%D9%83%D9%88%D8%B1-%D9%85%D8%B7%D8%B9%D9%85-modern-restaurant
403 Forbidden,Non trouvé,Non trouvé,Non trouvé,Aucun avis,Inconnu,Inconnu,Aucun tag,https://khamsat.com/engineering/exterior-design/2129239-%D8%AA%D8%B5%D9%85%D9%8A%D9%85-%D9%88%D8%A7%D8%AC%D9%87%D8%A7%D8%AA-%D9%81%D9%8A%D9%84%D8%A7%D8%AA-%D8%AE%D8%A7%D8%B1%D8%AC%D9%8A%D8%A9-3d-%D9%88%D8%A7%D9%82%D8%B9%D9%8A%D8%A9-%D8%A8%D8%A7%D9%84%D8%A7%D8%B6%D8%A7%D8%A1%D8%A9-%D9%84%D9%83%D9%84-5-%D9%852
403 Forbidden,Non trouvé,Non trouvé,Non trouvé,Aucun avis,Inconnu,Inconnu,Aucun tag,https://khamsat.com/engineering/interior-design/3223855-%D8%AA%D8%B5%D9%85%D9%8A%D9%85-%D8%AF%D8%A7%D8%AE%D9%84%D9%8A-%D8%AB%D9%84%D8%A7%D8%AB%D9%8A-%D8%A7%D9%84%D8%A3%D8%A8%D8%B9%D8%A7%D8%AF-%D9%84%D9%84%D8%B4%D9%82%D9%82-%D9%88%D8%A7%D9%84%D9%81%D9%84%D9%84-%D8%A8%D8%A7%D8%B3%D8%AA%D8%AE%D8%AF%D8%A7%D9%85-%D8%A8%D8%B1%D8%A7%D9%85%D8%AC-%D8%A7%D8%AD%D8%AA%D8%B1%D8%A7%D9%81
403 Forbidden,Non trouvé,Non trouvé,Non trouvé,Aucun avis,Inconnu,Inconnu,Aucun tag,https://khamsat.com/engineering/landscape-design/3025940-%D8%AA%D8%B5%D9%85%D9%8A%D9%85-%D9%88%D8%AA%D8%AE%D8%B7%D9%8A%D8%B7-%D9%85%D8%B4%D8%A7%D8%B1%D9%8A%D8%B9-%D9%84%D8%A7%D9%86%D8%AF%D8%B3%D9%83%D9%8A%D8%A8
403 Forbidden,Non trouvé,Non trouvé,Non trouvé,Aucun avis,Inconnu,Inconnu,Aucun tag,https://khamsat.com/engineering/interior-design/3523215-%D8%AA%D8%B5%D9%85%D9%8A%D9%85-%D8%AF%D9%8A%D9%83%D9%88%D8%B1-%D8%AF%D8%A7%D8%AE%D9%84%D9%8A-%D8%AB%D9%84%D8%A7%D8%AB%D9%8A-%D8%A7%D9%84%D8%A7%D8%A8%D8%B9%D8%A7%D8%AF
403 Forbidden,Non trouvé,Non trouvé,Non trouvé,Aucun avis,Inconnu,Inconnu,Aucun tag,https://khamsat.com/engineering/exterior-design/3133450-%D8%AA%D8%B5%D9%85%D9%8A%D9%85-%D8%AE%D8%A7%D8%B1%D8%AC%D9%8A-%D9%84%D9%88%D8%A7%D8%AC%D9%87%D8%A7%D8%AA-%D8%A7%D9%84%D9%85%D8%A8%D9%86%D9%89-%D9%88%D8%B9%D9%86%D8%A7%D8%B5%D8%B1-%D8%AA%D9%86%D8%B3%D9%8A%D9%82-%D8%A7%D9%84%D9%85%D9%88%D9%82%D8%B9
403 Forbidden,Non trouvé,Non trouvé,Non trouvé,Aucun avis,Inconnu,Inconnu,Aucun tag,https://khamsat.com/engineering/interior-design/3132776-%D8%AA%D8%B5%D9%85%D9%8A%D9%85-%D9%85%D8%B7%D8%A7%D8%A8%D8%AE-%D8%B9%D8%B5%D8%B1%D9%8A%D8%A9-%D8%AA%D8%B5%D9%85%D9%8A%D9%85-%D9%85%D8%B7%D8%A8%D8%AE-%D8%B9%D9%84%D9%89-%D8%B7%D8%B1%D8%A7%D8%B2-%D8%A7%D9%84%D9%85%D9%88%D8%AF%D8%B1%D9%86
403 Forbidden,Non trouvé,Non trouvé,Non trouvé,Aucun avis,Inconnu,Inconnu,Aucun tag,https://khamsat.com/engineering/landscape-design/2891649-%D8%AA%D8%B5%D9%85%D9%8A%D9%85-%D8%AD%D8%AF%D8%A7%D8%A6%D9%82-%D9%88%D9%84%D8%A7%D9%86%D8%AF-%D8%B3%D9%83%D9%8A%D8%A8-%D9%84%D9%84%D9%81%D9%8A%D9%84%D8%A7%D8%AA-%D9%88%D8%A7%D9%84%D8%A7%D9%85%D8%A7%D9%83%D9%86-%D8%A7%D9%84%D8%B9%D8%A7%D9%85%D8%A9-%D9%88%D8%A7%D9%84%D8%AE%D8%A7%D8%B5%D8%A9
403 Forbidden,Non trouvé,Non trouvé,Non trouvé,Aucun avis,Inconnu,Inconnu,Aucun tag,https://khamsat.com/engineering/interior-design/2580327-%D8%A7%D9%84%D8%AA%D8%B5%D9%85%D9%8A%D9%85-%D8%A7%D9%84%D9%85%D8%B9%D9%85%D8%A7%D8%B1%D9%8A-%D8%AB%D9%84%D8%A7%D8%AB%D9%8A-%D8%A7%D9%84%D8%A3%D8%A8%D8%B9%D8%A7%D8%AF-%D9%88%D8%AA%D9%82%D8%AF%D9%8A%D9%85-%D8%A7%D9%84%D8%B1%D8%B3%D9%88%D9%85%D8%A7%D8%AA-%D8%A7%D9%84%D8%AA%D9%86%D9%81%D9%8A%D8%B0%D9%8A%D8%A9
403 Forbidden,Non trouvé,Non trouvé,Non trouvé,Aucun avis,Inconnu,Inconnu,Aucun tag,https://khamsat.com/engineering/exterior-design/2368077-%D8%AA%D8%B5%D9%85%D9%8A%D9%85-%D9%88%D8%A7%D8%AC%D9%87%D8%A7%D8%AA-%D9%81%D9%8A%D9%84%D9%84-%D9%88%D9%83%D8%A7%D9%81%D8%A9-%D8%A7%D9%84%D9%85%D8%B4%D8%A7%D8%B1%D9%8A%D8%B9-%D8%A7%D9%84%D9%85%D8%B9%D9%85%D8%A7%D8%B1%D9%8A%D9%87-%D8%A8%D8%AF%D9%82%D9%87-%D9%88%D8%A7%D8%A8%D8%AF%D8%A7%D8%B9
403 Forbidden,Non trouvé,Non trouvé,Non trouvé,Aucun avis,Inconnu,Inconnu,Aucun tag,https://khamsat.com/engineering/interior-design/2127711-%D8%AA%D8%B5%D9%85%D9%8A%D9%85%D8%A7%D8%AA-3d-%D9%85%D9%86%D8%A7%D8%B8%D9%8A%D8%B1-%D8%AF%D8%A7%D8%AE%D9%84%D9%8A%D8%A9-%D9%81%D9%82%D8%B7-%D9%84%D9%83%D9%84-3%D9%85
403 Forbidden,Non trouvé,Non trouvé,Non trouvé,Aucun avis,Inconnu,Inconnu,Aucun tag,https://khamsat.com/engineering/landscape-design/2950118-%D8%AA%D8%B5%D9%85%D9%8A%D9%85-%D8%AD%D8%AF%D8%A7%D8%A6%D9%82-%D9%88%D9%84%D8%A7%D9%86%D8%AF-%D8%B3%D9%83%D9%8A%D8%A8-%D9%88%D9%85%D8%B3%D8%A7%D8%AD%D8%A7%D8%AA-%D8%AE%D8%A7%D8%B1%D8%AC%D9%8A%D8%A9
403 Forbidden,Non trouvé,Non trouvé,Non trouvé,Aucun avis,Inconnu,Inconnu,Aucun tag,https://khamsat.com/engineering/exterior-design/3025951-%D8%AA%D8%B5%D9%85%D9%8A%D9%85-%D9%88%D8%A7%D8%AC%D9%87%D8%A7%D8%AA-%D9%84%D9%84%D9%85%D8%B4%D8%A7%D8%B1%D9%8A%D8%B9-%D8%A7%D9%84%D9%85%D8%B9%D9%85%D8%A7%D8%B1%D9%8A%D8%A9
403 Forbidden,Non trouvé,Non trouvé,Non trouvé,Aucun avis,Inconnu,Inconnu,Aucun tag,https://khamsat.com/engineering/landscape-design/3715776-%D8%AA%D8%B5%D9%85%D9%8A%D9%85-%D8%AD%D8%AF%D8%A7%D8%A6%D9%82-%D8%A8%D8%A7%D8%B3%D8%AA%D8%AE%D8%AF%D8%A7%D9%85-%D8%A8%D8%B1%D9%86%D8%A7%D9%85%D8%AC-autocad
403 Forbidden,Non trouvé,Non trouvé,Non trouvé,Aucun avis,Inconnu,Inconnu,Aucun tag,https://khamsat.com/engineering/interior-design/3096044-%D8%AA%D8%B5%D8%A7%D9%85%D9%8A%D9%85-%D8%AF%D8%A7%D8%AE%D9%84%D9%8A%D8%A9-%D8%A7%D8%AD%D8%AA%D8%B1%D8%A7%D9%81%D9%8A%D8%A9-living-room
403 Forbidden,Non trouvé,Non trouvé,Non trouvé,Aucun avis,Inconnu,Inconnu,Aucun tag,https://khamsat.com/engineering/interior-design/2840715-%D8%AA%D8%B5%D9%85%D9%8A%D9%85-%D8%AF%D9%8A%D9%83%D9%88%D8%B1-%D8%AF%D8%A7%D8%AE%D9%84%D9%8A-%D9%85%D9%88%D8%AF%D8%B1%D9%86-%D9%84%D8%A7%D9%8A-%D9%81%D8%B1%D8%A7%D8%BA-%D9%85%D8%B9%D9%85%D8%A7%D8%B1%D9%8A
403 Forbidden,Non trouvé,Non trouvé,Non trouvé,Aucun avis,Inconnu,Inconnu,Aucun tag,https://khamsat.com/engineering/interior-design/3572475-%D8%AA%D8%B5%D9%85%D9%8A%D9%85-%D8%AF%D8%A7%D8%AE%D9%84%D9%89-%D9%88-%D9%85%D8%B9%D9%85%D8%A7%D8%B1%D9%89-%D8%B9%D8%A7%D9%84%D9%89-%D8%A7%D9%84%D8%AC%D9%88%D8%AF%D8%A9
403 Forbidden,Non trouvé,Non trouvé,Non trouvé,Aucun avis,Inconnu,Inconnu,Aucun tag,https://khamsat.com/engineering/exterior-design/3095124-%D8%AA%D8%B5%D9%85%D9%8A%D9%85-%D9%88%D8%A7%D8%AC%D9%87%D8%A7%D8%AA-%D9%88-3d-%D9%84%D9%84%D9%85%D8%A8%D8%A7%D9%86%D9%8A-%D8%A8%D8%AC%D9%88%D8%AF%D8%A9-%D8%B9%D8%A7%D9%84%D9%8A%D8%A9
403 Forbidden,Non trouvé,Non trouvé,Non trouvé,Aucun avis,Inconnu,Inconnu,Aucun tag,https://khamsat.com/engineering/interior-design/2924821-%D8%AA%D8%B5%D9%85%D9%8A%D9%85-%D8%AF%D9%8A%D9%83%D9%88%D8%B1-%D8%AF%D8%A7%D8%AE%D9%84%D9%8A-%D9%84%D8%A3%D9%8A-%D9%81%D8%B1%D8%A7%D8%BA-%D8%A8%D9%85%D8%B4%D9%87%D8%AF-%D9%88%D8%A7%D9%82%D8%B9%D9%8A-%D8%A8%D8%A7%D8%B3%D8%AA%D8%AE%D8%AF%D8%A7%D9%85-%D8%A8%D8%B1%D9%86%D8%A7%D9%85%D8%AC-3dmax
403 Forbidden,Non trouvé,Non trouvé,Non trouvé,Aucun avis,Inconnu,Inconnu,Aucun tag,https://khamsat.com/engineering/landscape-design/3565035-%D8%AA%D8%B5%D9%85%D9%8A%D9%85-%D9%88%D8%AA%D9%86%D8%B3%D9%8A%D9%82-%D8%AD%D8%AF%D8%A7%D8%A6%D9%82-%D9%88-%D9%84%D8%A7%D9%86%D8%AF%D8%B3%D9%83%D9%8A%D8%A8
403 Forbidden,Non trouvé,Non trouvé,Non trouvé,Aucun avis,Inconnu,Inconnu,Aucun tag,https://khamsat.com/engineering/interior-design/2109435-%D8%AA%D8%B5%D9%85%D9%8A%D9%85-%D8%AF%D8%A7%D8%AE%D9%84%D9%8A-%D9%88%D8%AF%D9%8A%D9%83%D9%88%D8%B1-%D9%81%D9%84%D9%84-%D9%88-%D8%B4%D9%82%D9%82-%D9%88-%D8%B5%D8%A7%D9%84%D8%A7%D8%AA-3d
403 Forbidden,Non trouvé,Non trouvé,Non trouvé,Aucun avis,Inconnu,Inconnu,Aucun tag,https://khamsat.com/engineering/landscape-design/3635759-%D8%AA%D8%B5%D9%85%D9%8A%D9%85-%D9%84%D8%A7%D9%86%D8%AF%D8%B3%D9%83%D9%8A%D8%A8-%D8%AD%D8%AF%D8%A7%D8%A6%D9%82-%D9%85%D9%86%D8%AA%D8%AC%D8%B9%D8%A7%D8%AA-%D9%85%D8%B2%D8%A7%D8%B1%D8%B9-%D8%A3%D9%86%D8%AF%D9%8A%D8%A9-%D8%A7%D8%B3%D8%AA%D8%B4%D9%81%D8%A7%D8%A6%D9%8A
403 Forbidden,Non trouvé,Non trouvé,Non trouvé,Aucun avis,Inconnu,Inconnu,Aucun tag,https://khamsat.com/engineering/interior-design/3520392-%D8%AA%D8%B5%D9%85%D9%8A%D9%85-%D9%85%D9%88%D8%AF%D8%A8%D9%88%D8%B1%D8%AF-%D8%A7%D8%AD%D8%AA%D8%B1%D8%A7%D9%81%D9%8A-%D9%84%D8%BA%D8%B1%D9%81%D8%A9-%D9%86%D9%85%D8%B7-%D9%88%D8%A3%D9%84%D9%88%D8%A7%D9%86-%D8%AF%D9%8A%D9%83%D9%88%D8%B1
403 Forbidden,Non trouvé,Non trouvé,Non trouvé,Aucun avis,Inconnu,Inconnu,Aucun tag,https://khamsat.com/engineering/exterior-design/2269436-%D8%AA%D8%B5%D9%85%D9%8A%D9%85-%D9%88%D8%A7%D8%AC%D9%87%D8%A7%D8%AA-%D9%81%D9%84%D9%84-%D9%85%D8%B9-%D8%A5%D8%AE%D8%B1%D8%A7%D8%AC-%D9%88%D8%A7%D9%82%D8%B9%D9%8A
403 Forbidden,Non trouvé,Non trouvé,Non trouvé,Aucun avis,Inconnu,Inconnu,Aucun tag,https://khamsat.com/engineering/interior-design/2309240-%D8%AA%D8%B5%D9%85%D9%8A%D9%85-%D8%AF%D8%A7%D8%AE%D9%84%D9%8A-%D9%84%D9%84%D8%A8%D9%8A%D8%AA-%D8%A3%D9%88-%D8%A7%D9%84%D8%BA%D8%B1%D9%81%D8%A9-%D9%85%D8%B9-%D8%B1%D8%B3%D9%85-3d
403 Forbidden,Non trouvé,Non trouvé,Non trouvé,Aucun avis,Inconnu,Inconnu,Aucun tag,https://khamsat.com/engineering/interior-design/3903071-%D8%AA%D8%B5%D9%85%D9%8A%D9%85%D8%A7%D8%AA-%D8%AF%D9%8A%D9%83%D9%88%D8%B1-%D8%AF%D8%A7%D8%AE%D9%84%D9%8A%D8%A9-%D8%A7%D8%AD%D8%AA%D8%B1%D8%A7%D9%81%D9%8A%D8%A9
403 Forbidden,Non trouvé,Non trouvé,Non trouvé,Aucun avis,Inconnu,Inconnu,Aucun tag,https://khamsat.com/engineering/exterior-design/3007832-%D8%AA%D8%B5%D9%85%D9%8A%D9%85-%D8%AE%D8%A7%D8%B1%D8%AC%D9%8A-%D8%AB%D9%84%D8%A7%D8%AB%D9%8A-%D8%A7%D9%84%D8%A3%D8%A8%D8%B9%D8%A7%D8%AF-%D9%84%D9%85%D9%86%D8%A7%D8%B2%D9%84-%D9%88%D9%81%D9%8A%D9%84%D8%A7%D8%AA-%D8%A8%D8%A3%D8%B9%D9%84%D9%89-%D8%AC%D9%88%D8%AF%D8%A9-%D9%88%D8%A5%D8%A8%D8%AF%D8%A7%D8%B9
403 Forbidden,Non trouvé,Non trouvé,Non trouvé,Aucun avis,Inconnu,Inconnu,Aucun tag,https://khamsat.com/engineering/landscape-design/3026423-%D8%AA%D8%B5%D9%85%D9%8A%D9%85-%D9%85%D8%B9%D9%85%D8%A7%D8%B1%D9%8A-%D8%AE%D8%A7%D8%B1%D8%AC%D9%8A-%D9%84%D9%84%D8%AD%D8%AF%D8%A7%D8%A6%D9%82-%D9%88%D8%A7%D9%84%D9%84%D8%A7%D9%86%D8%AF%D8%B3%D9%83%D9%8A%D8%A8-landscape-designs
403 Forbidden,Non trouvé,Non trouvé,Non trouvé,Aucun avis,Inconnu,Inconnu,Aucun tag,https://khamsat.com/engineering/landscape-design/2994514-%D8%AA%D8%B5%D9%85%D9%8A%D9%85-%D9%84%D8%A7%D9%86%D8%AF%D8%B3%D9%83%D9%8A%D8%A8-%D9%88%D8%AD%D8%AF%D8%A7%D8%A6%D9%82-%D8%B9%D8%A7%D9%85%D8%A9-%D9%88%D8%AE%D8%A7%D8%B5%D8%A9-2d
403 Forbidden,Non trouvé,Non trouvé,Non trouvé,Aucun avis,Inconnu,Inconnu,Aucun tag,https://khamsat.com/engineering/interior-design/3360563-%D8%AA%D8%B5%D9%85%D9%8A%D9%85-%D8%B5%D8%A7%D9%84%D9%88%D9%86-%D8%B9%D8%B5%D8%B1%D9%8A-%D8%A8%D8%A3%D9%84%D9%88%D8%A7%D9%86-%D8%AE%D8%B4%D8%A8%D9%8A%D8%A9-%D9%88%D9%87%D8%A7%D8%AF%D8%A6%D8%A9
403 Forbidden,Non trouvé,Non trouvé,Non trouvé,Aucun avis,Inconnu,Inconnu,Aucun tag,https://khamsat.com/engineering/interior-design/2811249-%D8%AA%D8%B5%D9%85%D9%8A%D9%85-%D8%B1%D9%88%D9%81-%D8%AE%D8%A7%D8%B1%D8%AC%D9%8A-%D8%AD%D8%B3%D8%A8-%D9%85%D8%AA%D8%B7%D9%84%D8%A8%D8%A7%D8%AA-%D8%A7%D9%84%D8%B9%D9%85%D9%8A%D9%84-%D9%88%D8%B1%D8%BA%D8%A8%D8%A7%D8%AA%D9%87-%D8%A8%D8%A3%D9%81%D9%83%D8%A7%D8%B1-%D8%AC%D8%AF%D9%8A%D8%AF%D8%A9
403 Forbidden,Non trouvé,Non trouvé,Non trouvé,Aucun avis,Inconnu,Inconnu,Aucun tag,https://khamsat.com/engineering/exterior-design/3278242-%D8%AA%D8%B5%D9%85%D9%8A%D9%85-%D9%88%D8%A7%D8%AC%D9%87%D8%A9-3d-%D8%A7%D8%AD%D8%AA%D8%B1%D8%A7%D9%81%D9%8A-%D8%AA%D8%B5%D9%85%D9%8A%D9%85-%D9%88%D8%A7%D8%AC%D9%87%D8%A9-%D8%B9%D9%84%D9%89-3dsmax
403 Forbidden,Non trouvé,Non trouvé,Non trouvé,Aucun avis,Inconnu,Inconnu,Aucun tag,https://khamsat.com/engineering/landscape-design/2367112-%D8%AA%D8%B5%D9%85%D9%8A%D9%85-%D9%84%D8%A7%D9%86%D8%AF-%D8%B3%D9%83%D9%8A%D8%A8-landscape-designe-%D9%88%D8%A7%D8%B8%D9%87%D8%A7%D8%B1%D9%87
403 Forbidden,Non trouvé,Non trouvé,Non trouvé,Aucun avis,Inconnu,Inconnu,Aucun tag,https://khamsat.com/engineering/interior-design/3041424-%D8%AA%D8%B5%D9%85%D9%8A%D9%85-%D9%88%D8%AF%D9%8A%D9%83%D9%88%D8%B1-%D8%AF%D8%A7%D8%AE%D9%84%D9%8A-%D9%84%D9%84%D9%85%D8%AD%D9%84%D8%A7%D8%AA-%D8%A7%D9%84%D8%AA%D8%AC%D8%A7%D8%B1%D9%8A%D8%A9-%D9%88%D8%A7%D9%84%D9%85%D9%83%D8%A7%D8%AA%D8%A8
403 Forbidden,Non trouvé,Non trouvé,Non trouvé,Aucun avis,Inconnu,Inconnu,Aucun tag,https://khamsat.com/engineering/interior-design/3488478-%D8%AA%D8%B5%D9%85%D9%8A%D9%85-%D8%AF%D8%A7%D8%AE%D9%84%D9%8A-%D8%AB%D9%84%D8%A7%D8%AB%D9%8A-%D8%A7%D9%84%D8%A3%D8%A8%D8%B9%D8%A7%D8%AF-%D9%88%D8%A7%D9%82%D8%B9%D9%8A-%D8%A8%D8%A7%D8%B3%D8%AA%D8%AE%D8%AF%D8%A7%D9%85-blender
403 Forbidden,Non trouvé,Non trouvé,Non trouvé,Aucun avis,Inconnu,Inconnu,Aucun tag,https://khamsat.com/engineering/exterior-design/2783472-%D8%AA%D8%B5%D9%85%D9%8A%D9%85-%D8%AE%D8%A7%D8%B1%D8%AC%D9%8A-%D8%AB%D9%84%D8%A7%D8%AB%D9%8A-%D8%A7%D9%84%D8%A7%D8%A8%D8%B9%D8%A7%D8%AF-%D9%88%D9%88%D8%A7%D8%AC%D9%87%D8%A7%D8%AA-%D9%85%D8%B9%D9%85%D8%A7%D8%B1%D9%8A%D8%A9
403 Forbidden,Non trouvé,Non trouvé,Non trouvé,Aucun avis,Inconnu,Inconnu,Aucun tag,https://khamsat.com/engineering/landscape-design/3027946-%D8%AA%D8%B5%D9%85%D9%8A%D9%85-%D8%AD%D8%AF%D8%A7%D8%A6%D9%82-%D8%AA%D8%B5%D9%85%D9%8A%D9%85-landscape-%D8%AA%D8%B5%D9%85%D9%8A%D9%85-%D9%84%D8%A7%D9%86%D8%AF-%D8%B3%D9%83%D9%8A%D8%A8
403 Forbidden,Non trouvé,Non trouvé,Non trouvé,Aucun avis,Inconnu,Inconnu,Aucun tag,https://khamsat.com/engineering/interior-design/3119476-%D8%BA%D8%B1%D9%81-%D8%A7%D9%84%D9%86%D9%88%D9%85-%D8%A7%D9%84%D8%B1%D8%A6%D9%8A%D8%B3%D9%8A%D8%A9-%D9%85%D8%B5%D9%85%D9%85%D8%A9-%D8%A8%D8%A7%D9%84%D8%B3%D8%AA%D9%8A%D9%84-%D8%A7%D9%84%D9%85%D9%88%D8%AF%D8%B1%D9%86-%D8%A7%D9%84%D8%A8%D8%B3%D9%8A%D8%B7-%D9%88-%D8%A8%D9%87%D8%A7-%D8%AA%D8%AC%D8%A7%D9%84%D9%8A%D8%AF
403 Forbidden,Non trouvé,Non trouvé,Non trouvé,Aucun avis,Inconnu,Inconnu,Aucun tag,https://khamsat.com/engineering/interior-design/3337000-%D8%AA%D8%B5%D9%85%D9%8A%D9%85-%D8%AF%D8%A7%D8%AE%D9%84%D9%8A-%D9%88%D8%AF%D9%8A%D9%83%D9%88%D8%B1-%D8%B3%D9%83%D9%86%D9%8A-%D9%88%D8%AA%D8%AC%D8%A7%D8%B1%D9%8A
403 Forbidden,Non trouvé,Non trouvé,Non trouvé,Aucun avis,Inconnu,Inconnu,Aucun tag,https://khamsat.com/engineering/exterior-design/3070465-%D8%AA%D8%AD%D9%88%D9%8A%D9%84-%D9%85%D8%AC%D9%85%D9%88%D8%B9%D8%A9-%D8%B5%D9%88%D8%B1-%D9%81%D9%88%D8%AA%D9%88%D8%BA%D8%B1%D8%A7%D9%81%D9%8A%D9%87-%D9%84%D8%B9%D9%82%D8%A7%D8%B1-%D9%82%D8%A7%D8%A6%D9%85-%D8%A7%D9%84%D9%89-%D9%85%D8%AC%D8%B3%D9%85-%D8%AB%D8%B1%D9%8A-%D8%AF%D9%8A-%D9%85%D9%88%D8%AF%D9%84
403 Forbidden,Non trouvé,Non trouvé,Non trouvé,Aucun avis,Inconnu,Inconnu,Aucun tag,https://khamsat.com/engineering/landscape-design/3884574-%D8%AA%D8%B5%D9%85%D9%8A%D9%85-%D8%A7%D9%84%D8%AD%D8%AF%D8%A7%D8%A6%D9%82-%D9%88%D9%84%D8%A7%D9%86%D8%AF-%D8%B3%D9%83%D9%8A%D8%A8-%D9%84%D9%84%D9%81%D9%84%D9%84-%D9%88%D8%A7%D9%84%D9%85%D8%B3%D8%A7%D8%AD%D8%A7%D8%AA-%D8%A7%D9%84%D8%AE%D8%A7%D8%B1%D8%AC%D9%8A%D8%A9-%D8%A7%D9%84%D8%B9%D8%A7%D9%85%D8%A9
403 Forbidden,Non trouvé,Non trouvé,Non trouvé,Aucun avis,Inconnu,Inconnu,Aucun tag,https://khamsat.com/engineering/exterior-design/1919754-%D8%AA%D8%B5%D8%A7%D9%85%D9%8A%D9%85-%D9%88%D8%A7%D8%AC%D9%87%D8%A7%D8%AA-%D8%A3%D9%88%D9%85%D8%AE%D8%B7%D8%B7%D8%A7%D8%AA-%D9%85%D8%B9%D9%85%D8%A7%D8%B1%D9%8A%D8%A9-%D9%85%D8%B9-%D8%A5%D8%AE%D8%B1%D8%A7%D8%AC-%D9%88%D8%A7%D9%82%D8%B9%D9%8A
403 Forbidden,Non trouvé,Non trouvé,Non trouvé,Aucun avis,Inconnu,Inconnu,Aucun tag,https://khamsat.com/engineering/interior-design/3684210-%D8%AA%D8%B5%D9%85%D9%8A%D9%85-%D8%AF%D8%A7%D8%AE%D9%84%D9%8A-%D9%88%D8%AF%D9%8A%D9%83%D9%88%D8%B1-%D8%A7%D8%AD%D8%AA%D8%B1%D8%A7%D9%81%D9%8A
403 Forbidden,Non trouvé,Non trouvé,Non trouvé,Aucun avis,Inconnu,Inconnu,Aucun tag,https://khamsat.com/engineering/interior-design/902943-%D8%AA%D8%B5%D9%85%D9%8A%D9%85-%D8%AF%D9%8A%D9%83%D9%88%D8%B1%D8%A7%D8%AA-%D8%AF%D8%A7%D8%AE%D9%84%D9%8A%D8%A9-%D9%85%D8%AA%D9%83%D8%A7%D9%85%D9%84%D8%A9
403 Forbidden,Non trouvé,Non trouvé,Non trouvé,Aucun avis,Inconnu,Inconnu,Aucun tag,https://khamsat.com/engineering/landscape-design/902240-%D8%AA%D8%AE%D8%B7%D9%8A%D8%B7-%D9%88%D8%AF%D8%B1%D8%A7%D8%B3%D8%A9-%D9%85%D9%88%D9%82%D8%B9-%D8%B9%D8%A7%D9%85-%D9%84%D9%85%D8%A8%D9%86%D9%89-%D8%A7%D9%88-%D8%AD%D8%AF%D9%8A%D9%82%D8%A9-%D8%A7%D9%88-%D8%A7%D9%8A-%D9%85%D8%B4%D8%B1%D9%88%D8%B9
403 Forbidden,Non trouvé,Non trouvé,Non trouvé,Aucun avis,Inconnu,Inconnu,Aucun tag,https://khamsat.com/engineering/interior-design/3689586-%D8%AA%D8%B5%D9%85%D9%8A%D9%85-%D8%AF%D8%A7%D8%AE%D9%84%D9%8A-%D8%A7%D8%AD%D8%AA%D8%B1%D8%A7%D9%81%D9%8A-%D9%84%D8%BA%D8%B1%D9%81-%D9%86%D9%88%D9%85-%D9%83%D9%84%D8%A7%D8%B3%D9%8A%D9%83%D9%8A%D8%A9
403 Forbidden,Non trouvé,Non trouvé,Non trouvé,Aucun avis,Inconnu,Inconnu,Aucun tag,https://khamsat.com/engineering/interior-design/2418068-%D8%AA%D8%B5%D9%85%D9%8A%D9%85-%D9%85%D8%B9%D9%85%D8%A7%D8%B1%D9%8A-%D9%88%D8%A5%D9%86%D8%B4%D8%A7%D8%A6%D9%8A-%D9%84%D9%83%D8%A7%D9%81%D8%A9-%D8%A3%D9%86%D9%88%D8%A7%D8%B9-%D8%A7%D9%84%D9%81%D9%84%D9%84-%D8%A7%D9%84%D8%B3%D9%83%D9%86%D9%8A%D8%A9
403 Forbidden,Non trouvé,Non trouvé,Non trouvé,Aucun avis,Inconnu,Inconnu,Aucun tag,https://khamsat.com/engineering/exterior-design/3137715-%D8%AA%D8%B5%D9%85%D9%8A%D9%85-%D9%88%D8%A7%D8%AC%D9%87%D8%A7%D8%AA-%D9%81%D9%84%D9%84-%D9%88%D8%B9%D9%85%D8%A7%D8%B1%D8%A7%D8%AA-%D8%B3%D9%83%D9%86%D9%8A%D8%A9
403 Forbidden,Non trouvé,Non trouvé,Non trouvé,Aucun avis,Inconnu,Inconnu,Aucun tag,https://khamsat.com/engineering/landscape-design/1952080-%D8%AA%D8%B5%D9%85%D9%8A%D9%85-%D9%85%D8%B9%D9%85%D8%A7%D8%B1%D9%8A-%D9%88%D8%A7%D8%AC%D9%87%D8%A7%D8%AA-%D9%88-%D8%AD%D8%AF%D8%A7%D8%A6%D9%82-%D9%84-%D8%A7%D9%84%D9%81%D9%84%D9%84-%D8%A7%D9%84%D8%B3%D9%83%D9%86%D9%8A%D8%A9
403 Forbidden,Non trouvé,Non trouvé,Non trouvé,Aucun avis,Inconnu,Inconnu,Aucun tag,https://khamsat.com/engineering/interior-design/3642096-%D8%AA%D8%B5%D9%85%D9%8A%D9%85-%D8%AF%D9%8A%D9%83%D9%88%D8%B1-%D8%AF%D8%A7%D8%AE%D9%84%D9%8A-%D9%84%D8%A7%D9%8A-%D9%81%D8%B1%D8%A7%D8%BA-%D9%85%D8%B9%D9%85%D8%A7%D8%B1%D9%8A
403 Forbidden,Non trouvé,Non trouvé,Non trouvé,Aucun avis,Inconnu,Inconnu,Aucun tag,https://khamsat.com/engineering/exterior-design/3891904-%D8%AA%D8%B5%D9%85%D9%8A%D9%85-%D9%88%D8%A7%D8%AC%D9%87%D8%A7%D8%AA-%D9%85%D8%B9%D9%85%D8%A7%D8%B1%D9%8A%D8%A9-%D8%A7%D8%AD%D8%AA%D8%B1%D8%A7%D9%81%D9%8A%D8%A9-%D8%AB%D9%84%D8%A7%D8%AB%D9%8A%D8%A9-%D8%A7%D9%84%D8%A3%D8%A8%D8%B9%D8%A7%D8%AF
403 Forbidden,Non trouvé,Non trouvé,Non trouvé,Aucun avis,Inconnu,Inconnu,Aucun tag,https://khamsat.com/engineering/interior-design/2628355-%D8%AF%D9%8A%D9%83%D9%88%D8%B1-%D9%88%D8%AA%D8%B5%D9%85%D9%8A%D9%85-%D8%AF%D8%A7%D8%AE%D9%84%D9%8A-%D8%A8%D9%88%D8%A7%D9%82%D8%B9%D9%8A%D8%A9-%D9%88%D8%AF%D9%82%D8%A9-%D8%B9%D8%A7%D9%84%D9%8A%D8%A9
403 Forbidden,Non trouvé,Non trouvé,Non trouvé,Aucun avis,Inconnu,Inconnu,Aucun tag,https://khamsat.com/engineering/landscape-design/2877202-%D8%AA%D8%B5%D9%85%D9%8A%D9%85-%D9%84%D8%A7%D9%86%D8%AF%D8%B3%D9%83%D9%8A%D8%A8-%D9%84%D9%84%D8%AD%D8%AF%D8%A7%D8%A6%D9%82-%D8%A7%D9%84%D8%B5%D8%BA%D9%8A%D8%B1%D8%A9-%D9%88%D8%A7%D9%84%D9%85%D9%86%D8%AA%D8%B2%D9%87%D8%A7%D8%AA-%D8%A7%D9%84%D9%88%D8%A7%D8%B3%D8%B9%D8%A9
403 Forbidden,Non trouvé,Non trouvé,Non trouvé,Aucun avis,Inconnu,Inconnu,Aucun tag,https://khamsat.com/engineering/interior-design/3558153-%D8%AA%D8%B5%D9%85%D9%8A%D9%85-%D8%AF%D8%A7%D8%AE%D9%84%D9%8A-%D9%85%D9%85%D9%8A%D8%B2-%D9%84%D9%81%D8%B1%D8%A7%D8%BA%D9%83-%D9%88%D8%A7%D8%B3%D8%AA%D8%BA%D9%84%D8%A7%D9%84-%D8%A7%D9%84%D9%85%D8%B3%D8%A7%D8%AD%D8%A7%D8%AA-%D9%84%D8%AE%D8%AF%D9%85%D8%AA%D9%83-%D8%A8%D8%B4%D9%83%D9%84-%D8%A7%D9%81%D8%B6%D9%84
403 Forbidden,Non trouvé,Non trouvé,Non trouvé,Aucun avis,Inconnu,Inconnu,Aucun tag,https://khamsat.com/engineering/exterior-design/1307592-%D8%AA%D8%B5%D9%85%D9%8A%D9%85%D8%A7%D8%AA-%D9%85%D8%B9%D9%85%D8%A7%D8%B1%D9%8A%D8%A9-%D8%AE%D8%A7%D8%B1%D8%AC%D9%8A%D8%A9-%D9%85%D8%A8%D8%AA%D9%83%D8%B1%D8%A9-%D8%A8%D8%AC%D9%88%D8%AF%D8%A9-%D8%B9%D8%A7%D9%84%D9%8A%D8%A9
403 Forbidden,Non trouvé,Non trouvé,Non trouvé,Aucun avis,Inconnu,Inconnu,Aucun tag,https://khamsat.com/engineering/interior-design/3563783-%D8%B1%D8%B3%D9%85-%D9%85%D8%AE%D8%B7%D8%B7%D8%A7%D8%AA-%D9%85%D8%B9%D9%85%D8%A7%D8%B1%D9%8A%D8%A9-%D8%B9%D9%84%D9%89-%D8%A7%D9%88%D8%AA%D9%88%D9%83%D8%A7%D8%AF
403 Forbidden,Non trouvé,Non trouvé,Non trouvé,Aucun avis,Inconnu,Inconnu,Aucun tag,https://khamsat.com/engineering/landscape-design/2540037-%D8%AA%D8%B5%D9%85%D9%8A%D9%85-%D9%84%D8%A7%D9%86%D8%AF-%D8%B3%D9%83%D9%8A%D8%A8-%D8%AD%D8%AF%D8%A7%D8%A6%D9%82-%D8%B1%D9%88%D9%88%D9%88%D8%B9%D8%A9-%D8%A8%D8%A7%D9%82%D9%84-%D8%A7%D9%84%D8%AA%D9%83%D8%A7%D9%84%D9%8A%D9%81
403 Forbidden,Non trouvé,Non trouvé,Non trouvé,Aucun avis,Inconnu,Inconnu,Aucun tag,https://khamsat.com/engineering/interior-design/3255857-%D8%AA%D8%B5%D9%85%D9%8A%D9%85-%D8%AF%D8%A7%D8%AE%D9%84%D9%8A-%D9%84%D9%84%D9%81%D9%84%D9%84-%D9%88%D8%A7%D9%84%D8%B4%D9%82%D9%82-%D8%A7%D9%84%D8%B3%D9%83%D9%86%D9%8A%D8%A9
403 Forbidden,Non trouvé,Non trouvé,Non trouvé,Aucun avis,Inconnu,Inconnu,Aucun tag,https://khamsat.com/engineering/exterior-design/3449781-%D8%AA%D8%B5%D9%85%D9%8A%D9%85-%D9%88%D8%A7%D8%AC%D9%87%D8%A7%D8%AA-%D9%85%D8%B9%D9%85%D8%A7%D8%B1%D9%8A%D9%87-%D8%AB%D9%84%D8%A7%D8%AB%D9%8A%D8%A9-%D8%A7%D9%84%D8%A7%D8%A8%D8%B9%D8%A7%D8%AF
403 Forbidden,Non trouvé,Non trouvé,Non trouvé,Aucun avis,Inconnu,Inconnu,Aucun tag,https://khamsat.com/engineering/interior-design/2815372-%D8%AA%D8%B5%D9%85%D9%8A%D9%85-%D8%AF%D8%A7%D8%AE%D9%84%D9%8A-%D9%85%D9%85%D9%8A%D8%B2-%D9%84%D8%AC%D9%85%D9%8A%D8%B9-%D8%A3%D9%86%D9%88%D8%A7%D8%B9-%D8%A7%D9%84%D8%BA%D8%B1%D9%81-%D9%88%D8%A7%D9%84%D9%81%D9%84%D9%84-%D8%A7%D9%84%D8%B3%D9%83%D9%86%D9%8A%D8%A9
403 Forbidden,Non trouvé,Non trouvé,Non trouvé,Aucun avis,Inconnu,Inconnu,Aucun tag,https://khamsat.com/engineering/landscape-design/2986931-%D8%AA%D8%B5%D9%85%D9%8A%D9%85-%D8%A7%D9%84%D8%AD%D8%AF%D8%A7%D8%A6%D9%82-%D9%88-%D8%A7%D9%84%D8%A7%D9%86%D8%AF%D8%B3%D9%83%D9%8A%D8%A8
403 Forbidden,Non trouvé,Non trouvé,Non trouvé,Aucun avis,Inconnu,Inconnu,Aucun tag,https://khamsat.com/engineering/interior-design/3407240-%D8%AA%D8%B5%D8%A7%D9%85%D9%8A%D9%85-%D9%85%D8%B9%D9%85%D8%A7%D8%B1%D9%8A%D8%A9-%D8%AF%D8%A7%D8%AE%D9%84%D9%8A%D8%A9-%D8%AA%D9%84%D9%8A%D9%82-%D8%A8%D8%B0%D9%88%D9%82%D9%83-%D8%A7%D9%84%D8%B1%D9%81%D9%8A%D8%B9_%D9%85%D9%86%D8%B2%D9%84-%D8%A3%D8%AD%D9%84%D8%A7%D9%85%D9%83-%D9%8A%D8%A8%D8%AF%D8%A3-%D9%87%D9%86%D8%A7
403 Forbidden,Non trouvé,Non trouvé,Non trouvé,Aucun avis,Inconnu,Inconnu,Aucun tag,https://khamsat.com/engineering/exterior-design/2439091-%D8%AA%D8%B5%D9%85%D9%8A%D9%85-%D9%85%D8%B9%D9%85%D8%A7%D8%B1%D9%8A-%D8%AE%D8%A7%D8%B1%D8%AC%D9%8A-%D8%A8%D9%88%D8%A7%D8%B3%D8%B7%D8%A9-%D8%A7%D9%84%D8%A8%D8%B1%D9%86%D8%A7%D9%85%D8%AC-%D8%A7%D9%84%D8%B4%D9%87%D8%B1-3dmax
403 Forbidden,Non trouvé,Non trouvé,Non trouvé,Aucun avis,Inconnu,Inconnu,Aucun tag,https://khamsat.com/engineering/interior-design/2928836-%D8%AA%D8%B5%D9%85%D9%8A%D9%85-%D8%AF%D9%8A%D9%83%D9%88%D8%B1-%D8%AF%D8%A7%D8%AE%D9%84%D9%8A-%D9%84%D9%84%D9%81%D8%B1%D8%A7%D8%BA%D8%A7%D8%AA-%D8%A7%D9%84%D9%85%D8%B9%D9%85%D8%A7%D8%B1%D9%8A%D8%A9
403 Forbidden,Non trouvé,Non trouvé,Non trouvé,Aucun avis,Inconnu,Inconnu,Aucun tag,https://khamsat.com/engineering/landscape-design/3788982-%D8%AA%D8%B5%D9%85%D9%8A%D9%85-%D9%84%D8%A7%D9%86%D8%AF%D8%B3%D9%83%D9%8A%D8%A8-%D9%84%D8%AC%D8%B2%D8%A1-%D9%85%D9%86-%D8%AD%D8%AF%D9%8A%D9%82%D8%A9
403 Forbidden,Non trouvé,Non trouvé,Non trouvé,Aucun avis,Inconnu,Inconnu,Aucun tag,https://khamsat.com/engineering/interior-design/3317425-%D8%AA%D8%B5%D8%A7%D9%85%D9%8A%D9%85-%D9%85%D8%B9%D9%85%D8%A7%D8%B1%D9%8A%D8%A9-%D8%AF%D8%A7%D8%AE%D9%84%D9%8A%D8%A9-%D9%85%D8%AA%D9%83%D8%A7%D9%85%D9%84%D8%A9-%D8%A8%D8%A7%D8%B3%D8%AA%D8%AE%D8%AF%D8%A7%D9%85-3d-max
403 Forbidden,Non trouvé,Non trouvé,Non trouvé,Aucun avis,Inconnu,Inconnu,Aucun tag,https://khamsat.com/engineering/exterior-design/3798003-%D8%AA%D8%B5%D9%85%D9%8A%D9%85-%D9%88%D8%A7%D8%AC%D9%87%D8%A7%D8%AA-%D9%88-%D8%AF%D9%8A%D9%83%D9%88%D8%B1-%D8%AE%D8%A7%D8%B1%D8%AC%D9%8A-%D9%88%D9%84%D8%A7%D9%86%D8%AF-%D8%A7%D8%B3%D9%83%D9%8A%D8%A8
403 Forbidden,Non trouvé,Non trouvé,Non trouvé,Aucun avis,Inconnu,Inconnu,Aucun tag,https://khamsat.com/engineering/interior-design/3170588-%D8%AA%D8%B5%D9%85%D9%8A%D9%85-%D8%AF%D8%A7%D8%AE%D9%84%D9%8A-%D9%84%D9%85%D9%83%D8%A7%D8%AA%D8%A8-%D9%85%D8%B9-%D9%85%D8%AE%D8%B7%D8%B7%D8%A7%D8%AA-%D8%A7%D9%84%D8%AA%D9%86%D9%81%D9%8A%D8%B0%D9%8A%D9%87
403 Forbidden,Non trouvé,Non trouvé,Non trouvé,Aucun avis,Inconnu,Inconnu,Aucun tag,https://khamsat.com/engineering/landscape-design/2832076-%D8%AA%D8%B5%D9%85%D9%8A%D9%85-%D9%84%D8%A7%D9%86%D8%AF%D8%B3%D9%83%D9%8A%D8%A8-%D9%88%D8%AD%D8%AF%D8%A7%D8%A6%D9%82-%D9%85%D9%86%D8%A7%D8%B2%D9%84
403 Forbidden,Non trouvé,Non trouvé,Non trouvé,Aucun avis,Inconnu,Inconnu,Aucun tag,https://khamsat.com/engineering/interior-design/3061651-%D8%AA%D8%B5%D9%85%D9%8A%D9%85-%D8%AF%D8%A7%D8%AE%D9%84%D9%89-%D9%84%D9%84%D9%88%D8%AD%D8%AF%D8%A7%D8%AA-%D8%A7%D9%84%D8%B3%D9%83%D9%86%D9%8A%D8%A9-%D9%88-%D8%A7%D9%84%D8%B4%D9%82%D9%82-%D9%88-%D8%A7%D9%84%D9%81%D9%8A%D9%84%D8%A7%D8%AA
403 Forbidden,Non trouvé,Non trouvé,Non trouvé,Aucun avis,Inconnu,Inconnu,Aucun tag,https://khamsat.com/engineering/exterior-design/3795019-%D8%AA%D8%B5%D9%85%D9%8A%D9%85-%D9%88%D8%A7%D8%AC%D9%87%D8%A7%D8%AA-%D8%AE%D8%A7%D8%B1%D8%AC%D9%8A%D8%A9-%D9%85%D9%85%D9%8A%D8%B2%D8%A9-%D8%A8%D8%AF%D9%82%D8%A9-%D8%B9%D8%A7%D9%84%D9%8A%D8%A9-%D9%85%D9%88%D8%AF%D8%B1%D9%86-%D9%88%D9%83%D9%84%D8%A7%D8%B3%D9%8A%D9%83
403 Forbidden,Non trouvé,Non trouvé,Non trouvé,Aucun avis,Inconnu,Inconnu,Aucun tag,https://khamsat.com/engineering/interior-design/2614583-%D8%AA%D8%B5%D9%85%D9%8A%D9%85-%D8%BA%D8%B1%D9%81-%D8%A7%D8%B3%D8%AA%D9%82%D8%A8%D8%A7%D9%84-%D9%88%D9%85%D8%AC%D8%A7%D9%84%D8%B3-%D8%B9%D9%84%D9%89-%D8%A7%D9%84%D8%B7%D8%B1%D8%A7%D8%B2-%D8%A7%D9%84%D9%85%D9%88%D8%AF%D8%B1%D9%86-%D9%83%D9%84%D8%A7%D8%B3%D9%8A%D9%83%D9%8A-%D9%88%D8%A8%D9%88%D9%87%D9%8A%D9%85%D9%8A
403 Forbidden,Non trouvé,Non trouvé,Non trouvé,Aucun avis,Inconnu,Inconnu,Aucun tag,https://khamsat.com/engineering/landscape-design/3002440-%D8%AA%D8%B5%D9%85%D9%8A%D9%85-%D8%AD%D8%AF%D8%A7%D8%A6%D9%82-%D8%AE%D8%A7%D8%B5%D8%A9-%D9%88%D9%84%D8%A7%D9%86%D8%AF%D8%B3%D9%83%D9%8A%D8%A8
403 Forbidden,Non trouvé,Non trouvé,Non trouvé,Aucun avis,Inconnu,Inconnu,Aucun tag,https://khamsat.com/engineering/interior-design/2989582-%D8%AA%D8%B5%D9%85%D9%8A%D9%85-%D8%AF%D8%A7%D8%AE%D9%84%D9%8A-new-classic
403 Forbidden,Non trouvé,Non trouvé,Non trouvé,Aucun avis,Inconnu,Inconnu,Aucun tag,https://khamsat.com/engineering/exterior-design/3757338-%D8%AA%D8%B5%D9%85%D9%8A%D9%85-%D8%AE%D8%A7%D8%B1%D8%AC%D9%8A-%D8%A7%D8%AD%D8%AA%D8%B1%D8%A7%D9%81%D9%8A-%D9%84%D9%84%D9%81%D9%8A%D9%84%D8%A7%D8%AA-%D9%88%D8%A7%D9%84%D9%85%D8%A8%D8%A7%D9%86%D9%8A-%D8%A7%D9%84%D8%B3%D9%83%D9%86%D9%8A%D8%A9
403 Forbidden,Non trouvé,Non trouvé,Non trouvé,Aucun avis,Inconnu,Inconnu,Aucun tag,https://khamsat.com/engineering/interior-design/3907402-%D8%AA%D8%B5%D9%85%D9%8A%D9%85-%D8%AF%D8%A7%D8%AE%D9%84%D9%8A-3d-%D8%B1%D9%86%D8%AF%D8%B1-%D9%88%D8%A7%D9%82%D8%B9%D9%8A
403 Forbidden,Non trouvé,Non trouvé,Non trouvé,Aucun avis,Inconnu,Inconnu,Aucun tag,https://khamsat.com/engineering/landscape-design/3136606-%D8%AA%D9%86%D8%B3%D9%8A%D9%82-%D8%A7%D9%84%D9%85%D9%88%D8%A7%D9%82%D8%B9-%D8%AD%D8%AF%D9%8A%D9%82%D8%A9-%D8%A7%D9%84%D9%81%D9%8A%D9%84%D8%A7-%D8%AD%D8%AF%D8%A7%D8%A6%D9%82-%D8%B9%D8%A7%D9%85%D8%A9-%D9%88%D8%A7%D9%84%D8%B1%D8%B3%D9%88%D9%85%D8%A7%D8%AA-%D8%A7%D9%84%D8%AA%D9%86%D9%81%D9%8A%D8%B0%D9%8A%D8%A9
403 Forbidden,Non trouvé,Non trouvé,Non trouvé,Aucun avis,Inconnu,Inconnu,Aucun tag,https://khamsat.com/engineering/interior-design/3345156-%D8%AF%D9%8A%D9%83%D9%88%D8%B1-%D8%AF%D8%A7%D8%AE%D9%84%D9%8A-%D8%B1%D8%A7%D9%82-%D9%8A%D9%84%D8%A7%D8%A6%D9%85-%D8%A7%D8%AD%D8%AA%D9%8A%D8%A7%D8%AC%D8%A7%D8%AA%D9%83-%D9%85%D9%86-%D9%85%D9%87%D9%86%D8%AF%D8%B3%D8%A9-%D9%85%D8%AF%D9%86%D9%8A%D8%A9-%D9%85%D8%AD%D8%AA%D8%B1%D9%81%D8%A9
403 Forbidden,Non trouvé,Non trouvé,Non trouvé,Aucun avis,Inconnu,Inconnu,Aucun tag,https://khamsat.com/engineering/exterior-design/3349375-%D9%88%D8%A7%D8%AC%D9%87%D8%A7%D8%AA-%D9%85%D8%B9%D9%85%D8%A7%D8%B1%D9%8A%D8%A9-3d-%D9%85%D8%B5%D9%85%D9%85%D8%A9-%D8%A8%D8%A3%D8%B3%D9%84%D9%88%D8%A8-%D9%85%D9%88%D8%AF%D8%B1%D9%86-%D9%83%D9%84%D8%A7%D8%B3%D9%8A%D9%83-%D8%A3%D9%88-%D9%86%D9%8A%D9%88-%D9%83%D9%84%D8%A7%D8%B3%D9%8A%D9%83
403 Forbidden,Non trouvé,Non trouvé,Non trouvé,Aucun avis,Inconnu,Inconnu,Aucun tag,https://khamsat.com/engineering/interior-design/2050641-%D8%AA%D8%B5%D9%85%D9%8A%D9%85-%D8%AF%D8%A7%D8%AE%D9%84%D9%89-%D9%88-%D8%AF%D9%8A%D9%83%D9%88%D8%B1-%D9%84%D9%84%D9%81%D8%B1%D8%A7%D8%BA%D8%A7%D8%AA-%D8%A7%D9%84%D9%85%D8%AE%D8%AA%D9%84%D9%81%D8%A9
403 Forbidden,Non trouvé,Non trouvé,Non trouvé,Aucun avis,Inconnu,Inconnu,Aucun tag,https://khamsat.com/engineering/landscape-design/776680-%D8%AA%D8%B5%D9%85%D9%8A%D9%85-%D9%84%D8%A7%D9%86%D8%AF-%D8%B3%D9%83%D9%8A%D8%A8-landscape-designe-%D9%88%D8%A7%D8%B8%D9%87%D8%A7%D8%B1%D9%87-5-%D9%84%D9%83%D9%84-5-%D9%85-%D9%85%D8%B1%D8%A8%D8%B9
403 Forbidden,Non trouvé,Non trouvé,Non trouvé,Aucun avis,Inconnu,Inconnu,Aucun tag,https://khamsat.com/engineering/interior-design/3767398-%D8%AA%D8%B5%D9%85%D9%8A%D9%85-%D8%AF%D8%A7%D8%AE%D9%84%D9%8A-%D9%88%D8%AF%D9%8A%D9%83%D9%88%D8%B1-%D8%A8%D8%AC%D9%88%D8%AF%D9%87-%D8%B9%D8%A7%D9%84%D9%8A%D9%87
403 Forbidden,Non trouvé,Non trouvé,Non trouvé,Aucun avis,Inconnu,Inconnu,Aucun tag,https://khamsat.com/engineering/exterior-design/3511309-%D8%AA%D8%B5%D9%85%D9%8A%D9%85-%D9%88%D8%A7%D8%AC%D9%87%D8%A7%D8%AA-%D9%81%D9%8A%D9%84%D8%A7-%D9%85%D9%88%D8%AF%D8%A7%D8%B1%D9%86-%D8%A8%D8%A7%D8%B3%D8%B9%D8%A7%D8%B1-%D8%AE%D9%8A%D8%A7%D9%84%D9%8A%D9%87
403 Forbidden,Non trouvé,Non trouvé,Non trouvé,Aucun avis,Inconnu,Inconnu,Aucun tag,https://khamsat.com/engineering/interior-design/3108565-%D8%AA%D8%B5%D9%85%D9%8A%D9%85-%D8%AF%D8%A7%D8%AE%D9%84%D9%8A-%D8%AF%D9%8A%D9%83%D9%88%D8%B1-interior-3d
403 Forbidden,Non trouvé,Non trouvé,Non trouvé,Aucun avis,Inconnu,Inconnu,Aucun tag,https://khamsat.com/engineering/interior-design/3709709-%D8%AA%D8%B5%D9%85%D9%8A%D9%85-%D8%A8%D9%88%D8%AB%D8%A7%D8%AA-%D8%B9%D8%B1%D8%B6-%D8%AB%D9%84%D8%A7%D8%AB%D9%8A%D8%A9-%D8%A7%D9%84%D8%A3%D8%A8%D8%B9%D8%A7%D8%AF-3d
403 Forbidden,Non trouvé,Non trouvé,Non trouvé,Aucun avis,Inconnu,Inconnu,Aucun tag,https://khamsat.com/engineering/landscape-design/2070078-%D8%B3%D8%A3%D8%B5%D9%85%D9%85-%D8%A7%D9%84%D9%85%D9%86%D8%A7%D8%B8%D8%B1-%D8%A7%D9%84%D8%B7%D8%A8%D9%8A%D8%B9%D9%8A%D8%A9-%D8%A7%D9%84%D8%AE%D8%A7%D8%B5%D8%A9-%D8%A8%D9%83-%D8%A7%D9%84%D8%AD%D8%AF%D9%8A%D9%82%D8%A9-%D8%A7%D9%84%D9%81%D9%86%D8%A7%D8%A1-%D8%A7%D9%84%D8%AE%D9%84%D9%81%D9%8A
403 Forbidden,Non trouvé,Non trouvé,Non trouvé,Aucun avis,Inconnu,Inconnu,Aucun tag,https://khamsat.com/engineering/interior-design/1860719-%D8%AA%D8%B5%D9%85%D9%8A%D9%85-%D8%AF%D9%8A%D9%83%D9%88%D8%B1-%D8%AF%D8%A7%D8%AE%D9%84%D9%8A-%D9%84%D8%A3%D9%8A-%D9%81%D8%B1%D8%A7%D8%BA-%D8%A8%D8%A7%D8%B3%D8%AA%D8%AE%D8%AF%D8%A7%D9%85-%D8%A8%D8%B1%D9%86%D8%A7%D9%85%D8%AC-3ds-max
403 Forbidden,Non trouvé,Non trouvé,Non trouvé,Aucun avis,Inconnu,Inconnu,Aucun tag,https://khamsat.com/engineering/exterior-design/1936195-%D8%AA%D8%B5%D9%85%D9%8A%D9%85-%D9%88%D8%A7%D8%AC%D9%87%D8%A7%D8%AA-%D9%85%D8%B9%D9%85%D8%A7%D8%B1%D9%8A%D8%A9-%D8%A8%D8%AC%D9%85%D9%8A%D8%B9-%D8%A7%D9%84%D8%B7%D8%B1%D8%A7%D8%B2%D8%A7%D8%AA-%D8%A7%D9%84%D9%83%D9%84%D8%A7%D8%B3%D9%8A%D9%83%D9%8A%D8%A9-%D9%88%D8%A7%D9%84%D9%85%D9%88%D8%AF%D8%B1%D9%86
403 Forbidden,Non trouvé,Non trouvé,Non trouvé,Aucun avis,Inconnu,Inconnu,Aucun tag,https://khamsat.com/engineering/landscape-design/3029937-%D8%AA%D8%B5%D9%85%D9%8A%D9%85-%D9%81%D8%B9%D8%A7%D9%84%D9%8A%D8%A7%D8%AA-%D9%88%D8%A3%D9%86%D8%B4%D8%B7%D8%A9-%D8%AA%D8%B1%D9%81%D9%8A%D9%87%D9%8A%D8%A9-%D9%85%D8%B4%D8%B1%D9%88%D8%B9-%D8%B3%D9%8A%D8%A7%D8%AD%D9%8A
403 Forbidden,Non trouvé,Non trouvé,Non trouvé,Aucun avis,Inconnu,Inconnu,Aucun tag,https://khamsat.com/engineering/interior-design/3630466-%D8%AA%D8%B5%D8%A7%D9%85%D9%8A%D9%85-%D8%AF%D9%8A%D9%83%D9%88%D8%B1%D8%A7%D8%AA-%D8%AF%D8%A7%D8%AE%D9%84%D9%8A%D9%87-%D9%88%D8%AA%D8%B5%D8%A7%D9%85%D9%8A%D9%85-%D9%82%D8%B5-%D9%84%D9%84%D9%8A%D8%B2%D8%B1-%D9%88%D8%B3%D9%8A-%D8%A7%D9%86-%D8%B3%D9%8A
403 Forbidden,Non trouvé,Non trouvé,Non trouvé,Aucun avis,Inconnu,Inconnu,Aucun tag,https://khamsat.com/engineering/interior-design/1856640-%D8%AA%D8%B5%D9%85%D9%8A%D9%85-%D9%85%D8%B9%D9%85%D8%A7%D8%B1%D9%8A-%D8%AF%D8%A7%D8%AE%D9%84%D9%8A-%D9%88%D8%AF%D9%8A%D9%83%D9%88%D8%B1-%D8%A8%D8%B3%D8%B9%D8%B1-%D9%85%D9%85%D9%8A%D8%B2-%D9%88%D8%A8%D8%AC%D9%88%D8%AF%D9%87-%D8%B9%D8%A7%D9%84%D9%8A%D9%87-%D8%AC%D8%AF%D8%A7
403 Forbidden,Non trouvé,Non trouvé,Non trouvé,Aucun avis,Inconnu,Inconnu,Aucun tag,https://khamsat.com/engineering/exterior-design/3084857-%D8%AA%D8%B5%D9%85%D9%8A%D9%85-%D9%88%D8%A7%D8%AC%D9%87%D8%A7%D8%AA-%D9%85%D8%B9%D9%85%D8%A7%D8%B1%D9%8A%D8%A9-%D9%85%D9%88%D8%AF%D8%B1%D9%86-%D9%83%D9%84%D8%A7%D8%B3%D9%8A%D9%83-%D9%86%D9%8A%D9%88%D9%83%D9%84%D8%A7%D8%B3%D9%8A%D9%83
403 Forbidden,Non trouvé,Non trouvé,Non trouvé,Aucun avis,Inconnu,Inconnu,Aucun tag,https://khamsat.com/engineering/interior-design/3015482-%D8%AA%D8%B5%D8%A7%D9%85%D9%8A%D9%85-%D9%88%D8%AF%D9%8A%D9%83%D9%88%D8%B1%D8%A7%D8%AA-%D9%85%D8%B9%D9%85%D8%A7%D8%B1%D9%8A%D8%A9-%D8%AF%D8%A7%D8%AE%D9%84%D9%8A%D8%A9-%D8%A8%D8%AC%D9%88%D8%AF%D8%A9-%D9%88-%D9%88%D8%A7%D9%82%D8%B9%D9%8A%D8%A9-%D9%88%D9%85%D8%A8%D9%87%D8%B1%D8%A9
403 Forbidden,Non trouvé,Non trouvé,Non trouvé,Aucun avis,Inconnu,Inconnu,Aucun tag,https://khamsat.com/engineering/landscape-design/1629179-%D8%AA%D8%B5%D9%85%D9%8A%D9%85-%D8%AD%D8%AF%D9%8A%D9%82%D8%A9-%D8%A7%D9%84%D9%85%D9%86%D8%B2%D9%84-%D8%A8%D8%B4%D9%83%D9%84-%D8%B9%D8%B5%D8%B1%D9%8A-%D9%88-%D8%AC%D8%B0%D8%A7%D8%A8
403 Forbidden,Non trouvé,Non trouvé,Non trouvé,Aucun avis,Inconnu,Inconnu,Aucun tag,https://khamsat.com/engineering/interior-design/1955051-%D8%AA%D8%B5%D8%A7%D9%85%D9%8A%D9%85-%D9%88-%D8%AF%D9%8A%D9%83%D9%88%D8%B1%D8%A7%D8%AA-%D8%AF%D8%A7%D8%AE%D9%84%D9%8A%D8%A9-%D9%81%D8%AE%D9%85%D8%A9-%D9%88-%D8%B9%D8%B5%D8%B1%D9%8A%D8%A9
403 Forbidden,Non trouvé,Non trouvé,Non trouvé,Aucun avis,Inconnu,Inconnu,Aucun tag,https://khamsat.com/engineering/exterior-design/3874086-%D8%AA%D8%B5%D9%85%D9%8A%D9%85-%D9%88%D8%A7%D8%AC%D9%87%D8%A7%D8%AA-%D9%85%D8%B9%D9%85%D8%A7%D8%B1%D9%8A%D8%A9-%D9%88%D9%85%D9%86%D8%A7%D8%B8%D9%8A%D8%B1-%D9%88%D8%A7%D9%82%D8%B9%D9%8A%D8%A9
403 Forbidden,Non trouvé,Non trouvé,Non trouvé,Aucun avis,Inconnu,Inconnu,Aucun tag,https://khamsat.com/engineering/interior-design/3327497-%D8%AA%D8%B5%D9%85%D9%8A%D9%85-%D8%AF%D8%A7%D8%AE%D9%84%D9%8A-%D9%8A%D8%B9%D9%83%D8%B3-%D8%A7%D9%84%D8%B1%D8%A7%D8%AD%D8%A9-%D9%88%D8%A7%D9%84%D8%A3%D9%86%D8%A7%D9%82%D8%A9
403 Forbidden,Non trouvé,Non trouvé,Non trouvé,Aucun avis,Inconnu,Inconnu,Aucun tag,https://khamsat.com/engineering/interior-design/2669520-%D8%AA%D8%B5%D9%85%D9%8A%D9%85-%D8%AF%D8%A7%D8%AE%D9%84%D9%8A-%D9%88%D9%85%D8%AE%D8%AA%D8%B5-%D8%AF%D9%8A%D9%83%D9%88%D8%B1-%D9%85%D9%86%D8%A7%D8%B2%D9%84
403 Forbidden,Non trouvé,Non trouvé,Non trouvé,Aucun avis,Inconnu,Inconnu,Aucun tag,https://khamsat.com/engineering/landscape-design/1781217-%D8%AA%D8%B5%D9%85%D9%8A%D9%85-%D9%84%D8%A7%D9%86%D8%AF-%D8%B3%D9%83%D9%8A%D8%A8-%D9%84%D8%AD%D8%AF%D9%8A%D9%82%D8%AA%D9%83-%D8%A8%D8%A3%D9%81%D8%B6%D9%84-%D8%A7%D9%84%D8%AA%D8%B5%D8%A7%D9%85%D9%8A%D9%85-%D9%88%D8%A8%D8%A3%D9%81%D8%B6%D9%84-%D8%A7%D9%84%D8%A7%D8%B3%D8%B9%D8%A7%D8%B1
403 Forbidden,Non trouvé,Non trouvé,Non trouvé,Aucun avis,Inconnu,Inconnu,Aucun tag,https://khamsat.com/engineering/exterior-design/3374298-%D8%AA%D8%B5%D8%A7%D9%85%D9%8A%D9%85-%D8%A7%D9%84%D8%A3%D8%A8%D9%86%D9%8A%D9%87-%D8%A7%D9%84%D9%85%D8%AE%D8%AA%D9%84%D9%81%D9%87-%D8%A8%D9%8A%D8%A6%D8%A9-%D8%AE%D8%A7%D8%B1%D8%AC%D9%8A%D8%A9
403 Forbidden,Non trouvé,Non trouvé,Non trouvé,Aucun avis,Inconnu,Inconnu,Aucun tag,https://khamsat.com/engineering/interior-design/3023082-%D8%B1%D8%B3%D9%85-%D8%A3%D9%8A-%D9%85%D8%AE%D8%B7%D8%B7-%D8%B3%D9%88%D8%A7%D8%A1-%D8%B3%D9%83%D9%86%D9%8A-%D8%A3%D9%88-%D8%AA%D8%AC%D8%A7%D8%B1%D9%8A-%D8%A3%D9%88-%D8%BA%D9%8A%D8%B1%D9%87-%D8%B9%D9%84%D9%89-%D8%A8%D8%B1%D9%86%D8%A7%D9%85%D8%AC-%D8%A7%D9%84%D8%A3%D9%88%D8%AA%D9%88%D9%83%D8%A7%D8%AF
403 Forbidden,Non trouvé,Non trouvé,Non trouvé,Aucun avis,Inconnu,Inconnu,Aucun tag,https://khamsat.com/engineering/interior-design/3042063-%D8%AA%D8%B5%D9%85%D9%8A%D9%85-%D8%AF%D8%A7%D8%AE%D9%84%D9%8A-%D9%88%D8%AF%D9%8A%D9%83%D9%88%D8%B1-%D8%A7%D8%AD%D8%AA%D8%B1%D8%A7%D9%81%D9%8A
403 Forbidden,Non trouvé,Non trouvé,Non trouvé,Aucun avis,Inconnu,Inconnu,Aucun tag,https://khamsat.com/engineering/landscape-design/3692745-%D8%AA%D8%B5%D9%85%D9%8A%D9%85-%D8%AE%D8%A7%D8%B1%D8%AC%D9%8A-%D9%84%D8%AD%D8%AF%D8%A7%D8%A6%D9%82-%D9%88%D9%84%D8%A7%D9%86%D8%AF-%D8%B3%D9%83%D9%8A%D8%A8-%D9%85%D9%85%D9%8A%D8%B2
403 Forbidden,Non trouvé,Non trouvé,Non trouvé,Aucun avis,Inconnu,Inconnu,Aucun tag,https://khamsat.com/engineering/exterior-design/3063255-%D8%AA%D8%B5%D9%85%D9%8A%D9%85-%D9%85%D8%B9%D9%85%D8%A7%D8%B1%D9%8A-%D9%88%D8%A7%D8%AC%D9%87%D8%A7%D8%AA-%D8%AE%D8%A7%D8%B1%D8%AC%D9%8A%D9%87-%D9%84%D9%84%D9%85%D8%A8%D8%A7%D9%86%D9%8A-%D8%A7%D9%84%D8%A7%D8%AF%D8%A7%D8%B1%D9%8A%D9%87-%D9%88%D8%A7%D9%84%D8%AA%D8%AC%D8%A7%D8%B1%D9%8A%D9%87
403 Forbidden,Non trouvé,Non trouvé,Non trouvé,Aucun avis,Inconnu,Inconnu,Aucun tag,https://khamsat.com/engineering/interior-design/3139772-%D8%AA%D8%B5%D9%85%D9%8A%D9%85-%D8%AF%D8%A7%D8%AE%D9%84%D9%89-%D9%84%D9%85%D8%B3%D8%A7%D8%AD%D9%87-%D8%A7%D9%84%D8%B3%D9%83%D9%86%D9%8A%D9%87-%D9%88%D8%A7%D9%84%D8%AA%D8%AC%D8%A7%D8%B1%D9%8A%D9%87
403 Forbidden,Non trouvé,Non trouvé,Non trouvé,Aucun avis,Inconnu,Inconnu,Aucun tag,https://khamsat.com/engineering/interior-design/2679391-%D8%AA%D8%B5%D9%85%D9%8A%D9%85-%D8%AF%D9%8A%D9%83%D9%88%D8%B1-%D8%AF%D8%A7%D8%AE%D9%84%D9%8A-%D8%B1%D8%A7%D9%82%D9%8A-%D9%88%D8%A7%D9%86%D9%8A%D9%82-%D9%88%D8%B9%D8%B5%D8%B1%D9%8A-%D8%A8%D8%A3%D8%B3%D8%B9%D8%A7%D8%B1-%D9%85%D9%86%D8%A7%D8%B3%D8%A8%D8%A9
403 Forbidden,Non trouvé,Non trouvé,Non trouvé,Aucun avis,Inconnu,Inconnu,Aucun tag,https://khamsat.com/engineering/landscape-design/3641752-%D8%AA%D8%B5%D9%85%D9%8A%D9%85-%D8%AD%D8%AF%D8%A7%D8%A6%D9%82-%D9%84%D8%A7%D9%86%D8%AF%D8%B3%D9%83%D9%8A%D8%A8-%D8%AB%D9%84%D8%A7%D8%AB%D9%8A-%D8%A7%D9%84%D8%A3%D8%A8%D8%B9%D8%A7%D8%AF-%D8%A7%D8%AD%D8%AA%D8%B1%D8%A7%D9%81%D9%8A-%D9%84%D9%84%D9%85%D8%B3%D8%A7%D8%AD%D8%A7%D8%AA-%D8%A7%D9%84%D8%AE%D8%A7%D8%B1%D8%AC%D9%8A%D8%A9
403 Forbidden,Non trouvé,Non trouvé,Non trouvé,Aucun avis,Inconnu,Inconnu,Aucun tag,https://khamsat.com/engineering/exterior-design/3224697-%D8%AA%D8%B5%D9%85%D9%8A%D9%85-%D8%AE%D8%A7%D8%B1%D8%AC%D9%8A-3%D8%AF%D9%8A-%D9%84%D9%81%D9%84%D9%84-%D9%88%D8%B4%D8%A7%D9%84%D9%8A%D9%87%D8%A7%D8%AA
403 Forbidden,Non trouvé,Non trouvé,Non trouvé,Aucun avis,Inconnu,Inconnu,Aucun tag,https://khamsat.com/engineering/exterior-design/3237406-%D8%A5%D8%B8%D9%87%D8%A7%D8%B1-%D9%85%D8%B9%D9%85%D8%A7%D8%B1%D9%8A-%D9%88%D9%85%D9%86%D8%A7%D8%B8%D9%8A%D8%B1-%D8%AE%D8%A7%D8%B1%D8%AC%D9%8A%D8%A9
403 Forbidden,Non trouvé,Non trouvé,Non trouvé,Aucun avis,Inconnu,Inconnu,Aucun tag,https://khamsat.com/engineering/interior-design/3754015-%D8%A3%D8%AD%D8%AF%D8%AB-%D9%88%D8%A7%D8%B3%D8%B1%D8%B9-%D8%AE%D8%AF%D9%85%D8%A9-%D9%84%D9%84%D8%AA%D8%B5%D9%85%D9%8A%D9%85-%D8%A7%D9%84%D8%AF%D8%A7%D8%AE%D9%84%D9%8A-%D9%88%D8%A7%D9%84%D8%AF%D9%8A%D9%83%D9%88%D8%B1-%D8%A7%D9%84%D8%AE%D8%A7%D8%B5-%D8%A8%D9%83-%D9%87%D9%86%D8%A7
403 Forbidden,Non trouvé,Non trouvé,Non trouvé,Aucun avis,Inconnu,Inconnu,Aucun tag,https://khamsat.com/engineering/interior-design/3767238-%D8%AA%D8%B5%D9%85%D9%8A%D9%85-%D8%AF%D8%A7%D8%AE%D9%84%D9%8A-3d-%D9%88%D8%AF%D9%8A%D9%83%D9%88%D8%B1%D8%A7%D8%AA-%D9%81%D8%AE%D9%85%D8%A9-%D9%81%D9%84%D9%84-%D8%B4%D9%82%D9%82-%D8%B3%D9%83%D9%86%D9%8A%D8%A9-%D9%85%D9%83%D8%A7%D8%AA%D8%A8-%D9%88%D8%B9%D9%8A%D8%A7%D8%AF%D8%A7%D8%AA
403 Forbidden,Non trouvé,Non trouvé,Non trouvé,Aucun avis,Inconnu,Inconnu,Aucun tag,https://khamsat.com/engineering/landscape-design/2151636-%D8%AA%D9%86%D8%B3%D9%8A%D9%82-%D8%AD%D8%AF%D8%A7%D8%A6%D9%82-%D9%84%D8%A7%D9%86%D8%AF%D8%B3%D9%83%D9%8A%D8%A8-%D9%85%D8%B9-%D8%B1%D8%B3%D9%88%D9%85%D8%A7%D8%AA%D9%87%D8%A7-%D8%A7%D9%84%D8%AA%D9%81%D9%8A%D8%B0%D9%8A%D8%A9
403 Forbidden,Non trouvé,Non trouvé,Non trouvé,Aucun avis,Inconnu,Inconnu,Aucun tag,https://khamsat.com/engineering/interior-design/2946659-%D8%AA%D8%B5%D8%A7%D9%85%D9%8A%D9%85-%D9%88%D8%AF%D9%8A%D9%83%D9%88%D8%B1%D8%A7%D8%AA-%D8%AF%D8%A7%D8%AE%D9%84%D9%8A%D8%A9-%D8%B9%D8%B5%D8%B1%D9%8A%D8%A9
403 Forbidden,Non trouvé,Non trouvé,Non trouvé,Aucun avis,Inconnu,Inconnu,Aucun tag,https://khamsat.com/engineering/landscape-design/3202554-%D8%AA%D8%B5%D9%85%D9%8A%D9%85-%D8%AD%D8%AF%D8%A7%D8%A6%D9%82-%D8%AE%D8%A7%D8%B1%D8%AC%D9%8A%D8%A9-%D9%88%D9%84%D8%A7%D9%86%D8%AF-%D8%B3%D9%83%D9%8A%D8%A8-3d-%D8%B3%D9%88%D8%A7%D8%A1-%D9%83%D8%A7%D9%86%D8%AA-%D9%85%D9%86%D8%B2%D9%84%D9%8A%D8%A9-%D8%A7%D9%88-%D8%B9%D8%A7%D9%85%D8%A9
403 Forbidden,Non trouvé,Non trouvé,Non trouvé,Aucun avis,Inconnu,Inconnu,Aucun tag,https://khamsat.com/engineering/interior-design/2815320-%D8%AA%D8%B5%D8%A7%D9%85%D9%8A%D9%85-%D9%85%D8%B9%D9%85%D8%A7%D8%B1%D9%8A%D8%A9-3d-%D9%882d-%D8%A7%D8%AD%D8%AA%D8%B1%D8%A7%D9%81%D9%8A%D8%A9-%D8%A8%D8%A7%D8%B3%D8%B9%D8%A7%D8%B1-%D9%85%D9%86%D8%A7%D8%B3%D8%A8%D8%A9
403 Forbidden,Non trouvé,Non trouvé,Non trouvé,Aucun avis,Inconnu,Inconnu,Aucun tag,https://khamsat.com/engineering/exterior-design/3100016-%D8%AA%D8%B5%D9%85%D9%8A%D9%85-%D9%85%D8%B9%D9%85%D8%A7%D8%B1%D9%8A-%D9%88-%D8%AF%D8%A7%D8%AE%D9%84%D9%8A-%D8%A7%D8%AD%D8%AA%D8%B1%D8%A7%D9%81%D9%8A-%D8%A8%D8%A7%D8%B9%D9%84%D9%89-%D8%AC%D9%88%D8%AF%D8%A9
403 Forbidden,Non trouvé,Non trouvé,Non trouvé,Aucun avis,Inconnu,Inconnu,Aucun tag,https://khamsat.com/engineering/interior-design/3262790-%D8%AD%D9%85%D8%A7%D9%85-%D9%85%D9%88%D8%AF%D8%B1%D9%86-%D8%AA%D8%B5%D9%85%D9%8A%D9%85-%D8%AF%D8%A7%D8%AE%D9%84%D9%8A-%D9%88%D8%A7%D9%82%D8%B9%D9%8A
403 Forbidden,Non trouvé,Non trouvé,Non trouvé,Aucun avis,Inconnu,Inconnu,Aucun tag,https://khamsat.com/engineering/interior-design/3166703-%D8%AA%D8%B5%D9%85%D9%8A%D9%85-%D8%AF%D8%A7%D8%AE%D9%84%D9%8A-%D9%85%D8%B9-%D9%85%D8%AE%D8%B7%D8%B7%D8%A7%D8%AA-%D8%AA%D9%86%D9%81%D9%8A%D8%B0%D9%8A%D8%A9
403 Forbidden,Non trouvé,Non trouvé,Non trouvé,Aucun avis,Inconnu,Inconnu,Aucun tag,https://khamsat.com/engineering/exterior-design/2875757-%D8%AA%D8%B5%D9%85%D9%8A%D9%85-%D8%A7%D9%84%D9%88%D8%A7%D8%AC%D9%87%D8%A7%D8%AA-%D8%A7%D9%84%D9%85%D8%B9%D9%85%D8%A7%D8%B1%D9%8A%D8%A9-%D9%85%D9%88%D8%AF%D8%B1%D9%86-%D9%83%D9%84%D8%A7%D8%B3%D9%8A%D9%83-%D9%86%D9%8A%D9%88-%D9%83%D9%84%D8%A7%D8%B3%D9%8A%D9%83
403 Forbidden,Non trouvé,Non trouvé,Non trouvé,Aucun avis,Inconnu,Inconnu,Aucun tag,https://khamsat.com/engineering/landscape-design/2920729-%D8%B1%D8%B3%D9%85-%D9%88-%D8%AA%D8%B5%D9%85%D9%8A%D9%85-%D8%A7%D9%84%D8%B1%D8%B3%D9%88%D9%85%D8%A7%D8%AA-%D8%A7%D9%84%D8%AA%D9%86%D9%81%D9%8A%D8%B0%D9%8A%D9%87-%D9%84%D8%AA%D9%86%D8%B3%D9%8A%D9%82-%D8%A7%D9%84%D9%85%D9%88%D9%82%D8%B9-2d-%D8%A8%D8%A7%D9%84%D8%A7%D9%88%D8%AA%D9%88%D9%83%D8%A7%D8%AF
403 Forbidden,Non trouvé,Non trouvé,Non trouvé,Aucun avis,Inconnu,Inconnu,Aucun tag,https://khamsat.com/engineering/interior-design/2460947-%D8%AA%D8%B5%D9%85%D9%8A%D9%85-%D8%AF%D8%A7%D8%AE%D9%84%D9%8A-%D9%84%D8%BA%D8%B1%D9%81%D8%A9-%D9%88%D8%AA%D8%B1%D8%A7%D8%B3-%D8%B9%D9%84%D9%89-%D8%A7%D9%84%D8%B7%D8%B1%D8%A7%D8%B2-%D8%A7%D9%84%D8%AD%D8%AF%D9%8A%D8%AB
403 Forbidden,Non trouvé,Non trouvé,Non trouvé,Aucun avis,Inconnu,Inconnu,Aucun tag,https://khamsat.com/engineering/exterior-design/3708912-%D8%AA%D8%B5%D9%85%D9%8A%D9%85-%D8%AE%D8%A7%D8%B1%D8%AC%D9%8A-%D9%88%D8%A7%D8%AC%D9%87%D8%A7%D8%AA-%D8%AB%D8%B1%D9%8A-%D8%AF%D9%8A-%D9%85%D9%88%D8%AF%D8%B1%D9%86
403 Forbidden,Non trouvé,Non trouvé,Non trouvé,Aucun avis,Inconnu,Inconnu,Aucun tag,https://khamsat.com/engineering/interior-design/2890466-%D8%AA%D8%B5%D9%85%D9%8A%D9%85-%D8%AF%D8%A7%D8%AE%D9%84%D9%8A-%D9%88%D8%AF%D9%8A%D9%83%D9%88%D8%B1-%D9%8A%D9%81%D9%88%D9%82-%D8%A7%D9%84%D9%85%D8%AA%D9%88%D9%82%D8%B9
403 Forbidden,Non trouvé,Non trouvé,Non trouvé,Aucun avis,Inconnu,Inconnu,Aucun tag,https://khamsat.com/engineering/landscape-design/3908262-%D8%AA%D8%B5%D9%85%D9%8A%D9%85-%D8%AD%D8%AF%D8%A7%D8%A6%D9%82-%D9%88-%D9%85%D8%B3%D8%A7%D8%AD%D8%A7%D8%AA-%D8%AE%D8%A7%D8%B1%D8%AC%D9%8A%D8%A9-landscape
403 Forbidden,Non trouvé,Non trouvé,Non trouvé,Aucun avis,Inconnu,Inconnu,Aucun tag,https://khamsat.com/engineering/interior-design/3226749-%D8%AA%D8%B5%D8%A7%D9%85%D9%8A%D9%85-%D8%AF%D8%A7%D8%AE%D9%84%D9%8A%D8%A9-%D8%A5%D8%AD%D8%AA%D8%B1%D8%A7%D9%81%D9%8A%D8%A9-%D9%88-%D8%AF%D9%8A%D9%83%D9%88%D8%B1%D8%A7%D8%AA-%D8%B9%D8%B5%D8%B1%D9%8A%D8%A9
403 Forbidden,Non trouvé,Non trouvé,Non trouvé,Aucun avis,Inconnu,Inconnu,Aucun tag,https://khamsat.com/engineering/exterior-design/2435331-%D8%AA%D8%B5%D9%85%D9%8A%D9%85-%D8%A7%D9%84%D9%88%D8%A7%D8%AC%D9%87%D8%A7%D8%AA-%D8%A7%D9%84%D9%85%D8%B9%D9%85%D8%A7%D8%B1%D9%8A%D8%A9
403 Forbidden,Non trouvé,Non trouvé,Non trouvé,Aucun avis,Inconnu,Inconnu,Aucun tag,https://khamsat.com/engineering/landscape-design/2870963-%D8%AA%D8%B5%D9%85%D9%8A%D9%85-%D9%84%D8%A7%D9%86%D8%AF-%D8%B3%D9%83%D9%8A%D8%A8-%D9%85%D8%B9-%D8%A7%D8%B8%D9%87%D8%A7%D8%B1-%D9%88%D8%A7%D8%B6%D8%AD-%D9%88%D8%A7%D9%84%D8%AD%D8%AF%D8%A7%D8%A6%D9%82-%D9%88%D8%A7%D9%84%D9%88%D8%AC%D8%A7%D8%A6%D8%A8
403 Forbidden,Non trouvé,Non trouvé,Non trouvé,Aucun avis,Inconnu,Inconnu,Aucun tag,https://khamsat.com/engineering/interior-design/2803158-%D8%AA%D8%B5%D9%85%D9%8A%D9%85-%D8%AF%D8%A7%D8%AE%D9%84%D9%8A-%D8%B9%D8%B5%D8%B1%D9%8A-%D9%88-%D9%81%D8%AE%D9%85-3d-%D8%B4%D9%82%D9%82-%D9%81%D9%84%D9%84-%D9%85%D9%83%D8%A7%D8%AA%D8%A8-%D9%85%D8%AD%D9%84%D8%A7%D8%AA
403 Forbidden,Non trouvé,Non trouvé,Non trouvé,Aucun avis,Inconnu,Inconnu,Aucun tag,https://khamsat.com/engineering/interior-design/3141885-%D8%AA%D8%B5%D9%85%D9%8A%D9%85-%D8%AF%D9%8A%D9%83%D9%88%D8%B1-%D8%AF%D8%A7%D8%AE%D9%84%D9%8A-%D9%84%D9%83%D8%A7%D9%81%D8%A9-%D8%A3%D9%86%D9%88%D8%A7%D8%B9-%D8%A7%D9%84%D9%81%D9%84%D9%84-%D9%88%D8%A7%D9%84%D8%B4%D9%82%D9%82-%D8%A7%D9%84%D8%B3%D9%83%D9%86%D9%8A%D8%A9
403 Forbidden,Non trouvé,Non trouvé,Non trouvé,Aucun avis,Inconnu,Inconnu,Aucun tag,https://khamsat.com/engineering/exterior-design/2971895-%D8%AA%D8%B5%D9%85%D9%8A%D9%85-%D9%85%D8%AE%D8%B7%D8%B7%D8%A7%D8%AA-%D9%88%D8%A7%D8%AC%D9%87%D8%A7%D8%AA-%D9%85%D8%B9%D9%85%D8%A7%D8%B1%D9%8A%D8%A9-%D9%85%D9%88%D8%AF%D8%B1%D9%8A%D9%86-%D8%A7%D9%88-%D9%83%D9%84%D8%A7%D8%B3%D9%83-%D8%A7%D9%88-%D8%A7%D9%8A-%D8%B7%D8%B1%D8%A7%D8%B2-%D9%85%D8%B7%D9%84%D9%88%D8%A8
403 Forbidden,Non trouvé,Non trouvé,Non trouvé,Aucun avis,Inconnu,Inconnu,Aucun tag,https://khamsat.com/engineering/interior-design/2852309-%D8%AA%D8%B5%D9%85%D9%8A%D9%85-%D8%AF%D8%A7%D8%AE%D9%84%D9%8A-%D9%88%D8%AF%D9%8A%D9%83%D9%88%D8%B1-%D8%A8%D8%AC%D9%88%D8%AF%D9%87-%D8%B9%D8%A7%D9%84%D9%8A%D9%87-%D9%84%D8%AC%D9%85%D9%8A%D8%B9-%D8%A7%D9%84%D9%81%D8%B1%D8%A7%D8%BA%D8%A7%D8%AA-%D8%A7%D9%84%D8%B3%D9%83%D9%86%D9%8A%D8%A9
403 Forbidden,Non trouvé,Non trouvé,Non trouvé,Aucun avis,Inconnu,Inconnu,Aucun tag,https://khamsat.com/engineering/landscape-design/1848208-%D8%AA%D8%B5%D9%85%D9%8A%D9%85%D8%A7%D8%AA-%D9%85%D8%B9%D9%85%D8%A7%D8%B1%D9%8A%D8%A9-%D9%88%D8%AA%D9%86%D9%81%D9%8A%D8%B0%D9%8A%D8%A9-%D9%88%D8%AD%D8%AF%D8%A7%D8%A6%D9%82-%D8%A8%D8%A3%D9%82%D9%84-%D8%A7%D9%84%D8%A7%D8%B3%D8%B9%D8%A7%D8%B1-cadrevitmax
403 Forbidden,Non trouvé,Non trouvé,Non trouvé,Aucun avis,Inconnu,Inconnu,Aucun tag,https://khamsat.com/engineering/interior-design/3241621-%D8%B5%D9%85%D9%85-%D9%85%D9%86%D8%B2%D9%84%D9%83-%D8%AA%D8%B5%D9%85%D9%8A%D9%85-%D9%88%D8%A7%D9%82%D8%B9%D9%8A-%D8%BA%D8%B1%D9%81%D8%A9-%D9%86%D9%88%D9%85-%D8%B1%D8%A6%D9%8A%D8%B3%D9%8A%D8%A9
403 Forbidden,Non trouvé,Non trouvé,Non trouvé,Aucun avis,Inconnu,Inconnu,Aucun tag,https://khamsat.com/engineering/exterior-design/2945622-%D8%AA%D8%B5%D9%85%D9%8A%D9%85-%D8%AE%D8%A7%D8%B1%D8%AC%D9%89-extrior-design
403 Forbidden,Non trouvé,Non trouvé,Non trouvé,Aucun avis,Inconnu,Inconnu,Aucun tag,https://khamsat.com/engineering/landscape-design/2434136-%D8%AA%D8%B5%D9%85%D9%8A%D9%85-%D8%A3%D8%B9%D9%85%D8%A7%D9%84-%D8%A7%D9%84landscape-%D9%84%D8%AC%D9%85%D9%8A%D8%B9-%D8%A7%D9%84%D9%85%D8%B3%D8%A7%D8%AD%D8%A7%D8%AA
403 Forbidden,Non trouvé,Non trouvé,Non trouvé,Aucun avis,Inconnu,Inconnu,Aucun tag,https://khamsat.com/engineering/interior-design/2837779-%D8%B4%D9%88%D8%A8-%D8%AF%D8%B1%D9%88%D9%8A%D9%86%D8%AC-%D9%85%D8%B9%D9%85%D8%A7%D8%B1%D9%8A-%D9%84%D9%81%D9%8A%D9%84%D8%A7
403 Forbidden,Non trouvé,Non trouvé,Non trouvé,Aucun avis,Inconnu,Inconnu,Aucun tag,https://khamsat.com/engineering/interior-design/3310152-%D8%AA%D8%B5%D9%85%D9%8A%D9%85-%D8%AF%D8%A7%D8%AE%D9%84%D9%8A-%D9%8A%D8%B9%D9%83%D8%B3-%D8%A7%D9%84%D8%B1%D8%A7%D8%AD%D8%A9-%D9%88%D8%A7%D9%84%D8%A3%D9%86%D8%A7%D9%82%D8%A9
403 Forbidden,Non trouvé,Non trouvé,Non trouvé,Aucun avis,Inconnu,Inconnu,Aucun tag,https://khamsat.com/engineering/exterior-design/3275136-%D8%AA%D8%B5%D9%85%D9%8A%D9%85-%D9%88%D8%A7%D8%AC%D9%87%D8%A9-%D9%81%D9%8A%D9%84%D8%A7-%D9%85%D9%88%D8%AF%D8%B1%D9%86-%D9%88-%D9%86%D9%8A%D9%88%D9%83%D9%84%D8%A7%D8%B3%D9%8A%D9%83-%D8%A7%D8%AD%D8%AA%D8%B1%D8%A7%D9%81%D9%8A%D8%A9-%D9%88-%D8%AC%D8%B0%D8%A7%D8%A8%D8%A9
403 Forbidden,Non trouvé,Non trouvé,Non trouvé,Aucun avis,Inconnu,Inconnu,Aucun tag,https://khamsat.com/engineering/landscape-design/1053741-%D8%AA%D8%B5%D9%85%D9%8A%D9%85-%D8%A7%D9%84%D9%84%D8%A7%D9%86%D8%AF%D8%B3%D9%83%D9%8A%D8%A8
403 Forbidden,Non trouvé,Non trouvé,Non trouvé,Aucun avis,Inconnu,Inconnu,Aucun tag,https://khamsat.com/engineering/interior-design/1892793-%D8%AA%D8%B5%D9%85%D9%8A%D9%85-%D8%AF%D8%A7%D8%AE%D9%84%D9%8A-%D9%88%D8%AF%D9%8A%D9%83%D9%88%D8%B1-%D8%A8%D8%AC%D9%88%D8%AF%D9%87-%D8%B9%D8%A7%D9%84%D9%8A%D9%87-%D9%85%D9%86-3-%D9%86%D8%AC%D9%88%D9%85-%D8%A7%D9%84-6-%D9%86%D8%AC%D9%88%D9%85
403 Forbidden,Non trouvé,Non trouvé,Non trouvé,Aucun avis,Inconnu,Inconnu,Aucun tag,https://khamsat.com/engineering/interior-design/3525311-%D8%AE%D8%AF%D9%85%D8%A9-%D8%A7%D9%84%D8%AA%D8%B5%D9%85%D9%8A%D9%85-%D8%A7%D9%84%D9%85%D8%B9%D9%85%D8%A7%D8%B1%D9%8A-%D8%A7%D9%84%D8%AF%D8%A7%D8%AE%D9%84%D9%8A-%D8%A7%D9%84%D9%85%D8%AA%D9%83%D8%A7%D9%85%D9%84
403 Forbidden,Non trouvé,Non trouvé,Non trouvé,Aucun avis,Inconnu,Inconnu,Aucun tag,https://khamsat.com/engineering/landscape-design/3604608-%D8%AA%D8%B5%D9%85%D9%8A%D9%85-%D8%A7%D9%84%D8%AD%D8%AF%D8%A7%D8%A6%D9%82-%D9%88-%D8%A7%D9%84%D9%85%D8%B3%D8%A7%D8%AD%D8%A7%D8%AA-%D8%A7%D9%84%D8%AE%D8%A7%D8%B1%D8%AC%D9%8A%D8%A9
403 Forbidden,Non trouvé,Non trouvé,Non trouvé,Aucun avis,Inconnu,Inconnu,Aucun tag,https://khamsat.com/engineering/exterior-design/3030993-%D8%AA%D8%B5%D9%85%D9%8A%D9%85-%D8%AE%D8%A7%D8%B1%D8%AC%D9%8A-%D8%AD%D8%AF%D9%8A%D8%AB-%D9%88-%D9%83%D9%84%D8%A7%D8%B3%D9%8A%D9%83%D9%8A-%D9%88-%D8%A3%D9%88%D8%B1%D9%88%D8%A8%D9%8A-%D9%88%D8%BA%D9%8A%D8%B1%D9%87%D8%A7
403 Forbidden,Non trouvé,Non trouvé,Non trouvé,Aucun avis,Inconnu,Inconnu,Aucun tag,https://khamsat.com/engineering/interior-design/1531484-%D8%A7%D9%84%D8%AA%D8%B5%D9%85%D9%8A%D9%85-%D8%A7%D9%84%D9%85%D8%B9%D9%85%D8%A7%D8%B1%D9%8A-%D9%88%D8%A7%D9%84%D8%AF%D9%8A%D9%83%D9%88%D8%B1-%D8%A7%D9%84%D8%AF%D8%A7%D8%AE%D9%84%D9%8A-%D8%A8%D8%A7%D8%B3%D8%AA%D8%AE%D8%AF%D8%A7%D9%85-3ds-max
403 Forbidden,Non trouvé,Non trouvé,Non trouvé,Aucun avis,Inconnu,Inconnu,Aucun tag,https://khamsat.com/engineering/interior-design/3306681-%D8%AA%D8%B5%D9%85%D9%8A%D9%85-%D8%AF%D9%8A%D9%83%D9%88%D8%B1-%D8%AF%D8%A7%D8%AE%D9%84%D9%8A-3d-%D8%A7%D8%AD%D8%AA%D8%B1%D8%A7%D9%81%D9%8A-%D9%84%D8%BA%D8%B1%D9%81%D8%A9-%D8%A3%D9%88-%D9%85%D8%B3%D8%A7%D8%AD%D8%A9
403 Forbidden,Non trouvé,Non trouvé,Non trouvé,Aucun avis,Inconnu,Inconnu,Aucun tag,https://khamsat.com/engineering/interior-design/3100971-%D8%AA%D8%B5%D9%85%D9%8A%D9%85-%D8%AF%D8%A7%D8%AE%D9%84%D9%8A-%D8%B9%D8%B5%D8%B1%D9%8A-%D9%8A%D8%AA%D9%86%D8%A7%D8%B3%D8%A8-%D9%85%D8%B9-%D9%83%D9%84-%D8%A7%D9%84%D8%A3%D8%B0%D9%88%D8%A7%D9%82-%D9%88%D8%A7%D9%84%D9%85%D8%B3%D8%A7%D8%AD%D8%A7%D8%AA-3d
403 Forbidden,Non trouvé,Non trouvé,Non trouvé,Aucun avis,Inconnu,Inconnu,Aucun tag,https://khamsat.com/engineering/landscape-design/2916512-%D8%AA%D8%B5%D9%85%D9%8A%D9%85-%D8%AD%D8%AF%D8%A7%D8%A6%D9%82-%D9%88-%D8%AA%D9%86%D8%B3%D9%8A%D9%82-%D9%85%D9%88%D9%82%D8%B9-%D9%88-%D8%A5%D8%B8%D9%87%D8%A7%D8%B1%D9%87%D8%A7
403 Forbidden,Non trouvé,Non trouvé,Non trouvé,Aucun avis,Inconnu,Inconnu,Aucun tag,https://khamsat.com/engineering/exterior-design/3013722-%D8%AA%D8%B5%D9%85%D9%8A%D9%85-%D9%88%D8%A7%D8%AC%D9%87%D8%A7%D8%AA-%D9%85%D8%B9%D9%85%D8%A7%D8%B1%D9%8A%D8%A9-%D8%AA%D8%AC%D8%A7%D8%B1%D9%8A%D8%A9-%D9%85%D8%A8%D8%AA%D9%83%D8%B1%D8%A9-%D8%AA%D8%AC%D8%B3%D8%AF-%D8%AA%D8%AE%D9%8A%D9%84-%D8%A7%D9%84%D8%B9%D9%85%D9%8A%D9%84
403 Forbidden,Non trouvé,Non trouvé,Non trouvé,Aucun avis,Inconnu,Inconnu,Aucun tag,https://khamsat.com/engineering/interior-design/3071361-%D8%AA%D8%B5%D9%85%D9%8A%D9%85-%D8%AF%D9%8A%D9%83%D9%88%D8%B1-%D8%AF%D8%A7%D8%AE%D9%84%D9%89-%D9%84%D9%84%D9%81%D8%B1%D8%A7%D8%BA%D8%A7%D8%AA-%D8%A7%D9%84%D8%B3%D9%83%D9%86%D9%8A%D8%A9
403 Forbidden,Non trouvé,Non trouvé,Non trouvé,Aucun avis,Inconnu,Inconnu,Aucun tag,https://khamsat.com/engineering/interior-design/2852325-%D8%AA%D8%B5%D9%85%D9%8A%D9%85-%D8%AF%D8%A7%D8%AE%D9%84%D9%8A-%D8%A8%D8%AC%D9%88%D8%AF%D8%A9-%D8%B9%D8%A7%D9%84%D9%8A%D8%A9-%D9%84%D9%85%D8%AD%D9%84%D8%A7%D8%AA-%D8%AA%D8%AC%D8%A7%D8%B1%D9%8A%D8%A9-%D9%88%D9%85%D9%83%D8%A7%D8%AA%D8%A8-%D9%88%D8%B4%D8%B1%D9%83%D8%A7%D8%AA
403 Forbidden,Non trouvé,Non trouvé,Non trouvé,Aucun avis,Inconnu,Inconnu,Aucun tag,https://khamsat.com/engineering/landscape-design/3465886-%D8%AA%D8%B5%D9%85%D9%8A%D9%85-%D9%85%D8%B2%D8%B1%D8%B9%D8%A9-%D8%A3%D9%88-%D8%A7%D8%B3%D8%AA%D8%B1%D8%A7%D8%AD%D8%A9-%D8%A8%D8%AA%D8%AE%D8%B7%D9%8A%D8%B7-%D9%85%D8%AB%D8%A7%D9%84%D9%8A-%D9%84%D9%84%D8%B1%D8%A7%D8%AD%D8%A9-%D9%88%D8%A7%D9%84%D8%A7%D8%B3%D8%AA%D8%AC%D9%85%D8%A7%D9%85
403 Forbidden,Non trouvé,Non trouvé,Non trouvé,Aucun avis,Inconnu,Inconnu,Aucun tag,https://khamsat.com/engineering/exterior-design/2752311-%D8%AA%D8%B5%D9%85%D9%8A%D9%85-%D9%85%D8%B9%D9%85%D8%A7%D8%B1%D9%8A-%D8%AE%D8%A7%D8%B1%D8%AC%D9%8A-%D9%88%D8%AF%D8%A7%D8%AE%D9%84%D9%89-%D8%AB%D9%84%D8%A7%D8%AB%D9%8A-%D8%A7%D9%84%D8%A3%D8%A8%D8%B9%D8%A7%D8%AF-3d
403 Forbidden,Non trouvé,Non trouvé,Non trouvé,Aucun avis,Inconnu,Inconnu,Aucun tag,https://khamsat.com/engineering/interior-design/2655969-%D8%AA%D8%B5%D9%85%D9%8A%D9%85-%D8%AF%D8%A7%D8%AE%D9%84%D9%8A-%D8%A8%D8%A7%D8%B3%D8%AA%D8%AE%D8%AF%D8%A7%D9%85-%D8%A8%D8%B1%D9%86%D8%A7%D9%85%D8%AC-%D8%AB%D8%B1%D9%8A-%D8%AF%D9%8A-%D9%85%D8%A7%D9%83%D8%B3-design-with-3d-max
403 Forbidden,Non trouvé,Non trouvé,Non trouvé,Aucun avis,Inconnu,Inconnu,Aucun tag,https://khamsat.com/engineering/landscape-design/2981187-%D8%B1%D8%B3%D9%85-%D9%85%D8%AE%D8%B7%D8%B7%D8%A7%D8%AA-site-plan-2d-%D9%84%D9%85%D9%88%D8%A7%D9%82%D8%B9-%D8%AC%D8%BA%D8%B1%D8%A7%D9%81%D9%8A%D8%A9-%D9%88%D9%85%D8%A8%D8%A7%D9%86%D9%8A-%D8%A8%D8%A7%D9%84%D8%A7%D8%AD%D8%AF%D8%A7%D8%AB%D9%8A%D8%A7%D8%AA
403 Forbidden,Non trouvé,Non trouvé,Non trouvé,Aucun avis,Inconnu,Inconnu,Aucun tag,https://khamsat.com/engineering/interior-design/3240070-%D8%AA%D8%B5%D9%85%D9%8A%D9%85-%D8%AF%D8%A7%D8%AE%D9%84%D9%8A-%D8%AB%D8%B1%D9%8A-%D8%AF%D9%8A-%D9%84%D9%84%D9%85%D8%B3%D8%A7%D8%AD%D8%A7%D8%AA-%D8%A7%D9%84%D8%B3%D9%83%D9%86%D9%8A%D8%A9-%D9%88%D8%A7%D9%84%D8%AA%D8%AC%D8%A7%D8%B1%D9%8A%D8%A9
403 Forbidden,Non trouvé,Non trouvé,Non trouvé,Aucun avis,Inconnu,Inconnu,Aucun tag,https://khamsat.com/engineering/exterior-design/3839141-%D8%AA%D8%B5%D9%85%D9%8A%D9%85-%D9%88%D8%A7%D8%AC%D9%87%D8%A7%D8%AA-%D9%85%D8%B9%D9%85%D8%A7%D8%B1%D9%8A%D9%87-%D8%A8%D8%A7%D8%AD%D8%AA%D8%B1%D8%A7%D9%81%D9%8A%D9%87-%D8%B9%D8%A7%D9%84%D9%8A%D9%87
403 Forbidden,Non trouvé,Non trouvé,Non trouvé,Aucun avis,Inconnu,Inconnu,Aucun tag,https://khamsat.com/engineering/interior-design/2755891-%D8%AA%D8%B5%D9%85%D9%8A%D9%85-%D8%AF%D8%A7%D8%AE%D9%84%D9%8A-%D9%84%D9%84%D9%85%D8%B3%D8%A7%D8%AD%D8%A7%D8%AA-%D8%A7%D9%84%D9%85%D8%AE%D8%AA%D9%84%D9%81%D8%A9
403 Forbidden,Non trouvé,Non trouvé,Non trouvé,Aucun avis,Inconnu,Inconnu,Aucun tag,https://khamsat.com/engineering/landscape-design/3312318-%D8%AA%D8%B5%D9%85%D9%8A%D9%85-%D9%84%D8%A7%D9%86%D8%AF%D8%B3%D9%83%D9%8A%D8%A8-%D9%81%D9%8A%D9%84%D8%A7%D8%AD%D8%AF%D9%8A%D9%82%D8%A9%D8%AF%D8%A7%D8%AE%D9%84
403 Forbidden,Non trouvé,Non trouvé,Non trouvé,Aucun avis,Inconnu,Inconnu,Aucun tag,https://khamsat.com/engineering/interior-design/1983935-%D8%AA%D8%B5%D9%85%D9%8A%D9%85-%D8%AF%D8%A7%D8%AE%D9%84%D9%8A-%D8%A3%D8%B9%D9%84%D9%89-%D8%AC%D9%88%D8%AF%D8%A9-%D8%A8%D8%A3%D9%82%D9%84-%D8%A7%D9%84%D8%A3%D8%B3%D8%B9%D8%A7%D8%B1
403 Forbidden,Non trouvé,Non trouvé,Non trouvé,Aucun avis,Inconnu,Inconnu,Aucun tag,https://khamsat.com/engineering/exterior-design/1285379-%D8%AA%D8%B5%D9%85%D9%8A%D9%85-%D9%88%D8%A7%D8%AC%D9%87%D8%A7%D8%AA
403 Forbidden,Non trouvé,Non trouvé,Non trouvé,Aucun avis,Inconnu,Inconnu,Aucun tag,https://khamsat.com/engineering/interior-design/2814563-%D8%AA%D8%B5%D9%85%D9%8A%D9%85-%D8%A3%D8%AB%D8%A7%D8%AB-%D9%88%D8%BA%D8%B1%D9%81-%D9%86%D9%88%D9%85-%D9%88%D9%85%D8%B7%D8%A7%D8%A8%D8%AE-%D9%88%D8%AF%D9%8A%D9%83%D9%88%D8%B1%D8%A7%D8%AA-%D9%85%D9%86%D8%B2%D9%84%D9%8A%D8%A9
403 Forbidden,Non trouvé,Non trouvé,Non trouvé,Aucun avis,Inconnu,Inconnu,Aucun tag,https://khamsat.com/engineering/landscape-design/2299791-%D8%AA%D8%B5%D9%85%D9%8A%D9%85-%D8%AD%D8%AF%D9%8A%D9%82%D8%A9-%D9%88-%D9%84%D8%A7%D9%86%D8%AF%D8%B3%D9%83%D9%8A%D8%A8-%D8%A7%D8%AE%D8%AA%D8%B1%D8%A7%D9%81%D9%8A-%D9%88-%D8%A8%D8%A7%D8%B3%D8%B9%D8%A7%D8%B1-%D8%AE%D9%8A%D8%A7%D9%84%D9%8A%D8%A9-%D9%85%D9%86%D8%AE%D9%81%D8%B6%D8%A9
403 Forbidden,Non trouvé,Non trouvé,Non trouvé,Aucun avis,Inconnu,Inconnu,Aucun tag,https://khamsat.com/engineering/exterior-design/2822732-%D8%AA%D8%B5%D9%85%D9%8A%D9%85-%D8%AE%D8%A7%D8%B1%D8%AC%D9%8A-%D9%88-%D9%88%D8%A7%D8%AC%D9%87%D8%A7%D8%AA-%D9%85%D9%88%D8%AF%D8%B1%D9%86-%D9%88-%D9%86%D9%8A%D9%88%D9%83%D9%84%D8%A7%D8%B3%D9%8A%D9%83-%D8%A7%D8%AD%D8%AA%D8%B1%D8%A7%D9%81%D9%8A%D9%87-%D9%88-%D9%85%D9%85%D9%8A%D8%B2%D9%87
403 Forbidden,Non trouvé,Non trouvé,Non trouvé,Aucun avis,Inconnu,Inconnu,Aucun tag,https://khamsat.com/engineering/interior-design/2309285-%D8%AA%D8%B5%D9%85%D9%8A%D9%85-%D9%88%D8%AF%D9%8A%D9%83%D9%88%D8%B1-%D8%AF%D8%A7%D8%AE%D9%84%D9%8A-%D8%A8%D9%85%D8%B4%D8%A7%D9%87%D8%AF-%D9%88%D8%A7%D9%82%D8%B9%D9%8A%D8%A9
403 Forbidden,Non trouvé,Non trouvé,Non trouvé,Aucun avis,Inconnu,Inconnu,Aucun tag,https://khamsat.com/engineering/interior-design/3026774-%D8%AA%D8%B5%D9%85%D9%8A%D9%85-%D8%AF%D8%A7%D8%AE%D9%84%D9%8A-%D9%84%D8%A7%D9%8A-%D9%81%D8%B1%D8%A7%D8%BA-%D8%BA%D8%B1%D9%81%D8%A9-%D9%85%D8%B9%D9%8A%D8%B4%D8%A9-%D8%BA%D8%B1%D9%81%D8%A9-%D9%86%D9%88%D9%85-%D8%BA%D8%B1%D9%81%D8%A9-%D9%85%D9%84%D8%A7%D8%A8%D8%B3
403 Forbidden,Non trouvé,Non trouvé,Non trouvé,Aucun avis,Inconnu,Inconnu,Aucun tag,https://khamsat.com/engineering/interior-design/2250373-%D8%AA%D8%B5%D9%85%D9%8A%D9%85-%D8%AF%D8%A7%D8%AE%D9%84%D9%8A-%D9%85%D9%88%D8%AF%D8%B1%D9%86-%D9%86%D9%8A%D9%88%D9%83%D9%84%D8%A7%D8%B3%D9%8A%D9%83-%D8%A8%D8%A3%D9%82%D9%84-%D8%A7%D9%84%D8%A3%D8%B3%D8%B9%D8%A7%D8%B1
403 Forbidden,Non trouvé,Non trouvé,Non trouvé,Aucun avis,Inconnu,Inconnu,Aucun tag,https://khamsat.com/engineering/landscape-design/3842541-%D8%AA%D8%B5%D9%85%D9%8A%D9%85-3d-%D8%A7%D8%AD%D8%AA%D8%B1%D8%A7%D9%81%D9%8A-%D9%84%D8%AD%D8%AF%D9%8A%D9%82%D8%AA%D9%83-%D8%B9%D8%B5%D8%B1%D9%8A-%D9%88%D9%88%D8%A7%D9%82%D8%B9%D9%8A-%D9%82%D8%A7%D8%A8%D9%84-%D9%84%D9%84%D8%AA%D9%86%D9%81%D9%8A%D8%B0
403 Forbidden,Non trouvé,Non trouvé,Non trouvé,Aucun avis,Inconnu,Inconnu,Aucun tag,https://khamsat.com/engineering/exterior-design/3923101-%D8%B1%D9%81%D8%B9-%D9%83%D8%AA%D9%84-3d-%D8%A8%D8%A7%D8%B3%D8%AA%D8%AE%D8%AF%D8%A7%D9%85-revit
403 Forbidden,Non trouvé,Non trouvé,Non trouvé,Aucun avis,Inconnu,Inconnu,Aucun tag,https://khamsat.com/engineering/interior-design/3127366-%D8%AA%D8%B5%D9%85%D9%8A-%D8%AF%D8%A7%D8%AE%D9%84%D9%8A-%D9%85%D8%B9%D9%85%D8%A7%D8%B1%D9%8A-2d-3d
403 Forbidden,Non trouvé,Non trouvé,Non trouvé,Aucun avis,Inconnu,Inconnu,Aucun tag,https://khamsat.com/engineering/interior-design/3390794-%D8%AA%D8%B5%D9%85%D9%8A%D9%85-%D8%AF%D8%A7%D8%AE%D9%84%D9%8A-%D8%A7%D8%AD%D8%AA%D8%B1%D8%A7%D9%81%D9%8A-%D8%AB%D9%84%D8%A7%D8%AB%D9%8A-%D8%A7%D9%84%D8%A3%D8%A8%D8%B9%D8%A7%D8%AF-%D9%85%D9%86-%D8%A7%D9%84%D9%81%D9%83%D8%B1%D8%A9-%D8%AD%D8%AA%D9%89-%D8%A7%D9%84%D8%AA%D9%86%D9%81%D9%8A%D8%B0
403 Forbidden,Non trouvé,Non trouvé,Non trouvé,Aucun avis,Inconnu,Inconnu,Aucun tag,https://khamsat.com/engineering/landscape-design/1768201-%D8%AA%D8%B5%D9%85%D9%8A%D9%85-%D9%84%D8%A7%D9%86%D8%AF-%D8%B3%D9%83%D9%8A%D8%A8-%D9%88%D9%82%D8%B9%D8%AF%D8%A7%D8%AA-%D8%AE%D8%A7%D8%B1%D8%AC%D9%8A%D8%A9-%D8%A8-5%D9%83%D9%84-8%D9%85%D8%AA%D8%B1-%D9%85%D8%B1%D8%A8%D8%B9
403 Forbidden,Non trouvé,Non trouvé,Non trouvé,Aucun avis,Inconnu,Inconnu,Aucun tag,https://khamsat.com/engineering/exterior-design/1071305-%D8%A7%D8%B5%D9%85%D9%85-%D8%B9%D9%84%D9%8A-%D8%A7%D9%84%D8%A7%D9%88%D8%AA%D9%88%D9%83%D8%A7%D8%AF-%D9%88%D8%A7%D9%84%D8%B1%D9%8A%D9%81%D9%8A%D8%AA%D9%84%D9%84
403 Forbidden,Non trouvé,Non trouvé,Non trouvé,Aucun avis,Inconnu,Inconnu,Aucun tag,https://khamsat.com/engineering/interior-design/3675229-%D8%B9%D9%85%D9%84-%D8%AF%D9%8A%D9%83%D9%88%D8%B1%D8%A7%D8%AA-%D8%A7%D9%84%D8%BA%D8%B1%D9%81-%D8%A7%D9%84%D9%81%D8%A7%D8%B1%D8%BA%D8%A9-3d
403 Forbidden,Non trouvé,Non trouvé,Non trouvé,Aucun avis,Inconnu,Inconnu,Aucun tag,https://khamsat.com/engineering/interior-design/2911831-%D8%AA%D8%B5%D9%85%D9%8A%D9%85-%D8%AF%D8%A7%D8%AE%D9%84%D9%8A-%D9%84%D9%85%D9%86%D8%B2%D9%84-%D8%A8%D8%A7%D9%84%D9%88%D8%A7%D9%86-%D9%88%D8%AA%D8%B5%D9%85%D9%8A%D9%85%D8%A7%D8%AA-%D8%B9%D8%B5%D8%B1%D9%8A%D8%A9
403 Forbidden,Non trouvé,Non trouvé,Non trouvé,Aucun avis,Inconnu,Inconnu,Aucun tag,https://khamsat.com/engineering/landscape-design/3631132-%D9%85%D9%87%D9%86%D8%AF%D8%B3-%D9%84%D8%A7%D9%86%D8%AF%D8%B3%D9%83%D9%8A%D8%A8-%D9%88-%D8%AA%D8%B5%D9%85%D9%8A%D9%85-%D8%A7%D9%84%D9%85%D8%B3%D8%A7%D8%AD%D8%A7%D8%AA-%D8%A7%D9%84%D8%AE%D8%A7%D8%B1%D8%AC%D9%8A%D8%A9-%D9%88-%D8%A7%D9%84%D8%AD%D8%AF%D8%A7%D8%A6%D9%82
403 Forbidden,Non trouvé,Non trouvé,Non trouvé,Aucun avis,Inconnu,Inconnu,Aucun tag,https://khamsat.com/engineering/exterior-design/3085624-%D8%AA%D8%B5%D9%85%D9%8A%D9%85-%D8%AE%D8%A7%D8%B1%D8%AC%D9%89-%D8%AC%D9%85%D9%8A%D8%B9-%D8%A7%D9%84%D8%B7%D8%B1%D8%B2-%D9%83%D9%84%D8%A7%D8%B3%D9%8A%D9%83-%D9%86%D9%8A%D9%88%D9%83%D9%84%D8%A7%D8%B3%D9%8A%D9%83-%D9%85%D9%88%D8%AF%D8%B1%D9%86
403 Forbidden,Non trouvé,Non trouvé,Non trouvé,Aucun avis,Inconnu,Inconnu,Aucun tag,https://khamsat.com/engineering/interior-design/3400937-%D8%AA%D8%B5%D9%85%D9%8A%D9%85-%D8%AF%D8%A7%D8%AE%D9%84%D9%8A-3d-%D9%88-2d-%D9%84%D9%84%D9%85%D8%B3%D8%A7%D8%AD%D8%A7%D8%AA-%D8%A7%D9%84%D8%AF%D8%A7%D8%AE%D9%84%D9%8A%D8%A9-%D8%A7%D9%84%D8%B3%D9%83%D9%86%D9%8A%D8%A9-%D9%88%D8%A7%D9%84%D8%AA%D8%AC%D8%A7%D8%B1%D9%8A%D8%A9
403 Forbidden,Non trouvé,Non trouvé,Non trouvé,Aucun avis,Inconnu,Inconnu,Aucun tag,https://khamsat.com/engineering/interior-design/3635989-%D8%AA%D8%B5%D9%85%D9%8A%D9%85-%D8%AF%D8%A7%D8%AE%D9%84%D9%8A-%D8%A7%D8%AD%D8%AA%D8%B1%D8%A7%D9%81%D9%8A-%D9%84%D9%84%D9%81%D8%B1%D8%A7%D8%BA%D8%A7%D8%AA-%D8%A7%D9%84%D8%A5%D8%AF%D8%A7%D8%B1%D9%8A%D8%A9
403 Forbidden,Non trouvé,Non trouvé,Non trouvé,Aucun avis,Inconnu,Inconnu,Aucun tag,https://khamsat.com/engineering/landscape-design/2523119-%D8%AA%D8%B5%D9%85%D9%8A%D9%85-%D9%85%D8%B9%D9%85%D8%A7%D8%B1%D9%8A-%D8%AE%D8%A7%D8%B1%D8%AC%D9%8A-%D9%88%D8%A7%D8%AC%D9%87%D8%A7%D8%AA-%D9%85%D8%B9%D9%85%D8%A7%D8%B1%D9%8A%D8%A9-%D8%AA%D8%B5%D9%85%D9%8A%D9%85-%D8%AD%D8%AF%D8%A7%D8%A6%D9%82-%D9%88%D9%84%D8%A7%D9%86%D8%AF%D8%B3%D9%83%D9%8A%D8%A8
403 Forbidden,Non trouvé,Non trouvé,Non trouvé,Aucun avis,Inconnu,Inconnu,Aucun tag,https://khamsat.com/engineering/exterior-design/2575783-%D8%AA%D8%B5%D9%85%D9%8A%D9%85-%D9%88%D8%A7%D8%AC%D9%87%D8%A7%D8%AA-%D9%86%D9%8A%D9%88-%D9%83%D9%84%D8%A7%D8%B3%D9%8A%D9%83-%D8%A7%D9%88-%D9%85%D9%88%D8%AF%D8%B1%D9%86
403 Forbidden,Non trouvé,Non trouvé,Non trouvé,Aucun avis,Inconnu,Inconnu,Aucun tag,https://khamsat.com/engineering/interior-design/3591119-%D8%AA%D8%B5%D9%85%D9%8A%D9%85-%D9%81%D8%B1%D8%A7%D8%BA%D8%A7%D8%AA-%D8%AF%D8%A7%D8%AE%D9%84%D9%8A%D8%A9
403 Forbidden,Non trouvé,Non trouvé,Non trouvé,Aucun avis,Inconnu,Inconnu,Aucun tag,https://khamsat.com/engineering/interior-design/2182416-%D8%AA%D8%B5%D9%85%D9%8A%D9%85-%D8%AF%D9%8A%D9%83%D9%88%D8%B1-%D8%AF%D8%A7%D8%AE%D9%84%D9%8A-3d-interior-design-%D9%85%D8%B9-%D9%85%D8%AE%D8%B7%D8%B7%D8%A7%D8%AA-%D8%AA%D9%86%D9%81%D9%8A%D8%B0%D9%8A%D8%A9
403 Forbidden,Non trouvé,Non trouvé,Non trouvé,Aucun avis,Inconnu,Inconnu,Aucun tag,https://khamsat.com/engineering/exterior-design/3877091-%D8%AA%D8%B5%D9%85%D9%8A%D9%85-%D9%88%D8%A7%D8%AC%D9%87%D8%A7%D8%AA-%D8%A7%D9%84%D9%85%D8%A8%D8%A7%D9%86%D9%8A-%D8%AB%D9%84%D8%A7%D8%AB%D9%8A%D8%A9-%D8%A7%D9%84%D8%A3%D8%A8%D8%B9%D8%A7%D8%AF-%D8%B9%D8%B5%D8%B1%D9%8A-%D9%88-%D8%AA%D9%82%D9%84%D9%8A%D8%AF%D9%8A
403 Forbidden,Non trouvé,Non trouvé,Non trouvé,Aucun avis,Inconnu,Inconnu,Aucun tag,https://khamsat.com/engineering/landscape-design/3093909-%D8%AA%D8%B5%D9%85%D9%8A%D9%85-%D8%A7%D9%84%D9%81%D9%86%D8%A7%D8%A1-%D8%A7%D9%84%D8%AE%D9%84%D9%81%D9%8A-%D8%AD%D8%AF%D9%8A%D9%82%D8%A9-%D9%85%D9%86%D8%B2%D9%84%D9%83-%D8%A7%D9%84%D8%AE%D8%A7%D8%B5%D8%A9
403 Forbidden,Non trouvé,Non trouvé,Non trouvé,Aucun avis,Inconnu,Inconnu,Aucun tag,https://khamsat.com/engineering/interior-design/3687076-%D8%AA%D8%B5%D9%85%D9%8A%D9%85-%D9%85%D8%B9%D9%85%D8%A7%D8%B1%D9%8A-%D8%AF%D8%A7%D8%AE%D9%84%D9%8A-%D9%84%D8%AC%D9%85%D9%8A%D8%B9-%D8%A7%D9%86%D9%88%D8%A7%D8%B9-%D8%A7%D9%84%D9%85%D8%B4%D8%A7%D8%B1%D9%8A%D8%B9-%D8%B3%D9%83%D9%86%D9%8A-%D8%AA%D8%AC%D8%A7%D8%B1%D9%8A
403 Forbidden,Non trouvé,Non trouvé,Non trouvé,Aucun avis,Inconnu,Inconnu,Aucun tag,https://khamsat.com/engineering/interior-design/1907806-%D8%AA%D8%B5%D9%85%D9%8A%D9%85-%D8%AF%D9%8A%D9%83%D9%88%D8%B1-%D8%AF%D8%A7%D8%AE%D9%84%D9%8A-%D8%A3%D9%88-%D8%AE%D8%A7%D8%B1%D8%AC%D9%8A-%D8%A8%D9%86%D8%AA%D8%A7%D8%A6%D8%AC-%D9%88%D8%A7%D9%82%D8%B9%D9%8A%D8%A9-%D9%88%D9%85%D8%A8%D9%87%D8%B1%D8%A9
403 Forbidden,Non trouvé,Non trouvé,Non trouvé,Aucun avis,Inconnu,Inconnu,Aucun tag,https://khamsat.com/engineering/landscape-design/3314106-%D8%B3%D8%A3%D8%B5%D9%85%D9%85-%D9%85%D8%AE%D8%B7%D8%B7%D8%A7-%D8%AB%D9%84%D8%A7%D8%AB%D9%8A-%D8%A7%D9%84%D8%A3%D8%A8%D8%B9%D8%A7%D8%AF-%D9%84%D9%84%D8%AD%D8%AF%D8%AB-%D8%A7%D9%84%D8%AE%D8%A7%D8%B5-%D8%A8%D9%83
403 Forbidden,Non trouvé,Non trouvé,Non trouvé,Aucun avis,Inconnu,Inconnu,Aucun tag,https://khamsat.com/engineering/exterior-design/3705047-%D8%AA%D8%B5%D9%85%D9%8A%D9%85-%D9%83%D8%AA%D9%84-%D9%85%D8%B9%D9%85%D8%A7%D8%B1%D9%8A%D8%A9-%D8%A8%D8%B4%D9%83%D9%84-%D8%A3%D8%AD%D8%AA%D8%B1%D8%A7%D9%81%D9%8A
403 Forbidden,Non trouvé,Non trouvé,Non trouvé,Aucun avis,Inconnu,Inconnu,Aucun tag,https://khamsat.com/engineering/interior-design/3690282-%D8%AA%D8%B5%D9%85%D9%8A%D9%85-%D8%AF%D8%A7%D8%AE%D9%84%D9%8A-%D9%88-%D8%A7%D9%84%D8%AF%D9%8A%D9%83%D9%88%D8%B1-%D9%84%D8%AC%D9%85%D9%8A%D8%B9-%D8%A7%D9%84%D9%81%D8%B1%D8%A7%D8%BA%D8%A7%D8%AA
403 Forbidden,Non trouvé,Non trouvé,Non trouvé,Aucun avis,Inconnu,Inconnu,Aucun tag,https://khamsat.com/engineering/interior-design/3157635-%D8%AA%D8%B5%D9%85%D9%8A%D9%85-%D8%AF%D8%A7%D8%AE%D9%84%D9%8A-%D9%88%D8%AF%D9%8A%D9%83%D9%88%D8%B1%D8%A7%D8%AA-%D9%84%D9%84%D9%81%D8%B1%D8%A7%D8%BA%D8%A7%D8%AA-%D8%A7%D9%84%D8%AF%D8%A7%D8%AE%D9%84%D9%8A%D8%A9-%D9%83%D8%A7%D9%81%D8%A9
403 Forbidden,Non trouvé,Non trouvé,Non trouvé,Aucun avis,Inconnu,Inconnu,Aucun tag,https://khamsat.com/engineering/exterior-design/3919013-%D8%AA%D8%B5%D9%85%D9%8A%D9%85-%D8%AE%D8%A7%D8%B1%D8%AC%D9%8A-exterior-design
403 Forbidden,Non trouvé,Non trouvé,Non trouvé,Aucun avis,Inconnu,Inconnu,Aucun tag,https://khamsat.com/engineering/landscape-design/3239426-%D8%AA%D8%B5%D9%85%D9%8A%D9%85-%D8%AE%D8%AF%D8%A7%D8%A6%D9%82-%D8%B9%D8%B1%D8%B6-%D8%AD%D8%AF%D9%8A%D9%82%D8%AA%D9%83-%D8%A8%D8%AA%D9%82%D9%86%D9%8A%D8%A9-3d-%D9%85%D8%B9-%D8%A7%D9%84%D9%83%D8%AB%D9%8A%D8%B1-%D9%85%D9%86-%D9%86%D8%A8%D8%A7%D8%AA%D8%A7%D8%AA-%D8%A7%D9%84%D8%B2%D9%8A%D9%86%D8%A9
403 Forbidden,Non trouvé,Non trouvé,Non trouvé,Aucun avis,Inconnu,Inconnu,Aucun tag,https://khamsat.com/engineering/interior-design/3717703-%D8%AA%D8%B5%D9%85%D9%8A%D9%85-%D8%AF%D8%A7%D8%AE%D9%84%D9%8A-%D9%88%D8%AF%D9%8A%D9%83%D9%88%D8%B1-%D8%A8%D8%A7%D9%81%D9%83%D8%A7%D8%B1-%D8%B9%D8%B5%D8%B1%D9%8A%D8%A9
403 Forbidden,Non trouvé,Non trouvé,Non trouvé,Aucun avis,Inconnu,Inconnu,Aucun tag,https://khamsat.com/engineering/interior-design/2121520-%D8%AA%D8%B5%D8%A7%D9%85%D9%8A%D9%85-%D9%88%D8%AF%D9%8A%D9%83%D9%88%D8%B1%D8%A7%D8%AA-%D8%AF%D8%A7%D8%AE%D9%84%D9%8A%D8%A9-%D8%B9%D8%B5%D8%B1%D9%8A%D8%A9
403 Forbidden,Non trouvé,Non trouvé,Non trouvé,Aucun avis,Inconnu,Inconnu,Aucun tag,https://khamsat.com/engineering/landscape-design/2862255-%D8%AA%D8%B5%D9%85%D9%8A%D9%85-%D8%A7%D9%84%D8%AD%D8%AF%D8%A7%D8%A6%D9%82-%D8%A7%D9%84%D8%B9%D8%A7%D9%85%D8%A9-%D9%88%D8%A7%D9%84%D8%AE%D8%A7%D8%B5%D8%A9-%D9%88%D8%A7%D9%84%D8%B3%D8%A7%D8%AD%D8%A7%D8%AA-%D9%88%D8%A7%D9%84%D9%85%D9%8A%D8%AF%D8%A7%D9%8A%D9%86
403 Forbidden,Non trouvé,Non trouvé,Non trouvé,Aucun avis,Inconnu,Inconnu,Aucun tag,https://khamsat.com/engineering/exterior-design/2221342-%D9%88%D8%A7%D8%AC%D9%87%D8%A7%D8%AA-%D9%81%D9%84%D9%84-%D9%85%D8%A8%D9%86%D9%89-%D8%B3%D9%83%D9%86%D9%89-%D9%82%D8%B5%D9%88%D8%B1-%D9%85%D9%88%D9%84%D8%A7%D8%AA
403 Forbidden,Non trouvé,Non trouvé,Non trouvé,Aucun avis,Inconnu,Inconnu,Aucun tag,https://khamsat.com/engineering/interior-design/2671879-%D8%AA%D8%B5%D9%85%D9%8A%D9%85-%D8%AF%D8%A7%D8%AE%D9%84%D9%8A-%D8%A7%D8%AD%D8%AA%D8%B1%D8%A7%D9%81%D9%8A-%D9%84%D9%84%D9%85%D9%86%D8%B2%D9%84-%D8%A7%D9%88-%D8%A7%D9%84%D9%85%D8%B7%D8%A7%D8%B9%D9%85-%D8%A7%D9%88%D8%A7%D9%84%D9%81%D9%8A%D9%84%D8%A7%D8%AA
403 Forbidden,Non trouvé,Non trouvé,Non trouvé,Aucun avis,Inconnu,Inconnu,Aucun tag,https://khamsat.com/engineering/interior-design/2623810-%D8%AA%D8%B5%D9%85%D9%8A%D9%85-%D8%AF%D8%A7%D8%AE%D9%84%D9%8A-%D9%85%D8%AA%D8%AE%D8%B5%D8%B5%D8%A9-%D9%84%D8%BA%D8%B1%D9%81-%D8%A7%D9%84%D8%A3%D8%B7%D9%81%D8%A7%D9%84
403 Forbidden,Non trouvé,Non trouvé,Non trouvé,Aucun avis,Inconnu,Inconnu,Aucun tag,https://khamsat.com/engineering/exterior-design/2787437-%D8%AA%D8%B5%D9%85%D9%8A%D9%85-%D9%88%D8%A7%D8%AC%D9%87%D8%A7%D8%AA-%D9%85%D8%B9%D9%85%D8%A7%D8%B1%D9%8A%D8%A9-%D9%85%D9%85%D9%8A%D8%B2%D8%A9-%D8%A8%D8%AC%D9%85%D9%8A%D8%B9-%D8%A7%D9%84%D8%B7%D8%B1%D8%B2
403 Forbidden,Non trouvé,Non trouvé,Non trouvé,Aucun avis,Inconnu,Inconnu,Aucun tag,https://khamsat.com/engineering/landscape-design/3360771-%D8%AA%D8%B5%D9%85%D9%8A%D9%85-%D9%84%D8%A7%D9%86%D8%AF%D8%B3%D9%83%D9%8A%D8%A8-%D9%88%D8%AE%D8%A7%D8%B1%D8%AC%D9%89-%D9%84%D9%84%D9%85%D8%A8%D8%A7%D9%86%D9%89-%D9%88-%D8%AD%D8%AF%D8%A7%D8%A6%D9%82-%D8%A8%D9%85%D8%B3%D8%A7%D8%AD%D8%A7%D8%AA-%D9%83%D8%A8%D9%8A%D8%B1%D8%A9
403 Forbidden,Non trouvé,Non trouvé,Non trouvé,Aucun avis,Inconnu,Inconnu,Aucun tag,https://khamsat.com/engineering/interior-design/3565118-%D8%B3%D8%A3%D9%82%D9%88%D9%85-%D8%A8%D8%AA%D8%B5%D9%85%D9%8A%D9%85-%D8%AF%D9%8A%D9%83%D9%88%D8%B1-%D8%AF%D8%A7%D8%AE%D9%84%D9%8A-%D8%A7%D8%AD%D8%AA%D8%B1%D8%A7%D9%81%D9%8A-%D9%84%D8%A3%D9%8A-%D9%85%D8%B3%D8%A7%D8%AD%D8%A9
403 Forbidden,Non trouvé,Non trouvé,Non trouvé,Aucun avis,Inconnu,Inconnu,Aucun tag,https://khamsat.com/engineering/interior-design/3091591-%D8%AA%D8%B5%D9%85%D9%8A%D9%85-%D9%85%D8%B7%D8%A7%D8%A8%D8%AE-%D9%85%D8%B9-%D8%A7%D9%84%D9%85%D8%AE%D8%B7%D8%B7%D8%A7%D8%AA-%D8%A7%D9%84%D8%AA%D9%86%D9%81%D9%8A%D8%B0%D9%8A%D8%A9-%D8%A7%D9%84%D8%AF%D9%82%D9%8A%D9%82%D8%A9
403 Forbidden,Non trouvé,Non trouvé,Non trouvé,Aucun avis,Inconnu,Inconnu,Aucun tag,https://khamsat.com/engineering/landscape-design/3595341-%D8%AA%D8%B5%D9%85%D9%8A%D9%85-%D9%84%D8%A7%D9%86%D8%AF%D8%B3%D9%83%D9%8A%D8%A8-%D8%A7%D8%AD%D8%AA%D8%B1%D8%A7%D9%81%D9%8A-%D9%84%D9%84%D8%AD%D8%AF%D8%A7%D8%A6%D9%82-%D9%88%D8%A7%D9%84%D9%85%D8%B3%D8%A7%D8%AD%D8%A7%D8%AA-%D8%A7%D9%84%D8%AE%D8%A7%D8%B1%D8%AC%D9%8A%D8%A9-%D8%A8%D8%A3%D9%86%D9%88%D8%A7%D8%B9%D9%87%D8%A7
403 Forbidden,Non trouvé,Non trouvé,Non trouvé,Aucun avis,Inconnu,Inconnu,Aucun tag,https://khamsat.com/engineering/exterior-design/2408935-%D8%AA%D8%B5%D8%A7%D9%85%D9%8A%D9%85-%D9%88%D8%A7%D8%AC%D9%87%D8%A7%D8%AA-%D8%AD%D8%AF%D9%8A%D8%AB%D8%A9-%D8%AE%D8%A7%D8%B1%D8%AC%D9%8A%D8%A9-%D9%84%D9%84%D9%85%D9%86%D8%A7%D8%B2%D9%84-%D9%88%D8%A7%D9%84%D9%85%D8%A8%D8%A7%D9%86%D9%8A
403 Forbidden,Non trouvé,Non trouvé,Non trouvé,Aucun avis,Inconnu,Inconnu,Aucun tag,https://khamsat.com/engineering/interior-design/3706402-%D8%AA%D8%B5%D9%85%D9%8A%D9%85-%D9%81%D8%B1%D8%A7%D8%BA%D8%A7%D8%AA-%D8%AF%D8%A7%D8%AE%D9%84%D9%8A%D8%A9-%D9%88%D9%88%D8%A7%D8%AC%D9%87%D8%A7%D8%AA-%D8%A8%D8%A3%D9%81%D8%B6%D9%84-%D8%AC%D9%88%D8%AF%D8%A9-%D9%88%D8%B3%D8%B9%D8%B1
403 Forbidden,Non trouvé,Non trouvé,Non trouvé,Aucun avis,Inconnu,Inconnu,Aucun tag,https://khamsat.com/engineering/interior-design/2885067-%D8%AA%D8%B5%D9%85%D9%8A%D9%85-%D8%AF%D8%A7%D8%AE%D9%84%D9%8A-%D9%88-%D8%AF%D9%8A%D9%83%D9%88%D8%B1-%D8%A8%D9%88%D8%A7%D9%82%D8%B9%D9%8A%D8%A9
403 Forbidden,Non trouvé,Non trouvé,Non trouvé,Aucun avis,Inconnu,Inconnu,Aucun tag,https://khamsat.com/engineering/landscape-design/2655971-%D8%AA%D8%B5%D9%85%D9%8A%D9%85-%D8%A7%D9%8A-%D9%81%D8%B1%D8%A7%D8%BA-%D8%AF%D8%A7%D8%AE%D9%84%D9%8A-%D8%A7%D9%88-%D8%AE%D8%A7%D8%B1%D8%AC%D9%8A-%D8%A7%D9%88-%D9%84%D8%A7%D9%86%D8%AF%D8%B3%D9%83%D9%8A%D8%A8
403 Forbidden,Non trouvé,Non trouvé,Non trouvé,Aucun avis,Inconnu,Inconnu,Aucun tag,https://khamsat.com/engineering/exterior-design/1674407-%D8%AA%D8%B5%D9%85%D9%8A%D9%85-%D9%88%D8%A7%D8%AC%D9%87%D8%A7%D8%AA-%D9%85%D8%B9%D9%85%D8%A7%D8%B1%D9%8A%D8%A9-%D8%A8%D9%85%D8%AE%D8%AA%D9%84%D9%81-%D8%A7%D9%84%D8%B7%D8%B1%D8%B2
403 Forbidden,Non trouvé,Non trouvé,Non trouvé,Aucun avis,Inconnu,Inconnu,Aucun tag,https://khamsat.com/engineering/interior-design/3075989-%D8%AA%D8%B5%D9%85%D9%8A%D9%85-%D8%AF%D9%8A%D9%83%D9%88%D8%B1%D8%A7%D8%AA-%D8%AF%D8%A7%D8%AE%D9%84%D9%8A%D8%A9-%D8%A8%D8%A3%D9%81%D9%83%D8%A7%D8%B1-%D8%B9%D8%B5%D8%B1%D9%8A%D8%A9-%D9%88%D9%85%D8%AE%D8%AA%D9%84%D9%81%D8%A9
403 Forbidden,Non trouvé,Non trouvé,Non trouvé,Aucun avis,Inconnu,Inconnu,Aucun tag,https://khamsat.com/engineering/interior-design/3114309-%D8%AA%D8%B5%D9%85%D9%8A%D9%85-%D8%AF%D9%8A%D9%83%D9%88%D8%B1-%D8%AF%D8%A7%D8%AE%D9%84%D9%8A-%D9%84%D8%A3%D9%8A-%D9%81%D8%B1%D8%A7%D8%BA-%D8%A8%D8%A3%D9%81%D9%83%D8%A7%D8%B1-%D9%85%D9%85%D9%8A%D8%B2%D8%A9
403 Forbidden,Non trouvé,Non trouvé,Non trouvé,Aucun avis,Inconnu,Inconnu,Aucun tag,https://khamsat.com/engineering/landscape-design/3612399-%D8%AA%D8%B5%D9%85%D9%8A%D9%85-%D9%84%D8%A7%D9%86%D8%AF%D8%B3%D9%83%D9%8A%D8%A8-%D9%81%D9%84%D9%84-%D8%A7%D9%88-%D8%A7%D9%8A-%D9%85%D8%B3%D8%A7%D8%AD%D9%87-%D9%85%D8%B7%D9%84%D9%88%D8%A8%D9%87-%D8%A8%D8%B4%D9%83%D9%84-%D8%AD%D8%AF%D9%8A%D8%AB-%D9%88%D8%A7%D8%AD%D8%AA%D8%B1%D8%A7%D9%81%D9%8A
403 Forbidden,Non trouvé,Non trouvé,Non trouvé,Aucun avis,Inconnu,Inconnu,Aucun tag,https://khamsat.com/engineering/exterior-design/2442740-%D8%AA%D8%B5%D9%85%D9%8A%D9%85-%D8%AF%D9%8A%D9%83%D9%88%D8%B1-%D8%AE%D8%A7%D8%B1%D8%AC%D9%8A-%D8%AB%D9%84%D8%A7%D8%AB%D9%8A-%D8%A7%D9%84%D8%A7%D8%A8%D8%B9%D8%A7%D8%AF
403 Forbidden,Non trouvé,Non trouvé,Non trouvé,Aucun avis,Inconnu,Inconnu,Aucun tag,https://khamsat.com/engineering/interior-design/2596606-%D8%AA%D8%B5%D9%85%D9%8A%D9%85-%D8%AF%D9%8A%D9%83%D9%88%D8%B1-%D8%AF%D8%A7%D8%AE%D9%84%D9%8A-%D9%85%D9%86-%D8%A7%D8%AE%D8%AA%D9%8A%D8%A7%D8%B1%D9%83%D9%85-%D9%84%D9%84%D8%BA%D8%B1%D9%81
403 Forbidden,Non trouvé,Non trouvé,Non trouvé,Aucun avis,Inconnu,Inconnu,Aucun tag,https://khamsat.com/engineering/interior-design/2042195-%D8%AA%D8%B5%D9%85%D9%8A%D9%85%D8%A7%D8%AA-%D8%AF%D8%A7%D8%AE%D9%84%D9%8A%D8%A9-%D9%88-%D8%AF%D9%8A%D9%83%D9%88%D8%B1-%D8%A8%D8%AC%D9%88%D8%AF%D8%A9-%D8%B9%D8%A7%D9%84%D9%8A%D8%A9-%D9%88-%D9%88%D8%A7%D9%82%D8%B9%D9%8A%D8%A9
403 Forbidden,Non trouvé,Non trouvé,Non trouvé,Aucun avis,Inconnu,Inconnu,Aucun tag,https://khamsat.com/engineering/landscape-design/3225172-%D8%AA%D8%B5%D9%85%D9%8A%D9%85-%D8%AD%D8%AF%D8%A7%D8%A6%D9%82-%D9%88%D9%81%D9%84%D9%84-3d-%D9%88-%D9%83%D8%A7%D9%81%D8%A9-%D8%A3%D8%B9%D9%85%D8%A7%D9%84-%D8%A7%D9%84%D9%84%D8%A7%D9%86%D8%AF%D8%B3%D9%83%D9%8A%D8%A8-%D8%A8%D8%A3%D8%B3%D8%B9%D8%A7%D8%B1-%D8%A8%D8%B3%D9%8A%D8%B7%D9%87-%D9%88%D9%85%D9%81
403 Forbidden,Non trouvé,Non trouvé,Non trouvé,Aucun avis,Inconnu,Inconnu,Aucun tag,https://khamsat.com/engineering/exterior-design/3118871-%D8%AA%D8%B5%D9%85%D9%8A%D9%85-%D9%88%D8%A7%D8%AC%D9%87%D8%A7%D8%AA-%D8%AE%D8%A7%D8%B1%D8%AC%D9%8A%D9%87-%D9%83%D9%84%D8%A7%D8%B3%D9%8A%D9%83-%D9%88%D9%85%D9%88%D8%AF%D8%B1%D9%86
403 Forbidden,Non trouvé,Non trouvé,Non trouvé,Aucun avis,Inconnu,Inconnu,Aucun tag,https://khamsat.com/engineering/interior-design/3291410-%D8%AA%D8%B5%D9%85%D9%8A%D9%85-booth-%D9%84%D9%84%D9%85%D8%B9%D8%A7%D8%B1%D8%B6-%D9%88%D8%A7%D9%84%D9%85%D9%88%D9%84%D8%A7%D8%AA
403 Forbidden,Non trouvé,Non trouvé,Non trouvé,Aucun avis,Inconnu,Inconnu,Aucun tag,https://khamsat.com/engineering/interior-design/2746192-%D8%AA%D8%B5%D9%85%D9%8A%D9%85-%D8%AF%D9%8A%D9%83%D9%88%D8%B1-%D9%84%D8%AC%D8%B2%D8%A1-%D9%85%D9%86-%D8%BA%D8%B1%D9%81%D8%A9-%D8%A7%D9%84%D9%85%D8%B9%D9%8A%D8%B4%D8%A9-%D8%A8%D8%A7%D8%B6%D8%A7%D8%A1%D8%A9-%D9%84%D9%8A%D9%84%D9%8A%D8%A9
403 Forbidden,Non trouvé,Non trouvé,Non trouvé,Aucun avis,Inconnu,Inconnu,Aucun tag,https://khamsat.com/engineering/exterior-design/3213766-%D8%AA%D8%B5%D9%85%D9%8A%D9%85-%D9%88%D8%A7%D8%AC%D9%87%D8%A7%D8%AA-%D9%85%D8%B9%D9%85%D8%A7%D8%B1%D9%8A%D8%A9-%D9%83%D9%84%D8%A7%D8%B3%D9%83%D9%8A%D8%A9-%D9%88%D8%A7%D9%84%D9%85%D9%88%D8%AF%D8%B1%D9%86-%D9%85%D8%B9-%D8%A7%D9%84%D9%85%D8%AE%D8%B7%D8%B7%D8%A7%D8%AA-%D8%A7%D9%84%D8%AA%D9%86%D9%81%D9%8A%D8%B0%D9%8A%D8%A9
403 Forbidden,Non trouvé,Non trouvé,Non trouvé,Aucun avis,Inconnu,Inconnu,Aucun tag,https://khamsat.com/engineering/landscape-design/2996483-%D8%AA%D8%B5%D9%85%D9%8A%D9%85-%D9%88%D8%AA%D9%86%D8%B3%D9%8A%D9%82-%D8%A7%D8%AD%D8%AA%D8%B1%D8%A7%D9%81%D9%8A-%D9%84%D8%AD%D8%AF%D8%A7%D8%A6%D9%82-%D8%A7%D9%84%D9%81%D9%8A%D9%84%D8%A7%D8%AA-%D9%88%D8%A7%D9%84%D8%A3%D9%85%D8%A7%D9%83%D9%86-%D8%A7%D9%84%D8%B9%D8%A7%D9%85%D8%A9-%D9%88%D8%A7%D9%84%D8%AE%D8%A7%D8%B5%D8%A9
403 Forbidden,Non trouvé,Non trouvé,Non trouvé,Aucun avis,Inconnu,Inconnu,Aucun tag,https://khamsat.com/engineering/interior-design/3294118-%D8%AA%D8%B5%D9%85%D9%8A%D9%85-%D8%AF%D8%A7%D8%AE%D9%84%D9%8A-%D9%85%D9%88%D8%AF%D8%B1%D9%86-%D9%86%D9%8A%D9%88%D9%83%D9%84%D8%A7%D8%B3%D9%8A%D9%83-%D8%A8%D8%A3%D9%82%D9%84-%D8%A7%D9%84%D8%A3%D8%B3%D8%B9%D8%A7%D8%B1
403 Forbidden,Non trouvé,Non trouvé,Non trouvé,Aucun avis,Inconnu,Inconnu,Aucun tag,https://khamsat.com/engineering/interior-design/3538938-%D8%AA%D8%B5%D9%85%D9%8A%D9%85%D8%A7%D8%AA-%D8%AF%D8%A7%D8%AE%D9%84%D9%8A%D8%A9-%D9%85%D9%85%D9%8A%D8%B2%D8%A9-%D9%84%D9%84%D9%85%D8%AD%D9%84%D8%A7%D8%AA-%D8%A7%D9%84%D8%AA%D8%AC%D8%A7%D8%B1%D9%8A%D8%A9-%D8%A8%D9%83%D8%A7%D9%81%D8%A9-%D8%A3%D9%86%D9%88%D8%A7%D8%B9%D9%87%D8%A7
403 Forbidden,Non trouvé,Non trouvé,Non trouvé,Aucun avis,Inconnu,Inconnu,Aucun tag,https://khamsat.com/engineering/landscape-design/2241255-%D8%AA%D8%B5%D9%85%D9%8A%D9%85-%D9%88%D8%AA%D8%AE%D8%B7%D9%8A%D8%B7-%D9%88%D8%AA%D9%86%D8%B3%D9%8A%D9%82-%D8%AD%D8%AF%D8%A7%D8%A6%D9%82-%D9%84%D8%A7%D9%86%D8%AF%D8%B3%D9%83%D9%8A%D8%A8-2d-3d
403 Forbidden,Non trouvé,Non trouvé,Non trouvé,Aucun avis,Inconnu,Inconnu,Aucun tag,https://khamsat.com/engineering/exterior-design/2911201-%D8%AA%D8%B5%D9%85%D9%8A%D9%85-%D9%88%D8%A7%D8%AC%D9%87%D8%A7%D8%AA-%D9%85%D8%B9%D9%85%D8%A7%D8%B1%D9%8A%D8%A9-%D9%88-%D8%AE%D8%A7%D8%B1%D8%AC%D9%8A%D8%A9-%D8%B9%D8%B5%D8%B1%D9%8A%D8%A9-%D9%88-%D9%83%D9%84%D8%A7%D8%B3%D9%83%D9%8A%D8%A9
403 Forbidden,Non trouvé,Non trouvé,Non trouvé,Aucun avis,Inconnu,Inconnu,Aucun tag,https://khamsat.com/engineering/interior-design/3326015-%D8%AA%D8%B5%D8%A7%D9%85%D9%8A%D9%85-%D9%88%D8%AF%D9%8A%D9%83%D9%88%D8%B1%D8%A7%D8%AA-%D8%AF%D8%A7%D8%AE%D9%84%D9%8A%D8%A9-%D9%85%D9%85%D9%8A%D8%B2%D8%A9-%D8%A8%D8%A7%D8%B3%D8%AA%D8%AE%D8%AF%D8%A7%D9%85-%D8%A8%D8%B1%D9%86%D8%A7%D9%85%D8%AC-3ds-max
403 Forbidden,Non trouvé,Non trouvé,Non trouvé,Aucun avis,Inconnu,Inconnu,Aucun tag,https://khamsat.com/engineering/interior-design/1157142-%D8%AA%D8%B5%D9%85%D9%8A%D9%85-%D8%AF%D9%8A%D9%83%D9%88%D8%B1%D8%A7%D8%AA-%D8%AF%D8%A7%D8%AE%D9%84%D9%8A%D8%A9
403 Forbidden,Non trouvé,Non trouvé,Non trouvé,Aucun avis,Inconnu,Inconnu,Aucun tag,https://khamsat.com/engineering/landscape-design/1950522-%D8%AA%D9%86%D8%B3%D9%8A%D9%82-%D8%AD%D8%AF%D8%A7%D8%A6%D9%82-%D9%88%D8%A7%D9%84%D9%85%D8%B3%D8%A7%D8%AD%D8%A7%D8%AA-%D8%A7%D9%84%D8%AE%D8%B6%D8%B1%D8%A7%D8%A1-%D9%88%D8%A7%D9%84%D9%85%D9%86%D8%AA%D8%B2%D9%87%D8%A7%D8%AA-%D9%88%D8%A7%D9%84%D8%A7%D8%B3%D8%AA%D8%B1%D8%A7%D8%AD%D8%A7%D8%AA
403 Forbidden,Non trouvé,Non trouvé,Non trouvé,Aucun avis,Inconnu,Inconnu,Aucun tag,https://khamsat.com/engineering/exterior-design/2811972-%D8%AA%D8%B5%D9%85%D9%8A%D9%85-%D8%AE%D8%A7%D8%B1%D8%AC%D9%8A-%D9%84%D9%88%D8%A7%D8%AC%D9%87%D8%A7%D8%AA-%D9%81%D9%84%D9%84-%D9%88%D9%85%D8%A8%D8%A7%D9%86%D9%8A-%D8%B3%D9%83%D9%86%D9%8A%D8%A9
403 Forbidden,Non trouvé,Non trouvé,Non trouvé,Aucun avis,Inconnu,Inconnu,Aucun tag,https://khamsat.com/engineering/interior-design/3094009-%D8%AA%D8%B5%D9%85%D9%8A%D9%85-%D8%B1%D9%88%D9%81-%D8%B3%D8%B7%D8%AD-%D8%AA%D9%8A%D8%B1%D8%A7%D8%B3-%D9%81%D9%86%D8%A7%D8%A1-%D8%AF%D8%A7%D8%AE%D9%84%D9%8A
403 Forbidden,Non trouvé,Non trouvé,Non trouvé,Aucun avis,Inconnu,Inconnu,Aucun tag,https://khamsat.com/engineering/interior-design/3206974-%D8%AA%D8%B5%D9%85%D9%8A%D9%85-%D8%AF%D8%A7%D8%AE%D9%84%D9%8A-%D9%84%D9%81%D8%B1%D8%A7%D8%BA%D8%A7%D8%AA-%D8%A7%D9%84%D9%85%D8%A8%D8%A7%D9%86%D9%8A-%D8%A7%D9%84%D8%B3%D9%83%D9%86%D9%8A%D8%A9
403 Forbidden,Non trouvé,Non trouvé,Non trouvé,Aucun avis,Inconnu,Inconnu,Aucun tag,https://khamsat.com/engineering/landscape-design/1097611-%D8%AA%D8%B5%D9%85%D9%8A%D9%85-landscape-%D8%AA%D8%B5%D9%85%D9%8A%D9%85-%D8%B9%D9%85%D8%B1%D8%A7%D9%86%D9%89-5%D9%85-%D9%84%D9%83%D9%84-5
403 Forbidden,Non trouvé,Non trouvé,Non trouvé,Aucun avis,Inconnu,Inconnu,Aucun tag,https://khamsat.com/engineering/exterior-design/3261473-%D8%AA%D8%B5%D9%85%D9%8A%D9%85-%D9%88%D8%A7%D8%AC%D9%87%D8%A7%D8%AA-%D8%AE%D8%A7%D8%B1%D8%AC%D9%8A%D8%A9-%D9%84%D9%83%D8%A7%D9%81%D8%A9-%D8%A3%D9%86%D9%88%D8%A7%D8%B9-%D8%A7%D9%84%D9%85%D8%A8%D8%A7%D9%86%D9%8A
403 Forbidden,Non trouvé,Non trouvé,Non trouvé,Aucun avis,Inconnu,Inconnu,Aucun tag,https://khamsat.com/engineering/interior-design/3026031-%D8%AA%D8%B5%D9%85%D9%8A%D9%85-%D8%AF%D8%A7%D8%AE%D9%84%D9%8A-%D9%85%D8%AA%D9%85%D9%8A%D8%B2-%D9%84%D9%84%D9%81%D8%B1%D8%A7%D8%BA%D8%A7%D8%AA-%D8%A7%D9%84%D8%B3%D9%83%D9%86%D9%8A%D9%87
403 Forbidden,Non trouvé,Non trouvé,Non trouvé,Aucun avis,Inconnu,Inconnu,Aucun tag,https://khamsat.com/engineering/interior-design/2685449-%D8%AA%D8%B5%D9%85%D9%8A%D9%85-%D9%85%D8%B9%D9%85%D8%A7%D8%B1%D9%8A-%D8%AF%D8%A7%D8%AE%D9%84%D9%8A-%D8%A8%D8%A7%D8%B3%D8%AA%D8%AE%D8%AF%D8%A7%D9%85-3ds-max
403 Forbidden,Non trouvé,Non trouvé,Non trouvé,Aucun avis,Inconnu,Inconnu,Aucun tag,https://khamsat.com/engineering/exterior-design/732425-%D8%AA%D8%B5%D9%85%D9%8A%D9%85-%D8%AE%D8%A7%D8%B1%D8%AC%D9%8A-%D9%88%D9%88%D8%A7%D8%AC%D9%87%D8%A7%D8%AA
403 Forbidden,Non trouvé,Non trouvé,Non trouvé,Aucun avis,Inconnu,Inconnu,Aucun tag,https://khamsat.com/engineering/landscape-design/2826452-%D8%AA%D8%B5%D9%85%D9%8A%D9%85-%D8%AC%D9%85%D9%8A%D8%B9-%D8%A7%D9%86%D9%88%D8%A7%D8%B9-%D8%A7%D9%84%D9%85%D8%B3%D8%A7%D8%A8%D8%AD-3d-%D9%85%D8%B9-%D8%A7%D9%84%D9%85%D8%AE%D8%B7%D8%B7%D8%A7%D8%AA-%D8%A7%D9%84%D8%AA%D9%86%D9%81%D9%8A%D8%B0%D9%8A%D8%A9
403 Forbidden,Non trouvé,Non trouvé,Non trouvé,Aucun avis,Inconnu,Inconnu,Aucun tag,https://khamsat.com/engineering/interior-design/3011304-%D8%AF%D9%8A%D9%83%D9%88%D8%B1-%D8%B4%D9%82%D8%A9-%D8%A8%D8%B7%D8%B1%D8%A7%D8%B2-%D9%86%D9%8A%D9%88-%D9%83%D9%84%D8%A7%D8%B3%D9%8A%D9%83-%D8%A8%D8%B3%D9%8A%D8%B7-%D9%88%D8%B9%D8%B5%D8%B1%D9%8A
403 Forbidden,Non trouvé,Non trouvé,Non trouvé,Aucun avis,Inconnu,Inconnu,Aucun tag,https://khamsat.com/engineering/interior-design/3455557-%D8%AA%D8%B5%D9%85%D9%8A%D9%85-%D8%AF%D8%A7%D8%AE%D9%84%D9%8A-%D9%85%D8%B9%D8%A7%D8%B5%D8%B1-%D9%88-%D8%B1%D8%A7%D9%82%D9%8A-%D9%84%D8%B4%D9%82%D8%AA%D9%83
403 Forbidden,Non trouvé,Non trouvé,Non trouvé,Aucun avis,Inconnu,Inconnu,Aucun tag,https://khamsat.com/engineering/landscape-design/3028735-%D8%AA%D8%B5%D9%85%D9%8A%D9%85-%D8%AD%D8%AF%D8%A7%D8%A6%D9%82-3d-%D8%A8%D8%B4%D9%83%D9%84-%D8%A7%D8%AD%D8%AA%D8%B1%D8%A7%D9%81%D9%8A
403 Forbidden,Non trouvé,Non trouvé,Non trouvé,Aucun avis,Inconnu,Inconnu,Aucun tag,https://khamsat.com/engineering/exterior-design/3357689-%D8%AA%D8%B5%D9%85%D9%8A%D9%85%D8%A7%D8%AA-%D8%AE%D8%A7%D8%B1%D8%AC%D9%8A%D8%A9-%D9%84%D9%83%D8%AA%D9%84-%D9%85%D8%B9%D9%85%D8%A7%D8%B1%D9%8A%D8%A9
403 Forbidden,Non trouvé,Non trouvé,Non trouvé,Aucun avis,Inconnu,Inconnu,Aucun tag,https://khamsat.com/engineering/interior-design/3390069-%D8%AA%D8%B5%D9%85%D9%8A%D9%85-%D9%81%D8%B1%D8%A7%D8%BA-%D8%AF%D8%A7%D8%AE%D9%84%D9%8A-%D9%84%D8%BA%D8%B1%D9%81%D8%A9-%D9%85%D8%AA%D9%88%D8%B3%D8%B7%D8%A9-%D8%A7%D9%84%D8%AD%D8%AC%D9%85
403 Forbidden,Non trouvé,Non trouvé,Non trouvé,Aucun avis,Inconnu,Inconnu,Aucun tag,https://khamsat.com/engineering/interior-design/3183064-%D8%AA%D8%B5%D9%85%D9%8A%D9%85-%D8%BA%D8%B1%D9%81%D8%A9-%D9%85%D8%B9%D9%8A%D8%B4%D8%A9-%D9%88%D8%A7%D8%B3%D8%AA%D9%82%D8%A8%D8%A7%D9%84
403 Forbidden,Non trouvé,Non trouvé,Non trouvé,Aucun avis,Inconnu,Inconnu,Aucun tag,https://khamsat.com/engineering/exterior-design/2221328-%D8%AA%D8%B5%D9%85%D9%8A%D9%85-%D9%88%D8%A7%D8%AC%D9%87%D8%A7%D8%AA-%D9%85%D8%AD%D9%84%D8%A7%D8%AA-%D8%AA%D8%B5%D9%85%D9%8A%D9%85-%D8%AF%D8%A7%D8%AE%D9%84%D9%89-%D9%84%D9%84%D9%85%D8%AD%D9%84%D8%A7%D8%AA
403 Forbidden,Non trouvé,Non trouvé,Non trouvé,Aucun avis,Inconnu,Inconnu,Aucun tag,https://khamsat.com/engineering/landscape-design/1513021-%D8%AA%D8%B5%D9%85%D9%8A%D9%85-%D9%88%D8%AA%D9%86%D8%B3%D9%8A%D9%82-%D9%84%D8%A7%D9%86%D8%AF%D8%B3%D9%83%D9%8A%D8%A8-%D9%84%D8%A3%D9%8A-%D9%81%D8%B1%D8%A7%D8%BA-%D8%A8%D9%84%D9%83%D9%88%D9%86%D8%A9%D8%AD%D8%AF%D9%8A%D9%82%D8%A9-%D9%81%D9%8A%D9%84%D8%A7%D9%85%D8%B2%D8%B1%D8%B9%D8%A9
403 Forbidden,Non trouvé,Non trouvé,Non trouvé,Aucun avis,Inconnu,Inconnu,Aucun tag,https://khamsat.com/engineering/interior-design/2921460-%D8%AA%D8%B5%D9%85%D9%8A%D9%85-%D8%AF%D9%8A%D9%83%D9%88%D8%B1-%D8%AF%D8%A7%D8%AE%D9%84%D9%89%D8%A9%D8%B1%D8%A7%D8%A6%D8%B9-%D9%88%D8%A8%D9%84%D9%85%D8%B3%D8%A7%D8%AA-%D8%A5%D8%A8%D8%AF%D8%A7%D8%B9%D9%8A%D8%A9
403 Forbidden,Non trouvé,Non trouvé,Non trouvé,Aucun avis,Inconnu,Inconnu,Aucun tag,https://khamsat.com/engineering/interior-design/2771209-%D8%AA%D8%B5%D9%85%D9%8A%D9%85-%D8%AF%D9%8A%D9%83%D9%88%D8%B1%D8%A7%D8%AA-%D8%AF%D8%A7%D8%AE%D9%84%D9%8A%D8%A9-3d-%D9%84%D8%AC%D9%85%D9%8A%D8%B9-%D8%A7%D9%84%D9%81%D8%B1%D8%A7%D8%BA%D8%A7%D8%AA
403 Forbidden,Non trouvé,Non trouvé,Non trouvé,Aucun avis,Inconnu,Inconnu,Aucun tag,https://khamsat.com/engineering/landscape-design/2806725-%D8%AA%D8%B5%D9%85%D9%8A%D9%85%D8%A7%D8%AA-%D9%85%D9%85%D9%8A%D8%B2%D8%A9-%D9%84%D9%84%D8%AD%D8%AF%D8%A7%D8%A6%D9%82-%D9%88%D9%84%D8%A7%D9%86%D8%AF%D8%B3%D9%83%D9%8A%D8%A8
403 Forbidden,Non trouvé,Non trouvé,Non trouvé,Aucun avis,Inconnu,Inconnu,Aucun tag,https://khamsat.com/engineering/exterior-design/2938864-%D8%A7%D9%86%D8%B4%D8%A7%D8%A1-%D9%86%D9%85%D9%88%D8%B0%D8%AC-3d-%D9%84%D9%85%D8%B4%D8%B1%D9%88%D8%B9%D9%83-%D8%A7%D9%84%D8%AE%D8%A7%D8%B5
403 Forbidden,Non trouvé,Non trouvé,Non trouvé,Aucun avis,Inconnu,Inconnu,Aucun tag,https://khamsat.com/engineering/interior-design/3294067-%D9%85%D8%B3%D8%A7%D8%AD%D8%A9-%D8%AA%D8%B4%D8%A8%D9%87%D9%83-%D8%AA%D8%B5%D9%85%D9%8A%D9%85-%D8%AF%D8%A7%D8%AE%D9%84%D9%8A-%D9%85%D8%AA%D9%83%D8%A7%D9%85%D9%84
403 Forbidden,Non trouvé,Non trouvé,Non trouvé,Aucun avis,Inconnu,Inconnu,Aucun tag,https://khamsat.com/engineering/interior-design/2127884-%D8%AA%D8%B5%D9%85%D9%8A%D9%85-%D8%AF%D8%A7%D8%AE%D9%84%D9%8A-%D8%AF%D9%8A%D9%83%D9%88%D8%B1-%D8%A7%D8%B8%D9%87%D8%A7%D8%B1-%D8%AB%D9%84%D8%A7%D8%AB%D9%8A-%D8%A7%D9%84%D8%A7%D8%A8%D8%B9%D8%A7%D8%AF-%D9%88%D8%A7%D9%82%D8%B9%D9%8A-%D8%A7%D8%AD%D8%AA%D8%B1%D8%A7%D9%81%D9%89
403 Forbidden,Non trouvé,Non trouvé,Non trouvé,Aucun avis,Inconnu,Inconnu,Aucun tag,https://khamsat.com/engineering/exterior-design/1961862-%D8%B5%D9%85%D9%85-%D9%88%D8%AC%D9%87%D8%AA%D9%83-%D8%A7%D9%84%D8%AE%D8%A7%D8%B1%D8%AC%D9%8A%D8%A9-%D8%AA%D8%B5%D9%85%D9%8A%D9%85-%D9%8A%D9%86%D8%A7%D8%B3%D8%A8-%D8%B0%D9%88%D9%82%D9%83-%D9%88-%D8%B7%D9%84%D8%A8%D9%83
403 Forbidden,Non trouvé,Non trouvé,Non trouvé,Aucun avis,Inconnu,Inconnu,Aucun tag,https://khamsat.com/engineering/landscape-design/2379193-%D8%AA%D8%B5%D9%85%D9%8A%D9%85-%D9%88%D8%AA%D9%86%D8%B3%D9%8A%D9%82-%D9%84%D8%A7%D9%86%D8%AF%D8%B3%D9%83%D9%8A%D8%A8-%D8%A7%D9%84%D9%88%D8%AD%D8%AF%D8%A7%D8%AA-%D8%A7%D9%84%D8%B3%D9%83%D9%86%D9%8A%D9%87
403 Forbidden,Non trouvé,Non trouvé,Non trouvé,Aucun avis,Inconnu,Inconnu,Aucun tag,https://khamsat.com/engineering/interior-design/3324488-%D8%AA%D8%B5%D9%85%D9%8A%D9%85-%D8%AF%D8%A7%D8%AE%D9%84%D9%8A-3d-%D8%A7%D8%AD%D8%AA%D8%B1%D8%A7%D9%81%D9%8A-%D9%8A%D8%B9%D9%83%D8%B3-%D8%A7%D9%84%D8%B1%D8%A7%D8%AD%D8%A9-%D9%88%D8%A7%D9%84%D8%A3%D9%86%D8%A7%D9%82%D8%A9
403 Forbidden,Non trouvé,Non trouvé,Non trouvé,Aucun avis,Inconnu,Inconnu,Aucun tag,https://khamsat.com/engineering/interior-design/1932718-%D8%AA%D8%B5%D9%85%D9%8A%D9%85-%D8%AF%D9%8A%D9%83%D9%88%D8%B1%D8%A7%D8%AA-%D8%AF%D8%A7%D8%AE%D9%84%D9%8A%D8%A9-interior-design
403 Forbidden,Non trouvé,Non trouvé,Non trouvé,Aucun avis,Inconnu,Inconnu,Aucun tag,https://khamsat.com/engineering/electrical-diagrams-design/2998281-%D8%A5%D8%B9%D8%AF%D8%A7%D8%AF-%D8%A7%D9%84%D8%AF%D8%B1%D8%A7%D8%B3%D8%A7%D8%AA-%D8%A7%D9%84%D9%83%D9%87%D8%B1%D8%A8%D8%A7%D8%A6%D9%8A%D8%A9
403 Forbidden,Non trouvé,Non trouvé,Non trouvé,Aucun avis,Inconnu,Inconnu,Aucun tag,https://khamsat.com/engineering/exterior-design/3837368-%D8%AA%D8%B5%D9%85%D9%8A%D9%85-%D8%AE%D8%A7%D8%B1%D8%AC%D9%8A-%D8%B9%D9%84%D9%89-%D8%A8%D8%B1%D9%86%D8%A7%D9%85%D8%AC-3ds-max-%D8%A8%D8%A3%D8%B9%D9%84%D9%89-%D8%AC%D9%88%D8%AF%D8%A9-%D9%88%D8%A3%D9%81%D8%B6%D9%84-%D8%A7%D9%84%D8%A3%D8%B3%D8%B9%D8%A7%D8%B1
403 Forbidden,Non trouvé,Non trouvé,Non trouvé,Aucun avis,Inconnu,Inconnu,Aucun tag,https://khamsat.com/engineering/interior-design/3066422-%D8%AA%D8%B5%D9%85%D9%8A%D9%85-%D8%AF%D9%8A%D9%83%D9%88%D8%B1%D8%A7%D8%AA-%D8%AF%D8%A7%D8%AE%D9%84%D9%8A%D8%A9-%D9%84%D8%B4%D9%82%D9%82-%D9%81%D9%84%D9%84-%D9%85%D9%82%D8%A7%D9%87%D9%8A-%D9%85%D9%83%D8%A7%D8%AA%D8%A8-%D9%85%D8%B7%D8%A7%D8%B9%D9%85
403 Forbidden,Non trouvé,Non trouvé,Non trouvé,Aucun avis,Inconnu,Inconnu,Aucun tag,https://khamsat.com/engineering/interior-design/2382739-%D8%AA%D8%B5%D9%85%D9%8A%D9%85-%D8%AF%D8%A7%D8%AE%D9%84%D9%8A-%D9%84%D8%A3%D9%8A-%D9%81%D8%B1%D8%A7%D8%BA-%D9%85%D8%B9%D9%85%D8%A7%D8%B1%D9%8A-%D8%AD%D8%B3%D8%A8-%D8%A7%D9%84%D8%B7%D9%84%D8%A8-%D9%88%D8%B1%D8%BA%D8%A8%D8%A9-%D8%A7%D9%84%D9%85%D8%B4%D8%AA%D8%B1%D9%8A
403 Forbidden,Non trouvé,Non trouvé,Non trouvé,Aucun avis,Inconnu,Inconnu,Aucun tag,https://khamsat.com/engineering/electrical-diagrams-design/2389072-%D8%AA%D8%B5%D9%85%D9%8A%D9%85-%D9%85%D8%AD%D8%B7%D8%A7%D8%AA-%D8%A7%D9%84%D8%B7%D8%A7%D9%82%D8%A9-%D8%A7%D9%84%D8%B4%D9%85%D8%B3%D9%8A%D8%A9
403 Forbidden,Non trouvé,Non trouvé,Non trouvé,Aucun avis,Inconnu,Inconnu,Aucun tag,https://khamsat.com/engineering/exterior-design/3864654-%D8%AA%D8%B5%D9%85%D9%8A%D9%85-%D9%88%D8%A7%D8%AC%D9%87%D8%A7%D8%AA-%D9%85%D8%B9%D9%85%D8%A7%D8%B1%D9%8A%D8%A9-%D9%88%D9%85%D9%86%D8%A7%D8%B8%D9%8A%D8%B1-%D8%AE%D8%A7%D8%B1%D8%AC%D9%8A%D8%A9-3d
403 Forbidden,Non trouvé,Non trouvé,Non trouvé,Aucun avis,Inconnu,Inconnu,Aucun tag,https://khamsat.com/engineering/interior-design/3496294-%D8%AA%D8%B5%D9%85%D9%8A%D9%85-%D8%AF%D9%8A%D9%83%D9%88%D8%B1-%D8%AF%D8%A7%D8%AE%D9%84%D9%8A-%D9%84%D9%85%D9%82%D9%87%D9%89-%D8%A8%D8%A3%D8%B3%D9%84%D9%88%D8%A8-%D8%B9%D8%B5%D8%B1%D9%8A-%D8%AA%D9%88%D8%B2%D9%8A%D8%B9-%D8%A3%D8%AB%D8%A7%D8%AB-%D8%B1%D9%86%D8%AF%D8%B1%D8%A7%D8%AA-3d
403 Forbidden,Non trouvé,Non trouvé,Non trouvé,Aucun avis,Inconnu,Inconnu,Aucun tag,https://khamsat.com/engineering/interior-design/3081620-%D8%AA%D8%B5%D8%A7%D9%85%D9%8A%D9%85-%D9%88%D8%AF%D9%8A%D9%83%D9%88%D8%B1%D8%A7%D8%AA-%D8%AF%D8%A7%D8%AE%D9%84%D9%8A%D8%A9-%D9%84%D8%BA%D8%B1%D9%81-%D9%86%D9%88%D9%85-%D9%81%D8%AE%D9%85%D8%A9
403 Forbidden,Non trouvé,Non trouvé,Non trouvé,Aucun avis,Inconnu,Inconnu,Aucun tag,https://khamsat.com/engineering/electrical-diagrams-design/3000112-%D8%B9%D9%85%D9%84-%D8%AA%D8%B5%D9%85%D9%8A%D9%85%D8%A7%D8%AA-%D9%83%D9%87%D8%B1%D8%A8%D8%A7%D8%A6%D9%8A%D8%A9-%D9%88%D8%B9%D9%85%D9%84-%D8%AF%D8%B1%D8%A7%D8%B3%D8%A9-%D9%84%D9%87%D8%A7
403 Forbidden,Non trouvé,Non trouvé,Non trouvé,Aucun avis,Inconnu,Inconnu,Aucun tag,https://khamsat.com/engineering/exterior-design/2793334-%D9%81%D9%8A%D9%84%D8%A7-%D9%85%D9%88%D8%AF%D8%B1%D9%86-.%D8%AA%D8%B5%D8%A7%D9%85%D9%8A%D9%85-%D8%AE%D8%A7%D8%B1%D8%AC%D9%8A%D8%A9-%D8%B1%D8%A7%D8%A6%D8%B9%D8%A9
403 Forbidden,Non trouvé,Non trouvé,Non trouvé,Aucun avis,Inconnu,Inconnu,Aucun tag,https://khamsat.com/engineering/interior-design/3324460-%D8%AA%D8%B5%D9%85%D9%8A%D9%85-%D8%AF%D8%A7%D8%AE%D9%84%D9%8A-%D8%AB%D9%84%D8%A7%D8%AB%D9%8A-%D8%A7%D9%84%D8%A3%D8%A8%D8%B9%D8%A7%D8%AF-%D9%84%D9%85%D8%B7%D8%A8%D8%AE%D9%83-%D8%A8%D8%B4%D9%83%D9%84-%D8%A7%D8%AD%D8%AA%D8%B1%D8%A7%D9%81%D9%8A-%D9%88%D9%85%D9%88%D8%AF%D8%B1%D9%86
403 Forbidden,Non trouvé,Non trouvé,Non trouvé,Aucun avis,Inconnu,Inconnu,Aucun tag,https://khamsat.com/engineering/interior-design/2435346-%D8%AA%D8%B5%D9%85%D9%8A%D9%85-%D8%AF%D9%8A%D9%83%D9%88%D8%B1-%D8%AF%D8%A7%D8%AE%D9%84%D9%8A
403 Forbidden,Non trouvé,Non trouvé,Non trouvé,Aucun avis,Inconnu,Inconnu,Aucun tag,https://khamsat.com/engineering/electrical-diagrams-design/3458219-%D8%AA%D8%B5%D9%85%D9%8A%D9%85-%D9%85%D8%AE%D8%B7%D8%B7%D8%A7%D8%AA-%D8%A7%D9%84%D8%A7%D8%B6%D8%A7%D8%A1%D8%A9-%D9%88%D9%85%D8%AE%D8%B7%D8%B7%D8%A7%D8%AA-%D8%A7%D9%84%D9%83%D9%87%D8%B1%D8%A8%D8%A7%D8%A1-%D9%84%D8%AC%D9%85%D9%8A%D8%B9-%D8%A7%D9%84%D9%85%D9%86%D8%B4%D8%A2%D8%AA
403 Forbidden,Non trouvé,Non trouvé,Non trouvé,Aucun avis,Inconnu,Inconnu,Aucun tag,https://khamsat.com/engineering/exterior-design/1183698-%D8%A7%D9%84%D8%AA%D8%B5%D9%85%D9%8A%D9%85-%D8%A7%D9%84%D8%AE%D8%A7%D8%B1%D8%AC%D9%8A-%D9%84%D9%84%D9%85%D8%A8%D8%A7%D9%86%D9%8A-%D9%88-%D8%A7%D9%84%D9%88%D8%A7%D8%AC%D9%87%D8%A7%D8%AA
403 Forbidden,Non trouvé,Non trouvé,Non trouvé,Aucun avis,Inconnu,Inconnu,Aucun tag,https://khamsat.com/engineering/interior-design/3215651-%D8%AA%D8%B5%D9%85%D9%8A%D9%85-%D8%AF%D8%A7%D8%AE%D9%84%D9%8A-%D9%88%D8%AF%D9%8A%D9%83%D9%88%D8%B1-%D8%B3%D9%83%D9%86%D9%8A-%D8%A7%D8%AF%D8%B1%D8%A7%D9%8A-%D8%AA%D8%AC%D8%A7%D8%B1%D9%8A-%D8%AE%D8%AF%D9%85%D9%8A
403 Forbidden,Non trouvé,Non trouvé,Non trouvé,Aucun avis,Inconnu,Inconnu,Aucun tag,https://khamsat.com/engineering/interior-design/3574095-%D8%AA%D8%B5%D9%85%D9%8A%D9%85-%D8%AF%D8%A7%D8%AE%D9%84%D9%8A-%D9%84%D9%84%D8%AE%D8%B2%D8%A7%D8%A6%D9%86-%D8%AD%D8%B3%D8%A8-%D8%A7%D9%84%D8%B7%D9%84%D8%A8
403 Forbidden,Non trouvé,Non trouvé,Non trouvé,Aucun avis,Inconnu,Inconnu,Aucun tag,https://khamsat.com/engineering/electrical-diagrams-design/3639456-%D8%AA%D8%B5%D9%85%D9%8A%D9%85-%D9%88%D8%A7%D9%84%D8%AA%D9%88%D8%B2%D9%8A%D8%B9-%D9%84%D9%84%D8%A7%D8%B9%D9%85%D8%A7%D9%84-%D8%A7%D9%84%D9%83%D9%87%D8%B1%D8%A8%D8%A7%D8%A6%D9%8A%D8%A9-%D9%84%D8%A7%D9%89-%D9%85%D9%86%D8%B4%D8%A3%D9%87
403 Forbidden,Non trouvé,Non trouvé,Non trouvé,Aucun avis,Inconnu,Inconnu,Aucun tag,https://khamsat.com/engineering/exterior-design/2778671-%D8%AC%D8%AF%D8%AF-%D9%88%D8%A7%D8%AC%D9%87%D8%A9-%D9%85%D9%86%D8%B2%D9%84%D9%83-%D8%A8%D9%85%D8%A7-%D9%8A%D8%AA%D9%88%D8%A7%D9%81%D9%82-%D9%85%D8%B9-%D8%AC%D9%85%D8%A7%D9%84-%D8%A7%D8%AE%D8%AA%D9%8A%D8%A7%D8%B1%D9%83-%D9%84%D9%84%D8%A7%D9%86%D8%AF-%D8%B3%D9%83%D9%8A%D8%A8-%D8%AD%D8%AF%D9%8A%D9%82%D8%AA%D9%83
403 Forbidden,Non trouvé,Non trouvé,Non trouvé,Aucun avis,Inconnu,Inconnu,Aucun tag,https://khamsat.com/engineering/interior-design/3314899-%D8%AA%D8%B5%D9%85%D9%8A%D9%85-%D9%81%D8%B1%D8%A7%D8%BA%D8%A7%D8%AA-%D8%AF%D8%A7%D8%AE%D9%84%D9%8A%D8%A9-%D9%85%D8%AA%D9%86%D9%88%D8%B9%D8%A9-%D8%A8%D8%AC%D9%88%D8%AF%D8%A9-%D8%B9%D8%A7%D9%84%D9%8A%D8%A9
403 Forbidden,Non trouvé,Non trouvé,Non trouvé,Aucun avis,Inconnu,Inconnu,Aucun tag,https://khamsat.com/engineering/interior-design/2028072-%D8%AA%D8%B1%D8%AC%D9%85%D8%A9-%D8%A3%D9%81%D9%83%D8%A7%D8%B1%D9%83-%D9%84%D8%AA%D8%B5%D9%85%D9%8A%D9%85-%D8%AF%D8%A7%D8%AE%D9%84%D9%8A-%D8%A7%D8%AD%D8%AA%D8%B1%D8%A7%D9%81%D9%8A
403 Forbidden,Non trouvé,Non trouvé,Non trouvé,Aucun avis,Inconnu,Inconnu,Aucun tag,https://khamsat.com/engineering/electrical-diagrams-design/3313772-%D8%A8%D8%A7%D8%B3%D8%AA%D8%AE%D8%AF%D8%A7%D9%85-%D9%86%D9%85%D8%B0%D8%AC%D9%87-%D8%A7%D9%84%D8%B1%D9%8A%D9%81%D8%AA-%D8%AA%D8%B5%D9%85%D9%8A%D9%85-%D8%A7%D9%84%D9%85%D8%AE%D8%B7%D8%B7%D8%A7%D8%AA-%D8%A7%D9%84%D9%83%D9%87%D8%B1%D8%A8%D8%A7%D8%A6%D9%8A%D8%A9-%D9%88%D8%A7%D9%84%D8%AA%D9%8A%D8%A7%D8%B1-%D8%A7%D9%84%D8%AE%D9%81
403 Forbidden,Non trouvé,Non trouvé,Non trouvé,Aucun avis,Inconnu,Inconnu,Aucun tag,https://khamsat.com/engineering/exterior-design/2999897-%D8%AA%D8%B5%D9%85%D9%8A%D9%85-%D9%88%D8%A7%D8%AC%D9%87%D8%A7%D8%AA-%D9%85%D8%B9%D9%85%D8%A7%D8%B1%D9%8A%D8%A9-%D8%AA%D8%AC%D8%A7%D8%B1%D9%8A%D8%A9-%D9%85%D8%A8%D8%AA%D9%83%D8%B1%D8%A9-%D8%AA%D8%B9%D9%83%D8%B3-%D9%87%D9%88%D9%8A%D8%A9-%D8%B9%D9%85%D9%84%D9%83
403 Forbidden,Non trouvé,Non trouvé,Non trouvé,Aucun avis,Inconnu,Inconnu,Aucun tag,https://khamsat.com/engineering/interior-design/3467474-%D8%AA%D8%B5%D9%85%D9%8A%D9%85-%D8%AF%D8%A7%D8%AE%D9%84%D9%8A-%D8%AF%D9%8A%D9%83%D9%88%D8%B1-%D9%85%D8%B9-%D9%85%D8%AE%D8%B7%D8%B7%D8%A7%D8%AA-shop-drawing
403 Forbidden,Non trouvé,Non trouvé,Non trouvé,Aucun avis,Inconnu,Inconnu,Aucun tag,https://khamsat.com/engineering/interior-design/2947301-%D8%AA%D8%B5%D9%85%D9%8A%D9%85-%D8%AF%D8%A7%D8%AE%D9%84%D9%89-3d-%D8%AF%D9%8A%D9%83%D9%88%D8%B1%D8%A7%D8%AA-%D8%B9%D8%B5%D8%B1%D9%8A%D8%A9
403 Forbidden,Non trouvé,Non trouvé,Non trouvé,Aucun avis,Inconnu,Inconnu,Aucun tag,https://khamsat.com/engineering/electrical-diagrams-design/2737279-%D8%B9%D9%85%D9%84-%D8%B1%D8%B3%D9%88%D9%85%D8%A7%D8%AA-%D8%B4%D9%88%D8%A8-%D8%AF%D8%B1%D9%88%D9%86%D8%AC-%D9%84%D9%84%D8%A3%D8%B9%D9%85%D8%A7%D9%84-%D8%A7%D9%84%D9%83%D9%87%D8%B1%D8%A8%D8%A7%D8%A6%D9%8A%D8%A9
403 Forbidden,Non trouvé,Non trouvé,Non trouvé,Aucun avis,Inconnu,Inconnu,Aucun tag,https://khamsat.com/engineering/exterior-design/1765251-%D8%AA%D8%B5%D9%85%D9%8A%D9%85-%D9%88%D8%A7%D8%AC%D9%87%D8%A7%D8%AA-%D9%88%D9%85%D8%AE%D8%B7%D8%B7%D8%A7%D8%AA-%D9%88-%D8%AF%D9%8A%D9%83%D9%88%D8%B1-%D8%A7%D9%84%D9%85%D9%86%D8%A7%D8%B2%D9%84-%D9%88-%D8%A7%D9%84%D8%B4%D8%A7%D9%84%D9%8A%D9%87%D8%A7%D8%AA-%D9%88-%D8%A7%D9%84%D9%85%D8%AD%D9%84%D8%A7%D8%AA-%D8%A7%D9%84%D8%AA%D8%AC%D8%A7%D8%B1%D9%8A%D8%A9-2d3d%D9%81%D9%8A%D8%AF%D9%8A%D9%88
403 Forbidden,Non trouvé,Non trouvé,Non trouvé,Aucun avis,Inconnu,Inconnu,Aucun tag,https://khamsat.com/engineering/interior-design/3775322-%D8%AA%D8%B5%D8%A7%D9%85%D9%8A%D9%85-%D8%AF%D8%A7%D8%AE%D9%84%D9%8A%D8%A9-%D8%A8%D8%A3%D9%81%D9%83%D8%A7%D8%B1-%D9%88%D9%86%D8%AA%D8%A7%D8%A6%D8%AC-%D9%88%D8%A7%D9%82%D8%B9%D9%8A%D8%A9
403 Forbidden,Non trouvé,Non trouvé,Non trouvé,Aucun avis,Inconnu,Inconnu,Aucun tag,https://khamsat.com/engineering/interior-design/1361519-%D8%AA%D8%B5%D9%85%D9%8A%D9%85-%D8%AF%D8%A7%D8%AE%D9%84%D9%8A-%D9%88%D8%AF%D9%8A%D9%83%D9%88%D8%B1
403 Forbidden,Non trouvé,Non trouvé,Non trouvé,Aucun avis,Inconnu,Inconnu,Aucun tag,https://khamsat.com/engineering/electrical-diagrams-design/2137517-%D8%A5%D8%B9%D8%AF%D8%A7%D8%AF-%D9%88%D8%AA%D8%B5%D9%85%D9%8A%D9%85-%D8%A7%D9%84%D8%AF%D8%B1%D8%A7%D8%B3%D8%A7%D8%AA-%D8%A7%D9%84%D9%83%D9%87%D8%B1%D8%A8%D8%A7%D8%A6%D9%8A%D8%A9-%D9%88%D8%B1%D8%B3%D9%85-%D9%85%D8%AE%D8%B7%D8%B7%D8%A7%D8%AA-autocad
403 Forbidden,Non trouvé,Non trouvé,Non trouvé,Aucun avis,Inconnu,Inconnu,Aucun tag,https://khamsat.com/engineering/exterior-design/2881613-%D8%AA%D8%B5%D9%85%D9%8A%D9%85-%D9%88%D8%A7%D8%AC%D9%87%D8%A7%D8%AA-%D8%A8%D8%AC%D9%85%D9%8A%D8%B9-%D8%A7%D9%84%D8%B7%D8%B1%D8%A7%D8%B2%D8%A7%D8%AA-%D8%A7%D9%84%D9%85%D8%B9%D9%85%D8%A7%D8%B1%D9%8A%D8%A9
403 Forbidden,Non trouvé,Non trouvé,Non trouvé,Aucun avis,Inconnu,Inconnu,Aucun tag,https://khamsat.com/engineering/interior-design/3039012-%D8%AA%D8%B5%D9%85%D9%8A%D9%85-%D8%BA%D8%B1%D9%81-%D9%86%D9%88%D9%85-%D9%85%D9%88%D8%AF%D8%B1%D9%86-%D8%A7%D9%88-%D8%AE%D8%B2%D8%A7%D8%A6%D9%86-%D8%AD%D8%A7%D8%A6%D8%B7
403 Forbidden,Non trouvé,Non trouvé,Non trouvé,Aucun avis,Inconnu,Inconnu,Aucun tag,https://khamsat.com/engineering/interior-design/3076903-%D8%AA%D8%B5%D9%85%D9%8A%D9%85-%D8%AF%D8%A7%D8%AE%D9%84%D9%8A-%D9%88%D8%AF%D9%8A%D9%83%D9%88%D8%B1-2d-%D9%88-3d
403 Forbidden,Non trouvé,Non trouvé,Non trouvé,Aucun avis,Inconnu,Inconnu,Aucun tag,https://khamsat.com/engineering/electrical-diagrams-design/2901616-%D8%AA%D8%B5%D9%85%D9%8A%D9%85-%D8%A7%D9%84%D8%A5%D9%86%D8%A7%D8%B1%D8%A9-%D8%A7%D9%84%D8%AF%D8%A7%D8%AE%D9%84%D9%8A%D8%A9-%D9%88%D8%A7%D9%84%D8%AE%D8%A7%D8%B1%D8%AC%D9%8A%D8%A9
403 Forbidden,Non trouvé,Non trouvé,Non trouvé,Aucun avis,Inconnu,Inconnu,Aucun tag,https://khamsat.com/engineering/exterior-design/3085898-%D9%87%D9%86%D8%AF%D8%B3%D8%A9-%D9%85%D8%B9%D9%85%D8%A7%D8%B1%D9%8A%D8%A9-%D9%88%D8%AA%D8%B5%D9%85%D9%8A%D9%85-3d-%D8%AF%D8%A7%D8%AE%D9%84%D9%8A-%D9%88%D8%AE%D8%A7%D8%B1%D8%AC%D9%8A
403 Forbidden,Non trouvé,Non trouvé,Non trouvé,Aucun avis,Inconnu,Inconnu,Aucun tag,https://khamsat.com/engineering/interior-design/3417827-%D8%AA%D8%B5%D9%85%D9%8A%D9%85-%D9%85%D8%B9%D9%85%D8%A7%D8%B1%D9%8A-%D8%AF%D8%A7%D8%AE%D9%84%D9%8A-%D8%A8%D8%A7%D8%B3%D8%AA%D8%AE%D8%AF%D8%A7%D9%85-3ds-max
403 Forbidden,Non trouvé,Non trouvé,Non trouvé,Aucun avis,Inconnu,Inconnu,Aucun tag,https://khamsat.com/engineering/interior-design/3074507-%D8%AA%D8%B5%D9%85%D9%8A%D9%85-%D9%85%D9%86%D8%A7%D8%B2%D9%84-%D9%88%D9%85%D8%A8%D8%A7%D9%86%D9%8A-%D8%AB%D9%84%D8%A7%D8%AB%D9%8A%D8%A9-%D8%A7%D9%84%D8%A3%D8%A8%D8%B9%D8%A7%D8%AF-%D9%88%D8%A7%D9%82%D8%B9%D9%8A%D8%A9-%D8%A8%D8%A7%D8%AD%D8%AA%D8%B1%D8%A7%D9%81%D9%8A%D8%A9
403 Forbidden,Non trouvé,Non trouvé,Non trouvé,Aucun avis,Inconnu,Inconnu,Aucun tag,https://khamsat.com/engineering/electrical-diagrams-design/3835954-%D8%AF%D8%B1%D8%A7%D8%B3%D8%A7%D8%AA-%D9%83%D9%87%D8%B1%D8%A8%D8%A7%D8%A6%D9%8A%D8%A9-%D9%85%D8%AA%D9%83%D8%A7%D9%85%D9%84%D8%A9-%D9%84%D9%84%D9%85%D8%A8%D8%A7%D9%86%D9%8A-%D8%A7%D9%84%D8%B3%D9%83%D9%86%D9%8A%D8%A9-%D9%88-%D8%A7%D9%84%D8%AA%D8%AC%D8%A7%D8%B1%D9%8A%D8%A9
403 Forbidden,Non trouvé,Non trouvé,Non trouvé,Aucun avis,Inconnu,Inconnu,Aucun tag,https://khamsat.com/engineering/exterior-design/2418155-%D8%AA%D8%B5%D9%85%D9%8A%D9%85-%D9%81%D9%8A%D9%84%D8%A7-%D8%B3%D9%83%D9%86%D9%8A%D8%A9-%D9%85%D9%86-%D8%A7%D9%84%D8%AF%D8%A7%D8%AE%D9%84-%D9%88%D8%A7%D9%84%D8%AE%D8%A7%D8%B1%D8%AC
403 Forbidden,Non trouvé,Non trouvé,Non trouvé,Aucun avis,Inconnu,Inconnu,Aucun tag,https://khamsat.com/engineering/interior-design/3166228-%D8%AA%D8%B5%D9%85%D9%8A%D9%85-%D9%85%D8%B7%D8%A8%D8%AE-%D8%B9%D8%B5%D8%B1%D9%8A-%D9%85%D8%B9-%D8%A7%D8%B3%D8%AA%D8%BA%D9%84%D8%A7%D9%84-%D8%A7%D9%84%D9%85%D8%B3%D8%A7%D8%AD%D8%A7%D8%AA
403 Forbidden,Non trouvé,Non trouvé,Non trouvé,Aucun avis,Inconnu,Inconnu,Aucun tag,https://khamsat.com/engineering/interior-design/2247844-%D8%AA%D8%B5%D9%85%D9%8A%D9%85-%D8%AB%D9%84%D8%A7%D8%AB%D9%8A-%D8%A7%D9%84%D8%A3%D8%A8%D8%B9%D8%A7%D8%AF-3d-design-exterior-interior
403 Forbidden,Non trouvé,Non trouvé,Non trouvé,Aucun avis,Inconnu,Inconnu,Aucun tag,https://khamsat.com/engineering/electrical-diagrams-design/3263600-%D9%85%D8%AE%D8%B7%D8%B7%D8%A7%D8%AA-%D9%83%D9%87%D8%B1%D8%A8%D9%8A%D8%A9-design-shop-drawing-%D9%84%D8%A3%D9%8A-%D9%85%D9%86%D8%B4%D8%A3-%D8%B3%D9%83%D9%86%D9%8A-%D8%AA%D8%AC%D8%A7%D8%B1%D9%8A-%D8%A5%D8%AF%D8%A7%D8%B1%D9%8A
403 Forbidden,Non trouvé,Non trouvé,Non trouvé,Aucun avis,Inconnu,Inconnu,Aucun tag,https://khamsat.com/engineering/exterior-design/1794353-%D8%A7%D8%B5%D9%85%D9%85-%D9%84%D9%83-%D9%85%D9%86%D8%B2%D9%84%D9%83-%D8%A8%D8%A7%D8%AD%D8%AA%D8%B1%D8%A7%D9%81%D9%8A%D8%A9-%D8%B9%D8%A7%D9%84%D9%8A%D8%A9-%D8%B9%D9%84%D9%89-%D8%A8%D8%B1%D9%86%D8%A7%D9%85%D8%AC%D9%8A-autocad-3dsmax
403 Forbidden,Non trouvé,Non trouvé,Non trouvé,Aucun avis,Inconnu,Inconnu,Aucun tag,https://khamsat.com/engineering/interior-design/3270852-%D8%AA%D8%B5%D9%85%D9%8A%D9%85-%D8%AF%D9%8A%D9%83%D9%88%D8%B1-%D8%AF%D8%A7%D8%AE%D9%84%D9%8A-%D9%85%D9%85%D9%8A%D8%B2-%D9%84%D9%83%D9%84-%D8%A7%D9%86%D9%88%D8%A7%D8%B9-%D8%A7%D9%84%D9%81%D9%84%D9%84-%D9%88%D8%A7%D9%84%D8%B4%D9%82%D9%82-%D8%A7%D9%84%D8%B3%D9%83%D9%86%D9%8A%D8%A9
403 Forbidden,Non trouvé,Non trouvé,Non trouvé,Aucun avis,Inconnu,Inconnu,Aucun tag,https://khamsat.com/engineering/interior-design/3079180-%D8%AE%D8%AF%D9%85%D8%A9-%D8%AA%D8%B5%D9%85%D9%8A%D9%85-%D8%A7%D9%84%D8%A3%D8%AB%D8%A7%D8%AB-%D9%88%D8%A7%D9%84%D9%85%D8%B7%D8%A7%D8%A8%D8%AE-%D8%A7%D9%84%D8%B9%D8%B5%D8%B1%D9%8A%D8%A9
403 Forbidden,Non trouvé,Non trouvé,Non trouvé,Aucun avis,Inconnu,Inconnu,Aucun tag,https://khamsat.com/engineering/electrical-diagrams-design/3831098-%D8%AA%D8%B5%D9%85%D9%8A%D9%85-%D9%86%D8%B8%D8%A7%D9%85-%D9%83%D8%A7%D9%85%D9%8A%D8%B1%D8%A7%D8%AA-%D9%85%D8%B1%D8%A7%D9%82%D8%A8%D8%A9-%D9%85%D8%B9-%D9%85%D8%AE%D8%B7%D8%B7%D8%A7%D8%AA-%D9%88-%D8%AD%D8%B5%D8%B1-%D9%83%D9%85%D9%8A%D8%A7%D8%AA-cctv
403 Forbidden,Non trouvé,Non trouvé,Non trouvé,Aucun avis,Inconnu,Inconnu,Aucun tag,https://khamsat.com/engineering/exterior-design/3035434-%D8%AA%D8%B5%D9%85%D9%8A%D9%85-%D9%88%D8%A7%D8%AC%D9%87%D8%A7%D8%AA-%D9%85%D8%B9%D9%85%D8%A7%D8%B1%D9%8A%D8%A9-3d-%D9%83%D9%84%D8%A7%D8%B3%D9%8A%D9%83-%D9%86%D9%8A%D9%88-%D9%83%D9%84%D8%A7%D8%B3%D9%8A%D9%83-%D9%85%D9%88%D8%AF%D8%B1%D9%86
403 Forbidden,Non trouvé,Non trouvé,Non trouvé,Aucun avis,Inconnu,Inconnu,Aucun tag,https://khamsat.com/engineering/interior-design/3134050-%D8%AA%D8%B5%D9%85%D9%8A%D9%85-%D8%AF%D8%A7%D8%AE%D9%84%D9%8A-%D9%84%D8%AC%D9%85%D9%8A%D8%B9-%D8%A7%D9%84%D9%81%D8%B1%D8%A7%D8%BA%D8%A7%D8%AA-%D8%A7%D9%84%D9%85%D8%B9%D9%85%D8%A7%D8%B1%D9%8A%D8%A9-%D9%88-%D8%A7%D9%84%D9%85%D8%AE%D8%B7%D8%B7%D8%A7%D8%AA-%D8%A7%D9%84%D8%AA%D9%86%D9%81%D9%8A%D8%B0%D9%8A%D8%A9
403 Forbidden,Non trouvé,Non trouvé,Non trouvé,Aucun avis,Inconnu,Inconnu,Aucun tag,https://khamsat.com/engineering/interior-design/2861230-%D8%AA%D8%B5%D8%A7%D9%85%D9%8A%D9%85-%D9%85%D8%B9%D9%85%D8%A7%D8%B1%D9%8A%D8%A9-%D8%A7%D8%AD%D8%AA%D8%B1%D8%A7%D9%81%D9%8A%D8%A9-%D9%88%D8%A8%D8%AC%D9%88%D8%AF%D8%A9-%D8%B9%D8%A7%D9%84%D9%8A%D8%A9-%D8%A8%D8%A3%D8%B3%D8%B9%D8%A7%D8%B1-%D9%85%D9%86%D8%A7%D8%B3%D8%A8%D8%A9
403 Forbidden,Non trouvé,Non trouvé,Non trouvé,Aucun avis,Inconnu,Inconnu,Aucun tag,https://khamsat.com/engineering/electrical-diagrams-design/1611315-%D9%85%D8%AE%D8%B7%D8%B7%D8%A7%D8%AA-%D8%AA%D9%86%D9%81%D9%8A%D8%B0%D9%8A%D8%A9-%D9%83%D9%87%D8%B1%D8%A8%D8%A7%D8%A6%D9%8A%D8%A9-%D8%A8%D8%A7%D8%B3%D8%AA%D8%AE%D8%AF%D8%A7%D9%85-%D8%A7%D9%84%D8%A7%D9%88%D8%AA%D9%88%D9%83%D8%A7%D8%AF-%D8%A7%D9%88-%D8%A7%D9%84%D8%B1%D9%8A%D9%81%D9%8A%D8%AA
403 Forbidden,Non trouvé,Non trouvé,Non trouvé,Aucun avis,Inconnu,Inconnu,Aucun tag,https://khamsat.com/engineering/exterior-design/3629632-%D8%AA%D8%B5%D9%85%D9%8A%D9%85-%D9%88%D8%A7%D8%AC%D9%87%D8%A7%D8%AA-%D9%81%D9%8A%D9%84%D8%A7-%D8%A7%D8%AD%D8%AA%D8%B1%D8%A7%D9%81%D9%8A%D8%A9-%D8%A8%D8%A7%D8%B3%D8%AA%D8%AE%D8%AF%D8%A7%D9%85-revit-%D9%88enscape-%D8%A8%D8%AC%D9%88%D8%AF%D8%A9-%D9%88%D8%A7%D9%82%D8%B9%D9%8A%D8%A9
403 Forbidden,Non trouvé,Non trouvé,Non trouvé,Aucun avis,Inconnu,Inconnu,Aucun tag,https://khamsat.com/engineering/interior-design/2992130-%D8%AA%D8%B5%D9%85%D9%8A%D9%85-%D8%AF%D9%8A%D9%83%D9%88%D8%B1-%D8%AF%D8%A7%D8%AE%D9%84%D9%8A-interior-design
403 Forbidden,Non trouvé,Non trouvé,Non trouvé,Aucun avis,Inconnu,Inconnu,Aucun tag,https://khamsat.com/engineering/interior-design/2557132-%D8%AA%D8%B5%D9%85%D9%8A%D9%85-%D8%AF%D8%A7%D8%AE%D9%84%D9%8A-%D9%88%D8%AF%D9%8A%D9%83%D9%88%D8%B1-%D9%81%D9%84%D9%84-%D9%88-%D8%B4%D9%82%D9%82-%D9%88-%D8%B5%D8%A7%D9%84%D8%A7%D8%AA-3d
403 Forbidden,Non trouvé,Non trouvé,Non trouvé,Aucun avis,Inconnu,Inconnu,Aucun tag,https://khamsat.com/engineering/electrical-diagrams-design/2799409-%D8%A5%D8%B9%D8%AF%D8%A7%D8%AF-%D9%88%D8%AA%D8%B5%D9%85%D9%8A%D9%85-%D8%A7%D9%84%D8%AF%D8%B1%D8%A7%D8%B3%D8%A7%D8%AA-%D8%A7%D9%84%D9%83%D9%87%D8%B1%D8%A8%D8%A7%D8%A6%D9%8A%D8%A9-%D9%84%D9%85%D8%AE%D8%AA%D9%84%D9%81-%D8%A7%D9%84%D9%85%D8%B4%D8%A7%D8%B1%D9%8A%D8%B9
403 Forbidden,Non trouvé,Non trouvé,Non trouvé,Aucun avis,Inconnu,Inconnu,Aucun tag,https://khamsat.com/engineering/exterior-design/2605676-%D8%AA%D8%B5%D9%85%D9%8A%D9%85-%D9%81%D9%8A%D8%AF%D9%8A%D9%88-%D9%84%D9%88%D8%A7%D8%AC%D9%87%D8%A7%D8%AA-%D9%85%D8%B9%D9%85%D8%A7%D8%B1%D9%8A%D8%A9-%D8%AE%D8%A7%D8%B1%D8%AC%D9%8A%D8%A9
403 Forbidden,Non trouvé,Non trouvé,Non trouvé,Aucun avis,Inconnu,Inconnu,Aucun tag,https://khamsat.com/engineering/interior-design/2445387-%D8%B3%D9%88%D9%81-%D8%A3%D9%82%D9%88%D9%85-%D8%A8%D8%A5%D9%86%D8%B4%D8%A7%D8%A1-%D8%AA%D8%B5%D9%85%D9%8A%D9%85%D9%83-%D8%A7%D9%84%D8%B1%D8%A7%D8%A6%D8%B9-%D9%81%D9%8A-%D8%AA%D9%82%D8%AF%D9%8A%D9%85-%D8%AB%D9%84%D8%A7%D8%AB%D9%8A-%D8%A7%D9%84%D8%A3%D8%A8%D8%B9%D8%A7%D8%AF
403 Forbidden,Non trouvé,Non trouvé,Non trouvé,Aucun avis,Inconnu,Inconnu,Aucun tag,https://khamsat.com/engineering/interior-design/1894259-interior-design-%D8%AF%D9%8A%D9%83%D9%88%D8%B1-%D8%AF%D8%A7%D8%AE%D9%84%D9%8A
403 Forbidden,Non trouvé,Non trouvé,Non trouvé,Aucun avis,Inconnu,Inconnu,Aucun tag,https://khamsat.com/engineering/electrical-diagrams-design/2881387-%D8%AA%D8%B5%D9%85%D9%8A%D9%85-%D9%85%D9%86%D8%B8%D9%88%D9%85%D8%A7%D8%AA-%D8%A7%D9%84%D8%B7%D8%A7%D9%82%D8%A9-%D8%A7%D9%84%D8%B4%D9%85%D8%B3%D9%8A%D8%A9
403 Forbidden,Non trouvé,Non trouvé,Non trouvé,Aucun avis,Inconnu,Inconnu,Aucun tag,https://khamsat.com/engineering/exterior-design/3196146-%D8%AA%D8%B5%D9%85%D9%8A%D9%85-%D8%AE%D8%A7%D8%B1%D8%AC%D9%89-%D9%84%D9%84%D9%88%D8%A7%D8%AC%D9%87%D8%A7%D8%AA-%D8%A7%D9%84%D9%85%D8%B9%D9%85%D8%A7%D8%B1%D9%8A%D8%A9-%D8%A7%D9%84%D9%83%D9%84%D8%A7%D8%B3%D9%8A%D9%83%D9%8A%D8%A9-%D9%88%D8%A7%D9%84%D9%85%D9%88%D8%AF%D8%B1%D9%86
403 Forbidden,Non trouvé,Non trouvé,Non trouvé,Aucun avis,Inconnu,Inconnu,Aucun tag,https://khamsat.com/engineering/interior-design/3489889-%D8%AA%D8%B5%D9%85%D9%8A%D9%85-%D8%AF%D9%8A%D9%83%D9%88%D8%B1-%D8%AF%D8%A7%D8%AE%D9%84%D9%8A-%D9%85%D8%B9-%D9%85%D8%AE%D8%B7%D8%B7%D8%A7%D8%AA-%D8%AA%D9%86%D9%81%D9%8A%D8%B0%D9%8A%D8%A9-interior-design-3d
403 Forbidden,Non trouvé,Non trouvé,Non trouvé,Aucun avis,Inconnu,Inconnu,Aucun tag,https://khamsat.com/engineering/interior-design/2472319-%D8%AA%D8%B5%D9%85%D9%8A%D9%85-%D8%AF%D8%A7%D8%AE%D9%84%D9%8A-%D9%88%D8%AE%D8%A7%D8%B1%D8%AC%D9%8A-%D9%81%D9%84%D8%A7%D9%84%D9%84-%D8%B4%D9%82%D8%A9-%D8%B3%D9%83%D9%86%D9%8A%D8%A9-%D9%88%D8%A7%D8%AC%D9%87%D8%A7%D8%AA-%D8%AE%D8%A7%D8%B1%D8%AC%D9%8A%D8%A9
403 Forbidden,Non trouvé,Non trouvé,Non trouvé,Aucun avis,Inconnu,Inconnu,Aucun tag,https://khamsat.com/engineering/electrical-diagrams-design/2402467-%D8%AA%D8%B5%D9%85%D9%8A%D9%85-%D8%A7%D9%86%D8%A7%D8%B1%D8%A9-%D9%88-%D8%A7%D8%B6%D8%A7%D8%A1%D8%A9-%D8%AF%D8%A7%D8%AE%D9%84%D9%8A%D8%A9-%D9%84%D9%84%D8%BA%D8%B1%D9%81-%D9%88-%D8%A7%D9%84%D9%85%D9%86%D8%A7%D8%B2%D9%84
403 Forbidden,Non trouvé,Non trouvé,Non trouvé,Aucun avis,Inconnu,Inconnu,Aucun tag,https://khamsat.com/engineering/exterior-design/2873826-%D8%AA%D8%B5%D9%85%D9%8A%D9%85-%D8%AE%D8%A7%D8%B1%D8%AC%D9%8A-%D9%84%D9%83%D8%A7%D9%81%D8%A9-%D8%A7%D9%84%D9%81%D8%B9%D8%A7%D9%84%D9%8A%D8%A7%D8%AA-%D8%A8%D8%AC%D9%88%D8%AF%D8%A9-%D8%B9%D8%A7%D9%84%D9%8A%D8%A9
403 Forbidden,Non trouvé,Non trouvé,Non trouvé,Aucun avis,Inconnu,Inconnu,Aucun tag,https://khamsat.com/engineering/interior-design/2077584-%D8%AA%D8%B5%D9%85%D9%8A%D9%85-%D8%AF%D8%A7%D8%AE%D9%84%D9%8A-interior-design
403 Forbidden,Non trouvé,Non trouvé,Non trouvé,Aucun avis,Inconnu,Inconnu,Aucun tag,https://khamsat.com/engineering/interior-design/3104827-%D8%AA%D8%B5%D9%85%D9%8A%D9%85-%D8%AF%D8%A7%D8%AE%D9%84%D9%8A-%D8%AF%D9%8A%D9%83%D9%88%D8%B1-%D8%A8%D8%A3%D9%81%D9%83%D8%A7%D8%B1-%D8%B9%D8%B5%D8%B1%D9%8A%D8%A9-%D9%85%D9%85%D9%8A%D8%B2%D8%A9
403 Forbidden,Non trouvé,Non trouvé,Non trouvé,Aucun avis,Inconnu,Inconnu,Aucun tag,https://khamsat.com/engineering/electrical-diagrams-design/3186622-%D8%AA%D8%B5%D9%85%D9%8A%D9%85-%D8%A7%D9%84%D8%A7%D9%86%D8%A7%D8%B1%D8%A9-%D9%88%D8%AF%D8%B1%D8%A7%D8%B3%D8%A7%D8%AA-%D9%83%D9%87%D8%B1%D8%A8%D8%A7%D8%A6%D9%8A%D8%A9
403 Forbidden,Non trouvé,Non trouvé,Non trouvé,Aucun avis,Inconnu,Inconnu,Aucun tag,https://khamsat.com/engineering/exterior-design/3169112-%D8%AA%D8%B5%D9%85%D9%8A%D9%85-%D8%AE%D8%A7%D8%B1%D8%AC%D9%8A-%D9%85%D8%AA%D9%85%D9%8A%D8%B2-%D8%A8%D8%A7%D8%B3%D8%B9%D8%A7%D8%B1-%D9%85%D9%86%D8%A7%D8%B3%D8%A8%D8%A9-%D9%81%D9%8A%D9%84%D8%A7-%D9%85%D9%86%D8%B2%D9%84-%D9%85%D9%83%D8%A7%D8%AA%D8%A8-%D8%A7%D8%A8%D8%B1%D8%A7%D8%AC
403 Forbidden,Non trouvé,Non trouvé,Non trouvé,Aucun avis,Inconnu,Inconnu,Aucun tag,https://khamsat.com/engineering/interior-design/2531397-%D8%AA%D8%B5%D9%85%D9%8A%D9%85-%D8%AF%D9%8A%D9%83%D9%88%D8%B1-%D8%AF%D8%A7%D8%AE%D9%84%D9%8A-%D8%A8%D8%A7%D8%B3%D8%AA%D8%AE%D8%AF%D8%A7%D9%85-%D8%A8%D8%B1%D9%86%D8%A7%D9%85%D8%AC3ds-max
403 Forbidden,Non trouvé,Non trouvé,Non trouvé,Aucun avis,Inconnu,Inconnu,Aucun tag,https://khamsat.com/engineering/interior-design/2890579-%D8%AA%D8%B5%D9%85%D9%8A%D9%85-%D8%AF%D9%8A%D9%83%D9%88%D8%B1-%D8%AF%D8%A7%D8%AE%D9%84%D9%8A-%D9%88%D8%AE%D8%A7%D8%B1%D8%AC%D9%8A-3d-max
403 Forbidden,Non trouvé,Non trouvé,Non trouvé,Aucun avis,Inconnu,Inconnu,Aucun tag,https://khamsat.com/engineering/electrical-diagrams-design/1048175-%D8%B1%D8%B3%D9%85-%D9%85%D8%AE%D8%B7%D8%B7%D8%A7%D8%AA-%D8%A7%D9%84%D9%83%D9%87%D8%B1%D8%A8%D8%A7%D8%A1-%D9%88%D8%A7%D9%84%D8%AA%D8%AD%D9%83%D9%85-%D9%88%D8%A7%D9%84%D8%A5%D8%AA%D8%B5%D8%A7%D9%84%D8%A7%D8%AA-autocad
403 Forbidden,Non trouvé,Non trouvé,Non trouvé,Aucun avis,Inconnu,Inconnu,Aucun tag,https://khamsat.com/engineering/exterior-design/3062804-%D8%AA%D8%B5%D9%85%D9%8A%D9%85-%D9%88%D8%A7%D8%AC%D9%87%D8%A7%D8%AA-%D9%85%D8%B9%D9%85%D8%A7%D8%B1%D9%8A%D8%A9-%D9%84%D9%85%D8%A8%D8%A7%D9%86%D9%8A-%D8%B3%D9%83%D9%86%D9%8A%D8%A9
403 Forbidden,Non trouvé,Non trouvé,Non trouvé,Aucun avis,Inconnu,Inconnu,Aucun tag,https://khamsat.com/engineering/interior-design/1401607-%D8%AA%D8%B5%D9%85%D9%8A%D9%85%D8%A7%D8%AA-%D9%85%D8%B9%D9%85%D8%A7%D8%B1%D9%8A%D8%A9-%D8%AF%D8%A7%D8%AE%D9%84%D9%8A%D8%A9-%D9%88-%D8%AE%D8%A7%D8%B1%D8%AC%D9%8A%D8%A9
403 Forbidden,Non trouvé,Non trouvé,Non trouvé,Aucun avis,Inconnu,Inconnu,Aucun tag,https://khamsat.com/engineering/interior-design/1496942-%D8%AF%D9%8A%D9%83%D9%88%D8%B1-3d-%D9%88%D8%AA%D8%B5%D9%85%D9%8A%D9%85-%D8%AF%D8%A7%D8%AE%D9%84%D9%8A-%D8%A7%D8%AD%D8%AA%D8%B1%D8%A7%D9%81%D9%8A
403 Forbidden,Non trouvé,Non trouvé,Non trouvé,Aucun avis,Inconnu,Inconnu,Aucun tag,https://khamsat.com/engineering/electrical-diagrams-design/3049818-%D8%A5%D9%86%D8%B4%D8%A7%D8%A1-%D9%88%D8%AA%D8%B5%D9%85%D9%8A%D9%85-%D9%88%D8%B1%D8%B3%D9%85-%D8%A7%D9%84%D9%85%D8%AE%D8%B7%D8%B7%D8%A7%D8%AA-%D8%A7%D9%84%D9%83%D9%87%D8%B1%D8%A8%D8%A7%D8%A6%D9%8A%D8%A9
403 Forbidden,Non trouvé,Non trouvé,Non trouvé,Aucun avis,Inconnu,Inconnu,Aucun tag,https://khamsat.com/engineering/exterior-design/3037538-%D8%AA%D8%B5%D9%85%D9%8A%D9%85-%D9%85%D8%B7%D8%B9%D9%85-3d-%D8%AF%D8%A7%D8%B1%D9%8A%D9%81-%D8%AB%D8%B1%D9%88-drive-thru
403 Forbidden,Non trouvé,Non trouvé,Non trouvé,Aucun avis,Inconnu,Inconnu,Aucun tag,https://khamsat.com/engineering/interior-design/3066000-%D8%B9%D9%85%D9%84-%D8%A7%D9%84%D8%AA%D8%B5%D8%A7%D9%85%D9%8A%D9%85-%D8%A7%D9%84%D8%AF%D8%A7%D8%AE%D9%84%D9%8A%D8%A9-%D9%88-%D8%A7%D9%84%D8%AF%D9%8A%D9%83%D9%88%D8%B1%D8%A7%D8%AA-%D9%88-%D8%A7%D9%84%D8%B1%D8%B3%D9%85-%D8%A7%D9%84%D8%AA%D9%86%D9%81%D9%8A%D8%B0%D9%8A-%D9%84%D9%87%D8%A7
403 Forbidden,Non trouvé,Non trouvé,Non trouvé,Aucun avis,Inconnu,Inconnu,Aucun tag,https://khamsat.com/engineering/interior-design/2433594-%D8%AA%D8%B5%D9%85%D9%8A%D9%85-%D8%AF%D8%A7%D8%AE%D9%84%D9%8A-%D9%88-%D8%AF%D9%8A%D9%83%D9%88%D8%B1%D8%A7%D8%AA-%D9%84%D9%84%D9%81%D8%B1%D8%A7%D8%BA%D8%A7%D8%AA-%D8%A7%D9%84%D8%AF%D8%A7%D8%AE%D9%84%D9%8A%D8%A9-%D9%83%D8%A7%D9%81%D8%A9
403 Forbidden,Non trouvé,Non trouvé,Non trouvé,Aucun avis,Inconnu,Inconnu,Aucun tag,https://khamsat.com/engineering/electrical-diagrams-design/3263446-%D8%AA%D8%B5%D9%85%D9%8A%D9%85-%D8%A7%D9%84%D9%85%D8%AE%D8%B7%D8%B7%D8%A7%D8%AA-%D8%A7%D9%84%D9%83%D9%87%D8%B1%D8%A8%D8%A7%D8%A6%D9%8A%D8%A9
403 Forbidden,Non trouvé,Non trouvé,Non trouvé,Aucun avis,Inconnu,Inconnu,Aucun tag,https://khamsat.com/engineering/exterior-design/2782168-%D8%AA%D8%B5%D9%85%D9%8A%D9%85-%D8%AE%D8%A7%D8%B1%D8%AC%D9%8A-%D9%84%D9%88%D8%A7%D8%AC%D9%87%D8%A7%D8%AA-%D9%81%D9%8A%D9%84%D8%A7-%D8%B3%D9%83%D9%86%D9%8A%D9%87-%D9%85%D8%B9-%D8%AA%D8%B5%D9%85%D9%8A%D9%85-%D9%84%D8%A7%D9%86%D8%AF-%D8%B3%D9%83%D9%8A%D8%A8
403 Forbidden,Non trouvé,Non trouvé,Non trouvé,Aucun avis,Inconnu,Inconnu,Aucun tag,https://khamsat.com/engineering/interior-design/1934728-%D8%AA%D8%B5%D9%85%D9%8A%D9%85-%D8%BA%D8%B1%D9%81%D8%A9-%D8%B7%D9%81%D9%84%D9%83-%D9%88%D9%81%D9%82%D8%A7-%D9%84%D9%82%D9%88%D8%A7%D8%B9%D8%AF-%D8%A7%D9%84%D9%85%D9%86%D8%AA%D8%B3%D9%88%D8%B1%D9%8A-%D8%A8%D8%A5%D8%AD%D8%AA%D8%B1%D8%A7%D9%81%D9%8A%D8%A9-%D9%83%D9%84-1%D9%85-%D8%A8%D9%80-5
403 Forbidden,Non trouvé,Non trouvé,Non trouvé,Aucun avis,Inconnu,Inconnu,Aucun tag,https://khamsat.com/engineering/interior-design/3227104-%D8%AA%D8%B5%D9%85%D9%8A%D9%85-%D9%85%D9%83%D8%A7%D8%AA%D8%A8-%D9%88-%D9%85%D8%B3%D8%A7%D8%AD%D8%A7%D8%AA-%D8%A7%D9%84%D8%B9%D9%85%D9%84
403 Forbidden,Non trouvé,Non trouvé,Non trouvé,Aucun avis,Inconnu,Inconnu,Aucun tag,https://khamsat.com/engineering/electrical-diagrams-design/3833854-%D8%B9%D9%85%D9%84-%D8%B1%D8%B3%D9%88%D9%85%D8%A7%D8%AA-%D8%B4%D9%88%D8%A8-%D8%AF%D8%B1%D9%88%D9%86%D8%AC-%D9%84%D9%84%D8%A3%D8%B9%D9%85%D8%A7%D9%84-%D8%A7%D9%84%D9%83%D9%87%D8%B1%D8%A8%D8%A7%D8%A6%D9%8A%D8%A9
403 Forbidden,Non trouvé,Non trouvé,Non trouvé,Aucun avis,Inconnu,Inconnu,Aucun tag,https://khamsat.com/engineering/exterior-design/2004601-%D8%AA%D8%B5%D9%85%D9%8A%D9%85-%D9%88%D8%A7%D8%AC%D9%87%D8%A7%D8%AA-%D9%88%D9%84%D9%82%D8%B7%D8%A7%D8%AA-%D9%85%D9%86%D8%B8%D9%88%D8%B1%D9%8A%D8%A9-%D8%AE%D8%A7%D8%B1%D8%AC%D9%8A%D8%A9-%D9%88%D8%A8%D8%A3%D8%B3%D8%B9%D8%A7%D8%B1-%D9%85%D9%86%D8%A7%D9%81%D8%B3%D8%A9
403 Forbidden,Non trouvé,Non trouvé,Non trouvé,Aucun avis,Inconnu,Inconnu,Aucun tag,https://khamsat.com/engineering/interior-design/1632870-%D8%AA%D8%B5%D9%85%D9%8A%D9%85-%D8%AF%D9%8A%D9%83%D9%88%D8%B1-%D8%AF%D8%A7%D8%AE%D9%84%D9%8A-%D9%85%D8%B7%D8%A7%D8%A8%D8%AE-%D8%A8%D8%A7%D8%B3%D8%AA%D8%AE%D8%AF%D8%A7%D9%85-revit
403 Forbidden,Non trouvé,Non trouvé,Non trouvé,Aucun avis,Inconnu,Inconnu,Aucun tag,https://khamsat.com/engineering/interior-design/2322224-%D8%AA%D8%B5%D9%85%D9%8A%D9%85-%D8%AF%D8%A7%D8%AE%D9%84%D9%8A-%D9%88-%D8%AF%D9%8A%D9%83%D9%88%D8%B1-%D8%A8%D8%A7%D8%B3%D8%AA%D8%AE%D8%AF%D8%A7%D9%85-%D8%A8%D8%B1%D9%86%D8%A7%D9%85%D8%AC-%D8%A7%D9%84%D8%B1%D9%8A%D9%81%D9%8A%D8%AA-%D9%88-%D8%A7%D8%AE%D8%B1%D8%A7%D8%AC-%D8%A7%D9%84%D9%84%D9%88%D8%AD%D8%A7%D8%AA
403 Forbidden,Non trouvé,Non trouvé,Non trouvé,Aucun avis,Inconnu,Inconnu,Aucun tag,https://khamsat.com/engineering/electrical-diagrams-design/2514236-%D8%B9%D9%85%D9%84-%D9%85%D8%AE%D8%B7%D8%B7%D8%A7%D8%AA-%D9%83%D9%87%D8%B1%D8%A8%D8%A7%D8%A6%D9%8A%D8%A9-%D9%84%D8%A5%D9%86%D8%A7%D8%B1%D8%A9-%D8%A7%D9%84%D8%B4%D9%82%D9%82-%D9%88%D8%A7%D9%84%D9%81%D9%8A%D9%84%D8%A7%D8%AA
403 Forbidden,Non trouvé,Non trouvé,Non trouvé,Aucun avis,Inconnu,Inconnu,Aucun tag,https://khamsat.com/engineering/exterior-design/2866857-%D8%AA%D8%B5%D9%85%D9%8A%D9%85-%D9%88%D8%A7%D8%AC%D9%87%D8%A7%D8%AA-%D9%85%D8%B9%D9%85%D8%A7%D8%B1%D9%8A%D8%A9-%D9%88%D9%85%D9%86%D8%A7%D8%B8%D9%8A%D8%B1-%D8%AE%D8%A7%D8%B1%D8%AC%D9%8A%D8%A9
403 Forbidden,Non trouvé,Non trouvé,Non trouvé,Aucun avis,Inconnu,Inconnu,Aucun tag,https://khamsat.com/engineering/interior-design/2804778-%D9%85%D9%82%D8%AA%D8%B1%D8%AD%D8%A7%D8%AA-%D8%A8%D8%B5%D9%88%D8%B1-%D9%84%D8%AA%D8%B5%D9%85%D9%8A%D9%85-%D8%AF%D9%8A%D9%83%D9%88%D8%B1-%D9%84%D9%85%D9%86%D8%B2%D9%84%D9%83-%D8%A3%D9%88-%D8%B4%D8%B1%D9%83%D8%AA%D9%83-decor
403 Forbidden,Non trouvé,Non trouvé,Non trouvé,Aucun avis,Inconnu,Inconnu,Aucun tag,https://khamsat.com/engineering/interior-design/2220296-%D8%B9%D9%85%D9%84-%D8%AA%D8%B5%D8%A7%D9%85%D9%8A%D9%85-%D8%AF%D8%A7%D8%AE%D9%84%D9%8A%D8%A9
403 Forbidden,Non trouvé,Non trouvé,Non trouvé,Aucun avis,Inconnu,Inconnu,Aucun tag,https://khamsat.com/engineering/electrical-diagrams-design/1455858-%D8%AA%D8%B5%D9%85%D9%8A%D9%85-%D8%AA%D9%88%D8%B2%D9%8A%D8%B9-%D9%83%D9%87%D8%B1%D8%A8%D8%A7%D8%A6%D9%8A-%D9%84%D8%A3%D9%8A-%D9%85%D9%86%D8%B4%D8%A3%D8%A9
403 Forbidden,Non trouvé,Non trouvé,Non trouvé,Aucun avis,Inconnu,Inconnu,Aucun tag,https://khamsat.com/engineering/exterior-design/2938991-%D8%AA%D8%B5%D9%85%D9%8A%D9%85-%D8%AE%D8%A7%D8%B1%D8%AC%D9%8A-extrior-design-modern
403 Forbidden,Non trouvé,Non trouvé,Non trouvé,Aucun avis,Inconnu,Inconnu,Aucun tag,https://khamsat.com/engineering/interior-design/1429679-%D8%AA%D8%B5%D9%85%D9%8A%D9%85-%D8%B5%D9%88%D8%B1-%D9%88-%D8%A7%D8%B9%D9%84%D8%A7%D9%86%D8%A7%D8%AA-%D9%88%D9%86%D9%85%D8%A7%D8%AF%D8%AC-2d3d-%D9%88-%D8%A7%D9%84%D9%85%D8%A7%D8%B8%D9%8A%D8%B1-%D8%A7%D9%84%D8%AF%D8%A7%D8%AE%D9%84%D9%8A%D8%A9
403 Forbidden,Non trouvé,Non trouvé,Non trouvé,Aucun avis,Inconnu,Inconnu,Aucun tag,https://khamsat.com/engineering/interior-design/2540203-%D8%A7%D8%B9%D9%85%D8%A7%D9%84-%D8%A7%D9%84%D9%85%D9%86%D8%A7%D8%B8%D9%8A%D8%B1-%D8%A7%D9%84%D9%80-3d-%D9%84%D9%84%D8%AA%D8%B5%D9%85%D9%8A%D9%85-%D8%A7%D9%84%D9%85%D8%B9%D9%85%D8%A7%D8%B1%D9%8A-%D8%A7%D9%84%D8%AF%D8%A7%D8%AE%D9%84%D9%8A-%D9%88%D8%A7%D9%84%D8%AE%D8%A7%D8%B1%D8%AC%D9%8A
403 Forbidden,Non trouvé,Non trouvé,Non trouvé,Aucun avis,Inconnu,Inconnu,Aucun tag,https://khamsat.com/engineering/electrical-diagrams-design/3897996-%D9%85%D8%AD%D8%A7%D9%83%D8%A7%D8%A9-%D8%A7%D9%84%D8%B4%D8%A8%D9%83%D8%A7%D8%AA-%D8%A7%D9%84%D9%83%D9%87%D8%B1%D8%A8%D8%A7%D8%A6%D9%8A%D8%A9-%D8%A8%D8%A7%D8%B3%D8%AA%D8%AE%D8%AF%D8%A7%D9%85-powerworld-simulator
403 Forbidden,Non trouvé,Non trouvé,Non trouvé,Aucun avis,Inconnu,Inconnu,Aucun tag,https://khamsat.com/engineering/exterior-design/3363184-%D8%AA%D8%B5%D9%85%D9%8A%D9%85-%D8%AE%D8%A7%D8%B1%D8%AC%D9%8A-%D9%88%D9%88%D8%A7%D8%AC%D9%87%D8%A7%D8%AA-%D8%A8%D9%85%D8%AE%D8%AA%D9%84%D9%81-%D8%A7%D9%84%D8%A7%D9%86%D9%85%D8%A7%D8%B7
403 Forbidden,Non trouvé,Non trouvé,Non trouvé,Aucun avis,Inconnu,Inconnu,Aucun tag,https://khamsat.com/engineering/interior-design/857938-%D8%AA%D8%B5%D9%85%D9%8A%D9%85-%D9%88%D8%A7%D8%AC%D9%87%D8%A7%D8%AA-%D9%85%D8%B9%D9%85%D8%A7%D8%B1%D9%8A%D8%A9-%D8%AA%D8%B5%D9%85%D9%8A%D9%85-%D8%AE%D8%A7%D8%B1%D8%AC%D9%8A
403 Forbidden,Non trouvé,Non trouvé,Non trouvé,Aucun avis,Inconnu,Inconnu,Aucun tag,https://khamsat.com/engineering/interior-design/2135929-%D8%AA%D8%B5%D9%85%D9%8A%D9%85-%D9%85%D8%B9%D9%85%D8%A7%D8%B1%D9%8A-%D8%AF%D8%A7%D8%AE%D9%84%D9%8A-%D9%88%D8%AF%D9%8A%D9%83%D9%88%D8%B1%D8%A7%D8%AA
403 Forbidden,Non trouvé,Non trouvé,Non trouvé,Aucun avis,Inconnu,Inconnu,Aucun tag,https://khamsat.com/engineering/electrical-diagrams-design/3752668-%D8%AA%D8%B5%D9%85%D9%8A%D9%85-%D8%AF%D9%88%D8%A7%D8%A6%D8%B1-%D8%A7%D9%84%D8%AA%D8%AD%D9%83%D9%85-%D8%A7%D9%84%D9%83%D9%84%D8%A7%D8%B3%D9%8A%D9%83%D9%8A%D8%A9-classic-control
403 Forbidden,Non trouvé,Non trouvé,Non trouvé,Aucun avis,Inconnu,Inconnu,Aucun tag,https://khamsat.com/engineering/exterior-design/3131785-%D8%AA%D8%B5%D9%85%D9%8A%D9%85-%D9%85%D8%B9%D9%85%D8%A7%D8%B1%D9%8A-%D8%AE%D8%A7%D8%B1%D8%AC%D9%8A-3d-%D8%AB%D9%84%D8%A7%D8%AB%D9%8A-%D8%A7%D9%84%D8%A7%D8%A8%D8%B9%D8%A7%D8%AF-%D8%A8%D8%A7%D8%B3%D8%AA%D8%AE%D8%AF%D8%A7%D9%85-%D8%A8%D8%B1%D9%86%D8%A7%D9%85%D8%AC-3d-max
403 Forbidden,Non trouvé,Non trouvé,Non trouvé,Aucun avis,Inconnu,Inconnu,Aucun tag,https://khamsat.com/engineering/interior-design/1597254-%D8%AA%D8%B5%D9%85%D9%8A%D9%85-%D8%AF%D9%8A%D9%83%D9%88%D8%B1%D8%A7%D8%AA3d-%D8%AF%D8%A7%D8%AE%D9%84%D9%8A%D8%A9-%D9%88%D8%AE%D8%A7%D8%B1%D8%AC%D9%8A%D8%A9-%D9%85%D9%82%D8%A7%D8%A8%D9%84-5
403 Forbidden,Non trouvé,Non trouvé,Non trouvé,Aucun avis,Inconnu,Inconnu,Aucun tag,https://khamsat.com/engineering/interior-design/2280126-%D8%AA%D8%B5%D9%85%D9%8A%D9%85-%D9%88%D8%AF%D9%8A%D9%83%D9%88%D8%B1-%D8%AF%D8%A7%D8%AE%D9%84%D9%8A-3d.-%D8%B4%D9%82%D9%82-%D8%B3%D9%83%D9%86%D9%8A%D8%A9-%D9%85%D9%83%D8%A7%D8%AA%D8%A8-%D8%B9%D9%8A%D8%A7%D8%AF%D8%A7%D8%AA-%D8%B4%D8%B1%D9%83%D8%A7%D8%AA
403 Forbidden,Non trouvé,Non trouvé,Non trouvé,Aucun avis,Inconnu,Inconnu,Aucun tag,https://khamsat.com/engineering/electrical-diagrams-design/2870467-%D8%AA%D8%B5%D9%85%D9%8A%D9%85-%D8%A7%D9%84%D9%85%D8%AE%D8%B7%D8%B7%D8%A7%D8%AA-%D8%A7%D9%84%D9%83%D9%87%D8%B1%D8%A8%D8%A7%D8%A6%D9%8A%D8%A9-%D8%AD%D8%B3%D8%A8-%D8%A7%D9%84%D9%83%D9%88%D8%AF-%D8%A7%D9%84%D8%B3%D8%B9%D9%88%D8%AF%D9%8A-%D9%88%D8%A7%D9%84%D8%AE%D9%84%D9%8A%D8%AC%D9%8A
403 Forbidden,Non trouvé,Non trouvé,Non trouvé,Aucun avis,Inconnu,Inconnu,Aucun tag,https://khamsat.com/engineering/exterior-design/3794245-%D8%A7%D9%84%D8%AA%D8%B5%D9%85%D9%8A%D9%85-%D8%A7%D9%84%D8%AE%D8%A7%D8%B1%D8%AC%D9%8A-%D9%88%D8%A7%D9%84%D9%88%D8%A7%D8%AC%D9%87%D8%A7%D8%AA
403 Forbidden,Non trouvé,Non trouvé,Non trouvé,Aucun avis,Inconnu,Inconnu,Aucun tag,https://khamsat.com/engineering/interior-design/3680229-%D8%AA%D8%B5%D9%85%D9%8A%D9%85-%D8%AF%D8%A7%D8%AE%D9%84%D9%8A-%D9%84%D9%85%D8%B7%D8%B9%D9%85-%D8%B9-%D8%B7%D8%B1%D8%A7%D8%B2-%D8%A7%D9%84%D9%85%D9%88%D8%AF%D8%B1%D9%86
403 Forbidden,Non trouvé,Non trouvé,Non trouvé,Aucun avis,Inconnu,Inconnu,Aucun tag,https://khamsat.com/engineering/interior-design/3080017-%D8%AA%D8%B5%D9%85%D9%8A%D9%85-%D8%AD%D9%85%D8%A7%D9%85%D8%A7%D8%AA-%D8%A8%D8%A3%D8%AD%D8%AF%D8%AB-%D9%85%D9%88%D8%A7%D8%AF-%D8%A7%D9%84%D8%A7%D9%83%D8%B3%D8%A7%D8%A1
403 Forbidden,Non trouvé,Non trouvé,Non trouvé,Aucun avis,Inconnu,Inconnu,Aucun tag,https://khamsat.com/engineering/electrical-diagrams-design/2767592-%D8%AA%D8%B5%D9%85%D9%8A%D9%85-%D9%85%D8%AE%D8%B7%D8%B7%D8%A7%D8%AA-%D8%AA%D9%86%D9%81%D9%8A%D8%B0%D9%8A%D8%A9-%D9%83%D9%87%D8%B1%D8%A8%D8%A7%D8%A6%D9%8A%D8%A9-%D8%A8%D8%AC%D9%88%D8%AF%D8%A9-%D8%B9%D8%A7%D9%84%D9%8A%D8%A9
403 Forbidden,Non trouvé,Non trouvé,Non trouvé,Aucun avis,Inconnu,Inconnu,Aucun tag,https://khamsat.com/engineering/exterior-design/1513605-%D8%AA%D8%B5%D9%85%D9%8A%D9%85-%D8%AE%D8%A7%D8%B1%D8%AC%D9%89-extrior-design
403 Forbidden,Non trouvé,Non trouvé,Non trouvé,Aucun avis,Inconnu,Inconnu,Aucun tag,https://khamsat.com/engineering/interior-design/1613749-%D8%AA%D8%B5%D9%85%D9%8A%D9%85-%D9%88%D8%AF%D9%8A%D9%83%D9%88%D8%B1-%D8%AC%D9%85%D9%8A%D8%B9-%D8%A3%D9%86%D9%88%D8%A7%D8%B9-%D8%A7%D9%84%D9%81%D8%B1%D8%A7%D8%BA%D8%A7%D8%AA-%D8%A7%D9%84%D9%85%D8%B9%D9%85%D8%A7%D8%B1%D9%8A%D8%A9-%D8%AF%D8%A7%D8%AE%D9%84%D9%8A-%D9%88%D8%AE%D8%A7%D8%B1%D8%AC%D9%8A
403 Forbidden,Non trouvé,Non trouvé,Non trouvé,Aucun avis,Inconnu,Inconnu,Aucun tag,https://khamsat.com/engineering/interior-design/3813756-%D8%AF%D9%8A%D9%83%D9%88%D8%B1-3d-%D9%88%D8%AA%D8%B5%D9%85%D9%8A%D9%85-%D8%AF%D8%A7%D8%AE%D9%84%D9%8A-%D8%A7%D8%AD%D8%AA%D8%B1%D8%A7%D9%81%D9%8A
403 Forbidden,Non trouvé,Non trouvé,Non trouvé,Aucun avis,Inconnu,Inconnu,Aucun tag,https://khamsat.com/engineering/electrical-diagrams-design/3081053-%D8%AA%D8%B5%D9%85%D9%8A%D9%85-%D9%86%D9%85%D8%A7%D8%B0%D8%AC-simulink-matlab-%D9%84%D9%85%D8%B4%D8%A7%D8%B1%D9%8A%D8%B9-%D8%A7%D9%84%D9%87%D9%86%D8%AF%D8%B3%D8%A9-%D8%A7%D9%84%D9%83%D9%87%D8%B1%D8%A8%D8%A7%D8%A6%D9%8A%D8%A9
403 Forbidden,Non trouvé,Non trouvé,Non trouvé,Aucun avis,Inconnu,Inconnu,Aucun tag,https://khamsat.com/engineering/exterior-design/3730111-%D8%AA%D8%B5%D9%85%D9%8A%D9%85-%D9%88%D8%A7%D8%AC%D9%87%D8%A7%D8%AA-%D9%85%D8%B9%D9%85%D8%A7%D8%B1%D9%8A%D8%A9-%D8%A8%D8%AC%D9%85%D9%8A%D8%B9-%D8%A7%D9%84%D8%A3%D9%86%D9%85%D8%A7%D8%B7-%D8%A7%D9%84%D9%85%D8%B9%D9%85%D8%A7%D8%B1%D9%8A%D8%A9
403 Forbidden,Non trouvé,Non trouvé,Non trouvé,Aucun avis,Inconnu,Inconnu,Aucun tag,https://khamsat.com/engineering/interior-design/1976650-%D8%AF%D9%8A%D9%83%D9%88%D8%B1%D8%A7%D8%AA-%D9%85%D9%88%D8%AF%D8%B1%D9%86-%D9%84%D9%84%D8%B5%D8%A7%D9%84%D8%A7%D8%AA-%D9%88%D8%A7%D9%84%D9%85%D8%AC%D8%A7%D9%84%D8%B3
403 Forbidden,Non trouvé,Non trouvé,Non trouvé,Aucun avis,Inconnu,Inconnu,Aucun tag,https://khamsat.com/engineering/interior-design/3010210-%D8%AA%D8%B5%D9%85%D9%8A%D9%85-%D8%AE%D8%B2%D8%A7%D8%A6%D9%86-%D9%84%D9%84%D8%BA%D8%B1%D9%81-%D9%84%D9%84%D9%85%D9%84%D8%A7%D8%A8%D8%B3-dressing-room-%D9%85%D8%B9-%D8%A7%D9%84%D9%85%D8%AE%D8%B7%D8%B7%D8%A7%D8%AA-%D8%A7%D9%84%D8%AA%D9%86%D9%81%D9%8A%D8%B0%D9%8A%D8%A9
403 Forbidden,Non trouvé,Non trouvé,Non trouvé,Aucun avis,Inconnu,Inconnu,Aucun tag,https://khamsat.com/engineering/electrical-diagrams-design/3831688-%D8%AF%D8%B1%D8%A7%D8%B3%D8%A7%D8%AA-%D9%83%D9%87%D8%B1%D8%A8%D8%A7%D8%A6%D9%8A%D8%A9-%D9%85%D8%AA%D9%83%D8%A7%D9%85%D9%84%D8%A9-%D9%84%D9%84%D9%85%D8%A8%D8%A7%D9%86%D9%8A-%D8%A7%D9%84%D8%B3%D9%83%D9%86%D9%8A%D8%A9-%D9%88-%D8%A7%D9%84%D8%AA%D8%AC%D8%A7%D8%B1%D9%8A%D8%A9
403 Forbidden,Non trouvé,Non trouvé,Non trouvé,Aucun avis,Inconnu,Inconnu,Aucun tag,https://khamsat.com/engineering/exterior-design/3364968-%D8%AA%D8%B5%D9%85%D9%8A%D9%85-%D9%88%D8%A7%D8%AC%D9%87%D8%A7%D8%AA-%D8%AE%D8%A7%D8%B1%D8%AC%D9%8A%D8%A9-%D8%A8%D8%A7%D8%B3%D8%AA%D8%AE%D8%AF%D8%A7%D9%85-3dsmax
403 Forbidden,Non trouvé,Non trouvé,Non trouvé,Aucun avis,Inconnu,Inconnu,Aucun tag,https://khamsat.com/engineering/interior-design/3602327-%D8%AA%D8%B5%D9%85%D9%8A%D9%85-%D8%AF%D9%8A%D9%83%D9%88%D8%B1%D8%A7%D8%AA-%D8%AF%D8%A7%D8%AE%D9%84%D9%8A%D8%A9-%D9%85%D8%AA%D9%83%D8%A7%D9%85%D9%84%D8%A9-%D9%84%D8%AC%D9%85%D9%8A%D8%B9-%D8%A7%D9%84%D9%81%D8%B1%D8%A7%D8%BA%D8%A7%D8%AA
403 Forbidden,Non trouvé,Non trouvé,Non trouvé,Aucun avis,Inconnu,Inconnu,Aucun tag,https://khamsat.com/engineering/interior-design/2723257-%D8%AA%D8%B5%D9%85%D9%8A%D9%85-%D8%AF%D9%8A%D9%83%D9%88%D8%B1-%D8%AF%D8%A7%D8%AE%D9%84%D9%8A-interior-design
403 Forbidden,Non trouvé,Non trouvé,Non trouvé,Aucun avis,Inconnu,Inconnu,Aucun tag,https://khamsat.com/engineering/electrical-diagrams-design/1749209-%D8%B3%D8%A3%D9%82%D9%88%D9%85-%D8%A8%D8%AA%D8%B5%D9%85%D9%8A%D9%85-%D9%85%D8%B4%D8%B1%D9%88%D8%B9-%D9%83%D9%87%D8%B1%D8%A8%D8%A7%D8%A6%D9%8A-%D8%A7%D9%84%D9%83%D8%AA%D8%B1%D9%88%D9%86%D9%8A%D9%83-logic-gates
403 Forbidden,Non trouvé,Non trouvé,Non trouvé,Aucun avis,Inconnu,Inconnu,Aucun tag,https://khamsat.com/engineering/exterior-design/3644313-%D8%AA%D8%B5%D9%85%D9%8A%D9%85-%D9%88%D8%A7%D8%AC%D9%87%D8%A7%D8%AA-%D9%85%D8%B9%D9%85%D8%A7%D8%B1%D9%8A%D8%A9-%D9%83%D9%84%D8%A7%D8%B3%D9%8A%D9%83%D9%8A%D8%A9-%D9%88%D9%85%D9%88%D8%AF%D8%B1%D9%86
403 Forbidden,Non trouvé,Non trouvé,Non trouvé,Aucun avis,Inconnu,Inconnu,Aucun tag,https://khamsat.com/engineering/interior-design/2475346-%D8%AA%D8%B5%D9%85%D9%8A%D9%85-%D8%AF%D9%8A%D9%83%D9%88%D8%B1%D8%A7%D8%AA-%D8%AF%D8%A7%D8%AE%D9%84%D9%8A%D8%A9-interior-design
403 Forbidden,Non trouvé,Non trouvé,Non trouvé,Aucun avis,Inconnu,Inconnu,Aucun tag,https://khamsat.com/engineering/interior-design/3047376-%D8%AA%D8%B5%D9%85%D9%8A%D9%85-%D8%AF%D8%A7%D8%AE%D9%84%D9%8A-%D8%A8%D8%AF%D9%8A%D9%83%D9%88%D8%B1-%D8%B1%D8%A7%D8%A6%D8%B9-%D8%AC%D9%85%D9%8A%D8%B9-%D8%A7%D9%84%D8%B7%D8%B1%D8%A7%D8%B2%D8%A7%D8%AA
403 Forbidden,Non trouvé,Non trouvé,Non trouvé,Aucun avis,Inconnu,Inconnu,Aucun tag,https://khamsat.com/engineering/electrical-diagrams-design/2058376-%D8%AA%D8%B5%D9%85%D9%8A%D9%85-%D9%88%D8%AA%D9%88%D8%B2%D9%8A%D8%B9-%D8%A7%D9%84%D8%A3%D8%B9%D9%85%D8%A7%D9%84-%D8%A7%D9%84%D9%83%D9%87%D8%B1%D8%A8%D9%8A%D8%A9-%D9%84%D9%84%D9%85%D9%86%D8%B4%D8%A2%D8%AA-%D8%A7%D9%84%D9%85%D8%B9%D9%85%D8%A7%D8%B1%D9%8A%D8%A9
403 Forbidden,Non trouvé,Non trouvé,Non trouvé,Aucun avis,Inconnu,Inconnu,Aucun tag,https://khamsat.com/engineering/exterior-design/2553980-%D8%AA%D8%B5%D9%85%D9%8A%D9%85-%D9%88%D8%A7%D8%AC%D9%87%D8%A7%D8%AA-%D8%A7%D9%84%D9%85%D8%AD%D8%A7%D9%84%D8%A7%D8%AA-%D8%A7%D9%84%D8%AA%D8%AC%D8%A7%D8%B1%D9%8A%D8%A9
403 Forbidden,Non trouvé,Non trouvé,Non trouvé,Aucun avis,Inconnu,Inconnu,Aucun tag,https://khamsat.com/engineering/interior-design/1932454-%D8%AA%D8%B5%D9%85%D9%8A%D9%85-%D9%87%D9%86%D8%AF%D8%B3%D9%8A-%D9%84%D9%84%D9%81%D8%B6%D8%A7%D8%A6%D8%A7%D8%AA-%D8%A7%D9%84%D8%AF%D8%A7%D8%AE%D9%84%D9%8A%D8%A9-%D9%85%D9%86%D8%A7%D8%B2%D9%84.-%D9%85%D8%B7%D8%A7%D8%B9%D9%85.-%D9%85%D8%AD%D9%84%D8%A7%D8%AA
403 Forbidden,Non trouvé,Non trouvé,Non trouvé,Aucun avis,Inconnu,Inconnu,Aucun tag,https://khamsat.com/engineering/interior-design/3356852-%D8%AA%D8%B5%D9%85%D9%8A%D9%85-%D8%AF%D8%A7%D8%AE%D9%84%D9%8A-%D8%B1%D8%A7%D9%82-%D9%8A%D8%AD%D8%A7%D9%83%D9%8A-%D8%A7%D9%84%D9%81%D8%AE%D8%A7%D9%85%D8%A9
403 Forbidden,Non trouvé,Non trouvé,Non trouvé,Aucun avis,Inconnu,Inconnu,Aucun tag,https://khamsat.com/engineering/electrical-diagrams-design/3619670-%D8%AA%D8%B5%D9%85%D9%8A%D9%85-%D9%87%D9%86%D8%AF%D8%B3%D9%8A-%D9%84%D9%84%D8%A5%D8%B6%D8%A7%D8%A1%D8%A9-%D9%88%D9%81%D9%82-%D8%A7%D9%84%D9%85%D8%B9%D8%A7%D9%8A%D9%8A%D8%B1-%D8%A7%D9%84%D8%B9%D8%A7%D9%84%D9%85%D9%8A%D8%A9
403 Forbidden,Non trouvé,Non trouvé,Non trouvé,Aucun avis,Inconnu,Inconnu,Aucun tag,https://khamsat.com/engineering/exterior-design/3261152-%D8%AA%D8%B5%D9%85%D9%8A%D9%85-%D9%88%D8%A7%D8%AC%D9%87%D8%A7%D8%AA-%D8%A7%D8%AD%D8%AA%D8%B1%D8%A7%D9%81%D9%8A%D8%A9-%D9%84%D8%A3%D9%8A-%D9%86%D9%88%D8%B9-%D9%85%D8%A8%D9%86%D9%89-%D9%85%D9%88%D8%AF%D8%B1%D9%86-%D9%83%D9%84%D8%A7%D8%B3%D9%8A%D9%83-%D9%86%D9%8A%D9%88-%D9%83%D9%84%D8%A7%D8%B3%D9%8A%D9%83
403 Forbidden,Non trouvé,Non trouvé,Non trouvé,Aucun avis,Inconnu,Inconnu,Aucun tag,https://khamsat.com/engineering/interior-design/3908235-%D8%AA%D8%B5%D9%85%D9%8A%D9%85-3d-%D8%B9%D9%84%D9%89-%D8%A8%D8%B1%D9%86%D8%A7%D9%85%D8%AC-sketchup
403 Forbidden,Non trouvé,Non trouvé,Non trouvé,Aucun avis,Inconnu,Inconnu,Aucun tag,https://khamsat.com/engineering/interior-design/2354065-%D8%B1%D9%81%D8%B9-%D8%B3%D9%83%D8%AA%D8%B4-%D8%A7%D8%A8-%D9%84%D9%84%D9%81%D8%B1%D8%A7%D8%BA%D8%A7%D8%AA-%D8%A7%D9%84%D9%85%D8%B9%D9%85%D8%A7%D8%B1%D9%8A%D8%A9-%D8%A7%D9%84%D9%85%D8%AE%D8%AA%D9%84%D9%81%D8%A9
403 Forbidden,Non trouvé,Non trouvé,Non trouvé,Aucun avis,Inconnu,Inconnu,Aucun tag,https://khamsat.com/engineering/electrical-diagrams-design/3355302-%D8%AA%D8%B5%D9%85%D9%8A%D9%85-%D9%88%D8%A8%D8%B1%D9%85%D8%AC%D8%A9-%D9%86%D8%B8%D8%A7%D9%85-%D8%A5%D8%B6%D8%A7%D8%A1%D8%A9-%D8%A7%D8%AD%D8%AA%D8%B1%D8%A7%D9%81%D9%8A-%D8%A8%D8%A7%D8%B3%D8%AA%D8%AE%D8%AF%D8%A7%D9%85-%D8%AA%D9%82%D9%86%D9%8A%D8%A9-dmx
403 Forbidden,Non trouvé,Non trouvé,Non trouvé,Aucun avis,Inconnu,Inconnu,Aucun tag,https://khamsat.com/engineering/exterior-design/3782867-%D8%AA%D8%B5%D9%85%D9%8A%D9%85-%D8%A8%D9%88%D8%AB-3d-%D9%84%D9%84%D9%85%D8%B9%D8%A7%D8%B1%D8%B6-%D9%88%D8%A7%D9%84%D8%A7%D9%8A%D9%81%D9%8A%D9%86%D8%AA%D8%A7%D8%AA
403 Forbidden,Non trouvé,Non trouvé,Non trouvé,Aucun avis,Inconnu,Inconnu,Aucun tag,https://khamsat.com/engineering/interior-design/2305657-%D8%AA%D8%B5%D9%85%D9%8A%D9%85-%D9%85%D8%B9%D9%85%D8%A7%D8%B1%D9%8A-%D8%AE%D8%A7%D8%B1%D8%AC%D9%8A-%D9%88%D8%AA%D8%B5%D9%85%D9%8A%D9%85-%D8%AF%D8%A7%D8%AE%D9%84%D9%8A
403 Forbidden,Non trouvé,Non trouvé,Non trouvé,Aucun avis,Inconnu,Inconnu,Aucun tag,https://khamsat.com/engineering/interior-design/2494850-%D8%AA%D8%B5%D9%85%D9%8A%D9%85-%D8%AF%D9%8A%D9%83%D9%88%D8%B1%D8%A7%D8%AA-%D8%AF%D8%A7%D8%AE%D9%84%D9%8A%D8%A9-interior-design
403 Forbidden,Non trouvé,Non trouvé,Non trouvé,Aucun avis,Inconnu,Inconnu,Aucun tag,https://khamsat.com/engineering/electrical-diagrams-design/3919621-%D8%AA%D8%B5%D9%85%D9%8A%D9%85-%D8%A3%D9%86%D8%B8%D9%85%D8%A9-%D8%A7%D9%84%D8%A5%D9%86%D8%A7%D8%B1%D8%A9-%D9%88-%D8%A7%D9%84%D9%85%D8%A2%D8%AE%D8%B0-%D9%88-%D9%84%D9%88%D8%AD%D8%A7%D8%AA-%D8%AA%D9%88%D8%B2%D9%8A%D8%B9-%D8%A7%D9%84%D8%A3%D8%AD%D9%85%D8%A7%D9%84-%D9%85%D8%B9-%D8%AF%D8%B1%D8%A7%D8%B3%D8%A9
403 Forbidden,Non trouvé,Non trouvé,Non trouvé,Aucun avis,Inconnu,Inconnu,Aucun tag,https://khamsat.com/engineering/exterior-design/3788097-%D8%AA%D8%B5%D8%A7%D9%85%D9%8A%D9%85-%D9%85%D8%B9%D9%85%D8%A7%D8%B1%D9%8A%D8%A9-%D8%AE%D8%A7%D8%B1%D8%AC%D9%8A%D8%A9-%D9%88-%D9%88%D8%A7%D8%AC%D9%87%D8%A7%D8%AA-%D9%84%D9%83%D9%84-%D9%85%D8%B4%D8%A7%D8%B1%D9%8A%D8%B9%D9%83%D9%85-%D9%81%D9%84%D9%84-%D9%88-%D9%85%D9%86%D8%A7%D8%B2%D9%84
403 Forbidden,Non trouvé,Non trouvé,Non trouvé,Aucun avis,Inconnu,Inconnu,Aucun tag,https://khamsat.com/engineering/interior-design/3750908-%D8%AA%D8%B5%D9%85%D9%8A%D9%85-%D9%85%D8%B7%D8%A8%D8%AE-%D8%B9%D8%B5%D8%B1%D9%8A-%D8%AB%D9%84%D8%A7%D8%AB%D9%8A-%D8%A7%D9%84%D8%A7%D8%A8%D8%B9%D8%A7%D8%AF
403 Forbidden,Non trouvé,Non trouvé,Non trouvé,Aucun avis,Inconnu,Inconnu,Aucun tag,https://khamsat.com/engineering/interior-design/2805522-%D8%AA%D8%B5%D9%85%D9%8A%D9%85-%D9%85%D8%B7%D8%A8%D8%AE-%D8%A7%D8%B9%D9%84%D9%89-%D8%AC%D9%88%D8%AF%D8%A9-%D8%A8%D8%A3%D9%82%D9%84-%D8%A7%D9%84%D8%A7%D8%B3%D8%B9%D8%A7%D8%B1
403 Forbidden,Non trouvé,Non trouvé,Non trouvé,Aucun avis,Inconnu,Inconnu,Aucun tag,https://khamsat.com/engineering/electrical-diagrams-design/3904197-%D8%AA%D8%B5%D9%85%D9%8A%D9%85-%D9%88%D8%AA%D9%86%D9%81%D9%8A%D8%B0-%D8%B4%D8%A8%D9%83%D8%A7%D8%AA-%D8%A8%D9%8A%D8%A7%D9%86%D8%A7%D8%AA-%D8%A7%D8%AD%D8%AA%D8%B1%D8%A7%D9%81%D9%8A%D8%A9-structured-cabling
403 Forbidden,Non trouvé,Non trouvé,Non trouvé,Aucun avis,Inconnu,Inconnu,Aucun tag,https://khamsat.com/engineering/exterior-design/2962133-%D9%86%D9%85%D8%B0%D8%AC%D8%A9-3d-%D8%AE%D8%A7%D8%B1%D8%AC%D9%8A%D8%A9-%D9%84%D9%85%D8%B4%D8%A7%D8%B1%D9%8A%D8%B9-%D9%85%D8%B9%D9%85%D8%A7%D8%B1%D9%8A%D8%A9
403 Forbidden,Non trouvé,Non trouvé,Non trouvé,Aucun avis,Inconnu,Inconnu,Aucun tag,https://khamsat.com/engineering/interior-design/3867433-%D8%AA%D8%B5%D9%85%D9%8A%D9%85-3d-%D8%AF%D9%8A%D9%83%D9%88%D8%B1%D8%A7%D8%AA-%D9%85%D8%B7%D8%A7%D8%A8%D8%AE-%D8%A8%D8%B4%D9%83%D9%84-%D8%A7%D9%86%D9%8A%D9%82
403 Forbidden,Non trouvé,Non trouvé,Non trouvé,Aucun avis,Inconnu,Inconnu,Aucun tag,https://khamsat.com/engineering/interior-design/760788-%D8%AA%D8%B5%D9%85%D9%8A%D9%85-%D8%AB%D9%84%D8%A7%D8%AB%D9%8A-%D8%A7%D9%84%D8%A3%D8%A8%D8%B9%D8%A7%D8%AF-3d-%D8%A7%D9%84%D8%AF%D8%A7%D8%AE%D9%84%D9%8A-%D9%88-%D8%A7%D9%84%D8%AE%D8%A7%D8%B1%D8%AC%D9%8A-%D9%88-%D9%84%D9%84%D9%85%D9%86%D8%AA%D8%AC%D8%A7%D8%AA-%D9%88-%D8%A7%D9%84%D9%85%D8%AC%D8%B3%D9%85%D8%A7%D8%AA
403 Forbidden,Non trouvé,Non trouvé,Non trouvé,Aucun avis,Inconnu,Inconnu,Aucun tag,https://khamsat.com/engineering/electrical-diagrams-design/3681731-%D8%B3%D8%A3%D9%82%D9%88%D9%85-%D8%A8%D9%83%D8%AA%D8%A7%D8%A8%D8%A9-%D9%88-%D8%B1%D8%B3%D9%85-%D8%AA%D9%82%D8%A7%D8%B1%D9%8A%D8%B1-%D9%88%D9%85%D8%AE%D8%B7%D8%B7%D8%A7%D8%AA-%D9%83%D9%87%D8%B1%D8%A8%D8%A7%D8%A6%D9%8A%D8%A9-%D9%84%D9%84%D9%85%D8%A8%D8%A7%D9%86%D9%8A-%D9%88%D8%A7%D9%84%D9%85%D8%B1%D8%A7%D9%81%D9%82
403 Forbidden,Non trouvé,Non trouvé,Non trouvé,Aucun avis,Inconnu,Inconnu,Aucun tag,https://khamsat.com/engineering/exterior-design/2785529-%D8%AA%D8%B5%D9%85%D9%8A%D9%85-%D9%85%D8%B9%D9%85%D8%A7%D8%B1%D9%8A-%D8%AE%D8%A7%D8%B1%D8%AC%D9%8A-%D9%88%D9%88%D8%A7%D8%AC%D9%87%D8%A7%D8%AA-%D8%A7%D8%AD%D8%AA%D8%B1%D8%A7%D9%81%D9%8A-%D9%85%D8%B9-%D8%AC%D8%AF%D8%A7%D9%88%D9%84-%D9%85%D9%88%D8%A7%D8%AF-%D8%A7%D9%84%D8%A7%D9%83%D8%B3%D8%A7%D8%A1
403 Forbidden,Non trouvé,Non trouvé,Non trouvé,Aucun avis,Inconnu,Inconnu,Aucun tag,https://khamsat.com/engineering/interior-design/1219407-%D8%AA%D8%B5%D9%85%D9%8A%D9%85-%D8%A7%D9%84%D9%81%D8%B6%D8%A7%D8%A6%D8%A7%D8%AA-%D8%A7%D9%84%D8%AF%D8%A7%D8%AE%D9%84%D9%8A%D8%A9-%D9%85%D9%86%D8%A7%D8%B2%D9%84-%D9%85%D8%AD%D9%84%D8%A7%D8%AA-%D9%85%D8%B7%D8%A7%D8%B9%D9%85
403 Forbidden,Non trouvé,Non trouvé,Non trouvé,Aucun avis,Inconnu,Inconnu,Aucun tag,https://khamsat.com/engineering/interior-design/2933997-%D8%AA%D8%B5%D9%85%D9%8A%D9%85-%D8%AF%D8%A7%D8%AE%D9%84%D9%8A-%D9%84%D8%B4%D8%B1%D9%83%D8%A9-%D9%88%D9%81%D9%8A%D9%84%D8%A7-%D9%88%D8%B4%D9%82%D9%82-%D8%B3%D9%83%D9%86%D9%8A%D8%A9-%D9%88%D9%85%D9%83%D8%A7%D8%AA%D8%A8-%D8%AE%D8%AF%D9%85%D9%8A%D8%A9
403 Forbidden,Non trouvé,Non trouvé,Non trouvé,Aucun avis,Inconnu,Inconnu,Aucun tag,https://khamsat.com/engineering/electrical-diagrams-design/2746021-%D8%B1%D8%B3%D9%85-%D9%85%D8%AE%D8%B7%D8%B7%D8%A7%D8%AA-%D8%A7%D9%84%D8%A7%D8%B9%D9%85%D8%A7%D9%84-%D8%A7%D9%84%D9%83%D9%87%D8%B1%D8%A8%D9%8A%D8%A9-%D8%A7%D9%84%D8%A7%D9%86%D8%A7%D8%B1%D8%A9-%D9%88%D8%A7%D9%84%D8%A8%D8%A7%D9%88%D8%B1-%D9%88%D8%AA%D9%8A%D8%A7%D8%B1-%D8%AE%D9%81%D9%8A%D9%81
403 Forbidden,Non trouvé,Non trouvé,Non trouvé,Aucun avis,Inconnu,Inconnu,Aucun tag,https://khamsat.com/engineering/exterior-design/2787398-%D8%AA%D8%B5%D9%85%D9%8A%D9%85-3d-%D9%84%D9%84%D9%85%D9%86%D8%A7%D8%B2%D9%84-%D9%88%D8%A7%D9%84%D9%81%D9%84%D9%84-%D9%88%D9%83%D9%84-%D8%A7%D9%86%D9%88%D8%A7%D8%B9-%D8%A7%D9%84%D9%85%D8%A8%D8%A7%D9%86%D9%8A
403 Forbidden,Non trouvé,Non trouvé,Non trouvé,Aucun avis,Inconnu,Inconnu,Aucun tag,https://khamsat.com/engineering/interior-design/2139394-%D8%AA%D8%B5%D9%85%D9%8A%D9%85-%D8%AF%D9%8A%D9%83%D9%88%D8%B1%D8%A7%D8%AA-%D9%81%D9%8A%D9%84%D8%A7%D8%AA-%D8%A8%D8%A8%D8%B1%D9%86%D8%A7%D9%85%D8%AC-autocad-solidworks
403 Forbidden,Non trouvé,Non trouvé,Non trouvé,Aucun avis,Inconnu,Inconnu,Aucun tag,https://khamsat.com/engineering/interior-design/2873461-%D8%AA%D8%B5%D9%85%D9%8A%D9%85-%D8%AF%D9%8A%D9%83%D9%88%D8%B1-%D9%83%D9%84%D8%A7%D8%B3%D9%8A%D9%83-%D9%81%D8%AE%D9%85-%D9%84%D9%85%D8%AC%D8%A7%D9%84%D8%B3-%D8%A7%D9%84%D9%81%D9%84%D9%84
403 Forbidden,Non trouvé,Non trouvé,Non trouvé,Aucun avis,Inconnu,Inconnu,Aucun tag,https://khamsat.com/engineering/electrical-diagrams-design/3806047-%D8%AA%D8%B5%D9%85%D9%8A%D9%85-%D9%86%D8%B8%D8%A7%D9%85-%D8%A7%D9%86%D8%A7%D8%B1%D8%A9-lighting-system
403 Forbidden,Non trouvé,Non trouvé,Non trouvé,Aucun avis,Inconnu,Inconnu,Aucun tag,https://khamsat.com/engineering/exterior-design/3832549-%D8%AA%D8%B5%D9%85%D9%8A%D9%85-%D8%A7%D9%83%D8%B4%D8%A7%D9%83-%D8%A8%D9%88%D8%AB-%D9%88%D9%85%D8%B9%D8%A7%D8%B1%D8%B6-%D9%88%D9%88%D8%AC%D9%87%D8%A7%D8%AA-%D9%85%D8%AD%D9%84%D8%A7%D8%AA
403 Forbidden,Non trouvé,Non trouvé,Non trouvé,Aucun avis,Inconnu,Inconnu,Aucun tag,https://khamsat.com/engineering/interior-design/3224591-%D8%A5%D8%AE%D8%B1%D8%A7%D8%AC-%D9%84%D9%88%D8%AD%D8%A7%D8%AA-%D8%B4%D9%88%D8%A8-%D8%AF%D8%B1%D9%88%D9%8A%D9%86%D8%AC-%D8%A7%D9%84%D9%84%D9%88%D8%AD%D8%A7%D8%AA-%D8%A7%D9%84%D8%AA%D9%86%D9%81%D9%8A%D8%B0%D9%8A%D8%A9-%D9%84%D9%84%D8%AA%D8%B5%D9%85%D9%8A%D9%85-%D8%A7%D9%84%D8%AF%D8%A7%D8%AE%D9%84%D9%8A
403 Forbidden,Non trouvé,Non trouvé,Non trouvé,Aucun avis,Inconnu,Inconnu,Aucun tag,https://khamsat.com/engineering/interior-design/2863750-%D9%85%D8%AE%D8%B7%D8%B7%D8%A7%D8%AA-%D8%AA%D9%86%D9%81%D9%8A%D8%B0%D9%8A%D8%A9-%D8%AF%D9%8A%D9%83%D9%88%D8%B1-%D8%AF%D8%A7%D8%AE%D9%84%D9%8A
403 Forbidden,Non trouvé,Non trouvé,Non trouvé,Aucun avis,Inconnu,Inconnu,Aucun tag,https://khamsat.com/engineering/electrical-diagrams-design/3768203-%D8%AA%D8%B5%D9%85%D9%8A%D9%85-%D8%A5%D9%86%D8%A7%D8%B1%D8%A9-%D8%A7%D8%AD%D8%AA%D8%B1%D8%A7%D9%81%D9%8A-%D9%85%D8%B9-%D9%85%D8%AE%D8%B7%D8%B7-%D9%83%D9%87%D8%B1%D8%A8%D8%A7%D8%A6%D9%8A-%D9%83%D8%A7%D9%85%D9%84
403 Forbidden,Non trouvé,Non trouvé,Non trouvé,Aucun avis,Inconnu,Inconnu,Aucun tag,https://khamsat.com/engineering/exterior-design/1870354-%D8%AA%D8%B5%D9%85%D9%8A%D9%85-%D9%88%D8%A7%D8%AC%D9%87%D8%A7%D8%AA-%D9%85%D8%B9%D9%85%D8%A7%D8%B1%D9%8A%D8%A9-%D9%88%D8%B9%D9%85%D9%84-%D9%85%D9%86%D8%A7%D8%B8%D9%8A%D8%B1-%D9%85%D9%88%D8%AF%D8%B1%D9%86-%D9%88%D9%83%D9%84%D8%A7%D8%B3%D9%8A%D9%83-%D9%88%D9%86%D9%8A%D9%88-%D9%83%D9%84%D8%A7%D8%B3%D9%8A%D9%83
403 Forbidden,Non trouvé,Non trouvé,Non trouvé,Aucun avis,Inconnu,Inconnu,Aucun tag,https://khamsat.com/engineering/interior-design/2682940-%D8%AA%D8%B5%D9%85%D9%8A%D9%85-%D8%AF%D8%A7%D8%AE%D9%84%D9%8A-%D9%88%D8%AE%D8%A7%D8%B1%D8%AC%D9%8A-%D8%A8%D8%AC%D9%88%D8%AF%D8%A9-%D8%B9%D8%A7%D9%84%D9%8A%D8%A9-%D9%88%D8%A7%D8%AD%D8%AA%D8%B1%D8%A7%D9%81%D9%8A%D8%A9-%D9%88%D8%B1%D9%82%D9%8A
403 Forbidden,Non trouvé,Non trouvé,Non trouvé,Aucun avis,Inconnu,Inconnu,Aucun tag,https://khamsat.com/engineering/interior-design/3294836-%D8%AA%D8%B5%D9%85%D9%8A%D9%85-%D8%AF%D8%A7%D8%AE%D9%84%D9%8A-%D9%88%D8%AF%D9%8A%D9%83%D9%88%D8%B1-%D9%81%D8%AE%D9%85-%D8%A8%D8%AC%D9%85%D8%A7%D9%84%D9%8A%D8%A9-%D8%B9%D8%A7%D9%84%D9%8A%D8%A9
403 Forbidden,Non trouvé,Non trouvé,Non trouvé,Aucun avis,Inconnu,Inconnu,Aucun tag,https://khamsat.com/engineering/electrical-diagrams-design/3436026-%D8%AA%D8%B5%D9%85%D9%8A%D9%85-%D8%A7%D9%84%D9%84%D9%88%D8%AD%D8%A7%D8%AA-%D8%A7%D9%84%D9%83%D9%87%D8%B1%D8%A8%D9%8A%D8%A9-%D9%84%D9%84%D9%85%D8%A8%D8%A7%D9%86%D9%8A-%D8%A7%D9%84%D9%85%D8%AE%D8%AA%D9%84%D9%81%D9%87
403 Forbidden,Non trouvé,Non trouvé,Non trouvé,Aucun avis,Inconnu,Inconnu,Aucun tag,https://khamsat.com/engineering/exterior-design/2299803-%D8%AA%D8%B5%D9%85%D9%8A%D9%85-%D9%81%D9%84%D8%A7%D8%AA-%D9%81%D8%AE%D9%85%D8%A9-%D8%AC%D8%AF%D8%A7-%D9%88-%D9%85%D9%86%D8%A7%D8%B2%D9%84-%D8%A8%D8%AC%D9%88%D8%AF%D8%A9-%D9%85%D9%85%D8%AA%D8%A7%D8%B2%D8%A9-%D9%88-%D8%A7%D8%B3%D8%B9%D8%A7%D8%B1-%D8%AE%D9%8A%D8%A7%D9%84%D9%8A%D8%A9
403 Forbidden,Non trouvé,Non trouvé,Non trouvé,Aucun avis,Inconnu,Inconnu,Aucun tag,https://khamsat.com/engineering/interior-design/1558777-%D8%AA%D8%B5%D9%85%D9%8A%D9%85%D8%A7%D8%AA-%D9%85%D8%B9%D9%85%D8%A7%D8%B1%D9%8A%D8%A9-%D8%AF%D9%8A%D9%83%D9%88%D8%B1%D8%A7%D8%AA-%D8%AF%D8%A7%D8%AE%D9%84%D9%8A%D8%A9-%D9%88-%D8%AE%D8%A7%D8%B1%D8%AC%D9%8A%D8%A9
403 Forbidden,Non trouvé,Non trouvé,Non trouvé,Aucun avis,Inconnu,Inconnu,Aucun tag,https://khamsat.com/engineering/interior-design/3223097-%D8%AA%D8%B5%D9%85%D9%8A%D9%85-%D8%AA%D8%A3%D8%AB%D9%8A%D8%AB-%D8%A7%D9%81%D8%AA%D8%B1%D8%A7%D8%B6%D9%8A-%D8%A8%D8%A7%D9%84%D8%B9%D8%B1%D9%88%D8%B6-%D8%A7%D9%84%D8%B0%D9%83%D9%8A%D8%A9-%D9%84%D8%AC%D8%B0%D8%A8-%D8%A7%D9%84%D9%85%D8%B4%D8%AA%D8%B1%D9%8A%D9%86-%D8%A8%D8%B3%D8%B1%D8%B9%D8%A9
403 Forbidden,Non trouvé,Non trouvé,Non trouvé,Aucun avis,Inconnu,Inconnu,Aucun tag,https://khamsat.com/engineering/electrical-diagrams-design/3496634-%D8%AD%D8%B3%D8%A7%D8%A8-%D8%A7%D9%84%D9%83%D9%85%D9%8A%D8%A7%D8%AA-%D9%84%D8%AC%D9%85%D9%8A%D8%B9-%D8%A7%D9%84%D8%A3%D8%B9%D9%85%D8%A7%D9%84-%D9%88%D8%A7%D9%84%D8%AA%D8%B5%D8%A7%D9%85%D9%8A%D9%85-%D8%A7%D9%84%D9%87%D9%86%D8%AF%D8%B3%D9%8A%D8%A9
403 Forbidden,Non trouvé,Non trouvé,Non trouvé,Aucun avis,Inconnu,Inconnu,Aucun tag,https://khamsat.com/engineering/exterior-design/3683994-%D8%AA%D8%B5%D9%85%D9%8A%D9%85-%D8%AE%D8%A7%D8%B1%D8%AC%D9%8A-%D9%88%D9%88%D8%A7%D8%AC%D9%87%D8%A7%D8%AA-3d-revit
403 Forbidden,Non trouvé,Non trouvé,Non trouvé,Aucun avis,Inconnu,Inconnu,Aucun tag,https://khamsat.com/engineering/interior-design/3125216-%D8%AA%D8%B5%D9%85%D9%8A%D9%85-%D8%A8%D9%88%D8%AB-%D9%88-%D8%A3%D8%AC%D9%86%D8%AD%D8%A9-%D8%A7%D9%84%D9%85%D8%B9%D8%A7%D8%B1%D8%B6-%D9%88%D8%A7%D9%84%D8%A7%D8%AD%D8%AA%D9%81%D8%A7%D9%84%D9%8A%D8%A7%D8%AA-%D8%A7%D9%84%D8%A7%D9%81%D9%8A%D9%86%D8%AA%D8%A7%D8%AA
403 Forbidden,Non trouvé,Non trouvé,Non trouvé,Aucun avis,Inconnu,Inconnu,Aucun tag,https://khamsat.com/engineering/interior-design/2172097-%D8%AA%D8%B5%D9%85%D9%8A%D9%85-3d-%D8%AF%D8%A7%D8%AE%D9%84%D9%8A-%D9%84%D8%AC%D9%85%D9%8A%D8%B9-%D8%A7%D9%84%D9%85%D8%A8%D8%A7%D9%86%D9%8A-%D8%A7%D9%84%D8%B3%D9%83%D9%86%D9%8A%D8%A9-%D9%88-%D8%A7%D9%84%D8%AA%D8%AC%D8%A7%D8%B1%D9%8A%D8%A9
403 Forbidden,Non trouvé,Non trouvé,Non trouvé,Aucun avis,Inconnu,Inconnu,Aucun tag,https://khamsat.com/engineering/electrical-diagrams-design/3160013-%D8%A5%D8%B9%D8%AF%D8%A7%D8%AF-%D9%88%D8%AA%D8%AF%D9%82%D9%8A%D9%82-%D8%A7%D9%84%D9%85%D8%AE%D8%B7%D8%B7%D8%A7%D8%AA-%D8%A7%D9%84%D9%83%D9%87%D8%B1%D8%A8%D8%A7%D8%A6%D9%8A%D8%A9-%D8%A7%D9%84%D8%A3%D9%88%D9%84%D9%8A%D8%A9-%D9%88%D8%A7%D9%84%D8%AA%D9%86%D9%81%D9%8A%D8%B0%D9%8A%D8%A9-shop-drawings
403 Forbidden,Non trouvé,Non trouvé,Non trouvé,Aucun avis,Inconnu,Inconnu,Aucun tag,https://khamsat.com/engineering/exterior-design/2784448-%D8%AA%D8%B5%D9%85%D9%8A%D9%85-%D8%AE%D8%A7%D8%B1%D8%AC%D9%89-%D9%85%D8%B9%D9%85%D8%A7%D8%B1%D9%89-%D8%A8%D8%B3%D8%B9%D8%B1-%D9%85%D9%85%D9%8A%D8%B2
403 Forbidden,Non trouvé,Non trouvé,Non trouvé,Aucun avis,Inconnu,Inconnu,Aucun tag,https://khamsat.com/engineering/interior-design/1721599-%D8%AA%D8%B5%D9%85%D9%8A%D9%85-%D9%88-%D8%AF%D9%8A%D9%83%D9%88%D8%B1-%D8%AF%D8%A7%D8%AE%D9%84%D9%8A-3d.-%D8%B4%D9%82%D9%82-%D8%B3%D9%83%D9%86%D9%8A%D8%A9.%D9%85%D9%83%D8%A7%D8%AA%D8%A8.%D8%B9%D9%8A%D8%A7%D8%AF%D8%A7%D8%AA.%D8%B4%D8%B1%D9%83%D8%A7%D8%AA
403 Forbidden,Non trouvé,Non trouvé,Non trouvé,Aucun avis,Inconnu,Inconnu,Aucun tag,https://khamsat.com/engineering/interior-design/2874326-%D8%A7%D9%86%D8%B4%D8%A7%D8%A1-%D8%AA%D8%B5%D9%85%D9%8A%D9%85-%D9%85%D8%B9%D9%85%D8%A7%D8%B1%D9%8A-%D8%AF%D8%A7%D8%AE%D9%84%D9%8A-%D9%84%D8%A3%D9%8A-%D9%81%D8%B1%D8%A7%D8%BA-%D9%85%D8%B9-%D8%A7%D9%84%D8%B1%D9%86%D8%AF%D8%B1-sketchup-d5-r
403 Forbidden,Non trouvé,Non trouvé,Non trouvé,Aucun avis,Inconnu,Inconnu,Aucun tag,https://khamsat.com/engineering/electrical-diagrams-design/3662356-%D9%8A%D9%85%D9%83%D9%86%D9%86%D9%8A-%D8%AC%D8%B9%D9%84-%D9%85%D8%AE%D8%B7%D8%B7%D8%A7%D8%AA%D9%83-%D8%A7%D9%88-%D9%85%D8%B4%D8%B1%D9%88%D8%B9%D9%83-%D8%A7%D9%84-2d%D8%A7%D9%84%D9%8A-%D9%85%D8%B4%D8%B1%D9%88%D8%B9-3d-%D9%85%D8%AB%D9%84-%D8%A7%D9%84%D8%B5%D9%88%D8%B1
403 Forbidden,Non trouvé,Non trouvé,Non trouvé,Aucun avis,Inconnu,Inconnu,Aucun tag,https://khamsat.com/engineering/exterior-design/3737850-%D8%AA%D8%B5%D9%85%D9%8A%D9%85-%D9%88%D8%A7%D8%AC%D9%87%D8%A9-%D8%AE%D8%A7%D8%B1%D8%AC%D9%8A%D8%A9-3d-%D9%85%D8%B9-%D8%B1%D9%86%D8%AF%D8%B1-%D9%88%D8%A7%D9%82%D8%B9%D9%8A-%D8%A7%D8%AD%D8%AA%D8%B1%D8%A7%D9%81%D9%8A
403 Forbidden,Non trouvé,Non trouvé,Non trouvé,Aucun avis,Inconnu,Inconnu,Aucun tag,https://khamsat.com/engineering/interior-design/2258205-%D8%AA%D8%B5%D8%A7%D9%85%D9%8A%D9%85-%D9%85%D8%B9%D9%85%D8%A7%D8%B1%D9%8A%D8%A9-%D9%88%D8%AF%D9%8A%D9%83%D9%88%D8%B1%D8%A7%D8%AA-%D8%AF%D8%A7%D8%AE%D9%84%D9%8A%D8%A9
403 Forbidden,Non trouvé,Non trouvé,Non trouvé,Aucun avis,Inconnu,Inconnu,Aucun tag,https://khamsat.com/engineering/interior-design/1612077-%D8%AA%D8%B5%D9%85%D9%8A%D9%85-%D9%85%D8%B7%D8%A7%D8%A8%D8%AE-2d-3d-%D8%B4%D9%88%D9%81-%D9%85%D8%B7%D8%A8%D8%AE%D9%83
403 Forbidden,Non trouvé,Non trouvé,Non trouvé,Aucun avis,Inconnu,Inconnu,Aucun tag,https://khamsat.com/engineering/electrical-diagrams-design/3537521-%D8%AA%D8%B5%D9%85%D9%8A%D9%85-%D9%84%D9%88%D8%AD%D8%A7%D8%AA-%D8%A7%D9%84%D8%AA%D8%AD%D9%83%D9%85-%D9%88%D8%A7%D9%84%D8%A8%D9%88%D8%B1-%D9%84%D8%AC%D9%85%D9%8A%D8%B9-%D8%A7%D9%84%D9%85%D8%B4%D8%A7%D8%B1%D9%8A%D8%B9-%D8%A8%D8%A8%D8%B1%D8%A7%D9%85%D8%AC-%D8%A7%D9%84%D9%85%D8%AD%D8%A7%D9%83%D8%A7%D8%A9
403 Forbidden,Non trouvé,Non trouvé,Non trouvé,Aucun avis,Inconnu,Inconnu,Aucun tag,https://khamsat.com/engineering/exterior-design/3595137-%D8%AA%D8%B5%D9%85%D9%8A%D9%85-%D9%88%D8%A7%D8%AC%D9%87%D8%A7%D8%AA-%D8%AE%D8%A7%D8%B1%D8%AC%D9%8A%D8%A9-%D9%85%D8%B9%D9%85%D8%A7%D8%B1%D9%8A%D8%A9-%D8%A8%D8%AC%D9%85%D9%8A%D8%B9-%D8%A7%D9%84%D8%A3%D9%86%D9%85%D8%A7%D8%B7-%D9%85%D9%88%D8%AF%D8%B1%D9%86%D9%83%D9%84%D8%A7%D8%B3%D9%8A%D9%83
403 Forbidden,Non trouvé,Non trouvé,Non trouvé,Aucun avis,Inconnu,Inconnu,Aucun tag,https://khamsat.com/engineering/interior-design/1689536-%D8%AA%D8%B5%D9%85%D9%8A%D9%85-%D8%AB%D9%84%D8%A7%D8%AB%D9%8A-%D8%A7%D9%84%D8%A7%D8%A8%D8%B9%D8%A7%D8%AF-%D9%84%D9%84%D9%88%D8%A7%D8%AC%D9%87%D8%A7%D8%AA-%D9%88%D8%A7%D9%84%D9%85%D9%86%D8%A7%D8%B8%D9%8A%D8%B1-%D8%A7%D9%84%D9%85%D8%B9%D9%85%D8%A7%D8%B1%D9%8A%D8%A9-%D9%88%D8%A7%D9%84%D8%AF%D9%8A%D9%83%D9%88%D8%B1%D8%A7%D8%AA
403 Forbidden,Non trouvé,Non trouvé,Non trouvé,Aucun avis,Inconnu,Inconnu,Aucun tag,https://khamsat.com/engineering/interior-design/1086983-%D8%A7%D8%B5%D9%85%D9%85-%D9%84%D9%83-%D9%81%D9%8A%D9%84%D8%A7-%D8%A7%D9%88-%D9%85%D9%86%D8%B2%D9%84-%D8%A7%D9%88-%D9%85%D8%AD%D9%84-%D8%AA%D8%AC%D8%A7%D8%B1%D9%8A-%D8%A7%D9%88-%D9%83%D8%A7%D9%81%D9%8A%D9%87%D8%A7%D8%AA-3d-%D8%AE%D8%A7%D8%B1%D8%AC%D9%8A-%D9%88%D8%AF%D8%A7%D8%AE%D9%84%D9%8A
403 Forbidden,Non trouvé,Non trouvé,Non trouvé,Aucun avis,Inconnu,Inconnu,Aucun tag,https://khamsat.com/engineering/electrical-diagrams-design/3201326-%D8%AA%D8%B5%D9%85%D9%8A%D9%85-%D9%85%D8%AE%D8%B7%D8%B7%D8%A7%D8%AA-%D8%A7%D9%84%D8%A5%D9%86%D8%A7%D8%B1%D8%A9-%D8%A8%D8%A7%D8%AD%D8%AA%D8%B1%D8%A7%D9%81%D9%8A%D8%A9-%D8%A8%D8%A5%D8%B3%D8%AA%D8%AE%D8%AF%D8%A7%D9%85-dialux-evo
403 Forbidden,Non trouvé,Non trouvé,Non trouvé,Aucun avis,Inconnu,Inconnu,Aucun tag,https://khamsat.com/engineering/exterior-design/3366131-%D8%AA%D8%B5%D9%85%D9%8A%D9%85-%D9%85%D8%B9%D9%85%D8%A7%D8%B1%D9%8A-%D9%84%D9%84%D9%88%D8%A7%D8%AC%D9%87%D8%A7%D8%AA-3d-%D8%A7%D9%84%D8%A7%D8%B3%D9%83%D8%AA%D8%B4-%D8%A7%D8%A8-%D9%84%D9%83%D9%84-%D9%88%D8%A7%D8%AC%D9%87%D8%A9-%D9%85%D9%86-%D8%A7%D9%84%D9%85%D8%A8%D9%86%D9%89
403 Forbidden,Non trouvé,Non trouvé,Non trouvé,Aucun avis,Inconnu,Inconnu,Aucun tag,https://khamsat.com/engineering/interior-design/2860950-%D8%AA%D8%B5%D9%85%D9%8A%D9%85-%D8%AF%D9%8A%D9%83%D9%88%D8%B1%D8%A7%D8%AA-%D8%AF%D8%A7%D8%AE%D9%84%D9%8A%D8%A9-%D8%A8%D8%AC%D9%88%D8%AF%D8%A9-%D8%B9%D8%A7%D9%84%D9%8A%D8%A9
403 Forbidden,Non trouvé,Non trouvé,Non trouvé,Aucun avis,Inconnu,Inconnu,Aucun tag,https://khamsat.com/engineering/interior-design/713435-%D8%AA%D8%B5%D9%85%D9%8A%D9%85-%D8%AF%D8%A7%D8%AE%D9%84%D9%89-%D9%88%D8%AE%D8%A7%D8%B1%D8%AC%D9%89-%D9%84%D9%83%D8%A7%D9%81%D8%A9-%D8%A7%D9%84%D9%85%D8%B4%D8%A7%D8%B1%D9%8A%D8%B9-%D8%A8%D8%AC%D9%88%D8%AF%D8%A9%D8%B9%D8%A7%D9%84%D9%8A%D9%87
403 Forbidden,Non trouvé,Non trouvé,Non trouvé,Aucun avis,Inconnu,Inconnu,Aucun tag,https://khamsat.com/engineering/electrical-diagrams-design/3310744-%D8%A7%D8%B9%D8%AF%D8%A7%D8%AF-%D8%A7%D9%84%D8%AA%D8%B5%D9%85%D9%8A%D9%85%D8%A7%D8%AA-%D8%A7%D9%84%D9%83%D9%87%D8%B1%D8%A8%D8%A7%D8%A6%D9%8A%D9%87-%D9%84%D9%84%D9%85%D8%A8%D8%A7%D9%86%D9%8A
403 Forbidden,Non trouvé,Non trouvé,Non trouvé,Aucun avis,Inconnu,Inconnu,Aucun tag,https://khamsat.com/engineering/exterior-design/3066429-%D8%AA%D8%B5%D9%85%D9%8A%D9%85-%D9%88%D8%A7%D8%AC%D9%87%D8%A7%D8%AA-%D9%85%D8%B9%D9%85%D8%A7%D8%B1%D9%8A%D8%A9-%D8%AE%D8%A7%D8%B1%D8%AC%D9%8A%D8%A9-d2-3d
403 Forbidden,Non trouvé,Non trouvé,Non trouvé,Aucun avis,Inconnu,Inconnu,Aucun tag,https://khamsat.com/engineering/interior-design/3644064-%D8%AA%D8%B5%D9%85%D9%8A%D9%85-%D8%AF%D8%A7%D8%AE%D9%84%D9%8A-%D9%84%D8%AC%D9%85%D9%8A%D8%B9-%D8%A3%D9%86%D9%88%D8%A7%D8%B9-%D8%A7%D9%84%D8%BA%D8%B1%D9%81-%D9%88%D8%A7%D9%84%D9%81%D9%84%D9%84-%D9%88%D8%A7%D9%84%D8%B4%D9%82%D9%82-%D8%A7%D9%84%D8%B3%D9%83%D9%86%D9%8A%D8%A9
403 Forbidden,Non trouvé,Non trouvé,Non trouvé,Aucun avis,Inconnu,Inconnu,Aucun tag,https://khamsat.com/engineering/interior-design/2759303-%D8%AA%D8%B5%D9%85%D9%8A%D9%85-%D8%AF%D9%8A%D9%83%D9%88%D8%B1-%D8%AF%D8%A7%D8%AE%D9%84%D9%8A-%D9%88%D8%AE%D8%A7%D8%B1%D8%AC%D9%8A-3d-max
403 Forbidden,Non trouvé,Non trouvé,Non trouvé,Aucun avis,Inconnu,Inconnu,Aucun tag,https://khamsat.com/engineering/electrical-diagrams-design/2904076-%D8%AA%D8%B5%D9%85%D9%8A%D9%85-%D8%A3%D9%86%D8%B8%D9%85%D8%A9-%D8%A7%D9%84%D8%AA%D9%8A%D8%A7%D8%B1-%D8%A7%D9%84%D8%AE%D9%81%D9%8A%D9%81
403 Forbidden,Non trouvé,Non trouvé,Non trouvé,Aucun avis,Inconnu,Inconnu,Aucun tag,https://khamsat.com/engineering/exterior-design/3127376-%D8%AA%D8%B5%D9%85%D9%8A%D9%85-%D8%AE%D8%A7%D8%B1%D8%AC%D9%8A-%D9%85%D8%B9%D9%85%D8%A7%D8%B1%D9%8A-3d-2d
403 Forbidden,Non trouvé,Non trouvé,Non trouvé,Aucun avis,Inconnu,Inconnu,Aucun tag,https://khamsat.com/engineering/interior-design/1589838-%D8%AA%D8%B5%D9%85%D9%8A%D9%85-%D8%AF%D8%A7%D8%AE%D9%84%D9%8A-%D9%84%D9%81%D8%B6%D8%A7%D8%A1%D8%A7%D8%AA-%D9%85%D8%B9%D9%85%D8%A7%D8%B1%D9%8A%D8%A9-%D8%AD%D8%B3%D8%A8-%D8%A7%D9%84%D8%B7%D9%84%D8%A8-%D8%BA%D8%B1%D9%81-%D9%86%D9%88%D9%85-%D9%85%D8%AC%D8%A7%D9%84%D8%B3
403 Forbidden,Non trouvé,Non trouvé,Non trouvé,Aucun avis,Inconnu,Inconnu,Aucun tag,https://khamsat.com/engineering/interior-design/2350408-%D8%AA%D8%B5%D9%85%D9%8A%D9%85-%D8%AF%D8%A7%D8%AE%D9%84%D9%89-%D9%88%D9%85%D8%B9%D9%85%D8%A7%D8%B1%D9%89
403 Forbidden,Non trouvé,Non trouvé,Non trouvé,Aucun avis,Inconnu,Inconnu,Aucun tag,https://khamsat.com/engineering/electrical-diagrams-design/879430-%D8%B9%D9%85%D9%84-%D8%B1%D8%B3%D9%88%D9%85%D8%A7%D8%AA-%D8%B4%D9%88%D8%A8-%D8%AF%D8%B1%D9%88%D9%86%D8%AC-%D9%84%D9%84%D8%A3%D8%B9%D9%85%D8%A7%D9%84-%D8%A7%D9%84%D9%83%D9%87%D8%B1%D8%A8%D8%A7%D8%A6%D9%8A%D8%A9-150-%D9%85%D8%AA%D8%B1-%D9%85%D8%B3%D8%B7%D8%AD-%D9%85%D9%82%D8%A7%D8%A8%D9%84-5-%D8%AF%D9%88%D9%84%D8%A7%D8%B1
403 Forbidden,Non trouvé,Non trouvé,Non trouvé,Aucun avis,Inconnu,Inconnu,Aucun tag,https://khamsat.com/engineering/exterior-design/3488596-%D8%AA%D8%B5%D9%85%D9%8A%D9%85-%D9%88%D8%A7%D8%AC%D9%87%D8%A7%D8%AA-%D8%AA%D8%AC%D8%A7%D8%B1%D9%8A%D8%A9-%D8%AB%D9%84%D8%A7%D8%AB%D9%8A%D8%A9-%D8%A7%D9%84%D8%A3%D8%A8%D8%B9%D8%A7%D8%AF-%D9%88%D8%A7%D9%82%D8%B9%D9%8A%D8%A9-%D8%AA%D9%88%D8%B6%D8%AD-%D8%B4%D9%83%D9%84-%D9%85%D8%B4%D8%B1%D9%88%D8%B9%D9%83
403 Forbidden,Non trouvé,Non trouvé,Non trouvé,Aucun avis,Inconnu,Inconnu,Aucun tag,https://khamsat.com/engineering/interior-design/2084434-%D8%A7%D8%AD%D8%B5%D9%84-%D8%B9%D9%84%D9%89-%D8%AA%D8%B5%D8%A7%D9%85%D9%8A%D9%85-%D8%AB%D8%B1%D9%8A-%D8%AF%D9%8A-%D9%84%D9%85%D9%86%D8%AA%D8%AC%D9%83-%D9%88%D9%84%D9%85%D9%81%D8%B1%D9%88%D8%B4%D8%A7%D8%AA%D9%83-%D8%A8%D9%88%D8%A7%D9%82%D8%B9%D9%8A%D8%A9-%D8%B9%D8%A7%D9%84%D9%8A%D8%A9
403 Forbidden,Non trouvé,Non trouvé,Non trouvé,Aucun avis,Inconnu,Inconnu,Aucun tag,https://khamsat.com/engineering/interior-design/3118695-%D8%AA%D8%B5%D9%85%D9%8A%D9%85-%D8%AF%D8%A7%D8%AE%D9%84%D9%8A-%D8%AB%D9%84%D8%A7%D8%AB%D9%8A-%D8%A7%D9%84%D8%A3%D8%A8%D8%B9%D8%A7%D8%AF-%D8%A8%D8%AC%D9%88%D8%AF%D8%A9-%D8%B9%D8%A7%D9%84%D9%8A%D8%A9-%D9%88%D9%88%D8%A7%D9%82%D8%B9%D9%8A%D8%A9
403 Forbidden,Non trouvé,Non trouvé,Non trouvé,Aucun avis,Inconnu,Inconnu,Aucun tag,https://khamsat.com/engineering/electrical-diagrams-design/3822008-%D8%AA%D8%B5%D9%85%D9%8A%D9%85-%D9%88%D9%85%D8%AD%D8%A7%D9%83%D8%A7%D8%A9-%D9%88%D8%AA%D8%AD%D9%84%D9%8A%D9%84-%D8%A8%D8%A7%D8%B3%D8%AA%D8%AE%D8%AF%D8%A7%D9%85-ansys-for-electric-engineering
403 Forbidden,Non trouvé,Non trouvé,Non trouvé,Aucun avis,Inconnu,Inconnu,Aucun tag,https://khamsat.com/engineering/exterior-design/3363930-%D8%AA%D8%B5%D9%85%D9%8A%D9%85-%D9%85%D8%B9%D9%85%D8%A7%D8%B1%D9%8A-%D8%AE%D8%A7%D8%B1%D8%AC%D9%8A-%D8%A8%D8%A7%D8%B3%D8%AA%D8%AE%D8%AF%D8%A7%D9%85-%D8%AB%D8%B1%D9%8A-%D8%AF%D9%8A-%D9%85%D8%A7%D9%83%D8%B3
403 Forbidden,Non trouvé,Non trouvé,Non trouvé,Aucun avis,Inconnu,Inconnu,Aucun tag,https://khamsat.com/engineering/interior-design/1331432-%D8%AA%D8%B5%D9%85%D9%8A%D9%85-%D8%AF%D8%A7%D8%AE%D9%84%D9%8A-%D9%88%D8%AF%D9%8A%D9%83%D9%88%D8%B1-%D9%84%D9%85%D8%AE%D8%AA%D9%84%D9%81-%D8%A7%D9%84%D9%81%D8%B6%D8%A7%D8%A1%D8%A7%D8%AA-%D8%A7%D9%84%D9%85%D8%B9%D9%85%D8%A7%D8%B1%D9%8A%D8%A9-%D8%A7%D9%84%D8%AF%D8%A7%D8%AE%D9%84%D9%8A%D8%A9
403 Forbidden,Non trouvé,Non trouvé,Non trouvé,Aucun avis,Inconnu,Inconnu,Aucun tag,https://khamsat.com/engineering/interior-design/2280417-%D8%AA%D8%B5%D9%85%D9%8A%D9%85-%D8%AF%D9%8A%D9%83%D9%88%D8%B1-%D8%AF%D8%A7%D8%AE%D9%84%D9%8A-%D8%A3%D9%88-%D8%AE%D8%A7%D8%B1%D8%AC%D9%8A-%D8%A8%D9%86%D8%AA%D8%A7%D8%A6%D8%AC-%D9%88%D8%A7%D9%82%D8%B9%D9%8A%D8%A9-%D9%88%D9%85%D8%A8%D9%87%D8%B1%D8%A9-%D9%84%D9%83%D9%84-4-%D9%85%D8%AA%D8%B1
403 Forbidden,Non trouvé,Non trouvé,Non trouvé,Aucun avis,Inconnu,Inconnu,Aucun tag,https://khamsat.com/engineering/electrical-diagrams-design/3358178-%D8%AA%D8%B5%D9%85%D9%8A%D9%85-%D9%85%D8%AE%D8%B7%D8%B7%D8%A7%D8%AA-%D8%AA%D8%AD%D9%83%D9%85-%D9%83%D9%87%D8%B1%D8%A8%D8%A7%D8%A6%D9%8A%D8%A9-%D9%84%D9%84%D8%AA%D8%AD%D9%83%D9%85-%D8%A7%D8%A7%D9%84%D9%83%D9%84%D8%A7%D8%B3%D9%8A%D9%83%D9%8A-%D9%88-plc
403 Forbidden,Non trouvé,Non trouvé,Non trouvé,Aucun avis,Inconnu,Inconnu,Aucun tag,https://khamsat.com/engineering/exterior-design/3604153-%D8%AA%D8%B5%D9%85%D9%8A%D9%85-%D8%B5%D9%88%D8%B1-%D8%A8%D8%A7%D9%84%D8%B0%D9%83%D8%A7%D8%A1-%D8%A7%D9%84%D8%A7%D8%B5%D8%B7%D9%86%D8%A7%D8%B9%D9%8A
403 Forbidden,Non trouvé,Non trouvé,Non trouvé,Aucun avis,Inconnu,Inconnu,Aucun tag,https://khamsat.com/engineering/interior-design/1986337-%D8%AA%D8%B5%D8%A7%D9%85%D9%8A%D9%85-%D8%AF%D8%A7%D8%AE%D9%84%D9%8A%D8%A9-%D8%B9%D8%A7%D9%84%D9%8A%D8%A9-%D8%A7%D9%84%D8%AC%D9%88%D8%AF%D8%A9-%D9%88-%D8%AF%D9%8A%D9%83%D9%88%D8%B1%D8%A7%D8%AA-%D8%B1%D8%A7%D9%82%D9%8A%D8%A9-%D9%88-%D8%AD%D8%AF%D9%8A%D8%AB%D8%A9
403 Forbidden,Non trouvé,Non trouvé,Non trouvé,Aucun avis,Inconnu,Inconnu,Aucun tag,https://khamsat.com/engineering/interior-design/3642571-%D8%AA%D8%B5%D9%85%D9%8A%D9%85-%D8%AF%D8%A7%D8%AE%D9%84%D9%8A-%D9%88%D8%AE%D8%A7%D8%B1%D8%AC%D9%8A-%D9%84%D9%84%D8%B4%D9%82%D9%82-%D9%88%D8%A7%D9%84%D9%85%D9%83%D8%A7%D8%AA%D8%A8
403 Forbidden,Non trouvé,Non trouvé,Non trouvé,Aucun avis,Inconnu,Inconnu,Aucun tag,https://khamsat.com/engineering/electrical-diagrams-design/3828919-%D8%AA%D8%B5%D9%85%D9%8A%D9%85-%D9%88%D8%A7%D8%B9%D8%AF%D8%A7%D8%AF-%D8%B1%D8%B3%D9%88%D9%85%D8%A7%D8%AA-%D8%AA%D9%86%D9%81%D9%8A%D8%B0%D9%8A%D8%A9-%D9%84%D9%84%D8%A7%D9%86%D8%B8%D9%85%D8%A9-%D8%A7%D9%84%D9%83%D9%87%D8%B1%D8%A8%D8%A7%D8%A6%D9%8A%D8%A9
403 Forbidden,Non trouvé,Non trouvé,Non trouvé,Aucun avis,Inconnu,Inconnu,Aucun tag,https://khamsat.com/engineering/exterior-design/3407527-%D8%AA%D8%B5%D8%A7%D9%85%D9%8A%D9%85-%D9%85%D8%B9%D9%85%D8%A7%D8%B1%D9%8A%D8%A9-%D8%AE%D8%A7%D8%B1%D8%AC%D9%8A%D8%A9-%D8%AA%D8%B9%D9%83%D8%B3-%D9%85%D9%84%D8%A7%D9%85%D8%AD-%D8%A7%D9%84%D9%85%D8%A8%D9%86%D9%89-%D8%A7%D9%84%D8%B0%D9%8A-%D9%86%D8%B9%D9%8A%D8%B4-%D9%81%D9%8A%D9%87
403 Forbidden,Non trouvé,Non trouvé,Non trouvé,Aucun avis,Inconnu,Inconnu,Aucun tag,https://khamsat.com/engineering/interior-design/2480740-%D8%AA%D8%B5%D9%85%D9%8A%D9%85-%D8%B4%D8%A7%D9%84%D9%8A%D9%87-%D9%85%D8%B9-%D9%83%D9%84-%D8%A7%D9%84%D9%85%D8%AE%D8%B7%D8%B7%D8%A7%D8%AA-%D9%88%D8%A7%D9%84%D8%AA%D8%B5%D9%85%D9%8A%D9%85-%D8%A7%D9%84%D8%AF%D8%A7%D8%AE%D9%84%D9%8A-%D9%88%D8%A7%D9%84%D8%AE%D8%A7%D8%B1%D8%AC%D9%8A
403 Forbidden,Non trouvé,Non trouvé,Non trouvé,Aucun avis,Inconnu,Inconnu,Aucun tag,https://khamsat.com/engineering/interior-design/3718116-%D8%AA%D8%B5%D9%85%D9%8A%D9%85-%D8%AF%D8%A7%D8%AE%D9%84%D9%89-%D9%88-%D8%A3%D8%AB%D8%A7%D8%AB-%D9%85%D8%B9-%D8%A7%D9%84%D8%B1%D8%B3%D9%88%D9%85%D8%A7%D8%AA-%D8%A7%D9%84%D8%AA%D9%86%D9%81%D9%8A%D8%B0%D9%8A%D8%A9
403 Forbidden,Non trouvé,Non trouvé,Non trouvé,Aucun avis,Inconnu,Inconnu,Aucun tag,https://khamsat.com/engineering/electrical-diagrams-design/1276524-%D8%AA%D8%B5%D9%85%D9%8A%D9%85-%D9%88%D8%B1%D8%B3%D9%85-%D8%AF%D9%88%D8%A7%D8%A6%D8%B1-%D9%83%D9%87%D8%B1%D8%A8%D8%A7%D8%A6%D9%8A%D8%A9-%D9%83%D9%84%D8%A7%D8%B3%D9%8A%D9%83-%D9%83%D9%86%D8%AA%D8%B1%D9%88%D9%84-%D9%88plc
403 Forbidden,Non trouvé,Non trouvé,Non trouvé,Aucun avis,Inconnu,Inconnu,Aucun tag,https://khamsat.com/engineering/exterior-design/3774475-%D8%AA%D8%B5%D9%85%D9%8A%D9%85-%D9%88%D8%A7%D8%AC%D9%87%D8%A7%D8%AA-%D9%85%D8%B9%D9%85%D8%A7%D8%B1%D9%8A%D8%A9-%D8%A8%D9%85%D8%AE%D8%AA%D9%84%D9%81-%D8%A7%D9%84%D8%B7%D8%B1%D8%B2
403 Forbidden,Non trouvé,Non trouvé,Non trouvé,Aucun avis,Inconnu,Inconnu,Aucun tag,https://khamsat.com/engineering/interior-design/865025-%D8%AA%D8%B5%D9%85%D9%8A%D9%85-%D8%AF%D8%A7%D8%AE%D9%84%D9%89-%D8%AE%D8%A7%D8%B5-%D8%A8%D8%A7%D9%84%D8%AD%D9%85%D8%A7%D9%85%D8%A7%D8%AA-%D9%88-%D8%A7%D9%84%D9%85%D8%B7%D8%A7%D8%A8%D8%AE
403 Forbidden,Non trouvé,Non trouvé,Non trouvé,Aucun avis,Inconnu,Inconnu,Aucun tag,https://khamsat.com/engineering/interior-design/2305098-%D8%AA%D8%B5%D9%85%D9%8A%D9%85-%D8%AF%D9%8A%D9%83%D9%88%D8%B1-%D8%AF%D8%A7%D8%AE%D9%84%D9%8A
403 Forbidden,Non trouvé,Non trouvé,Non trouvé,Aucun avis,Inconnu,Inconnu,Aucun tag,https://khamsat.com/engineering/electrical-diagrams-design/3436103-%D8%AA%D8%B5%D9%85%D9%8A%D9%85-%D8%AF%D9%88%D8%A7%D8%A6%D8%B1-%D8%A7%D9%84%D8%AA%D8%AD%D9%83%D9%85-%D9%88%D8%A7%D9%84%D9%83%D9%86%D8%AA%D8%B1%D9%88%D9%84-%D8%A7%D9%84%D9%85%D8%AE%D8%AA%D9%84%D9%81%D8%A9
403 Forbidden,Non trouvé,Non trouvé,Non trouvé,Aucun avis,Inconnu,Inconnu,Aucun tag,https://khamsat.com/engineering/exterior-design/3587615-%D8%AA%D8%B5%D9%85%D9%8A%D9%85-%D9%88%D8%A7%D8%AC%D9%87%D8%A7%D8%AA-%D8%AE%D8%A7%D8%B1%D8%AC%D9%8A%D8%A9-%D9%88-%D9%84%D8%A7%D9%86%D8%AF%D9%83%D8%B3%D9%8A%D8%A8-%D9%88-%D8%B1%D8%B3%D9%88%D9%85%D8%A7%D8%AA-%D8%AA%D9%86%D9%81%D9%8A%D8%B0%D9%8A%D8%A9-%D8%A8%D9%83%D9%84-%D8%A7%D9%84%D8%AA%D9%81%D8%A7%D8%B5%D9%8A%D9%84
403 Forbidden,Non trouvé,Non trouvé,Non trouvé,Aucun avis,Inconnu,Inconnu,Aucun tag,https://khamsat.com/engineering/interior-design/3040162-%D8%AA%D8%B5%D9%85%D9%8A%D9%85-%D8%AF%D8%A7%D8%AE%D9%84%D9%8A-%D8%A8%D8%AC%D9%88%D8%AF%D8%A9-%D8%B9%D8%A7%D9%84%D9%8A%D8%A9-3d
403 Forbidden,Non trouvé,Non trouvé,Non trouvé,Aucun avis,Inconnu,Inconnu,Aucun tag,https://khamsat.com/engineering/interior-design/2077594-%D8%AA%D8%B5%D9%85%D9%8A%D9%85-%D9%85%D8%B7%D8%A7%D8%A8%D8%AE-kitchen-design
403 Forbidden,Non trouvé,Non trouvé,Non trouvé,Aucun avis,Inconnu,Inconnu,Aucun tag,https://khamsat.com/engineering/electrical-diagrams-design/2061624-%D8%AA%D8%B5%D9%85%D9%8A%D9%85-%D9%85%D8%AE%D8%B7%D8%B7%D8%A7%D8%AA-%D9%84%D9%88%D8%AD%D8%A7%D8%AA-%D8%A7%D9%84%D8%A3%D8%B9%D9%85%D8%A7%D9%84-%D8%A7%D9%84%D9%83%D9%87%D8%B1%D8%A8%D9%8A%D8%A9-%D8%A8%D8%B4%D9%83%D9%84-%D8%A5%D8%AD%D8%AA%D8%B1%D8%A7%D9%81%D9%8A-%D9%88%D8%AF%D9%82%D9%8A%D9%82
403 Forbidden,Non trouvé,Non trouvé,Non trouvé,Aucun avis,Inconnu,Inconnu,Aucun tag,https://khamsat.com/engineering/exterior-design/3616274-%D8%AA%D8%B5%D9%85%D9%8A%D9%85-%D9%85%D8%B9%D9%85%D8%A7%D8%B1%D9%8A-%D8%A7%D8%AD%D8%AA%D8%B1%D8%A7%D9%81%D9%8A-3d-%D8%AE%D8%A7%D8%B1%D8%AC%D9%8A-%D9%88%D8%B1%D9%86%D8%AF%D8%B1-%D9%88%D8%A7%D9%82%D8%B9%D9%8A
403 Forbidden,Non trouvé,Non trouvé,Non trouvé,Aucun avis,Inconnu,Inconnu,Aucun tag,https://khamsat.com/engineering/interior-design/1951432-%D8%AA%D8%B5%D9%85%D9%8A%D9%85-%D9%85%D8%B9%D9%85%D8%A7%D8%B1%D9%8A-%D8%AF%D8%A7%D8%AE%D9%84%D9%8A-%D9%88-%D8%AA%D9%86%D9%81%D9%8A%D8%B0%D9%8A-
403 Forbidden,Non trouvé,Non trouvé,Non trouvé,Aucun avis,Inconnu,Inconnu,Aucun tag,https://khamsat.com/engineering/interior-design/897830-%D8%AA%D8%B5%D9%85%D9%8A%D9%85-%D8%AF%D9%8A%D9%83%D9%88%D8%B1-%D8%AF%D8%A7%D8%AE%D9%84%D9%89-%D9%84%D8%B4%D9%82%D8%AA%D9%83-%D8%A7%D9%88-%D9%81%D9%8A%D9%84%D8%AA%D9%83-%D9%83%D8%A7%D9%85%D9%84-%D8%A8%D8%A7%D9%84%D8%A7%D8%AB%D8%A7%D8%AB-%D9%84%D9%83%D9%84-%D9%85%D8%AA%D8%B1-%D9%88%D9%86%D8%B5-%D9%85%D8%B1%D8%A8%D8%B9
403 Forbidden,Non trouvé,Non trouvé,Non trouvé,Aucun avis,Inconnu,Inconnu,Aucun tag,https://khamsat.com/engineering/electrical-diagrams-design/2333215-%D8%B9%D9%85%D9%84-%D8%B1%D8%B3%D9%88%D9%85%D8%A7%D8%AA-shop-drawings-%D9%84%D8%A7%D8%B9%D9%85%D8%A7%D9%84-%D8%A7%D9%84%D9%83%D9%87%D8%B1%D8%A8%D8%A7%D8%A1
403 Forbidden,Non trouvé,Non trouvé,Non trouvé,Aucun avis,Inconnu,Inconnu,Aucun tag,https://khamsat.com/engineering/exterior-design/3202481-%D8%AA%D8%B5%D9%85%D9%8A%D9%85-%D8%AB%D9%84%D8%A7%D8%AB%D9%8A-%D8%A7%D9%84%D8%A7%D8%A8%D8%B9%D8%A7%D8%AF-%D9%84%D9%84%D9%88%D8%A7%D8%AC%D9%87%D8%A7%D8%AA
403 Forbidden,Non trouvé,Non trouvé,Non trouvé,Aucun avis,Inconnu,Inconnu,Aucun tag,https://khamsat.com/engineering/interior-design/3222408-%D8%AA%D8%B5%D9%85%D9%8A%D9%85-%D8%BA%D8%B1%D9%81%D8%A9-%D9%86%D9%88%D9%85-%D8%B1%D8%A6%D9%8A%D8%B3%D9%8A%D8%A9-%D9%88%D8%A7%D8%B7%D9%81%D8%A7%D9%84
403 Forbidden,Non trouvé,Non trouvé,Non trouvé,Aucun avis,Inconnu,Inconnu,Aucun tag,https://khamsat.com/engineering/interior-design/2127504-%D8%AA%D8%B5%D9%85%D9%8A%D9%85-%D9%85%D8%B9%D9%85%D8%A7%D8%B1%D9%8A-%D8%AF%D8%A7%D8%AE%D9%84%D9%8A-%D8%AB%D9%84%D8%A7%D8%AB%D9%8A-%D9%88%D8%AB%D9%86%D8%A7%D8%A6%D9%8A-%D8%A7%D9%84%D8%A7%D8%A8%D8%B9%D8%A7%D8%AF
403 Forbidden,Non trouvé,Non trouvé,Non trouvé,Aucun avis,Inconnu,Inconnu,Aucun tag,https://khamsat.com/engineering/electrical-diagrams-design/3894105-%D8%A5%D8%B9%D8%AF%D8%A7%D8%AF-%D9%88%D8%AA%D9%86%D9%81%D9%8A%D8%B0-%D8%B1%D8%B3%D9%88%D9%85%D8%A7%D8%AA-%D9%83%D9%87%D8%B1%D8%A8%D8%A7%D8%A1-%D9%83%D8%A7%D9%85%D9%84%D8%A9-%D8%B9%D9%84%D9%89-autocad-%D9%88revit
403 Forbidden,Non trouvé,Non trouvé,Non trouvé,Aucun avis,Inconnu,Inconnu,Aucun tag,https://khamsat.com/engineering/exterior-design/3306566-%D9%87%D9%86%D8%AF%D8%B3%D8%A9-%D9%85%D8%B9%D9%85%D8%A7%D9%8A%D8%A9-%D9%84%D8%AA%D8%B5%D9%85%D9%8A%D9%85-%D8%A7%D9%84%D9%88%D8%A7%D8%AC%D9%87%D8%A7%D8%AA-%D9%88%D8%A7%D9%84%D9%85%D8%AE%D8%B7%D8%B7%D8%A7%D8%AA-%D8%A7%D9%84%D9%85%D8%B9%D9%85%D8%A7%D8%B1%D9%8A%D8%A9-%D9%88%D8%A7%D9%84%D8%AF%D8%A7%D8%AE%D9%84%D9%8A%D8%A9
403 Forbidden,Non trouvé,Non trouvé,Non trouvé,Aucun avis,Inconnu,Inconnu,Aucun tag,https://khamsat.com/engineering/interior-design/1446611-%D8%AA%D8%B5%D8%A7%D9%85%D9%8A%D9%85-%D8%AF%D8%A7%D8%AE%D9%84%D9%8A%D8%A9-%D9%84%D9%84%D9%81%D8%B1%D8%A7%D8%BA%D8%A7%D8%AA
403 Forbidden,Non trouvé,Non trouvé,Non trouvé,Aucun avis,Inconnu,Inconnu,Aucun tag,https://khamsat.com/engineering/interior-design/3197305-%D8%AA%D8%B5%D9%85%D9%8A%D9%85-%D9%85%D8%B9%D9%85%D8%A7%D8%B1%D9%8A-%D8%AF%D8%A7%D8%AE%D9%84%D9%8A-%D8%A8%D8%A7%D8%B3%D8%AA%D8%AE%D8%AF%D8%A7%D9%85-3ds-max
403 Forbidden,Non trouvé,Non trouvé,Non trouvé,Aucun avis,Inconnu,Inconnu,Aucun tag,https://khamsat.com/engineering/electrical-diagrams-design/3761285-%D8%AA%D8%B5%D9%85%D9%8A%D9%85-%D9%83%D9%87%D8%B1%D8%A8%D8%A7%D8%A1-%D9%85%D8%AE%D8%B7%D8%B7%D8%A7%D8%AA-%D8%A7%D9%84%D8%A7%D8%B6%D8%A7%D8%A1%D8%A9-%D9%88%D8%A7%D9%84%D8%A8%D8%B1%D8%A7%D9%8A%D8%B2-%D9%88%D8%AA%D9%8A%D8%A7%D8%B1-%D8%A7%D9%84%D8%AE%D9%81%D9%8A%D9%81
403 Forbidden,Non trouvé,Non trouvé,Non trouvé,Aucun avis,Inconnu,Inconnu,Aucun tag,https://khamsat.com/engineering/exterior-design/3473163-%D8%AA%D8%B5%D9%85%D9%8A%D9%85-%D9%88%D8%A7%D8%AC%D9%87%D8%A9-%D9%85%D8%A8%D9%86%D9%8A-%D8%AE%D8%A7%D8%B1%D8%AC%D9%8A%D8%A9-%D9%88%D8%A8%D8%B4%D9%83%D9%84-%D8%A7%D8%AD%D8%AA%D8%B1%D8%A7%D9%81%D9%8A-%D8%A7%D8%AE%D8%B1%D8%A7%D8%AC-3d-%D9%88%D8%A7%D9%82%D8%B9%D9%8A
403 Forbidden,Non trouvé,Non trouvé,Non trouvé,Aucun avis,Inconnu,Inconnu,Aucun tag,https://khamsat.com/engineering/interior-design/1178115-%D8%AA%D8%B5%D9%85%D9%8A%D9%85-%D8%AF%D8%A7%D8%AE%D9%84%D9%8A-%D8%AF%D9%8A%D9%83%D9%88%D8%B1-%D8%AB%D8%B1%D9%8A-%D8%AF%D9%8A
403 Forbidden,Non trouvé,Non trouvé,Non trouvé,Aucun avis,Inconnu,Inconnu,Aucun tag,https://khamsat.com/engineering/interior-design/2394401-%D8%AA%D8%B5%D9%85%D9%8A%D9%85-%D8%AF%D8%A7%D8%AE%D9%84%D9%8A-%D8%AF%D9%8A%D9%83%D9%88%D8%B1-%D8%A8%D8%A7%D9%81%D9%83%D8%A7%D8%B1-%D8%B9%D8%B5%D8%B1%D9%8A%D8%A9-%D9%85%D9%85%D9%8A%D8%B2%D8%A9
403 Forbidden,Non trouvé,Non trouvé,Non trouvé,Aucun avis,Inconnu,Inconnu,Aucun tag,https://khamsat.com/engineering/electrical-diagrams-design/3104232-%D8%AA%D8%B5%D9%85%D9%8A%D9%85-%D9%88%D8%A5%D8%B9%D8%AF%D8%A7%D8%AF-%D9%84%D9%88%D8%AD%D8%A7%D8%AA-%D8%A7%D9%84%D8%AA%D9%86%D9%81%D9%8A%D8%B0-%D8%A7%D9%84%D9%83%D9%87%D8%B1%D8%A8%D8%A7%D8%A6%D9%8A%D8%A9-%D9%83%D8%A7%D9%85%D9%84%D8%A9-%D9%84%D8%A3%D9%8A-%D9%85%D8%A8%D9%86%D9%89
403 Forbidden,Non trouvé,Non trouvé,Non trouvé,Aucun avis,Inconnu,Inconnu,Aucun tag,https://khamsat.com/engineering/exterior-design/3218236-%D8%AA%D8%B5%D9%85%D9%8A%D9%85-%D9%88%D8%A7%D8%AC%D9%87%D8%A7%D8%AA-%D9%88%D8%B9%D9%85%D9%84-%D8%B1%D9%8A%D9%86%D8%AF%D8%B1-%D9%88%D8%A7%D9%82%D8%B9%D9%8A
403 Forbidden,Non trouvé,Non trouvé,Non trouvé,Aucun avis,Inconnu,Inconnu,Aucun tag,https://khamsat.com/engineering/interior-design/1926149-%D8%AA%D8%B5%D9%85%D9%8A%D9%85-%D8%AF%D8%A7%D8%AE%D9%84%D9%8A-%D9%88%D8%A7%D8%AB%D8%A7%D8%AB-3d-%D8%B4%D9%81%D9%87-%D8%A7%D9%88-%D9%85%D9%83%D8%AA%D8%A8-%D8%A7%D9%88-%D8%B4%D8%B1%D9%83%D8%A9
403 Forbidden,Non trouvé,Non trouvé,Non trouvé,Aucun avis,Inconnu,Inconnu,Aucun tag,https://khamsat.com/engineering/interior-design/2899902-%D8%AA%D8%B5%D9%85%D9%8A%D9%85-%D8%AF%D8%A7%D8%AE%D9%84%D9%8A-%D8%B1%D8%A7%D9%82%D9%8A-%D9%88%D8%A8%D8%A3%D8%B3%D8%B9%D8%A7%D8%B1-%D9%85%D9%86%D8%A7%D8%B3%D8%A8%D8%A9-%D9%84%D9%84%D9%85%D9%84%D8%A7%D9%83-%D9%88%D8%A7%D8%B5%D8%AD%D8%A7%D8%A8-%D8%A7%D9%84%D9%85%D8%B4%D8%A7%D8%B1%D9%8A%D8%B9
403 Forbidden,Non trouvé,Non trouvé,Non trouvé,Aucun avis,Inconnu,Inconnu,Aucun tag,https://khamsat.com/engineering/electrical-diagrams-design/3753949-%D8%AA%D8%B5%D9%85%D9%8A%D9%85-%D8%A7%D9%84%D8%A7%D8%B9%D9%85%D8%A7%D9%84-%D8%A7%D9%84%D9%83%D9%87%D8%B1%D8%A8%D8%A7%D8%A6%D9%8A%D8%A9-%D9%84%D9%84%D9%85%D8%A8%D8%A7%D9%86%D9%89-%D8%A7%D9%84%D8%B0%D9%83%D9%8A%D8%A9-smart-home-%D8%A8%D9%86%D8%B8%D8%A7%D9%85-knx
403 Forbidden,Non trouvé,Non trouvé,Non trouvé,Aucun avis,Inconnu,Inconnu,Aucun tag,https://khamsat.com/engineering/exterior-design/2982237-%D8%AA%D8%B5%D9%85%D9%8A%D9%85-%D8%AF%D9%8A%D9%83%D9%88%D8%B1-%D8%AE%D8%A7%D8%B1%D8%AC%D9%8A-exterior-design
403 Forbidden,Non trouvé,Non trouvé,Non trouvé,Aucun avis,Inconnu,Inconnu,Aucun tag,https://khamsat.com/engineering/interior-design/3013985-%D8%AA%D8%B5%D9%85%D9%8A%D9%85%D8%A7%D8%AA-%D9%85%D8%B9%D9%85%D8%A7%D8%B1%D9%8A%D9%87-%D9%88-%D8%AA%D9%86%D9%81%D9%8A%D8%B0%D9%8A%D9%87-2d-%D9%88-3d
403 Forbidden,Non trouvé,Non trouvé,Non trouvé,Aucun avis,Inconnu,Inconnu,Aucun tag,https://khamsat.com/engineering/interior-design/3260047-%D8%AA%D8%B5%D9%85%D9%8A%D9%85-%D8%AF%D9%8A%D9%83%D9%88%D8%B1%D8%A7%D8%AA-%D9%85%D8%B7%D8%A7%D8%A8%D8%AE-%D8%A8%D8%B4%D9%83%D9%84-%D8%A7%D9%86%D9%8A%D9%82-%D9%88%D8%B9%D8%B5%D8%B1%D9%8A
403 Forbidden,Non trouvé,Non trouvé,Non trouvé,Aucun avis,Inconnu,Inconnu,Aucun tag,https://khamsat.com/engineering/electrical-diagrams-design/3502848-%D9%85%D9%87%D9%86%D8%AF%D8%B3-%D9%83%D9%87%D8%B1%D8%A8%D8%A7%D8%A1-%D8%AE%D8%A8%D8%B1%D8%A9-%D9%81%D9%8A-%D8%AA%D8%B5%D9%85%D9%8A%D9%85-%D8%A7%D9%84%D9%84%D9%88%D8%AD%D8%A7%D8%AA-%D8%A7%D9%84%D9%83%D9%87%D8%B1%D8%A8%D9%8A%D8%A9
403 Forbidden,Non trouvé,Non trouvé,Non trouvé,Aucun avis,Inconnu,Inconnu,Aucun tag,https://khamsat.com/engineering/exterior-design/3190546-%D8%AA%D8%B5%D9%85%D9%8A%D9%85-%D9%88%D8%A7%D8%AC%D9%87%D8%A7%D8%AA-%D9%85%D8%B9%D9%85%D8%A7%D8%B1%D9%8A%D8%A9-%D9%85%D8%A8%D8%AA%D9%83%D8%B1%D8%A9-%D9%88%D9%81%D8%B1%D9%8A%D8%AF%D8%A9-%D9%84%D9%84%D9%85%D8%A8%D8%A7%D9%86%D9%8A-%D8%A7%D9%84%D8%B3%D9%83%D9%86%D9%8A%D8%A9-%D9%88%D8%A7%D9%84%D8%AA%D8%AC%D8%A7%D8%B1%D9%8A%D8%A9
403 Forbidden,Non trouvé,Non trouvé,Non trouvé,Aucun avis,Inconnu,Inconnu,Aucun tag,https://khamsat.com/engineering/interior-design/3109262-%D8%AA%D8%B5%D9%85%D9%8A%D9%85-%D8%AF%D8%A7%D8%AE%D9%84%D9%89-3d-%D8%B3%D9%83%D9%86%D9%8A-%D9%81%D9%84%D9%84-%D9%88%D8%B4%D9%82%D9%82-%D9%88%D9%85%D9%86%D8%A7%D8%B2%D9%84-%D8%A7%D8%AD%D8%AA%D8%B1%D8%A7%D9%81%D9%89-%D8%A8%D9%84%D9%85%D8%B3%D8%A7%D8%AA-%D9%85%D9%85%D9%8A%D8%B2%D8%A9
403 Forbidden,Non trouvé,Non trouvé,Non trouvé,Aucun avis,Inconnu,Inconnu,Aucun tag,https://khamsat.com/engineering/interior-design/2254065-%D8%AA%D8%B5%D9%85%D9%8A%D9%85-%D8%AF%D8%A7%D8%AE%D9%84%D9%89-%D8%A8%D8%A7%D8%AE%D8%B1%D8%A7%D8%AC-%D8%A7%D8%AD%D8%AA%D8%B1%D8%A7%D9%81%D9%89-%D9%88%D8%B5%D9%88%D8%B1-%D9%88%D8%A7%D9%82%D8%B9%D9%8A%D9%87
403 Forbidden,Non trouvé,Non trouvé,Non trouvé,Aucun avis,Inconnu,Inconnu,Aucun tag,https://khamsat.com/engineering/electrical-diagrams-design/2859084-%D8%B9%D9%85%D9%84-%D8%B1%D8%B3%D9%88%D9%85%D8%A7%D8%AA-%D8%AA%D8%B5%D9%85%D9%8A%D9%85-%D9%88%D8%AA%D9%88%D8%B2%D9%8A%D8%B9-%D9%84%D9%84%D8%A3%D8%B9%D9%85%D8%A7%D9%84-%D8%A7%D9%84%D9%83%D9%87%D8%B1%D8%A8%D9%8A%D8%A9-%D9%84%D8%A3%D9%8A-%D9%85%D9%86%D8%B4%D8%A3%D9%87
403 Forbidden,Non trouvé,Non trouvé,Non trouvé,Aucun avis,Inconnu,Inconnu,Aucun tag,https://khamsat.com/engineering/exterior-design/3384773-%D8%AA%D8%B5%D9%85%D9%8A%D9%85-%D9%85%D8%B9%D9%85%D8%A7%D8%B1%D9%89-%D9%84%D9%85%D8%AE%D8%AA%D9%84%D9%81-%D8%A7%D9%84%D9%85%D8%A8%D8%A7%D9%86%D9%89
403 Forbidden,Non trouvé,Non trouvé,Non trouvé,Aucun avis,Inconnu,Inconnu,Aucun tag,https://khamsat.com/engineering/interior-design/1968256-%D8%AA%D8%B5%D9%85%D9%8A%D9%85-%D9%88%D8%AF%D9%8A%D9%83%D9%88%D8%B1-%D8%A7%D9%84%D9%81%D8%B1%D8%A7%D8%BA%D8%A7%D8%AA-%D8%A8%D9%85%D8%AE%D8%AA%D9%84%D9%81-%D8%A7%D9%84%D8%B7%D8%B1%D8%B2-%D8%A7%D9%84%D9%85%D8%B9%D9%85%D8%A7%D8%B1%D9%8A%D8%A9-%D8%A8%D8%A3%D8%AD%D8%AA%D8%B1%D8%A7%D9%81
403 Forbidden,Non trouvé,Non trouvé,Non trouvé,Aucun avis,Inconnu,Inconnu,Aucun tag,https://khamsat.com/engineering/interior-design/3027941-%D8%AA%D8%B5%D9%85%D9%8A%D9%85-%D8%AF%D9%8A%D9%83%D9%88%D8%B1%D8%A7%D8%AA-%D8%AF%D8%A7%D8%AE%D9%84%D9%8A%D8%A9-%D8%A8%D8%AC%D9%88%D8%AF%D8%A9-%D8%B9%D8%A7%D9%84%D9%8A%D8%A9
403 Forbidden,Non trouvé,Non trouvé,Non trouvé,Aucun avis,Inconnu,Inconnu,Aucun tag,https://khamsat.com/engineering/electrical-diagrams-design/3753769-%D8%AA%D8%B5%D9%85%D9%8A%D9%85-%D8%A7%D9%84%D8%A7%D8%B9%D9%85%D8%A7%D9%84-%D8%A7%D9%84%D9%83%D9%87%D8%B1%D8%A8%D8%A7%D8%A6%D9%8A%D8%A9-%D9%84%D9%84%D9%85%D9%86%D8%B4%D8%A2%D8%AA-%D8%A7%D9%84%D8%B3%D9%83%D9%86%D9%8A%D8%A9-%D8%A7%D9%84%D8%AA%D8%AC%D8%A7%D8%B1%D9%8A%D8%A9-%D8%A7%D9%84%D8%A5%D8%AF%D8%A7%D8%B1%D9%8A%D8%A9
403 Forbidden,Non trouvé,Non trouvé,Non trouvé,Aucun avis,Inconnu,Inconnu,Aucun tag,https://khamsat.com/engineering/exterior-design/3225551-%D8%AA%D8%B5%D9%85%D9%8A%D9%85-%D9%88%D8%A7%D8%AC%D9%87%D8%A7%D8%AA-%D9%85%D8%B9%D9%85%D8%A7%D8%B1%D9%8A%D8%A9-%D8%A8%D9%85%D8%AE%D8%AA%D9%84%D9%81-%D8%A7%D9%84%D8%B7%D8%B1%D8%A7%D8%B2%D8%A7%D8%AA-%D8%A7%D9%84%D9%83%D9%84%D8%A7%D8%B3%D9%8A%D9%83%D9%8A%D8%A9-%D9%88%D8%A7%D9%84%D9%85%D9%88%D8%AF%D8%B1%D9%86
403 Forbidden,Non trouvé,Non trouvé,Non trouvé,Aucun avis,Inconnu,Inconnu,Aucun tag,https://khamsat.com/engineering/interior-design/1882842-%D8%AA%D8%B5%D9%85%D9%8A%D9%85-%D8%AF%D9%8A%D9%83%D9%88%D8%B1-%D8%AF%D8%A7%D8%AE%D9%84%D9%8A-%D9%84%D8%A7%D9%8A-%D9%81%D8%B1%D8%A7%D8%BA-%D8%AA%D8%B1%D8%BA%D8%A8-%D9%81%D9%8A-%D8%AA%D8%B5%D9%85%D9%8A%D9%85%D9%87-%D9%85%D9%86%D8%B2%D9%84-%D9%85%D8%B7%D8%B9%D9%85-%D9%83%D8%B4%D9%83
403 Forbidden,Non trouvé,Non trouvé,Non trouvé,Aucun avis,Inconnu,Inconnu,Aucun tag,https://khamsat.com/engineering/interior-design/3022105-%D8%AA%D8%B5%D9%85%D9%8A%D9%85-%D8%AF%D8%A7%D8%AE%D9%84%D9%8A-%D9%84%D9%85%D8%B3%D8%A7%D8%AD%D8%A7%D8%AA-%D9%85%D9%86%D8%B2%D9%84%D9%83
403 Forbidden,Non trouvé,Non trouvé,Non trouvé,Aucun avis,Inconnu,Inconnu,Aucun tag,https://khamsat.com/engineering/electrical-diagrams-design/3839423-%D8%AA%D8%B5%D9%85%D9%8A%D9%85-%D9%88%D8%AA%D9%86%D9%81%D9%8A%D8%B0-%D8%A7%D8%B9%D9%85%D8%A7%D9%84-%D9%84%D8%A7%D9%8A%D8%AA-%D9%83%D8%B1%D9%86%D8%AA-%D9%83%D8%A7%D9%85%D9%84-%D9%85%D8%B9-%D9%88%D8%AC%D9%88%D8%AF-%D8%AE%D8%B7%D8%A9-%D9%85%D8%AA%D9%83%D8%A7%D9%85%D9%84%D8%A9
403 Forbidden,Non trouvé,Non trouvé,Non trouvé,Aucun avis,Inconnu,Inconnu,Aucun tag,https://khamsat.com/engineering/exterior-design/3209412-%D8%AA%D8%B5%D8%A7%D9%85%D9%8A%D9%85-%D9%85%D8%B9%D9%85%D8%A7%D8%B1%D9%8A%D8%A9-3d-%D9%882d-%D8%A7%D8%AD%D8%AA%D8%B1%D8%A7%D9%81%D9%8A%D8%A9-%D8%A8%D8%A7%D8%B3%D8%B9%D8%A7%D8%B1-%D9%85%D9%86%D8%A7%D8%B3%D8%A8%D8%A9
403 Forbidden,Non trouvé,Non trouvé,Non trouvé,Aucun avis,Inconnu,Inconnu,Aucun tag,https://khamsat.com/engineering/interior-design/2976700-%D8%AA%D8%B5%D9%85%D9%8A%D9%85-%D8%AF%D8%A7%D8%AE%D9%84%D9%8A-%D9%88%D8%AF%D9%8A%D9%83%D9%88%D8%B1-%D8%AB%D8%B1%D9%8A-%D8%AF%D9%8A
403 Forbidden,Non trouvé,Non trouvé,Non trouvé,Aucun avis,Inconnu,Inconnu,Aucun tag,https://khamsat.com/engineering/interior-design/2920833-%D8%AA%D8%B5%D9%85%D9%8A%D9%85-%D8%AF%D9%8A%D9%83%D9%88%D8%B1-%D8%AF%D8%A7%D8%AE%D9%84%D9%8A-%D9%84%D8%A3%D9%8A-%D9%81%D8%B1%D8%A7%D8%BA-%D8%A8%D8%A5%D8%B3%D8%AA%D8%AE%D8%AF%D8%A7%D9%85-%D8%A8%D8%B1%D9%86%D8%A7%D9%85%D8%AC-3ds-max
403 Forbidden,Non trouvé,Non trouvé,Non trouvé,Aucun avis,Inconnu,Inconnu,Aucun tag,https://khamsat.com/engineering/electrical-diagrams-design/3759840-%D8%AA%D8%B5%D9%85%D9%8A%D9%85%D8%A7%D8%AA-%D8%A7%D9%84%D8%AA%D9%88%D8%B2%D9%8A%D8%B9%D8%A7%D8%AA-%D8%A7%D9%84%D9%83%D9%87%D8%B1%D8%A8%D9%8A%D8%A9-electrical-distribution
403 Forbidden,Non trouvé,Non trouvé,Non trouvé,Aucun avis,Inconnu,Inconnu,Aucun tag,https://khamsat.com/engineering/exterior-design/2984054-%D8%A7%D8%AE%D8%B1%D8%A7%D8%AC-%D8%A7%D9%84%D8%B1%D8%B3%D9%88%D9%85%D8%A7%D8%AA-%D8%A7%D9%84%D9%87%D9%86%D8%AF%D8%B3%D9%8A%D8%A9-%D8%A8%D8%A3%D8%AD%D8%AA%D8%B1%D8%A7%D9%81%D9%8A%D8%A9-%D8%B9%D9%84%D9%8A-%D8%A8%D8%B1%D9%86%D8%A7%D9%85%D8%AC-%D8%A7%D9%84%D9%81%D9%88%D8%AA%D9%88%D8%B4%D9%88%D8%A8
403 Forbidden,Non trouvé,Non trouvé,Non trouvé,Aucun avis,Inconnu,Inconnu,Aucun tag,https://khamsat.com/engineering/interior-design/345283-%D8%AA%D8%B5%D9%85%D9%8A%D9%85%D8%A7%D8%AA-%D9%85%D8%B9%D9%85%D8%A7%D8%B1%D9%8A%D8%A9-%D8%AF%D8%A7%D8%AE%D9%84%D9%8A%D8%A9-%D9%88-%D8%AE%D8%A7%D8%B1%D8%AC%D9%8A%D8%A9-%D9%88-3d-%D9%84%D9%85%D9%86%D8%B2%D9%84%D9%83-%D9%88-%D9%84%D8%A3%D9%89-%D9%85%D8%B4%D8%B1%D9%88%D8%B9
403 Forbidden,Non trouvé,Non trouvé,Non trouvé,Aucun avis,Inconnu,Inconnu,Aucun tag,https://khamsat.com/engineering/interior-design/3123928-%D8%B9%D9%85%D9%84-%D9%85%D9%88%D8%AF-%D8%A8%D9%88%D8%B1%D8%AF-mood-board-%D9%84%D8%AA%D8%B5%D9%85%D9%8A%D9%85-%D8%AF%D8%A7%D8%AE%D9%84%D9%8A
403 Forbidden,Non trouvé,Non trouvé,Non trouvé,Aucun avis,Inconnu,Inconnu,Aucun tag,https://khamsat.com/engineering/electrical-diagrams-design/3906936-%D8%B4%D9%88%D8%A8-%D8%AF%D8%B1%D9%88%D9%88%D9%86%D8%AC-%D9%84%D9%84%D8%A3%D8%B9%D9%85%D8%A7%D9%84-%D8%A7%D9%84%D9%83%D9%87%D8%B1%D8%A8%D8%A7%D8%A6%D9%8A%D8%A9-%D9%84%D9%84%D9%85%D8%A8%D8%A7%D9%86%D9%8A-%D8%B3%D9%83%D9%86%D9%8A%D9%87-%D8%AA%D8%AC%D8%A7%D8%B1%D9%8A%D9%87-%D8%A7%D8%AF%D8%A7%D8%B1%D9%8A%D8%A9
403 Forbidden,Non trouvé,Non trouvé,Non trouvé,Aucun avis,Inconnu,Inconnu,Aucun tag,https://khamsat.com/engineering/exterior-design/3267546-%D8%B3%D8%A3%D8%B1%D8%B3%D9%85-%D9%84%D9%83-%D9%88%D8%A7%D8%AC%D9%87%D8%A9-%D9%85%D8%B9%D9%85%D8%A7%D8%B1%D9%8A%D8%A9-%D9%8A%D8%AF%D9%88%D9%8A%D8%A7-%D8%A8%D8%A3%D8%B3%D9%84%D9%88%D8%A8-%D9%81%D9%86%D9%8A-%D9%8A%D8%B9%D9%83%D8%B3-%D8%B1%D9%88%D8%AD-%D8%A7%D9%84%D8%AA%D8%B5%D9%85%D9%8A%D9%85
403 Forbidden,Non trouvé,Non trouvé,Non trouvé,Aucun avis,Inconnu,Inconnu,Aucun tag,https://khamsat.com/engineering/interior-design/2594199-%D8%AA%D8%B5%D9%85%D9%8A%D9%85-%D8%AF%D8%A7%D8%AE%D9%84%D9%8A-%D9%88%D9%85%D8%AE%D8%B7%D8%B7%D8%A7%D8%AA-%D8%AA%D9%86%D9%81%D9%8A%D8%B0%D9%8A%D8%A9
403 Forbidden,Non trouvé,Non trouvé,Non trouvé,Aucun avis,Inconnu,Inconnu,Aucun tag,https://khamsat.com/engineering/interior-design/1081076-%D8%AA%D8%B5%D9%85%D9%8A%D9%85-%D8%AF%D9%8A%D9%83%D9%88%D8%B1-%D8%AF%D8%A7%D8%AE%D9%84%D9%89-%D9%84%D8%BA%D8%B1%D9%81-%D8%A7%D9%84%D9%86%D9%88%D9%85-%D8%A7%D9%84%D8%B1%D8%A7%D9%82%D9%8A%D8%A9
403 Forbidden,Non trouvé,Non trouvé,Non trouvé,Aucun avis,Inconnu,Inconnu,Aucun tag,https://khamsat.com/engineering/electrical-diagrams-design/3790229-%D8%AA%D8%B5%D9%85%D9%8A%D9%85-%D9%85%D8%AE%D8%B7%D8%B7%D8%A7%D8%AA-%D8%A7%D9%84%D8%A7%D8%B6%D8%A7%D8%A1%D8%A9-%D9%88%D8%A7%D9%84%D9%83%D9%87%D8%B1%D8%A8%D8%A7%D8%A1-%D9%88%D8%A7%D9%84%D8%AA%D9%8A%D8%A7%D8%B1-%D8%A7%D9%84%D8%AE%D9%81%D9%8A%D9%81-%D9%84%D8%AC%D9%85%D9%8A%D8%B9-%D8%A7%D9%84%D9%85%D9%86%D8%B4%D8%A2%D8%AA
403 Forbidden,Non trouvé,Non trouvé,Non trouvé,Aucun avis,Inconnu,Inconnu,Aucun tag,https://khamsat.com/engineering/exterior-design/3082757-%D8%AA%D8%B5%D9%85%D9%8A%D9%85-%D9%88%D8%A7%D8%AC%D9%87%D8%A7%D8%AA-%D8%AE%D8%A7%D8%B1%D8%AC%D9%8A%D8%A9-%D8%A8%D8%AC%D9%85%D9%8A%D8%B9-%D8%A7%D9%84%D8%B7%D8%B1%D8%B2
403 Forbidden,Non trouvé,Non trouvé,Non trouvé,Aucun avis,Inconnu,Inconnu,Aucun tag,https://khamsat.com/engineering/interior-design/1073301-%D8%AA%D8%B5%D9%85%D9%8A%D9%85-%D8%A3%D8%AB%D8%A7%D8%AB
403 Forbidden,Non trouvé,Non trouvé,Non trouvé,Aucun avis,Inconnu,Inconnu,Aucun tag,https://khamsat.com/engineering/interior-design/1905556-%D8%AA%D8%B5%D9%85%D9%8A%D9%85-%D8%B3%D8%AA%D9%88%D8%AF%D9%8A%D9%88-%D8%AA%D9%84%D9%8A%D9%81%D8%B2%D9%8A%D9%88%D9%86%D9%8A-3d-%D8%A8%D8%B4%D9%83%D9%84-%D8%A7%D8%AD%D8%AA%D8%B1%D8%A7%D9%81%D9%8A
403 Forbidden,Non trouvé,Non trouvé,Non trouvé,Aucun avis,Inconnu,Inconnu,Aucun tag,https://khamsat.com/engineering/electrical-diagrams-design/2737288-%D8%AA%D8%B5%D9%85%D9%8A%D9%85-%D8%A7%D9%86%D8%B8%D9%85%D8%A9-%D8%AA%D9%8A%D8%A7%D8%B1-%D8%A7%D9%84%D8%AE%D9%81%D9%8A%D9%81-light-current-%D9%88%D8%A7%D9%84%D8%AA%D8%B5%D9%85%D9%8A%D9%85%D8%A7%D8%AA-%D8%A7%D9%84%D9%83%D9%87%D8%B1%D8%A8%D8%A7%D8%A6%D9%8A%D8%A9
403 Forbidden,Non trouvé,Non trouvé,Non trouvé,Aucun avis,Inconnu,Inconnu,Aucun tag,https://khamsat.com/engineering/exterior-design/3745802-%D8%AA%D8%B5%D9%85%D9%8A%D9%85-%D9%88%D8%A7%D8%AC%D9%87%D8%A7%D8%AA-%D9%85%D8%B9%D9%85%D8%A7%D8%B1%D9%8A%D8%A9-%D8%A8%D8%AC%D9%85%D9%8A%D8%B9-%D8%A7%D9%84%D8%B7%D8%B1%D8%A7%D8%B2%D8%A7%D8%AA-%D8%A7%D9%84%D9%83%D9%84%D8%A7%D8%B3%D9%8A%D9%83%D9%8A%D8%A9-%D9%88%D8%A7%D9%84%D9%85%D9%88%D8%AF%D8%B1%D9%86-3d
403 Forbidden,Non trouvé,Non trouvé,Non trouvé,Aucun avis,Inconnu,Inconnu,Aucun tag,https://khamsat.com/engineering/interior-design/1768412-%D8%AA%D8%B5%D9%85%D9%8A%D9%85-%D9%85%D9%86%D8%B2%D9%84-2d-%D9%883d-%D8%A8%D8%A7%D8%B1%D8%AE%D8%B5-%D8%A7%D9%84%D8%A7%D8%B3%D8%B9%D8%A7%D8%B1
403 Forbidden,Non trouvé,Non trouvé,Non trouvé,Aucun avis,Inconnu,Inconnu,Aucun tag,https://khamsat.com/engineering/interior-design/2518372-%D8%AA%D8%B5%D9%85%D9%8A%D9%85-%D8%AF%D8%A7%D8%AE%D9%84%D9%8A-%D8%A8%D8%A7%D8%AD%D8%AA%D8%B1%D8%A7%D9%81%D9%8A%D8%A9
403 Forbidden,Non trouvé,Non trouvé,Non trouvé,Aucun avis,Inconnu,Inconnu,Aucun tag,https://khamsat.com/engineering/electrical-diagrams-design/3808854-%D8%AA%D8%B5%D9%85%D9%8A%D9%85-%D9%85%D8%AE%D8%B7%D8%B7-%D8%A7%D9%84%D9%83%D9%87%D8%B1%D8%A8%D8%A7%D8%A1-%D9%84%D9%84%D9%85%D8%A8%D8%A7%D9%86%D9%89-%D8%A7%D9%84%D8%A7%D8%AF%D8%A7%D8%B1%D9%8A%D8%A9-%D9%88%D8%A7%D9%84%D8%B3%D9%83%D9%86%D9%8A%D8%A9-%D8%B7%D8%A8%D9%82%D8%A7-%D9%84%D9%84%D9%83%D9%88%D8%AF
403 Forbidden,Non trouvé,Non trouvé,Non trouvé,Aucun avis,Inconnu,Inconnu,Aucun tag,https://khamsat.com/engineering/exterior-design/3706070-%D8%AA%D8%B5%D9%85%D9%8A%D9%85-%D9%85%D8%AE%D8%B7%D8%B7%D8%A7%D8%AA-%D9%87%D9%86%D8%AF%D8%B3%D9%8A%D8%A9-%D8%AF%D9%82%D9%8A%D9%82%D8%A9-autocad-revit
403 Forbidden,Non trouvé,Non trouvé,Non trouvé,Aucun avis,Inconnu,Inconnu,Aucun tag,https://khamsat.com/engineering/interior-design/3402981-%D8%A3%D8%B5%D9%85%D9%85-%D9%84%D9%83-%D9%85%D8%B7%D8%A8%D8%AE%D8%A7-%D8%B9%D8%B5%D8%B1%D9%8A%D8%A7-%D9%88%D8%A3%D9%86%D9%8A%D9%82%D8%A7-%D8%A8%D9%85%D8%AE%D8%B7%D8%B7%D8%A7%D8%AA-2d-%D9%883d-%D8%A7%D8%AD%D8%AA%D8%B1%D8%A7%D9%81%D9%8A%D8%A9
403 Forbidden,Non trouvé,Non trouvé,Non trouvé,Aucun avis,Inconnu,Inconnu,Aucun tag,https://khamsat.com/engineering/interior-design/1934287-%D8%AF%D9%8A%D9%83%D9%88%D8%B1%D8%A7%D8%AA-%D9%85%D8%B9%D9%85%D8%A7%D8%B1%D9%8A%D8%A9-%D8%AD%D8%AF%D9%8A%D8%AB%D8%A9-%D8%A8%D8%A7%D9%84%D9%85%D8%AA%D8%B1-%D8%A7%D9%84%D9%85%D8%B1%D8%A8%D8%B9
403 Forbidden,Non trouvé,Non trouvé,Non trouvé,Aucun avis,Inconnu,Inconnu,Aucun tag,https://khamsat.com/engineering/electrical-diagrams-design/3858130-%D8%AA%D8%B5%D9%85%D9%8A%D9%85-%D8%A7%D8%B9%D9%85%D8%A7%D9%84-%D8%A7%D9%84%D9%83%D9%87%D8%B1%D8%A8%D8%A7%D8%A1-%D9%84%D9%84%D9%85%D8%A8%D9%86%D9%89-%D8%A7%D9%84%D8%A5%D8%AF%D8%A7%D8%B1%D9%8A%D8%A9-%D9%88%D8%A7%D9%84%D8%AA%D8%AC%D8%A7%D8%B1%D9%8A%D8%A9
403 Forbidden,Non trouvé,Non trouvé,Non trouvé,Aucun avis,Inconnu,Inconnu,Aucun tag,https://khamsat.com/engineering/exterior-design/2843154-%D8%AA%D8%B5%D9%85%D9%8A%D9%85-3d-%D9%84%D9%84%D9%88%D8%A7%D8%AC%D9%87%D8%A7%D8%AA-%D8%A7%D9%84%D8%AE%D8%A7%D8%B1%D8%AC%D9%8A%D8%A9-%D8%A8%D9%85%D8%AE%D8%AA%D9%84%D9%81-%D8%A7%D9%84%D8%B7%D8%B1%D8%B2-%D8%A7%D9%84%D9%85%D8%B9%D9%85%D8%A7%D8%B1%D9%8A%D8%A9
403 Forbidden,Non trouvé,Non trouvé,Non trouvé,Aucun avis,Inconnu,Inconnu,Aucun tag,https://khamsat.com/engineering/interior-design/3587112-%D8%AF%D9%8A%D9%83%D9%88%D8%B1-%D8%AF%D8%A7%D8%AE%D9%84%D9%8A-%D8%A8%D8%B4%D9%83%D9%84-%D8%A7%D8%AD%D8%AA%D8%B1%D8%A7%D9%81%D9%8A-%D9%88%D8%AC%D9%88%D8%AF%D8%A9-%D8%B9%D8%A7%D9%84%D9%8A%D8%A9
403 Forbidden,Non trouvé,Non trouvé,Non trouvé,Aucun avis,Inconnu,Inconnu,Aucun tag,https://khamsat.com/engineering/interior-design/1934212-%D8%AA%D8%B5%D8%A7%D9%85%D9%8A%D9%85-%D9%85%D8%B9%D9%85%D8%A7%D8%B1%D9%8A%D8%A9-%D8%AF%D8%A7%D8%AE%D9%84%D9%8A%D8%A9-%D9%88-%D8%AE%D8%A7%D8%B1%D8%AC%D9%8A%D8%A9
403 Forbidden,Non trouvé,Non trouvé,Non trouvé,Aucun avis,Inconnu,Inconnu,Aucun tag,https://khamsat.com/engineering/electrical-diagrams-design/1700938-%D8%B9%D9%85%D9%84-%D8%B1%D8%B3%D9%88%D9%85%D8%A7%D8%AA-%D8%AA%D8%B5%D9%85%D9%8A%D9%85%D9%8A%D8%A9-%D9%88%D8%AA%D9%86%D9%81%D9%8A%D8%B0%D9%8A%D8%A9-%D9%84%D8%A3%D8%B9%D9%85%D8%A7%D9%84-%D8%A7%D9%84%D9%83%D9%87%D8%B1%D8%A8%D8%A7%D8%A1-%D9%88%D8%A7%D9%84%D8%AA%D9%8A%D8%A7%D8%B1-%D8%A7%D9%84%D8%AE%D9%81%D9%8A%D9%81
403 Forbidden,Non trouvé,Non trouvé,Non trouvé,Aucun avis,Inconnu,Inconnu,Aucun tag,https://khamsat.com/engineering/exterior-design/2996162-%D8%AA%D8%B5%D9%85%D9%8A%D9%85-%D9%88%D8%A7%D8%AC%D9%87%D8%A7%D8%AA-%D9%85%D8%B9%D9%85%D8%A7%D8%B1%D9%8A%D8%A9-%D9%84%D9%83%D8%A7%D9%81%D8%A9-%D8%A7%D9%84%D9%85%D8%A8%D8%A7%D9%86%D9%8A-3d-%D8%A8%D8%AC%D9%88%D8%AF%D8%A9-%D9%88%D8%AF%D9%82%D8%A9-%D8%B9%D8%A7%D9%84%D9%8A%D8%A9
403 Forbidden,Non trouvé,Non trouvé,Non trouvé,Aucun avis,Inconnu,Inconnu,Aucun tag,https://khamsat.com/engineering/interior-design/3044364-%D8%AA%D8%B5%D9%85%D9%8A%D9%85-%D8%AF%D8%A7%D8%AE%D9%84%D9%8A-%D9%84%D9%84%D9%81%D8%B1%D8%A7%D8%BA%D8%A7%D8%AA-%D8%A8%D8%AC%D9%88%D8%AF%D8%A9-%D8%B9%D8%A7%D9%84%D9%8A%D8%A9-%D8%A7%D8%AD%D8%AA%D8%B1%D8%A7%D9%81%D9%8A%D8%A9-%D9%88%D8%A8%D8%A3%D8%B3%D8%B9%D8%A7%D8%B1-%D8%AA%D9%86%D8%A7%D9%81%D8%B3%D9%8A%D8%A9
403 Forbidden,Non trouvé,Non trouvé,Non trouvé,Aucun avis,Inconnu,Inconnu,Aucun tag,https://khamsat.com/engineering/interior-design/2778419-%D8%AA%D8%B5%D9%85%D9%8A%D9%85-%D8%AF%D8%A7%D8%AE%D9%84%D9%8A-%D9%88%D8%AF%D9%8A%D9%83%D9%88%D8%B1%D8%A7%D8%AA-%D8%AD%D8%B3%D8%A8-%D8%B0%D9%88%D9%82-%D8%A7%D9%84%D8%B2%D8%A8%D9%88%D9%86
403 Forbidden,Non trouvé,Non trouvé,Non trouvé,Aucun avis,Inconnu,Inconnu,Aucun tag,https://khamsat.com/engineering/electrical-diagrams-design/3733512-%D8%AA%D8%B5%D9%85%D9%8A%D9%85-%D9%86%D8%B8%D8%A7%D9%85-knx-%D9%84%D8%AC%D9%85%D9%8A%D8%B9-%D8%A7%D9%84%D8%A8%D9%8A%D9%88%D8%AA-%D8%A7%D9%84%D8%B0%D9%83%D9%8A%D8%A9-%D9%88-%D8%A7%D9%84%D9%85%D9%86%D8%B4%D8%A2%D8%AA-%D8%A7%D9%84%D8%AA%D8%AC%D8%A7%D8%B1%D9%8A%D8%A9
403 Forbidden,Non trouvé,Non trouvé,Non trouvé,Aucun avis,Inconnu,Inconnu,Aucun tag,https://khamsat.com/engineering/exterior-design/3463426-%D8%AA%D8%B5%D9%85%D9%8A%D9%85-%D9%88%D8%A7%D8%AC%D9%87%D8%A7%D8%AA-%D9%85%D8%B9%D9%85%D8%A7%D8%B1%D9%8A%D8%A9-%D9%88%D8%B1%D9%81%D8%B9-%D9%83%D8%AA%D9%84-%D8%AB%D8%B1%D9%8A-%D8%AF%D9%8A
403 Forbidden,Non trouvé,Non trouvé,Non trouvé,Aucun avis,Inconnu,Inconnu,Aucun tag,https://khamsat.com/engineering/interior-design/3318029-%D8%AA%D8%B5%D9%85%D9%8A%D9%85-%D8%AF%D8%A7%D8%AE%D9%84%D9%8A-%D8%B9%D8%B5%D8%B1%D9%8A-%D9%84%D8%A7%D9%8A-%D9%81%D8%B1%D8%A7%D8%BA-%D9%85%D8%B9%D9%85%D8%A7%D8%B1%D9%8A-%D9%85%D8%AC%D8%A7%D9%84%D8%B3-%D8%BA%D8%B1%D9%81-%D9%85%D8%B9%D9%8A%D8%B4%D8%A9-%D9%88%D8%B7%D8%B9%D8%A7%D9%85
403 Forbidden,Non trouvé,Non trouvé,Non trouvé,Aucun avis,Inconnu,Inconnu,Aucun tag,https://khamsat.com/engineering/interior-design/2299810-%D8%AA%D8%B5%D9%85%D9%8A%D9%85-%D9%85%D8%B7%D8%A7%D8%A8%D8%AE-%D8%A8%D9%85%D8%AE%D8%AA%D9%84%D9%81-%D8%A7%D9%84%D8%B7%D8%B1%D8%B2-%D8%A7%D9%84%D9%85%D8%B9%D9%85%D8%A7%D8%B1%D9%8A%D8%A9-%D9%88%D8%AD%D8%B3%D8%A8-%D8%B0%D9%88%D9%82-%D8%A7%D9%84%D8%B2%D8%A8%D9%88%D9%86
403 Forbidden,Non trouvé,Non trouvé,Non trouvé,Aucun avis,Inconnu,Inconnu,Aucun tag,https://khamsat.com/engineering/electrical-diagrams-design/3346701-%D8%AA%D8%B5%D9%85%D9%8A%D9%85-%D8%A3%D9%86%D8%B8%D9%85%D8%A9-%D8%A7%D9%84%D8%B7%D8%A7%D9%82%D8%A9-%D8%A7%D9%84%D8%B4%D9%85%D8%B3%D9%8A%D8%A9-%D9%85%D9%86%D8%B2%D9%84%D9%8A-%D8%AA%D8%AC%D8%A7%D8%B1%D9%8A-%D8%B5%D9%86%D8%A7%D8%B9%D9%8A
403 Forbidden,Non trouvé,Non trouvé,Non trouvé,Aucun avis,Inconnu,Inconnu,Aucun tag,https://khamsat.com/engineering/exterior-design/3768247-%D8%AA%D8%B5%D9%85%D9%8A%D9%85-%D9%88%D8%A7%D8%AC%D9%87%D8%A7%D8%AA-%D9%85%D8%B9%D9%85%D8%A7%D8%B1%D9%8A%D8%A9-%D8%A7%D8%AD%D8%AA%D8%B1%D8%A7%D9%81%D9%8A%D8%A9
403 Forbidden,Non trouvé,Non trouvé,Non trouvé,Aucun avis,Inconnu,Inconnu,Aucun tag,https://khamsat.com/engineering/interior-design/2783492-%D8%AA%D8%B5%D9%85%D9%8A%D9%85-%D9%85%D8%B9%D9%85%D8%A7%D8%B1%D9%8A-%D9%88%D8%AF%D9%8A%D9%83%D9%88%D8%B1-%D8%AF%D8%A7%D8%AE%D9%84%D9%8A
403 Forbidden,Non trouvé,Non trouvé,Non trouvé,Aucun avis,Inconnu,Inconnu,Aucun tag,https://khamsat.com/engineering/architectural-plans/2936418-%D8%B1%D8%B3%D9%85-%D9%85%D8%AE%D8%B7%D8%B7%D8%A7%D8%AA-%D9%85%D8%B9%D9%85%D8%A7%D8%B1%D9%8A%D8%A9-%D8%B9%D9%84%D9%89-%D8%A7%D9%84%D8%A7%D9%88%D8%AA%D9%88%D9%83%D8%A7%D8%AF
403 Forbidden,Non trouvé,Non trouvé,Non trouvé,Aucun avis,Inconnu,Inconnu,Aucun tag,https://khamsat.com/engineering/electrical-diagrams-design/3812621-%D8%A5%D8%B9%D8%AF%D8%A7%D8%AF-%D9%88%D8%AA%D8%B5%D9%85%D9%8A%D9%85-%D9%85%D8%AE%D8%B7%D8%B7%D8%A7%D8%AA-%D9%87%D9%86%D8%AF%D8%B3%D9%8A%D8%A9-%D9%83%D9%87%D8%B1%D8%A8%D8%A7%D8%A6%D9%8A%D8%A9-%D8%A8%D8%A7%D8%B3%D8%AA%D8%AE%D8%AF%D8%A7%D9%85-autocad
403 Forbidden,Non trouvé,Non trouvé,Non trouvé,Aucun avis,Inconnu,Inconnu,Aucun tag,https://khamsat.com/engineering/exterior-design/3363205-%D8%AA%D8%B5%D9%85%D9%8A%D9%85-%D9%88%D8%A7%D8%AC%D9%87%D8%A7%D8%AA-%D9%88%D8%A7%D8%B9%D9%85%D8%A7%D9%84-%D8%AE%D8%A7%D8%B1%D8%AC%D9%8A%D8%A9
403 Forbidden,Non trouvé,Non trouvé,Non trouvé,Aucun avis,Inconnu,Inconnu,Aucun tag,https://khamsat.com/engineering/interior-design/2335919-%D8%AA%D8%B5%D9%85%D9%8A%D9%85-%D9%87%D9%86%D8%AF%D8%B3%D9%8A-%D8%AF%D8%A7%D8%AE%D9%84%D9%8A-%D8%A7%D9%88%D8%AE%D8%A7%D8%B1%D8%AC%D9%8A-%D9%88%D8%B9%D9%85%D9%84-%D9%81%D9%8A%D8%AF%D9%8A%D9%88-3d-animation
403 Forbidden,Non trouvé,Non trouvé,Non trouvé,Aucun avis,Inconnu,Inconnu,Aucun tag,https://khamsat.com/engineering/architectural-plans/3151735-%D8%AA%D8%B5%D9%85%D9%8A%D9%85-%D8%A8%D9%84%D8%A7%D9%86-%D9%85%D8%B9%D9%85%D8%A7%D8%B1%D9%8A-%D9%84%D9%81%D9%8A%D9%84%D8%A7-%D8%A7%D9%88-%D9%85%D8%A8%D9%86%D9%89-%D9%88%D8%AA%D8%AD%D9%88%D9%8A%D9%84%D9%87-%D9%84%D8%AB%D8%B1%D9%8A-%D8%AF%D9%8A
403 Forbidden,Non trouvé,Non trouvé,Non trouvé,Aucun avis,Inconnu,Inconnu,Aucun tag,https://khamsat.com/engineering/electrical-diagrams-design/2901605-%D8%AA%D8%B5%D9%85%D9%8A%D9%85-%D9%85%D8%B4%D8%A7%D8%B1%D9%8A%D8%B9-%D8%A7%D9%84%D8%B7%D8%A7%D9%82%D8%A9-%D8%A7%D9%84%D8%B4%D9%85%D8%B3%D9%8A%D8%A9
403 Forbidden,Non trouvé,Non trouvé,Non trouvé,Aucun avis,Inconnu,Inconnu,Aucun tag,https://khamsat.com/engineering/exterior-design/3751144-%D8%AA%D8%B5%D9%85%D9%8A%D9%85-%D9%88%D8%A7%D8%AC%D9%87%D8%A9-%D9%85%D8%B9%D9%85%D8%A7%D8%B1%D9%8A%D8%A9-3d-%D9%85%D8%AE%D8%B7%D8%B7%D8%A7%D8%AA-%D8%AA%D9%86%D9%81%D9%8A%D8%B0%D9%8A%D8%A9
403 Forbidden,Non trouvé,Non trouvé,Non trouvé,Aucun avis,Inconnu,Inconnu,Aucun tag,https://khamsat.com/engineering/interior-design/3036916-%D8%AA%D8%B5%D9%85%D9%8A%D9%85-%D8%AF%D8%A7%D8%AE%D9%84%D9%8A-%D9%88-%D8%AA%D8%B5%D9%85%D9%8A%D9%85-%D9%85%D8%B9%D9%85%D8%A7%D8%B1%D9%8A-3d-%D8%AB%D9%84%D8%A7%D8%AB%D9%8A-%D8%A7%D9%84%D8%A3%D8%A8%D8%B9%D8%A7%D8%AF
403 Forbidden,Non trouvé,Non trouvé,Non trouvé,Aucun avis,Inconnu,Inconnu,Aucun tag,https://khamsat.com/engineering/architectural-plans/2707510-%D8%AA%D8%B5%D9%85%D9%8A%D9%85-%D9%81%D8%B1%D8%A7%D8%BA%D8%A7%D8%AA-%D9%85%D8%B9%D9%85%D8%A7%D8%B1%D9%8A%D8%A9-%D9%85%D8%AA%D9%86%D9%82%D9%84%D8%A9-%D9%85%D8%B3%D8%AC%D8%AF%D9%83%D9%88%D8%AE%D8%AD%D9%85%D8%A7%D9%85%D8%A7%D8%AA%D8%B3%D9%83%D9%86%D9%83%D8%B1%D9%81%D8%A7%D9%86
403 Forbidden,Non trouvé,Non trouvé,Non trouvé,Aucun avis,Inconnu,Inconnu,Aucun tag,https://khamsat.com/engineering/electrical-diagrams-design/2148556-%D8%A3%D8%B9%D8%AF%D8%A7%D8%AF-%D9%88%D8%AA%D8%B5%D9%85%D9%8A%D9%85-%D8%A7%D9%84%D9%85%D8%AE%D8%B7%D8%B7%D8%A7%D8%AA-%D8%A7%D9%84%D9%83%D9%87%D8%B1%D8%A8%D9%8A%D8%A9
403 Forbidden,Non trouvé,Non trouvé,Non trouvé,Aucun avis,Inconnu,Inconnu,Aucun tag,https://khamsat.com/engineering/exterior-design/2925194-%D8%AA%D8%B5%D9%85%D9%8A%D9%85-%D8%AE%D8%A7%D8%B1%D8%AC%D9%89-%D9%81%D9%8A%D9%84%D8%A7-%D9%88%D9%84%D8%A7%D9%86%D8%AF%D8%B3%D9%83%D9%8A%D8%A8
403 Forbidden,Non trouvé,Non trouvé,Non trouvé,Aucun avis,Inconnu,Inconnu,Aucun tag,https://khamsat.com/engineering/interior-design/2882893-%D8%AA%D8%B5%D8%A7%D9%85%D9%8A%D9%85-%D8%AF%D8%A7%D8%AE%D9%84%D9%8A%D8%A9-%D8%A8%D8%A3%D9%81%D9%83%D8%A7%D8%B1-%D8%B9%D8%B5%D8%B1%D9%8A%D8%A9-%D9%88%D9%86%D8%AA%D8%A7%D8%A6%D8%AC-%D9%88%D8%A7%D9%82%D8%B9%D9%8A%D8%A9
403 Forbidden,Non trouvé,Non trouvé,Non trouvé,Aucun avis,Inconnu,Inconnu,Aucun tag,https://khamsat.com/engineering/architectural-plans/2140714-%D9%86%D9%85%D8%B0%D8%AC%D8%A9-%D9%85%D8%B9%D9%84%D9%88%D9%85%D8%A7%D8%AA-%D8%A7%D9%84%D9%85%D8%A8%D9%86%D9%89-bim-%D9%88%D8%B1%D8%B3%D9%85-%D8%A7%D9%84%D9%85%D8%AE%D8%B7%D8%B7%D8%A7%D8%AA-%D8%A8%D8%A7%D8%B3%D8%AA%D8%AE%D8%AF%D8%A7%D9%85-%D8%B1%D9%8A%D9%81%D9%8A%D8%AA-revit
403 Forbidden,Non trouvé,Non trouvé,Non trouvé,Aucun avis,Inconnu,Inconnu,Aucun tag,https://khamsat.com/engineering/electrical-diagrams-design/3001502-%D8%AA%D8%B5%D9%85%D9%8A%D9%85-%D9%85%D8%AE%D8%B7%D8%B7%D8%A7%D8%AA-%D9%83%D9%87%D8%B1%D8%A8%D8%A7%D8%A6%D9%8A%D8%A9-%D8%A7%D8%AD%D8%AA%D8%B1%D8%A7%D9%81%D9%8A%D8%A9-%D9%84%D9%84%D9%85%D8%A8%D8%A7%D9%86%D9%8A-%D9%88%D8%A7%D9%84%D9%85%D8%B4%D8%A7%D8%B1%D9%8A%D8%B9
403 Forbidden,Non trouvé,Non trouvé,Non trouvé,Aucun avis,Inconnu,Inconnu,Aucun tag,https://khamsat.com/engineering/exterior-design/3098035-%D8%AA%D8%B5%D9%85%D9%8A%D9%85-%D8%A7%D9%84%D9%88%D8%A7%D8%AC%D9%87%D8%A7%D8%AA-%D8%A7%D9%84%D8%AE%D8%A7%D8%B1%D8%AC%D9%8A%D8%A9-%D8%A7%D9%84%D9%85%D8%B9%D9%85%D8%A7%D8%B1%D9%8A%D8%A9
403 Forbidden,Non trouvé,Non trouvé,Non trouvé,Aucun avis,Inconnu,Inconnu,Aucun tag,https://khamsat.com/engineering/interior-design/2353787-%D8%AA%D8%B5%D9%85%D9%8A%D9%85-%D8%AF%D8%A7%D8%AE%D9%84%D9%8A-%D9%88%D8%AE%D8%A7%D8%B1%D8%AC%D9%8A-%D8%AB%D9%84%D8%A7%D8%AB%D9%8A-%D8%A7%D9%84%D8%A3%D8%A8%D8%B9%D8%A7%D8%AF-%D9%88%D9%85%D8%AE%D8%B7%D8%B7%D8%A7%D8%AA-%D8%AB%D9%86%D8%A7%D8%A6%D9%8A%D8%A9-%D8%A7%D9%84%D8%A3%D8%A8%D8%B9%D8%A7%D8%AF
403 Forbidden,Non trouvé,Non trouvé,Non trouvé,Aucun avis,Inconnu,Inconnu,Aucun tag,https://khamsat.com/engineering/architectural-plans/3505846-%D8%AA%D8%B5%D9%85%D9%8A%D9%85-%D9%85%D8%AE%D8%B7%D8%B7-%D9%85%D8%B9%D9%85%D8%A7%D8%B1%D9%8A-%D9%85%D9%86%D8%B2%D9%84-%D8%A3%D9%88-%D8%B4%D9%82%D8%A9-%D8%A3%D9%88-%D9%81%D9%8A%D9%84%D8%A7-%D8%A7%D9%84%D8%AE%D8%A7%D8%B5%D8%A9-%D8%A8%D9%83
403 Forbidden,Non trouvé,Non trouvé,Non trouvé,Aucun avis,Inconnu,Inconnu,Aucun tag,https://khamsat.com/engineering/electrical-diagrams-design/2505227-%D8%A7%D8%B6%D8%A7%D9%81%D8%A9-%D8%A7%D8%B6%D8%A7%D8%A1%D8%A9-%D8%A7%D8%AD%D8%AA%D8%B1%D8%A7%D9%81%D9%8A%D8%A9-%D9%84%D9%84%D8%AA%D8%B5%D8%A7%D9%85%D9%8A%D9%85-%D8%A7%D9%84%D9%85%D8%B9%D9%85%D8%A7%D8%B1%D9%8A%D8%A9
403 Forbidden,Non trouvé,Non trouvé,Non trouvé,Aucun avis,Inconnu,Inconnu,Aucun tag,https://khamsat.com/engineering/exterior-design/3047754-%D8%AA%D8%B5%D9%85%D9%8A%D9%85-%D8%AE%D8%A7%D8%B1%D8%AC%D9%8A-%D9%84%D9%81%D9%8A%D9%84%D8%A7-%D8%B3%D9%83%D9%86%D9%8A%D8%A9
403 Forbidden,Non trouvé,Non trouvé,Non trouvé,Aucun avis,Inconnu,Inconnu,Aucun tag,https://khamsat.com/engineering/interior-design/1582840-%D8%AA%D8%B5%D9%85%D9%8A%D9%85-%D8%AF%D8%A7%D8%AE%D9%84%D9%8A-%D9%84%D8%AC%D9%85%D9%8A%D8%B9-%D8%A7%D9%84%D9%81%D8%B1%D8%A7%D8%BA%D8%A7%D8%AA-%D8%A7%D9%84%D9%85%D8%B9%D9%85%D8%A7%D8%B1%D9%8A%D8%A9
403 Forbidden,Non trouvé,Non trouvé,Non trouvé,Aucun avis,Inconnu,Inconnu,Aucun tag,https://khamsat.com/engineering/architectural-plans/1862456-%D8%AA%D8%B5%D9%85%D9%8A%D9%85-%D9%85%D8%B9%D9%85%D8%A7%D8%B1%D9%8A-%D9%83%D8%A7%D9%85%D9%84-%D9%84%D9%85%D9%86%D8%B2%D9%84%D9%83-%D8%A8%D9%86%D8%B8%D8%A7%D9%85-%D9%85%D9%88%D8%AF%D8%B1%D9%86-%D8%A8%D8%A7%D8%B3%D8%B9%D8%A7%D8%B1-%D8%B1%D8%AE%D9%8A%D8%B5%D8%A9
403 Forbidden,Non trouvé,Non trouvé,Non trouvé,Aucun avis,Inconnu,Inconnu,Aucun tag,https://khamsat.com/engineering/electrical-diagrams-design/2622836-%D8%B9%D9%85%D9%84-%D8%AF%D8%B1%D8%A7%D8%B3%D8%A9-%D9%84%D9%84%D8%A7%D8%B6%D8%A7%D8%A1%D8%A9-%D8%A7%D9%84%D8%AF%D8%A7%D8%AE%D9%84%D9%8A%D8%A9-%D8%A8%D8%A7%D8%B3%D8%AA%D8%AE%D8%AF%D8%A7%D9%85-%D8%A8%D8%B1%D9%86%D8%A7%D9%85%D8%AC-dialux-evo
403 Forbidden,Non trouvé,Non trouvé,Non trouvé,Aucun avis,Inconnu,Inconnu,Aucun tag,https://khamsat.com/engineering/exterior-design/3848735-%D8%AA%D8%B5%D9%85%D9%8A%D9%85-%D9%88%D8%A7%D8%AC%D9%87%D8%A7%D8%AA-%D9%83%D9%84%D8%A7%D8%AF%D9%8A%D9%86%D8%AC-%D8%A7%D8%AD%D8%AA%D8%B1%D8%A7%D9%81%D9%8A%D8%A9-%D9%84%D9%84%D9%85%D8%AD%D9%84%D8%A7%D8%AA-%D9%88%D8%A7%D9%84%D9%85%D8%A8%D8%A7%D9%86%D9%8A-%D8%A7%D9%84%D8%AA%D8%AC%D8%A7%D8%B1%D9%8A%D8%A9
403 Forbidden,Non trouvé,Non trouvé,Non trouvé,Aucun avis,Inconnu,Inconnu,Aucun tag,https://khamsat.com/engineering/interior-design/2915171-%D8%AA%D8%B5%D9%85%D9%8A%D9%85-%D8%AF%D9%8A%D9%83%D9%88%D8%B1-%D8%AF%D8%A7%D8%AE%D9%84%D9%8A-%D8%A8%D8%B4%D9%83%D9%84-%D8%A7%D8%AD%D8%AA%D8%B1%D8%A7%D9%81%D9%8A-%D9%88%D9%88%D8%A7%D9%82%D8%B9%D9%8A
403 Forbidden,Non trouvé,Non trouvé,Non trouvé,Aucun avis,Inconnu,Inconnu,Aucun tag,https://khamsat.com/engineering/architectural-plans/3635744-%D8%AA%D8%B5%D9%85%D9%8A%D9%85-%D9%85%D8%AE%D8%B7%D8%B7%D8%A7%D8%AA-%D9%85%D8%B9%D9%85%D8%A7%D8%B1%D9%8A%D8%A9-autocad
403 Forbidden,Non trouvé,Non trouvé,Non trouvé,Aucun avis,Inconnu,Inconnu,Aucun tag,https://khamsat.com/engineering/electrical-diagrams-design/2617326-%D8%AA%D8%B5%D9%85%D9%8A%D9%85-%D8%A7%D8%B6%D8%A7%D8%A1%D8%A9-%D9%84%D9%88%D8%AC%D9%87%D8%A7%D8%AA-%D8%A7%D9%84%D9%85%D8%A8%D8%A7%D9%86%D9%89-%D8%A7%D9%84%D9%85%D8%B9%D9%85%D8%A7%D8%B1%D9%8A%D8%A9-%D8%A8%D8%A7%D8%B3%D8%AA%D8%AE%D8%AF%D8%A7%D9%85-dialux-evo
403 Forbidden,Non trouvé,Non trouvé,Non trouvé,Aucun avis,Inconnu,Inconnu,Aucun tag,https://khamsat.com/engineering/exterior-design/3609210-%D8%B1%D9%86%D8%AF%D8%B1-%D9%85%D8%B9%D9%85%D8%A7%D8%B1%D9%8A-%D9%88%D8%A7%D9%82%D8%B9%D9%8A-%D9%84%D9%88%D8%A7%D8%AC%D9%87%D8%A7%D8%AA-%D8%A7%D9%84%D9%85%D8%A8%D8%A7%D9%86%D9%8A-%D8%A8%D8%A7%D8%AD%D8%AA%D8%B1%D8%A7%D9%81%D9%8A%D8%A9-%D8%B9%D8%A7%D9%84%D9%8A%D8%A9
403 Forbidden,Non trouvé,Non trouvé,Non trouvé,Aucun avis,Inconnu,Inconnu,Aucun tag,https://khamsat.com/engineering/architectural-plans/2985526-%D8%B1%D8%B3%D9%85-%D8%A3%D9%8A-%D9%85%D8%AE%D8%B7%D8%B7-2d-%D8%B9%D9%84%D9%89-%D8%A7%D9%84%D8%A3%D9%88%D8%AA%D9%88%D9%83%D8%A7%D8%AF-%D8%A8%D8%AC%D9%88%D8%AF%D8%A9-%D8%B9%D8%A7%D9%84%D9%8A%D8%A9
403 Forbidden,Non trouvé,Non trouvé,Non trouvé,Aucun avis,Inconnu,Inconnu,Aucun tag,https://khamsat.com/engineering/interior-design/3167842-%D8%AA%D8%B5%D9%85%D9%8A%D9%85-%D8%AF%D8%A7%D8%AE%D9%84%D9%89-%D8%A7%D8%AD%D8%AA%D8%B1%D8%A7%D9%81%D9%8A-%D9%84%D8%BA%D8%B1%D9%81%D8%A9-%D9%86%D9%88%D9%85
403 Forbidden,Non trouvé,Non trouvé,Non trouvé,Aucun avis,Inconnu,Inconnu,Aucun tag,https://khamsat.com/engineering/electrical-diagrams-design/2621274-%D8%AA%D8%B5%D9%85%D9%8A%D9%85-%D8%A7%D8%B6%D8%A7%D8%A1%D8%A9-%D8%AF%D8%A7%D8%AE%D9%84%D9%8A%D8%A9-%D9%88-%D8%AA%D8%B5%D9%85%D9%8A%D9%85-%D8%AF%D8%A7%D8%AE%D9%84%D9%89
403 Forbidden,Non trouvé,Non trouvé,Non trouvé,Aucun avis,Inconnu,Inconnu,Aucun tag,https://khamsat.com/engineering/exterior-design/3620770-%D8%AA%D8%B5%D9%85%D9%8A%D9%85-%D9%83%D9%88%D9%81%D9%8A-%D8%B4%D9%88%D8%A8-%D8%B9%D8%B5%D8%B1%D9%8A-%D8%A8%D8%A7%D8%B3%D8%AA%D8%AE%D8%AF%D8%A7%D9%85-%D8%A7%D9%84%D9%83%D9%88%D9%86%D8%AA%D9%8A%D9%86%D8%B1-%D9%85%D8%B9-%D8%B1%D9%86%D8%AF%D8%B1-%D9%88%D8%A7%D9%82%D8%B9%D9%8A-2d-3
403 Forbidden,Non trouvé,Non trouvé,Non trouvé,Aucun avis,Inconnu,Inconnu,Aucun tag,https://khamsat.com/engineering/architectural-plans/2128886-%D8%B1%D8%B3%D9%85-%D8%A7%D9%84%D9%85%D8%AE%D8%B7%D8%B7%D8%A7%D8%AA-%D8%A7%D9%84%D9%87%D9%86%D8%AF%D8%B3%D9%8A%D8%A9-%D8%A7%D9%84%D9%85%D8%B9%D9%85%D8%A7%D8%B1%D9%8A%D8%A9-3d-%D9%88%D8%A7%D9%82%D8%B9%D9%8A-%D8%A7%D8%AE%D8%AA%D8%B1%D8%A7%D9%81%D9%8A
403 Forbidden,Non trouvé,Non trouvé,Non trouvé,Aucun avis,Inconnu,Inconnu,Aucun tag,https://khamsat.com/engineering/interior-design/3128913-%D8%AA%D8%B5%D9%85%D9%8A%D9%85%D8%A7%D8%AA-3d-%D9%85%D8%B9%D9%85%D8%A7%D8%B1%D9%8A%D8%A9-%D9%84%D9%84%D9%81%D8%B1%D8%A7%D8%BA%D8%A7%D8%AA-%D8%A7%D9%84%D8%B3%D9%83%D9%86%D9%8A%D8%A9-%D8%A8%D8%A3%D9%81%D8%B6%D9%84-%D8%A7%D9%84%D8%A3%D8%B3%D8%B9%D8%A7%D8%B1
403 Forbidden,Non trouvé,Non trouvé,Non trouvé,Aucun avis,Inconnu,Inconnu,Aucun tag,https://khamsat.com/engineering/electrical-diagrams-design/3389419-%D8%AA%D8%B5%D9%85%D9%8A%D9%85-%D9%83%D9%87%D8%B1%D8%A8%D8%A7%D8%A6%D9%8A-%D8%AF%D8%A7%D8%AE%D9%84%D9%8A-%D9%85%D8%AD%D8%AA%D8%B1%D9%81-%D8%B3%D9%88%D8%A7%D8%A1-autocad-or-revit
403 Forbidden,Non trouvé,Non trouvé,Non trouvé,Aucun avis,Inconnu,Inconnu,Aucun tag,https://khamsat.com/engineering/exterior-design/3784279-%D8%AA%D8%B5%D9%85%D9%8A%D9%85-%D9%88%D8%A7%D8%AC%D9%87%D8%A7%D8%AA-%D8%B9%D8%B1%D8%A8%D9%8A%D8%A9-%D8%A7%D8%B3%D9%84%D8%A7%D9%85%D9%8A%D8%A9
403 Forbidden,Non trouvé,Non trouvé,Non trouvé,Aucun avis,Inconnu,Inconnu,Aucun tag,https://khamsat.com/engineering/interior-design/2582951-%D8%AA%D8%B5%D8%A7%D9%85%D9%8A%D9%85-%D8%AF%D8%A7%D8%AE%D9%84%D9%8A%D8%A9-%D8%A5%D8%A8%D8%AF%D8%A7%D8%B9%D9%8A%D8%A9-%D8%AA%D8%B9%D9%83%D8%B3-%D8%AC%D9%85%D8%A7%D9%84%D9%8A%D8%A9-%D8%A7%D9%84%D9%81%D8%B1%D8%A7%D8%BA-%D9%88%D8%A7%D9%84%D8%A3%D9%86%D8%A7%D9%82%D8%A9
403 Forbidden,Non trouvé,Non trouvé,Non trouvé,Aucun avis,Inconnu,Inconnu,Aucun tag,https://khamsat.com/engineering/architectural-plans/3644972-%D9%85%D8%AE%D8%B7%D8%B7%D8%A7%D8%AA-%D9%85%D8%B9%D9%85%D8%A7%D8%B1%D9%8A%D8%A9-%D8%A7%D8%B3%D8%AA%D8%BA%D9%84%D8%A7%D9%84-%D9%83%D9%84-%D9%85%D8%AA%D8%B1-%D9%81%D9%8A-%D8%A7%D9%84%D9%85%D8%B3%D8%A7%D8%AD%D8%A9
403 Forbidden,Non trouvé,Non trouvé,Non trouvé,Aucun avis,Inconnu,Inconnu,Aucun tag,https://khamsat.com/engineering/electrical-diagrams-design/3082028-%D8%AA%D8%B5%D9%85%D9%8A%D9%85-%D9%85%D8%AD%D8%B7%D8%A7%D8%AA-%D8%A7%D9%84%D8%B7%D8%A7%D9%82%D8%A9-%D8%A7%D9%84%D8%B4%D9%85%D8%B3%D9%8A%D8%A9
403 Forbidden,Non trouvé,Non trouvé,Non trouvé,Aucun avis,Inconnu,Inconnu,Aucun tag,https://khamsat.com/engineering/exterior-design/3119622-%D8%AA%D8%B5%D9%85%D9%8A%D9%85-%D8%AF%D8%A7%D8%AE%D9%84%D9%89-%D8%AB%D8%B1%D9%89-%D8%AF%D9%89-%D9%84%D9%84%D9%81%D8%B1%D8%A7%D8%BA%D8%A7%D8%AA
403 Forbidden,Non trouvé,Non trouvé,Non trouvé,Aucun avis,Inconnu,Inconnu,Aucun tag,https://khamsat.com/engineering/interior-design/3119496-%D8%AA%D8%B5%D9%85%D9%8A%D9%85-%D9%85%D8%AA%D8%AC%D8%B1-%D9%84%D8%B4%D8%B1%D9%83%D8%A9-asus-%D9%84%D8%A8%D9%8A%D8%B9-%D8%A7%D9%84%D8%A7%D8%AC%D9%87%D8%B2%D8%A9-%D8%A7%D9%84%D8%A7%D9%84%D9%83%D8%AA%D8%B1%D9%88%D9%86%D9%8A%D8%A9-%D9%88-%D8%A7%D8%AC%D9%87%D8%B2%D8%A9-%D8%AC%D8%A7%D9%85%D9%86%D8%AC
403 Forbidden,Non trouvé,Non trouvé,Non trouvé,Aucun avis,Inconnu,Inconnu,Aucun tag,https://khamsat.com/engineering/architectural-plans/2039764-%D8%AA%D8%B5%D9%85%D9%8A%D9%85-%D9%88%D9%86%D9%85%D8%B0%D8%AC%D8%A9-%D8%A7%D9%84%D9%85%D8%AE%D8%B7%D8%B7%D8%A7%D8%AA-%D8%A7%D9%84%D9%85%D8%B9%D9%85%D8%A7%D8%B1%D9%8A%D8%A9-%D8%B9%D9%84%D9%89-%D8%A8%D8%B1%D9%86%D8%A7%D9%85%D8%AC-%D8%A7%D9%84%D8%A7%D9%88%D8%AA%D9%88%D9%83%D8%A7%D8%AF-%D9%83%D9%84-10%D9%852
403 Forbidden,Non trouvé,Non trouvé,Non trouvé,Aucun avis,Inconnu,Inconnu,Aucun tag,https://khamsat.com/engineering/electrical-diagrams-design/3389577-%D8%AA%D8%B5%D9%85%D9%8A%D9%85-single-line-diagram-%D8%B9%D9%84%D9%89-%D8%A8%D8%B1%D9%86%D8%A7%D9%85%D8%AC-%D8%A7%D9%84etap
403 Forbidden,Non trouvé,Non trouvé,Non trouvé,Aucun avis,Inconnu,Inconnu,Aucun tag,https://khamsat.com/engineering/exterior-design/3687695-%D8%AA%D8%B5%D9%85%D9%8A%D9%85-%D8%AE%D8%A7%D8%B1%D8%AC%D9%8A-%D9%85%D8%A8%D8%A7%D9%86%D9%8A-%D9%88%D9%81%D9%84%D9%84-%D8%B3%D9%83%D9%86%D9%8A%D8%A9-%D8%A8%D8%AF%D9%82%D8%A9-%D8%B9%D8%A7%D9%84%D9%8A%D8%A9-%D9%88%D8%A7%D8%AE%D8%B1%D8%A7%D8%AC-%D9%88%D8%A7%D9%82%D8%B9%D9%8A
403 Forbidden,Non trouvé,Non trouvé,Non trouvé,Aucun avis,Inconnu,Inconnu,Aucun tag,https://khamsat.com/engineering/architectural-plans/2395046-%D8%AA%D8%B5%D9%85%D9%8A%D9%85-%D8%AF%D8%A7%D8%AE%D9%84%D9%8A-%D9%85%D9%86%D8%B2%D9%84-%D9%81%D9%8A%D9%84%D8%A7
403 Forbidden,Non trouvé,Non trouvé,Non trouvé,Aucun avis,Inconnu,Inconnu,Aucun tag,https://khamsat.com/engineering/interior-design/1281240-%D8%AA%D8%B5%D9%85%D9%8A%D9%85-%D8%AF%D8%A7%D8%AE%D9%84%D9%89-%D9%88%D8%AE%D8%A7%D8%B1%D8%AC%D9%8A
403 Forbidden,Non trouvé,Non trouvé,Non trouvé,Aucun avis,Inconnu,Inconnu,Aucun tag,https://khamsat.com/engineering/electrical-diagrams-design/3049406-%D8%AA%D8%B5%D9%85%D9%8A%D9%85-%D8%A7%D9%84%D8%A7%D8%B9%D9%85%D8%A7%D9%84-%D8%A7%D9%84%D9%83%D9%87%D8%B1%D8%A8%D8%A7%D8%A6%D9%8A%D8%A9-%D9%84%D9%84%D9%85%D8%A8%D8%A7%D9%86%D9%89-%D9%88%D8%A7%D9%84%D9%85%D9%86%D8%B4%D8%A6%D8%A7%D8%AA-%D8%A7%D9%84%D9%85%D8%AE%D8%AA%D9%84%D9%81%D8%A9
403 Forbidden,Non trouvé,Non trouvé,Non trouvé,Aucun avis,Inconnu,Inconnu,Aucun tag,https://khamsat.com/engineering/exterior-design/3576901-%D8%AA%D8%B5%D9%85%D9%8A%D9%85-%D9%88%D8%A7%D8%AC%D9%87%D8%A7%D8%AA-%D8%B9%D9%85%D8%A7%D8%B1%D8%A9-%D8%B3%D9%83%D9%86%D9%8A%D8%A9-%D9%83%D9%84%D8%A7%D8%B3%D9%8A%D9%83%D9%8A%D8%A9-%D9%81%D8%A7%D8%AE%D8%B1%D8%A9
403 Forbidden,Non trouvé,Non trouvé,Non trouvé,Aucun avis,Inconnu,Inconnu,Aucun tag,https://khamsat.com/engineering/interior-design/2803761-%D8%AA%D8%B5%D8%A7%D9%85%D9%8A%D9%85-%D9%88%D8%AF%D9%8A%D9%83%D9%88%D8%B1%D8%A7%D8%AA-%D8%AF%D8%A7%D8%AE%D9%84%D9%8A%D8%A9-%D9%88%D8%A7%D9%82%D8%B9%D9%8A%D8%A9-%D9%88%D8%B9%D8%B5%D8%B1%D9%8A%D8%A9
403 Forbidden,Non trouvé,Non trouvé,Non trouvé,Aucun avis,Inconnu,Inconnu,Aucun tag,https://khamsat.com/engineering/architectural-plans/2827381-%D8%B1%D8%B3%D9%85-%D8%A7%D9%84%D9%85%D8%AE%D8%B7%D8%B7%D8%A7%D8%AA-%D8%A7%D9%84%D9%85%D8%B9%D9%85%D8%A7%D8%B1%D9%8A%D8%A9-%D9%88%D8%A7%D9%84%D8%B2%D8%AE%D8%A7%D8%B1%D9%81-%D8%A8%D8%A7%D8%B3%D8%AA%D8%AE%D8%AF%D8%A7%D9%85-autocad
403 Forbidden,Non trouvé,Non trouvé,Non trouvé,Aucun avis,Inconnu,Inconnu,Aucun tag,https://khamsat.com/engineering/electrical-diagrams-design/2814618-%D9%84%D9%88%D8%AD%D8%A7%D8%AA-%D9%83%D9%87%D8%B1%D8%A8%D8%A7%D8%A1-%D8%AA%D8%B5%D9%85%D9%8A%D9%85-%D9%88%D8%AA%D9%86%D9%81%D9%8A%D8%B0
403 Forbidden,Non trouvé,Non trouvé,Non trouvé,Aucun avis,Inconnu,Inconnu,Aucun tag,https://khamsat.com/engineering/exterior-design/1629329-%D8%AA%D8%B5%D9%85%D9%8A%D9%85-%D9%88%D8%A7%D8%AC%D9%87%D8%A7%D8%AA-%D8%AE%D8%A7%D8%B1%D8%AC%D9%8A%D8%A9-%D9%85%D9%86%D8%B8%D9%88%D8%B1-%D8%AE%D8%A7%D8%B1%D8%AC%D9%8A-3dsmax
403 Forbidden,Non trouvé,Non trouvé,Non trouvé,Aucun avis,Inconnu,Inconnu,Aucun tag,https://khamsat.com/engineering/interior-design/1219537-%D8%AA%D8%B5%D9%85%D9%8A%D9%85-%D8%AF%D8%A7%D8%AE%D9%84%D9%89-%D9%88%D8%AF%D9%8A%D9%83%D9%88%D8%B1-%D8%A8%D8%A5%D8%AD%D8%AA%D8%B1%D8%A7%D9%81%D9%8A%D8%A9-%D9%88%D8%AC%D9%88%D8%AF%D8%A9-%D9%88%D8%B3%D8%B1%D8%B9%D8%A9-%D8%B9%D8%A7%D9%84%D9%8A%D8%A9
403 Forbidden,Non trouvé,Non trouvé,Non trouvé,Aucun avis,Inconnu,Inconnu,Aucun tag,https://khamsat.com/engineering/architectural-plans/1761588-%D8%AA%D8%B5%D9%85%D9%8A%D9%85-%D8%A7%D9%84%D9%85%D8%AE%D8%B7%D8%B7%D8%A7%D8%AA-%D8%A7%D9%84%D9%85%D8%B9%D9%85%D8%A7%D8%B1%D9%8A%D8%A9-%D8%A7%D9%84%D8%B3%D9%83%D9%86%D9%8A%D8%A9-%D9%88%D8%A7%D9%84%D8%AA%D8%AC%D8%A7%D8%B1%D9%8A%D8%A9-%D9%88%D8%A7%D9%84%D8%A7%D8%AF%D8%A7%D8%B1%D9%8A%D8%A9
403 Forbidden,Non trouvé,Non trouvé,Non trouvé,Aucun avis,Inconnu,Inconnu,Aucun tag,https://khamsat.com/engineering/electrical-diagrams-design/2874337-%D8%B9%D9%85%D9%84-%D9%85%D8%AE%D8%B7%D8%B7%D8%A7%D8%AA-shopdrawing-%D9%84%D9%84%D8%A3%D8%B9%D9%85%D8%A7%D9%84-%D8%A7%D9%84%D9%83%D9%87%D8%B1%D8%A8%D8%A7%D8%A6%D9%8A%D8%A9
403 Forbidden,Non trouvé,Non trouvé,Non trouvé,Aucun avis,Inconnu,Inconnu,Aucun tag,https://khamsat.com/engineering/exterior-design/992084-%D8%B9%D9%85%D9%84-%D8%AA%D8%B5%D9%85%D9%8A%D9%85%D8%A7%D8%AA-%D9%85%D8%B9%D9%85%D8%A7%D8%B1%D9%8A%D8%A9-3d-%D8%AE%D8%A7%D8%B1%D8%AC%D9%8A%D8%A9-%D8%A8%D8%A8%D8%B1%D8%A7%D9%85%D8%AC-sketchup-%D9%88-vray-%D8%A8%D8%A7%D8%AD%D8%AA%D8%B1%D8%A7%D9%81
403 Forbidden,Non trouvé,Non trouvé,Non trouvé,Aucun avis,Inconnu,Inconnu,Aucun tag,https://khamsat.com/engineering/architectural-plans/1678763-%D8%AA%D8%B5%D9%85%D9%8A%D9%85-%D9%85%D8%AE%D8%B7%D8%B7%D8%A7%D8%AA-%D9%85%D8%B9%D9%85%D8%A7%D8%B1%D9%8A%D8%A9-%D9%88%D8%AA%D9%86%D9%81%D9%8A%D8%B0%D9%8A%D8%A9-%D8%A8%D8%A7%D8%B3%D8%AA%D8%AE%D8%AF%D8%A7%D9%85-%D8%A7%D9%84%D8%A3%D9%88%D8%AA%D9%88%D9%83%D8%A7%D8%AF
403 Forbidden,Non trouvé,Non trouvé,Non trouvé,Aucun avis,Inconnu,Inconnu,Aucun tag,https://khamsat.com/engineering/interior-design/1648779-%D8%A3%D8%B5%D9%85%D9%85-%D9%88-%D8%A3%D9%82%D9%88%D9%85-%D8%A8%D8%B9%D9%85%D9%84-3d-%D9%84%D9%85%D8%B7%D8%A8%D8%AE%D9%83-%D8%A7%D9%84%D8%AE%D8%A7%D8%B5
403 Forbidden,Non trouvé,Non trouvé,Non trouvé,Aucun avis,Inconnu,Inconnu,Aucun tag,https://khamsat.com/engineering/electrical-diagrams-design/2769736-%D8%B1%D8%B3%D9%85-%D8%AC%D9%85%D9%8A%D8%B9-%D8%A7%D9%84%D8%AF%D9%88%D8%A7%D8%A6%D8%B1-%D8%A7%D9%84%D9%83%D9%87%D8%B1%D8%A8%D8%A7%D8%A6%D9%8A%D8%A9-%D8%B9%D9%84%D9%8A-%D8%A8%D8%B1%D9%86%D8%A7%D9%85%D8%AC-eplan
403 Forbidden,Non trouvé,Non trouvé,Non trouvé,Aucun avis,Inconnu,Inconnu,Aucun tag,https://khamsat.com/engineering/exterior-design/2895688-%D8%AA%D8%B5%D9%85%D9%8A%D9%85-%D8%AE%D8%A7%D8%B1%D8%AC%D9%8A-%D8%AA%D8%B5%D9%85%D9%8A%D9%85-%D8%A7%D9%84%D9%88%D8%A7%D8%AC%D9%87%D8%A7%D8%AA-%D8%A7%D9%84%D9%85%D8%B9%D9%85%D8%A7%D8%B1%D9%8A%D8%A9
403 Forbidden,Non trouvé,Non trouvé,Non trouvé,Aucun avis,Inconnu,Inconnu,Aucun tag,https://khamsat.com/engineering/architectural-plans/3168825-%D8%A7%D9%84%D8%AA%D8%B5%D9%85%D9%8A%D9%85-%D8%A7%D9%84%D9%85%D8%B9%D9%85%D8%A7%D8%B1%D9%8A-%D9%88-%D8%B1%D8%B3%D9%85-%D8%A7%D9%84%D9%85%D8%AE%D8%B7%D8%B7%D8%A7%D8%AA-%D8%A7%D9%84%D9%85%D8%B9%D9%85%D8%A7%D8%B1%D9%8A%D8%A9
403 Forbidden,Non trouvé,Non trouvé,Non trouvé,Aucun avis,Inconnu,Inconnu,Aucun tag,https://khamsat.com/engineering/interior-design/800303-%D8%AA%D8%B5%D9%85%D9%8A%D9%85%D8%A7%D8%AA-%D9%85%D8%B9%D9%85%D8%A7%D8%B1%D9%8A%D8%A9-%D8%AB%D9%86%D8%A7%D8%A6%D9%8A%D8%A9-%D9%88-%D8%AB%D9%84%D8%A7%D8%AB%D9%8A%D8%A9-%D8%A7%D9%84%D8%A3%D8%A8%D8%B9%D8%A7%D8%AF
403 Forbidden,Non trouvé,Non trouvé,Non trouvé,Aucun avis,Inconnu,Inconnu,Aucun tag,https://khamsat.com/engineering/electrical-diagrams-design/3767299-%D8%AA%D8%B5%D9%85%D9%8A%D9%85-%D9%88%D8%AF%D8%B1%D8%A7%D8%B3%D8%A9-%D8%A7%D9%84%D8%A7%D9%86%D8%B8%D9%85%D8%A9-%D8%A7%D9%84%D9%83%D9%87%D8%B1%D8%A8%D9%8A%D8%A9-%D8%A8%D8%A7%D8%B3%D8%AA%D8%AE%D8%AF%D8%A7%D9%85-etap
403 Forbidden,Non trouvé,Non trouvé,Non trouvé,Aucun avis,Inconnu,Inconnu,Aucun tag,https://khamsat.com/engineering/exterior-design/1856888-%D8%AA%D8%B5%D9%85%D9%8A%D9%85-%D8%AE%D8%A7%D8%B1%D8%AC%D9%8A-5-%D9%84%D9%83%D9%84-5-%D9%85%D8%AA%D8%B1-%D9%85%D8%B1%D8%A8%D8%B9
403 Forbidden,Non trouvé,Non trouvé,Non trouvé,Aucun avis,Inconnu,Inconnu,Aucun tag,https://khamsat.com/engineering/architectural-plans/1708095-%D8%B1%D8%B3%D9%85-%D9%85%D8%AE%D8%B7%D8%B7%D8%A7%D8%AA-%D9%85%D8%B9%D9%85%D8%A7%D8%B1%D9%8A%D8%A9-%D9%84%D8%AC%D9%85%D9%8A%D8%B9-%D8%A7%D9%84%D9%85%D9%86%D8%B4%D8%A6%D8%A7%D8%AA-%D8%B9%D9%84%D9%89-%D8%A7%D9%84%D8%A7%D9%88%D8%AA%D9%88%D9%83%D8%A7%D8%AF
403 Forbidden,Non trouvé,Non trouvé,Non trouvé,Aucun avis,Inconnu,Inconnu,Aucun tag,https://khamsat.com/engineering/interior-design/2929181-%D8%AA%D8%B5%D9%85%D9%8A%D9%85-%D8%AF%D8%A7%D8%AE%D9%84%D9%8A-%D8%A7%D8%AD%D8%AA%D8%B1%D8%A7%D9%81%D9%8A
403 Forbidden,Non trouvé,Non trouvé,Non trouvé,Aucun avis,Inconnu,Inconnu,Aucun tag,https://khamsat.com/engineering/electrical-diagrams-design/3754506-%D8%A3%D9%82%D9%88%D9%85-%D8%A8%D8%AA%D8%B5%D9%85%D9%8A%D9%85-%D9%88%D8%AA%D9%86%D9%81%D9%8A%D8%B0-%D8%A7%D9%84%D9%85%D8%AE%D8%B7%D8%B7%D8%A7%D8%AA-%D8%A7%D9%84%D9%83%D9%87%D8%B1%D8%A8%D9%8A%D8%A9-%D8%A3%D9%88-%D8%A7%D9%84%D8%A5%D9%84%D9%83%D8%AA%D8%B1%D9%88%D9%86%D9%8A%D8%A9
403 Forbidden,Non trouvé,Non trouvé,Non trouvé,Aucun avis,Inconnu,Inconnu,Aucun tag,https://khamsat.com/engineering/exterior-design/3518548-%D8%AA%D8%B5%D9%85%D9%8A%D9%85-%D9%88%D8%A7%D8%AC%D9%87%D8%A7%D8%AA-%D9%85%D8%B9%D9%85%D8%A7%D8%B1%D9%8A%D8%A9-%D8%A8%D8%AC%D9%85%D9%8A%D8%B9-%D8%A7%D9%84%D8%B7%D8%B1%D8%A7%D8%B2%D8%A7%D8%AA-%D8%A7%D9%84%D9%83%D9%84%D8%A7%D8%B3%D9%8A%D9%83%D9%8A%D8%A9-%D9%88%D8%A7%D9%84%D9%85%D9%88%D8%AF%D8%B1%D9%86
403 Forbidden,Non trouvé,Non trouvé,Non trouvé,Aucun avis,Inconnu,Inconnu,Aucun tag,https://khamsat.com/engineering/architectural-plans/2687805-%D8%AA%D8%AE%D8%B7%D9%8A%D8%B7-%D8%B9%D9%85%D8%B1%D8%A7%D9%86%D9%8A-%D9%84%D9%84%D9%85%D8%AF%D9%86-%D8%A7%D9%84%D8%B3%D9%83%D9%86%D9%8A%D8%A9-%D9%88%D8%A7%D9%84%D8%B5%D9%86%D8%A7%D8%B9%D9%8A%D8%A9-%D9%88%D8%A7%D9%84%D8%AA%D8%B1%D9%81%D9%8A%D9%87%D9%8A%D8%A9-%D9%88%D8%A7%D9%84%D8%B3%D8%A7%D8%AD%D8%A7%D8%AA
403 Forbidden,Non trouvé,Non trouvé,Non trouvé,Aucun avis,Inconnu,Inconnu,Aucun tag,https://khamsat.com/engineering/interior-design/3206827-%D8%AA%D8%B5%D9%85%D9%8A%D9%85-%D8%A7%D9%85%D8%B9%D8%A7%D8%B5%D8%B1-%D9%84%D9%84%D9%81%D8%B1%D8%A7%D8%BA%D8%A7%D8%AA-%D8%A7%D9%84%D8%AF%D8%A7%D8%AE%D9%84%D9%8A%D8%A9-%D9%8A%D8%AC%D9%85%D8%B9-%D8%A8%D9%8A%D9%86-%D8%A7%D9%84%D9%88%D8%B8%D9%8A%D9%81%D8%A9-%D9%88%D8%A7%D9%84%D8%A3%D9%86%D8%A7%D9%82%D8%A9
403 Forbidden,Non trouvé,Non trouvé,Non trouvé,Aucun avis,Inconnu,Inconnu,Aucun tag,https://khamsat.com/engineering/electrical-diagrams-design/2740388-%D8%B1%D8%B3%D9%85-%D8%A7%D9%84%D9%85%D8%AE%D8%B7%D8%B7%D8%A7%D8%AA-%D8%A7%D9%84%D9%83%D9%87%D8%B1%D8%A8%D8%A7%D8%A6%D9%8A%D8%A9-%D8%A7%D9%84%D8%B5%D9%86%D8%A7%D8%B9%D9%8A%D8%A9
403 Forbidden,Non trouvé,Non trouvé,Non trouvé,Aucun avis,Inconnu,Inconnu,Aucun tag,https://khamsat.com/engineering/exterior-design/1360436-%D8%AA%D8%B4%D9%83%D9%8A%D9%84-%D8%A7%D9%84%D9%88%D8%AC%D9%87%D8%A7%D8%AA-%D8%A7%D9%84%D9%85%D8%B9%D9%85%D8%A7%D8%B1%D9%8A%D8%A9-%D9%88%D8%A7%D9%84%D9%85%D8%AE%D8%B7%D8%B7%D8%A7%D8%AA-%D8%A8%D8%A7%D9%84%D8%AE%D8%A7%D9%85%D8%A7%D8%AA-2d-%D9%84%D9%84%D8%AA%D8%B3%D9%88%D9%8A%D9%82-%D9%88.%D8%A7%D9%84%D8%AE
403 Forbidden,Non trouvé,Non trouvé,Non trouvé,Aucun avis,Inconnu,Inconnu,Aucun tag,https://khamsat.com/engineering/architectural-plans/3198184-%D9%85%D9%87%D9%86%D8%AF%D8%B3-%D9%85%D8%B9%D9%85%D8%A7%D8%B1%D9%8A-%D8%AE%D8%A8%D8%B1%D8%A9-4-%D8%B3%D9%86%D9%88%D8%A7%D8%AA-%D9%81%D9%8A-%D8%AA%D8%B5%D9%85%D9%8A%D9%85-%D8%A7%D9%84%D9%85%D8%AE%D8%B7%D8%B7%D8%A7%D8%AA-%D8%A7%D9%84%D9%87%D9%86%D8%AF%D8%B3%D9%8A%D8%A9
403 Forbidden,Non trouvé,Non trouvé,Non trouvé,Aucun avis,Inconnu,Inconnu,Aucun tag,https://khamsat.com/engineering/interior-design/3128112-%D8%A7%D9%86%D8%B4%D8%A7%D8%A1-%D8%AA%D8%B5%D9%85%D9%8A%D9%85-%D8%AF%D8%A7%D8%AE%D9%84%D9%8A-3d-%D8%A8%D8%AC%D9%88%D8%AF%D8%A9-%D8%B9%D8%A7%D9%84%D9%8A%D8%A9-%D9%88-%D8%A7%D9%82%D9%84-%D8%B3%D8%B9%D8%B1
403 Forbidden,Non trouvé,Non trouvé,Non trouvé,Aucun avis,Inconnu,Inconnu,Aucun tag,https://khamsat.com/engineering/electrical-diagrams-design/3748005-%D8%AA%D8%B5%D9%85%D9%8A%D9%85-%D8%A7%D9%84%D9%85%D8%AE%D8%B7%D8%B7%D8%A7%D8%AA-%D8%A7%D9%84%D9%83%D9%87%D8%B1%D8%A7%D8%A6%D9%8A%D8%A9-%D9%84%D9%84%D9%88%D8%AD%D8%AF%D8%A7%D8%AA-%D8%A7%D9%84%D8%B3%D9%83%D9%86%D9%8A%D8%A9
403 Forbidden,Non trouvé,Non trouvé,Non trouvé,Aucun avis,Inconnu,Inconnu,Aucun tag,https://khamsat.com/engineering/exterior-design/3087412-%D8%AA%D8%B5%D9%85%D9%8A%D9%85-%D9%88%D8%A7%D8%AC%D9%87%D8%A7%D8%AA-%D9%84%D9%85%D8%B4%D8%A7%D8%B1%D9%8A%D8%B9-%D9%85%D8%B9%D9%85%D8%A7%D8%B1%D9%8A%D8%A9
403 Forbidden,Non trouvé,Non trouvé,Non trouvé,Aucun avis,Inconnu,Inconnu,Aucun tag,https://khamsat.com/engineering/interior-design/2725611-%D8%AA%D8%B5%D9%85%D9%8A%D9%85-%D8%AF%D8%A7%D8%AE%D9%84%D9%89-%D9%88-%D8%AF%D9%8A%D9%83%D9%88%D8%B1-interior-design
403 Forbidden,Non trouvé,Non trouvé,Non trouvé,Aucun avis,Inconnu,Inconnu,Aucun tag,https://khamsat.com/engineering/architectural-plans/1828801-%D8%AA%D8%B5%D9%85%D9%8A%D9%85-%D9%85%D8%AE%D8%B7%D8%B7%D8%A7%D8%AA-%D9%85%D8%B9%D9%85%D8%A7%D8%B1%D9%8A%D8%A9-2d-%D9%883d-%D8%AF%D8%A7%D8%AE%D9%84%D9%8A-%D9%88%D8%AE%D8%A7%D8%B1%D8%AC%D9%8A-%D9%84%D8%A3%D9%8A-%D9%85%D8%A8%D9%86%D9%89
403 Forbidden,Non trouvé,Non trouvé,Non trouvé,Aucun avis,Inconnu,Inconnu,Aucun tag,https://khamsat.com/engineering/electrical-diagrams-design/3660560-%D8%A5%D8%B9%D8%AF%D8%A7%D8%AF-%D8%B9%D8%B1%D8%B6-%D9%81%D9%86%D9%8A-%D9%88%D9%85%D8%A7%D9%84%D9%8A-%D8%A7%D8%AD%D8%AA%D8%B1%D8%A7%D9%81%D9%8A-ai-%D9%84%D9%85%D8%B4%D8%A7%D8%B1%D9%8A%D8%B9-%D8%A7%D9%84%D9%83%D9%87%D8%B1%D8%A8%D8%A7%D8%A1-%D9%88%D8%A7%D9%84%D8%AA%D9%88%D8%B1%D9%8A%D8%AF%D8%A7%D8%AA
403 Forbidden,Non trouvé,Non trouvé,Non trouvé,Aucun avis,Inconnu,Inconnu,Aucun tag,https://khamsat.com/engineering/exterior-design/3038891-%D8%AA%D8%B5%D9%85%D9%8A%D9%85-%D9%88%D8%A7%D8%AC%D9%87%D8%A7%D8%AA-%D9%83%D9%84%D8%A7%D8%AF%D9%8A%D9%86%D8%AC-%D8%AA%D8%A8%D8%B1%D8%B2-%D9%85%D8%B4%D8%B1%D9%88%D8%B9%D9%83
403 Forbidden,Non trouvé,Non trouvé,Non trouvé,Aucun avis,Inconnu,Inconnu,Aucun tag,https://khamsat.com/engineering/architectural-plans/2382124-%D8%AA%D8%B5%D9%85%D9%8A%D9%85-%D9%85%D8%AE%D8%B7%D8%B7%D8%A7%D8%AA-%D9%85%D8%B9%D9%85%D8%A7%D8%B1%D9%8A%D8%A9-%D9%88%D8%A7%D9%86%D8%B4%D8%A7%D8%A6%D9%8A%D8%A9-%D9%88%D8%B1%D8%B3%D9%88%D9%85%D8%A7%D8%AA-%D8%AA%D9%86%D9%81%D9%8A%D8%B0%D9%8A%D8%A9-2d-%D8%A8%D8%A7%D9%84%D8%A7%D9%88%D8%AA%D9%88%D9%83%D8%A7%D8%AF
403 Forbidden,Non trouvé,Non trouvé,Non trouvé,Aucun avis,Inconnu,Inconnu,Aucun tag,https://khamsat.com/engineering/interior-design/2504664-%D8%AA%D8%B5%D9%85%D9%8A%D9%85-%D8%AF%D8%A7%D8%AE%D9%84%D9%89-%D9%88%D9%85%D8%B9%D9%85%D8%A7%D8%B1%D9%89
403 Forbidden,Non trouvé,Non trouvé,Non trouvé,Aucun avis,Inconnu,Inconnu,Aucun tag,https://khamsat.com/engineering/electrical-diagrams-design/3599074-%D8%AA%D8%B5%D9%85%D9%8A%D9%85-%D9%88%D8%A7%D8%B9%D8%AF%D8%A7%D8%AF-%D9%85%D8%AE%D8%B7%D8%B7%D8%A7%D8%AA-%D9%83%D9%87%D8%B1%D8%A8%D8%A7%D8%A6%D9%8A%D8%A9
403 Forbidden,Non trouvé,Non trouvé,Non trouvé,Aucun avis,Inconnu,Inconnu,Aucun tag,https://khamsat.com/engineering/exterior-design/1628668-%D8%AA%D8%B5%D9%85%D9%8A%D9%85-%D9%85%D8%B9%D9%85%D8%A7%D8%B1%D9%8A-%D9%88%D8%A7%D9%86%D8%B4%D8%A7%D8%A6%D9%8A-%D9%84%D9%81%D9%8A%D9%84%D8%A7%D8%AA-%D8%A7%D9%82%D8%AA%D8%B5%D8%A7%D8%AF%D9%8A%D8%A9
403 Forbidden,Non trouvé,Non trouvé,Non trouvé,Aucun avis,Inconnu,Inconnu,Aucun tag,https://khamsat.com/engineering/architectural-plans/2311515-%D8%B1%D8%B3%D9%85-%D9%88%D8%AA%D8%B5%D9%85%D9%8A%D9%85-%D8%A7%D8%AD%D8%AA%D8%B1%D8%A7%D9%81%D9%8A-2d-%D8%A8%D8%B3%D8%B9%D8%B1-%D8%AC%D8%AF-%D9%85%D9%85%D9%8A%D8%B2
403 Forbidden,Non trouvé,Non trouvé,Non trouvé,Aucun avis,Inconnu,Inconnu,Aucun tag,https://khamsat.com/engineering/interior-design/2130887-%D8%AA%D8%B5%D9%85%D9%8A%D9%85-%D8%AF%D8%A7%D8%AE%D9%84%D9%8A-3%D8%AF%D9%8A-%D9%84%D9%85%D8%B7%D8%A8%D8%AE-%D8%A8%D8%B4%D9%83%D9%84-%D9%88%D8%A7%D9%82%D8%B9%D9%8A-%D9%88%D8%A7%D8%AD%D8%AA%D8%B1%D8%A7%D9%81%D9%8A
403 Forbidden,Non trouvé,Non trouvé,Non trouvé,Aucun avis,Inconnu,Inconnu,Aucun tag,https://khamsat.com/engineering/electrical-diagrams-design/3570645-%D8%AA%D8%B5%D9%85%D9%8A%D9%85-%D9%85%D8%AE%D8%B7%D8%B7-%D9%83%D9%87%D8%B1%D8%A8%D8%A7%D8%A6%D9%8A-%D9%84%D9%85%D8%A8%D9%86%D9%89-%D8%B3%D9%83%D9%86%D9%8A-%D8%A3%D9%88-%D8%A5%D8%AF%D8%A7%D8%B1%D9%8A-%D8%A8%D8%A7%D8%B3%D8%AA%D8%AE%D8%AF%D8%A7%D9%85-autocad
403 Forbidden,Non trouvé,Non trouvé,Non trouvé,Aucun avis,Inconnu,Inconnu,Aucun tag,https://khamsat.com/engineering/exterior-design/2087969-%D9%88%D8%A7%D8%AC%D9%87%D8%A7%D8%AA-%D9%85%D8%A8%D8%A7%D9%86%D9%8A-%D9%84%D9%81%D9%84%D9%84-%D8%A7%D9%88-%D8%B9%D9%85%D8%A7%D8%B1%D8%A7%D8%AA-%D9%83%D9%84%D8%A7%D8%B3%D9%8A%D9%83-%D8%A7%D9%88-%D9%85%D9%88%D8%AF%D8%B1%D9%86
403 Forbidden,Non trouvé,Non trouvé,Non trouvé,Aucun avis,Inconnu,Inconnu,Aucun tag,https://khamsat.com/engineering/architectural-plans/3040127-%D8%AA%D8%B5%D9%85%D9%8A%D9%85-%D9%85%D8%AE%D8%B7%D8%B7%D8%A7%D8%AA-%D9%88%D9%85%D8%B3%D8%A7%D9%82%D8%B7-%D9%85%D8%B9%D9%85%D8%A7%D8%B1%D9%8A%D8%A9-%D9%84%D9%83%D8%A7%D9%81%D8%A9-%D8%A3%D9%86%D9%88%D8%A7%D8%B9-%D8%A7%D9%84%D9%85%D8%A8%D8%A7%D9%86%D9%8A-%D8%A7%D9%84%D9%85%D8%AE%D8%AA%D9%84%D9%81%D8%A9
403 Forbidden,Non trouvé,Non trouvé,Non trouvé,Aucun avis,Inconnu,Inconnu,Aucun tag,https://khamsat.com/engineering/interior-design/3054669-%D8%AA%D8%B5%D9%85%D9%8A%D9%85-%D9%81%D8%B1%D8%A7%D8%BA%D8%A7%D8%AA-%D8%AF%D8%A7%D8%AE%D9%84%D9%8A%D8%A9-%D8%A8%D8%AC%D9%88%D8%AF%D8%A9-%D8%B9%D8%A7%D9%84%D9%8A%D8%A9-%D9%88%D8%A3%D9%81%D8%B6%D9%84-%D8%A7%D9%84%D8%A3%D8%B3%D8%B9%D8%A7%D8%B1
403 Forbidden,Non trouvé,Non trouvé,Non trouvé,Aucun avis,Inconnu,Inconnu,Aucun tag,https://khamsat.com/engineering/electrical-diagrams-design/3289770-%D8%AA%D8%B5%D9%85%D9%8A%D9%85-%D9%84%D9%88%D8%AD%D8%A7%D8%AA-%D9%83%D9%87%D8%B1%D8%A8%D8%A7%D8%A1-%D9%88%D9%85%D8%AE%D8%B7%D8%B7%D8%A7%D8%AA-%D8%A7%D9%84%D8%AA%D9%8A%D8%A7%D8%B1-%D8%A7%D9%84%D9%83%D9%87%D8%B1%D8%A8%D9%8A
403 Forbidden,Non trouvé,Non trouvé,Non trouvé,Aucun avis,Inconnu,Inconnu,Aucun tag,https://khamsat.com/engineering/exterior-design/1933270-%D8%AA%D8%B5%D9%85%D9%8A%D9%85-%D9%88%D8%A7%D8%AC%D9%87%D8%A7%D8%AA-%D9%81%D9%84%D9%84-%D9%88%D9%85%D8%A8%D8%A7%D9%86%D9%8A-%D9%85%D8%B9-%D8%A7%D9%84%D9%84%D8%A7%D9%86%D8%AF%D8%B3%D9%83%D9%8A%D8%A8-%D8%A7%D9%84%D8%AD%D9%88%D8%B4-%D8%AF%D8%A7%D8%AE%D9%84%D9%8A-%D9%88%D8%AE%D8%A7%D8%B1%D8%AC%D9%8A
403 Forbidden,Non trouvé,Non trouvé,Non trouvé,Aucun avis,Inconnu,Inconnu,Aucun tag,https://khamsat.com/engineering/architectural-plans/1909676-%D8%B1%D8%B3%D9%85-%D9%85%D8%AE%D8%B7%D8%B7-%D9%87%D9%86%D8%AF%D8%B3%D9%8A-%D9%85%D8%B9%D9%85%D8%A7%D8%B1%D9%8A-%D8%B9%D9%84%D9%89-%D8%A8%D8%B1%D9%86%D8%A7%D9%85%D8%AC-autocad
403 Forbidden,Non trouvé,Non trouvé,Non trouvé,Aucun avis,Inconnu,Inconnu,Aucun tag,https://khamsat.com/engineering/interior-design/705836-%D8%AA%D8%B5%D9%85%D9%8A%D9%85-%D8%AF%D8%A7%D8%AE%D9%84%D9%8A-%D8%AF%D9%8A%D9%83%D9%88%D8%B1
403 Forbidden,Non trouvé,Non trouvé,Non trouvé,Aucun avis,Inconnu,Inconnu,Aucun tag,https://khamsat.com/engineering/electrical-diagrams-design/2232635-%D8%AA%D8%B5%D9%85%D9%8A%D9%85-%D8%AC%D9%85%D9%8A%D8%B9-%D8%A7%D9%84%D8%A7%D9%86%D8%B8%D9%85%D8%A9-%D8%A7%D9%84%D9%83%D9%87%D8%B1%D8%A8%D9%8A%D9%87-%D9%85%D9%86-%D8%AA%D9%8A%D8%A7%D8%B1-%D8%AE%D9%81%D9%8A%D9%81-%D9%88-%D8%A5%D9%86%D8%A7%D8%B1%D8%A9-%D9%88-%D8%A8%D8%A7%D9%88%D8%B1
403 Forbidden,Non trouvé,Non trouvé,Non trouvé,Aucun avis,Inconnu,Inconnu,Aucun tag,https://khamsat.com/engineering/exterior-design/1932499-%D8%AA%D8%B5%D9%85%D9%8A%D9%85-%D8%A7%D9%84%D9%88%D8%A7%D8%AC%D9%87%D8%A7%D8%AA-%D9%88-%D8%A7%D9%84%D9%81%D8%B6%D8%A7%D8%A6%D8%A7%D8%AA-%D8%A7%D9%84%D8%AE%D8%A7%D8%B1%D8%AC%D9%8A%D8%A9
403 Forbidden,Non trouvé,Non trouvé,Non trouvé,Aucun avis,Inconnu,Inconnu,Aucun tag,https://khamsat.com/engineering/architectural-plans/2986517-%D8%B1%D8%B3%D9%85-%D9%85%D8%AE%D8%B7%D8%B7%D8%A7%D8%AA-%D9%87%D9%86%D8%AF%D8%B3%D9%8A%D8%A9-%D8%B9%D9%84%D9%89-%D8%A7%D9%84%D8%A7%D9%88%D8%AA%D9%88%D9%83%D8%A7%D8%AF-autocad-2d-%D8%A8%D8%B3%D8%B1%D8%B9%D8%A9-%D9%88-%D8%A7%D8%AD%D8%AA%D8%B1%D8%A7%D9%81%D9%8A%D8%A9
403 Forbidden,Non trouvé,Non trouvé,Non trouvé,Aucun avis,Inconnu,Inconnu,Aucun tag,https://khamsat.com/engineering/interior-design/3036950-%D8%AA%D8%B5%D9%85%D9%8A%D9%85-%D8%AF%D8%A7%D8%AE%D9%84%D9%8A-%D8%A7%D8%AD%D8%AA%D8%B1%D8%A7%D9%81%D9%8A-%D9%84%D9%84%D9%85%D8%B3%D8%A7%D8%AD%D8%A7%D8%AA-%D8%A7%D9%84%D8%B3%D9%83%D9%86%D9%8A%D8%A9-%D9%88%D8%A7%D9%84%D8%AA%D8%AC%D8%A7%D8%B1%D9%8A%D8%A9-%D8%A8%D8%A7%D8%B3%D8%AA%D8%AE%D8%AF%D8%A7%D9%85-3d-m
403 Forbidden,Non trouvé,Non trouvé,Non trouvé,Aucun avis,Inconnu,Inconnu,Aucun tag,https://khamsat.com/engineering/electrical-diagrams-design/2987659-%D8%AA%D8%B5%D9%85%D9%8A%D9%85-%D8%A7%D9%84%D8%A5%D8%B6%D8%A7%D8%A1%D8%A9-%D9%88%D8%B9%D9%85%D9%84-%D8%A7%D9%84%D8%AD%D8%B3%D8%A7%D8%A8%D8%A7%D8%AA-%D8%A7%D9%84%D8%A7%D8%B2%D9%85%D8%A9-%D9%84%D9%83%D9%84-%D8%A7%D9%84%D9%85%D9%86%D8%B4%D8%A7%D8%AA
403 Forbidden,Non trouvé,Non trouvé,Non trouvé,Aucun avis,Inconnu,Inconnu,Aucun tag,https://khamsat.com/engineering/exterior-design/3245135-%D8%AA%D8%B5%D9%85%D9%8A%D9%85%D8%A7%D8%AA-%D8%A7%D9%84%D9%85%D8%B9%D9%85%D8%A7%D8%B1%D9%8A%D8%A9-%D8%A8%D8%AA%D9%82%D9%86%D9%8A%D8%A9-cgi-%D9%88-vfx-%D8%AA%D8%B5%D9%88%D8%B1-%D9%88%D8%A7%D9%82%D8%B9%D9%8A-%D9%8A%D8%B3%D8%A8%D9%82-%D8%A7%D9%84%D8%AA%D9%86%D9%81%D9%8A%D8%B0
403 Forbidden,Non trouvé,Non trouvé,Non trouvé,Aucun avis,Inconnu,Inconnu,Aucun tag,https://khamsat.com/engineering/interior-design/1531040-%D8%AA%D8%B5%D9%85%D9%8A%D9%85-%D8%AF%D9%8A%D9%83%D9%88%D8%B1-%D8%AF%D8%A7%D8%AE%D9%84%D9%8A
403 Forbidden,Non trouvé,Non trouvé,Non trouvé,Aucun avis,Inconnu,Inconnu,Aucun tag,https://khamsat.com/engineering/architectural-plans/2237849-%D8%A7%D9%84%D8%B1%D8%B3%D9%85-%D8%B9%D9%84%D9%89-%D8%A7%D9%84%D8%A7%D9%88%D8%AA%D9%88%D9%83%D8%A7%D8%AF-%D9%84%D9%84%D9%85%D8%AE%D8%B7%D8%B7%D8%A7%D8%AA-%D8%A7%D9%84%D9%85%D8%B1%D8%B3%D9%88%D9%85%D8%A9-%D9%8A%D8%AF%D9%88%D9%8A%D8%A7-%D9%83%D8%B1%D9%88%D9%83%D9%8A-%D8%A7%D9%88-pdf
403 Forbidden,Non trouvé,Non trouvé,Non trouvé,Aucun avis,Inconnu,Inconnu,Aucun tag,https://khamsat.com/engineering/electrical-diagrams-design/3689005-%D8%AA%D8%B5%D9%85%D9%8A%D9%85-%D9%85%D8%AE%D8%B7%D8%B7%D8%A7%D8%AA-%D8%A7%D9%84%D9%83%D9%87%D8%B1%D8%A8%D8%A7%D8%A1-%D9%88%D8%A7%D9%84%D8%AA%D9%8A%D8%A7%D8%B1-%D8%A7%D9%84%D8%AE%D9%81%D9%8A%D9%81-%D9%88%D8%A7%D9%84%D9%85%D9%86%D8%A7%D8%B2%D9%84-%D9%84%D8%AC%D9%85%D9%8A%D8%B9-%D8%A7%D9%84%D9%85%D9%86%D8%B4%D8%A2%D8%AA
403 Forbidden,Non trouvé,Non trouvé,Non trouvé,Aucun avis,Inconnu,Inconnu,Aucun tag,https://khamsat.com/engineering/exterior-design/2298456-%D8%AA%D8%B5%D9%85%D9%8A%D9%85-%D9%88%D8%A7%D8%AC%D9%87%D8%A7%D8%AA-%D9%81%D9%84%D8%A7%D8%AA-%D9%81%D8%AE%D9%85%D8%A9-%D9%85%D8%B9-%D8%A5%D8%AE%D8%B1%D8%A7%D8%AC-%D9%88%D8%A7%D9%82%D8%B9%D9%8A-%D9%84%D9%84%D9%85%D8%B4%D8%B1%D9%88%D8%B9
403 Forbidden,Non trouvé,Non trouvé,Non trouvé,Aucun avis,Inconnu,Inconnu,Aucun tag,https://khamsat.com/engineering/interior-design/2774282-%D8%AA%D8%B5%D9%85%D9%8A%D9%85-%D9%85%D8%B7%D8%A8%D8%AE-modern-3d-kitchen-design
403 Forbidden,Non trouvé,Non trouvé,Non trouvé,Aucun avis,Inconnu,Inconnu,Aucun tag,https://khamsat.com/engineering/architectural-plans/2191472-%D9%85%D8%AE%D8%B7%D8%B7%D8%A7%D8%AA-%D9%85%D8%B4%D8%B1%D9%88%D8%B9%D9%83-%D8%A7%D9%84%D8%A7%D9%86%D8%B4%D8%A7%D8%A6%D9%8A%D8%A9-%D9%83%D8%A7%D9%85%D9%84%D8%A9-%D9%88%D9%81%D9%82-%D8%A7%D9%84%D9%83%D9%88%D8%AF-%D8%A7%D9%84%D8%B3%D8%B9%D9%88%D8%AF%D9%8A
403 Forbidden,Non trouvé,Non trouvé,Non trouvé,Aucun avis,Inconnu,Inconnu,Aucun tag,https://khamsat.com/engineering/electrical-diagrams-design/3899672-%D8%AA%D8%B5%D9%85%D9%8A%D9%85-%D9%88%D8%AA%D8%AD%D9%84%D9%8A%D9%84-%D8%AF%D9%88%D8%A7%D8%A6%D8%B1-%D8%A7%D9%84%D8%AA%D8%AD%D9%83%D9%85-classic-control
403 Forbidden,Non trouvé,Non trouvé,Non trouvé,Aucun avis,Inconnu,Inconnu,Aucun tag,https://khamsat.com/engineering/exterior-design/1888743-%D8%AA%D8%B5%D9%85%D9%8A%D9%85-%D9%88%D8%A7%D8%AC%D9%87%D8%A7%D8%AA-%D9%88%D8%AD%D8%AF%D8%A7%D8%A6%D9%82-%D9%88%D9%84%D8%A7%D9%86%D8%AF-%D8%B3%D9%83%D9%8A%D8%A8-%D9%84%D9%84%D9%81%D9%8A%D9%84%D8%A7%D8%AA-%D9%88%D8%A7%D9%84%D9%85%D8%B4%D8%A7%D8%B1%D9%8A%D8%B9-%D8%A7%D9%84%D8%AE%D8%AF%D9%85%D9%8A%D8%A9
403 Forbidden,Non trouvé,Non trouvé,Non trouvé,Aucun avis,Inconnu,Inconnu,Aucun tag,https://khamsat.com/engineering/architectural-plans/2488812-%D8%B1%D8%B3%D9%85-%D9%87%D9%86%D8%AF%D8%B3%D9%8A-%D8%B9%D9%85%D9%84-%D9%85%D8%AE%D8%B7%D8%B7%D8%A7%D8%AA-%D9%87%D9%86%D8%AF%D8%B3%D9%8A%D8%A9
403 Forbidden,Non trouvé,Non trouvé,Non trouvé,Aucun avis,Inconnu,Inconnu,Aucun tag,https://khamsat.com/engineering/interior-design/2607662-%D8%AA%D8%B5%D9%85%D9%8A%D9%85-%D8%AF%D8%A7%D8%AE%D9%84%D9%8A-%D9%85%D8%B9%D9%85%D8%A7%D8%B1%D9%8A-%D9%88%D8%AF%D9%8A%D9%83%D9%88%D8%B1-%D9%81%D9%8A-%D9%88%D9%82%D8%AA-%D9%82%D9%8A%D8%A7%D8%B3%D9%8A
403 Forbidden,Non trouvé,Non trouvé,Non trouvé,Aucun avis,Inconnu,Inconnu,Aucun tag,https://khamsat.com/engineering/electrical-diagrams-design/3222777-%D8%AA%D8%B5%D9%85%D9%8A%D9%85-%D8%A7%D9%84%D9%85%D8%AE%D8%B7%D8%B7%D8%A7%D8%AA-%D8%A7%D9%84%D9%83%D9%87%D8%B1%D8%A8%D9%8A%D8%A9-%D9%88%D9%85%D8%AE%D8%B7%D8%B7%D8%A7%D8%AA-%D8%A7%D9%84%D8%AA%D9%8A%D8%A7%D8%B1-%D8%A7%D9%84%D8%AE%D9%81%D9%8A%D9%81-%D9%84%D8%AC%D9%85%D9%8A%D8%B9-%D8%A7%D9%84%D9%85%D8%A8%D8%A7%D9%86%D9%8A
403 Forbidden,Non trouvé,Non trouvé,Non trouvé,Aucun avis,Inconnu,Inconnu,Aucun tag,https://khamsat.com/engineering/exterior-design/1667625-%D8%AA%D8%B5%D9%85%D9%8A%D9%85-%D9%85%D8%B9%D9%85%D8%A7%D8%B1%D9%8A-%D8%AB%D9%84%D8%A7%D8%AB%D9%8A-%D8%A7%D9%84%D8%A7%D8%A8%D8%B9%D8%A7%D8%AF-%D8%A8%D8%A7%D8%B3%D8%AA%D8%AE%D8%AF%D8%A7%D9%85-3ds-max
403 Forbidden,Non trouvé,Non trouvé,Non trouvé,Aucun avis,Inconnu,Inconnu,Aucun tag,https://khamsat.com/engineering/architectural-plans/2895641-%D8%AA%D8%B5%D9%85%D9%8A%D9%85-%D8%A7%D9%84%D9%85%D8%AE%D8%B7%D8%B7%D8%A7%D8%AA-%D8%A7%D9%84%D9%85%D8%B9%D9%85%D8%A7%D8%B1%D9%8A%D8%A9-%D9%88%D8%A7%D9%84%D8%AA%D9%86%D9%81%D9%8A%D8%B0%D9%8A%D8%A9-%D8%B9%D9%84%D9%8A-%D8%A7%D9%84%D8%A7%D8%AA%D9%88%D9%83%D8%A7%D8%AF-2d
403 Forbidden,Non trouvé,Non trouvé,Non trouvé,Aucun avis,Inconnu,Inconnu,Aucun tag,https://khamsat.com/engineering/interior-design/3220890-%D8%AA%D8%B5%D9%85%D9%8A%D9%85-%D9%85%D8%AE%D8%B7%D8%B7%D8%A7%D8%AA-%D8%AA%D9%86%D9%81%D9%8A%D8%B0%D9%8A%D8%A9-%D9%88%D8%AF%D9%8A%D9%83%D9%88%D8%B1-%D9%84%D8%A3%D9%8A-%D9%81%D8%B1%D8%A7%D8%BA
403 Forbidden,Non trouvé,Non trouvé,Non trouvé,Aucun avis,Inconnu,Inconnu,Aucun tag,https://khamsat.com/engineering/electrical-diagrams-design/3109539-%D8%A7%D8%B9%D8%AF%D8%A7%D8%AF-%D8%A7%D9%84%D8%AA%D8%B5%D8%A7%D9%85%D9%8A%D9%85-%D9%88%D8%A7%D9%84%D9%85%D8%AE%D8%B7%D8%B7%D8%A7%D8%AA-%D8%A7%D9%84%D9%83%D9%87%D8%B1%D8%A8%D8%A7%D8%A6%D9%8A%D8%A9-%D9%84%D9%84%D9%85%D8%A8%D8%A7%D9%86%D9%8A-%D8%A7%D9%84%D8%B3%D9%83%D9%86%D9%8A%D8%A9-%D9%88%D8%A7%D9%84%D8%AE%D8%AF%D9%85%D9%8A%D8%A9
403 Forbidden,Non trouvé,Non trouvé,Non trouvé,Aucun avis,Inconnu,Inconnu,Aucun tag,https://khamsat.com/engineering/exterior-design/1022308-%D8%AA%D8%B5%D9%85%D9%8A%D9%85-%D9%88%D8%A7%D8%AC%D9%87%D8%A7%D8%AA-%D9%84%D9%84%D9%85%D8%A8%D8%A7%D9%86%D9%89-%D8%A7%D9%84%D9%85%D8%AE%D8%AA%D9%84%D9%81%D9%87
403 Forbidden,Non trouvé,Non trouvé,Non trouvé,Aucun avis,Inconnu,Inconnu,Aucun tag,https://khamsat.com/engineering/architectural-plans/1655456-%D8%B1%D8%B3%D9%85-%D9%85%D8%AE%D8%B7%D8%B7%D8%A7%D8%AA-%D9%85%D8%B9%D9%85%D8%A7%D8%B1%D9%8A%D8%A9-%D8%B9%D9%84%D9%89-%D8%A8%D8%B1%D9%86%D8%A7%D9%85%D8%AC-%D8%A7%D9%88%D8%AA%D9%88%D9%83%D8%A7%D8%AF-%D8%A7%D9%84%D8%B4%D9%87%D9%8A%D8%B1
403 Forbidden,Non trouvé,Non trouvé,Non trouvé,Aucun avis,Inconnu,Inconnu,Aucun tag,https://khamsat.com/engineering/interior-design/3136445-%D8%AA%D8%B5%D9%85%D9%8A%D9%85-%D8%AF%D8%A7%D8%AE%D9%84%D9%8A-%D8%AB%D9%84%D8%A7%D8%AB%D9%8A-%D8%A7%D9%84%D8%A3%D8%A8%D8%B9%D8%A7%D8%AF
403 Forbidden,Non trouvé,Non trouvé,Non trouvé,Aucun avis,Inconnu,Inconnu,Aucun tag,https://khamsat.com/engineering/electrical-diagrams-design/3769400-%D8%AA%D8%B5%D9%85%D9%8A%D9%85-%D9%85%D8%AE%D8%B7%D8%B7%D8%A7%D8%AA-%D9%83%D9%87%D8%B1%D8%A8%D8%A7%D8%A6%D9%8A%D8%A9-%D8%A7%D8%AD%D8%AA%D8%B1%D8%A7%D9%81%D9%8A%D9%87-%D9%84%D9%84%D9%85%D8%A8%D8%A7%D9%86%D9%8A-%D9%88%D8%A7%D9%84%D9%85%D8%B4%D8%A7%D8%B1%D9%8A%D8%B9
403 Forbidden,Non trouvé,Non trouvé,Non trouvé,Aucun avis,Inconnu,Inconnu,Aucun tag,https://khamsat.com/engineering/exterior-design/1987189-%D8%AA%D8%B5%D9%85%D9%8A%D9%85-%D9%85%D8%B9%D9%85%D8%A7%D8%B1%D9%8A-%D8%AE%D8%A7%D8%B1%D8%AC%D9%8A-%D9%88-%D9%88%D8%A7%D8%AC%D9%87%D8%A7%D8%AA-%D8%AB%D9%84%D8%A7%D8%AB%D9%8A-%D8%A7%D9%84%D8%A7%D8%A8%D8%B9%D8%A7%D8%AF
403 Forbidden,Non trouvé,Non trouvé,Non trouvé,Aucun avis,Inconnu,Inconnu,Aucun tag,https://khamsat.com/engineering/architectural-plans/3470091-%D8%AA%D8%AD%D9%88%D9%8A%D9%84-%D8%A7%D9%8A-%D8%B3%D9%83%D9%8A%D8%AA%D8%B4-%D8%A7%D9%84%D9%89-%D9%85%D8%AE%D8%B7%D8%B7-%D9%85%D8%B9%D9%85%D8%A7%D8%B1%D9%8A-%D8%B1%D9%82%D9%85%D9%8A-%D8%AF%D9%82%D9%8A%D9%82
403 Forbidden,Non trouvé,Non trouvé,Non trouvé,Aucun avis,Inconnu,Inconnu,Aucun tag,https://khamsat.com/engineering/interior-design/2939778-%D8%AA%D8%B5%D9%85%D9%8A%D9%85-%D8%A8%D9%88%D8%AB-%D9%83%D8%B4%D9%83-booths-design
403 Forbidden,Non trouvé,Non trouvé,Non trouvé,Aucun avis,Inconnu,Inconnu,Aucun tag,https://khamsat.com/engineering/electrical-diagrams-design/3874976-%D8%AA%D8%B5%D9%85%D9%8A%D9%85-%D9%85%D8%AE%D8%B7%D8%B7%D8%A7%D8%AA-%D8%A7%D9%84%D8%A5%D8%B6%D8%A7%D8%A1%D8%A9-%D9%88%D8%A7%D9%84%D9%83%D9%87%D8%B1%D8%A8%D8%A7%D8%A1-%D9%84%D9%84%D9%85%D8%A8%D8%A7%D9%86%D9%8A
403 Forbidden,Non trouvé,Non trouvé,Non trouvé,Aucun avis,Inconnu,Inconnu,Aucun tag,https://khamsat.com/engineering/exterior-design/1512935-%D8%AA%D8%B5%D9%85%D9%8A%D9%85-%D9%88%D8%A7%D8%AC%D9%87%D8%A7%D8%AA-3d-%D9%84%D8%A3%D9%8A-%D9%85%D8%A8%D9%86%D9%89-%D9%88%D8%AA%D9%82%D8%AF%D9%8A%D9%85-%D8%B5%D9%88%D8%B1-%D8%A8%D8%AC%D9%88%D8%AF%D8%A9-%D8%B9%D8%A7%D9%84%D9%8A%D8%A9
403 Forbidden,Non trouvé,Non trouvé,Non trouvé,Aucun avis,Inconnu,Inconnu,Aucun tag,https://khamsat.com/engineering/interior-design/2731643-%D8%AA%D8%B5%D9%85%D9%8A%D9%85-%D8%AF%D8%A7%D8%AE%D9%84%D9%8A-%D9%88-%D8%AE%D8%A7%D8%B1%D8%AC%D9%8A-%D9%84%D9%83%D8%A7%D9%81%D8%A9-%D8%A7%D9%84%D9%81%D8%B1%D8%A7%D8%BA%D8%A7%D8%AA-%D8%A8%D8%AC%D9%88%D8%AF%D8%A9-%D8%B9%D8%A7%D9%84%D9%8A%D8%A9-%D9%88-%D8%A7%D8%AD%D8%AA%D8%B1%D8%A7%D9%81%D9%8A%D8%A9
403 Forbidden,Non trouvé,Non trouvé,Non trouvé,Aucun avis,Inconnu,Inconnu,Aucun tag,https://khamsat.com/engineering/architectural-plans/2047897-%D8%AA%D8%B5%D9%85%D9%8A%D9%85-%D9%85%D8%B9%D9%85%D8%A7%D8%B1%D9%89-%D9%84%D9%85%D9%86%D8%B2%D9%84%D9%83-%D8%A3%D9%88-%D9%81%D9%8A%D9%84%D8%AA%D9%83-%D8%A8%D8%A3%D8%B3%D8%AA%D8%AE%D8%AF%D8%A7%D9%85-%D8%A7%D9%84%D8%A7%D9%88%D8%AA%D9%88%D9%83%D8%A7%D8%AF
403 Forbidden,Non trouvé,Non trouvé,Non trouvé,Aucun avis,Inconnu,Inconnu,Aucun tag,https://khamsat.com/engineering/electrical-diagrams-design/3855844-%D8%AA%D8%B5%D9%85%D9%8A%D9%85-%D9%85%D8%AE%D8%B7%D8%B7%D8%A7%D8%AA-%D9%83%D8%A7%D9%81%D8%A9-%D8%A7%D9%86%D8%B8%D9%85%D8%A9-%D8%A7%D9%84%D9%83%D9%87%D8%B1%D8%A8%D8%A7%D8%A1-%D9%84%D8%AC%D9%85%D9%8A%D8%B9-%D8%A7%D9%84%D9%85%D9%86%D8%B4%D8%A2%D8%AA
403 Forbidden,Non trouvé,Non trouvé,Non trouvé,Aucun avis,Inconnu,Inconnu,Aucun tag,https://khamsat.com/engineering/exterior-design/2875691-%D8%A5%D8%B8%D9%87%D8%A7%D8%B1-%D8%A7%D9%84%D8%A5%D8%B3%D9%83%D8%AA%D8%B4%D8%A7%D8%AA-%D8%A7%D9%84%D9%85%D8%B9%D9%85%D8%A7%D8%B1%D9%8A%D8%A9-%D8%A8%D8%A7%D9%84%D8%B0%D9%83%D8%A7%D8%A1-%D8%A7%D9%84%D8%A7%D8%B5%D8%B7%D9%86%D8%A7%D8%B9%D9%8A
403 Forbidden,Non trouvé,Non trouvé,Non trouvé,Aucun avis,Inconnu,Inconnu,Aucun tag,https://khamsat.com/engineering/architectural-plans/1716943-%D8%B1%D8%B3%D9%85-%D9%85%D8%AE%D8%B7%D8%B7%D8%A7%D8%AA-%D8%A7%D9%84%D9%87%D9%86%D8%AF%D8%B3%D8%A9-%D8%A7%D9%84%D9%85%D8%B9%D9%85%D8%A7%D8%B1%D9%8A%D8%A9-%D8%A8%D9%83%D9%84-%D8%A7%D8%AD%D8%AA%D8%B1%D8%A7%D9%81%D9%8A%D8%A9
403 Forbidden,Non trouvé,Non trouvé,Non trouvé,Aucun avis,Inconnu,Inconnu,Aucun tag,https://khamsat.com/engineering/interior-design/3402556-%D8%AA%D8%B5%D9%85%D9%8A%D9%85-%D9%85%D8%AD%D9%84%D8%A7%D8%AA-%D8%AA%D8%AC%D8%A7%D8%B1%D9%8A%D8%A9-%D9%88%D9%83%D8%A7%D9%81%D9%8A%D9%87%D8%A7%D8%AA
403 Forbidden,Non trouvé,Non trouvé,Non trouvé,Aucun avis,Inconnu,Inconnu,Aucun tag,https://khamsat.com/engineering/electrical-diagrams-design/3847778-%D8%AA%D8%B5%D9%85%D9%8A%D9%85-%D9%85%D8%AE%D8%B7%D8%B7%D8%A7%D8%AA-%D9%83%D9%87%D8%B1%D8%A8%D8%A7%D8%A6%D9%8A%D8%A9-%D9%84%D9%84%D9%85%D8%A8%D8%A7%D9%86%D9%8A-%D8%A7%D9%84%D8%B3%D9%83%D9%86%D9%8A%D8%A9-%D9%88%D8%A7%D9%84%D8%AA%D8%AC%D8%A7%D8%B1%D9%8A%D8%A9
403 Forbidden,Non trouvé,Non trouvé,Non trouvé,Aucun avis,Inconnu,Inconnu,Aucun tag,https://khamsat.com/engineering/exterior-design/2753812-%D8%AA%D8%B5%D9%85%D9%8A%D9%85-%D9%88%D8%A7%D8%AC%D9%87%D8%A7%D8%AA-%D8%AE%D8%A7%D8%B1%D8%AC%D9%8A%D9%87-%D8%AD%D8%AF%D9%8A%D8%AB%D9%87-%D9%88%D8%B1%D8%A7%D9%82%D9%8A%D9%87
403 Forbidden,Non trouvé,Non trouvé,Non trouvé,Aucun avis,Inconnu,Inconnu,Aucun tag,https://khamsat.com/engineering/architectural-plans/2308968-%D8%B1%D8%B3%D9%85-%D9%88%D8%AA%D8%B5%D9%85%D9%8A%D9%85-%D8%A7%D9%84%D9%85%D8%AE%D8%B7%D8%B7%D8%A7%D8%AA-%D8%A7%D9%84%D9%87%D9%86%D8%AF%D8%B3%D9%8A%D8%A9-%D8%A8%D8%A7%D8%B3%D8%AA%D8%AE%D8%AF%D8%A7%D9%85-%D8%A8%D8%B1%D9%86%D8%A7%D9%85%D8%AC-%D8%A3%D9%88%D8%AA%D9%88%D9%83%D8%A7%D8%AF
403 Forbidden,Non trouvé,Non trouvé,Non trouvé,Aucun avis,Inconnu,Inconnu,Aucun tag,https://khamsat.com/engineering/interior-design/2859270-%D8%AA%D8%B5%D8%A7%D9%85%D9%8A%D9%85-%D9%88-%D8%AF%D9%8A%D9%83%D9%88%D8%B1%D8%A7%D8%AA-%D8%AF%D8%A7%D8%AE%D9%84%D9%8A%D8%A9-%D9%85%D9%85%D9%8A%D8%B2%D8%A9
403 Forbidden,Non trouvé,Non trouvé,Non trouvé,Aucun avis,Inconnu,Inconnu,Aucun tag,https://khamsat.com/engineering/electrical-diagrams-design/3470801-%D8%B1%D8%B3%D9%85-%D9%85%D8%AE%D8%B7%D8%B7-%D8%A5%D9%86%D8%A7%D8%B1%D8%A9-%D8%A3%D9%88-%D8%A8%D8%A7%D9%88%D8%B1-%D8%B9%D9%84%D9%89-autocad-%D9%84%D8%A3%D9%8A-%D8%B4%D9%82%D8%A9-%D8%A3%D9%88-%D9%85%D8%AD%D9%84-%D8%A8%D8%A7%D8%AD%D8%AA%D8%B1%D8%A7%D9%81%D9%8A%D8%A9
403 Forbidden,Non trouvé,Non trouvé,Non trouvé,Aucun avis,Inconnu,Inconnu,Aucun tag,https://khamsat.com/engineering/exterior-design/2254166-%D8%AA%D8%B5%D9%85%D9%8A%D9%85-%D9%85%D8%B9%D9%85%D8%A7%D8%B1%D9%89-%D8%AE%D8%A7%D8%B1%D8%AC%D9%89-%D8%A7%D8%AD%D8%AA%D8%B1%D8%A7%D9%81%D9%89-%D9%84%D9%84%D9%88%D8%A7%D8%AC%D9%87%D8%A7%D8%AA-%D8%A8%D8%A7%D8%B3%D8%AA%D8%AE%D8%AF%D8%A7%D9%85-3dsmax
403 Forbidden,Non trouvé,Non trouvé,Non trouvé,Aucun avis,Inconnu,Inconnu,Aucun tag,https://khamsat.com/engineering/architectural-plans/3115614-%D8%AA%D8%B5%D9%85%D9%8A%D9%85-%D8%A7%D9%84%D9%85%D8%AE%D8%B7%D8%B7%D8%A7%D8%AA-%D8%A7%D9%84%D9%85%D8%B9%D9%85%D8%A7%D8%B1%D9%8A%D8%A9-%D9%84%D9%84%D9%85%D8%A8%D8%A7%D9%86%D9%86%D9%89-%D8%A7%D9%84%D8%B3%D9%83%D9%86%D9%8A%D8%A9
403 Forbidden,Non trouvé,Non trouvé,Non trouvé,Aucun avis,Inconnu,Inconnu,Aucun tag,https://khamsat.com/engineering/interior-design/2835744-%D8%AA%D8%B5%D8%A7%D9%85%D9%8A%D9%85-%D9%85%D8%B9%D9%85%D8%A7%D8%B1%D9%8A%D8%A9-%D9%88%D8%AF%D9%8A%D9%83%D9%88%D8%B1%D8%A7%D8%AA-%D8%AF%D8%A7%D8%AE%D9%84%D9%8A%D8%A9
403 Forbidden,Non trouvé,Non trouvé,Non trouvé,Aucun avis,Inconnu,Inconnu,Aucun tag,https://khamsat.com/engineering/electrical-diagrams-design/3015302-%D8%B9%D9%85%D9%84-%D8%A7%D9%84%D9%85%D8%AE%D8%B7%D8%B7%D8%A7%D8%AA-%D8%A7%D9%84%D8%AA%D8%B5%D9%85%D9%8A%D9%85%D9%8A%D9%87-%D9%88%D8%A7%D9%84%D8%AA%D9%86%D9%81%D9%8A%D8%B0%D9%8A%D8%A9-%D9%84%D9%84%D9%85%D8%B4%D8%A7%D8%B1%D9%8A%D8%B9-%D8%A7%D9%84%D9%85%D8%AE%D8%AA%D9%84%D9%81%D9%87
403 Forbidden,Non trouvé,Non trouvé,Non trouvé,Aucun avis,Inconnu,Inconnu,Aucun tag,https://khamsat.com/engineering/exterior-design/1944446-%D8%AA%D8%B5%D9%85%D9%8A%D9%85-%D9%88%D8%A7%D8%AC%D9%87%D8%A9-%D9%85%D8%A8%D8%A7%D9%86%D9%89-%D9%88-%D9%85%D8%AD%D9%84%D8%A7%D8%AA-%D8%AA%D8%AC%D8%A7%D8%B1%D9%8A%D8%A9
403 Forbidden,Non trouvé,Non trouvé,Non trouvé,Aucun avis,Inconnu,Inconnu,Aucun tag,https://khamsat.com/engineering/architectural-plans/3815096-%D8%B1%D8%B3%D9%85-%D8%A8%D9%84%D8%A7%D9%86%D8%A7%D8%AA-%D9%88%D8%AA%D8%B5%D9%85%D9%8A%D9%85-%D8%AF%D8%A7%D8%AE%D9%84%D9%8A-2d-%D8%A7%D8%AD%D8%AA%D8%B1%D8%A7%D9%81%D9%8A-%D9%85%D8%B9-%D8%AA%D9%88%D8%B2%D9%8A%D8%B9-%D9%81%D8%B1%D8%B4-%D9%88%D8%A5%D8%B6%D8%A7%D8%A1%D8%A9-%D9%88%D8%AC%D8%A8%D8%B3
403 Forbidden,Non trouvé,Non trouvé,Non trouvé,Aucun avis,Inconnu,Inconnu,Aucun tag,https://khamsat.com/engineering/interior-design/2912508-%D8%AA%D8%B5%D9%85%D9%8A%D9%85-%D8%AD%D9%85%D8%A7%D9%85-%D8%AF%D8%A7%D8%AE%D9%84%D9%8A-modern-style-%D8%B1%D8%AE%D8%A7%D9%85%D9%8A
403 Forbidden,Non trouvé,Non trouvé,Non trouvé,Aucun avis,Inconnu,Inconnu,Aucun tag,https://khamsat.com/engineering/electrical-diagrams-design/3400564-%D8%AA%D8%B5%D9%85%D9%8A%D9%85-%D9%88%D9%85%D8%AD%D8%A7%D9%83%D8%A7%D8%A9-%D8%A7%D9%84%D8%AF%D9%88%D8%A7%D8%A6%D8%B1-%D8%A7%D9%84%D8%A5%D9%84%D9%83%D8%AA%D8%B1%D9%88%D9%86%D9%8A%D8%A9-%D9%88%D8%A7%D9%84%D8%A3%D9%86%D8%B8%D9%85%D8%A9-%D8%A8%D8%A7%D8%B3%D8%AA%D8%AE%D8%AF%D8%A7%D9%85-multisim
403 Forbidden,Non trouvé,Non trouvé,Non trouvé,Aucun avis,Inconnu,Inconnu,Aucun tag,https://khamsat.com/engineering/exterior-design/1743742-%D8%AA%D8%B5%D9%85%D9%8A%D9%85-%D9%88%D8%A7%D8%B8%D9%87%D8%A7%D8%B1-%D8%A7%D9%84%D9%88%D8%A7%D8%AC%D9%87%D8%A7%D8%AA-%D8%A7%D9%84%D9%85%D8%B9%D9%85%D8%A7%D8%B1%D9%8A%D9%87-%D8%A8%D8%A7%D8%AD%D8%AA%D8%B1%D8%A7%D9%81%D9%8A%D9%87
403 Forbidden,Non trouvé,Non trouvé,Non trouvé,Aucun avis,Inconnu,Inconnu,Aucun tag,https://khamsat.com/engineering/architectural-plans/1304165-%D8%AA%D8%B5%D9%85%D9%8A%D9%85-%D8%A7%D9%81%D9%83%D8%A7%D8%B1-%D9%88%D8%A7%D8%B3%D9%83%D8%AA%D8%B4%D8%A7%D8%AA-%D9%85%D8%B9%D9%85%D8%A7%D8%B1%D9%8A%D8%A9-%D9%85%D8%B1%D8%B3%D9%88%D9%85%D8%A9-%D9%87%D8%A7%D9%86%D8%AF
403 Forbidden,Non trouvé,Non trouvé,Non trouvé,Aucun avis,Inconnu,Inconnu,Aucun tag,https://khamsat.com/engineering/interior-design/2705561-%D8%AA%D8%B5%D9%85%D9%8A%D9%85-%D8%AF%D8%A7%D8%AE%D9%84%D9%89-%D9%88%D8%AF%D9%8A%D9%83%D9%88%D8%B1-%D9%84%D8%A3%D9%89-%D9%81%D8%B1%D8%A7%D8%BA-%D9%85%D8%B9%D9%85%D8%A7%D8%B1%D9%89-%D8%B5%D8%A7%D9%84%D9%87-%D8%AD%D9%85%D8%A7%D9%85-%D9%85%D8%B7%D8%A8%D8%AE
403 Forbidden,Non trouvé,Non trouvé,Non trouvé,Aucun avis,Inconnu,Inconnu,Aucun tag,https://khamsat.com/engineering/electrical-diagrams-design/3295064-%D8%A3%D8%B5%D9%85%D9%85-%D9%84%D9%83-%D9%85%D8%AE%D8%B7%D8%B7%D8%A7%D8%AA-%D9%83%D8%A7%D9%85%D9%84%D8%A9-%D9%84%D8%A3%D9%86%D8%B8%D9%85%D8%A9-%D8%A7%D9%84%D8%AA%D9%8A%D8%A7%D8%B1-%D8%A7%D9%84%D8%AE%D9%81%D9%8A%D9%81-%D8%A8%D8%A7%D8%B3%D8%AA%D8%AE%D8%AF%D8%A7%D9%85-autocad
403 Forbidden,Non trouvé,Non trouvé,Non trouvé,Aucun avis,Inconnu,Inconnu,Aucun tag,https://khamsat.com/engineering/exterior-design/3076649-%D8%AA%D8%B5%D9%85%D9%8A%D9%85-%D8%A7%D9%84%D9%88%D8%A7%D8%AC%D9%87%D8%A7%D8%AA-%D8%A7%D9%84%D9%85%D8%AB%D8%A7%D9%84%D9%8A%D8%A9-%D9%84%D9%85%D8%B4%D8%B1%D9%88%D8%B9%D9%83-%D8%A8%D9%83%D9%84-%D8%A7%D8%AD%D8%AA%D8%B1%D8%A7%D9%81%D9%8A%D8%A9
403 Forbidden,Non trouvé,Non trouvé,Non trouvé,Aucun avis,Inconnu,Inconnu,Aucun tag,https://khamsat.com/engineering/architectural-plans/2377899-%D8%B1%D8%B3%D9%85-%D9%85%D8%AE%D8%B7%D8%B7%D8%A7%D8%AA-%D9%87%D9%86%D8%AF%D8%B3%D9%8A%D8%A9-%D8%B9%D9%84%D9%89-%D8%A8%D8%B1%D9%86%D8%A7%D9%85%D8%AC-%D8%A7%D9%84%D8%A3%D9%88%D8%AA%D9%88%D9%83%D8%A7%D8%AF-%D8%A3%D9%88-%D8%A7%D9%84%D8%B1%D9%8A%D9%81%D9%8A%D8%AA
403 Forbidden,Non trouvé,Non trouvé,Non trouvé,Aucun avis,Inconnu,Inconnu,Aucun tag,https://khamsat.com/engineering/interior-design/2902121-%D8%A7%D9%84%D8%AA%D8%B5%D9%85%D9%8A%D9%85-%D8%A7%D9%84%D8%AF%D8%A7%D8%AE%D9%84%D9%8A-%D9%88%D8%A7%D9%84%D8%B9%D9%85%D8%A7%D8%B1%D8%A9-%D8%A7%D9%84%D8%AF%D8%A7%D8%AE%D9%84%D9%8A%D8%A9
403 Forbidden,Non trouvé,Non trouvé,Non trouvé,Aucun avis,Inconnu,Inconnu,Aucun tag,https://khamsat.com/engineering/electrical-diagrams-design/3016124-%D8%A7%D8%B9%D8%AF%D8%A7%D8%AF-%D8%A7%D9%84%D9%85%D8%AE%D8%B7%D8%B7%D8%A7%D8%AA-%D8%A7%D9%84%D8%AA%D8%B5%D9%85%D9%8A%D9%85%D9%8A%D9%87-%D9%84%D9%84%D9%85%D8%A8%D8%A7%D9%86%D9%8A-%D8%A7%D9%84%D9%85%D8%AE%D8%AA%D9%84%D9%81%D8%A9-%D8%A8%D8%A3%D8%B3%D8%AA%D8%AE%D8%AF%D8%A7%D9%85-%D8%A7%D9%84%D8%B1%D9%8A%D9%81%D9%8A%D8%AA
403 Forbidden,Non trouvé,Non trouvé,Non trouvé,Aucun avis,Inconnu,Inconnu,Aucun tag,https://khamsat.com/engineering/exterior-design/2738313-%D8%AA%D8%B5%D9%85%D9%8A%D9%85-%D9%88%D8%A7%D8%AC%D9%87%D8%A7%D8%AA-%D9%85%D8%B9%D9%85%D8%A7%D8%B1%D9%8A%D8%A9-%D9%85%D9%88%D8%AF%D8%B1%D9%86-%D9%84%D9%83%D9%84-%D8%A7%D9%86%D9%88%D8%A7%D8%B9-%D8%A7%D9%84%D9%85%D8%A8%D8%A7%D9%86%D9%8A-%D8%A8%D8%B4%D9%83%D9%84-%D8%A7%D8%AD%D8%AA%D8%B1%D8%A7%D9%81%D9%8A
403 Forbidden,Non trouvé,Non trouvé,Non trouvé,Aucun avis,Inconnu,Inconnu,Aucun tag,https://khamsat.com/engineering/interior-design/2822667-%D8%AA%D8%B5%D9%85%D9%8A%D9%85-%D8%AF%D8%A7%D8%AE%D9%84%D9%8A-%D8%A7%D8%AD%D8%AA%D8%B1%D8%A7%D9%81%D9%8A-%D9%88-%D9%85%D9%85%D9%8A%D8%B2
403 Forbidden,Non trouvé,Non trouvé,Non trouvé,Aucun avis,Inconnu,Inconnu,Aucun tag,https://khamsat.com/engineering/architectural-plans/2146027-%D8%B1%D8%B3%D9%85-%D9%85%D8%AE%D8%B7%D8%B7%D8%A7%D8%AA-%D9%85%D8%B9%D9%85%D8%A7%D8%B1%D9%8A%D8%A9%D8%A7%D9%86%D8%B4%D8%A7%D8%A6%D9%8A%D8%A9-%D9%84%D9%83%D8%A7%D9%81%D8%A9-%D8%A7%D9%84%D9%85%D9%86%D8%B4%D8%A2%D8%AA-%D8%A8%D8%A7%D8%B3%D8%AA%D8%AE%D8%AF%D8%A7%D9%85-autocad
403 Forbidden,Non trouvé,Non trouvé,Non trouvé,Aucun avis,Inconnu,Inconnu,Aucun tag,https://khamsat.com/engineering/electrical-diagrams-design/1531331-%D8%AA%D8%B5%D9%85%D9%8A%D9%85-%D8%A7%D9%84%D8%A7%D9%86%D8%A7%D8%B1%D8%A9-%D9%88%D8%AF%D8%B1%D8%A7%D8%B3%D8%A7%D8%AA-%D9%83%D9%87%D8%B1%D8%A8%D8%A7%D8%A6%D9%8A%D8%A9
403 Forbidden,Non trouvé,Non trouvé,Non trouvé,Aucun avis,Inconnu,Inconnu,Aucun tag,https://khamsat.com/engineering/exterior-design/2738617-%D8%AA%D8%B5%D9%85%D9%8A%D9%85-%D8%AE%D8%A7%D8%B1%D8%AC%D9%8A-%D9%85%D9%88%D8%AF%D8%B1%D9%86-%D9%84%D8%AC%D9%85%D9%8A%D8%B9-%D8%A7%D9%86%D9%88%D8%A7%D8%B9-%D8%A7%D9%84%D9%85%D8%A8%D8%A7%D9%86%D9%8A-%D8%A8%D8%B4%D9%83%D9%84-%D8%A7%D8%AD%D8%AA%D8%B1%D8%A7%D9%81%D9%8A
403 Forbidden,Non trouvé,Non trouvé,Non trouvé,Aucun avis,Inconnu,Inconnu,Aucun tag,https://khamsat.com/engineering/interior-design/3315875-%D8%AA%D8%B5%D9%85%D9%8A%D9%85-%D9%85%D8%AD%D9%84%D8%A7%D8%AA-%D8%AA%D8%AC%D8%A7%D8%B1%D9%8A%D8%A9-%D9%88%D9%85%D8%B7%D8%A7%D8%B9%D9%85-%D9%88%D9%83%D8%A7%D9%81%D9%8A%D9%87%D8%A7%D8%AA-%D9%88%D8%A8%D9%88%D8%AB%D8%A7%D8%AA-%D9%85%D8%B9%D8%A7%D8%B1%D8%B6-%D8%A8%D8%AF%D9%8A%D9%83%D9%88%D8%B1%D8%A7%D8%AA-%D8%AD%D8%AF%D9%8A%D8%AB%D8%A9
403 Forbidden,Non trouvé,Non trouvé,Non trouvé,Aucun avis,Inconnu,Inconnu,Aucun tag,https://khamsat.com/engineering/architectural-plans/3826958-%D8%AA%D8%B5%D9%85%D9%8A%D9%85-%D9%85%D8%AE%D8%B7%D8%B7-%D9%85%D8%B9%D9%85%D8%A7%D8%B1%D9%8A-%D8%A7%D8%AD%D8%AA%D8%B1%D8%A7%D9%81%D9%8A-2d-%D9%883d-%D9%84%D8%B4%D9%82%D8%AA%D9%83-%D8%A3%D9%88-%D9%81%D9%8A%D9%84%D8%AA%D9%83
403 Forbidden,Non trouvé,Non trouvé,Non trouvé,Aucun avis,Inconnu,Inconnu,Aucun tag,https://khamsat.com/engineering/electrical-diagrams-design/2874848-%D8%AA%D8%B5%D9%85%D9%8A%D9%85-%D9%88%D8%AA%D9%88%D8%B2%D9%8A%D8%B9-%D9%83%D9%87%D8%B1%D8%A8%D9%8A-%D9%84%D8%AC%D9%85%D9%8A%D8%B9-%D8%A7%D9%84%D9%85%D9%86%D8%B4%D8%A6%D8%A7%D8%AA-%D8%A7%D9%84%D8%B3%D9%83%D9%86%D9%8A%D9%87-%D9%88%D8%A7%D9%84%D8%AA%D8%AC%D8%A7%D8%B1%D9%8A%D9%87
403 Forbidden,Non trouvé,Non trouvé,Non trouvé,Aucun avis,Inconnu,Inconnu,Aucun tag,https://khamsat.com/engineering/exterior-design/1934220-%D8%AA%D8%B5%D9%85%D9%8A%D9%85-%D9%88%D8%A7%D8%AC%D9%87%D8%A7%D8%AA-%D9%85%D8%B9%D9%85%D8%A7%D8%B1%D9%8A%D8%A9-%D9%85%D9%85%D9%8A%D8%B2%D8%A9-%D9%85%D9%88%D8%AF%D8%B1%D9%86-%D9%88%D9%83%D9%84%D8%A7%D8%B3%D9%8A%D9%83%D9%8A%D8%A9-%D9%83%D9%84-2-%D9%85%D8%AA%D8%B1-%D9%85%D8%B1%D8%A8%D8%B9
403 Forbidden,Non trouvé,Non trouvé,Non trouvé,Aucun avis,Inconnu,Inconnu,Aucun tag,https://khamsat.com/engineering/architectural-plans/3029374-%D8%AA%D8%B5%D9%85%D9%8A%D9%85-%D9%85%D8%AE%D8%B7%D8%B7-%D9%85%D8%B9%D9%85%D8%A7%D8%B1%D9%89-%D8%B3%D9%83%D9%86%D9%8A-%D8%AA%D8%AC%D8%A7%D8%B1%D9%89-%D8%A8%D8%A7%D8%B3%D8%AA%D8%AE%D8%AF%D8%A7%D9%85-%D8%A7%D9%88%D8%AA%D9%88%D9%83%D8%A7%D8%AF-%D9%88%D8%B1%D9%8A%D9%81%D9%8A%D8%AA
403 Forbidden,Non trouvé,Non trouvé,Non trouvé,Aucun avis,Inconnu,Inconnu,Aucun tag,https://khamsat.com/engineering/interior-design/2465975-%D8%AA%D8%B5%D9%85%D9%8A%D9%85-%D8%AF%D9%8A%D9%83%D9%88%D8%B1-%D8%AF%D8%A7%D8%AE%D9%84%D9%8A-%D8%A8%D8%B7%D8%B1%D8%A7%D8%B2-%D9%86%D9%8A%D9%88-%D9%83%D9%84%D8%A7%D8%B3%D9%8A%D9%83
403 Forbidden,Non trouvé,Non trouvé,Non trouvé,Aucun avis,Inconnu,Inconnu,Aucun tag,https://khamsat.com/engineering/electrical-diagrams-design/3292812-%D8%A3%D9%86%D8%B8%D9%85%D8%A9-%D8%AA%D8%B5%D9%85%D9%8A%D9%85-%D9%85%D8%AE%D8%B7%D8%B7%D8%A7%D8%AA-%D8%A7%D9%84%D8%AA%D9%83%D9%8A%D9%8A%D9%81-%D9%88%D8%A7%D9%84%D8%AA%D8%A8%D8%B1%D9%8A%D8%AF
403 Forbidden,Non trouvé,Non trouvé,Non trouvé,Aucun avis,Inconnu,Inconnu,Aucun tag,https://khamsat.com/engineering/exterior-design/2793108-%D8%AA%D8%B5%D8%A7%D9%85%D9%8A%D9%85-%D9%88%D9%85%D8%AE%D8%B7%D8%B7%D8%A7%D8%AA-%D9%84%D9%85%D8%B4%D8%A7%D8%B1%D9%8A%D8%B9-%D9%85%D8%B9%D9%85%D8%A7%D8%B1%D9%8A%D8%A9-%D8%AF%D8%A7%D8%AE%D9%84%D9%8A%D8%A9-%D9%88%D8%AE%D8%A7%D8%B1%D8%AC%D9%8A%D8%A9
403 Forbidden,Non trouvé,Non trouvé,Non trouvé,Aucun avis,Inconnu,Inconnu,Aucun tag,https://khamsat.com/engineering/interior-design/2100093-%D8%A7%D9%84%D8%AA%D8%B5%D9%85%D9%8A%D9%85-%D9%88-%D8%A7%D9%84%D8%AF%D9%8A%D9%83%D9%88%D8%B1-%D8%A7%D9%84%D8%AF%D8%A7%D8%AE%D9%84%D9%8A-%D9%84%D9%84%D9%81%D8%B1%D8%A7%D8%BA%D8%A7%D8%AA-%D8%A7%D9%84%D8%B3%D9%83%D9%86%D9%8A%D8%A9
403 Forbidden,Non trouvé,Non trouvé,Non trouvé,Aucun avis,Inconnu,Inconnu,Aucun tag,https://khamsat.com/engineering/architectural-plans/1994396-%D8%AA%D8%B5%D9%85%D9%8A%D9%85-%D9%85%D8%AE%D8%B7%D8%B7%D8%A7%D8%AA-%D9%85%D8%B9%D9%85%D8%A7%D8%B1%D9%8A%D8%A9-%D8%A8%D8%B4%D9%83%D9%84-%D9%85%D8%AD%D8%AA%D8%B1%D9%81-%D9%88%D8%A8%D8%AF%D9%82%D8%A9-%D8%B9%D8%A7%D9%84%D9%8A%D8%A9
403 Forbidden,Non trouvé,Non trouvé,Non trouvé,Aucun avis,Inconnu,Inconnu,Aucun tag,https://khamsat.com/engineering/electrical-diagrams-design/3785185-%D8%B9%D9%85%D9%84-%D8%AA%D8%B5%D9%85%D9%8A%D9%85%D8%A7%D8%AA-%D9%83%D9%87%D8%B1%D8%A8%D8%A7%D8%A6%D9%8A%D8%A9-%D9%88%D8%B9%D9%85%D9%84-%D8%AF%D8%B1%D8%A7%D8%B3%D8%A9-%D9%84%D9%87%D8%A7
403 Forbidden,Non trouvé,Non trouvé,Non trouvé,Aucun avis,Inconnu,Inconnu,Aucun tag,https://khamsat.com/engineering/architectural-visualization/2526729-%D8%AA%D8%AD%D9%88%D9%8A%D9%84-%D9%85%D8%AE%D8%B7%D8%B7%D8%A7%D8%AA-%D9%85%D9%86-2d-%D8%A5%D9%84%D9%89-3d-%D8%A8%D8%B7%D8%B1%D9%8A%D9%82%D8%A9-%D8%AA%D8%B3%D9%88%D9%8A%D9%82%D9%8A%D8%A9-%D8%A7%D8%AD%D8%AA%D8%B1%D8%A7%D9%81%D9%8A%D8%A9
403 Forbidden,Non trouvé,Non trouvé,Non trouvé,Aucun avis,Inconnu,Inconnu,Aucun tag,https://khamsat.com/engineering/architectural-plans/3526867-%D8%AA%D8%AD%D9%88%D9%8A%D9%84-%D9%85%D9%84%D9%81%D8%A7%D8%AA-pdf-%D8%A3%D9%88-%D8%B5%D9%88%D8%B1-%D8%A5%D9%84%D9%89-%D8%B1%D8%B3%D9%88%D9%85%D8%A7%D8%AA-%D8%A3%D9%88%D8%AA%D9%88%D9%83%D8%A7%D8%AF-cad-%D8%A7%D9%88-revit-%D8%B9%D8%A7%D9%84%D9%8A%D8%A9
403 Forbidden,Non trouvé,Non trouvé,Non trouvé,Aucun avis,Inconnu,Inconnu,Aucun tag,https://khamsat.com/engineering/interior-design/3298977-%D8%AA%D8%B5%D9%85%D9%8A%D9%85-%D9%81%D8%B1%D8%A7%D8%BA%D8%A7%D8%AA-%D8%AF%D8%A7%D8%AE%D9%84%D9%8A%D8%A9-%D8%A8%D8%AC%D9%88%D8%AF%D8%A9-%D8%B9%D8%A7%D9%84%D9%8A%D8%A9
403 Forbidden,Non trouvé,Non trouvé,Non trouvé,Aucun avis,Inconnu,Inconnu,Aucun tag,https://khamsat.com/engineering/electrical-diagrams-design/2877310-%D8%B9%D9%85%D9%84-%D8%AA%D8%B5%D9%85%D9%8A%D9%85-%D9%84%D8%A3%D9%86%D8%B8%D9%85%D9%87-%D8%A7%D9%84%D8%AA%D9%8A%D8%A7%D8%B1-%D8%A7%D9%84%D8%AE%D9%81%D9%8A%D9%81-light-current
403 Forbidden,Non trouvé,Non trouvé,Non trouvé,Aucun avis,Inconnu,Inconnu,Aucun tag,https://khamsat.com/engineering/architectural-visualization/1751664-%D8%AA%D8%B5%D9%85%D9%8A%D9%85-%D9%88%D8%A7%D8%B8%D9%87%D8%A7%D8%B1-%D9%85%D8%B9%D9%85%D8%A7%D8%B1%D9%8A-%D9%84%D9%81%D8%B1%D8%A7%D8%BA%D8%A7%D8%AA-%D8%AF%D8%A7%D8%AE%D9%84%D9%8A%D8%A9-%D8%A7%D9%88%D8%AE%D8%A7%D8%B1%D8%AC%D9%8A%D8%A9
403 Forbidden,Non trouvé,Non trouvé,Non trouvé,Aucun avis,Inconnu,Inconnu,Aucun tag,https://khamsat.com/engineering/architectural-plans/2992185-%D8%B1%D8%B3%D9%85-%D9%84%D9%88%D8%AD%D8%A7%D8%AA-2d-3d-%D8%B9%D9%84%D9%89-%D8%A7%D9%84%D8%B1%D9%8A%D9%81%D9%8A%D8%AA-%D8%A7%D9%84%D8%A5%D9%86%D8%B4%D8%A7%D8%A6%D9%8A-%D8%A8%D8%A5%D8%AD%D8%AA%D8%B1%D8%A7%D9%81%D9%8A%D8%A9-%D9%88%D8%A5%D8%AA%D9%82%D8%A7%D9%86
403 Forbidden,Non trouvé,Non trouvé,Non trouvé,Aucun avis,Inconnu,Inconnu,Aucun tag,https://khamsat.com/engineering/interior-design/3452762-%D8%A8%D9%84%D9%88%D9%83%D8%A7%D8%AA-%D8%AE%D8%B2%D8%A7%D8%A6%D9%86-%D8%AC%D8%AF%D8%A7%D8%B1%D9%8A%D8%A9-%D9%84%D8%A8%D8%B1%D9%86%D8%A7%D9%85%D8%AC-%D8%A7%D9%84%D8%B1%D8%A7%D9%8A%D9%86%D9%88-%D8%A7%D9%84%D9%85%D8%B9%D9%85%D8%A7%D8%B1%D9%8A
403 Forbidden,Non trouvé,Non trouvé,Non trouvé,Aucun avis,Inconnu,Inconnu,Aucun tag,https://khamsat.com/engineering/electrical-diagrams-design/3785817-%D8%AA%D8%B5%D9%85%D9%8A%D9%85%D8%A7%D8%AA-%D8%A7%D9%84%D9%83%D9%87%D8%B1%D8%A8%D9%8A%D8%A9-%D9%88-%D8%A7%D9%84%D9%85%D8%B9%D9%85%D8%A7%D8%B1%D9%8A
403 Forbidden,Non trouvé,Non trouvé,Non trouvé,Aucun avis,Inconnu,Inconnu,Aucun tag,https://khamsat.com/engineering/architectural-visualization/2732678-%D8%A7%D9%84%D8%A5%D8%B8%D9%87%D8%A7%D8%B1-%D8%A7%D9%84%D9%85%D8%B9%D9%85%D8%A7%D8%B1%D9%8A-%D8%A8%D8%A8%D8%B1%D9%86%D8%A7%D9%85%D8%AC-%D8%A7%D9%84%D9%81%D9%88%D8%AA%D9%88%D8%B4%D9%88%D8%A8
403 Forbidden,Non trouvé,Non trouvé,Non trouvé,Aucun avis,Inconnu,Inconnu,Aucun tag,https://khamsat.com/engineering/architectural-plans/1629412-%D8%B9%D9%85%D9%84-%D8%AA%D9%82%D8%B3%D9%8A%D9%85-%D9%85%D8%B9%D9%85%D8%A7%D8%B1%D9%8A-%D9%88%D8%AA%D8%B5%D9%85%D9%8A%D9%85-%D8%A7%D9%86%D8%B4%D8%A7%D8%A6%D9%8A
403 Forbidden,Non trouvé,Non trouvé,Non trouvé,Aucun avis,Inconnu,Inconnu,Aucun tag,https://khamsat.com/engineering/interior-design/2504682-%D8%AA%D8%B5%D9%85%D9%8A%D9%85-%D8%AF%D8%A7%D8%AE%D9%84%D9%89-%D9%88%D9%85%D8%B9%D9%85%D8%A7%D8%B1%D9%89-%D8%AA%D8%B5%D8%A7%D9%85%D9%8A%D9%85-%D9%88-%D8%AF%D9%8A%D9%83%D9%88%D8%B1%D8%A7%D8%AA-%D8%AF%D8%A7%D8%AE%D9%84%D9%8A%D8%A9-%D9%81%D8%AE%D9%85%D8%A9-%D9%88-%D8%B9%D8%B5%D8%B1%D9%8A%D8%A9
403 Forbidden,Non trouvé,Non trouvé,Non trouvé,Aucun avis,Inconnu,Inconnu,Aucun tag,https://khamsat.com/engineering/electrical-diagrams-design/3821232-%D8%A5%D8%B9%D8%AF%D8%A7%D8%AF-%D9%85%D8%AE%D8%B7%D8%B7%D8%A7%D8%AA-%D8%A7%D9%84%D9%83%D9%87%D8%B1%D8%A8%D8%A7%D8%A1-%D9%88%D8%A7%D9%84%D8%AA%D9%8A%D8%A7%D8%B1-%D8%A7%D9%84%D8%AE%D9%81%D9%8A%D9%81-%D9%84%D9%85%D8%B4%D8%A7%D8%B1%D9%8A%D8%B9%D9%83-%D8%B9%D9%84%D9%89-%D8%A7%D9%84%D8%A3%D9%88%D8%AA%D9%88%D9%83%D8%A7%D8%AF
403 Forbidden,Non trouvé,Non trouvé,Non trouvé,Aucun avis,Inconnu,Inconnu,Aucun tag,https://khamsat.com/engineering/architectural-visualization/3064889-3d-plan-%D8%AA%D8%AD%D9%88%D9%8A%D9%84-%D8%A7%D9%84%D9%85%D8%AE%D8%B7%D8%B7%D8%A7%D8%AA-%D8%A7%D9%84%D9%85%D8%B9%D9%85%D8%A7%D8%B1%D9%8A%D8%A9-%D9%85%D9%86-2d-%D8%A7%D9%84%D9%89-3d
403 Forbidden,Non trouvé,Non trouvé,Non trouvé,Aucun avis,Inconnu,Inconnu,Aucun tag,https://khamsat.com/engineering/architectural-plans/1796535-%D9%85%D8%AE%D8%B7%D8%B7%D8%A7%D8%AA-%D9%85%D8%B4%D8%B1%D9%88%D8%B9%D9%83-%D8%A7%D9%84%D8%A7%D9%86%D8%B4%D8%A7%D8%A6%D9%8A%D8%A9-%D9%83%D8%A7%D9%85%D9%84%D8%A9-%D9%88%D9%81%D9%82-%D8%A7%D9%84%D9%83%D9%88%D8%AF-%D8%A7%D9%84%D8%B3%D8%B9%D9%88%D8%AF%D9%8A
403 Forbidden,Non trouvé,Non trouvé,Non trouvé,Aucun avis,Inconnu,Inconnu,Aucun tag,https://khamsat.com/engineering/interior-design/3024846-%D8%AA%D8%B5%D9%85%D9%8A%D9%85-%D8%AF%D8%A7%D8%AE%D9%84%D9%8A-%D8%B3%D9%83%D9%86%D9%8A-%D9%85%D9%83%D8%A7%D8%AA%D8%A8-%D9%83%D8%A7%D9%81%D9%8A%D9%87%D8%A7%D8%AA-%D8%A8%D8%A7%D8%B3%D8%B9%D8%A7%D8%B1-%D9%85%D9%86%D8%A7%D8%B3%D8%A8%D8%A9
403 Forbidden,Non trouvé,Non trouvé,Non trouvé,Aucun avis,Inconnu,Inconnu,Aucun tag,https://khamsat.com/engineering/electrical-diagrams-design/3683012-%D8%AA%D8%B5%D9%85%D9%8A%D9%85-%D9%88%D8%B4%D9%88%D8%A8-%D8%AF%D8%B1%D9%88%D9%8A%D9%86%D8%AC-%D9%84%D8%A7%D9%86%D8%B8%D9%85%D8%A9-%D8%A7%D9%84%D9%83%D9%87%D8%B1%D8%A8%D9%8A%D9%87
403 Forbidden,Non trouvé,Non trouvé,Non trouvé,Aucun avis,Inconnu,Inconnu,Aucun tag,https://khamsat.com/engineering/architectural-visualization/2785852-%D8%B1%D8%B3%D9%85-%D9%88%D8%AA%D8%B5%D9%85%D9%8A%D9%85-%D9%88%D8%A7%D8%B8%D9%87%D8%A7%D8%B1-%D8%A7%D9%84%D9%85%D8%AE%D8%B7%D8%B7%D8%A7%D8%AA-%D8%A7%D9%84%D9%85%D8%B9%D9%85%D8%A7%D8%B1%D9%8A%D8%A9-2d-%D9%88%D9%86%D9%85%D8%B0%D8%AC%D8%AA%D9%87%D8%A7-%D8%A7%D9%84%D9%89-3d
403 Forbidden,Non trouvé,Non trouvé,Non trouvé,Aucun avis,Inconnu,Inconnu,Aucun tag,https://khamsat.com/engineering/architectural-plans/2284457-%D8%B1%D8%B3%D9%85-%D9%85%D8%AE%D8%B7%D8%B7%D8%A7%D8%AA-%D9%85%D8%B9%D9%85%D8%A7%D8%B1%D9%8A%D8%A9-2d-%D8%B9%D9%84%D9%89-%D8%A8%D8%B1%D9%86%D8%A7%D9%85%D8%AC-%D8%A7%D9%84%D8%A7%D9%88%D8%AA%D9%88%D9%83%D8%A7%D8%AF
403 Forbidden,Non trouvé,Non trouvé,Non trouvé,Aucun avis,Inconnu,Inconnu,Aucun tag,https://khamsat.com/engineering/interior-design/3088509-%D8%AA%D8%B5%D8%A7%D9%85%D9%8A%D9%85-%D8%AF%D9%8A%D9%83%D9%88%D8%B1%D8%A7%D8%AA-%D9%85%D8%B9%D9%85%D8%A7%D8%B1%D9%8A%D8%A9-%D8%AF%D8%A7%D8%AE%D9%84%D9%8A%D8%A9-%D9%85%D9%88%D8%AF%D8%B1%D9%86-%D8%A8%D9%88%D8%A7%D8%B3%D8%B7%D8%A9-3d-max
403 Forbidden,Non trouvé,Non trouvé,Non trouvé,Aucun avis,Inconnu,Inconnu,Aucun tag,https://khamsat.com/engineering/electrical-diagrams-design/3815652-%D8%AA%D8%B5%D9%85%D9%8A%D9%85-%D8%AC%D9%85%D9%8A%D8%B9-%D8%A7%D9%84%D8%A7%D9%86%D8%B8%D9%85%D8%A9-%D8%A7%D9%84%D9%83%D9%87%D8%B1%D8%A8%D8%A7%D8%A6%D9%8A%D8%A9-%D9%88%D8%A3%D9%86%D8%B8%D9%85%D8%A9-%D8%A7%D9%84%D8%AA%D9%8A%D8%A7%D8%B1-%D8%A7%D9%84%D8%AE%D9%81%D9%8A%D9%81-autocad
403 Forbidden,Non trouvé,Non trouvé,Non trouvé,Aucun avis,Inconnu,Inconnu,Aucun tag,https://khamsat.com/engineering/architectural-visualization/2128350-%D8%AA%D8%B5%D9%85%D9%8A%D9%85-%D8%AE%D8%A7%D8%B1%D8%AD%D9%8A-%D9%88%D8%A7%D8%AC%D9%87%D8%A7%D8%AA-%D8%A7%D8%B8%D9%87%D8%A7%D8%B1-%D8%AB%D9%84%D8%A7%D8%AB%D9%8A-%D8%A7%D9%84%D8%A7%D8%A8%D8%B9%D8%A7%D8%AF-%D9%88%D8%A7%D9%82%D8%B9%D9%8A-%D8%A7%D8%AD%D8%AA%D8%B1%D8%A7%D9%81%D9%89
403 Forbidden,Non trouvé,Non trouvé,Non trouvé,Aucun avis,Inconnu,Inconnu,Aucun tag,https://khamsat.com/engineering/architectural-plans/3218316-%D8%B1%D8%B3%D9%85-%D9%88-%D8%AA%D8%B9%D8%AF%D9%8A%D9%84-%D8%A7%D9%84%D9%85%D8%AE%D8%B7%D8%B7%D8%A7%D8%AA-%D8%A7%D9%84%D9%87%D9%86%D8%AF%D8%B3%D9%8A%D8%A9-%D8%B9%D9%84%D9%8A-autocad-%D9%88-revit
403 Forbidden,Non trouvé,Non trouvé,Non trouvé,Aucun avis,Inconnu,Inconnu,Aucun tag,https://khamsat.com/engineering/interior-design/1553167-%D8%AA%D8%B5%D9%85%D9%8A%D9%85-%D9%85%D8%B9%D9%85%D8%A7%D8%B1%D9%8A-%D8%AE%D8%A7%D8%B1%D8%AC%D9%8A-%D9%88%D8%AF%D9%8A%D9%83%D9%88%D8%B1-%D8%AF%D8%A7%D8%AE%D9%84%D9%8A-%D8%AB%D8%B1%D9%8A-%D8%AF%D9%8A
403 Forbidden,Non trouvé,Non trouvé,Non trouvé,Aucun avis,Inconnu,Inconnu,Aucun tag,https://khamsat.com/engineering/electrical-diagrams-design/3625208-%D8%A5%D8%B9%D8%AF%D8%A7%D8%AF-%D9%88%D8%AA%D8%B5%D9%85%D9%8A%D9%85-%D8%A7%D9%84%D8%A3%D8%B9%D9%85%D8%A7%D9%84-%D8%A7%D9%84%D9%83%D9%87%D8%B1%D8%A8%D8%A7%D8%A6%D9%8A%D8%A9-autocad
403 Forbidden,Non trouvé,Non trouvé,Non trouvé,Aucun avis,Inconnu,Inconnu,Aucun tag,https://khamsat.com/engineering/architectural-visualization/2214241-%D8%B1%D8%B3%D9%85-%D9%88%D8%A7%D8%B8%D9%87%D8%A7%D8%B1-%D8%A7%D9%8A-%D9%85%D8%AE%D8%B7%D8%B7-%D9%85%D8%B9%D9%85%D8%A7%D8%B1%D9%8A-%D8%A8%D8%B4%D9%83%D9%84-3d-%D9%88-2d-%D8%A7%D8%AD%D8%AA%D8%B1%D8%A7%D9%81%D9%8A
403 Forbidden,Non trouvé,Non trouvé,Non trouvé,Aucun avis,Inconnu,Inconnu,Aucun tag,https://khamsat.com/engineering/interior-design/2254587-%D8%AA%D8%B5%D9%85%D9%8A%D9%85-%D8%AF%D8%A7%D8%AE%D9%84%D9%89-%D9%88%D8%AA%D8%B5%D9%85%D9%8A%D9%85-%D8%A7%D9%84%D8%A7%D8%AB%D8%A7%D8%AB
403 Forbidden,Non trouvé,Non trouvé,Non trouvé,Aucun avis,Inconnu,Inconnu,Aucun tag,https://khamsat.com/engineering/architectural-plans/3823338-%D8%B3%D8%A3%D8%B5%D9%85%D9%85-%D9%84%D9%83-%D9%85%D8%AE%D8%B7%D8%B7%D8%A7-%D9%85%D8%B9%D9%85%D8%A7%D8%B1%D9%8A%D8%A7-%D8%A8%D8%A7%D8%B3%D8%AA%D8%AE%D8%AF%D8%A7%D9%85-sketchup-autocad
403 Forbidden,Non trouvé,Non trouvé,Non trouvé,Aucun avis,Inconnu,Inconnu,Aucun tag,https://khamsat.com/engineering/electrical-diagrams-design/3402132-%D8%A7%D9%84%D9%84%D9%88%D8%AD%D8%A7%D8%AA-%D8%A7%D9%84%D8%AA%D9%86%D9%81%D9%8A%D8%B0%D9%8A%D8%A9-%D9%84%D8%A3%D9%8A-%D9%85%D8%A8%D9%86%D9%8A-%D8%A3%D8%AF%D8%A7%D8%B1%D9%8A-%D8%B3%D9%83%D9%86%D9%8A-%D8%AA%D8%AC%D8%A7%D8%B1%D9%8A
403 Forbidden,Non trouvé,Non trouvé,Non trouvé,Aucun avis,Inconnu,Inconnu,Aucun tag,https://khamsat.com/engineering/architectural-visualization/2370852-%D8%A5%D8%B8%D9%87%D8%A7%D8%B1-%D9%85%D8%B3%D8%A7%D9%82%D8%B7-%D9%88%D8%A8%D9%84%D8%A7%D9%86%D8%A7%D8%AA-%D9%85%D8%B9%D9%85%D8%A7%D8%B1%D9%8A%D8%A9-2d
403 Forbidden,Non trouvé,Non trouvé,Non trouvé,Aucun avis,Inconnu,Inconnu,Aucun tag,https://khamsat.com/engineering/architectural-plans/2263526-%D8%B1%D8%B3%D9%85-%D9%85%D8%AE%D8%B7%D8%B7%D8%A7%D8%AA-%D9%87%D9%86%D8%AF%D8%B3%D9%8A%D8%A9-%D8%B9%D9%84%D9%8A-%D8%A8%D8%B1%D9%86%D8%A7%D9%85%D8%AC-%D8%A7%D9%88%D8%AA%D9%88%D9%83%D8%A7%D8%AF-autocad-2d
403 Forbidden,Non trouvé,Non trouvé,Non trouvé,Aucun avis,Inconnu,Inconnu,Aucun tag,https://khamsat.com/engineering/interior-design/2771347-%D8%AA%D8%B5%D9%85%D9%8A%D9%85-%D8%BA%D8%B1%D9%81%D8%A9-%D8%A7%D9%84%D9%85%D9%84%D8%A7%D8%A8%D8%B3-%D8%A3%D9%88-%D8%AE%D8%B2%D8%A7%D9%86%D8%A9-%D8%A7%D9%84%D9%85%D9%84%D8%A7%D8%A8%D8%B3
403 Forbidden,Non trouvé,Non trouvé,Non trouvé,Aucun avis,Inconnu,Inconnu,Aucun tag,https://khamsat.com/engineering/electrical-diagrams-design/3818809-%D8%AA%D8%B5%D9%85%D9%8A%D9%85-%D8%AC%D9%85%D9%8A%D8%B9-%D8%A7%D9%84%D8%A7%D9%86%D8%B8%D9%85%D8%A9-%D8%A7%D9%84%D9%83%D9%87%D8%B1%D8%A8%D9%8A%D8%A9-%D9%88%D8%A3%D9%86%D8%B8%D9%85%D8%A9-%D8%A7%D9%84%D8%AA%D9%8A%D8%A7%D8%B1-%D8%A7%D9%84%D8%AE%D9%81%D9%8A%D9%81-revit
403 Forbidden,Non trouvé,Non trouvé,Non trouvé,Aucun avis,Inconnu,Inconnu,Aucun tag,https://khamsat.com/engineering/architectural-visualization/3469717-%D8%B1%D8%B3%D9%85-%D8%B3%D9%83%D9%8A%D8%AA%D8%B4%D8%A7%D8%AA-%D9%85%D8%B9%D9%85%D8%A7%D8%B1%D9%8A%D8%A9-%D9%8A%D8%AF%D9%88%D9%8A%D8%A9-%D8%A8%D8%B7%D8%B1%D9%8A%D9%82%D8%A9-%D9%85%D9%85%D9%8A%D8%B2%D8%A9-%D9%88%D8%A7%D8%B8%D9%87%D8%A7%D8%B1%D9%87%D8%A7-%D8%A8%D8%A7%D9%84%D8%AD%D8%A8%D8%B1
403 Forbidden,Non trouvé,Non trouvé,Non trouvé,Aucun avis,Inconnu,Inconnu,Aucun tag,https://khamsat.com/engineering/interior-design/2442311-%D8%AA%D8%B5%D9%85%D9%8A%D9%85-%D8%AF%D8%A7%D8%AE%D9%84%D9%89-%D9%88%D8%A7%D8%AB%D8%A7%D8%AB-%D8%A8%D8%AC%D9%85%D9%8A%D8%B9-%D8%A7%D9%86%D9%88%D8%A7%D8%B9%D9%87-%D8%B3%D9%83%D8%A7%D9%86%D9%89-%D8%AA%D8%AC%D8%A7%D8%B1%D9%89-%D9%85%D8%B7%D8%A7%D8%B9%D9%85
403 Forbidden,Non trouvé,Non trouvé,Non trouvé,Aucun avis,Inconnu,Inconnu,Aucun tag,https://khamsat.com/engineering/architectural-plans/2054172-%D8%B1%D8%B3%D9%85-%D8%A7%D9%84%D9%85%D8%AE%D8%B7%D8%B7%D8%A7%D8%AA-%D8%A7%D9%84%D9%87%D9%86%D8%AF%D8%B3%D9%8A%D8%A9-%D8%B9%D9%84%D9%89-%D8%A8%D8%B1%D9%86%D8%A7%D9%85%D8%AC-%D8%A7%D9%84%D8%A3%D9%88%D8%AA%D9%88%D9%83%D8%A7%D8%AF
403 Forbidden,Non trouvé,Non trouvé,Non trouvé,Aucun avis,Inconnu,Inconnu,Aucun tag,https://khamsat.com/engineering/electrical-diagrams-design/3048426-%D8%AA%D8%B5%D9%85%D9%8A%D9%85-%D8%A7%D9%84%D8%A3%D8%B9%D9%85%D8%A7%D9%84-%D8%A7%D9%84%D9%83%D9%87%D8%B1%D8%A8%D9%8A%D9%87-%D9%88%D8%A7%D9%84%D8%A5%D9%86%D8%A7%D8%B1%D9%87
403 Forbidden,Non trouvé,Non trouvé,Non trouvé,Aucun avis,Inconnu,Inconnu,Aucun tag,https://khamsat.com/engineering/architectural-visualization/3469950-%D8%A7%D8%B8%D9%87%D8%A7%D8%B1-%D9%85%D8%B9%D9%85%D8%A7%D8%B1%D9%8A-%D9%88%D8%A7%D8%B6%D8%AD-%D9%88%D8%AC%D8%B0%D8%A7%D8%A8-%D9%84%D9%84%D9%85%D8%B4%D8%A7%D8%B1%D9%8A%D8%B9
403 Forbidden,Non trouvé,Non trouvé,Non trouvé,Aucun avis,Inconnu,Inconnu,Aucun tag,https://khamsat.com/engineering/architectural-plans/1271875-%D8%B1%D8%B3%D9%85-%D9%85%D8%B9%D9%85%D8%A7%D8%B1%D9%89-%D8%B9%D9%84%D9%89-%D8%A7%D9%84%D8%A7%D8%AA%D9%88%D9%83%D8%A7%D8%AF-%D9%88%D8%A7%D9%84%D8%B1%D9%8A%D9%81%D9%8A%D8%AA
403 Forbidden,Non trouvé,Non trouvé,Non trouvé,Aucun avis,Inconnu,Inconnu,Aucun tag,https://khamsat.com/engineering/interior-design/2454285-%D8%AA%D8%B5%D9%85%D9%8A%D9%85-%D9%85%D8%B9%D9%85%D8%A7%D8%B1%D9%8A-%D8%AF%D8%A7%D8%AE%D9%84%D9%8A-%D8%A8%D8%A7%D8%B3%D8%AA%D8%AE%D8%AF%D8%A7%D9%85-%D8%A7%D9%84%D8%A8%D8%B1%D9%86%D8%A7%D9%85%D8%AC-%D8%A7%D9%84%D8%B4%D9%87%D9%8A%D8%B1-3dmax
403 Forbidden,Non trouvé,Non trouvé,Non trouvé,Aucun avis,Inconnu,Inconnu,Aucun tag,https://khamsat.com/engineering/electrical-diagrams-design/3725717-%D8%AA%D8%B5%D9%85%D9%8A%D9%85-%D8%AA%D9%88%D8%B2%D9%8A%D8%B9-%D9%83%D9%87%D8%B1%D8%A8%D9%8A-%D8%A8-%D8%A7%D9%82%D9%84-%D8%B3%D8%B9%D8%B1
403 Forbidden,Non trouvé,Non trouvé,Non trouvé,Aucun avis,Inconnu,Inconnu,Aucun tag,https://khamsat.com/engineering/architectural-visualization/2916399-%D8%AA%D8%B5%D9%85%D9%8A%D9%85-%D9%88%D8%A7%D8%B8%D9%87%D8%A7%D8%B1-%D9%85%D8%B9%D9%85%D8%A7%D8%B1%D9%8A-%D8%AA%D9%88%D8%AF%D9%8A-%D8%AB%D8%B1%D9%8A-%D8%AF%D9%8A
403 Forbidden,Non trouvé,Non trouvé,Non trouvé,Aucun avis,Inconnu,Inconnu,Aucun tag,https://khamsat.com/engineering/architectural-plans/3117239-%D8%AA%D8%B5%D9%85%D9%8A%D9%85-%D9%81%D8%B1%D8%A7%D8%BA%D8%A7%D8%AA-%D8%A8%D9%84%D8%A7%D9%86%D8%A7%D8%AA-%D9%85%D8%A8%D8%A7%D9%86%D9%89-%D9%85%D8%B9%D9%85%D8%A7%D8%B1%D9%8A%D8%A9-%D8%B3%D9%88%D8%A7%D8%A1-%D8%B3%D9%83%D9%86%D9%8A%D8%A9-%D8%A7%D9%88-%D8%AA%D8%AC%D8%A7%D8%B1%D9%8A%D8%A9-%D9%88%D8%BA%D9%8A%D8%B1%D9%87
403 Forbidden,Non trouvé,Non trouvé,Non trouvé,Aucun avis,Inconnu,Inconnu,Aucun tag,https://khamsat.com/engineering/interior-design/3103900-%D8%B9%D9%85%D9%84-%D8%AA%D8%B5%D9%85%D9%8A%D9%85%D8%A7%D8%AA-%D8%AF%D9%8A%D9%83%D9%88%D8%A7%D8%B1-%D8%AF%D8%A7%D8%AE%D9%84%D9%8A-%D9%85%D8%B9-%D8%A7%D9%84%D9%85%D8%AE%D8%B7%D8%B7%D8%A7%D8%AA-%D8%A7%D9%84%D8%AA%D9%86%D9%81%D9%8A%D8%B0%D9%8A%D9%87-3d
403 Forbidden,Non trouvé,Non trouvé,Non trouvé,Aucun avis,Inconnu,Inconnu,Aucun tag,https://khamsat.com/engineering/electrical-diagrams-design/3691716-%D8%AA%D8%B5%D9%85%D9%8A%D9%85-%D8%A7%D9%84%D8%A5%D9%86%D8%A7%D8%B1%D8%A9-%D9%88%D8%AF%D8%B1%D8%A7%D8%B3%D8%A7%D8%AA-%D9%83%D9%87%D8%B1%D8%A8%D8%A7%D8%A6%D9%8A%D8%A9
403 Forbidden,Non trouvé,Non trouvé,Non trouvé,Aucun avis,Inconnu,Inconnu,Aucun tag,https://khamsat.com/engineering/architectural-visualization/2280489-%D8%AA%D8%B5%D9%85%D9%8A%D9%85-%D9%85%D8%B9%D9%85%D8%A7%D8%B1%D9%8A-%D9%88%D8%A5%D8%B8%D9%87%D8%A7%D8%B1-%D8%AF%D8%A7%D8%AE%D9%84%D9%8A-%D9%88%D8%AE%D8%A7%D8%B1%D8%AC%D9%8A-%D8%A7%D8%AD%D8%AA%D8%B1%D8%A7%D9%81%D9%8A-3dmax
403 Forbidden,Non trouvé,Non trouvé,Non trouvé,Aucun avis,Inconnu,Inconnu,Aucun tag,https://khamsat.com/engineering/architectural-plans/2974928-%D8%AA%D8%AD%D9%88%D9%8A%D9%84-%D9%85%D9%84%D9%81%D8%A7%D8%AA-%D8%B1%D8%B3%D9%85-%D8%A7%D9%84%D8%A3%D9%88%D8%AA%D9%88%D9%83%D8%A7%D8%AF-dwg-%D9%84%D9%8A-%D8%A8%D9%8A-%D8%AF%D9%8A-%D9%81-pdf
403 Forbidden,Non trouvé,Non trouvé,Non trouvé,Aucun avis,Inconnu,Inconnu,Aucun tag,https://khamsat.com/engineering/interior-design/3357920-%D8%AA%D8%B5%D8%A7%D9%85%D9%8A%D9%85-%D9%85%D8%B9%D9%85%D8%A7%D8%B1%D9%8A%D8%A9-%D8%AF%D8%A7%D8%AE%D9%84%D9%8A%D8%A9-%D9%84%D8%AC%D9%85%D9%8A%D8%B9-%D8%A7%D9%86%D9%88%D8%A7%D8%B9-%D8%A7%D9%84%D9%81%D8%B1%D8%A7%D8%BA%D8%A7%D8%AA
403 Forbidden,Non trouvé,Non trouvé,Non trouvé,Aucun avis,Inconnu,Inconnu,Aucun tag,https://khamsat.com/engineering/electrical-diagrams-design/3086119-%D8%AA%D8%B5%D9%85%D9%8A%D9%85-%D9%88%D8%B4%D9%88%D8%A8-%D8%AF%D8%B1%D9%88%D9%8A%D9%86%D8%AC-%D9%84%D9%86%D8%B8%D9%85-%D8%A7%D9%84%D8%A7%D9%86%D8%A7%D8%B1%D8%A9-%D9%88%D8%A7%D9%84%D9%82%D9%88%D9%8A-%D9%88%D8%A7%D9%84%D8%AA%D9%8A%D8%A7%D8%B1-%D8%A7%D9%84%D8%AE%D9%81%D9%8A%D9%81
403 Forbidden,Non trouvé,Non trouvé,Non trouvé,Aucun avis,Inconnu,Inconnu,Aucun tag,https://khamsat.com/engineering/architectural-visualization/2910946-%D8%A7%D8%B8%D9%87%D8%A7%D8%B1-%D9%85%D8%B9%D9%85%D8%A7%D8%B1%D9%89-3d-animation
403 Forbidden,Non trouvé,Non trouvé,Non trouvé,Aucun avis,Inconnu,Inconnu,Aucun tag,https://khamsat.com/engineering/architectural-plans/3076690-%D9%85%D8%AE%D8%B7%D8%B7%D8%A7%D8%AA-%D8%AA%D9%88%D8%AF%D9%8A-%D9%85%D8%B9%D9%85%D8%A7%D8%B1%D9%8A%D8%A9-%D9%88%D8%AA%D9%86%D9%81%D9%8A%D8%B0%D9%8A%D8%A9
403 Forbidden,Non trouvé,Non trouvé,Non trouvé,Aucun avis,Inconnu,Inconnu,Aucun tag,https://khamsat.com/engineering/interior-design/2052022-%D8%AA%D8%B5%D9%85%D9%8A%D9%853d-%D9%85%D8%B9%D9%85%D8%A7%D8%B1%D9%8A-%D8%AF%D8%A7%D8%AE%D9%84%D9%8A-%D9%88-%D8%AE%D8%A7%D8%B1%D8%AC%D9%8A
403 Forbidden,Non trouvé,Non trouvé,Non trouvé,Aucun avis,Inconnu,Inconnu,Aucun tag,https://khamsat.com/engineering/electrical-diagrams-design/3649927-%D8%A3%D8%B9%D8%AF%D8%A7%D8%AF-%D8%A7%D9%84%D9%84%D9%88%D8%AD%D8%A7%D8%AA-%D8%A7%D9%84%D8%AA%D9%86%D9%81%D8%B0%D9%8A%D8%A9-%D9%84%D8%B4%D8%A8%D9%83%D8%A7%D8%AA-%D8%A7%D9%84%D8%A8%D9%86%D9%8A%D8%A9-%D8%A7%D9%84%D8%AA%D8%AD%D8%AA%D9%8A%D8%A9-%D8%A7%D9%84%D9%83%D9%87%D8%B1%D8%A8%D8%A7%D8%A6%D9%8A%D8%A9
403 Forbidden,Non trouvé,Non trouvé,Non trouvé,Aucun avis,Inconnu,Inconnu,Aucun tag,https://khamsat.com/engineering/architectural-visualization/3032510-%D8%AA%D8%B5%D9%85%D9%8A%D9%85-%D9%88%D8%A5%D8%B8%D9%87%D8%A7%D8%B1-%D9%85%D8%B9%D9%85%D8%A7%D8%B1%D9%8A-2d-%D9%88-3d
