Titre,Vendeur,Acheteurs,Notes,Date Dernier Avis,Catégorie,Sous-Catégorie,Mots Clés,Lien
استشارات شخصية لتطوير الذات وراحة النفس وتفائل بالمستقبل,ناريمان ف.,0,0,Aucun avis,أسلوب حياة,تنمية شخصية,"تطوير الذات, شخصيه, استشارات نفسية, استشارات شخصية, حياتيه",https://khamsat.com/lifestyle/life-coaching/3107019-%D8%A7%D8%B3%D8%AA%D8%B4%D8%A7%D8%B1%D8%A7%D8%AA-%D8%B4%D8%AE%D8%B5%D9%8A%D8%A9-%D9%84%D8%AA%D8%B7%D9%88%D9%8A%D8%B1-%D8%A7%D9%84%D8%B0%D8%A7%D8%AA-%D9%88%D8%B1%D8%A7%D8%AD%D8%A9-%D8%A7%D9%84%D9%86%D9%81%D8%B3-%D9%88%D8%AA%D9%81%D8%A7%D8%A6%D9%84-%D8%A8%D8%A7%D9%84%D9%85%D8%B3%D8%AA%D9%82%D8%A8%D9%84
سأخطط لك جدول سفر مفصل مع اقتراح فنادق مناسبة لميزانيتك,.Yasir A,0,0,Aucun avis,أسلوب حياة,مهارات حياتية وترفيه,"فنادق, حجز, السفر, مخطط سفر, جدول سفر",https://khamsat.com/lifestyle/travel-advice/3694555-%D8%B3%D8%A3%D8%AE%D8%B7%D8%B7-%D9%84%D9%83-%D8%AC%D8%AF%D9%88%D9%84-%D8%B3%D9%81%D8%B1-%D9%85%D9%81%D8%B5%D9%84-%D9%85%D8%B9-%D8%A7%D9%82%D8%AA%D8%B1%D8%A7%D8%AD-%D9%81%D9%86%D8%A7%D8%AF%D9%82-%D9%85%D9%86%D8%A7%D8%B3%D8%A8%D8%A9-%D9%84%D9%85%D9%8A%D8%B2%D8%A7%D9%86%D9%8A%D8%AA%D9%83
ستشارات نفسيه واسريه بكل سريه تامه,.Rasha A,1,0,Aucun avis,أسلوب حياة,تنمية شخصية,"استشارات, ارشاد, شخصيه, نفسية, فضفضة",https://khamsat.com/lifestyle/life-coaching/3609585-%D8%B3%D8%AA%D8%B4%D8%A7%D8%B1%D8%A7%D8%AA-%D9%86%D9%81%D8%B3%D9%8A%D9%87-%D9%88%D8%A7%D8%B3%D8%B1%D9%8A%D9%87-%D8%A8%D9%83%D9%84-%D8%B3%D8%B1%D9%8A%D9%87-%D8%AA%D8%A7%D9%85%D9%87
مستشارك العقلى والنفسى لمشاكلك المختلفه,محمد ع.,2,2,منذ 3 سنوات و10 أشهر,أسلوب حياة,تنمية شخصية,"حل, مشكله, نفسى, فضفضه, ارهاق",https://khamsat.com/lifestyle/life-coaching/1874019-%D9%85%D8%B3%D8%AA%D8%B4%D8%A7%D8%B1%D9%83-%D8%A7%D9%84%D8%B9%D9%82%D9%84%D9%89-%D9%88%D8%A7%D9%84%D9%86%D9%81%D8%B3%D9%89-%D9%84%D9%85%D8%B4%D8%A7%D9%83%D9%84%D9%83-%D8%A7%D9%84%D9%85%D8%AE%D8%AA%D9%84%D9%81%D9%87
تقديم استشارات شخصية ونفسية,.Balsam A,5,3,منذ سنتين و11 شهر,أسلوب حياة,تنمية شخصية,"استشارات, علم, نفس",https://khamsat.com/lifestyle/life-coaching/1947789-%D8%AA%D9%82%D8%AF%D9%8A%D9%85-%D8%A7%D8%B3%D8%AA%D8%B4%D8%A7%D8%B1%D8%A7%D8%AA-%D8%B4%D8%AE%D8%B5%D9%8A%D8%A9-%D9%88%D9%86%D9%81%D8%B3%D9%8A%D8%A9
استشارات شاملة للطلاب والسياح عن ماليزيا,.Ahmed M,0,0,Aucun avis,أسلوب حياة,مهارات حياتية وترفيه,"سياحة, دراسة, ماليزيا, سفر, جامعة",https://khamsat.com/lifestyle/travel-advice/3083450-%D8%A7%D8%B3%D8%AA%D8%B4%D8%A7%D8%B1%D8%A7%D8%AA-%D8%B4%D8%A7%D9%85%D9%84%D8%A9-%D9%84%D9%84%D8%B7%D9%84%D8%A7%D8%A8-%D9%88%D8%A7%D9%84%D8%B3%D9%8A%D8%A7%D8%AD-%D8%B9%D9%86-%D9%85%D8%A7%D9%84%D9%8A%D8%B2%D9%8A%D8%A7
جلسة استشارة نفسية ودعم نفسي,اميمه م.,0,0,Aucun avis,أسلوب حياة,تنمية شخصية,"استشارة, دعم, فضفضة, مشكلات, نفسي",https://khamsat.com/lifestyle/life-coaching/3337705-%D8%AC%D9%84%D8%B3%D8%A9-%D8%A7%D8%B3%D8%AA%D8%B4%D8%A7%D8%B1%D8%A9-%D9%86%D9%81%D8%B3%D9%8A%D8%A9-%D9%88%D8%AF%D8%B9%D9%85-%D9%86%D9%81%D8%B3%D9%8A
جلسه استماع ودعم نفسي ومساعده,.Nada E,0,0,Aucun avis,أسلوب حياة,تنمية شخصية,"مساعدة, فضفضة, مشكلات, استشارات نفسية",https://khamsat.com/lifestyle/life-coaching/3470626-%D8%AC%D9%84%D8%B3%D9%87-%D8%A7%D8%B3%D8%AA%D9%85%D8%A7%D8%B9-%D9%88%D8%AF%D8%B9%D9%85-%D9%86%D9%81%D8%B3%D9%8A-%D9%88%D9%85%D8%B3%D8%A7%D8%B9%D8%AF%D9%87
إستفسار بخصوص قرية او  مدينة مغربية,.Diverse D,0,0,Aucun avis,أسلوب حياة,مهارات حياتية وترفيه,"السياحة, والسفر",https://khamsat.com/lifestyle/travel-advice/2052931-%D8%A5%D8%B3%D8%AA%D9%81%D8%B3%D8%A7%D8%B1-%D8%A8%D8%AE%D8%B5%D9%88%D8%B5-%D9%82%D8%B1%D9%8A%D8%A9-%D8%A7%D9%88-%D9%85%D8%AF%D9%8A%D9%86%D8%A9-%D9%85%D8%BA%D8%B1%D8%A8%D9%8A%D8%A9
استشارات نفسية وارشاد نفسي هساعدك انك تتغلب علي مشاكلك,.Rahaf R,0,0,Aucun avis,أسلوب حياة,تنمية شخصية,"استشارات, نصائح, ارشاد, فضفضة, استشارات نفسية",https://khamsat.com/lifestyle/life-coaching/3585805-%D8%A7%D8%B3%D8%AA%D8%B4%D8%A7%D8%B1%D8%A7%D8%AA-%D9%86%D9%81%D8%B3%D9%8A%D8%A9-%D9%88%D8%A7%D8%B1%D8%B4%D8%A7%D8%AF-%D9%86%D9%81%D8%B3%D9%8A-%D9%87%D8%B3%D8%A7%D8%B9%D8%AF%D9%83-%D8%A7%D9%86%D9%83-%D8%AA%D8%AA%D8%BA%D9%84%D8%A8-%D8%B9%D9%84%D9%8A-%D9%85%D8%B4%D8%A7%D9%83%D9%84%D9%83
طرق لتنمية أبتكاراتك فى تعلم أحتراف فنون خلط العطور والربح,منصور ع.,3,1,منذ 5 سنوات و7 أشهر,أسلوب حياة,مهارات حياتية وترفيه,"شعار, كتابة, مقالات, pdf, word",https://khamsat.com/lifestyle/craft-lessons/1444831-%D8%B7%D8%B1%D9%82-%D9%84%D8%AA%D9%86%D9%85%D9%8A%D8%A9-%D8%A3%D8%A8%D8%AA%D9%83%D8%A7%D8%B1%D8%A7%D8%AA%D9%83-%D9%81%D9%89-%D8%AA%D8%B9%D9%84%D9%85-%D8%A3%D8%AD%D8%AA%D8%B1%D8%A7%D9%81-%D9%81%D9%86%D9%88%D9%86-%D8%AE%D9%84%D8%B7-%D8%A7%D9%84%D8%B9%D8%B7%D9%88%D8%B1-%D9%88%D8%A7%D9%84%D8%B1%D8%A8%D8%AD
استشارات شخصية من صديق الكترونيًا,فاطمه ج.,0,0,Aucun avis,أسلوب حياة,تنمية شخصية,"استشارة, نفسية, استشارات نفسية",https://khamsat.com/lifestyle/life-coaching/2945513-%D8%A7%D8%B3%D8%AA%D8%B4%D8%A7%D8%B1%D8%A7%D8%AA-%D8%B4%D8%AE%D8%B5%D9%8A%D8%A9-%D9%85%D9%86-%D8%B5%D8%AF%D9%8A%D9%82-%D8%A7%D9%84%D9%83%D8%AA%D8%B1%D9%88%D9%86%D9%8A%D8%A7
نقدم لك خلاصة موسوعة تعليم العطور فى 30 صفحة,منصور ع.,20,12,منذ 5 أشهر ويوم,أسلوب حياة,مهارات حياتية وترفيه,"تطوير, موسوعة",https://khamsat.com/lifestyle/craft-lessons/1099915-%D9%86%D9%82%D8%AF%D9%85-%D9%84%D9%83-%D8%AE%D9%84%D8%A7%D8%B5%D8%A9-%D9%85%D9%88%D8%B3%D9%88%D8%B9%D8%A9-%D8%AA%D8%B9%D9%84%D9%8A%D9%85-%D8%A7%D9%84%D8%B9%D8%B7%D9%88%D8%B1-%D9%81%D9%89-30-%D8%B5%D9%81%D8%AD%D8%A9
30 نصيحة عن العطور  والبخور والمسك العود,منصور ع.,6,4,منذ 5 أشهر ويوم,أسلوب حياة,مهارات حياتية وترفيه,"نصيحة, عن, 30, العود, العطور, والبخور, والمسك",https://khamsat.com/lifestyle/craft-lessons/1769174-30-%D9%86%D8%B5%D9%8A%D8%AD%D8%A9-%D8%B9%D9%86-%D8%A7%D9%84%D8%B9%D8%B7%D9%88%D8%B1-%D9%88%D8%A7%D9%84%D8%A8%D8%AE%D9%88%D8%B1-%D9%88%D8%A7%D9%84%D9%85%D8%B3%D9%83-%D8%A7%D9%84%D8%B9%D9%88%D8%AF
أعلمك فنون تركيب وصناعة العطور بطرق سهله وعالميه,منصور ع.,61,34,منذ سنة و6 أشهر,أسلوب حياة,مهارات حياتية وترفيه,"تركيب, تعليم, شرح, وصناعة, واحتراف",https://khamsat.com/lifestyle/craft-lessons/813523-%D8%A3%D8%B9%D9%84%D9%85%D9%83-%D9%81%D9%86%D9%88%D9%86-%D8%AA%D8%B1%D9%83%D9%8A%D8%A8-%D9%88%D8%B5%D9%86%D8%A7%D8%B9%D8%A9-%D8%A7%D9%84%D8%B9%D8%B7%D9%88%D8%B1-%D8%A8%D8%B7%D8%B1%D9%82-%D8%B3%D9%87%D9%84%D9%87-%D9%88%D8%B9%D8%A7%D9%84%D9%85%D9%8A%D9%87
تعليم فن الكروشية وأشغال الكروشية,.Abir N,1,1,منذ سنة و7 أشهر,أسلوب حياة,مهارات حياتية وترفيه,"دروس, تعليم, شرح, تدريس, مهارة",https://khamsat.com/lifestyle/craft-lessons/3077615-%D8%AA%D8%B9%D9%84%D9%8A%D9%85-%D9%81%D9%86-%D8%A7%D9%84%D9%83%D8%B1%D9%88%D8%B4%D9%8A%D8%A9-%D9%88%D8%A3%D8%B4%D8%BA%D8%A7%D9%84-%D8%A7%D9%84%D9%83%D8%B1%D9%88%D8%B4%D9%8A%D8%A9
اعلمك اسرار العطور وأقدم لك كل ما تريد معرفتة عن العطور .,منصور ع.,7,3,منذ 3 سنوات وشهرين,أسلوب حياة,مهارات حياتية وترفيه,Aucun tag,https://khamsat.com/lifestyle/craft-lessons/1291509-%D8%A7%D8%B9%D9%84%D9%85%D9%83-%D8%A7%D8%B3%D8%B1%D8%A7%D8%B1-%D8%A7%D9%84%D8%B9%D8%B7%D9%88%D8%B1-%D9%88%D8%A3%D9%82%D8%AF%D9%85-%D9%84%D9%83-%D9%83%D9%84-%D9%85%D8%A7-%D8%AA%D8%B1%D9%8A%D8%AF-%D9%85%D8%B9%D8%B1%D9%81%D8%AA%D8%A9-%D8%B9%D9%86-%D8%A7%D9%84%D8%B9%D8%B7%D9%88%D8%B1-
خبير تقني في تجميع اجهزة الكومبيوتر,.Mostafa T,8,9,منذ 10 أشهر و7 أيام,أسلوب حياة,مهارات حياتية وترفيه,"استشارة, اصلاح, دعم, فني, تجميعة, حاسوب, حاسب, support, كومبيوتر, قطع",https://khamsat.com/lifestyle/craft-lessons/2826930-%D8%AE%D8%A8%D9%8A%D8%B1-%D8%AA%D9%82%D9%86%D9%8A-%D9%81%D9%8A-%D8%AA%D8%AC%D9%85%D9%8A%D8%B9-%D8%A7%D8%AC%D9%87%D8%B2%D8%A9-%D8%A7%D9%84%D9%83%D9%88%D9%85%D8%A8%D9%8A%D9%88%D8%AA%D8%B1
استشارات نفسية واسرية واجتماعية  لجميع الفئات العمرية,حنان س.,0,0,Aucun avis,أسلوب حياة,تنمية شخصية,"استشارة, نصائح, النفسية, نفسية, استشارات نفسية",https://khamsat.com/lifestyle/life-coaching/3280047-%D8%A7%D8%B3%D8%AA%D8%B4%D8%A7%D8%B1%D8%A7%D8%AA-%D9%86%D9%81%D8%B3%D9%8A%D8%A9-%D9%88%D8%A7%D8%B3%D8%B1%D9%8A%D8%A9-%D9%88%D8%A7%D8%AC%D8%AA%D9%85%D8%A7%D8%B9%D9%8A%D8%A9-%D9%84%D8%AC%D9%85%D9%8A%D8%B9-%D8%A7%D9%84%D9%81%D8%A6%D8%A7%D8%AA-%D8%A7%D9%84%D8%B9%D9%85%D8%B1%D9%8A%D8%A9
أعلمك قواعد تذهيب الخط العربي,منصور ع.,4,1,منذ سنتين وشهر,أسلوب حياة,مهارات حياتية وترفيه,"العربي, الخط, قواعد, أعلمك",https://khamsat.com/lifestyle/craft-lessons/1597828-%D8%A3%D8%B9%D9%84%D9%85%D9%83-%D9%82%D9%88%D8%A7%D8%B9%D8%AF-%D8%AA%D8%B0%D9%87%D9%8A%D8%A8-%D8%A7%D9%84%D8%AE%D8%B7-%D8%A7%D9%84%D8%B9%D8%B1%D8%A8%D9%8A
عقد جلسات للفضفضة والاستشارات النفسية والنقاش والراحة,.Muhammed H,0,0,Aucun avis,أسلوب حياة,تنمية شخصية,"حلول, دعم, فضفضة, استشارات نفسية, نقاش",https://khamsat.com/lifestyle/life-coaching/3322850-%D8%B9%D9%82%D8%AF-%D8%AC%D9%84%D8%B3%D8%A7%D8%AA-%D9%84%D9%84%D9%81%D8%B6%D9%81%D8%B6%D8%A9-%D9%88%D8%A7%D9%84%D8%A7%D8%B3%D8%AA%D8%B4%D8%A7%D8%B1%D8%A7%D8%AA-%D8%A7%D9%84%D9%86%D9%81%D8%B3%D9%8A%D8%A9-%D9%88%D8%A7%D9%84%D9%86%D9%82%D8%A7%D8%B4-%D9%88%D8%A7%D9%84%D8%B1%D8%A7%D8%AD%D8%A9
استشارات زراعيه خاصه بالتسميد ومكافحة الافات الزراعيه,.Ahmed Y,1,1,منذ سنة وشهر,أسلوب حياة,مهارات حياتية وترفيه,"استشارات, شخصية, دعم فني, pdf, زراعه",https://khamsat.com/lifestyle/craft-lessons/3030511-%D8%A7%D8%B3%D8%AA%D8%B4%D8%A7%D8%B1%D8%A7%D8%AA-%D8%B2%D8%B1%D8%A7%D8%B9%D9%8A%D9%87-%D8%AE%D8%A7%D8%B5%D9%87-%D8%A8%D8%A7%D9%84%D8%AA%D8%B3%D9%85%D9%8A%D8%AF-%D9%88%D9%85%D9%83%D8%A7%D9%81%D8%AD%D8%A9-%D8%A7%D9%84%D8%A7%D9%81%D8%A7%D8%AA-%D8%A7%D9%84%D8%B2%D8%B1%D8%A7%D8%B9%D9%8A%D9%87
جلسات كوتشينج لاكتشاف الذات وتطويرها وتحسين العلاقات,منه م.,0,0,Aucun avis,أسلوب حياة,تنمية شخصية,"نصيحة, تطوير الذات, إستشارة, علاقات, استشارات نفسية",https://khamsat.com/lifestyle/life-coaching/3330213-%D8%AC%D9%84%D8%B3%D8%A7%D8%AA-%D9%83%D9%88%D8%AA%D8%B4%D9%8A%D9%86%D8%AC-%D9%84%D8%A7%D9%83%D8%AA%D8%B4%D8%A7%D9%81-%D8%A7%D9%84%D8%B0%D8%A7%D8%AA-%D9%88%D8%AA%D8%B7%D9%88%D9%8A%D8%B1%D9%87%D8%A7-%D9%88%D8%AA%D8%AD%D8%B3%D9%8A%D9%86-%D8%A7%D9%84%D8%B9%D9%84%D8%A7%D9%82%D8%A7%D8%AA
الصفحة المطلوبة غير موجودة,Non trouvé,Non trouvé,Non trouvé,Aucun avis,Inconnu,Inconnu,Aucun tag,https://khamsat.com/lifestyle/life-coaching/1235448-%D8%A5%D8%B3%D8%AA%D8%B4%D8%A7%D8%B1%D8%A7%D8%AA-%D9%86%D9%81%D8%B3%D9%8A%D8%A9-%D9%88%D8%B7%D8%B1%D9%82-%D8%A5%D8%A8%D8%AF%D8%A7%D8%B9%D9%8A%D8%A9-%D9%84%D8%AA%D8%B9%D9%8A%D8%B4-%D8%AD%D9%8A%D8%A7%D8%AA%D9%83-%D9%83%D9%85%D8%A7-%D8%AA%D8%B1%D9%8A%D8%AF
تحليل وتقييم مقياس اضطرابات الشخصية بشكل احترافي,.Hanaa M,1,0,Aucun avis,أسلوب حياة,تنمية شخصية,"تطوير, استشارات, تحليل, شخصية, نفسية",https://khamsat.com/lifestyle/life-coaching/3052935-%D8%AA%D8%AD%D9%84%D9%8A%D9%84-%D9%88%D8%AA%D9%82%D9%8A%D9%8A%D9%85-%D9%85%D9%82%D9%8A%D8%A7%D8%B3-%D8%A7%D8%B6%D8%B7%D8%B1%D8%A7%D8%A8%D8%A7%D8%AA-%D8%A7%D9%84%D8%B4%D8%AE%D8%B5%D9%8A%D8%A9-%D8%A8%D8%B4%D9%83%D9%84-%D8%A7%D8%AD%D8%AA%D8%B1%D8%A7%D9%81%D9%8A
توجيهك لمعرفة كيف تعرف انك بحاجة لاستشارة شعورية,.Albrens S,4,3,منذ سنة و7 أيام,أسلوب حياة,تنمية شخصية,"استشارات, حلول, نصائح, صحة, تطوير الذات",https://khamsat.com/lifestyle/life-coaching/3128680-%D8%AA%D9%88%D8%AC%D9%8A%D9%87%D9%83-%D9%84%D9%85%D8%B9%D8%B1%D9%81%D8%A9-%D9%83%D9%8A%D9%81-%D8%AA%D8%B9%D8%B1%D9%81-%D8%A7%D9%86%D9%83-%D8%A8%D8%AD%D8%A7%D8%AC%D8%A9-%D9%84%D8%A7%D8%B3%D8%AA%D8%B4%D8%A7%D8%B1%D8%A9-%D8%B4%D8%B9%D9%88%D8%B1%D9%8A%D8%A9
جلسة استشارية لدعم اتخاذ قرار شخصي,.Ahmed M,6,4,منذ سنة و6 أشهر,أسلوب حياة,تنمية شخصية,"تطوير, الذات, نفسية, العلاقات, فضفضة",https://khamsat.com/lifestyle/life-coaching/2765805-%D8%AC%D9%84%D8%B3%D8%A9-%D8%A7%D8%B3%D8%AA%D8%B4%D8%A7%D8%B1%D9%8A%D8%A9-%D9%84%D8%AF%D8%B9%D9%85-%D8%A7%D8%AA%D8%AE%D8%A7%D8%B0-%D9%82%D8%B1%D8%A7%D8%B1-%D8%B4%D8%AE%D8%B5%D9%8A
"استشارة شخصية ""تحفيزية"" للأفراد",.Ahmed M,8,7,منذ سنة وشهر,أسلوب حياة,تنمية شخصية,"استشارات, شخصية, تحفيز, استشارات نفسية, استشارة شخصية",https://khamsat.com/lifestyle/life-coaching/2719427-%D8%A7%D8%B3%D8%AA%D8%B4%D8%A7%D8%B1%D8%A9-%D8%B4%D8%AE%D8%B5%D9%8A%D8%A9-%D8%AA%D8%AD%D9%81%D9%8A%D8%B2%D9%8A%D8%A9-%D9%84%D9%84%D8%A3%D9%81%D8%B1%D8%A7%D8%AF
تعرّف على شخصيتك أكثر وفق مقياس MBTI,.Ahmad M,156,89,منذ 6 أشهر و27 يوم,أسلوب حياة,تنمية شخصية,"استشارات, تحليل, تنمية, بشرية, شخصيات",https://khamsat.com/lifestyle/life-coaching/575947-%D8%AA%D8%B9%D8%B1%D9%81-%D8%B9%D9%84%D9%89-%D8%B4%D8%AE%D8%B5%D9%8A%D8%AA%D9%83-%D8%A3%D9%83%D8%AB%D8%B1-%D9%88%D9%81%D9%82-%D9%85%D9%82%D9%8A%D8%A7%D8%B3-mbti
أقدم استشارات نفسية,ميمونة أم النصر س.,11,6,منذ سنة و3 أشهر,أسلوب حياة,تنمية شخصية,"استشارة, دعم, علاج, نفسية, استشارات نفسية",https://khamsat.com/lifestyle/life-coaching/2897912-%D8%A3%D9%82%D8%AF%D9%85-%D8%A7%D8%B3%D8%AA%D8%B4%D8%A7%D8%B1%D8%A7%D8%AA-%D9%86%D9%81%D8%B3%D9%8A%D8%A9
أخصائية نفسية وعلاج المشاكل السلوكية والاجتماعية والاسرية,.Nouran A,16,13,منذ 7 أشهر و13 يوم,أسلوب حياة,تنمية شخصية,"استشارات, مشاكل, حلول, علاج, الصحة",https://khamsat.com/lifestyle/life-coaching/2688909-%D8%A3%D8%AE%D8%B5%D8%A7%D8%A6%D9%8A%D8%A9-%D9%86%D9%81%D8%B3%D9%8A%D8%A9-%D9%88%D8%B9%D9%84%D8%A7%D8%AC-%D8%A7%D9%84%D9%85%D8%B4%D8%A7%D9%83%D9%84-%D8%A7%D9%84%D8%B3%D9%84%D9%88%D9%83%D9%8A%D8%A9-%D9%88%D8%A7%D9%84%D8%A7%D8%AC%D8%AA%D9%85%D8%A7%D8%B9%D9%8A%D8%A9-%D9%88%D8%A7%D9%84%D8%A7%D8%B3%D8%B1%D9%8A%D8%A9
سأكون مستمعًا جيدًا لك بكل اهتمام واحترام دون حكم أو نقد,زينب ا.,0,0,Aucun avis,أسلوب حياة,تنمية شخصية,"استشارات, شخصية, رواية, فضفضة, جلسة",https://khamsat.com/lifestyle/life-coaching/3284329-%D8%B3%D8%A3%D9%83%D9%88%D9%86-%D9%85%D8%B3%D8%AA%D9%85%D8%B9%D8%A7-%D8%AC%D9%8A%D8%AF%D8%A7-%D9%84%D9%83-%D8%A8%D9%83%D9%84-%D8%A7%D9%87%D8%AA%D9%85%D8%A7%D9%85-%D9%88%D8%A7%D8%AD%D8%AA%D8%B1%D8%A7%D9%85-%D8%AF%D9%88%D9%86-%D8%AD%D9%83%D9%85-%D8%A3%D9%88-%D9%86%D9%82%D8%AF
استشارات شخصية التعرف على الذات ومستويات الأدراك العقلية,.Albrens S,3,3,منذ 7 أشهر و19 يوم,أسلوب حياة,تنمية شخصية,"استشارة, تطوير, دعم, ذاتية, مشكلات",https://khamsat.com/lifestyle/life-coaching/3132483-%D8%A7%D8%B3%D8%AA%D8%B4%D8%A7%D8%B1%D8%A7%D8%AA-%D8%B4%D8%AE%D8%B5%D9%8A%D8%A9-%D8%A7%D9%84%D8%AA%D8%B9%D8%B1%D9%81-%D8%B9%D9%84%D9%89-%D8%A7%D9%84%D8%B0%D8%A7%D8%AA-%D9%88-%D9%85%D8%B3%D8%AA%D9%88%D9%8A%D8%A7%D8%AA-%D8%A7%D9%84%D8%A3%D8%AF%D8%B1%D8%A7%D9%83-%D8%A7%D9%84%D8%B9%D9%82%D9%84%D9%8A%D8%A9
استشارة نفسية كتابية فردية,.Doha R,0,0,Aucun avis,أسلوب حياة,تنمية شخصية,"دعم, تحفيز, تطوير الذات, فضفضة, استشارات نفسية",https://khamsat.com/lifestyle/life-coaching/3280461-%D8%A7%D8%B3%D8%AA%D8%B4%D8%A7%D8%B1%D8%A9-%D9%86%D9%81%D8%B3%D9%8A%D8%A9-%D9%83%D8%AA%D8%A7%D8%A8%D9%8A%D8%A9-%D9%81%D8%B1%D8%AF%D9%8A%D8%A9
تدريب عن  مجال الفراسة (تحليل الشخصيه),.Salma M,10,9,منذ 5 أشهر و15 يوم,أسلوب حياة,تنمية شخصية,"تحليل, تدريب, كورس, الشخصيه, فراسة",https://khamsat.com/lifestyle/life-coaching/1990650-%D8%AA%D8%AF%D8%B1%D9%8A%D8%A8-%D8%B9%D9%86-%D9%85%D8%AC%D8%A7%D9%84-%D8%A7%D9%84%D9%81%D8%B1%D8%A7%D8%B3%D8%A9-%D8%AA%D8%AD%D9%84%D9%8A%D9%84-%D8%A7%D9%84%D8%B4%D8%AE%D8%B5%D9%8A%D9%87
لايف كوتش للإرشاد النفسي والمهني,وفاء ا.,12,11,منذ 7 أيام و21 ساعة,أسلوب حياة,تنمية شخصية,"تحفيز, تطوير الذات, لايف, فضفضة, استشارات نفسية",https://khamsat.com/lifestyle/life-coaching/3067108-%D9%84%D8%A7%D9%8A%D9%81-%D9%83%D9%88%D8%AA%D8%B4-%D9%84%D9%84%D8%A5%D8%B1%D8%B4%D8%A7%D8%AF-%D8%A7%D9%84%D9%86%D9%81%D8%B3%D9%8A-%D9%88%D8%A7%D9%84%D9%85%D9%87%D9%86%D9%8A
استشارية العلاقات الزوجية والأسرية للوصول لحياة أفضل,.Nouran A,6,5,منذ 5 أشهر و29 يوم,أسلوب حياة,تنمية شخصية,"استشارة, حلول, تربية, نفسية, العلاقات",https://khamsat.com/lifestyle/life-coaching/2741859-%D8%A7%D8%B3%D8%AA%D8%B4%D8%A7%D8%B1%D9%8A%D8%A9-%D8%A7%D9%84%D8%B9%D9%84%D8%A7%D9%82%D8%A7%D8%AA-%D8%A7%D9%84%D8%B2%D9%88%D8%AC%D9%8A%D8%A9-%D9%88%D8%A7%D9%84%D8%A3%D8%B3%D8%B1%D9%8A%D8%A9-%D9%84%D9%84%D9%88%D8%B5%D9%88%D9%84-%D9%84%D8%AD%D9%8A%D8%A7%D8%A9-%D8%A3%D9%81%D8%B6%D9%84
جلسه لايف كوتشينج لحياه افضل,.Rania G,19,14,منذ سنة و3 أشهر,أسلوب حياة,تنمية شخصية,"تطوير, مشاكل, نصائح, دعم, الذات, تحدث, مساعده, لايف, فضفضة, استشارات نفسية",https://khamsat.com/lifestyle/life-coaching/2625409-%D8%AC%D9%84%D8%B3%D9%87-%D9%84%D8%A7%D9%8A%D9%81-%D9%83%D9%88%D8%AA%D8%B4%D9%8A%D9%86%D8%AC-%D9%84%D8%AD%D9%8A%D8%A7%D9%87-%D8%A7%D9%81%D8%B6%D9%84
تحليل شخصيتك باستخدام أدوات احترافية,.Mohammed A,1,1,منذ 11 شهر و15 يوم,أسلوب حياة,تنمية شخصية,"استشارة, تطوير, تدريب, تحفيز, تطوير الذات",https://khamsat.com/lifestyle/life-coaching/3405339-%D8%AA%D8%AD%D9%84%D9%8A%D9%84-%D8%B4%D8%AE%D8%B5%D9%8A%D8%AA%D9%83-%D8%A8%D8%A7%D8%B3%D8%AA%D8%AE%D8%AF%D8%A7%D9%85-%D8%A3%D8%AF%D9%88%D8%A7%D8%AA-%D8%A7%D8%AD%D8%AA%D8%B1%D8%A7%D9%81%D9%8A%D8%A9
استشارات نفسية واجتماعية واسرية,رشا س.,20,15,منذ 4 أيام و6 ساعات,أسلوب حياة,تنمية شخصية,"استشارات نفسية, دعم نفسي, علاج اسرى, مشاكل اجتماعية, علاج الإدمان",https://khamsat.com/lifestyle/life-coaching/2976213-%D8%A7%D8%B3%D8%AA%D8%B4%D8%A7%D8%B1%D8%A7%D8%AA-%D9%86%D9%81%D8%B3%D9%8A%D8%A9-%D9%88%D8%A7%D8%AC%D8%AA%D9%85%D8%A7%D8%B9%D9%8A%D8%A9-%D9%88%D8%A7%D8%B3%D8%B1%D9%8A%D8%A9
اكتب لك رسالة وداع موجهة لشخص لازلت متعلقًا به,طارق ا.,0,0,Aucun avis,أسلوب حياة,تنمية شخصية,"كتابة رسالة وداع, رسالة حب مؤثرة, كتابة رسالة اعتذار, رسائل عاطفية مكتوبة, رسالة اشتياق",https://khamsat.com/lifestyle/life-coaching/3287555-%D8%A7%D9%83%D8%AA%D8%A8-%D9%84%D9%83-%D8%B1%D8%B3%D8%A7%D9%84%D8%A9-%D9%88%D8%AF%D8%A7%D8%B9-%D9%85%D9%88%D8%AC%D9%87%D8%A9-%D9%84%D8%B4%D8%AE%D8%B5-%D9%84%D8%A7%D8%B2%D9%84%D8%AA-%D9%85%D8%AA%D8%B9%D9%84%D9%82%D8%A7-%D8%A8%D9%87
جلسات للتخلص من الحساسية النفسية والوصول للمتان النفسية,.Youmna E,6,5,منذ 13 يوم و13 ساعة,أسلوب حياة,تنمية شخصية,"استشارة, مشاكل, نفسية, سريع الانفعال, متوتر",https://khamsat.com/lifestyle/life-coaching/2786799-%D8%AC%D9%84%D8%B3%D8%A7%D8%AA-%D9%84%D9%84%D8%AA%D8%AE%D9%84%D8%B5-%D9%85%D9%86-%D8%A7%D9%84%D8%AD%D8%B3%D8%A7%D8%B3%D9%8A%D8%A9-%D8%A7%D9%84%D9%86%D9%81%D8%B3%D9%8A%D8%A9-%D9%88%D8%A7%D9%84%D9%88%D8%B5%D9%88%D9%84-%D9%84%D9%84%D9%85%D8%AA%D8%A7%D9%86-%D8%A7%D9%84%D9%86%D9%81%D8%B3%D9%8A%D8%A9
استشارة في مجال التربية للأطفال,.Samer S,0,0,Aucun avis,أسلوب حياة,تنمية شخصية,"حماية, تربية, تمارين, تفاعل, الطفل",https://khamsat.com/lifestyle/life-coaching/1639922-%D8%A7%D8%B3%D8%AA%D8%B4%D8%A7%D8%B1%D8%A9-%D9%81%D9%8A-%D9%85%D8%AC%D8%A7%D9%84-%D8%A7%D9%84%D8%AA%D8%B1%D8%A8%D9%8A%D8%A9-%D9%84%D9%84%D8%A3%D8%B7%D9%81%D8%A7%D9%84
تدرب علي الحضور الذهني واليقظة العقلية,.Doaa E,4,2,منذ سنة و8 أشهر,أسلوب حياة,تنمية شخصية,"استشارة, نصائح, مساعدة, تطوير الذات, حضور, استشارات نفسية, علاج نفسي, تطوير شخصي, يقظة, تدريب الذهن",https://khamsat.com/lifestyle/life-coaching/2527830-%D8%AA%D8%AF%D8%B1%D8%A8-%D8%B9%D9%84%D9%8A-%D8%A7%D9%84%D8%AD%D8%B6%D9%88%D8%B1-%D8%A7%D9%84%D8%B0%D9%87%D9%86%D9%8A-%D9%88%D8%A7%D9%84%D9%8A%D9%82%D8%B8%D8%A9-%D8%A7%D9%84%D8%B9%D9%82%D9%84%D9%8A%D8%A9
مستشار أسري واجتماعي متخصص,عزيزه ز.,1,1,منذ سنة و8 أشهر,أسلوب حياة,تنمية شخصية,"استشارات, نصائح, فضفضة, مشكلات, نفسيه",https://khamsat.com/lifestyle/life-coaching/3077526-%D9%85%D8%B3%D8%AA%D8%B4%D8%A7%D8%B1-%D8%A3%D8%B3%D8%B1%D9%8A-%D9%88%D8%A7%D8%AC%D8%AA%D9%85%D8%A7%D8%B9%D9%8A-%D9%85%D8%AA%D8%AE%D8%B5%D8%B5
جلسات كوتشينج لاكتشاف الذات وتطويرها وتحسين العلاقات,.Hassan Z,5,4,منذ 10 أشهر و28 يوم,أسلوب حياة,تنمية شخصية,"تطوير الذات, علاقات, استشارات نفسية, جلسة, life coach",https://khamsat.com/lifestyle/life-coaching/3078556-%D8%AC%D9%84%D8%B3%D8%A7%D8%AA-%D9%83%D9%88%D8%AA%D8%B4%D9%8A%D9%86%D8%AC-%D9%84%D8%A7%D9%83%D8%AA%D8%B4%D8%A7%D9%81-%D8%A7%D9%84%D8%B0%D8%A7%D8%AA-%D9%88%D8%AA%D8%B7%D9%88%D9%8A%D8%B1%D9%87%D8%A7-%D9%88%D8%AA%D8%AD%D8%B3%D9%8A%D9%86-%D8%A7%D9%84%D8%B9%D9%84%D8%A7%D9%82%D8%A7%D8%AA
مساحتك الآمنة للفضفضة والنصيحة الهادئة,فاتن د.,0,0,Aucun avis,أسلوب حياة,تنمية شخصية,"استشارة, حلول, شخصية, تواصل, محادثة",https://khamsat.com/lifestyle/life-coaching/3304155-%D9%85%D8%B3%D8%A7%D8%AD%D8%AA%D9%83-%D8%A7%D9%84%D8%A2%D9%85%D9%86%D8%A9-%D9%84%D9%84%D9%81%D8%B6%D9%81%D8%B6%D8%A9-%D9%88%D8%A7%D9%84%D9%86%D8%B5%D9%8A%D8%AD%D8%A9-%D8%A7%D9%84%D9%87%D8%A7%D8%AF%D8%A6%D8%A9
فضفضة نفسية لأمانك النفسي,منة الله أ.,0,0,Aucun avis,أسلوب حياة,تنمية شخصية,"تطوير, استشارات, نصائح, مشكلة, نفسية",https://khamsat.com/lifestyle/life-coaching/3578250-%D9%81%D8%B6%D9%81%D8%B6%D8%A9-%D9%86%D9%81%D8%B3%D9%8A%D8%A9-%D9%84%D8%A3%D9%85%D8%A7%D9%86%D9%83-%D8%A7%D9%84%D9%86%D9%81%D8%B3%D9%8A
الصفحة المطلوبة غير موجودة,Non trouvé,Non trouvé,Non trouvé,Aucun avis,Inconnu,Inconnu,Aucun tag,https://khamsat.com/lifestyle/craft-lessons/1851018-%D8%AA%D8%B9%D9%84%D9%8A%D9%85-%D9%85%D9%82%D8%A7%D9%85%D8%A7%D8%AA-%D8%A7%D9%84%D8%A5%D9%86%D8%B4%D8%A7%D8%AF-%D9%88%D8%A7%D9%84%D9%82%D8%B1%D8%A7%D9%86
أقدم نصائح و تعليمات لتحسين الرسم و التلوين مقابل خدمة,نعمة ا.,2,2,منذ سنتين وشهرين,أسلوب حياة,مهارات حياتية وترفيه,"رسم, تعليم, بناء, نقد, تلوين, فنون",https://khamsat.com/lifestyle/craft-lessons/1796315-%D8%A3%D9%82%D8%AF%D9%85-%D9%86%D8%B5%D8%A7%D8%A6%D8%AD-%D9%88-%D8%AA%D8%B9%D9%84%D9%8A%D9%85%D8%A7%D8%AA-%D9%84%D8%AA%D8%AD%D8%B3%D9%8A%D9%86-%D8%A7%D9%84%D8%B1%D8%B3%D9%85-%D9%88-%D8%A7%D9%84%D8%AA%D9%84%D9%88%D9%8A%D9%86-%D9%85%D9%82%D8%A7%D8%A8%D9%84-%D8%AE%D8%AF%D9%85%D8%A9
دورة صناعة العطور اون لاين,محمد ن.,72,19,منذ 9 أشهر و14 يوم,أسلوب حياة,مهارات حياتية وترفيه,"يوتيوب, تجارة, مشروع, عطور, بخور",https://khamsat.com/lifestyle/craft-lessons/1217881-%D8%AF%D9%88%D8%B1%D8%A9-%D8%B5%D9%86%D8%A7%D8%B9%D8%A9-%D8%A7%D9%84%D8%B9%D8%B7%D9%88%D8%B1-%D8%A7%D9%88%D9%86-%D9%84%D8%A7%D9%8A%D9%86
جلسة استشارة تصوير بالموبايل لتطوير مهاراتك,.Rahma H,0,0,Aucun avis,أسلوب حياة,مهارات حياتية وترفيه,"استشارة, تحسين جودة الصور, تحليل الصور, تعلم التصوير بالموبايل, استشارات تصوير",https://khamsat.com/lifestyle/craft-lessons/3883932-%D8%AC%D9%84%D8%B3%D8%A9-%D8%A7%D8%B3%D8%AA%D8%B4%D8%A7%D8%B1%D8%A9-%D8%AA%D8%B5%D9%88%D9%8A%D8%B1-%D8%A8%D8%A7%D9%84%D9%85%D9%88%D8%A8%D8%A7%D9%8A%D9%84-%D9%84%D8%AA%D8%B7%D9%88%D9%8A%D8%B1-%D9%85%D9%87%D8%A7%D8%B1%D8%A7%D8%AA%D9%83
تعلم أصول الإنشاد الديني والمقامات الموسيقة السبعة والإيقاع,.Abdul Latif M,5,5,منذ 9 أشهر و27 يوم,أسلوب حياة,مهارات حياتية وترفيه,"صوت, تدريب, تعليق, مقامات, أناشيد",https://khamsat.com/lifestyle/craft-lessons/1675531-%D8%AA%D8%B9%D9%84%D9%85-%D8%A3%D8%B5%D9%88%D9%84-%D8%A7%D9%84%D8%A5%D9%86%D8%B4%D8%A7%D8%AF-%D8%A7%D9%84%D8%AF%D9%8A%D9%86%D9%8A-%D9%88%D8%A7%D9%84%D9%85%D9%82%D8%A7%D9%85%D8%A7%D8%AA-%D8%A7%D9%84%D9%85%D9%88%D8%B3%D9%8A%D9%82%D8%A9-%D8%A7%D9%84%D8%B3%D8%A8%D8%B9%D8%A9-%D9%88%D8%A7%D9%84%D8%A5%D9%8A%D9%82%D8%A7%D8%B9
إعطاء كورس خاص بالدوبلاج لك ولأطفالك,.Kholoud Y,0,0,Aucun avis,أسلوب حياة,مهارات حياتية وترفيه,"كارتون, دوبلاج, تعليم, عن, بعد, كورس",https://khamsat.com/lifestyle/craft-lessons/1840398-%D8%A5%D8%B9%D8%B7%D8%A7%D8%A1-%D9%83%D9%88%D8%B1%D8%B3-%D8%AE%D8%A7%D8%B5-%D8%A8%D8%A7%D9%84%D8%AF%D9%88%D8%A8%D9%84%D8%A7%D8%AC-%D9%84%D9%83-%D9%88%D9%84%D8%A3%D8%B7%D9%81%D8%A7%D9%84%D9%83
الصفحة المطلوبة غير موجودة,Non trouvé,Non trouvé,Non trouvé,Aucun avis,Inconnu,Inconnu,Aucun tag,https://khamsat.com/lifestyle/life-coaching/2841604-%D8%A7%D8%B3%D8%AA%D8%B4%D8%A7%D8%B1%D8%A9-%D9%86%D9%81%D8%B3%D9%8A%D8%A9-%D9%88%D8%A5%D8%B1%D8%B4%D8%A7%D8%AF-%D8%A7%D8%B3%D8%B1%D9%8A
استشارات شخصية ودعم وإرشاد نفسي,.Boshra D,7,6,منذ شهر و21 يوم,أسلوب حياة,تنمية شخصية,"استشارة, دعم, تطوير الذات, ارشاد, نفسية",https://khamsat.com/lifestyle/life-coaching/3093437-%D8%A7%D8%B3%D8%AA%D8%B4%D8%A7%D8%B1%D8%A7%D8%AA-%D8%B4%D8%AE%D8%B5%D9%8A%D8%A9-%D9%88%D8%AF%D8%B9%D9%85-%D9%88%D8%A5%D8%B1%D8%B4%D8%A7%D8%AF-%D9%86%D9%81%D8%B3%D9%8A
كتاب إلكتروني بعنوان (الرعب الذي نحبّه),هيثم م.,0,0,Aucun avis,أسلوب حياة,مهارات حياتية وترفيه,"بحث, كتابة, كتب, الكتاب, المحتوى, منتج, الكتابة, التأليف, الابداعية, الرعب",https://khamsat.com/lifestyle/craft-lessons/2469594-%D9%83%D8%AA%D8%A7%D8%A8-%D8%A5%D9%84%D9%83%D8%AA%D8%B1%D9%88%D9%86%D9%8A-%D8%A8%D8%B9%D9%86%D9%88%D8%A7%D9%86-%D8%A7%D9%84%D8%B1%D8%B9%D8%A8-%D8%A7%D9%84%D8%B0%D9%8A-%D9%86%D8%AD%D8%A8%D9%87
جلسات فضفضة واستشارات الدعم النفسي,.Garam M,16,11,منذ 8 أشهر و27 يوم,أسلوب حياة,تنمية شخصية,"نصائح, دعم, اجتماعية, فضفضة, استشارات نفسية",https://khamsat.com/lifestyle/life-coaching/2696359-%D8%AC%D9%84%D8%B3%D8%A7%D8%AA-%D9%81%D8%B6%D9%81%D8%B6%D8%A9-%D9%88%D8%A7%D8%B3%D8%AA%D8%B4%D8%A7%D8%B1%D8%A7%D8%AA-%D8%A7%D9%84%D8%AF%D8%B9%D9%85-%D8%A7%D9%84%D9%86%D9%81%D8%B3%D9%8A
جلسات فضفضة ودعم نفسي وتحفيز,.Rania G,13,11,منذ 7 أشهر و9 أيام,أسلوب حياة,تنمية شخصية,"مساعدة, مشكلة, تطوير الذات, فضفضة, استشارات نفسية",https://khamsat.com/lifestyle/life-coaching/2844948-%D8%AC%D9%84%D8%B3%D8%A7%D8%AA-%D9%81%D8%B6%D9%81%D8%B6%D9%87-%D9%88%D8%AF%D8%B9%D9%85-%D9%86%D9%81%D8%B3%D9%8A-%D9%88%D8%AA%D8%AD%D9%81%D9%8A%D8%B2
استشارات علاقات شخصية وعاطفية,جهاد ع.,13,8,منذ 8 أشهر و23 يوم,أسلوب حياة,تنمية شخصية,"استشارات, شخصية, عاطفية, نفسية, علاقات",https://khamsat.com/lifestyle/life-coaching/2006814-%D8%A7%D8%B3%D8%AA%D8%B4%D8%A7%D8%B1%D8%A7%D8%AA-%D8%B9%D9%84%D8%A7%D9%82%D8%A7%D8%AA-%D8%B4%D8%AE%D8%B5%D9%8A%D8%A9-%D9%88%D8%B9%D8%A7%D8%B7%D9%81%D9%8A%D8%A9
الصفحة المطلوبة غير موجودة,Non trouvé,Non trouvé,Non trouvé,Aucun avis,Inconnu,Inconnu,Aucun tag,https://khamsat.com/lifestyle/life-coaching/3082414-%D8%AC%D9%84%D8%B3%D8%A7%D8%AA-%D9%86%D9%81%D8%B3%D9%8A%D8%A9-%D8%B9%D9%84%D8%A7%D8%AC%D9%8A%D8%A9-%D9%88%D8%AA%D8%B7%D9%88%D9%8A%D8%B1%D9%8A%D8%A9
الصفحة المطلوبة غير موجودة,Non trouvé,Non trouvé,Non trouvé,Aucun avis,Inconnu,Inconnu,Aucun tag,https://khamsat.com/lifestyle/life-coaching/3804517-%D8%A3%D8%AE%D8%B5%D8%A7%D8%A6%D9%8A%D8%A9-%D8%A5%D8%B1%D8%B4%D8%A7%D8%AF-%D8%A3%D8%B3%D8%B1%D9%8A-%D9%88%D8%AE%D8%B7%D8%B7-%D8%AA%D8%B9%D8%AF%D9%8A%D9%84-%D8%B3%D9%84%D9%88%D9%83
تعليم الكتابة المحترفة بالخط الإنجليزي,.Saif M,0,0,Aucun avis,أسلوب حياة,مهارات حياتية وترفيه,"شعار, كتابة, خط, اسمك, اليد",https://khamsat.com/lifestyle/craft-lessons/3124881-%D8%AA%D8%B9%D9%84%D9%8A%D9%85-%D8%A7%D9%84%D9%83%D8%AA%D8%A7%D8%A8%D8%A9-%D8%A7%D9%84%D9%85%D8%AD%D8%AA%D8%B1%D9%81%D8%A9-%D8%A8%D8%A7%D9%84%D8%AE%D8%B7-%D8%A7%D9%84%D8%A5%D9%86%D8%AC%D9%84%D9%8A%D8%B2%D9%8A
تقديم الدعم والأرشاد النفسي الفردي,.Mariam M,0,0,Aucun avis,أسلوب حياة,تنمية شخصية,"دعم, ارشاد, شخصيه, نفسية, استشارات نفسية",https://khamsat.com/lifestyle/life-coaching/3410508-%D8%AA%D9%82%D8%AF%D9%8A%D9%85-%D8%A7%D9%84%D8%AF%D8%B9%D9%85-%D9%88%D8%A7%D9%84%D8%A3%D8%B1%D8%B4%D8%A7%D8%AF-%D8%A7%D9%84%D9%86%D9%81%D8%B3%D9%8A-%D8%A7%D9%84%D9%81%D8%B1%D8%AF%D9%8A
أسلوب حياه استشارات شخصيه استشارات نفسية,.Dina M,0,0,Aucun avis,أسلوب حياة,تنمية شخصية,"استشارات, شخصية, اجتماعية, تربوية, استشارات نفسية",https://khamsat.com/lifestyle/life-coaching/2959417-%D8%A3%D8%B3%D9%84%D9%88%D8%A8-%D8%AD%D9%8A%D8%A7%D9%87-%D8%A7%D8%B3%D8%AA%D8%B4%D8%A7%D8%B1%D8%A7%D8%AA-%D8%B4%D8%AE%D8%B5%D9%8A%D9%87-%D8%A7%D8%B3%D8%AA%D8%B4%D8%A7%D8%B1%D8%A7%D8%AA-%D9%86%D9%81%D8%B3%D9%8A%D8%A9
ساعلمك الكروشيه خطوه بخطوه حتى  الاحتراف بأسلوب سهل وممتع,هبه ص.,0,0,Aucun avis,أسلوب حياة,مهارات حياتية وترفيه,"تصميم, تدريب, تعليم عن بعد",https://khamsat.com/lifestyle/craft-lessons/3188400-%D8%B3%D8%A7%D8%B9%D9%84%D9%85%D9%83-%D8%A7%D9%84%D9%83%D8%B1%D9%88%D8%B4%D9%8A%D9%87-%D8%AE%D8%B7%D9%88%D9%87-%D8%A8%D8%AE%D8%B7%D9%88%D9%87-%D8%AD%D8%AA%D9%89-%D8%A7%D9%84%D8%A7%D8%AD%D8%AA%D8%B1%D8%A7%D9%81-%D8%A8%D8%A3%D8%B3%D9%84%D9%88%D8%A8-%D8%B3%D9%87%D9%84-%D9%88%D9%85%D9%85%D8%AA%D8%B9
استشارة عاطفية ودعم نفسي للبنات – بكل خصوصية وحب,سارة ق.,0,0,Aucun avis,أسلوب حياة,تنمية شخصية,"استشارات نفسية, مستشارة علاقات, فضفضة خاصة, مشاكل الحب, أحتاج أتكلم",https://khamsat.com/lifestyle/life-coaching/3434887-%D8%A7%D8%B3%D8%AA%D8%B4%D8%A7%D8%B1%D8%A9-%D8%B9%D8%A7%D8%B7%D9%81%D9%8A%D8%A9-%D9%88%D8%AF%D8%B9%D9%85-%D9%86%D9%81%D8%B3%D9%8A-%D9%84%D9%84%D8%A8%D9%86%D8%A7%D8%AA-%D8%A8%D9%83%D9%84-%D8%AE%D8%B5%D9%88%D8%B5%D9%8A%D8%A9-%D9%88%D8%AD%D8%A8
تقديم استشارات تربوية للتعامل مع الأطفال والمراهقين,.Soha Z,0,0,Aucun avis,أسلوب حياة,تنمية شخصية,استشارات تربوية,https://khamsat.com/lifestyle/life-coaching/2416229-%D8%AA%D9%82%D8%AF%D9%8A%D9%85-%D8%A7%D8%B3%D8%AA%D8%B4%D8%A7%D8%B1%D8%A7%D8%AA-%D8%AA%D8%B1%D8%A8%D9%88%D9%8A%D8%A9-%D9%84%D9%84%D8%AA%D8%B9%D8%A7%D9%85%D9%84-%D9%85%D8%B9-%D8%A7%D9%84%D8%A3%D8%B7%D9%81%D8%A7%D9%84-%D9%88%D8%A7%D9%84%D9%85%D8%B1%D8%A7%D9%87%D9%82%D9%8A%D9%86
تدريب واستشارة شخصية تربوية أسرية دراسية أو حياتية,عبدالرحمان ا.,2,2,منذ 4 سنوات و8 أشهر,أسلوب حياة,تنمية شخصية,"تطوير, اقتصاد, تدريب, عقود, اسلامي, استشارات نفسية, توثيق, استشارة شخصية, معاملات مالية, دورة تكوينية",https://khamsat.com/lifestyle/life-coaching/1473112-%D8%AA%D8%AF%D8%B1%D9%8A%D8%A8-%D9%88%D8%A7%D8%B3%D8%AA%D8%B4%D8%A7%D8%B1%D8%A9-%D8%B4%D8%AE%D8%B5%D9%8A%D8%A9-%D8%AA%D8%B1%D8%A8%D9%88%D9%8A%D8%A9-%D8%A3%D8%B3%D8%B1%D9%8A%D8%A9-%D8%AF%D8%B1%D8%A7%D8%B3%D9%8A%D8%A9-%D8%A3%D9%88-%D8%AD%D9%8A%D8%A7%D8%AA%D9%8A%D8%A9
تعلم العزف على آلة البيانو,.Dr Nermeen H,0,0,Aucun avis,أسلوب حياة,مهارات حياتية وترفيه,"تعليم, موسيقي, اغنية, عزف, بيانو",https://khamsat.com/lifestyle/craft-lessons/2664899-%D8%AA%D8%B9%D9%84%D9%85-%D8%A7%D9%84%D8%B9%D8%B2%D9%81-%D8%B9%D9%84%D9%89-%D8%A2%D9%84%D8%A9-%D8%A7%D9%84%D8%A8%D9%8A%D8%A7%D9%86%D9%88
استشارة في صناعة المشروبات الغازية والطاقة و معالجة المياه,.Mohammad C,1,1,منذ سنة و11 شهر,أسلوب حياة,مهارات حياتية وترفيه,"استشارة, معالجة, صناعة, مياه, مشروبات",https://khamsat.com/lifestyle/craft-lessons/1900954-%D8%A7%D8%B3%D8%AA%D8%B4%D8%A7%D8%B1%D8%A9-%D9%81%D9%8A-%D8%B5%D9%86%D8%A7%D8%B9%D8%A9-%D8%A7%D9%84%D9%85%D8%B4%D8%B1%D9%88%D8%A8%D8%A7%D8%AA-%D8%A7%D9%84%D8%BA%D8%A7%D8%B2%D9%8A%D8%A9-%D9%88%D8%A7%D9%84%D8%B7%D8%A7%D9%82%D8%A9-%D9%88-%D9%85%D8%B9%D8%A7%D9%84%D8%AC%D8%A9-%D8%A7%D9%84%D9%85%D9%8A%D8%A7%D9%87
استشارات علاقات عاطفية وشخصية,فاطمة الزهراء غ.,0,0,Aucun avis,أسلوب حياة,تنمية شخصية,"دعم, تطوير الذات, الحب, علاقات, استشارات نفسية",https://khamsat.com/lifestyle/life-coaching/3024178-%D8%A7%D8%B3%D8%AA%D8%B4%D8%A7%D8%B1%D8%A7%D8%AA-%D8%B9%D9%84%D8%A7%D9%82%D8%A7%D8%AA-%D8%B9%D8%A7%D8%B7%D9%81%D9%8A%D8%A9-%D9%88%D8%B4%D8%AE%D8%B5%D9%8A%D8%A9
استشارات شخصية,Non trouvé,Non trouvé,Non trouvé,Aucun avis,أسلوب حياة,تنمية شخصية,Aucun tag,https://khamsat.com/lifestyle/life-coaching/3404327-%D9%83%D8%AA%D8%A7%D8%A8-%D8%A3%D8%B0%D9%83%D9%89-%D8%B4%D8%AE%D8%B5-%D9%81%D9%8A-%D8%A7%D9%84%D8%B9%D8%A7%D9%84%D9%85-%D9%81%D9%8A-100-%D9%8A%D9%88%D9%85
استشارات شخصية التعرف على الذات مستويات الأدراك العقلية,شيرين ر.,10,10,منذ 11 شهر و24 يوم,أسلوب حياة,تنمية شخصية,"استشارة, تطوير, اكثر, ذاتك, لتعرف",https://khamsat.com/lifestyle/life-coaching/2033799-%D8%A7%D8%B3%D8%AA%D8%B4%D8%A7%D8%B1%D8%A7%D8%AA-%D8%B4%D8%AE%D8%B5%D9%8A%D8%A9-%D8%A7%D9%84%D8%AA%D8%B9%D8%B1%D9%81-%D8%B9%D9%84%D9%89-%D8%A7%D9%84%D8%B0%D8%A7%D8%AA-%D9%85%D8%B3%D8%AA%D9%88%D9%8A%D8%A7%D8%AA-%D8%A7%D9%84%D8%A3%D8%AF%D8%B1%D8%A7%D9%83-%D8%A7%D9%84%D8%B9%D9%82%D9%84%D9%8A%D8%A9
كيف تكون مرن نفسيا,.Nouran A,5,5,منذ 10 أشهر و18 يوم,أسلوب حياة,تنمية شخصية,"مساعدة, شخصية, تدريب, علاج, تحفيز, الصحة, إستشارة",https://khamsat.com/lifestyle/life-coaching/2719723-%D9%83%D9%8A%D9%81-%D8%AA%D9%83%D9%88%D9%86-%D9%85%D8%B1%D9%86-%D9%86%D9%81%D8%B3%D9%8A%D8%A7
تصميم شعار اسم (Logo) عصري ومحترف,كريم ع.,0,0,Aucun avis,أسلوب حياة,مهارات حياتية وترفيه,"شعارات, تصميم لوجو, تصميم شعار, شعار احترافي, logodesign",https://khamsat.com/lifestyle/craft-lessons/3905619-%D8%AA%D8%B5%D9%85%D9%8A%D9%85-%D8%B4%D8%B9%D8%A7%D8%B1-%D8%A7%D8%B3%D9%85-logo-%D8%B9%D8%B5%D8%B1%D9%8A-%D9%88%D9%85%D8%AD%D8%AA%D8%B1%D9%81
استشارة علمية وعملية في مجال معامل الصناعات الغذائية,.Mohammad C,6,4,منذ سنة و24 يوم,أسلوب حياة,مهارات حياتية وترفيه,"استشارات, جودة, انتاج, اغذية, تحاليل",https://khamsat.com/lifestyle/craft-lessons/1678950-%D8%A7%D8%B3%D8%AA%D8%B4%D8%A7%D8%B1%D8%A9-%D8%B9%D9%84%D9%85%D9%8A%D8%A9-%D9%88%D8%B9%D9%85%D9%84%D9%8A%D8%A9-%D9%81%D9%8A-%D9%85%D8%AC%D8%A7%D9%84-%D9%85%D8%B9%D8%A7%D9%85%D9%84-%D8%A7%D9%84%D8%B5%D9%86%D8%A7%D8%B9%D8%A7%D8%AA-%D8%A7%D9%84%D8%BA%D8%B0%D8%A7%D8%A6%D9%8A%D8%A9
تعافيت في 90 يومًا دليل عملي ومجرب للتخلص من الإباحية,طارق ا.,0,0,Aucun avis,أسلوب حياة,تنمية شخصية,"استشارة, استشارات, دعم نفسي, علاج الادمان, التخلص من الإباحية",https://khamsat.com/lifestyle/life-coaching/3244597-%D8%AA%D8%B9%D8%A7%D9%81%D9%8A%D8%AA-%D9%81%D9%8A-90-%D9%8A%D9%88%D9%85%D8%A7-%D8%AF%D9%84%D9%8A%D9%84-%D8%B9%D9%85%D9%84%D9%8A-%D9%88%D9%85%D8%AC%D8%B1%D8%A8-%D9%84%D9%84%D8%AA%D8%AE%D9%84%D8%B5-%D9%85%D9%86-%D8%A7%D9%84%D8%A5%D8%A8%D8%A7%D8%AD%D9%8A%D8%A9
تعليم رسم الباترون وفنون التصميم,.Hanan H,1,0,Aucun avis,أسلوب حياة,مهارات حياتية وترفيه,"تصميم, تطوير, تعليم, احترافية, تعليم عن بعد",https://khamsat.com/lifestyle/craft-lessons/3134202-%D8%AA%D8%B9%D9%84%D9%8A%D9%85-%D8%B1%D8%B3%D9%85-%D8%A7%D9%84%D8%A8%D8%A7%D8%AA%D8%B1%D9%88%D9%86-%D9%88%D9%81%D9%86%D9%88%D9%86-%D8%A7%D9%84%D8%AA%D8%B5%D9%85%D9%8A%D9%85
تعلم العزف علي الجيتار من البداية الي الاحتراف,.Hesham H,1,1,منذ سنتين و5 أشهر,أسلوب حياة,مهارات حياتية وترفيه,"تعلم, تدريب, موسيقي, كورس, عزف, موسيقية, نوتة, جيتار",https://khamsat.com/lifestyle/craft-lessons/2554415-%D8%AA%D8%B9%D9%84%D9%85-%D8%A7%D9%84%D8%B9%D8%B2%D9%81-%D8%B9%D9%84%D9%8A-%D8%A7%D9%84%D8%AC%D9%8A%D8%AA%D8%A7%D8%B1-%D9%85%D9%86-%D8%A7%D9%84%D8%A8%D8%AF%D8%A7%D9%8A%D8%A9-%D8%A7%D9%84%D9%8A-%D8%A7%D9%84%D8%A7%D8%AD%D8%AA%D8%B1%D8%A7%D9%81
استشارات زوجية لحل كافة المشاكل الزوجية,محمد ص.,0,0,Aucun avis,أسلوب حياة,تنمية شخصية,"استشارة, نصائح, الحياة, العلاقات",https://khamsat.com/lifestyle/life-coaching/2926171-%D8%A7%D8%B3%D8%AA%D8%B4%D8%A7%D8%B1%D8%A7%D8%AA-%D8%B2%D9%88%D8%AC%D9%8A%D8%A9-%D9%84%D8%AD%D9%84-%D9%83%D8%A7%D9%81%D8%A9-%D8%A7%D9%84%D9%85%D8%B4%D8%A7%D9%83%D9%84-%D8%A7%D9%84%D8%B2%D9%88%D8%AC%D9%8A%D8%A9
طريقة صنع إبرتين2 في ماكينة زيڤزاڤ,.اسية A,0,0,Aucun avis,أسلوب حياة,مهارات حياتية وترفيه,"تصميم, تعليم, صنع, تطريز, خياطة",https://khamsat.com/lifestyle/craft-lessons/3842860-%D8%B7%D8%B1%D9%8A%D9%82%D8%A9-%D8%B5%D9%86%D8%B9-%D8%A5%D8%A8%D8%B1%D8%AA%D9%8A%D9%862-%D9%81%D9%8A-%D9%85%D8%A7%D9%83%D9%8A%D9%86%D8%A9-%D8%B2%D9%8A%D8%B2%D8%A7
فضفضة ومساحة امان لك ودعم نفسي,.Dina M,0,0,Aucun avis,أسلوب حياة,تنمية شخصية,"نصيحة, استشارات, فضفضة, استشارات نفسية, جلسة",https://khamsat.com/lifestyle/life-coaching/3197584-%D9%81%D8%B6%D9%81%D8%B6%D8%A9-%D9%88%D9%85%D8%B3%D8%A7%D8%AD%D8%A9-%D8%A7%D9%85%D8%A7%D9%86-%D9%84%D9%83-%D9%88%D8%AF%D8%B9%D9%85-%D9%86%D9%81%D8%B3%D9%8A
الدليل المجمع لتربية الدواجن من البداية الي الاحتراف,لمياء ا.,18,13,منذ سنة و8 أيام,أسلوب حياة,مهارات حياتية وترفيه,"استشارات, فنية, اعمال, مشاريع, أفكار, ابحاث, دراسات, ناشئة, احصائيات, جدوي",https://khamsat.com/lifestyle/craft-lessons/1898680-%D8%A7%D9%84%D8%AF%D9%84%D9%8A%D9%84-%D8%A7%D9%84%D9%85%D8%AC%D9%85%D8%B9-%D9%84%D8%AA%D8%B1%D8%A8%D9%8A%D8%A9-%D8%A7%D9%84%D8%AF%D9%88%D8%A7%D8%AC%D9%86-%D9%85%D9%86-%D8%A7%D9%84%D8%A8%D8%AF%D8%A7%D9%8A%D8%A9-%D8%A7%D9%84%D9%8A-%D8%A7%D9%84%D8%A7%D8%AD%D8%AA%D8%B1%D8%A7%D9%81
سأكون رفيقك الأفتراضي  جلسات فضفضة,.Yamur Y,0,0,Aucun avis,أسلوب حياة,تنمية شخصية,"فضفضة, راحة, نفسي, رفيق, لا أحكام",https://khamsat.com/lifestyle/life-coaching/3395215-%D8%B3%D8%A3%D9%83%D9%88%D9%86-%D8%B1%D9%81%D9%8A%D9%82%D9%83-%D8%A7%D9%84%D8%A3%D9%81%D8%AA%D8%B1%D8%A7%D8%B6%D9%8A-%D8%AC%D9%84%D8%B3%D8%A7%D8%AA-%D9%81%D8%B6%D9%81%D8%B6%D8%A9
أقدم لك كل ما تريد معرفتة عن العطور,.Nor M,0,0,Aucun avis,أسلوب حياة,مهارات حياتية وترفيه,"تصميم, كتابة, مقالات, pdf, word",https://khamsat.com/lifestyle/craft-lessons/3287474-%D8%A3%D9%82%D8%AF%D9%85-%D9%84%D9%83-%D9%83%D9%84-%D9%85%D8%A7-%D8%AA%D8%B1%D9%8A%D8%AF-%D9%85%D8%B9%D8%B1%D9%81%D8%AA%D8%A9-%D8%B9%D9%86-%D8%A7%D9%84%D8%B9%D8%B7%D9%88%D8%B1
الصفحة المطلوبة غير موجودة,Non trouvé,Non trouvé,Non trouvé,Aucun avis,Inconnu,Inconnu,Aucun tag,https://khamsat.com/lifestyle/life-coaching/3871412-%D8%AA%D8%AD%D9%84%D9%8A%D9%84-%D8%B4%D8%AE%D8%B5%D9%8A%D8%AA%D9%83-%D9%85%D9%86-%D8%AE%D8%B7-%D9%8A%D8%AF%D9%83-%D9%88%D8%AA%D9%88%D9%82%D9%8A%D8%B9%D9%83
جلسات فضفضة لحل المشكلات النفسية وتطوير ذاتك,آيه ت.,0,0,Aucun avis,أسلوب حياة,تنمية شخصية,"استشارات, حلول, مشكلة, دعم, نفسية",https://khamsat.com/lifestyle/life-coaching/2933091-%D8%AC%D9%84%D8%B3%D8%A7%D8%AA-%D9%81%D8%B6%D9%81%D8%B6%D8%A9-%D9%84%D8%AD%D9%84-%D8%A7%D9%84%D9%85%D8%B4%D9%83%D9%84%D8%A7%D8%AA-%D8%A7%D9%84%D9%86%D9%81%D8%B3%D9%8A%D8%A9-%D9%88%D8%AA%D8%B7%D9%88%D9%8A%D8%B1-%D8%B0%D8%A7%D8%AA%D9%83
أساعدك تكتشف تفكيرك الغلط وتشوف الصورة الكاملة لحياتك,.Shady R,0,0,Aucun avis,أسلوب حياة,تنمية شخصية,"استشارة, تطوير الذات, استفسارات, التحليل",https://khamsat.com/lifestyle/life-coaching/3887161-%D8%A3%D8%B3%D8%A7%D8%B9%D8%AF%D9%83-%D8%AA%D9%83%D8%AA%D8%B4%D9%81-%D8%AA%D9%81%D9%83%D9%8A%D8%B1%D9%83-%D8%A7%D9%84%D8%BA%D9%84%D8%B7-%D9%88%D8%AA%D8%B4%D9%88%D9%81-%D8%A7%D9%84%D8%B5%D9%88%D8%B1%D8%A9-%D8%A7%D9%84%D9%83%D8%A7%D9%85%D9%84%D8%A9-%D9%84%D8%AD%D9%8A%D8%A7%D8%AA%D9%83
الصفحة المطلوبة غير موجودة,Non trouvé,Non trouvé,Non trouvé,Aucun avis,Inconnu,Inconnu,Aucun tag,https://khamsat.com/lifestyle/life-coaching/2695552-%D8%A7%D8%AE%D8%B5%D8%A7%D8%A6%D9%8A%D8%A9-%D9%86%D9%81%D8%B3%D9%8A%D8%A9-%D9%84%D9%83%D9%8A%D9%81%D9%8A%D8%A9-%D8%A7%D9%84%D8%AA%D8%B9%D8%A7%D9%85%D9%84-%D9%85%D8%B9-%D8%B0%D9%88%D9%8A-%D8%A7%D9%84%D8%A7%D8%AD%D8%AA%D9%8A%D8%A7%D8%AC%D8%A7%D8%AA
أخصائية نفسية لتقييم حالات صعوبات التعلم,.Nouran A,3,1,منذ سنتين و10 أشهر,أسلوب حياة,تنمية شخصية,"استشارات, مشاكل, حلول, علاج, تعديل, تربية, استشارات نفسية, سلوك, الأطفال",https://khamsat.com/lifestyle/life-coaching/2707441-%D8%A3%D8%AE%D8%B5%D8%A7%D8%A6%D9%8A%D8%A9-%D9%86%D9%81%D8%B3%D9%8A%D8%A9-%D9%84%D8%AA%D9%82%D9%8A%D9%8A%D9%85-%D8%AD%D8%A7%D9%84%D8%A7%D8%AA-%D8%B5%D8%B9%D9%88%D8%A8%D8%A7%D8%AA-%D8%A7%D9%84%D8%AA%D8%B9%D9%84%D9%85
استشاري علاقات عاطفية وزوجية وإجتماعية,.Abdalrahman M,3,3,منذ 7 أشهر و7 أيام,أسلوب حياة,تنمية شخصية,"استشارة, شخصية, دعم, الحب, علاقات",https://khamsat.com/lifestyle/life-coaching/3645581-%D8%A7%D8%B3%D8%AA%D8%B4%D8%A7%D8%B1%D9%8A-%D8%B9%D9%84%D8%A7%D9%82%D8%A7%D8%AA-%D8%B9%D8%A7%D8%B7%D9%81%D9%8A%D8%A9-%D9%88%D8%B2%D9%88%D8%AC%D9%8A%D8%A9-%D9%88%D8%A5%D8%AC%D8%AA%D9%85%D8%A7%D8%B9%D9%8A%D8%A9
افهم ذاتك وروحك مع فضفضة من القلب للقلب,.Zeina A,0,0,Aucun avis,أسلوب حياة,تنمية شخصية,"نصائح, مساعدة, دعم, فضفضة, استشارات نفسية",https://khamsat.com/lifestyle/life-coaching/2743751-%D8%A7%D9%81%D9%87%D9%85-%D8%B0%D8%A7%D8%AA%D9%83-%D9%88%D8%B1%D9%88%D8%AD%D9%83-%D9%85%D8%B9-%D9%81%D8%B6%D9%81%D8%B6%D8%A9-%D9%85%D9%86-%D8%A7%D9%84%D9%82%D9%84%D8%A8-%D9%84%D9%84%D9%82%D9%84%D8%A8
تخاطب وتعديل حروف جميع أنواع اللدغات وعلاج التلعثم,ايمان ي.,3,2,منذ سنة و15 يوم,أسلوب حياة,تنمية شخصية,"عن, بعد, تعديل, اطفال, سلوك",https://khamsat.com/lifestyle/life-coaching/2974393-%D8%AA%D8%AE%D8%A7%D8%B7%D8%A8-%D9%88%D8%AA%D8%B9%D8%AF%D9%8A%D9%84-%D8%AD%D8%B1%D9%88%D9%81-%D8%AC%D9%85%D9%8A%D8%B9-%D8%A3%D9%86%D9%88%D8%A7%D8%B9-%D8%A7%D9%84%D9%84%D8%AF%D8%BA%D8%A7%D8%AA-%D9%88%D8%B9%D9%84%D8%A7%D8%AC-%D8%A7%D9%84%D8%AA%D9%84%D8%B9%D8%AB%D9%85
كوتشينغ عائلي متخصصة : دعم للمراهقين وتوجيه للعلاقات الزوجية,يارا م.,9,7,منذ 4 أشهر و7 أيام,أسلوب حياة,تنمية شخصية,"مساعدة, التواصل, العلاقات, تربوية, استشارات نفسية",https://khamsat.com/lifestyle/life-coaching/3854915-%D9%83%D9%88%D8%AA%D8%B4%D9%8A%D9%86%D8%BA-%D8%B9%D8%A7%D8%A6%D9%84%D9%8A-%D9%85%D8%AA%D8%AE%D8%B5%D8%B5%D8%A9-%D8%AF%D8%B9%D9%85-%D9%84%D9%84%D9%85%D8%B1%D8%A7%D9%87%D9%82%D9%8A%D9%86-%D9%88%D8%AA%D9%88%D8%AC%D9%8A%D9%87-%D9%84%D9%84%D8%B9%D9%84%D8%A7%D9%82%D8%A7%D8%AA-%D8%A7%D9%84%D8%B2%D9%88%D8%AC%D9%8A%D8%A9
جلسة اكتشاف الذات عبر المراسلة,.Mohamed Y,0,0,Aucun avis,أسلوب حياة,تنمية شخصية,"تطوير الذات, ارشاد, إستشارة",https://khamsat.com/lifestyle/life-coaching/3890860-%D8%AC%D9%84%D8%B3%D8%A9-%D8%A7%D9%83%D8%AA%D8%B4%D8%A7%D9%81-%D8%A7%D9%84%D8%B0%D8%A7%D8%AA-%D8%B9%D8%A8%D8%B1-%D8%A7%D9%84%D9%85%D8%B1%D8%A7%D8%B3%D9%84%D8%A9
تفريغ نفسي ودعم عاطفي وفضفضة,الاء ع.,0,0,Aucun avis,أسلوب حياة,تنمية شخصية,"نصيحة, مساعدة, دعم, فضفضة, استشارات نفسية",https://khamsat.com/lifestyle/life-coaching/3294001-%D8%AA%D9%81%D8%B1%D9%8A%D8%BA-%D9%86%D9%81%D8%B3%D9%8A-%D9%88%D8%AF%D8%B9%D9%85-%D8%B9%D8%A7%D8%B7%D9%81%D9%8A-%D9%88%D9%81%D8%B6%D9%81%D8%B6%D8%A9
استشارة فردية مع Life coach,هدى ح.,1,1,منذ سنة و11 شهر,أسلوب حياة,تنمية شخصية,Aucun tag,https://khamsat.com/lifestyle/life-coaching/2092001-%D8%A7%D8%B3%D8%AA%D8%B4%D8%A7%D8%B1%D8%A9-%D9%81%D8%B1%D8%AF%D9%8A%D8%A9-%D9%85%D8%B9-life-coach
كوتشينج شخصي لايف كوتش كوتش صحي,.Mahmoud K,0,0,Aucun avis,أسلوب حياة,تنمية شخصية,"استشارة, تطوير الذات, جلسة, سمنة",https://khamsat.com/lifestyle/life-coaching/3846265-%D9%83%D9%88%D8%AA%D8%B4%D9%8A%D9%86%D8%AC-%D8%B4%D8%AE%D8%B5%D9%8A-%D9%84%D8%A7%D9%8A%D9%81-%D9%83%D9%88%D8%AA%D8%B4-%D9%83%D9%88%D8%AA%D8%B4-%D8%B5%D8%AD%D9%8A
برنامج علاجي فردي متكامل للثقه بالنفس,فاطمة ف.,0,0,Aucun avis,أسلوب حياة,تنمية شخصية,"استشارة, مساعدة, شخصية, علاج, نفسي",https://khamsat.com/lifestyle/life-coaching/2869289-%D8%A8%D8%B1%D9%86%D8%A7%D9%85%D8%AC-%D8%B9%D9%84%D8%A7%D8%AC%D9%8A-%D9%81%D8%B1%D8%AF%D9%8A-%D9%85%D8%AA%D9%83%D8%A7%D9%85%D9%84-%D9%84%D9%84%D8%AB%D9%82%D9%87-%D8%A8%D8%A7%D9%84%D9%86%D9%81%D8%B3
استشارات عاطفية وزوجية لمساعدتك على تحسين علاقتك بسرية تامة,أمير ج.,0,0,Aucun avis,أسلوب حياة,تنمية شخصية,"استشارة, حلول, شخصية, دعم, علاقات",https://khamsat.com/lifestyle/life-coaching/3766891-%D8%A7%D8%B3%D8%AA%D8%B4%D8%A7%D8%B1%D8%A7%D8%AA-%D8%B9%D8%A7%D8%B7%D9%81%D9%8A%D8%A9-%D9%88%D8%B2%D9%88%D8%AC%D9%8A%D8%A9-%D9%84%D9%85%D8%B3%D8%A7%D8%B9%D8%AF%D8%AA%D9%83-%D8%B9%D9%84%D9%89-%D8%AA%D8%AD%D8%B3%D9%8A%D9%86-%D8%B9%D9%84%D8%A7%D9%82%D8%AA%D9%83-%D8%A8%D8%B3%D8%B1%D9%8A%D8%A9-%D8%AA%D8%A7%D9%85%D8%A9
أقوم بتحليل كامل لشخصيتك ليس اختبار,.Essam A,0,0,Aucun avis,أسلوب حياة,تنمية شخصية,"شخصي, شخصية, تنمية, التحليل, تحليل شخصية",https://khamsat.com/lifestyle/life-coaching/2676060-%D8%A3%D9%82%D9%88%D9%85-%D8%A8%D8%AA%D8%AD%D9%84%D9%8A%D9%84-%D9%83%D8%A7%D9%85%D9%84-%D9%84%D8%B4%D8%AE%D8%B5%D9%8A%D8%AA%D9%83-%D9%84%D9%8A%D8%B3-%D8%A7%D8%AE%D8%AA%D8%A8%D8%A7%D8%B1
الصفحة المطلوبة غير موجودة,Non trouvé,Non trouvé,Non trouvé,Aucun avis,Inconnu,Inconnu,Aucun tag,https://khamsat.com/lifestyle/craft-lessons/2862262-%D8%B3%D8%A3%D9%82%D8%AF%D9%85-%D9%84%D9%83-%D8%A7%D8%B3%D8%AA%D8%B4%D8%A7%D8%B1%D8%A7%D8%AA-%D9%81%D9%89-%D9%85%D8%AC%D8%A7%D9%84-%D8%A7%D9%84%D8%B3%D8%A8%D8%A7%D9%83%D8%A9-%D9%88%D8%A7%D9%84%D8%AF%D9%87%D8%A7%D9%86%D8%A7%D8%AA-%D9%88%D8%A7%D9%84%D9%86%D8%AC%D8%A7%D8%B1%D8%A9
استشارة نفسية أو حياتية جلسات فضفضة بكامل السرية,عبد الرحمن ا.,12,11,منذ سنة وشهر,أسلوب حياة,تنمية شخصية,"برمجة, استشارة, استشارات, الصحة, لغوية",https://khamsat.com/lifestyle/life-coaching/2683804-%D8%A7%D8%B3%D8%AA%D8%B4%D8%A7%D8%B1%D8%A9-%D9%86%D9%81%D8%B3%D9%8A%D8%A9-%D8%A3%D9%88-%D8%AD%D9%8A%D8%A7%D8%AA%D9%8A%D8%A9-%D8%AC%D9%84%D8%B3%D8%A7%D8%AA-%D9%81%D8%B6%D9%81%D8%B6%D8%A9-%D8%A8%D9%83%D8%A7%D9%85%D9%84-%D8%A7%D9%84%D8%B3%D8%B1%D9%8A%D8%A9
سأكون صديقك للاستماع والدعم من خلال جلسة فضفضة مريحة,أمير ج.,0,0,Aucun avis,أسلوب حياة,تنمية شخصية,"نصائح, دعم, نفسية, فضفضة, مشكلات",https://khamsat.com/lifestyle/life-coaching/3762090-%D8%B3%D8%A3%D9%83%D9%88%D9%86-%D8%B5%D8%AF%D9%8A%D9%82%D9%83-%D9%84%D9%84%D8%A7%D8%B3%D8%AA%D9%85%D8%A7%D8%B9-%D9%88%D8%A7%D9%84%D8%AF%D8%B9%D9%85-%D9%85%D9%86-%D8%AE%D9%84%D8%A7%D9%84-%D8%AC%D9%84%D8%B3%D8%A9-%D9%81%D8%B6%D9%81%D8%B6%D8%A9-%D9%85%D8%B1%D9%8A%D8%AD%D8%A9
اختبر مدى تقديرك لذاتك self-esteem,رهام س.,3,3,منذ سنتين و16 يوم,أسلوب حياة,تنمية شخصية,"استبيان, الذات, تقدير, مفهوم",https://khamsat.com/lifestyle/life-coaching/1960428-%D8%A7%D8%AE%D8%AA%D8%A8%D8%B1-%D9%85%D8%AF%D9%89-%D8%AA%D9%82%D8%AF%D9%8A%D8%B1%D9%83-%D9%84%D8%B0%D8%A7%D8%AA%D9%83-self-esteem
اعرف نفسك واقترب من ذاتك (باسمك ترتفع ...),محمد س.,0,0,Aucun avis,أسلوب حياة,مهارات حياتية وترفيه,تطوير الذات,https://khamsat.com/lifestyle/craft-lessons/3436001-%D8%A7%D8%B9%D8%B1%D9%81-%D9%86%D9%81%D8%B3%D9%83-%D9%88%D8%A7%D9%82%D8%AA%D8%B1%D8%A8-%D9%85%D9%86-%D8%B0%D8%A7%D8%AA%D9%83-%D8%A8%D8%A7%D8%B3%D9%85%D9%83-%D8%AA%D8%B1%D8%AA%D9%81%D8%B9-
جلسة لايف كوتش لمساعدتك في اتخاذ قرار أو تطوير ذاتك,شذا ق.,0,0,Aucun avis,أسلوب حياة,تنمية شخصية,"دعم, تطوير الذات, العلاقات, فضفضة, استشارات نفسية",https://khamsat.com/lifestyle/life-coaching/3775086-%D8%AC%D9%84%D8%B3%D8%A9-%D9%84%D8%A7%D9%8A%D9%81-%D9%83%D9%88%D8%AA%D8%B4-%D9%84%D9%85%D8%B3%D8%A7%D8%B9%D8%AF%D8%AA%D9%83-%D9%81%D9%8A-%D8%A7%D8%AA%D8%AE%D8%A7%D8%B0-%D9%82%D8%B1%D8%A7%D8%B1-%D8%A3%D9%88-%D8%AA%D8%B7%D9%88%D9%8A%D8%B1-%D8%B0%D8%A7%D8%AA%D9%83
تقديم جلسات دعم نفسي لمن تعرض لموقف صعب ..,شذا ق.,2,0,Aucun avis,أسلوب حياة,تنمية شخصية,"استشارات, تفريغ, مشكلة, دعم, حل, ارشاد, نفسية, فضفضة, نفسي, جلسة",https://khamsat.com/lifestyle/life-coaching/2536263-%D8%AA%D9%82%D8%AF%D9%8A%D9%85-%D8%AC%D9%84%D8%B3%D8%A7%D8%AA-%D8%AF%D8%B9%D9%85-%D9%86%D9%81%D8%B3%D9%8A-%D9%84%D9%85%D9%86-%D8%AA%D8%B9%D8%B1%D8%B6-%D9%84%D9%85%D9%88%D9%82%D9%81-%D8%B5%D8%B9%D8%A8-
تصميم عمل فني رقمي رمزي مخصص يعبر عنك بأسلوب سريالي فريد,.Nour K,0,0,Aucun avis,أسلوب حياة,مهارات حياتية وترفيه,"رسومات, التصميم الإبداعي, فن رقمي, digital collage, غلاف فني",https://khamsat.com/lifestyle/craft-lessons/3505182-%D8%AA%D8%B5%D9%85%D9%8A%D9%85-%D8%B9%D9%85%D9%84-%D9%81%D9%86%D9%8A-%D8%B1%D9%82%D9%85%D9%8A-%D8%B1%D9%85%D8%B2%D9%8A-%D9%85%D8%AE%D8%B5%D8%B5-%D9%8A%D8%B9%D8%A8%D8%B1-%D8%B9%D9%86%D9%83-%D8%A8%D8%A3%D8%B3%D9%84%D9%88%D8%A8-%D8%B3%D8%B1%D9%8A%D8%A7%D9%84%D9%8A-%D9%81%D8%B1%D9%8A%D8%AF
الصفحة المطلوبة غير موجودة,Non trouvé,Non trouvé,Non trouvé,Aucun avis,Inconnu,Inconnu,Aucun tag,https://khamsat.com/lifestyle/life-coaching/2777616-%D8%A7%D8%B3%D8%AA%D8%B4%D8%A7%D8%B1%D8%A9-%D9%86%D9%81%D8%B3%D9%8A%D8%A9-%D9%84%D9%84%D8%AA%D8%AE%D9%84%D8%B5-%D9%85%D9%86-%D8%A7%D9%84%D9%81%D9%88%D8%A8%D9%8A%D8%A7-%D8%A7%D9%88-%D8%A7%D9%84%D8%AE%D9%88%D9%81-%D8%A8%D8%A3%D9%86%D9%88%D8%A7%D8%B9%D9%87
جلسات نفسية  واستشارات نفسية وأسرية,.Mona M,6,5,منذ سنتين و10 أشهر,أسلوب حياة,تنمية شخصية,"استشارات, جلسات, نفسية",https://khamsat.com/lifestyle/life-coaching/2308647-%D8%AC%D9%84%D8%B3%D8%A7%D8%AA-%D9%86%D9%81%D8%B3%D9%8A%D8%A9-%D9%88%D8%A7%D8%B3%D8%AA%D8%B4%D8%A7%D8%B1%D8%A7%D8%AA-%D9%86%D9%81%D8%B3%D9%8A%D8%A9-%D9%88%D8%A3%D8%B3%D8%B1%D9%8A%D8%A9
احصل على استشارة من اخصائي تخاطب,.Muhammet B,2,2,منذ 9 أشهر و25 يوم,أسلوب حياة,تنمية شخصية,"استشارة, لغة, صحة, لغوي, تأهيل, تخاطب, تأخر",https://khamsat.com/lifestyle/life-coaching/1699521-%D8%A7%D8%AD%D8%B5%D9%84-%D8%B9%D9%84%D9%89-%D8%A7%D8%B3%D8%AA%D8%B4%D8%A7%D8%B1%D8%A9-%D9%85%D9%86-%D8%A7%D8%AE%D8%B5%D8%A7%D8%A6%D9%8A-%D8%AA%D8%AE%D8%A7%D8%B7%D8%A8
جلسة استماع بوعى لتحرير قيودك الداخلية,ايمان ق.,2,2,منذ سنة و6 أشهر,أسلوب حياة,تنمية شخصية,"شخصية, محادثة, فضفضة, استشارات نفسية, جلسة",https://khamsat.com/lifestyle/life-coaching/2953051-%D8%AC%D9%84%D8%B3%D8%A9-%D8%A7%D8%B3%D8%AA%D9%85%D8%A7%D8%B9-%D8%A8%D9%88%D8%B9%D9%89-%D9%84%D8%AA%D8%AD%D8%B1%D9%8A%D8%B1-%D9%82%D9%8A%D9%88%D8%AF%D9%83-%D8%A7%D9%84%D8%AF%D8%A7%D8%AE%D9%84%D9%8A%D8%A9
جلسات علاج نفسي للكبار والمراهقين,.Yasmin K,19,14,منذ شهرين و22 يوم,أسلوب حياة,تنمية شخصية,"مشاكل, شخصية, نفسي, استشارات نفسية, جلسة",https://khamsat.com/lifestyle/life-coaching/3097800-%D8%AC%D9%84%D8%B3%D8%A7%D8%AA-%D8%B9%D9%84%D8%A7%D8%AC-%D9%86%D9%81%D8%B3%D9%8A-%D9%84%D9%84%D9%83%D8%A8%D8%A7%D8%B1-%D9%88%D8%A7%D9%84%D9%85%D8%B1%D8%A7%D9%87%D9%82%D9%8A%D9%86
أساسيات زراعة الخضروات والفواكه,.Diverse D,0,0,Aucun avis,أسلوب حياة,مهارات حياتية وترفيه,"أسرار, الزراعة, أنواع",https://khamsat.com/lifestyle/craft-lessons/2061796-%D8%A3%D8%B3%D8%A7%D8%B3%D9%8A%D8%A7%D8%AA-%D8%B2%D8%B1%D8%A7%D8%B9%D8%A9-%D8%A7%D9%84%D8%AE%D8%B6%D8%B1%D9%88%D8%A7%D8%AA-%D9%88%D8%A7%D9%84%D9%81%D9%88%D8%A7%D9%83%D9%87
برنامج علاج معرفي سلوكي  جلسات مخصصة حسب حالتك,.Asma O,5,4,منذ 6 أشهر و16 يوم,أسلوب حياة,تنمية شخصية,"علاج, نفسي, استشارات نفسية, علاج نفسي, صحةنفسية",https://khamsat.com/lifestyle/life-coaching/3325149-%D8%A8%D8%B1%D9%86%D8%A7%D9%85%D8%AC-%D8%B9%D9%84%D8%A7%D8%AC-%D9%85%D8%B9%D8%B1%D9%81%D9%8A-%D8%B3%D9%84%D9%88%D9%83%D9%8A-%D8%AC%D9%84%D8%B3%D8%A7%D8%AA-%D9%85%D8%AE%D8%B5%D8%B5%D8%A9-%D8%AD%D8%B3%D8%A8-%D8%AD%D8%A7%D9%84%D8%AA%D9%83
استشارات زراعية خبرة 30 عاماً,شذا ق.,6,3,منذ 3 سنوات و8 أشهر,أسلوب حياة,مهارات حياتية وترفيه,"زراعة, حقل, مرض, خضار, فواكه, موسم, زراعي, محصول",https://khamsat.com/lifestyle/craft-lessons/1851461-%D8%A7%D8%B3%D8%AA%D8%B4%D8%A7%D8%B1%D8%A7%D8%AA-%D8%B2%D8%B1%D8%A7%D8%B9%D9%8A%D8%A9-%D8%AE%D8%A8%D8%B1%D8%A9-30-%D8%B9%D8%A7%D9%85%D8%A7
فنون وحرف واعمال يدوية واضاءات واعمال ديكور,.Rateb N,0,0,Aucun avis,أسلوب حياة,مهارات حياتية وترفيه,"تصميم, استشارة, اعمال, ارباح, ديكور, احترافي, مشروع, هدايا, ترفيه, هواية",https://khamsat.com/lifestyle/craft-lessons/2476868-%D9%81%D9%86%D9%88%D9%86-%D9%88%D8%AD%D8%B1%D9%81-%D9%88%D8%A7%D8%B9%D9%85%D8%A7%D9%84-%D9%8A%D8%AF%D9%88%D9%8A%D8%A9-%D9%88%D8%A7%D8%B6%D8%A7%D8%A1%D8%A7%D8%AA-%D9%88%D8%A7%D8%B9%D9%85%D8%A7%D9%84-%D8%AF%D9%8A%D9%83%D9%88%D8%B1
جلسة تدريبية على اجتياز المقابلات الوظيفية باحترافية,.Ahmed M,11,8,منذ 11 شهر و12 ساعة,أسلوب حياة,تنمية شخصية,"استشارات, وظيفة, مقابلة, مقابلات, وظيفية, جلسة",https://khamsat.com/lifestyle/career-counseling/2791274-%D8%AC%D9%84%D8%B3%D8%A9-%D8%AA%D8%AF%D8%B1%D9%8A%D8%A8%D9%8A%D8%A9-%D8%B9%D9%84%D9%89-%D8%A7%D8%AC%D8%AA%D9%8A%D8%A7%D8%B2-%D8%A7%D9%84%D9%85%D9%82%D8%A7%D8%A8%D9%84%D8%A7%D8%AA-%D8%A7%D9%84%D9%88%D8%B8%D9%8A%D9%81%D9%8A%D8%A9-%D8%A8%D8%A7%D8%AD%D8%AA%D8%B1%D8%A7%D9%81%D9%8A%D8%A9
ملخص طرق واستراتيجيات من الكتب,شيماء ش.,1,1,منذ 10 أشهر و18 يوم,أسلوب حياة,تنمية شخصية,"تصميم, تطوير, pdf",https://khamsat.com/lifestyle/career-counseling/3754896-%D9%86%D9%88%D8%AA%D8%A8%D9%88%D9%83-%D8%B9%D9%85%D9%84%D9%8A-%D9%85%D9%84%D8%AE%D8%B5-%D8%B7%D8%B1%D9%82-%D9%88%D8%A7%D8%B3%D8%AA%D8%B1%D8%A7%D8%AA%D9%8A%D8%AC%D9%8A%D8%A7%D8%AA-%D9%85%D9%86-%D8%A7%D9%84%D9%83%D8%AA%D8%A8
كيف اتقدم الى مقابلة العمل,.Mostafa T,7,6,منذ سنة و12 شهر,أسلوب حياة,تنمية شخصية,"وظيفة, عمل, اعمال, مقابلة, مقابلة العمل",https://khamsat.com/lifestyle/career-counseling/2853063-%D9%83%D9%8A%D9%81-%D8%A7%D8%AA%D9%82%D8%AF%D9%85-%D8%A7%D9%84%D9%89-%D9%85%D9%82%D8%A7%D8%A8%D9%84%D8%A9-%D8%A7%D9%84%D8%B9%D9%85%D9%84
استشارة في تعلم مجالات البرمجة، تسويق الكتروني، ريادة اعمال,.Abram A,2,2,منذ سنة و6 أشهر,أسلوب حياة,تنمية شخصية,"كورسات, مساعد افتراضي, تعليم البرمجة, استشارة تعليمية, مستشار تعليمي",https://khamsat.com/lifestyle/career-counseling/3022358-%D8%A7%D8%B3%D8%AA%D8%B4%D8%A7%D8%B1%D8%A9-%D9%81%D9%8A-%D8%AA%D8%B9%D9%84%D9%85-%D9%85%D8%AC%D8%A7%D9%84%D8%A7%D8%AA-%D8%A7%D9%84%D8%A8%D8%B1%D9%85%D8%AC%D8%A9-%D8%AA%D8%B3%D9%88%D9%8A%D9%82-%D8%A7%D9%84%D9%83%D8%AA%D8%B1%D9%88%D9%86%D9%8A-%D8%B1%D9%8A%D8%A7%D8%AF%D8%A9-%D8%A7%D8%B9%D9%85%D8%A7%D9%84
الصفحة المطلوبة غير موجودة,Non trouvé,Non trouvé,Non trouvé,Aucun avis,Inconnu,Inconnu,Aucun tag,https://khamsat.com/lifestyle/life-coaching/3382556-%D9%83%D9%88%D8%AA%D8%B4-%D8%AD%D9%8A%D8%A7%D8%A9-%D9%85%D8%B9%D8%AA%D9%85%D8%AF-%D8%A7%D8%B3%D8%AA%D8%B4%D8%A7%D8%B1%D8%A7%D8%AA-%D9%86%D9%81%D8%B3%D9%8A%D8%A9-%D8%A3%D8%B3%D8%B1%D9%8A%D8%A9-%D8%AA%D8%B9%D8%AF%D9%8A%D9%84-%D8%B3%D9%84%D9%88%D9%83-%D9%85%D8%B9%D8%B1%D9%81%D9%8A
استشارات شخصية,Non trouvé,Non trouvé,Non trouvé,Aucun avis,أسلوب حياة,تنمية شخصية,Aucun tag,https://khamsat.com/lifestyle/life-coaching/2152275-%D8%A7%D8%B3%D8%AA%D8%B4%D8%A7%D8%B1%D8%A7%D8%AA-%D8%B9%D9%84%D8%A7%D9%82%D8%A7%D8%AA-%D8%B4%D8%AE%D8%B5%D9%8A%D8%A9-%D9%88%D8%B9%D8%A7%D8%B7%D9%81%D9%8A%D8%A9
تقديم تدريب نفسي ومهاري للأطفال والمراهقين(ساعة),آسية ا.,7,5,منذ سنتين ويوم,أسلوب حياة,تنمية شخصية,"تعليم, تدريب, أطفال, نفسي, مراهق, تربوي, نفسى",https://khamsat.com/lifestyle/life-coaching/1585854-%D8%AA%D9%82%D8%AF%D9%8A%D9%85-%D8%AA%D8%AF%D8%B1%D9%8A%D8%A8-%D9%86%D9%81%D8%B3%D9%8A-%D9%88%D9%85%D9%87%D8%A7%D8%B1%D9%8A-%D9%84%D9%84%D8%A3%D8%B7%D9%81%D8%A7%D9%84-%D9%88%D8%A7%D9%84%D9%85%D8%B1%D8%A7%D9%87%D9%82%D9%8A%D9%86%D8%B3%D8%A7%D8%B9%D8%A9
تقديم المشورة النفسية والإجتماعية,.Shimaa S,8,7,منذ شهر و27 يوم,أسلوب حياة,تنمية شخصية,"دعم, الذات, ارشاد, استشارات نفسية",https://khamsat.com/lifestyle/life-coaching/3317350-%D8%AA%D9%82%D8%AF%D9%8A%D9%85-%D8%A7%D9%84%D9%85%D8%B4%D9%88%D8%B1%D8%A9-%D8%A7%D9%84%D9%86%D9%81%D8%B3%D9%8A%D8%A9-%D9%88%D8%A7%D9%84%D8%A5%D8%AC%D8%AA%D9%85%D8%A7%D8%B9%D9%8A%D8%A9
مهنة الحرية  دليلك الشامل للعمل الحر و كسب المال,.Yussef A,1,0,Aucun avis,أسلوب حياة,تنمية شخصية,"استشارات, اعمال, كتاب, محاسبة, صوتى, الدخل, المحاسبة, مالى, erp, المضافة",https://khamsat.com/lifestyle/career-counseling/2827541-%D9%85%D9%87%D9%86%D8%A9-%D8%A7%D9%84%D8%AD%D8%B1%D9%8A%D8%A9-%D8%AF%D9%84%D9%8A%D9%84%D9%83-%D8%A7%D9%84%D8%B4%D8%A7%D9%85%D9%84-%D9%84%D9%84%D8%B9%D9%85%D9%84-%D8%A7%D9%84%D8%AD%D8%B1-%D9%88-%D9%83%D8%B3%D8%A8-%D8%A7%D9%84%D9%85%D8%A7%D9%84
التدريب الشخصي لطلاب الدكتوراه - PhD Coach,هشام ا.,7,6,منذ 3 أيام و13 ساعة,أسلوب حياة,تنمية شخصية,"اللغة الانجليزية, proofreading, دكتوراه, coach, phd",https://khamsat.com/lifestyle/career-counseling/3004085-%D8%A7%D9%84%D8%AA%D8%AF%D8%B1%D9%8A%D8%A8-%D8%A7%D9%84%D8%B4%D8%AE%D8%B5%D9%8A-%D9%84%D8%B7%D9%84%D8%A7%D8%A8-%D8%A7%D9%84%D8%AF%D9%83%D8%AA%D9%88%D8%B1%D8%A7%D9%87-phd-coach
جلسات تدريب مهني Life & Career Coaching,.Hamsa T,11,10,منذ شهر و7 أيام,أسلوب حياة,تنمية شخصية,"استشارة, دعم, تدريب, ادارة, coaching",https://khamsat.com/lifestyle/career-counseling/2902178-%D8%AC%D9%84%D8%B3%D8%A7%D8%AA-%D8%AA%D8%AF%D8%B1%D9%8A%D8%A8-%D9%85%D9%87%D9%86%D9%8A-life-career-coaching
بناء حساب لينكدان إحترافي,أحمد ع.,1,1,منذ 10 أشهر و20 يوم,أسلوب حياة,تنمية شخصية,"لينكدان, تصميم cv, بروفايل لينكدان, حساب إحترافي, تحسين لينكدان",https://khamsat.com/lifestyle/career-counseling/3692461-%D8%A8%D9%86%D8%A7%D8%A1-%D8%AD%D8%B3%D8%A7%D8%A8-%D9%84%D9%8A%D9%86%D9%83%D8%AF%D8%A7%D9%86-%D8%A5%D8%AD%D8%AA%D8%B1%D8%A7%D9%81%D9%8A
سأدربك على إجراء مقابلة عمل احترافية باللغة الإنجليزية بثقة,.Abd Alkader D,13,7,منذ 3 سنوات و11 شهر,أسلوب حياة,تنمية شخصية,"لغة, تدريب, اون, إنكليزية, تدريس",https://khamsat.com/lifestyle/career-counseling/2014990-%D8%B3%D8%A3%D8%AF%D8%B1%D8%A8%D9%83-%D8%B9%D9%84%D9%89-%D8%A5%D8%AC%D8%B1%D8%A7%D8%A1-%D9%85%D9%82%D8%A7%D8%A8%D9%84%D8%A9-%D8%B9%D9%85%D9%84-%D8%A5%D8%AD%D8%AA%D8%B1%D8%A7%D9%81%D9%8A%D8%A9-%D8%A8%D8%A7%D9%84%D9%84%D8%BA%D8%A9-%D8%A7%D9%84%D8%A5%D9%86%D8%AC%D9%84%D9%8A%D8%B2%D9%8A%D8%A9-%D8%A8%D8%AB%D9%82%D8%A9
اخصائية نفسانية للطفل والمراهق والراشد,.Hanaa M,1,0,Aucun avis,أسلوب حياة,تنمية شخصية,"استشارات, تفريغ, شخصية, تربية, استشارات نفسية",https://khamsat.com/lifestyle/life-coaching/3018615-%D8%A7%D8%AE%D8%B5%D8%A7%D8%A6%D9%8A%D8%A9-%D9%86%D9%81%D8%B3%D8%A7%D9%86%D9%8A%D8%A9-%D9%84%D9%84%D8%B7%D9%81%D9%84-%D9%88%D8%A7%D9%84%D9%85%D8%B1%D8%A7%D9%87%D9%82-%D9%88%D8%A7%D9%84%D8%B1%D8%A7%D8%B4%D8%AF
استشارة ودورات تنمية ذاتية وموارد بشرية,.Heba H,0,0,Aucun avis,أسلوب حياة,تنمية شخصية,"ذاتية, تنمية, بشرية, موارد, hr",https://khamsat.com/lifestyle/life-coaching/2295947-%D8%A7%D8%B3%D8%AA%D8%B4%D8%A7%D8%B1%D8%A9-%D9%88%D8%AF%D9%88%D8%B1%D8%A7%D8%AA-%D8%AA%D9%86%D9%85%D9%8A%D8%A9-%D8%B0%D8%A7%D8%AA%D9%8A%D8%A9-%D9%88%D9%85%D9%88%D8%A7%D8%B1%D8%AF-%D8%A8%D8%B4%D8%B1%D9%8A%D8%A9
الصفحة المطلوبة غير موجودة,Non trouvé,Non trouvé,Non trouvé,Aucun avis,Inconnu,Inconnu,Aucun tag,https://khamsat.com/lifestyle/life-coaching/2739019-%D8%AA%D9%88%D8%AC%D9%8A%D9%87%D9%83-%D9%84%D9%85%D8%B9%D8%B1%D9%81%D8%A9-%D9%83%D9%8A%D9%81-%D8%AA%D8%B9%D8%B1%D9%81-%D8%A7%D9%86%D9%83-%D8%A8%D8%AD%D8%A7%D8%AC%D8%A9-%D9%84%D8%A7%D8%B3%D8%AA%D8%B4%D8%A7%D8%B1%D8%A9-%D9%86%D9%81%D8%B3%D9%8A%D8%A9
جلسات لايف كوتش حاصلة على الاعتماد الدولي CIF,هبه د.,6,2,منذ سنتين و11 شهر,أسلوب حياة,تنمية شخصية,"مشاكل, نصائح, مساعدة, تحفيز, تطوير الذات, جلسات, كوتشينج, لايف كوتش, نفسي, استشارات نفسية",https://khamsat.com/lifestyle/life-coaching/2640641-%D8%AC%D9%84%D8%B3%D8%A7%D8%AA-%D9%84%D8%A7%D9%8A%D9%81-%D9%83%D9%88%D8%AA%D8%B4-%D8%AD%D8%A7%D8%B5%D9%84%D8%A9-%D8%B9%D9%84%D9%89-%D8%A7%D9%84%D8%A7%D8%B9%D8%AA%D9%85%D8%A7%D8%AF-%D8%A7%D9%84%D8%AF%D9%88%D9%84%D9%8A-cif
استشارات شخصيه استشارات نفسيه,.Dina M,0,0,Aucun avis,أسلوب حياة,تنمية شخصية,"استشارة, مشاكل, حلول, دعم, علاج, تحفيز, نفسية, مساعده, نفسي, استشارات نفسية",https://khamsat.com/lifestyle/life-coaching/2605088-%D8%A7%D8%B3%D8%AA%D8%B4%D8%A7%D8%B1%D8%A7%D8%AA-%D8%B4%D8%AE%D8%B5%D9%8A%D9%87-%D8%A7%D8%B3%D8%AA%D8%B4%D8%A7%D8%B1%D8%A7%D8%AA-%D9%86%D9%81%D8%B3%D9%8A%D9%87
فضفضة واستماع وحل المشاكل,.Rowaan R,2,2,منذ سنة و7 أشهر,أسلوب حياة,تنمية شخصية,"حلول, دعم, محادثة, شخصيه, فضفضة",https://khamsat.com/lifestyle/life-coaching/3097268-%D9%81%D8%B6%D9%81%D8%B6%D8%A9-%D9%88%D8%A7%D8%B3%D8%AA%D9%85%D8%A7%D8%B9-%D9%88%D8%AD%D9%84-%D8%A7%D9%84%D9%85%D8%B4%D8%A7%D9%83%D9%84
جلسات نفسية واستشارات وفضفضة وإرشاد أسرى,ايمان ي.,1,0,Aucun avis,أسلوب حياة,تنمية شخصية,"استشارة, ارشاد, الحياة, استشارات نفسية",https://khamsat.com/lifestyle/life-coaching/3172924-%D8%AC%D9%84%D8%B3%D8%A7%D8%AA-%D9%86%D9%81%D8%B3%D9%8A%D8%A9-%D9%88%D8%A7%D8%B3%D8%AA%D8%B4%D8%A7%D8%B1%D8%A7%D8%AA-%D9%88%D9%81%D8%B6%D9%81%D8%B6%D8%A9-%D9%88%D8%A5%D8%B1%D8%B4%D8%A7%D8%AF-%D8%A3%D8%B3%D8%B1%D9%89
جلسة علاج جدلى سلوكى لتنظيم افكارك و مشاعرك,ايمان ق.,10,6,منذ 6 أشهر و16 يوم,أسلوب حياة,تنمية شخصية,"علاج, استشارات نفسية, جدلى, معرفى, سلوكى",https://khamsat.com/lifestyle/life-coaching/2940509-%D8%AC%D9%84%D8%B3%D8%A9-%D8%B9%D9%84%D8%A7%D8%AC-%D8%AC%D8%AF%D9%84%D9%89-%D8%B3%D9%84%D9%88%D9%83%D9%89-%D9%84%D8%AA%D9%86%D8%B8%D9%8A%D9%85-%D8%A7%D9%81%D9%83%D8%A7%D8%B1%D9%83-%D9%88-%D9%85%D8%B4%D8%A7%D8%B9%D8%B1%D9%83
استشارات تربوية في التعليم و تدريب المدربين للعروض التقديمية,.Effat E,1,0,Aucun avis,أسلوب حياة,تنمية شخصية,"مدرب, كوتش",https://khamsat.com/lifestyle/life-coaching/374029-%D8%A7%D8%B3%D8%AA%D8%B4%D8%A7%D8%B1%D8%A7%D8%AA-%D8%AA%D8%B1%D8%A8%D9%88%D9%8A%D8%A9-%D9%81%D9%8A-%D8%A7%D9%84%D8%AA%D8%B9%D9%84%D9%8A%D9%85-%D9%88-%D8%AA%D8%AF%D8%B1%D9%8A%D8%A8-%D8%A7%D9%84%D9%85%D8%AF%D8%B1%D8%A8%D9%8A%D9%86-%D9%84%D9%84%D8%B9%D8%B1%D9%88%D8%B6-%D8%A7%D9%84%D8%AA%D9%82%D8%AF%D9%8A%D9%85%D9%8A%D8%A9
جلسة استماع ودعم عاطفي مساحة آمنة للفضفضة,شروق ع.,9,5,منذ 8 أشهر و4 أيام,أسلوب حياة,تنمية شخصية,"استشارة, تواصل, محادثة, فضفضة, استشارات نفسية",https://khamsat.com/lifestyle/life-coaching/3221275-%D8%AC%D9%84%D8%B3%D8%A9-%D8%A7%D8%B3%D8%AA%D9%85%D8%A7%D8%B9-%D9%88%D8%AF%D8%B9%D9%85-%D8%B9%D8%A7%D8%B7%D9%81%D9%8A-%D9%85%D8%B3%D8%A7%D8%AD%D8%A9-%D8%A2%D9%85%D9%86%D8%A9-%D9%84%D9%84%D9%81%D8%B6%D9%81%D8%B6%D8%A9
استشارات نفسية لحل مشاكل العلاقات بكل انواعها,.Youmna E,4,3,منذ 11 يوم و17 ساعة,أسلوب حياة,تنمية شخصية,"نصيحة, المشاكل, العلاقات, استشارات نفسية",https://khamsat.com/lifestyle/life-coaching/2786777-%D8%A7%D8%B3%D8%AA%D8%B4%D8%A7%D8%B1%D8%A7%D8%AA-%D9%86%D9%81%D8%B3%D9%8A%D8%A9-%D9%84%D8%AD%D9%84-%D9%85%D8%B4%D8%A7%D9%83%D9%84-%D8%A7%D9%84%D8%B9%D9%84%D8%A7%D9%82%D8%A7%D8%AA-%D8%A8%D9%83%D9%84-%D8%A7%D9%86%D9%88%D8%A7%D8%B9%D9%87%D8%A7
المساعدة على مناقشة المشاكل وايجاد الحلول المناسبة لها,.Ahmad B,3,3,منذ سنتين و7 أشهر,أسلوب حياة,تنمية شخصية,"مشاكل شخصية, علاج نفسي, استشارة شخصية, مساعدة شخصية, مرشد نفسي",https://khamsat.com/lifestyle/life-coaching/2415764-%D8%A7%D9%84%D9%85%D8%B3%D8%A7%D8%B9%D8%AF%D8%A9-%D8%B9%D9%84%D9%89-%D9%85%D9%86%D8%A7%D9%82%D8%B4%D8%A9-%D8%A7%D9%84%D9%85%D8%B4%D8%A7%D9%83%D9%84-%D9%88%D8%A7%D9%8A%D8%AC%D8%A7%D8%AF-%D8%A7%D9%84%D8%AD%D9%84%D9%88%D9%84-%D8%A7%D9%84%D9%85%D9%86%D8%A7%D8%B3%D8%A8%D8%A9-%D9%84%D9%87%D8%A7
استشارات شخصية مع مدرب محترف,.Mostafa T,24,18,منذ 9 أيام و17 ساعة,أسلوب حياة,تنمية شخصية,"استشارة, شخصية, مدرب, لايف كوتش, حل المشكلات",https://khamsat.com/lifestyle/life-coaching/2716110-%D8%A7%D8%B3%D8%AA%D8%B4%D8%A7%D8%B1%D8%A7%D8%AA-%D8%B4%D8%AE%D8%B5%D9%8A%D8%A9-%D9%85%D8%B9-%D9%85%D8%AF%D8%B1%D8%A8-%D9%85%D8%AD%D8%AA%D8%B1%D9%81
استشارات شخصية وحياتية وترتيب أفكار,.Aya E,9,8,منذ شهرين و9 أيام,أسلوب حياة,تنمية شخصية,"استشارات, تدريب, مدرب, كوتش, مدرب حياة",https://khamsat.com/lifestyle/life-coaching/2433265-%D8%A7%D8%B3%D8%AA%D8%B4%D8%A7%D8%B1%D8%A7%D8%AA-%D8%B4%D8%AE%D8%B5%D9%8A%D8%A9-%D9%88%D8%AD%D9%8A%D8%A7%D8%AA%D9%8A%D8%A9-%D9%88%D8%AA%D8%B1%D8%AA%D9%8A%D8%A8-%D8%A3%D9%81%D9%83%D8%A7%D8%B1
استشارات نفسيه شخصية وزوجية وعائلية وتحليل شخصيات,محمد غ.,1,1,منذ سنة و3 أشهر,أسلوب حياة,تنمية شخصية,"مشاكل, حلول, دعم, علاج, استشارات نفسية",https://khamsat.com/lifestyle/life-coaching/3123617-%D8%A7%D8%B3%D8%AA%D8%B4%D8%A7%D8%B1%D8%A7%D8%AA-%D9%86%D9%81%D8%B3%D9%8A%D9%87-%D8%B4%D8%AE%D8%B5%D9%8A%D8%A9-%D9%88%D8%B2%D9%88%D8%AC%D9%8A%D8%A9-%D9%88%D8%B9%D8%A7%D8%A6%D9%84%D9%8A%D8%A9-%D9%88%D8%AA%D8%AD%D9%84%D9%8A%D9%84-%D8%B4%D8%AE%D8%B5%D9%8A%D8%A7%D8%AA
استشارة فردية وشخصية مع مستشار خبير,.Mais A,10,6,منذ سنة و3 أشهر,أسلوب حياة,تنمية شخصية,"استشارة, مشاكل, نصائح, دعم, علاقات",https://khamsat.com/lifestyle/life-coaching/2672650-%D8%A7%D8%B3%D8%AA%D8%B4%D8%A7%D8%B1%D8%A9-%D9%81%D8%B1%D8%AF%D9%8A%D8%A9-%D9%88%D8%B4%D8%AE%D8%B5%D9%8A%D8%A9-%D9%85%D8%B9-%D9%85%D8%B3%D8%AA%D8%B4%D8%A7%D8%B1-%D8%AE%D8%A8%D9%8A%D8%B1
الصفحة المطلوبة غير موجودة,Non trouvé,Non trouvé,Non trouvé,Aucun avis,Inconnu,Inconnu,Aucun tag,https://khamsat.com/lifestyle/life-coaching/1976313-%D8%A7%D8%B3%D8%AA%D8%B4%D8%A7%D8%B1%D8%A7%D8%AA-%D9%88%D9%86%D8%B5%D8%A7%D8%A6%D8%AD-%D9%84%D8%A8%D9%86%D8%A7%D8%A1-%D8%AD%D9%8A%D8%A7%D9%87-%D8%A7%D9%8A%D8%AC%D8%A7%D8%A8%D9%8A%D9%87
استشارة اجتماعية ونفسية وأسرية,رنا ر.,3,2,منذ سنتين و11 شهر,أسلوب حياة,تنمية شخصية,"استشارة, وورد",https://khamsat.com/lifestyle/life-coaching/2431544-%D8%A7%D8%B3%D8%AA%D8%B4%D8%A7%D8%B1%D8%A9-%D8%A7%D8%AC%D8%AA%D9%85%D8%A7%D8%B9%D9%8A%D8%A9-%D9%88%D9%86%D9%81%D8%B3%D9%8A%D8%A9-%D9%88%D8%A3%D8%B3%D8%B1%D9%8A%D8%A9
إدارة الدخل الشخصي والثروات,علي م.,1,1,منذ سنة وشهر,أسلوب حياة,تنمية شخصية,"شخصي, برنامج, إدارة, ميزانية, الدخل",https://khamsat.com/lifestyle/life-coaching/3409957-%D8%A5%D8%AF%D8%A7%D8%B1%D8%A9-%D8%A7%D9%84%D8%AF%D8%AE%D9%84-%D8%A7%D9%84%D8%B4%D8%AE%D8%B5%D9%8A-%D9%88%D8%A7%D9%84%D8%AB%D8%B1%D9%88%D8%A7%D8%AA
الصفحة المطلوبة غير موجودة,Non trouvé,Non trouvé,Non trouvé,Aucun avis,Inconnu,Inconnu,Aucun tag,https://khamsat.com/lifestyle/career-counseling/3590225-%D8%AC%D9%84%D8%B3%D8%A9-%D9%84%D8%AA%D9%86%D9%85%D9%8A%D8%A9-%D8%A7%D9%84%D9%85%D9%87%D8%A7%D8%B1%D8%A7%D8%AA-%D8%A7%D9%84%D9%86%D8%A7%D8%B9%D9%85%D8%A9
إرشاد الشباب بعد التخرج لتجاوز الشتات وتحديد المسار المهني,مصطفى ش.,3,3,منذ 3 أشهر و11 يوم,أسلوب حياة,تنمية شخصية,"تدريب, linkedin, cv, تخرج, تخطيط",https://khamsat.com/lifestyle/career-counseling/3043899-%D8%A5%D8%B1%D8%B4%D8%A7%D8%AF-%D8%A7%D9%84%D8%B4%D8%A8%D8%A7%D8%A8-%D8%A8%D8%B9%D8%AF-%D8%A7%D9%84%D8%AA%D8%AE%D8%B1%D8%AC-%D9%84%D8%AA%D8%AC%D8%A7%D9%88%D8%B2-%D8%A7%D9%84%D8%B4%D8%AA%D8%A7%D8%AA-%D9%88%D8%AA%D8%AD%D8%AF%D9%8A%D8%AF-%D8%A7%D9%84%D9%85%D8%B3%D8%A7%D8%B1-%D8%A7%D9%84%D9%85%D9%87%D9%86%D9%8A
دورة ستجعلك تحصل على وظيفة في أكبر الشركات بأعلى المرتبات,أحمد م.,9,5,منذ 4 سنوات و7 أشهر,أسلوب حياة,تنمية شخصية,"وظيفة, عمل, تحفيز, حل, تواصل, وقت, تخطيط, تنظيم, ناجح, تحصل",https://khamsat.com/lifestyle/career-counseling/1020682-%D8%AF%D9%88%D8%B1%D8%A9-%D8%B3%D8%AA%D8%AC%D8%B9%D9%84%D9%83-%D8%AA%D8%AD%D8%B5%D9%84-%D8%B9%D9%84%D9%89-%D9%88%D8%B8%D9%8A%D9%81%D8%A9-%D9%81%D9%8A-%D8%A3%D9%83%D8%A8%D8%B1-%D8%A7%D9%84%D8%B4%D8%B1%D9%83%D8%A7%D8%AA-%D8%A8%D8%A3%D8%B9%D9%84%D9%89-%D8%A7%D9%84%D9%85%D8%B1%D8%AA%D8%A8%D8%A7%D8%AA
اختبار الذكاء العاطفي للأفراد,.Zahraa F,1,1,منذ 11 شهر و10 أيام,أسلوب حياة,تنمية شخصية,"تطوير, اختبار, تدريب, تقييم, الذكاء العاطفي",https://khamsat.com/lifestyle/career-counseling/3630652-%D8%A7%D8%AE%D8%AA%D8%A8%D8%A7%D8%B1-%D8%A7%D9%84%D8%B0%D9%83%D8%A7%D8%A1-%D8%A7%D9%84%D8%B9%D8%A7%D8%B7%D9%81%D9%8A-%D9%84%D9%84%D8%A3%D9%81%D8%B1%D8%A7%D8%AF
ارشدك لاجتياز مقابلة العمل بنجاح,.Fathy A,0,0,Aucun avis,أسلوب حياة,تنمية شخصية,"وظيفة, السيرة الذاتية, مقابلة, انترفيو, مقابلة العمل",https://khamsat.com/lifestyle/career-counseling/2905789-%D8%A7%D8%B1%D8%B4%D8%AF%D9%83-%D9%84%D8%A7%D8%AC%D8%AA%D9%8A%D8%A7%D8%B2-%D9%85%D9%82%D8%A7%D8%A8%D9%84%D8%A9-%D8%A7%D9%84%D8%B9%D9%85%D9%84-%D8%A8%D9%86%D8%AC%D8%A7%D8%AD
دليلك للبدء من الصفر بمشروعك الخاص,.Abed Alaziz H,0,0,Aucun avis,أسلوب حياة,تنمية شخصية,"استشارة, كتابة, تجارة, دليل, خطة",https://khamsat.com/lifestyle/career-counseling/3546811-%D8%AF%D9%84%D9%8A%D9%84%D9%83-%D9%84%D9%84%D8%A8%D8%AF%D8%A1-%D9%85%D9%86-%D8%A7%D9%84%D8%B5%D9%81%D8%B1-%D8%A8%D9%85%D8%B4%D8%B1%D9%88%D8%B9%D9%83-%D8%A7%D9%84%D8%AE%D8%A7%D8%B5
التدريب على أساليب المذاكرة ذاكر بذكاء و ليس بجهد,.Esraa A,2,2,منذ 8 أشهر و12 يوم,أسلوب حياة,تنمية شخصية,"تعلم, الدراسة, مذاكرة, الذاكرة, تذكر",https://khamsat.com/lifestyle/career-counseling/3842003-%D8%A7%D9%84%D8%AA%D8%AF%D8%B1%D9%8A%D8%A8-%D8%B9%D9%84%D9%89-%D8%A3%D8%B3%D8%A7%D9%84%D9%8A%D8%A8-%D8%A7%D9%84%D9%85%D8%B0%D8%A7%D9%83%D8%B1%D8%A9-%D8%B0%D8%A7%D9%83%D8%B1-%D8%A8%D8%B0%D9%83%D8%A7%D8%A1-%D9%88-%D9%84%D9%8A%D8%B3-%D8%A8%D8%AC%D9%87%D8%AF
استشارات شخصية,Non trouvé,Non trouvé,Non trouvé,Aucun avis,أسلوب حياة,تنمية شخصية,Aucun tag,https://khamsat.com/lifestyle/life-coaching/2797224-%D8%A7%D8%B3%D8%AA%D8%B4%D8%A7%D8%B1%D8%A7%D8%AA-%D9%81%D8%B1%D8%AF%D9%8A%D8%A9-%D8%B4%D8%AE%D8%B5%D9%8A%D8%A9-%D9%81%D9%8A-%D8%A7%D9%84%D8%AD%D9%8A%D8%A7%D8%A9-%D8%A7%D9%84%D9%8A%D9%88%D9%85%D9%8A%D8%A9
الصفحة المطلوبة غير موجودة,Non trouvé,Non trouvé,Non trouvé,Aucun avis,Inconnu,Inconnu,Aucun tag,https://khamsat.com/lifestyle/life-coaching/2806760-%D8%A7%D8%B3%D8%AA%D8%B4%D8%A7%D8%B1%D8%A7%D8%AA-%D9%86%D9%81%D8%B3%D9%8A%D8%A9-%D8%A7%D8%AC%D8%AA%D9%85%D8%A7%D8%B9%D9%8A%D8%A9-%D9%88%D8%AC%D9%84%D8%B3%D8%A7%D8%AA-%D8%A3%D8%B3%D8%B1%D9%8A%D8%A9
جلسات تدريبية لتنمية مهارات الادارة والقيادة Leadership,.Peter N,0,0,Aucun avis,أسلوب حياة,تنمية شخصية,"تطوير الذات, ادارة, مدير, management, leadership",https://khamsat.com/lifestyle/career-counseling/3854902-%D8%AC%D9%84%D8%B3%D8%A7%D8%AA-%D8%AA%D8%AF%D8%B1%D9%8A%D8%A8%D9%8A%D8%A9-%D9%84%D8%AA%D9%86%D9%85%D9%8A%D8%A9-%D9%85%D9%87%D8%A7%D8%B1%D8%A7%D8%AA-%D8%A7%D9%84%D8%A7%D8%AF%D8%A7%D8%B1%D8%A9-%D9%88%D8%A7%D9%84%D9%82%D9%8A%D8%A7%D8%AF%D8%A9-leadership
الصفحة المطلوبة غير موجودة,Non trouvé,Non trouvé,Non trouvé,Aucun avis,Inconnu,Inconnu,Aucun tag,https://khamsat.com/lifestyle/life-coaching/2723405-life-coah-%D9%85%D8%B9%D8%A7%D9%84%D8%AC-%D9%86%D9%81%D8%B3%D9%8A-%D8%B3%D9%84%D9%88%D9%83%D9%89
حل مشاكلك من خلال استشارة في اي جانب من جوانب الحياه,.Mariem K,0,0,Aucun avis,أسلوب حياة,تنمية شخصية,"استشارة, مشاكل, علاج, حل, نفسية",https://khamsat.com/lifestyle/life-coaching/2036002-%D8%AD%D9%84-%D9%85%D8%B4%D8%A7%D9%83%D9%84%D9%83-%D9%85%D9%86-%D8%AE%D9%84%D8%A7%D9%84-%D8%A7%D8%B3%D8%AA%D8%B4%D8%A7%D8%B1%D8%A9-%D9%81%D9%8A-%D8%A7%D9%8A-%D8%AC%D8%A7%D9%86%D8%A8-%D9%85%D9%86-%D8%AC%D9%88%D8%A7%D9%86%D8%A8-%D8%A7%D9%84%D8%AD%D9%8A%D8%A7%D9%87
استشارات في مجال اللايف كوتشنج,.Aya E,7,5,منذ 6 أشهر و14 يوم,أسلوب حياة,تنمية شخصية,"مساعدة, تدريب, تحفيز, تطوير الذات, لايف كوتش",https://khamsat.com/lifestyle/life-coaching/2391391-%D8%A7%D8%B3%D8%AA%D8%B4%D8%A7%D8%B1%D8%A7%D8%AA-%D9%81%D9%8A-%D9%85%D8%AC%D8%A7%D9%84-%D8%A7%D9%84%D9%84%D8%A7%D9%8A%D9%81-%D9%83%D9%88%D8%AA%D8%B4%D9%86%D8%AC
جلسه دعم نفسي أونلاين لمساعدتك على تجاوز القلق,.Fatma Al Zahraa E,1,1,منذ سنة و8 أيام,أسلوب حياة,تنمية شخصية,"استشارة, استشارات, دعم, مشكلات, نفسي",https://khamsat.com/lifestyle/life-coaching/3494672-%D8%AC%D9%84%D8%B3%D9%87-%D8%AF%D8%B9%D9%85-%D9%86%D9%81%D8%B3%D9%8A-%D8%A3%D9%88%D9%86%D9%84%D8%A7%D9%8A%D9%86-%D9%84%D9%85%D8%B3%D8%A7%D8%B9%D8%AF%D8%AA%D9%83-%D8%B9%D9%84%D9%89-%D8%AA%D8%AC%D8%A7%D9%88%D8%B2-%D8%A7%D9%84%D9%82%D9%84%D9%82
سلسلة دفاتر تشافي أدوات رقمية للتشافي والوعي الذاتي,ميمونة أم النصر س.,1,1,منذ 10 أشهر و17 يوم,أسلوب حياة,تنمية شخصية,"تطوير الذات, صحة نفسية, علم نفس, تشافي, وعي ذاتي",https://khamsat.com/lifestyle/life-coaching/3273451-%D8%B3%D9%84%D8%B3%D9%84%D8%A9-%D8%AF%D9%81%D8%A7%D8%AA%D8%B1-%D8%AA%D8%B4%D8%A7%D9%81%D9%8A-%D8%A3%D8%AF%D9%88%D8%A7%D8%AA-%D8%B1%D9%82%D9%85%D9%8A%D8%A9-%D9%84%D9%84%D8%AA%D8%B4%D8%A7%D9%81%D9%8A-%D9%88%D8%A7%D9%84%D9%88%D8%B9%D9%8A-%D8%A7%D9%84%D8%B0%D8%A7%D8%AA%D9%8A
جلسة تدريبية عن كيفية كتابة سي في احترافي  CV Writing by ATS,.Peter N,0,0,Aucun avis,أسلوب حياة,تنمية شخصية,"سيرة ذاتية, كتابة السيرة الذاتية, سي في, عمل cv, ats",https://khamsat.com/lifestyle/career-counseling/3854803-%D8%AC%D9%84%D8%B3%D8%A9-%D8%AA%D8%AF%D8%B1%D9%8A%D8%A8%D9%8A%D8%A9-%D8%B9%D9%86-%D9%83%D9%8A%D9%81%D9%8A%D8%A9-%D9%83%D8%AA%D8%A7%D8%A8%D8%A9-%D8%B3%D9%8A-%D9%81%D9%8A-%D8%A7%D8%AD%D8%AA%D8%B1%D8%A7%D9%81%D9%8A-cv-writing-by-ats
تفريغ الكبت النفسي والاستشارات النفسيه,شيماء م.,7,7,منذ شهرين و23 يوم,أسلوب حياة,تنمية شخصية,"استشارات, شخصيه, نفسية, مشكلات, نفسيه",https://khamsat.com/lifestyle/life-coaching/3032062-%D8%AA%D9%81%D8%B1%D9%8A%D8%BA-%D8%A7%D9%84%D9%83%D8%A8%D8%AA-%D8%A7%D9%84%D9%86%D9%81%D8%B3%D9%8A-%D9%88%D8%A7%D9%84%D8%A7%D8%B3%D8%AA%D8%B4%D8%A7%D8%B1%D8%A7%D8%AA-%D8%A7%D9%84%D9%86%D9%81%D8%B3%D9%8A%D9%87
تعرّف على شخصيتك بشكل كامل وفق مقياس MBTI,.Mohamed B,1,1,منذ سنة وشهرين,أسلوب حياة,تنمية شخصية,"علوم, استشارات, مشاكل, حلول, تحليل, اختبار, شخصية, شريك, تنمية, بشرية",https://khamsat.com/lifestyle/life-coaching/2163965-%D8%AA%D8%B9%D8%B1%D9%81-%D8%B9%D9%84%D9%89-%D8%B4%D8%AE%D8%B5%D9%8A%D8%AA%D9%83-%D8%A8%D8%B4%D9%83%D9%84-%D9%83%D8%A7%D9%85%D9%84-%D9%88%D9%81%D9%82-%D9%85%D9%82%D9%8A%D8%A7%D8%B3-mbti
أقدم لك جلسة استشارية نفسية فردية لتحقيق التوازن النفسي,.Asma O,17,10,منذ شهر ويومين,أسلوب حياة,تنمية شخصية,"استشارات نفسية, دعم نفسي, علاج معرفي سلوكي, جلسةنفسية, علاج القلق والاكتئاب",https://khamsat.com/lifestyle/life-coaching/3292388-%D8%A3%D9%82%D8%AF%D9%85-%D9%84%D9%83-%D8%AC%D9%84%D8%B3%D8%A9-%D8%A7%D8%B3%D8%AA%D8%B4%D8%A7%D8%B1%D9%8A%D8%A9-%D9%86%D9%81%D8%B3%D9%8A%D8%A9-%D9%81%D8%B1%D8%AF%D9%8A%D8%A9-%D9%84%D8%AA%D8%AD%D9%82%D9%8A%D9%82-%D8%A7%D9%84%D8%AA%D9%88%D8%A7%D8%B2%D9%86-%D8%A7%D9%84%D9%86%D9%81%D8%B3%D9%8A
افحص قدرتك العقلية وصحتك النفسية,.Doaa E,11,7,منذ سنة و10 أشهر,أسلوب حياة,تنمية شخصية,"استشارات, شخصية",https://khamsat.com/lifestyle/life-coaching/1276186-%D8%A7%D9%81%D8%AD%D8%B5-%D9%82%D8%AF%D8%B1%D8%AA%D9%83-%D8%A7%D9%84%D8%B9%D9%82%D9%84%D9%8A%D8%A9-%D9%88%D8%B5%D8%AD%D8%AA%D9%83-%D8%A7%D9%84%D9%86%D9%81%D8%B3%D9%8A%D8%A9
مدربة حياة معتمدة Life Coach,وفاء ا.,0,0,Aucun avis,أسلوب حياة,تنمية شخصية,"استشارة, تطوير الذات, فضفضة, استشارات نفسية, مدرب حياة",https://khamsat.com/lifestyle/life-coaching/3104535-%D9%85%D8%AF%D8%B1%D8%A8%D8%A9-%D8%AD%D9%8A%D8%A7%D8%A9-%D9%85%D8%B9%D8%AA%D9%85%D8%AF%D8%A9-life-coach
هل أنت معلم قرآن مؤثر هذا التقييم الذاتي سيجيبك,مصطفى ا.,0,0,Aucun avis,أسلوب حياة,تنمية شخصية,"تجويد, تعليم عن بعد, تقييم, hr, تدريس",https://khamsat.com/lifestyle/career-counseling/3571239-%D9%87%D9%84-%D8%A3%D9%86%D8%AA-%D9%85%D8%B9%D9%84%D9%85-%D9%82%D8%B1%D8%A2%D9%86-%D9%85%D8%A4%D8%AB%D8%B1-%D9%87%D8%B0%D8%A7-%D8%A7%D9%84%D8%AA%D9%82%D9%8A%D9%8A%D9%85-%D8%A7%D9%84%D8%B0%D8%A7%D8%AA%D9%8A-%D8%B3%D9%8A%D8%AC%D9%8A%D8%A8%D9%83
جلسة فضفضة  بدون تشخيص او حكم,.Menna E,0,0,Aucun avis,أسلوب حياة,تنمية شخصية,"دعم, محادثة, نفسية, فضفضة, مشكلات",https://khamsat.com/lifestyle/life-coaching/3525438-%D8%AC%D9%84%D8%B3%D8%A9-%D9%81%D8%B6%D9%81%D8%B6%D8%A9-%D8%A8%D8%AF%D9%88%D9%86-%D8%AA%D8%B4%D8%AE%D9%8A%D8%B5-%D8%A7%D9%88-%D8%AD%D9%83%D9%85
استشارات شخصية,Non trouvé,Non trouvé,Non trouvé,Aucun avis,أسلوب حياة,تنمية شخصية,Aucun tag,https://khamsat.com/lifestyle/life-coaching/3877993-%D8%B7%D8%B1%D9%8A%D9%82%D8%A9-%D8%A5%D8%A8%D8%AF%D8%A7%D8%B9%D9%8A%D8%A9-%D9%81%D9%8A-%D8%AD%D9%81%D8%B8-%D9%88%D8%A7%D8%B3%D8%AA%D8%B1%D8%AC%D8%A7%D8%B9-%D8%A7%D9%84%D9%85%D8%B9%D9%84%D9%88%D9%85%D8%A7%D8%AA-%D9%86%D8%B5%D9%88%D8%B5-%D8%A2%D9%8A%D8%A7%D8%AA-%D8%AA%D9%88%D8%A7%D8%B1%D9%8A%D8%AE
الاستشارات النفسية وتطوير الذات وتقديم الدعم النفسي.,نور الهدى ش.,1,6,منذ 11 شهر و13 يوم,أسلوب حياة,تنمية شخصية,"استشارات, ارشاد, النجاح, مشكلات, نفسيه",https://khamsat.com/lifestyle/life-coaching/2551563-%D8%A7%D9%84%D8%A7%D8%B3%D8%AA%D8%B4%D8%A7%D8%B1%D8%A7%D8%AA-%D8%A7%D9%84%D9%86%D9%81%D8%B3%D9%8A%D8%A9-%D9%88%D8%AA%D8%B7%D9%88%D9%8A%D8%B1-%D8%A7%D9%84%D8%B0%D8%A7%D8%AA-%D9%88%D8%AA%D9%82%D8%AF%D9%8A%D9%85-%D8%A7%D9%84%D8%AF%D8%B9%D9%85-%D8%A7%D9%84%D9%86%D9%81%D8%B3%D9%8A
أضع لك خريطة طريق  Roadmap تفصيلية لتعلّم أي مجال خطوة خطوة,.Mahmoud S,0,0,Aucun avis,أسلوب حياة,تنمية شخصية,"كتابة, تعلم, طريق, خارطة, roadmap",https://khamsat.com/lifestyle/career-counseling/3888060-%D8%A3%D8%B6%D8%B9-%D9%84%D9%83-%D8%AE%D8%B1%D9%8A%D8%B7%D8%A9-%D8%B7%D8%B1%D9%8A%D9%82-roadmap-%D8%AA%D9%81%D8%B5%D9%8A%D9%84%D9%8A%D8%A9-%D9%84%D8%AA%D8%B9%D9%84%D9%85-%D8%A3%D9%8A-%D9%85%D8%AC%D8%A7%D9%84-%D8%AE%D8%B7%D9%88%D8%A9-%D8%AE%D8%B7%D9%88%D8%A9
استشارة شخصية لحياتك و أعمالك بهدوء وسرية لإستعادة توازنك,.Mohamed A,0,0,Aucun avis,أسلوب حياة,تنمية شخصية,"حل مشكلة, مشاكل عائلية, استشارات حياتية, مساعدة فى للإتزان النفسي, استشارة للضغوط الحياتية",https://khamsat.com/lifestyle/life-coaching/3066014-%D8%A7%D8%B3%D8%AA%D8%B4%D8%A7%D8%B1%D8%A9-%D8%B4%D8%AE%D8%B5%D9%8A%D8%A9-%D9%84%D8%AD%D9%8A%D8%A7%D8%AA%D9%83-%D9%88-%D8%A3%D8%B9%D9%85%D8%A7%D9%84%D9%83-%D8%A8%D9%87%D8%AF%D9%88%D8%A1-%D9%88%D8%B3%D8%B1%D9%8A%D8%A9-%D9%84%D8%A5%D8%B3%D8%AA%D8%B9%D8%A7%D8%AF%D8%A9-%D8%AA%D9%88%D8%A7%D8%B2%D9%86%D9%83
جلسة كوتشنج فردية تطوير ذات وتحقيق اهدافك,.Reem A,0,0,Aucun avis,أسلوب حياة,تنمية شخصية,"تطوير, تطوير الذات, لايف كوتش, استشارات نفسية, جلسة",https://khamsat.com/lifestyle/career-counseling/3674659-%D8%AC%D9%84%D8%B3%D8%A9-%D9%83%D9%88%D8%AA%D8%B4%D9%86%D8%AC-%D9%81%D8%B1%D8%AF%D9%8A%D8%A9-%D8%AA%D8%B7%D9%88%D9%8A%D8%B1-%D8%B0%D8%A7%D8%AA-%D9%88%D8%AA%D8%AD%D9%82%D9%8A%D9%82-%D8%A7%D9%87%D8%AF%D8%A7%D9%81%D9%83
تقديم إستشارات لتحقيق توازن الشخصية,سعد ي.,0,0,Aucun avis,أسلوب حياة,تنمية شخصية,"تطوير, حلول, شخصية, علاج, استشارات نفسية",https://khamsat.com/lifestyle/life-coaching/3796407-%D8%AA%D9%82%D8%AF%D9%8A%D9%85-%D8%A5%D8%B3%D8%AA%D8%B4%D8%A7%D8%B1%D8%A7%D8%AA-%D9%84%D8%AA%D8%AD%D9%82%D9%8A%D9%82-%D8%AA%D9%88%D8%A7%D8%B2%D9%86-%D8%A7%D9%84%D8%B4%D8%AE%D8%B5%D9%8A%D8%A9
تحضيرك للمقابلات الشخصية باحترافية مع تدريب عملي وأسئلة متوق,.Youssef A,0,0,Aucun avis,أسلوب حياة,تنمية شخصية,"مقابلة شخصية, job interview, التحضير للمقابلات, mock interview, أسئلة مقابلة عمل",https://khamsat.com/lifestyle/career-counseling/3691691-%D8%AA%D8%AD%D8%B6%D9%8A%D8%B1%D9%83-%D9%84%D9%84%D9%85%D9%82%D8%A7%D8%A8%D9%84%D8%A7%D8%AA-%D8%A7%D9%84%D8%B4%D8%AE%D8%B5%D9%8A%D8%A9-%D8%A8%D8%A7%D8%AD%D8%AA%D8%B1%D8%A7%D9%81%D9%8A%D8%A9-%D9%85%D8%B9-%D8%AA%D8%AF%D8%B1%D9%8A%D8%A8-%D8%B9%D9%85%D9%84%D9%8A-%D9%88%D8%A3%D8%B3%D8%A6%D9%84%D8%A9-%D9%85%D8%AA%D9%88%D9%82
تقديم استشارات تربوية ونفسية علمية واحترافية للأفراد,.Mona E,0,0,Aucun avis,أسلوب حياة,تنمية شخصية,"علم, تربية, نفس, مدرب, استشارات نفسية",https://khamsat.com/lifestyle/life-coaching/3795089-%D8%AA%D9%82%D8%AF%D9%8A%D9%85-%D8%A7%D8%B3%D8%AA%D8%B4%D8%A7%D8%B1%D8%A7%D8%AA-%D8%AA%D8%B1%D8%A8%D9%88%D9%8A%D8%A9-%D9%88%D9%86%D9%81%D8%B3%D9%8A%D8%A9-%D8%B9%D9%84%D9%85%D9%8A%D8%A9-%D9%88%D8%A7%D8%AD%D8%AA%D8%B1%D8%A7%D9%81%D9%8A%D8%A9-%D9%84%D9%84%D8%A3%D9%81%D8%B1%D8%A7%D8%AF
إنشاء و تطوير بروفايل لينكدإن للحصول على الوظيفة المناسبة,.Youssef A,0,0,Aucun avis,أسلوب حياة,تنمية شخصية,"تطوير, linkedin, بروفايل, profile, لينكدان",https://khamsat.com/lifestyle/career-counseling/3733216-%D8%A5%D9%86%D8%B4%D8%A7%D8%A1-%D9%88-%D8%AA%D8%B7%D9%88%D9%8A%D8%B1-%D8%A8%D8%B1%D9%88%D9%81%D8%A7%D9%8A%D9%84-%D9%84%D9%8A%D9%86%D9%83%D8%AF%D8%A5%D9%86-%D9%84%D9%84%D8%AD%D8%B5%D9%88%D9%84-%D8%B9%D9%84%D9%89-%D8%A7%D9%84%D9%88%D8%B8%D9%8A%D9%81%D8%A9-%D8%A7%D9%84%D9%85%D9%86%D8%A7%D8%B3%D8%A8%D8%A9
كيفية الإتصال والتواصل مع الآخرين,.Omar R,2,1,منذ 10 سنوات و5 أشهر,أسلوب حياة,تنمية شخصية,"نصائح, كتاب, تنمية بشرية, الاتصال, التواصل, علم النفس, التخاطب, فن التواصل, فنون التواصل",https://khamsat.com/lifestyle/life-coaching/348793-%D9%83%D9%8A%D9%81%D9%8A%D8%A9-%D8%A7%D9%84%D8%A5%D8%AA%D8%B5%D8%A7%D9%84-%D9%88%D8%A7%D9%84%D8%AA%D9%88%D8%A7%D8%B5%D9%84-%D9%85%D8%B9-%D8%A7%D9%84%D8%A2%D8%AE%D8%B1%D9%8A%D9%86
استشارات شخصية,Non trouvé,Non trouvé,Non trouvé,Aucun avis,أسلوب حياة,تنمية شخصية,Aucun tag,https://khamsat.com/lifestyle/life-coaching/3471741-%D8%A7%D8%B3%D8%AA%D8%B4%D8%A7%D8%B1%D8%A7%D8%AA-%D9%86%D9%81%D8%B3%D9%8A%D8%A9-%D9%88%D8%AC%D9%84%D8%B3%D8%A7%D8%AA-%D9%81%D8%B6%D9%81%D8%B6%D8%A9
الصفحة المطلوبة غير موجودة,Non trouvé,Non trouvé,Non trouvé,Aucun avis,Inconnu,Inconnu,Aucun tag,https://khamsat.com/lifestyle/life-coaching/2371356-%D8%AC%D9%84%D8%B3%D8%A7%D8%AA-%D9%81%D8%B6%D9%81%D8%B6%D8%A9-%D9%88-%D9%85%D8%AD%D8%A7%D8%AF%D8%AB%D8%A9-%D8%AF%D8%B9%D9%85-%D9%88-%D8%B5%D8%AF%D8%A7%D9%82%D8%A9
تكلم لتراي نفسك استشارات في مجال الصحة النفسية,.Lamiaa A,4,2,منذ سنتين و27 يوم,أسلوب حياة,تنمية شخصية,"استشارات, مساعدة, النفسية, دعم, الصحة",https://khamsat.com/lifestyle/life-coaching/2719149-%D8%AA%D9%83%D9%84%D9%85-%D9%84%D8%AA%D8%B1%D8%A7%D9%8A-%D9%86%D9%81%D8%B3%D9%83-%D8%A7%D8%B3%D8%AA%D8%B4%D8%A7%D8%B1%D8%A7%D8%AA-%D9%81%D9%8A-%D9%85%D8%AC%D8%A7%D9%84-%D8%A7%D9%84%D8%B5%D8%AD%D8%A9-%D8%A7%D9%84%D9%86%D9%81%D8%B3%D9%8A%D8%A9
خدمة استشارة علاج وظيفي  تحليل و توجيه,.Maryam M,0,0,Aucun avis,أسلوب حياة,تنمية شخصية,"استشارة, صحة, دعم, علاج, مشكلات",https://khamsat.com/lifestyle/career-counseling/3633700-%D8%AE%D8%AF%D9%85%D8%A9-%D8%A7%D8%B3%D8%AA%D8%B4%D8%A7%D8%B1%D8%A9-%D8%B9%D9%84%D8%A7%D8%AC-%D9%88%D8%B8%D9%8A%D9%81%D9%8A-%D8%AA%D8%AD%D9%84%D9%8A%D9%84-%D9%88-%D8%AA%D9%88%D8%AC%D9%8A%D9%87
فضفضة واستشارات شخصية ومهنية واجتماعية مع متخصصة,سالى م.,7,7,منذ 7 أشهر و17 يوم,أسلوب حياة,تنمية شخصية,"شخصية, استماع, العلاقات, فضفضة, استشارات نفسية",https://khamsat.com/lifestyle/life-coaching/3482999-%D9%81%D8%B6%D9%81%D8%B6%D8%A9-%D9%88%D8%A7%D8%B3%D8%AA%D8%B4%D8%A7%D8%B1%D8%A7%D8%AA-%D8%B4%D8%AE%D8%B5%D9%8A%D8%A9-%D9%88%D9%85%D9%87%D9%86%D9%8A%D8%A9-%D9%88%D8%A7%D8%AC%D8%AA%D9%85%D8%A7%D8%B9%D9%8A%D8%A9-%D9%85%D8%B9-%D9%85%D8%AA%D8%AE%D8%B5%D8%B5%D8%A9
إدارة وتطوير وتقييم التواصل اللفظي,اياد غ.,0,0,Aucun avis,أسلوب حياة,تنمية شخصية,"تطوير, تواصل, تقييم, مهارات, التواصل اللفظي",https://khamsat.com/lifestyle/life-coaching/2938565-%D8%A5%D8%AF%D8%A7%D8%B1%D8%A9-%D9%88%D8%AA%D8%B7%D9%88%D9%8A%D8%B1-%D9%88%D8%AA%D9%82%D9%8A%D9%8A%D9%85-%D8%A7%D9%84%D8%AA%D9%88%D8%A7%D8%B5%D9%84-%D8%A7%D9%84%D9%84%D9%81%D8%B8%D9%8A
مقياس  MBTI  العالمي لتعرف اكثر على شخصيتك !,حسام ا.,0,0,Aucun avis,أسلوب حياة,تنمية شخصية,"نصائح, تحليل, دراسة, شخصية, عالمي, نقاط, عالميا, نفسية, شخصيات, قوة, متنوعة, مقياس, ضعف, اختلاف",https://khamsat.com/lifestyle/life-coaching/1020851-%D9%85%D9%82%D9%8A%D8%A7%D8%B3-mbti-%D8%A7%D9%84%D8%B9%D8%A7%D9%84%D9%85%D9%8A-%D9%84%D8%AA%D8%B9%D8%B1%D9%81-%D8%A7%D9%83%D8%AB%D8%B1-%D8%B9%D9%84%D9%89-%D8%B4%D8%AE%D8%B5%D9%8A%D8%AA%D9%83
الخدمة الشاملة تخطيط ومتابعة التغذية والتمارين,.Mahmoud Y,7,5,منذ 17 يوم وساعتين,أسلوب حياة,صحة وجمال,"صحة, تخسيس, رياضة, تغذية, تمارين",https://khamsat.com/lifestyle/nutrition/3904990-%D8%A7%D9%84%D8%AE%D8%AF%D9%85%D8%A9-%D8%A7%D9%84%D8%B4%D8%A7%D9%85%D9%84%D8%A9-%D8%AA%D8%AE%D8%B7%D9%8A%D8%B7-%D9%88%D9%85%D8%AA%D8%A7%D8%A8%D8%B9%D8%A9-%D8%A7%D9%84%D8%AA%D8%BA%D8%B0%D9%8A%D8%A9-%D9%88%D8%A7%D9%84%D8%AA%D9%85%D8%A7%D8%B1%D9%8A%D9%86
متابعة تغذية  حالات سمنة ونحافة,.Mahmoud Y,32,22,منذ شهرين و10 أيام,أسلوب حياة,صحة وجمال,"الصحة, تخسيس, وزن, صحي, تغذية",https://khamsat.com/lifestyle/nutrition/2830890-%D9%85%D8%AA%D8%A7%D8%A8%D8%B9%D8%A9-%D8%AA%D8%BA%D8%B0%D9%8A%D8%A9-%D8%AD%D8%A7%D9%84%D8%A7%D8%AA-%D8%B3%D9%85%D9%86%D8%A9-%D9%88%D9%86%D8%AD%D8%A7%D9%81%D8%A9
تخطيط ومتابعة أنظمة غذائية لضبط الوزن وأسلوب حياة وصحة افضل,ريهام م.,6,5,منذ 9 أشهر و15 يوم,أسلوب حياة,صحة وجمال,"استشارات, صحة, برنامج, تخسيس, تغذية",https://khamsat.com/lifestyle/nutrition/2920213-%D8%AA%D8%AE%D8%B7%D9%8A%D8%B7-%D9%88%D9%85%D8%AA%D8%A7%D8%A8%D8%B9%D8%A9-%D8%A3%D9%86%D8%B8%D9%85%D8%A9-%D8%BA%D8%B0%D8%A7%D8%A6%D9%8A%D8%A9-%D9%84%D8%B6%D8%A8%D8%B7-%D8%A7%D9%84%D9%88%D8%B2%D9%86-%D9%88%D8%A3%D8%B3%D9%84%D9%88%D8%A8-%D8%AD%D9%8A%D8%A7%D8%A9-%D9%88%D8%B5%D8%AD%D8%A9-%D8%A7%D9%81%D8%B6%D9%84
مساعد ومشرف على التزامك في العمل، الكورسات، التدريب,رنيم ا.,0,0,Aucun avis,أسلوب حياة,تنمية شخصية,"تطوير, خدمة, تدريب, التواصل, العملاء",https://khamsat.com/lifestyle/career-counseling/3796190-%D9%85%D8%B3%D8%A7%D8%B9%D8%AF-%D9%88%D9%85%D8%B4%D8%B1%D9%81-%D8%B9%D9%84%D9%89-%D8%A7%D9%84%D8%AA%D8%B2%D8%A7%D9%85%D9%83-%D9%81%D9%8A-%D8%A7%D9%84%D8%B9%D9%85%D9%84-%D8%A7%D9%84%D9%83%D9%88%D8%B1%D8%B3%D8%A7%D8%AA-%D8%A7%D9%84%D8%AA%D8%AF%D8%B1%D9%8A%D8%A8
استشارة لغوية تتضمن نصائح وحلول لمشاكل صعبة,.Duaa I,0,0,Aucun avis,أسلوب حياة,تنمية شخصية,"استشارة, حلول, كتابة, شخصية, اجتماعي",https://khamsat.com/lifestyle/life-coaching/2853351-%D8%A7%D8%B3%D8%AA%D8%B4%D8%A7%D8%B1%D8%A9-%D9%84%D8%BA%D9%88%D9%8A%D8%A9-%D8%AA%D8%AA%D8%B6%D9%85%D9%86-%D9%86%D8%B5%D8%A7%D8%A6%D8%AD-%D9%88%D8%AD%D9%84%D9%88%D9%84-%D9%84%D9%85%D8%B4%D8%A7%D9%83%D9%84-%D8%B5%D8%B9%D8%A8%D8%A9
استشارات شخصية ونفسية وترفيهية,.Amin S,0,0,Aucun avis,أسلوب حياة,تنمية شخصية,"استشارات نفسية, استشارات عامة, مرشد نفسي, تنظيم جداول سفر",https://khamsat.com/lifestyle/life-coaching/3811387-%D8%A7%D8%B3%D8%AA%D8%B4%D8%A7%D8%B1%D8%A7%D8%AA-%D8%B4%D8%AE%D8%B5%D9%8A%D8%A9-%D9%88%D9%86%D9%81%D8%B3%D9%8A%D8%A9-%D9%88%D8%AA%D8%B1%D9%81%D9%8A%D9%87%D9%8A%D8%A9
حساب القيمة الغذائية للمنتجات الغذائية,عمار ر.,1,0,Aucun avis,أسلوب حياة,صحة وجمال,"القيمة, سعرات, غذائية, nutrition, calories",https://khamsat.com/lifestyle/nutrition/3195857-%D8%AD%D8%B3%D8%A7%D8%A8-%D8%A7%D9%84%D9%82%D9%8A%D9%85%D8%A9-%D8%A7%D9%84%D8%BA%D8%B0%D8%A7%D8%A6%D9%8A%D8%A9-%D9%84%D9%84%D9%85%D9%86%D8%AA%D8%AC%D8%A7%D8%AA-%D8%A7%D9%84%D8%BA%D8%B0%D8%A7%D8%A6%D9%8A%D8%A9
حساب السعرات اليومية وسعرات اي طبق غذائي او جدول طعام صحي,مريم س.,3,3,منذ 7 أشهر ويوم,أسلوب حياة,صحة وجمال,"تغذية علاجية, تغذية صحية, جدول غذائي صحي, حساب السعرات, حساب الماكروز",https://khamsat.com/lifestyle/nutrition/2460054-%D8%AD%D8%B3%D8%A7%D8%A8-%D8%A7%D9%84%D8%B3%D8%B9%D8%B1%D8%A7%D8%AA-%D8%A7%D9%84%D9%8A%D9%88%D9%85%D9%8A%D8%A9-%D9%88%D8%B3%D8%B9%D8%B1%D8%A7%D8%AA-%D8%A7%D9%8A-%D8%B7%D8%A8%D9%82-%D8%BA%D8%B0%D8%A7%D8%A6%D9%8A-%D8%A7%D9%88-%D8%AC%D8%AF%D9%88%D9%84-%D8%B7%D8%B9%D8%A7%D9%85-%D8%B5%D8%AD%D9%8A
جلسات تدريب مهني لتحسين مهاراتك وزيادة فرصك في سوق العمل,.Aya E,0,0,Aucun avis,أسلوب حياة,تنمية شخصية,"تدريب, مهنية, توظيف, جلسات",https://khamsat.com/lifestyle/career-counseling/3037104-%D8%AC%D9%84%D8%B3%D8%A7%D8%AA-%D8%AA%D8%AF%D8%B1%D9%8A%D8%A8-%D9%85%D9%87%D9%86%D9%8A-%D9%84%D8%AA%D8%AD%D8%B3%D9%8A%D9%86-%D9%85%D9%87%D8%A7%D8%B1%D8%A7%D8%AA%D9%83-%D9%88%D8%B2%D9%8A%D8%A7%D8%AF%D8%A9-%D9%81%D8%B1%D8%B5%D9%83-%D9%81%D9%8A-%D8%B3%D9%88%D9%82-%D8%A7%D9%84%D8%B9%D9%85%D9%84
خطة تطوير ذاتي  مخصصة حسب أسلوب حياتك,.Mohammed A,0,0,Aucun avis,أسلوب حياة,تنمية شخصية,"تطوير, تدريب, تحفيز, تخطيط, إستشارة",https://khamsat.com/lifestyle/life-coaching/3405449-%D8%AE%D8%B7%D8%A9-%D8%AA%D8%B7%D9%88%D9%8A%D8%B1-%D8%B0%D8%A7%D8%AA%D9%8A-%D9%85%D8%AE%D8%B5%D8%B5%D8%A9-%D8%AD%D8%B3%D8%A8-%D8%A3%D8%B3%D9%84%D9%88%D8%A8-%D8%AD%D9%8A%D8%A7%D8%AA%D9%83
حساب السعرات الحرارية و تحديد المكونات الغذائية في طعامك,روعة س.,1,1,منذ 11 شهر و27 يوم,أسلوب حياة,صحة وجمال,"صحة, غذاء, منتج, وزن, تغذية",https://khamsat.com/lifestyle/nutrition/2256345-%D8%AD%D8%B3%D8%A7%D8%A8-%D8%A7%D9%84%D8%B3%D8%B9%D8%B1%D8%A7%D8%AA-%D8%A7%D9%84%D8%AD%D8%B1%D8%A7%D8%B1%D9%8A%D8%A9-%D9%88-%D8%AA%D8%AD%D8%AF%D9%8A%D8%AF-%D8%A7%D9%84%D9%85%D9%83%D9%88%D9%86%D8%A7%D8%AA-%D8%A7%D9%84%D8%BA%D8%B0%D8%A7%D8%A6%D9%8A%D8%A9-%D9%81%D9%8A-%D8%B7%D8%B9%D8%A7%D9%85%D9%83
تدريب الأطفال على مهارات الكوتشينج,.Mahmoud K,0,0,Aucun avis,أسلوب حياة,تنمية شخصية,"تعليم, تدريب, تدريب عن بعد, اطفال",https://khamsat.com/lifestyle/life-coaching/3854219-%D8%AA%D8%AF%D8%B1%D9%8A%D8%A8-%D8%A7%D9%84%D8%A3%D8%B7%D9%81%D8%A7%D9%84-%D8%B9%D9%84%D9%89-%D9%85%D9%87%D8%A7%D8%B1%D8%A7%D8%AA-%D8%A7%D9%84%D9%83%D9%88%D8%AA%D8%B4%D9%8A%D9%86%D8%AC
استشارات نفسية واجتماعية وسلوكية ولايف كوتش شخصى,.Albrens S,1,1,منذ 7 أشهر و20 يوم,أسلوب حياة,تنمية شخصية,"استشارات نفسية, استشارة سلوكية, استشارة أسرية, استشارة اجتماعية, لايف كوتشن",https://khamsat.com/lifestyle/life-coaching/3206784-%D8%A7%D8%B3%D8%AA%D8%B4%D8%A7%D8%B1%D8%A7%D8%AA-%D9%86%D9%81%D8%B3%D9%8A%D8%A9-%D9%88%D8%A7%D8%AC%D8%AA%D9%85%D8%A7%D8%B9%D9%8A%D8%A9-%D9%88%D8%B3%D9%84%D9%88%D9%83%D9%8A%D8%A9-%D9%88%D9%84%D8%A7%D9%8A%D9%81-%D9%83%D9%88%D8%AA%D8%B4-%D8%B4%D8%AE%D8%B5%D9%89
وصفات طبخ محسوبة السعرات شاملة المكونات وطريقة الاعداد,مريم س.,2,2,منذ سنة و4 أشهر,أسلوب حياة,صحة وجمال,"صحة, تغذية, اكل, وصفات, طعام",https://khamsat.com/lifestyle/nutrition/3094272-%D9%88%D8%B5%D9%81%D8%A7%D8%AA-%D8%B7%D8%A8%D8%AE-%D9%85%D8%AD%D8%B3%D9%88%D8%A8%D8%A9-%D8%A7%D9%84%D8%B3%D8%B9%D8%B1%D8%A7%D8%AA-%D8%B4%D8%A7%D9%85%D9%84%D8%A9-%D8%A7%D9%84%D9%85%D9%83%D9%88%D9%86%D8%A7%D8%AA-%D9%88%D8%B7%D8%B1%D9%8A%D9%82%D8%A9-%D8%A7%D9%84%D8%A7%D8%B9%D8%AF%D8%A7%D8%AF
استشارة نفسية فردية وأسرية life coaching,.Shadia A,1,1,منذ سنتين و6 أشهر,أسلوب حياة,تنمية شخصية,"استشارة نفسية, استشارات نفسية",https://khamsat.com/lifestyle/life-coaching/2788669-%D8%A7%D8%B3%D8%AA%D8%B4%D8%A7%D8%B1%D8%A9-%D9%86%D9%81%D8%B3%D9%8A%D8%A9-%D9%81%D8%B1%D8%AF%D9%8A%D8%A9-%D9%88%D8%A3%D8%B3%D8%B1%D9%8A%D8%A9-life-coaching
اختبار نفسي لشدة الاكتئاب,.Yasmin K,1,1,منذ سنة و4 أشهر,أسلوب حياة,تنمية شخصية,"استشارة, استشارات, نفسية, تشخيص, الاكتئاب",https://khamsat.com/lifestyle/life-coaching/3120378-%D8%A7%D8%AE%D8%AA%D8%A8%D8%A7%D8%B1-%D9%86%D9%81%D8%B3%D9%8A-%D9%84%D8%B4%D8%AF%D8%A9-%D8%A7%D9%84%D8%A7%D9%83%D8%AA%D8%A6%D8%A7%D8%A8
استشاره ومتابعة وإعداد للوظيفة,محمود ع.,0,0,Aucun avis,أسلوب حياة,تنمية شخصية,"تطوير, مواقع, كتابة",https://khamsat.com/lifestyle/career-counseling/3057188-%D8%A7%D8%B3%D8%AA%D8%B4%D8%A7%D8%B1%D9%87-%D9%88%D9%85%D8%AA%D8%A7%D8%A8%D8%B9%D8%A9-%D9%88%D8%A5%D8%B9%D8%AF%D8%A7%D8%AF-%D9%84%D9%84%D9%88%D8%B8%D9%8A%D9%81%D8%A9
حساب الاستهلاك اليومي للغذاء  عبر برنامج Aisha Food Process,عمار ر.,0,0,Aucun avis,أسلوب حياة,صحة وجمال,"تغذية, خطة غذائية, تحليل الوجبات, تقييم الوجبات, الاستهلاك اليومي",https://khamsat.com/lifestyle/nutrition/3928541-%D8%AD%D8%B3%D8%A7%D8%A8-%D8%A7%D9%84%D8%A7%D8%B3%D8%AA%D9%87%D9%84%D8%A7%D9%83-%D8%A7%D9%84%D9%8A%D9%88%D9%85%D9%8A-%D9%84%D9%84%D8%BA%D8%B0%D8%A7%D8%A1-%D8%B9%D8%A8%D8%B1-%D8%A8%D8%B1%D9%86%D8%A7%D9%85%D8%AC-aisha-food-process
استشارة في التنمية الذاتية لفهم نفسك وتوازن حياتك بعمق ووعي.,.Hussein S,0,0,Aucun avis,أسلوب حياة,تنمية شخصية,"استشارة, تطوير, نصائح, شخصية, دعم",https://khamsat.com/lifestyle/life-coaching/3879601-%D8%A7%D8%B3%D8%AA%D8%B4%D8%A7%D8%B1%D8%A9-%D9%81%D9%8A-%D8%A7%D9%84%D8%AA%D9%86%D9%85%D9%8A%D8%A9-%D8%A7%D9%84%D8%B0%D8%A7%D8%AA%D9%8A%D8%A9-%D9%84%D9%81%D9%87%D9%85-%D9%86%D9%81%D8%B3%D9%83-%D9%88%D8%AA%D9%88%D8%A7%D8%B2%D9%86-%D8%AD%D9%8A%D8%A7%D8%AA%D9%83-%D8%A8%D8%B9%D9%85%D9%82-%D9%88%D9%88%D8%B9%D9%8A
اختبار لقوة الشخصيه معرفة جوانب القوه و الضعف فى شخصيتك,.Hassan Z,0,0,Aucun avis,أسلوب حياة,تنمية شخصية,"استشارة, تحليل, اختبار, تطوير الذات, نقاط",https://khamsat.com/lifestyle/life-coaching/3300672-%D8%A7%D8%AE%D8%AA%D8%A8%D8%A7%D8%B1-%D9%84%D9%82%D9%88%D8%A9-%D8%A7%D9%84%D8%B4%D8%AE%D8%B5%D9%8A%D9%87-%D9%85%D8%B9%D8%B1%D9%81%D8%A9-%D8%AC%D9%88%D8%A7%D9%86%D8%A8-%D8%A7%D9%84%D9%82%D9%88%D9%87-%D9%88-%D8%A7%D9%84%D8%B6%D8%B9%D9%81-%D9%81%D9%89-%D8%B4%D8%AE%D8%B5%D9%8A%D8%AA%D9%83
استشاري علاقات إنسانية life coach,.Ahmed R,1,1,منذ سنة و3 أشهر,أسلوب حياة,تنمية شخصية,"استشارة, استشارات, نصائح, مساعدة, فضفضة",https://khamsat.com/lifestyle/life-coaching/3244745-%D8%A7%D8%B3%D8%AA%D8%B4%D8%A7%D8%B1%D9%8A-%D8%B9%D9%84%D8%A7%D9%82%D8%A7%D8%AA-%D8%A5%D9%86%D8%B3%D8%A7%D9%86%D9%8A%D8%A9-life-coach
جلسات فضفضة ودعم نفسي مقابل خدمة,.Wafaa M,5,5,منذ سنة و7 أشهر,أسلوب حياة,تنمية شخصية,"دعم, فضفضة, نفسي, إرشاد, جلسة, حكاوي",https://khamsat.com/lifestyle/life-coaching/2081036-%D8%AC%D9%84%D8%B3%D8%A7%D8%AA-%D9%81%D8%B6%D9%81%D8%B6%D8%A9-%D9%88%D8%AF%D8%B9%D9%85-%D9%86%D9%81%D8%B3%D9%8A-%D9%85%D9%82%D8%A7%D8%A8%D9%84-%D8%AE%D8%AF%D9%85%D8%A9
ارشاد مهني  مرشد مهني  Career coach,وجدان ع.,0,0,Aucun avis,أسلوب حياة,تنمية شخصية,"استشارة, وظيفة, دعم, تدريب",https://khamsat.com/lifestyle/career-counseling/3002227-%D8%A7%D8%B1%D8%B4%D8%A7%D8%AF-%D9%85%D9%87%D9%86%D9%8A-%D9%85%D8%B1%D8%B4%D8%AF-%D9%85%D9%87%D9%86%D9%8A-career-coach
دليلك للتوظيف في دول الخليج العربي - الامارات وقطر والسعودية - معلومات 10000 شركة,.Ahmed I,33,17,منذ 11 شهر و20 يوم,أسلوب حياة,تنمية شخصية,"هندسة, مواقع, ايميلات, قطر, الامارات, it, توظيف, عناوين, شغل, دبي",https://khamsat.com/lifestyle/career-counseling/686525-%D8%AF%D9%84%D9%8A%D9%84%D9%83-%D9%84%D9%84%D8%AA%D9%88%D8%B8%D9%8A%D9%81-%D9%81%D9%8A-%D8%AF%D9%88%D9%84-%D8%A7%D9%84%D8%AE%D9%84%D9%8A%D8%AC-%D8%A7%D9%84%D8%B9%D8%B1%D8%A8%D9%8A-%D8%A7%D9%84%D8%A7%D9%85%D8%A7%D8%B1%D8%A7%D8%AA-%D9%88%D9%82%D8%B7%D8%B1-%D9%88%D8%A7%D9%84%D8%B3%D8%B9%D9%88%D8%AF%D9%8A%D8%A9-%D9%85%D8%B9%D9%84%D9%88%D9%85%D8%A7%D8%AA-10000-%D8%B4%D8%B1%D9%83%D8%A9
تصميم برنامج غذائي صحي ومتوازن لفقدان او زيادة الوزن,.Intissar K,1,0,Aucun avis,أسلوب حياة,صحة وجمال,"الصحة, رياضة, تغذية, الجمال, فقدان الوزن",https://khamsat.com/lifestyle/nutrition/3125508-%D8%AA%D8%B5%D9%85%D9%8A%D9%85-%D8%A8%D8%B1%D9%86%D8%A7%D9%85%D8%AC-%D8%BA%D8%B0%D8%A7%D8%A6%D9%8A-%D8%B5%D8%AD%D9%8A-%D9%88%D9%85%D8%AA%D9%88%D8%A7%D8%B2%D9%86-%D9%84%D9%81%D9%82%D8%AF%D8%A7%D9%86-%D8%A7%D9%88-%D8%B2%D9%8A%D8%A7%D8%AF%D8%A9-%D8%A7%D9%84%D9%88%D8%B2%D9%86
خطة الـ60 يوم للتنشيف من السمنة إلى الوزن المثالي,.Qussai M,41,16,منذ 7 أشهر و16 يوم,أسلوب حياة,صحة وجمال,"صحة, تخسيس, تغذية, لياقة, زيادة وزن",https://khamsat.com/lifestyle/nutrition/3899023-%D8%AE%D8%B7%D8%A9-%D8%A7%D9%84%D9%8060-%D9%8A%D9%88%D9%85-%D9%84%D9%84%D8%AA%D9%86%D8%B4%D9%8A%D9%81-%D9%85%D9%86-%D8%A7%D9%84%D8%B3%D9%85%D9%86%D8%A9-%D8%A5%D9%84%D9%89-%D8%A7%D9%84%D9%88%D8%B2%D9%86-%D8%A7%D9%84%D9%85%D8%AB%D8%A7%D9%84%D9%8A
تقديم إستشارات من أجل تحسين ال CV,.Mahmoud A,0,0,Aucun avis,أسلوب حياة,تنمية شخصية,"عمل, cv, hr, مقابلات",https://khamsat.com/lifestyle/career-counseling/2130705-%D8%AA%D9%82%D8%AF%D9%8A%D9%85-%D8%A5%D8%B3%D8%AA%D8%B4%D8%A7%D8%B1%D8%A7%D8%AA-%D9%85%D9%86-%D8%A3%D8%AC%D9%84-%D8%AA%D8%AD%D8%B3%D9%8A%D9%86-%D8%A7%D9%84-cv
ريجيم قاراطاي لإنقاص الوزن وحياة صحية,.Soha Z,0,0,Aucun avis,أسلوب حياة,صحة وجمال,ريجيم,https://khamsat.com/lifestyle/nutrition/2421036-%D8%B1%D9%8A%D8%AC%D9%8A%D9%85-%D9%82%D8%A7%D8%B1%D8%A7%D8%B7%D8%A7%D9%8A-%D9%84%D8%A5%D9%86%D9%82%D8%A7%D8%B5-%D8%A7%D9%84%D9%88%D8%B2%D9%86-%D9%88%D8%AD%D9%8A%D8%A7%D8%A9-%D8%B5%D8%AD%D9%8A%D8%A9
تصميم جدول غذائي ذكي باستخدام التكنولوجيا الحيوية,.Sondos M,2,1,منذ سنة وشهر,أسلوب حياة,صحة وجمال,"تصميم, استشارات, صحة, رياضة, تغذية",https://khamsat.com/lifestyle/nutrition/3251182-%D8%AA%D8%B5%D9%85%D9%8A%D9%85-%D8%AC%D8%AF%D9%88%D9%84-%D8%BA%D8%B0%D8%A7%D8%A6%D9%8A-%D8%B0%D9%83%D9%8A-%D8%A8%D8%A7%D8%B3%D8%AA%D8%AE%D8%AF%D8%A7%D9%85-%D8%A7%D9%84%D8%AA%D9%83%D9%86%D9%88%D9%84%D9%88%D8%AC%D9%8A%D8%A7-%D8%A7%D9%84%D8%AD%D9%8A%D9%88%D9%8A%D8%A9
كتابة خطط تغذية علاجية مخصصة لك مع متابعة دقيقة,.Jollanar S,4,4,منذ 6 أشهر و20 يوم,أسلوب حياة,صحة وجمال,"استشارات, نظام, علاج, الصحة, تغذية",https://khamsat.com/lifestyle/nutrition/3886085-%D9%83%D8%AA%D8%A7%D8%A8%D8%A9-%D8%AE%D8%B7%D8%B7-%D8%AA%D8%BA%D8%B0%D9%8A%D8%A9-%D8%B9%D9%84%D8%A7%D8%AC%D9%8A%D8%A9-%D9%85%D8%AE%D8%B5%D8%B5%D8%A9-%D9%84%D9%83-%D9%85%D8%B9-%D9%85%D8%AA%D8%A7%D8%A8%D8%B9%D8%A9-%D8%AF%D9%82%D9%8A%D9%82%D8%A9
خدمة كوتشينغ دراسي لتقوية الثقة، التركيز، وتنظيم الوقت!,محمد خ.,0,0,Aucun avis,أسلوب حياة,تنمية شخصية,"صعوبات التعلم, توجيه دراسي, زيادة التركيز, تقوية الثقة بالنفس, عادات المذاكرة",https://khamsat.com/lifestyle/career-counseling/3631796-%D8%AE%D8%AF%D9%85%D8%A9-%D9%83%D9%88%D8%AA%D8%B4%D9%8A%D9%86%D8%BA-%D8%AF%D8%B1%D8%A7%D8%B3%D9%8A-%D9%84%D8%AA%D9%82%D9%88%D9%8A%D8%A9-%D8%A7%D9%84%D8%AB%D9%82%D8%A9-%D8%A7%D9%84%D8%AA%D8%B1%D9%83%D9%8A%D8%B2-%D9%88%D8%AA%D9%86%D8%B8%D9%8A%D9%85-%D8%A7%D9%84%D9%88%D9%82%D8%AA
كيف تنجح في مقابلات العمل,محمد ع.,7,4,منذ 4 سنوات و5 أشهر,أسلوب حياة,تنمية شخصية,"شركات, cv, النجاح, العمل, كيفية, بروفايل, مقابلات, نماذج, خطط",https://khamsat.com/lifestyle/career-counseling/1665008-%D9%83%D9%8A%D9%81-%D8%AA%D9%86%D8%AC%D8%AD-%D9%81%D9%8A-%D9%85%D9%82%D8%A7%D8%A8%D9%84%D8%A7%D8%AA-%D8%A7%D9%84%D8%B9%D9%85%D9%84
نظام احترافي لتتبع العادات والأداء و لوحة تحكم ذكية,صبحي خ.,1,0,Aucun avis,أسلوب حياة,تنمية شخصية,"عادات, انتاجية, نظام تتبع العادات, إدارة الأداء الشهري والسنوي, أداء أفضل للقادة",https://khamsat.com/lifestyle/career-counseling/3838384-%D9%86%D8%B8%D8%A7%D9%85-%D8%A7%D8%AD%D8%AA%D8%B1%D8%A7%D9%81%D9%8A-%D9%84%D8%AA%D8%AA%D8%A8%D8%B9-%D8%A7%D9%84%D8%B9%D8%A7%D8%AF%D8%A7%D8%AA-%D9%88%D8%A7%D9%84%D8%A3%D8%AF%D8%A7%D8%A1-%D9%88-%D9%84%D9%88%D8%AD%D8%A9-%D8%AA%D8%AD%D9%83%D9%85-%D8%B0%D9%83%D9%8A%D8%A9
أنا مشروعي المستقبلي دليل شامل لتطوير الذات والحب الذاتي,هبه ا.,0,0,Aucun avis,أسلوب حياة,تنمية شخصية,"تطوير, كتابة, تطوير الذات, الثقة بالنفس, كتاب pdf للفتيات",https://khamsat.com/lifestyle/career-counseling/3778056-%D8%A3%D9%86%D8%A7-%D9%85%D8%B4%D8%B1%D9%88%D8%B9%D9%8A-%D8%A7%D9%84%D9%85%D8%B3%D8%AA%D9%82%D8%A8%D9%84%D9%8A-%D8%AF%D9%84%D9%8A%D9%84-%D8%B4%D8%A7%D9%85%D9%84-%D9%84%D8%AA%D8%B7%D9%88%D9%8A%D8%B1-%D8%A7%D9%84%D8%B0%D8%A7%D8%AA-%D9%88%D8%A7%D9%84%D8%AD%D8%A8-%D8%A7%D9%84%D8%B0%D8%A7%D8%AA%D9%8A
الصفحة المطلوبة غير موجودة,Non trouvé,Non trouvé,Non trouvé,Aucun avis,Inconnu,Inconnu,Aucun tag,https://khamsat.com/lifestyle/life-coaching/3280598-%D8%AC%D9%84%D8%B3%D8%A9-%D8%AF%D8%B9%D9%85-%D9%86%D9%81%D8%B3%D9%8A-%D9%88%D9%81%D8%B6%D9%81%D8%B6%D8%A9-%D8%A3%D9%88%D9%86%D9%84%D8%A7%D9%8A%D9%86-%D9%85%D8%B9-%D8%A3%D8%AE%D8%B5%D8%A7%D8%A6%D9%8A%D8%A9-%D8%A5%D8%B1%D8%B4%D8%A7%D8%AF-%D9%86%D9%81%D8%B3%D9%8A
استشارات ودعم وتطور نفسي لأجلك فقط,.Shahad Y,1,1,منذ 11 شهر و25 يوم,أسلوب حياة,تنمية شخصية,"استشارة, تطوير, دعم, بلانر",https://khamsat.com/lifestyle/life-coaching/3650363-%D8%A7%D8%B3%D8%AA%D8%B4%D8%A7%D8%B1%D8%A7%D8%AA-%D9%88%D8%AF%D8%B9%D9%85-%D9%88%D8%AA%D8%B7%D9%88%D8%B1-%D9%86%D9%81%D8%B3%D9%8A-%D9%84%D8%A3%D8%AC%D9%84%D9%83-%D9%81%D9%82%D8%B7
اسال واستشير فى كل ما يشعرك بعدم الارتياح,أميرة ا.,1,1,منذ سنة و9 أشهر,أسلوب حياة,تنمية شخصية,"تحليل, مقالات, دراسة, تحسين, تقييم",https://khamsat.com/lifestyle/life-coaching/3060833-%D8%A7%D8%B3%D8%A7%D9%84-%D9%88%D8%A7%D8%B3%D8%AA%D8%B4%D9%8A%D8%B1-%D9%81%D9%89-%D9%83%D9%84-%D9%85%D8%A7-%D9%8A%D8%B4%D8%B9%D8%B1%D9%83-%D8%A8%D8%B9%D8%AF%D9%85-%D8%A7%D9%84%D8%A7%D8%B1%D8%AA%D9%8A%D8%A7%D8%AD
الصفحة المطلوبة غير موجودة,Non trouvé,Non trouvé,Non trouvé,Aucun avis,Inconnu,Inconnu,Aucun tag,https://khamsat.com/lifestyle/life-coaching/3662320-%D8%AC%D9%84%D8%B3%D8%A7%D8%AA-%D9%84%D8%A7%D9%8A%D9%81-%D9%83%D9%88%D8%AA%D8%B4%D9%8A%D9%86%D8%AC-%D9%84%D8%AA%D8%B7%D9%88%D9%8A%D8%B1-%D8%A7%D9%84%D8%B0%D8%A7%D8%AA-%D9%88%D8%AA%D8%AD%D9%82%D9%8A%D9%82-%D8%A7%D9%84%D8%AA%D9%88%D8%A7%D8%B2%D9%86
استششارة زراعية للنباتات لحديقة منزلك اونلاين,.Alaa N,0,0,Aucun avis,أسلوب حياة,تنمية شخصية,"زراعة, اشجار, نباتات, نباتات زينة, نباتات داخلية",https://khamsat.com/lifestyle/career-counseling/3782411-%D8%A7%D8%B3%D8%AA%D8%B4%D8%B4%D8%A7%D8%B1%D8%A9-%D8%B2%D8%B1%D8%A7%D8%B9%D9%8A%D8%A9-%D9%84%D9%84%D9%86%D8%A8%D8%A7%D8%AA%D8%A7%D8%AA-%D9%84%D8%AD%D8%AF%D9%8A%D9%82%D8%A9-%D9%85%D9%86%D8%B2%D9%84%D9%83-%D8%A7%D9%88%D9%86%D9%84%D8%A7%D9%8A%D9%86
استشارة فردية مع Life coach,.Aya E,1,0,Aucun avis,أسلوب حياة,تنمية شخصية,"تطوير, دعم, تحفيز, أهداف, لايف",https://khamsat.com/lifestyle/life-coaching/2657373-%D8%A7%D8%B3%D8%AA%D8%B4%D8%A7%D8%B1%D8%A9-%D9%81%D8%B1%D8%AF%D9%8A%D8%A9-%D9%85%D8%B9-life-coach
مساحة للفضفضة مستمع جيد  للمشاكل والهموم,خديجة ا.,5,2,منذ شهر و13 يوم,أسلوب حياة,تنمية شخصية,"استشارة, استشارات, حلول, فضفضة",https://khamsat.com/lifestyle/life-coaching/2936803-%D9%85%D8%B3%D8%A7%D8%AD%D8%A9-%D9%84%D9%84%D9%81%D8%B6%D9%81%D8%B6%D8%A9-%D9%85%D8%B3%D8%AA%D9%85%D8%B9-%D8%AC%D9%8A%D8%AF-%D9%84%D9%84%D9%85%D8%B4%D8%A7%D9%83%D9%84-%D9%88%D8%A7%D9%84%D9%87%D9%85%D9%88%D9%85
المساعدة في حل 5 مشاكل نفسية,.Mohamed K,2,1,منذ سنة و5 أشهر,أسلوب حياة,تنمية شخصية,"استشارة, علوم, مشاكل, مشكلة, خدمة, خدمات, رياضة, علم, اجتماعية, عاطفية, نفسية, نفس, اقتصادية, دين, اسرية, القران",https://khamsat.com/lifestyle/life-coaching/2075289-%D8%A7%D9%84%D9%85%D8%B3%D8%A7%D8%B9%D8%AF%D8%A9-%D9%81%D9%8A-%D8%AD%D9%84-5-%D9%85%D8%B4%D8%A7%D9%83%D9%84-%D9%86%D9%81%D8%B3%D9%8A%D8%A9
تقديم الاستشارات النفسية والاكلينيكية,.Doaa E,17,9,منذ سنتين و9 أشهر,أسلوب حياة,تنمية شخصية,استشارات,https://khamsat.com/lifestyle/life-coaching/1084278-%D8%AA%D9%82%D8%AF%D9%8A%D9%85-%D8%A7%D9%84%D8%A7%D8%B3%D8%AA%D8%B4%D8%A7%D8%B1%D8%A7%D8%AA-%D8%A7%D9%84%D9%86%D9%81%D8%B3%D9%8A%D8%A9-%D9%88%D8%A7%D9%84%D8%A7%D9%83%D9%84%D9%8A%D9%86%D9%8A%D9%83%D9%8A%D8%A9
الاستماع باهتمام وتقديم استشارات عملية لمساعدتك,نادية ا.,0,0,Aucun avis,أسلوب حياة,تنمية شخصية,"استشارات, حلول, دعم, علاقات, مشكلات",https://khamsat.com/lifestyle/career-counseling/3777709-%D8%A7%D9%84%D8%A7%D8%B3%D8%AA%D9%85%D8%A7%D8%B9-%D8%A8%D8%A7%D9%87%D8%AA%D9%85%D8%A7%D9%85-%D9%88%D8%AA%D9%82%D8%AF%D9%8A%D9%85-%D8%A7%D8%B3%D8%AA%D8%B4%D8%A7%D8%B1%D8%A7%D8%AA-%D8%B9%D9%85%D9%84%D9%8A%D8%A9-%D9%84%D9%85%D8%B3%D8%A7%D8%B9%D8%AF%D8%AA%D9%83
جلسة فضفضة وسماع لمشاكلك مع إرشادات عملية من لايف كوتش محترف,.Sarah S,2,2,منذ سنة و8 أشهر,أسلوب حياة,تنمية شخصية,"تطوير, تطوير الذات, مدرب, فضفضة, جلسة",https://khamsat.com/lifestyle/life-coaching/3085026-%D8%AC%D9%84%D8%B3%D8%A9-%D9%81%D8%B6%D9%81%D8%B6%D8%A9-%D9%88%D8%B3%D9%85%D8%A7%D8%B9-%D9%84%D9%85%D8%B4%D8%A7%D9%83%D9%84%D9%83-%D9%85%D8%B9-%D8%A5%D8%B1%D8%B4%D8%A7%D8%AF%D8%A7%D8%AA-%D8%B9%D9%85%D9%84%D9%8A%D8%A9-%D9%85%D9%86-%D9%84%D8%A7%D9%8A%D9%81-%D9%83%D9%88%D8%AA%D8%B4-%D9%85%D8%AD%D8%AA%D8%B1%D9%81
استشارات نفسية واجتماعية وأًسرية لتتخطى أزمة حياتك,اسماء ا.,2,2,منذ سنة و8 أشهر,أسلوب حياة,تنمية شخصية,"استشارات, حلول, نصائح, مساعدة, صحة, دعم, علاج, تطوير الذات, فضفضة, استشارات نفسية",https://khamsat.com/lifestyle/life-coaching/2844047-%D8%A7%D8%B3%D8%AA%D8%B4%D8%A7%D8%B1%D8%A7%D8%AA-%D9%86%D9%81%D8%B3%D9%8A%D8%A9-%D9%88%D8%A7%D8%AC%D8%AA%D9%85%D8%A7%D8%B9%D9%8A%D8%A9-%D9%88%D8%A3%D8%B3%D8%B1%D9%8A%D8%A9-%D9%84%D8%AA%D8%AA%D8%AE%D8%B7%D9%89-%D8%A3%D8%B2%D9%85%D8%A9-%D8%AD%D9%8A%D8%A7%D8%AA%D9%83
الصفحة المطلوبة غير موجودة,Non trouvé,Non trouvé,Non trouvé,Aucun avis,Inconnu,Inconnu,Aucun tag,https://khamsat.com/lifestyle/nutrition/2660230-%D8%A7%D9%86%D8%B8%D9%85%D8%A9-%D8%BA%D8%B0%D8%A7%D8%A6%D9%8A%D9%87-%D8%B3%D9%85%D9%86%D8%A9-%D9%88%D9%86%D8%AD%D8%A7%D9%81%D8%A9-%D9%88%D8%AA%D8%BA%D8%B0%D9%8A%D8%A9-%D8%B9%D9%84%D8%A7%D8%AC%D9%8A%D8%A9
خدمة جلسة تحديد المجال الوظيفي المناسب لشخصيتك,شروق خ.,0,0,Aucun avis,أسلوب حياة,تنمية شخصية,"وظيفي, مهني, مسار مهني",https://khamsat.com/lifestyle/career-counseling/3102020-%D8%AE%D8%AF%D9%85%D8%A9-%D8%AC%D9%84%D8%B3%D8%A9-%D8%AA%D8%AD%D8%AF%D9%8A%D8%AF-%D8%A7%D9%84%D9%85%D8%AC%D8%A7%D9%84-%D8%A7%D9%84%D9%88%D8%B8%D9%8A%D9%81%D9%8A-%D8%A7%D9%84%D9%85%D9%86%D8%A7%D8%B3%D8%A8-%D9%84%D8%B4%D8%AE%D8%B5%D9%8A%D8%AA%D9%83
نصائح وتوصيات  لزيادة فرص بيع الخدمات,.Emad A,1,1,منذ سنة و6 أيام,أسلوب حياة,تنمية شخصية,"تطوير, تحسين",https://khamsat.com/lifestyle/career-counseling/3345893-%D9%86%D8%B5%D8%A7%D8%A6%D8%AD-%D9%88%D8%AA%D9%88%D8%B5%D9%8A%D8%A7%D8%AA-%D9%84%D8%B2%D9%8A%D8%A7%D8%AF%D8%A9-%D9%81%D8%B1%D8%B5-%D8%A8%D9%8A%D8%B9-%D8%A7%D9%84%D8%AE%D8%AF%D9%85%D8%A7%D8%AA
كيف تختار مسارك المهني المناسب,صبحي خ.,1,1,منذ 4 سنوات و3 أيام,أسلوب حياة,تنمية شخصية,"استشارة, عمل, اختيار, مهنية, دليل, فرصة, المسار, المهني, مسارك",https://khamsat.com/lifestyle/career-counseling/1817721-%D9%83%D9%8A%D9%81-%D8%AA%D8%AE%D8%AA%D8%A7%D8%B1-%D9%85%D8%B3%D8%A7%D8%B1%D9%83-%D8%A7%D9%84%D9%85%D9%87%D9%86%D9%8A-%D8%A7%D9%84%D9%85%D9%86%D8%A7%D8%B3%D8%A8
استشارات شخصية وجلسات فضفضة,.Shereen B,1,0,Aucun avis,أسلوب حياة,تنمية شخصية,"مشكلة, علاج, استماع, فضفضة, استشارات نفسية",https://khamsat.com/lifestyle/life-coaching/3215153-%D8%A7%D8%B3%D8%AA%D8%B4%D8%A7%D8%B1%D8%A7%D8%AA-%D8%B4%D8%AE%D8%B5%D9%8A%D8%A9-%D9%88%D8%AC%D9%84%D8%B3%D8%A7%D8%AA-%D9%81%D8%B6%D9%81%D8%B6%D8%A9
تقديم جلسة لايف كوتش وارشاد اسرى ونفسى,.Ahmed A,1,1,منذ 10 أشهر و5 ساعات,أسلوب حياة,تنمية شخصية,"دعم, تطوير الذات, لايف, فضفضة, استشارات نفسية",https://khamsat.com/lifestyle/life-coaching/3238428-%D8%AA%D9%82%D8%AF%D9%8A%D9%85-%D8%AC%D9%84%D8%B3%D8%A9-%D9%84%D8%A7%D9%8A%D9%81-%D9%83%D9%88%D8%AA%D8%B4-%D9%88%D8%A7%D8%B1%D8%B4%D8%A7%D8%AF-%D8%A7%D8%B3%D8%B1%D9%89-%D9%88%D9%86%D9%81%D8%B3%D9%89
دليل شركات التوظيف في دبي,عمرو ش.,5,2,منذ 6 سنوات و10 أشهر,أسلوب حياة,تنمية شخصية,"بحث, شركات, عمل, عن, دليل, توظيف, السفر, دبي, للخارج, مكاتب.التوظيف",https://khamsat.com/lifestyle/career-counseling/654300-%D8%AF%D9%84%D9%8A%D9%84-%D8%B4%D8%B1%D9%83%D8%A7%D8%AA-%D8%A7%D9%84%D8%AA%D9%88%D8%B8%D9%8A%D9%81-%D9%81%D9%8A-%D8%AF%D8%A8%D9%8A
نظام غذائي مخصص للتخسيس أو زيادة الوزن لجميع الأعمار,.Alaa M,0,0,Aucun avis,أسلوب حياة,صحة وجمال,"صحة, تخسيس, رياضة, وزن, تغذية",https://khamsat.com/lifestyle/nutrition/3606098-%D9%86%D8%B8%D8%A7%D9%85-%D8%BA%D8%B0%D8%A7%D8%A6%D9%8A-%D9%85%D8%AE%D8%B5%D8%B5-%D9%84%D9%84%D8%AA%D8%AE%D8%B3%D9%8A%D8%B3-%D8%A3%D9%88-%D8%B2%D9%8A%D8%A7%D8%AF%D8%A9-%D8%A7%D9%84%D9%88%D8%B2%D9%86-%D9%84%D8%AC%D9%85%D9%8A%D8%B9-%D8%A7%D9%84%D8%A3%D8%B9%D9%85%D8%A7%D8%B1
أقوى خدمة متكاملة لتخطيط برامج للياقة البدنية ومتابعة التدريب أونلاين,.Mahmoud Y,13,10,منذ 4 أشهر و6 أيام,أسلوب حياة,صحة وجمال,"تدريب, رياضة, تمارين, رياضي, نحت",https://khamsat.com/lifestyle/fitness-lessons/2836301-%D8%A3%D9%82%D9%88%D9%89-%D8%AE%D8%AF%D9%85%D8%A9-%D9%85%D8%AA%D9%83%D8%A7%D9%85%D9%84%D8%A9-%D9%84%D8%AA%D8%AE%D8%B7%D9%8A%D8%B7-%D8%A8%D8%B1%D8%A7%D9%85%D8%AC-%D9%84%D9%84%D9%8A%D8%A7%D9%82%D8%A9-%D8%A7%D9%84%D8%A8%D8%AF%D9%86%D9%8A%D8%A9-%D9%88%D9%85%D8%AA%D8%A7%D8%A8%D8%B9%D8%A9-%D8%A7%D9%84%D8%AA%D8%AF%D8%B1%D9%8A%D8%A8-%D8%A3%D9%88%D9%86%D9%84%D8%A7%D9%8A%D9%86
خطة ال60 يوم الشاملة للتضخيم النظيف,.Qussai M,40,26,منذ 6 أشهر و19 يوم,أسلوب حياة,صحة وجمال,"صحة, تمرين, خطة, تغذية, لياقة",https://khamsat.com/lifestyle/fitness-lessons/3650903-%D8%AE%D8%B7%D8%A9-%D8%A7%D9%8460-%D9%8A%D9%88%D9%85-%D8%A7%D9%84%D8%B4%D8%A7%D9%85%D9%84%D8%A9-%D9%84%D9%84%D8%AA%D8%B6%D8%AE%D9%8A%D9%85-%D8%A7%D9%84%D9%86%D8%B8%D9%8A%D9%81
برنامج غذائي وتدريبي مخصص,.Riad E,2,2,منذ سنة و8 أشهر,أسلوب حياة,صحة وجمال,"تخسيس, رياضة, تمارين, نظام غذائي, جدول تدريبي",https://khamsat.com/lifestyle/fitness-lessons/2558565-%D8%A8%D8%B1%D9%86%D8%A7%D9%85%D8%AC-%D8%BA%D8%B0%D8%A7%D8%A6%D9%8A-%D9%88%D8%AA%D8%AF%D8%B1%D9%8A%D8%A8%D9%8A-%D9%85%D8%AE%D8%B5%D8%B5
استشارات تربوية للتعامل مع الصعوبات التعليمية والسلوكية,فداء ح.,0,0,Aucun avis,أسلوب حياة,تنمية شخصية,"استشارة, تعليم, تدريب, تربية, سلوك",https://khamsat.com/lifestyle/life-coaching/3684539-%D8%A7%D8%B3%D8%AA%D8%B4%D8%A7%D8%B1%D8%A7%D8%AA-%D8%AA%D8%B1%D8%A8%D9%88%D9%8A%D8%A9-%D9%84%D9%84%D8%AA%D8%B9%D8%A7%D9%85%D9%84-%D9%85%D8%B9-%D8%A7%D9%84%D8%B5%D8%B9%D9%88%D8%A8%D8%A7%D8%AA-%D8%A7%D9%84%D8%AA%D8%B9%D9%84%D9%8A%D9%85%D9%8A%D8%A9-%D9%88%D8%A7%D9%84%D8%B3%D9%84%D9%88%D9%83%D9%8A%D8%A9
"خدمات نفسية, جلسات فضفضة ومحادثة دعم نفس",.Basma S,9,5,منذ سنتين وشهرين,أسلوب حياة,تنمية شخصية,"استشارات, مشاكل, نفسية, فضفضة, استشارات نفسية",https://khamsat.com/lifestyle/life-coaching/2719827-%D8%AE%D8%AF%D9%85%D8%A7%D8%AA-%D9%86%D9%81%D8%B3%D9%8A%D8%A9-%D8%AC%D9%84%D8%B3%D8%A7%D8%AA-%D9%81%D8%B6%D9%81%D8%B6%D8%A9-%D9%88%D9%85%D8%AD%D8%A7%D8%AF%D8%AB%D8%A9-%D8%AF%D8%B9%D9%85-%D9%86%D9%81%D8%B3
بيع ملف  pdf مختصر عن كيف تصبح اكثر طاقة وحيوية بدون جيم,أماني ع.,0,0,Aucun avis,أسلوب حياة,صحة وجمال,"pdf, صفحات, الكتروني, المحتوى",https://khamsat.com/lifestyle/fitness-lessons/3092780-%D8%A8%D9%8A%D8%B9-%D9%85%D9%84%D9%81-pdf-%D9%85%D8%AE%D8%AA%D8%B5%D8%B1-%D8%B9%D9%86-%D9%83%D9%8A%D9%81-%D8%AA%D8%B5%D8%A8%D8%AD-%D8%A7%D9%83%D8%AB%D8%B1-%D8%B7%D8%A7%D9%82%D8%A9-%D9%88%D8%AD%D9%8A%D9%88%D9%8A%D8%A9-%D8%A8%D8%AF%D9%88%D9%86-%D8%AC%D9%8A%D9%85
أعلمك أساسيات الرماية (القوس والسهم),أحمد ع.,2,1,منذ سنتين و10 أشهر,أسلوب حياة,صحة وجمال,"صور, تعليم, تعلم, لعبة, رياضة, الرياضة, رماية, السهم, رامي, سهم",https://khamsat.com/lifestyle/fitness-lessons/697705-%D8%A3%D8%B9%D9%84%D9%85%D9%83-%D8%A3%D8%B3%D8%A7%D8%B3%D9%8A%D8%A7%D8%AA-%D8%A7%D9%84%D8%B1%D9%85%D8%A7%D9%8A%D8%A9-%D8%A7%D9%84%D9%82%D9%88%D8%B3-%D9%88%D8%A7%D9%84%D8%B3%D9%87%D9%85
اختبار الثقة بالنفس .مقياس اكتئاب .مقياس قلق,ايمان ي.,0,0,Aucun avis,أسلوب حياة,تنمية شخصية,"استشارات, شخصية, تطوير الذات",https://khamsat.com/lifestyle/life-coaching/2954381-%D8%A7%D8%AE%D8%AA%D8%A8%D8%A7%D8%B1-%D8%A7%D9%84%D8%AB%D9%82%D8%A9-%D8%A8%D8%A7%D9%84%D9%86%D9%81%D8%B3-.%D9%85%D9%82%D9%8A%D8%A7%D8%B3-%D8%A7%D9%83%D8%AA%D8%A6%D8%A7%D8%A8-.%D9%85%D9%82%D9%8A%D8%A7%D8%B3-%D9%82%D9%84%D9%82
الصفحة المطلوبة غير موجودة,Non trouvé,Non trouvé,Non trouvé,Aucun avis,Inconnu,Inconnu,Aucun tag,https://khamsat.com/lifestyle/life-coaching/1960449-%D8%A7%D8%AE%D8%AA%D8%A8%D8%A7%D8%B1-%D8%A7%D9%84%D8%A5%D9%83%D8%AA%D8%A6%D8%A7%D8%A8-%D8%A7%D9%84%D8%A7%D9%83%D9%84%D9%8A%D9%86%D9%83%D9%8Adepression-test
جدول تمارين وتغذية يكون مصمم خصيصًا لك، ويتناسب مع هدفك,.Abdullah A,1,0,Aucun avis,أسلوب حياة,صحة وجمال,"تغذية صحية, حرق الدهون, جدول تمارين شخصي, وصفات للرياضيين, فيديو تمارين",https://khamsat.com/lifestyle/fitness-lessons/3025767-%D8%AC%D8%AF%D9%88%D9%84-%D8%AA%D9%85%D8%A7%D8%B1%D9%8A%D9%86-%D9%88%D8%AA%D8%BA%D8%B0%D9%8A%D8%A9-%D9%8A%D9%83%D9%88%D9%86-%D9%85%D8%B5%D9%85%D9%85-%D8%AE%D8%B5%D9%8A%D8%B5%D8%A7-%D9%84%D9%83-%D9%88%D9%8A%D8%AA%D9%86%D8%A7%D8%B3%D8%A8-%D9%85%D8%B9-%D9%87%D8%AF%D9%81%D9%83
استشارات شخصية وتقديم الدعم النفسي,.Soha Z,0,0,Aucun avis,أسلوب حياة,تنمية شخصية,استشارات شخصية,https://khamsat.com/lifestyle/life-coaching/2416240-%D8%A7%D8%B3%D8%AA%D8%B4%D8%A7%D8%B1%D8%A7%D8%AA-%D8%B4%D8%AE%D8%B5%D9%8A%D8%A9-%D9%88%D8%AA%D9%82%D8%AF%D9%8A%D9%85-%D8%A7%D9%84%D8%AF%D8%B9%D9%85-%D8%A7%D9%84%D9%86%D9%81%D8%B3%D9%8A
جلسات استشارية لتقليل حدة الأفكار المزعجة والمخاوف والقلق,.Khalil L,0,0,Aucun avis,أسلوب حياة,تنمية شخصية,"استشارة, علاج, فضفضة, نفسي, استشارات نفسية",https://khamsat.com/lifestyle/life-coaching/2968310-%D8%AC%D9%84%D8%B3%D8%A7%D8%AA-%D8%A7%D8%B3%D8%AA%D8%B4%D8%A7%D8%B1%D9%8A%D8%A9-%D9%84%D8%AA%D9%82%D9%84%D9%8A%D9%84-%D8%AD%D8%AF%D8%A9-%D8%A7%D9%84%D8%A3%D9%81%D9%83%D8%A7%D8%B1-%D8%A7%D9%84%D9%85%D8%B2%D8%B9%D8%AC%D8%A9-%D9%88%D8%A7%D9%84%D9%85%D8%AE%D8%A7%D9%88%D9%81-%D9%88%D8%A7%D9%84%D9%82%D9%84%D9%82
جلسات علاج نفسي -Psychotherapy sessions,.Hanan H,1,1,منذ سنة و6 أشهر,أسلوب حياة,تنمية شخصية,"فضفضة, استشارات نفسية, جلسات نفسية, علاج معرفي سلوكي, قلق اكتئاب وسواس قهري هلع",https://khamsat.com/lifestyle/life-coaching/3121432-%D8%AC%D9%84%D8%B3%D8%A7%D8%AA-%D8%B9%D9%84%D8%A7%D8%AC-%D9%86%D9%81%D8%B3%D9%8A-psychotherapy-sessions
صحة وتغذية,Non trouvé,Non trouvé,Non trouvé,Aucun avis,أسلوب حياة,صحة وجمال,Aucun tag,https://khamsat.com/lifestyle/nutrition/3919026-%D8%AD%D8%B3%D8%A7%D8%A8-%D8%A7%D9%84%D8%B3%D8%B9%D8%B1%D8%A7%D8%AA-%D8%A7%D9%84%D8%AD%D8%B1%D8%A7%D8%B1%D9%8A%D8%A9-%D9%88%D8%B3%D8%B9%D8%B1%D8%A7%D8%AA-%D8%A7%D9%84%D9%88%D8%AC%D8%A8%D8%A9-%D8%A7%D9%84%D8%BA%D8%B0%D8%A7%D8%A6%D9%8A%D8%A9-%D8%A7%D9%84%D8%AA%D9%8A-%D8%AA%D8%B1%D9%8A%D8%AF-%D8%AA%D9%86%D8%A7%D9%88%D9%84%D9%87%D8%A7
تصميم برنامج تدريبي مخصص لك حسب أهدافك,إلياس ق.,0,0,Aucun avis,أسلوب حياة,صحة وجمال,"تدريب, الصحة, رياضة, تمارين, لياقة بدنية",https://khamsat.com/lifestyle/fitness-lessons/3727588-%D8%AA%D8%B5%D9%85%D9%8A%D9%85-%D8%A8%D8%B1%D9%86%D8%A7%D9%85%D8%AC-%D8%AA%D8%AF%D8%B1%D9%8A%D8%A8%D9%8A-%D9%85%D8%AE%D8%B5%D8%B5-%D9%84%D9%83-%D8%AD%D8%B3%D8%A8-%D8%A3%D9%87%D8%AF%D8%A7%D9%81%D9%83
تحليل رسومات الأطفال من الجانب النمائي والإسقاطي,حسيبة ص.,0,0,Aucun avis,أسلوب حياة,تنمية شخصية,"رسم, تحليل, لوحة, طفل, رسوم كرتونية",https://khamsat.com/lifestyle/life-coaching/3826689-%D8%AA%D8%AD%D9%84%D9%8A%D9%84-%D8%B1%D8%B3%D9%88%D9%85%D8%A7%D8%AA-%D8%A7%D9%84%D8%A3%D8%B7%D9%81%D8%A7%D9%84-%D9%85%D9%86-%D8%A7%D9%84%D8%AC%D8%A7%D9%86%D8%A8-%D8%A7%D9%84%D9%86%D9%85%D8%A7%D8%A6%D9%8A-%D9%88%D8%A7%D9%84%D8%A5%D8%B3%D9%82%D8%A7%D8%B7%D9%8A
تصميم برامج غذائية متوازنة لإنقاص أو زيادة الوزن,.Meral M,0,0,Aucun avis,أسلوب حياة,صحة وجمال,"مقالات, كتابة محتوى, صحة, صحي, تغذية",https://khamsat.com/lifestyle/nutrition/3679021-%D8%AA%D8%B5%D9%85%D9%8A%D9%85-%D8%A8%D8%B1%D8%A7%D9%85%D8%AC-%D8%BA%D8%B0%D8%A7%D8%A6%D9%8A%D8%A9-%D9%85%D8%AA%D9%88%D8%A7%D8%B2%D9%86%D8%A9-%D9%84%D8%A5%D9%86%D9%82%D8%A7%D8%B5-%D8%A3%D9%88-%D8%B2%D9%8A%D8%A7%D8%AF%D8%A9-%D8%A7%D9%84%D9%88%D8%B2%D9%86
الرياضة الطبية العلاجية لعلاج الحالات المرضية,.Sameh S,0,0,Aucun avis,أسلوب حياة,صحة وجمال,"تخسيس, إستشارات, رياضية, البرامج, علاجيه",https://khamsat.com/lifestyle/fitness-lessons/3866457-%D8%A7%D9%84%D8%B1%D9%8A%D8%A7%D8%B6%D8%A9-%D8%A7%D9%84%D8%B7%D8%A8%D9%8A%D8%A9-%D8%A7%D9%84%D8%B9%D9%84%D8%A7%D8%AC%D9%8A%D8%A9-%D9%84%D8%B9%D9%84%D8%A7%D8%AC-%D8%A7%D9%84%D8%AD%D8%A7%D9%84%D8%A7%D8%AA-%D8%A7%D9%84%D9%85%D8%B1%D8%B6%D9%8A%D8%A9
تحليل صور ورسومات الأطفال,.Walaa A,0,0,Aucun avis,أسلوب حياة,تنمية شخصية,"تحليل, لوحة, طفل",https://khamsat.com/lifestyle/life-coaching/2265370-%D8%AA%D8%AD%D9%84%D9%8A%D9%84-%D8%B5%D9%88%D8%B1-%D9%88%D8%B1%D8%B3%D9%88%D9%85%D8%A7%D8%AA-%D8%A7%D9%84%D8%A3%D8%B7%D9%81%D8%A7%D9%84
تخطيط ومتابعة الوزن للوصول الى الجسم المثالي,.Muhammad O,1,0,Aucun avis,أسلوب حياة,صحة وجمال,"استشارات, صحة, تخسيس, تغذية, حرق دهون",https://khamsat.com/lifestyle/nutrition/3892867-%D8%AA%D8%AE%D8%B7%D9%8A%D8%B7-%D9%88%D9%85%D8%AA%D8%A7%D8%A8%D8%B9%D8%A9-%D8%A7%D9%84%D9%88%D8%B2%D9%86-%D9%84%D9%84%D9%88%D8%B5%D9%88%D9%84-%D8%A7%D9%84%D9%89-%D8%A7%D9%84%D8%AC%D8%B3%D9%85-%D8%A7%D9%84%D9%85%D8%AB%D8%A7%D9%84%D9%8A
دليلك للحصول على البورد الأمريكي في جودة الرعاية الصحية CPHQ,بكري أ.,9,5,منذ سنة و7 أشهر,أسلوب حياة,صحة وجمال,"جودة, شهادة, دليلك, الصحية, الرعاية",https://khamsat.com/lifestyle/nutrition/2135951-%D8%AF%D9%84%D9%8A%D9%84%D9%83-%D9%84%D9%84%D8%AD%D8%B5%D9%88%D9%84-%D8%B9%D9%84%D9%89-%D8%A7%D9%84%D8%A8%D9%88%D8%B1%D8%AF-%D8%A7%D9%84%D8%A3%D9%85%D8%B1%D9%8A%D9%83%D9%8A-%D9%81%D9%8A-%D8%AC%D9%88%D8%AF%D8%A9-%D8%A7%D9%84%D8%B1%D8%B9%D8%A7%D9%8A%D8%A9-%D8%A7%D9%84%D8%B5%D8%AD%D9%8A%D8%A9-cphq
تصميم برامج إعادة التأهيل الرياضي لإصابات المفاصل,.Parsa R,0,0,Aucun avis,أسلوب حياة,صحة وجمال,"تمارين علاجية, إعادة التأهيل الرياضي, إصابات المفاصل, ألم الركبة والكتف, برنامج تأهيلي طبي",https://khamsat.com/lifestyle/fitness-lessons/3522193-%D8%AA%D8%B5%D9%85%D9%8A%D9%85-%D8%A8%D8%B1%D8%A7%D9%85%D8%AC-%D8%A5%D8%B9%D8%A7%D8%AF%D8%A9-%D8%A7%D9%84%D8%AA%D8%A3%D9%87%D9%8A%D9%84-%D8%A7%D9%84%D8%B1%D9%8A%D8%A7%D8%B6%D9%8A-%D9%84%D8%A5%D8%B5%D8%A7%D8%A8%D8%A7%D8%AA-%D8%A7%D9%84%D9%85%D9%81%D8%A7%D8%B5%D9%84
20 سؤال لإختبار شخصيتك ما إذا كنت إنطوائي,احمد ح.,0,0,Aucun avis,أسلوب حياة,تنمية شخصية,"نصائح, تحليل, دراسة, اختبار, شخصية, عالمي, نفسية, نفس, شخصيات, قوة, ضعف, اختلاف, معتمد, انطوائي",https://khamsat.com/lifestyle/life-coaching/1681734-20-%D8%B3%D8%A4%D8%A7%D9%84-%D9%84%D8%A5%D8%AE%D8%AA%D8%A8%D8%A7%D8%B1-%D8%B4%D8%AE%D8%B5%D9%8A%D8%AA%D9%83-%D9%85%D8%A7-%D8%A5%D8%B0%D8%A7-%D9%83%D9%86%D8%AA-%D8%A5%D9%86%D8%B7%D9%88%D8%A7%D8%A6%D9%8A
مدرب رياضي ولياقة بدنية واخصائي تغذية علاج السمنة والنحافة,.Ahmed M,0,0,Aucun avis,أسلوب حياة,صحة وجمال,"صحة, تخسيس, رياضة, وزن, تغذية",https://khamsat.com/lifestyle/nutrition/3743411-%D9%85%D8%AF%D8%B1%D8%A8-%D8%B1%D9%8A%D8%A7%D8%B6%D9%8A-%D9%88%D9%84%D9%8A%D8%A7%D9%82%D8%A9-%D8%A8%D8%AF%D9%86%D9%8A%D8%A9-%D9%88%D8%A7%D8%AE%D8%B5%D8%A7%D8%A6%D9%8A-%D8%AA%D8%BA%D8%B0%D9%8A%D8%A9-%D8%B9%D9%84%D8%A7%D8%AC-%D8%A7%D9%84%D8%B3%D9%85%D9%86%D8%A9-%D9%88%D8%A7%D9%84%D9%86%D8%AD%D8%A7%D9%81%D8%A9
التدريب الرياضى On line  لرفع اللياقة البدنية,.Sameh S,0,0,Aucun avis,أسلوب حياة,صحة وجمال,"صحة, تدريب, تدريب عن بعد, رياضة, وزن",https://khamsat.com/lifestyle/fitness-lessons/3063594-%D8%A7%D9%84%D8%AA%D8%AF%D8%B1%D9%8A%D8%A8-%D8%A7%D9%84%D8%B1%D9%8A%D8%A7%D8%B6%D9%89-on-line-%D9%84%D8%B1%D9%81%D8%B9-%D8%A7%D9%84%D9%84%D9%8A%D8%A7%D9%82%D8%A9-%D8%A7%D9%84%D8%A8%D8%AF%D9%86%D9%8A%D8%A9
جلسة استماع سرية ودعم نفسي كتابيًا,امال ل.,0,0,Aucun avis,أسلوب حياة,تنمية شخصية,"استشارة, دعم, ارشاد, فضفضة, استشارات نفسية",https://khamsat.com/lifestyle/life-coaching/3880864-%D8%AC%D9%84%D8%B3%D8%A9-%D8%A7%D8%B3%D8%AA%D9%85%D8%A7%D8%B9-%D8%B3%D8%B1%D9%8A%D8%A9-%D9%88%D8%AF%D8%B9%D9%85-%D9%86%D9%81%D8%B3%D9%8A-%D9%83%D8%AA%D8%A7%D8%A8%D9%8A%D8%A7
وصفات صحية ومذاق مميز ونحافة مضمونه,.Maryam J,0,0,Aucun avis,أسلوب حياة,صحة وجمال,"صحة, تخسيس, تغذية, وصفات, نمط حياة",https://khamsat.com/lifestyle/nutrition/3715233-%D9%88%D8%B5%D9%81%D8%A7%D8%AA-%D8%B5%D8%AD%D9%8A%D8%A9-%D9%88%D9%85%D8%B0%D8%A7%D9%82-%D9%85%D9%85%D9%8A%D8%B2-%D9%88%D9%86%D8%AD%D8%A7%D9%81%D8%A9-%D9%85%D8%B6%D9%85%D9%88%D9%86%D9%87
أنظمة تمرين وأنظمة غذائية لتحسين شكل الجسم ومتابعة دائمة,.Zeyad Y,1,0,Aucun avis,أسلوب حياة,صحة وجمال,"صحة, تخسيس, تمرين, تغذية, جيم",https://khamsat.com/lifestyle/fitness-lessons/2989087-%D8%A3%D9%86%D8%B8%D9%85%D8%A9-%D8%AA%D9%85%D8%B1%D9%8A%D9%86-%D9%88%D8%A3%D9%86%D8%B8%D9%85%D8%A9-%D8%BA%D8%B0%D8%A7%D8%A6%D9%8A%D8%A9-%D9%84%D8%AA%D8%AD%D8%B3%D9%8A%D9%86-%D8%B4%D9%83%D9%84-%D8%A7%D9%84%D8%AC%D8%B3%D9%85-%D9%88%D9%85%D8%AA%D8%A7%D8%A8%D8%B9%D8%A9-%D8%AF%D8%A7%D8%A6%D9%85%D8%A9
سأرسل لك كتاب قيم جدا من تأليفي يساعدك على التوقف عن التدخين,.Haitham E,0,0,Aucun avis,أسلوب حياة,تنمية شخصية,"التوقف عن التدخين, الإقلاع عن التدخين",https://khamsat.com/lifestyle/life-coaching/928850-%D8%B3%D8%A3%D8%B1%D8%B3%D9%84-%D9%84%D9%83-%D9%83%D8%AA%D8%A7%D8%A8-%D9%82%D9%8A%D9%85-%D8%AC%D8%AF%D8%A7-%D9%85%D9%86-%D8%AA%D8%A3%D9%84%D9%8A%D9%81%D9%8A-%D9%8A%D8%B3%D8%A7%D8%B9%D8%AF%D9%83-%D8%B9%D9%84%D9%89-%D8%A7%D9%84%D8%AA%D9%88%D9%82%D9%81-%D8%B9%D9%86-%D8%A7%D9%84%D8%AA%D8%AF%D8%AE%D9%8A%D9%86
الصفحة المطلوبة غير موجودة,Non trouvé,Non trouvé,Non trouvé,Aucun avis,Inconnu,Inconnu,Aucun tag,https://khamsat.com/lifestyle/life-coaching/3086864-%D9%88%D8%B9%D9%8A-%D8%A8%D8%A7%D9%84%D8%B0%D8%A7%D8%AA-%D9%88%D8%A7%D9%84%D8%AA%D9%81%D9%83%D9%8A%D8%B1-%D8%A7%D9%84%D8%A7%D9%8A%D8%AC%D8%A7%D8%A8%D9%8A
خطة الـ60 يوم المتكاملة للوصول لجسم مثالي,.Mohamed E,0,0,Aucun avis,أسلوب حياة,صحة وجمال,"صحة, رياضه, تمرين, وزن, عضلات",https://khamsat.com/lifestyle/fitness-lessons/3802611-%D8%AE%D8%B7%D8%A9-%D8%A7%D9%84%D9%8060-%D9%8A%D9%88%D9%85-%D8%A7%D9%84%D9%85%D8%AA%D9%83%D8%A7%D9%85%D9%84%D8%A9-%D9%84%D9%84%D9%88%D8%B5%D9%88%D9%84-%D9%84%D8%AC%D8%B3%D9%85-%D9%85%D8%AB%D8%A7%D9%84%D9%8A
استماع ودعم نفسي من القلب  مساحة فضفضة بدون أحكام,.Nouhaila M,0,0,Aucun avis,أسلوب حياة,تنمية شخصية,"استضافة, دعم, محادثة, نفسية, فضفضة",https://khamsat.com/lifestyle/life-coaching/3889080-%D8%A7%D8%B3%D8%AA%D9%85%D8%A7%D8%B9-%D9%88%D8%AF%D8%B9%D9%85-%D9%86%D9%81%D8%B3%D9%8A-%D9%85%D9%86-%D8%A7%D9%84%D9%82%D9%84%D8%A8-%D9%85%D8%B3%D8%A7%D8%AD%D8%A9-%D9%81%D8%B6%D9%81%D8%B6%D8%A9-%D8%A8%D8%AF%D9%88%D9%86-%D8%A3%D8%AD%D9%83%D8%A7%D9%85
كورس أساسيات التعارف الواعي – كيف تبدأ علاقة بطريقة صحيحة؟,ميمونة أم النصر س.,0,0,Aucun avis,أسلوب حياة,تنمية شخصية,"استشارات, حب, تعارف, علاقة عاطفية, شريك حياة",https://khamsat.com/lifestyle/life-coaching/3279190-%D9%83%D9%88%D8%B1%D8%B3-%D8%A3%D8%B3%D8%A7%D8%B3%D9%8A%D8%A7%D8%AA-%D8%A7%D9%84%D8%AA%D8%B9%D8%A7%D8%B1%D9%81-%D8%A7%D9%84%D9%88%D8%A7%D8%B9%D9%8A-%D9%83%D9%8A%D9%81-%D8%AA%D8%A8%D8%AF%D8%A3-%D8%B9%D9%84%D8%A7%D9%82%D8%A9-%D8%A8%D8%B7%D8%B1%D9%8A%D9%82%D8%A9-%D8%B5%D8%AD%D9%8A%D8%AD%D8%A9
نظام غذائي متكامل و برنامج تدريبي,.Mahmoud A,0,0,Aucun avis,أسلوب حياة,صحة وجمال,"صحة, تخسيس, تدريب عن بعد, تغذية, تمارين",https://khamsat.com/lifestyle/fitness-lessons/3796629-%D9%86%D8%B8%D8%A7%D9%85-%D8%BA%D8%B0%D8%A7%D8%A6%D9%8A-%D9%85%D8%AA%D9%83%D8%A7%D9%85%D9%84-%D9%88-%D8%A8%D8%B1%D9%86%D8%A7%D9%85%D8%AC-%D8%AA%D8%AF%D8%B1%D9%8A%D8%A8%D9%8A
سأسمعك حتى النهاية … وأجعلك تشعر انك لست وحدك,.Khadijetou B,0,0,Aucun avis,أسلوب حياة,تنمية شخصية,"حلول, عن, بعد, شخصيه, استماع",https://khamsat.com/lifestyle/life-coaching/3635827-%D8%B3%D8%A3%D8%B3%D9%85%D8%B9%D9%83-%D8%AD%D8%AA%D9%89-%D8%A7%D9%84%D9%86%D9%87%D8%A7%D9%8A%D8%A9-%D9%88%D8%A3%D8%AC%D8%B9%D9%84%D9%83-%D8%AA%D8%B4%D8%B9%D8%B1-%D8%A7%D9%86%D9%83-%D9%84%D8%B3%D8%AA-%D9%88%D8%AD%D8%AF%D9%83
دليلك النفسي لاختيار شريك الحياة بوعي وذكاء عاطفي,ميمونة أم النصر س.,0,0,Aucun avis,أسلوب حياة,تنمية شخصية,"زواج, استشارة عاطفية, شريك حياة, ذكاء عاطفي, تعارف واعي",https://khamsat.com/lifestyle/life-coaching/3278642-%D8%AF%D9%84%D9%8A%D9%84%D9%83-%D8%A7%D9%84%D9%86%D9%81%D8%B3%D9%8A-%D9%84%D8%A7%D8%AE%D8%AA%D9%8A%D8%A7%D8%B1-%D8%B4%D8%B1%D9%8A%D9%83-%D8%A7%D9%84%D8%AD%D9%8A%D8%A7%D8%A9-%D8%A8%D9%88%D8%B9%D9%8A-%D9%88%D8%B0%D9%83%D8%A7%D8%A1-%D8%B9%D8%A7%D8%B7%D9%81%D9%8A
تصميم برنامج تمارين ونظام غذائي مخصص لتحقيق هدفك بدقة,.Youssef A,0,0,Aucun avis,أسلوب حياة,صحة وجمال,"صحة, تغذية, تمارين, روتين, لياقه بدنيه",https://khamsat.com/lifestyle/fitness-lessons/3691155-%D8%AA%D8%B5%D9%85%D9%8A%D9%85-%D8%A8%D8%B1%D9%86%D8%A7%D9%85%D8%AC-%D8%AA%D9%85%D8%A7%D8%B1%D9%8A%D9%86-%D9%88%D9%86%D8%B8%D8%A7%D9%85-%D8%BA%D8%B0%D8%A7%D8%A6%D9%8A-%D9%85%D8%AE%D8%B5%D8%B5-%D9%84%D8%AA%D8%AD%D9%82%D9%8A%D9%82-%D9%87%D8%AF%D9%81%D9%83-%D8%A8%D8%AF%D9%82%D8%A9
صحة وتغذية,Non trouvé,Non trouvé,Non trouvé,Aucun avis,أسلوب حياة,صحة وجمال,Aucun tag,https://khamsat.com/lifestyle/nutrition/2950211-%D8%AA%D8%B5%D9%85%D9%8A%D9%85-%D8%A8%D8%B1%D9%86%D8%A7%D9%85%D8%AC-%D8%BA%D8%B0%D8%A7%D8%A6%D9%8A-%D8%AE%D8%A7%D8%B5-%D9%84%D9%83-%D9%84%D8%AA%D8%AD%D9%82%D9%8A%D9%82-%D9%83%D9%84-%D8%A7%D9%87%D8%AF%D8%A7%D9%81%D9%83-%D8%A8%D8%A7%D9%84%D8%B5%D8%AD%D8%A9-%D9%88%D8%A7%D9%84%D8%B1%D8%B4%D8%A7%D9%82%D8%A9
سأكون منصتًا لك وأقدم لك رد برسائل نصية أو صوتية عبر خمسات,.Mohamad A,0,0,Aucun avis,أسلوب حياة,تنمية شخصية,"تسويق, تواصل, الدعم, إجتماعي, استماع",https://khamsat.com/lifestyle/life-coaching/3513632-%D8%B3%D8%A3%D9%83%D9%88%D9%86-%D9%85%D9%86%D8%B5%D8%AA%D8%A7-%D9%84%D9%83-%D9%88%D8%A3%D9%82%D8%AF%D9%85-%D9%84%D9%83-%D8%B1%D8%AF-%D8%A8%D8%B1%D8%B3%D8%A7%D8%A6%D9%84-%D9%86%D8%B5%D9%8A%D8%A9-%D8%A3%D9%88-%D8%B5%D9%88%D8%AA%D9%8A%D8%A9-%D8%B9%D8%A8%D8%B1-%D8%AE%D9%85%D8%B3%D8%A7%D8%AA
استشارة شخصية اسرية او الحياة الزوجية او العامة,احمد ع.,21,7,منذ 9 سنوات و8 أيام,أسلوب حياة,تنمية شخصية,الثقة,https://khamsat.com/lifestyle/life-coaching/284196-%D8%A7%D8%B3%D8%AA%D8%B4%D8%A7%D8%B1%D8%A9-%D8%B4%D8%AE%D8%B5%D9%8A%D8%A9-%D8%A7%D8%B3%D8%B1%D9%8A%D8%A9-%D8%A7%D9%88-%D8%A7%D9%84%D8%AD%D9%8A%D8%A7%D8%A9-%D8%A7%D9%84%D8%B2%D9%88%D8%AC%D9%8A%D8%A9-%D8%A7%D9%88-%D8%A7%D9%84%D8%B9%D8%A7%D9%85%D8%A9
فحص نفسي شامل قبل الزواج لتقييم التوافق والجاهزية العاطفية.,ميمونة أم النصر س.,0,0,Aucun avis,أسلوب حياة,تنمية شخصية,"استشارات, علاج, زواج, علم نفس, خطوبة",https://khamsat.com/lifestyle/life-coaching/3267297-%D9%81%D8%AD%D8%B5-%D9%86%D9%81%D8%B3%D9%8A-%D8%B4%D8%A7%D9%85%D9%84-%D9%82%D8%A8%D9%84-%D8%A7%D9%84%D8%B2%D9%88%D8%A7%D8%AC-%D9%84%D8%AA%D9%82%D9%8A%D9%8A%D9%85-%D8%A7%D9%84%D8%AA%D9%88%D8%A7%D9%81%D9%82-%D9%88%D8%A7%D9%84%D8%AC%D8%A7%D9%87%D8%B2%D9%8A%D8%A9-%D8%A7%D9%84%D8%B9%D8%A7%D8%B7%D9%81%D9%8A%D8%A9
استماع وفضفضة ومحادثة (دعم نفسي),فاطمة ا.,1,1,منذ سنة و11 شهر,أسلوب حياة,تنمية شخصية,"مشاكل, حلول, علاج, محادثة, فضفضة, استشارات نفسية, دعم نفسي, جلسة",https://khamsat.com/lifestyle/life-coaching/2650962-%D8%A7%D8%B3%D8%AA%D9%85%D8%A7%D8%B9-%D9%88%D9%81%D8%B6%D9%81%D8%B6%D8%A9-%D9%88%D9%85%D8%AD%D8%A7%D8%AF%D8%AB%D8%A9-%D8%AF%D8%B9%D9%85-%D9%86%D9%81%D8%B3%D9%8A
مدرب معتمد   تدريب أونلاين و خطة غذائية   Online Coach,.Ali S,0,0,Aucun avis,أسلوب حياة,صحة وجمال,"لياقة بدنية, مدرب شخصي, خسارة وزن, خطة غذائية, تدريب أونلاين",https://khamsat.com/lifestyle/fitness-lessons/3324064-%D9%85%D8%AF%D8%B1%D8%A8-%D9%85%D8%B9%D8%AA%D9%85%D8%AF-%D8%AA%D8%AF%D8%B1%D9%8A%D8%A8-%D8%A3%D9%88%D9%86%D9%84%D8%A7%D9%8A%D9%86-%D9%88-%D8%AE%D8%B7%D8%A9-%D8%BA%D8%B0%D8%A7%D8%A6%D9%8A%D8%A9-online-coach
إعداد خطة تغذية مكتوبة  نظام غذائي + رياضي,مروه ع.,0,0,Aucun avis,أسلوب حياة,صحة وجمال,"تخسيس, رياضة, وزن, تغذية, غذائية",https://khamsat.com/lifestyle/nutrition/3869790-%D8%A5%D8%B9%D8%AF%D8%A7%D8%AF-%D8%AE%D8%B7%D8%A9-%D8%AA%D8%BA%D8%B0%D9%8A%D8%A9-%D9%85%D9%83%D8%AA%D9%88%D8%A8%D8%A9-%D9%86%D8%B8%D8%A7%D9%85-%D8%BA%D8%B0%D8%A7%D8%A6%D9%8A-%D8%B1%D9%8A%D8%A7%D8%B6%D9%8A
استشارات أسرية واجتماعية وارشاد تربوى ودعم زواجي,.Mohamed E,0,0,Aucun avis,أسلوب حياة,تنمية شخصية,"دعم, علاج, فضفضة, مشكلات, استشارات نفسية",https://khamsat.com/lifestyle/life-coaching/3757736-%D8%A7%D8%B3%D8%AA%D8%B4%D8%A7%D8%B1%D8%A7%D8%AA-%D8%A3%D8%B3%D8%B1%D9%8A%D8%A9-%D9%88%D8%A7%D8%AC%D8%AA%D9%85%D8%A7%D8%B9%D9%8A%D8%A9-%D9%88%D8%A7%D8%B1%D8%B4%D8%A7%D8%AF-%D8%AA%D8%B1%D8%A8%D9%88%D9%89-%D9%88%D8%AF%D8%B9%D9%85-%D8%B2%D9%88%D8%A7%D8%AC%D9%8A
استشارات في مجال التخاطب ومشاكل الكلام عند الأطفال,أسماء ف.,0,0,Aucun avis,أسلوب حياة,تنمية شخصية,"استشارات, أطفال, تخاطب, لدغات, تلعثم",https://khamsat.com/lifestyle/life-coaching/1864610-%D8%A7%D8%B3%D8%AA%D8%B4%D8%A7%D8%B1%D8%A7%D8%AA-%D9%81%D9%8A-%D9%85%D8%AC%D8%A7%D9%84-%D8%A7%D9%84%D8%AA%D8%AE%D8%A7%D8%B7%D8%A8-%D9%88%D9%85%D8%B4%D8%A7%D9%83%D9%84-%D8%A7%D9%84%D9%83%D9%84%D8%A7%D9%85-%D8%B9%D9%86%D8%AF-%D8%A7%D9%84%D8%A3%D8%B7%D9%81%D8%A7%D9%84
تصميم برامج لياقة بدنية غذائية مخصصة لك فقط,.Mohamed A,0,0,Aucun avis,أسلوب حياة,صحة وجمال,"تخسيس, تمرين, عضلات",https://khamsat.com/lifestyle/fitness-lessons/3087078-%D8%AA%D8%B5%D9%85%D9%8A%D9%85-%D8%A8%D8%B1%D8%A7%D9%85%D8%AC-%D9%84%D9%8A%D8%A7%D9%82%D8%A9-%D8%A8%D8%AF%D9%86%D9%8A%D8%A9-%D8%BA%D8%B0%D8%A7%D8%A6%D9%8A%D8%A9-%D9%85%D8%AE%D8%B5%D8%B5%D8%A9-%D9%84%D9%83-%D9%81%D9%82%D8%B7
خطة تغذية ودايت مخصصة لهدفك — خسارة وزن، بناء عضل,.Nyxen S,0,0,Aucun avis,أسلوب حياة,صحة وجمال,"استشارات, دايت, خسارة دهون, حميه غذائيه, خسارة وزن زيادة عضل",https://khamsat.com/lifestyle/nutrition/3844699-%D8%AE%D8%B7%D8%A9-%D8%AA%D8%BA%D8%B0%D9%8A%D8%A9-%D9%88%D8%AF%D8%A7%D9%8A%D8%AA-%D9%85%D8%AE%D8%B5%D8%B5%D8%A9-%D9%84%D9%87%D8%AF%D9%81%D9%83-%D8%AE%D8%B3%D8%A7%D8%B1%D8%A9-%D9%88%D8%B2%D9%86-%D8%A8%D9%86%D8%A7%D8%A1-%D8%B9%D8%B6%D9%84
اختيار الهدايا المناسبة للمواقف المناسبة,.Asmaa M,0,0,Aucun avis,أسلوب حياة,تنمية شخصية,"استشارة, لوجو, الوان, تنسيق",https://khamsat.com/lifestyle/life-coaching/3670709-%D8%A7%D8%AE%D8%AA%D9%8A%D8%A7%D8%B1-%D8%A7%D9%84%D9%87%D8%AF%D8%A7%D9%8A%D8%A7-%D8%A7%D9%84%D9%85%D9%86%D8%A7%D8%B3%D8%A8%D8%A9-%D9%84%D9%84%D9%85%D9%88%D8%A7%D9%82%D9%81-%D8%A7%D9%84%D9%85%D9%86%D8%A7%D8%B3%D8%A8%D8%A9
حل المشاكل النفسية والعاطفية بطريحة احترافيه ومريحة,.Alzahraa B,1,0,Aucun avis,أسلوب حياة,تنمية شخصية,"حلول, دعم, شخصيه, نفسية, فضفضة",https://khamsat.com/lifestyle/life-coaching/3116044-%D8%AD%D9%84-%D8%A7%D9%84%D9%85%D8%B4%D8%A7%D9%83%D9%84-%D8%A7%D9%84%D9%86%D9%81%D8%B3%D9%8A%D8%A9-%D9%88%D8%A7%D9%84%D8%B9%D8%A7%D8%B7%D9%81%D9%8A%D8%A9-%D8%A8%D8%B7%D8%B1%D9%8A%D8%AD%D8%A9-%D8%A7%D8%AD%D8%AA%D8%B1%D8%A7%D9%81%D9%8A%D9%87-%D9%88%D9%85%D8%B1%D9%8A%D8%AD%D8%A9
استشارات نفسية لدعم وتطوير الذات,رغد ا.,2,1,منذ سنتين و6 أشهر,أسلوب حياة,تنمية شخصية,"استشارة, تطوير, الذات, نفسية",https://khamsat.com/lifestyle/life-coaching/2476125-%D8%A7%D8%B3%D8%AA%D8%B4%D8%A7%D8%B1%D8%A7%D8%AA-%D9%86%D9%81%D8%B3%D9%8A%D8%A9-%D9%84%D8%AF%D8%B9%D9%85-%D9%88%D8%AA%D8%B7%D9%88%D9%8A%D8%B1-%D8%A7%D9%84%D8%B0%D8%A7%D8%AA
سأقوم بتصميم تدريبات شخصية وسأكون مدربك الشخصي,.Mohammed El Hadi B,0,0,Aucun avis,أسلوب حياة,صحة وجمال,"diet, رياضة, وزن, fitness, sport",https://khamsat.com/lifestyle/fitness-lessons/2548784-%D8%B3%D8%A3%D9%82%D9%88%D9%85-%D8%A8%D8%AA%D8%B5%D9%85%D9%8A%D9%85-%D8%AA%D8%AF%D8%B1%D9%8A%D8%A8%D8%A7%D8%AA-%D8%B4%D8%AE%D8%B5%D9%8A%D8%A9-%D9%88%D8%B3%D8%A3%D9%83%D9%88%D9%86-%D9%85%D8%AF%D8%B1%D8%A8%D9%83-%D8%A7%D9%84%D8%B4%D8%AE%D8%B5%D9%8A
استشارة شخصية (life coaching),.Eman B,6,6,منذ 4 سنوات و7 أشهر,أسلوب حياة,تنمية شخصية,"استشارة, نصيحة, تطوير, الدعم, coaching",https://khamsat.com/lifestyle/life-coaching/1602528-%D8%A7%D8%B3%D8%AA%D8%B4%D8%A7%D8%B1%D8%A9-%D8%B4%D8%AE%D8%B5%D9%8A%D8%A9-life-coaching
نظام غذائي صحي متوازن يناسب احتياجاتك الخاصة بدون حرمان,.Israa H,0,0,Aucun avis,أسلوب حياة,صحة وجمال,"صحة, تخسيس, رياضة, وزن, تغذية",https://khamsat.com/lifestyle/nutrition/3854954-%D9%86%D8%B8%D8%A7%D9%85-%D8%BA%D8%B0%D8%A7%D8%A6%D9%8A-%D8%B5%D8%AD%D9%8A-%D9%85%D8%AA%D9%88%D8%A7%D8%B2%D9%86-%D9%8A%D9%86%D8%A7%D8%B3%D8%A8-%D8%A7%D8%AD%D8%AA%D9%8A%D8%A7%D8%AC%D8%A7%D8%AA%D9%83-%D8%A7%D9%84%D8%AE%D8%A7%D8%B5%D8%A9-%D8%A8%D8%AF%D9%88%D9%86-%D8%AD%D8%B1%D9%85%D8%A7%D9%86
أستشارة روحية ونفسية سأستمع إليك وأرشدك لتجاوز أزماتك بصدق,.Khadijetou B,0,0,Aucun avis,أسلوب حياة,تنمية شخصية,"استشارة, استشارات, دعم, الدعم, استماع",https://khamsat.com/lifestyle/life-coaching/3578716-%D8%A3%D8%B3%D8%AA%D8%B4%D8%A7%D8%B1%D8%A9-%D8%B1%D9%88%D8%AD%D9%8A%D8%A9-%D9%88%D9%86%D9%81%D8%B3%D9%8A%D8%A9-%D8%B3%D8%A3%D8%B3%D8%AA%D9%85%D8%B9-%D8%A5%D9%84%D9%8A%D9%83-%D9%88%D8%A3%D8%B1%D8%B4%D8%AF%D9%83-%D9%84%D8%AA%D8%AC%D8%A7%D9%88%D8%B2-%D8%A3%D8%B2%D9%85%D8%A7%D8%AA%D9%83-%D8%A8%D8%B5%D8%AF%D9%82
برنامج تدريبي احترافي في كمال الأجسام واللياقة البدنية,.Salim T,0,0,Aucun avis,أسلوب حياة,صحة وجمال,"صحة, برنامج, تدريب, تخسيس, تمرين",https://khamsat.com/lifestyle/fitness-lessons/3124425-%D8%A8%D8%B1%D9%86%D8%A7%D9%85%D8%AC-%D8%AA%D8%AF%D8%B1%D9%8A%D8%A8%D9%8A-%D8%A7%D8%AD%D8%AA%D8%B1%D8%A7%D9%81%D9%8A-%D9%81%D9%8A-%D9%83%D9%85%D8%A7%D9%84-%D8%A7%D9%84%D8%A3%D8%AC%D8%B3%D8%A7%D9%85-%D9%88%D8%A7%D9%84%D9%84%D9%8A%D8%A7%D9%82%D8%A9-%D8%A7%D9%84%D8%A8%D8%AF%D9%86%D9%8A%D8%A9
مُعالج نفسي فضفضة واستماع وتوجيه لتحسين النفسية,.Abdalrahman M,0,0,Aucun avis,أسلوب حياة,تنمية شخصية,"نفسية, فضفضة, علاج نفسي, معالج, إستماع",https://khamsat.com/lifestyle/life-coaching/3649634-%D9%85%D8%B9%D8%A7%D9%84%D8%AC-%D9%86%D9%81%D8%B3%D9%8A-%D9%81%D8%B6%D9%81%D8%B6%D8%A9-%D9%88%D8%A7%D8%B3%D8%AA%D9%85%D8%A7%D8%B9-%D9%88%D8%AA%D9%88%D8%AC%D9%8A%D9%87-%D9%84%D8%AA%D8%AD%D8%B3%D9%8A%D9%86-%D8%A7%D9%84%D9%86%D9%81%D8%B3%D9%8A%D8%A9
جلسه تعديل سلوك للاطفال اوالمراهقين,علا و.,0,0,Aucun avis,أسلوب حياة,تنمية شخصية,"استشارات نفسية, جلسة, تعديل سلوك, اخصائى نفسى, معرفى سلوكى",https://khamsat.com/lifestyle/life-coaching/3243982-%D8%AC%D9%84%D8%B3%D9%87-%D8%AA%D8%B9%D8%AF%D9%8A%D9%84-%D8%B3%D9%84%D9%88%D9%83-%D9%84%D9%84%D8%A7%D8%B7%D9%81%D8%A7%D9%84-%D8%A7%D9%88%D8%A7%D9%84%D9%85%D8%B1%D8%A7%D9%87%D9%82%D9%8A%D9%86
جدول تمارين رياضي أسبوعي للتنشيف التضخيم اللياقة العامة,.Nataly A,0,0,Aucun avis,أسلوب حياة,صحة وجمال,"الصحة, رياضة, عضلات, رشاقة, لياقة",https://khamsat.com/lifestyle/fitness-lessons/3637392-%D8%AC%D8%AF%D9%88%D9%84-%D8%AA%D9%85%D8%A7%D8%B1%D9%8A%D9%86-%D8%B1%D9%8A%D8%A7%D8%B6%D9%8A-%D8%A3%D8%B3%D8%A8%D9%88%D8%B9%D9%8A-%D9%84%D9%84%D8%AA%D9%86%D8%B4%D9%8A%D9%81-%D8%A7%D9%84%D8%AA%D8%B6%D8%AE%D9%8A%D9%85-%D8%A7%D9%84%D9%84%D9%8A%D8%A7%D9%82%D8%A9-%D8%A7%D9%84%D8%B9%D8%A7%D9%85%D8%A9
جلسة استماع ودعم نفسي مساحة آمنة للبوح دون أحكام,دنيا ع.,0,0,Aucun avis,أسلوب حياة,تنمية شخصية,"استشارة, دعم, استماع, فضفضة, استشارات نفسية",https://khamsat.com/lifestyle/life-coaching/3804956-%D8%AC%D9%84%D8%B3%D8%A9-%D8%A7%D8%B3%D8%AA%D9%85%D8%A7%D8%B9-%D9%88%D8%AF%D8%B9%D9%85-%D9%86%D9%81%D8%B3%D9%8A-%D9%85%D8%B3%D8%A7%D8%AD%D8%A9-%D8%A2%D9%85%D9%86%D8%A9-%D9%84%D9%84%D8%A8%D9%88%D8%AD-%D8%AF%D9%88%D9%86-%D8%A3%D8%AD%D9%83%D8%A7%D9%85
برنامج تدريب رياضي وغذائي,بهاء أ.,0,0,Aucun avis,أسلوب حياة,صحة وجمال,"صحة, تدريب, تخسيس, تدريب عن بعد, رياضة",https://khamsat.com/lifestyle/fitness-lessons/3767539-%D8%A8%D8%B1%D9%86%D8%A7%D9%85%D8%AC-%D8%AA%D8%AF%D8%B1%D9%8A%D8%A8-%D8%B1%D9%8A%D8%A7%D8%B6%D9%8A-%D9%88%D8%BA%D8%B0%D8%A7%D8%A6%D9%8A
طريقك نحو الجسم الرياضي المثالي مع الخطة الأمثل لتحقيقه,.Mahmoud A,0,0,Aucun avis,أسلوب حياة,صحة وجمال,"الثقة, تتطوير, تحليل الأجسام, التحفيز و التشجيع, جسم المثالي للحياة المثالية",https://khamsat.com/lifestyle/fitness-lessons/3677154-%D8%B7%D8%B1%D9%8A%D9%82%D9%83-%D9%86%D8%AD%D9%88-%D8%A7%D9%84%D8%AC%D8%B3%D9%85-%D8%A7%D9%84%D8%B1%D9%8A%D8%A7%D8%B6%D9%8A-%D8%A7%D9%84%D9%85%D8%AB%D8%A7%D9%84%D9%8A-%D9%85%D8%B9-%D8%A7%D9%84%D8%AE%D8%B7%D8%A9-%D8%A7%D9%84%D8%A3%D9%85%D8%AB%D9%84-%D9%84%D8%AA%D8%AD%D9%82%D9%8A%D9%82%D9%87
تصميم برنامج تدريب منزلي أو في الجيم حسب هدفك ووقتك,.Sara A,0,0,Aucun avis,أسلوب حياة,صحة وجمال,"برامج, تخسيس, رياضة, تمارين, غذائية",https://khamsat.com/lifestyle/fitness-lessons/3854127-%D8%AA%D8%B5%D9%85%D9%8A%D9%85-%D8%A8%D8%B1%D9%86%D8%A7%D9%85%D8%AC-%D8%AA%D8%AF%D8%B1%D9%8A%D8%A8-%D9%85%D9%86%D8%B2%D9%84%D9%8A-%D8%A3%D9%88-%D9%81%D9%8A-%D8%A7%D9%84%D8%AC%D9%8A%D9%85-%D8%AD%D8%B3%D8%A8-%D9%87%D8%AF%D9%81%D9%83-%D9%88%D9%88%D9%82%D8%AA%D9%83
الصفحة المطلوبة غير موجودة,Non trouvé,Non trouvé,Non trouvé,Aucun avis,Inconnu,Inconnu,Aucun tag,https://khamsat.com/lifestyle/nutrition/3914836-%D9%85%D8%AF%D8%B1%D8%A8-%D9%83%D9%85%D8%A7%D9%84-%D8%A7%D8%AC%D8%B3%D8%A7%D9%85-%D8%AA%D9%86%D8%AD%D9%8A%D9%81-%D8%AA%D8%B3%D9%85%D9%8A%D9%86-%D8%A7%D8%A8%D8%B1%D8%A7%D8%B2-%D8%A7%D9%84%D8%B9%D8%B6%D9%84%D8%A7%D8%AA-%D8%AA%D8%B5%D9%85%D9%8A%D9%85-%D9%86%D8%B8%D8%A7%D9%85-%D8%BA%D8%B0%D8%A7%D9%89%D9%8A
استشارات شخصية,Non trouvé,Non trouvé,Non trouvé,Aucun avis,أسلوب حياة,تنمية شخصية,Aucun tag,https://khamsat.com/lifestyle/life-coaching/3918668-%D8%A7%D8%B3%D8%AA%D8%B4%D8%A7%D8%B1%D8%A7%D8%AA-%D8%A7%D8%AD%D8%AA%D8%B1%D8%A7%D9%81%D9%8A%D8%A9-%D9%81%D9%8A-%D9%83%D8%AA%D8%A7%D8%A8%D8%A9-%D8%A7%D9%84%D9%82%D8%B5%D8%A9-%D9%88%D8%A7%D9%84%D8%B1%D9%88%D8%A7%D9%8A%D8%A9-%D9%88%D8%A7%D9%84%D9%85%D9%82%D8%A7%D9%84%D8%A7%D8%AA
خفف عنك متاعبك مستشار حياتك الشخصية وأعمالك بسرية لايف كوتش,.Mohamed A,2,1,منذ سنتين و8 أشهر,أسلوب حياة,تنمية شخصية,"تحفيز, تطوير الذات, نفسي, استشارات نفسية",https://khamsat.com/lifestyle/life-coaching/2638320-%D8%AE%D9%81%D9%81-%D8%B9%D9%86%D9%83-%D9%85%D8%AA%D8%A7%D8%B9%D8%A8%D9%83-%D9%85%D8%B3%D8%AA%D8%B4%D8%A7%D8%B1-%D8%AD%D9%8A%D8%A7%D8%AA%D9%83-%D8%A7%D9%84%D8%B4%D8%AE%D8%B5%D9%8A%D8%A9-%D9%88%D8%A3%D8%B9%D9%85%D8%A7%D9%84%D9%83-%D8%A8%D8%B3%D8%B1%D9%8A%D8%A9-%D9%84%D8%A7%D9%8A%D9%81-%D9%83%D9%88%D8%AA%D8%B4
جلسة كوتشنج في (تطوير الذات_التطوير المهني),.Abdullah A,2,3,منذ 3 أشهر و16 يوم,أسلوب حياة,تنمية شخصية,Aucun tag,https://khamsat.com/lifestyle/life-coaching/1671102-%D8%AC%D9%84%D8%B3%D8%A9-%D9%83%D9%88%D8%AA%D8%B4%D9%86%D8%AC-%D9%81%D9%8A-%D8%AA%D8%B7%D9%88%D9%8A%D8%B1-%D8%A7%D9%84%D8%B0%D8%A7%D8%AA_%D8%A7%D9%84%D8%AA%D8%B7%D9%88%D9%8A%D8%B1-%D8%A7%D9%84%D9%85%D9%87%D9%86%D9%8A
دليل تدريبي وغذائي شامل للمبتدئين في كمال الاجسام,.Raid Abderrachid L,0,0,Aucun avis,أسلوب حياة,صحة وجمال,"كتابة, pdf, تحفيز, تغذية, gym",https://khamsat.com/lifestyle/fitness-lessons/3630867-%D8%AF%D9%84%D9%8A%D9%84-%D8%AA%D8%AF%D8%B1%D9%8A%D8%A8%D9%8A-%D9%88%D8%BA%D8%B0%D8%A7%D8%A6%D9%8A-%D8%B4%D8%A7%D9%85%D9%84-%D9%84%D9%84%D9%85%D8%A8%D8%AA%D8%AF%D8%A6%D9%8A%D9%86-%D9%81%D9%8A-%D9%83%D9%85%D8%A7%D9%84-%D8%A7%D9%84%D8%A7%D8%AC%D8%B3%D8%A7%D9%85
تصميم نظام غذائى  للتخسيس أو لزيادة الوزن أو لتحسين الحالة ا,رانيا ج.,0,0,Aucun avis,أسلوب حياة,صحة وجمال,"صحة, تخسيس, وزن, تغذية, غذائية",https://khamsat.com/lifestyle/nutrition/3397039-%D8%AA%D8%B5%D9%85%D9%8A%D9%85-%D9%86%D8%B8%D8%A7%D9%85-%D8%BA%D8%B0%D8%A7%D8%A6%D9%89-%D9%84%D9%84%D8%AA%D8%AE%D8%B3%D9%8A%D8%B3-%D8%A3%D9%88-%D9%84%D8%B2%D9%8A%D8%A7%D8%AF%D8%A9-%D8%A7%D9%84%D9%88%D8%B2%D9%86-%D8%A3%D9%88-%D9%84%D8%AA%D8%AD%D8%B3%D9%8A%D9%86-%D8%A7%D9%84%D8%AD%D8%A7%D9%84%D8%A9-%D8%A7
الصفحة المطلوبة غير موجودة,Non trouvé,Non trouvé,Non trouvé,Aucun avis,Inconnu,Inconnu,Aucun tag,https://khamsat.com/lifestyle/life-coaching/2937845-%D8%A7%D8%B3%D8%AA%D8%B4%D8%A7%D8%B1%D8%A7%D8%AA-%D9%86%D9%81%D8%B3%D9%8A%D9%87-%D9%88%D8%A7%D8%AC%D8%AA%D9%85%D8%A7%D8%B9%D9%8A%D9%87-%D9%84%D8%AD%D9%8A%D8%A7%D8%A9-%D8%A3%D9%81%D8%B6%D9%84-%D8%A3%D9%86-%D8%B4%D8%A7%D8%A1-%D8%A7%D9%84%D9%84%D9%87
تمارين يوغا خفيفة حب، توازن وراحة.,.Velora O,0,0,Aucun avis,أسلوب حياة,صحة وجمال,"نصائح, pdf, الصحة, تمارين, العناية بالصحة",https://khamsat.com/lifestyle/fitness-lessons/3651509-%D8%AA%D9%85%D8%A7%D8%B1%D9%8A%D9%86-%D9%8A%D9%88%D8%BA%D8%A7-%D8%AE%D9%81%D9%8A%D9%81%D8%A9-%D8%AD%D8%A8-%D8%AA%D9%88%D8%A7%D8%B2%D9%86-%D9%88%D8%B1%D8%A7%D8%AD%D8%A9
انظمة تغذية متوازنة لتحسين نمط حياتك,.Azza L,0,0,Aucun avis,أسلوب حياة,صحة وجمال,"صحة, تخسيس, رياضة, وزن, تغذية",https://khamsat.com/lifestyle/nutrition/3711350-%D8%A7%D9%86%D8%B8%D9%85%D8%A9-%D8%AA%D8%BA%D8%B0%D9%8A%D8%A9-%D9%85%D8%AA%D9%88%D8%A7%D8%B2%D9%86%D8%A9-%D9%84%D8%AA%D8%AD%D8%B3%D9%8A%D9%86-%D9%86%D9%85%D8%B7-%D8%AD%D9%8A%D8%A7%D8%AA%D9%83
برنامج تدريبي وغذائي مخصص مع نصائح شخصية لنتائج أسرع,.Ayoub B,1,1,منذ 7 أشهر و24 يوم,أسلوب حياة,صحة وجمال,"pdf, رياضة, تغذية, تمارين",https://khamsat.com/lifestyle/nutrition/3739159-%D8%A8%D8%B1%D9%86%D8%A7%D9%85%D8%AC-%D8%AA%D8%AF%D8%B1%D9%8A%D8%A8%D9%8A-%D9%88%D8%BA%D8%B0%D8%A7%D8%A6%D9%8A-%D9%85%D8%AE%D8%B5%D8%B5-%D9%85%D8%B9-%D9%86%D8%B5%D8%A7%D8%A6%D8%AD-%D8%B4%D8%AE%D8%B5%D9%8A%D8%A9-%D9%84%D9%86%D8%AA%D8%A7%D8%A6%D8%AC-%D8%A3%D8%B3%D8%B1%D8%B9
استشارات نفسية واستشارات أسرية,رانيا س.,0,0,Aucun avis,أسلوب حياة,تنمية شخصية,"تطوير, استشارات, نصائح, ارشاد, استشارات نفسية",https://khamsat.com/lifestyle/life-coaching/2862512-%D8%A7%D8%B3%D8%AA%D8%B4%D8%A7%D8%B1%D8%A7%D8%AA-%D9%86%D9%81%D8%B3%D9%8A%D8%A9-%D9%88%D8%A3%D8%B3%D8%AA%D8%B4%D8%A7%D8%B1%D8%A7%D8%AA-%D8%A7%D8%B3%D8%B1%D9%8A%D8%A9
تصميم برامج تغذية وتدريب للرياضيين ومحبين اللياقة البدنية,.Abanoub A,0,0,Aucun avis,أسلوب حياة,صحة وجمال,"صحة, تخسيس, تدريب عن بعد, تغذية, لياقة بدنية",https://khamsat.com/lifestyle/fitness-lessons/3302620-%D8%AA%D8%B5%D9%85%D9%8A%D9%85-%D8%A8%D8%B1%D8%A7%D9%85%D8%AC-%D8%AA%D8%BA%D8%B0%D9%8A%D8%A9-%D9%88%D8%AA%D8%AF%D8%B1%D9%8A%D8%A8-%D9%84%D9%84%D8%B1%D9%8A%D8%A7%D8%B6%D9%8A%D9%8A%D9%86-%D9%88%D9%85%D8%AD%D8%A8%D9%8A%D9%86-%D8%A7%D9%84%D9%84%D9%8A%D8%A7%D9%82%D8%A9-%D8%A7%D9%84%D8%A8%D8%AF%D9%86%D9%8A%D8%A9
استماع ودعم نفسى وفضفضة  بجوارك,.Mohamed A,0,0,Aucun avis,أسلوب حياة,تنمية شخصية,"حلول, دعم, مساعده, فضفضة, نفسي",https://khamsat.com/lifestyle/life-coaching/3806283-%D8%A7%D8%B3%D8%AA%D9%85%D8%A7%D8%B9-%D9%88%D8%AF%D8%B9%D9%85-%D9%86%D9%81%D8%B3%D9%89-%D9%88%D9%81%D8%B6%D9%81%D8%B6%D8%A9-%D8%A8%D8%AC%D9%88%D8%A7%D8%B1%D9%83
استشارات شخصية وجلسات استماع,.Sihem B,2,2,منذ سنة و4 أشهر,أسلوب حياة,تنمية شخصية,"استشارات, مشكلة, صحة, شخصية, علاج, النجاح, الحياة, نفسية, فضفضة, نفسي",https://khamsat.com/lifestyle/life-coaching/2754834-%D8%A7%D8%B3%D8%AA%D8%B4%D8%A7%D8%B1%D8%A7%D8%AA-%D8%B4%D8%AE%D8%B5%D9%8A%D8%A9-%D9%88%D8%AC%D9%84%D8%B3%D8%A7%D8%AA-%D8%A7%D8%B3%D8%AA%D9%85%D8%A7%D8%B9
سأصمم لك جدول تمارين رياضية مخصص يناسب هدفك وظروفك,محمد ب.,0,0,Aucun avis,أسلوب حياة,صحة وجمال,"نظام, صحة, تخسيس, رياضه, تغذية",https://khamsat.com/lifestyle/fitness-lessons/3421712-%D8%B3%D8%A3%D8%B5%D9%85%D9%85-%D9%84%D9%83-%D8%AC%D8%AF%D9%88%D9%84-%D8%AA%D9%85%D8%A7%D8%B1%D9%8A%D9%86-%D8%B1%D9%8A%D8%A7%D8%B6%D9%8A%D8%A9-%D9%85%D8%AE%D8%B5%D8%B5-%D9%8A%D9%86%D8%A7%D8%B3%D8%A8-%D9%87%D8%AF%D9%81%D9%83-%D9%88%D8%B8%D8%B1%D9%88%D9%81%D9%83
جلسة تأمل تحصين النفس والحياة,Amr Alhady I ع.,0,0,Aucun avis,أسلوب حياة,تنمية شخصية,"تطوير, نصائح, مساعدة, ارشاد, نفسية",https://khamsat.com/lifestyle/life-coaching/3842035-%D8%AC%D9%84%D8%B3%D8%A9-%D8%AA%D8%A3%D9%85%D9%84-%D8%AA%D8%AD%D8%B5%D9%8A%D9%86-%D8%A7%D9%84%D9%86%D9%81%D8%B3-%D9%88%D8%A7%D9%84%D8%AD%D9%8A%D8%A7%D8%A9
علاج طبيعي وتغذية علاجيه لحالات السمنه والنحافه,.Esraa N,0,0,Aucun avis,أسلوب حياة,صحة وجمال,"تخسيس, رياضة, وزن, صحي, تغذية",https://khamsat.com/lifestyle/fitness-lessons/3643965-%D8%B9%D9%84%D8%A7%D8%AC-%D8%B7%D8%A8%D9%8A%D8%B9%D9%8A-%D9%88%D8%AA%D8%BA%D8%B0%D9%8A%D8%A9-%D8%B9%D9%84%D8%A7%D8%AC%D9%8A%D9%87-%D9%84%D8%AD%D8%A7%D9%84%D8%A7%D8%AA-%D8%A7%D9%84%D8%B3%D9%85%D9%86%D9%87-%D9%88%D8%A7%D9%84%D9%86%D8%AD%D8%A7%D9%81%D9%87
مدرب لياقة بدنية وتطوير جسم,.Haider D,0,0,Aucun avis,أسلوب حياة,صحة وجمال,"تخسيس, تمرين, تدريب عن بعد, مدرب, رياضي",https://khamsat.com/lifestyle/fitness-lessons/3518831-%D9%85%D8%AF%D8%B1%D8%A8-%D9%84%D9%8A%D8%A7%D9%82%D8%A9-%D8%A8%D8%AF%D9%86%D9%8A%D8%A9-%D9%88%D8%AA%D8%B7%D9%88%D9%8A%D8%B1-%D8%AC%D8%B3%D9%85
الصفحة المطلوبة غير موجودة,Non trouvé,Non trouvé,Non trouvé,Aucun avis,Inconnu,Inconnu,Aucun tag,https://khamsat.com/lifestyle/life-coaching/2967520-%D8%AA%D9%86%D8%B8%D9%8A%D9%85-%D8%A7%D9%84%D9%88%D9%82%D8%AA-%D9%88%D8%B2%D9%8A%D8%A7%D8%AF%D8%A9-%D8%A7%D9%84%D8%A5%D9%86%D8%AA%D8%A7%D8%AC%D9%8A%D8%A9-%D9%88%D8%A8%D9%82%D9%88%D8%A7%D8%A6%D9%85-%D9%88%D8%A3%D9%87%D8%AF%D8%A7%D9%81
كوتش مساعدة ومواكبة لتنظيم الوقت وتحسين الأداء مهنيا وشخصيا,احمد ا.,0,0,Aucun avis,أسلوب حياة,تنمية شخصية,"استشارة, دراسة, تدريب, حل, تدريب عن بعد, مساعد, كورس, كوتش, استشارة شخصية, استشارة مهنية",https://khamsat.com/lifestyle/life-coaching/2548112-%D9%83%D9%88%D8%AA%D8%B4-%D9%85%D8%B3%D8%A7%D8%B9%D8%AF%D8%A9-%D9%88%D9%85%D9%88%D8%A7%D9%83%D8%A8%D8%A9-%D9%84%D8%AA%D9%86%D8%B8%D9%8A%D9%85-%D8%A7%D9%84%D9%88%D9%82%D8%AA-%D9%88%D8%AA%D8%AD%D8%B3%D9%8A%D9%86-%D8%A7%D9%84%D8%A3%D8%AF%D8%A7%D8%A1-%D9%85%D9%87%D9%86%D9%8A%D8%A7-%D9%88%D8%B4%D8%AE%D8%B5%D9%8A%D8%A7
استشارة وتدريب في مجال التخطيط الشخصي,.Mohamad Q,3,3,منذ 5 سنوات و9 أشهر,أسلوب حياة,تنمية شخصية,"تطوير, شخصي, تخطيط, مهني, مسار, أكاديمي",https://khamsat.com/lifestyle/life-coaching/1368818-%D8%A7%D8%B3%D8%AA%D8%B4%D8%A7%D8%B1%D8%A9-%D9%88%D8%AA%D8%AF%D8%B1%D9%8A%D8%A8-%D9%81%D9%8A-%D9%85%D8%AC%D8%A7%D9%84-%D8%A7%D9%84%D8%AA%D8%AE%D8%B7%D9%8A%D8%B7-%D8%A7%D9%84%D8%B4%D8%AE%D8%B5%D9%8A
صحة وتغذية,Non trouvé,Non trouvé,Non trouvé,Aucun avis,أسلوب حياة,صحة وجمال,Aucun tag,https://khamsat.com/lifestyle/nutrition/2613424-%D8%A7%D8%B3%D8%AA%D8%B4%D8%A7%D8%B1%D8%A9-%D8%AA%D8%BA%D8%B0%D9%8A%D8%A9-%D9%88%D8%AE%D8%B7%D8%A9-%D8%B9%D9%84%D8%A7%D8%AC%D9%8A%D8%A9
تقديم الإستشارات النفسية والدعم النفسي,سهر ج.,1,1,منذ سنتين و9 أشهر,أسلوب حياة,تنمية شخصية,"تطوير, حلول, مساعدة, صحة, دعم, علاج, الذات, نفسية, مشكلات, استشارات نفسية",https://khamsat.com/lifestyle/life-coaching/2717581-%D8%AA%D9%82%D8%AF%D9%8A%D9%85-%D8%A7%D9%84%D8%A5%D8%B3%D8%AA%D8%B4%D8%A7%D8%B1%D8%A7%D8%AA-%D8%A7%D9%84%D9%86%D9%81%D8%B3%D9%8A%D8%A9-%D9%88%D8%A7%D9%84%D8%AF%D8%B9%D9%85-%D8%A7%D9%84%D9%86%D9%81%D8%B3%D9%8A
خطة غذائية وتمارين لتحقيق أهدافك,.Omar M,0,0,Aucun avis,أسلوب حياة,صحة وجمال,"صحة, تدريب, تخسيس, تغذية, تمارين",https://khamsat.com/lifestyle/fitness-lessons/3288700-%D8%AE%D8%B7%D8%A9-%D8%BA%D8%B0%D8%A7%D8%A6%D9%8A%D8%A9-%D9%88%D8%AA%D9%85%D8%A7%D8%B1%D9%8A%D9%86-%D9%84%D8%AA%D8%AD%D9%82%D9%8A%D9%82-%D8%A3%D9%87%D8%AF%D8%A7%D9%81%D9%83
تقديم استشارات زراعية في البساتين خضر فاكهة نباتات زينة,محمد س.,0,0,Aucun avis,أسلوب حياة,تنمية شخصية,"استشارة, تحليل, متخصصة, زراعة, ابحاث علمية",https://khamsat.com/lifestyle/life-coaching/3265056-%D8%AA%D9%82%D8%AF%D9%8A%D9%85-%D8%A7%D8%B3%D8%AA%D8%B4%D8%A7%D8%B1%D8%A7%D8%AA-%D8%B2%D8%B1%D8%A7%D8%B9%D9%8A%D8%A9-%D9%81%D9%8A-%D8%A7%D9%84%D8%A8%D8%B3%D8%A7%D8%AA%D9%8A%D9%86-%D8%AE%D8%B6%D8%B1-%D9%81%D8%A7%D9%83%D9%87%D8%A9-%D9%86%D8%A8%D8%A7%D8%AA%D8%A7%D8%AA-%D8%B2%D9%8A%D9%86%D8%A9
متابعة تغذيه حالات سمنه ونحافه,.Menna K,0,0,Aucun avis,أسلوب حياة,صحة وجمال,"تصميم, صحة, تخسيس, وزن, تغذية",https://khamsat.com/lifestyle/nutrition/3833783-%D9%85%D8%AA%D8%A7%D8%A8%D8%B9%D8%A9-%D8%AA%D8%BA%D8%B0%D9%8A%D9%87-%D8%AD%D8%A7%D9%84%D8%A7%D8%AA-%D8%B3%D9%85%D9%86%D9%87-%D9%88%D9%86%D8%AD%D8%A7%D9%81%D9%87
جلسة فضفضة ودعم نفسي لحياة افضل,.Heba Y,0,0,Aucun avis,أسلوب حياة,تنمية شخصية,"مساعدة, دعم, تطوير الذات, فضفضة, استشارات نفسية",https://khamsat.com/lifestyle/life-coaching/3274497-%D8%AC%D9%84%D8%B3%D8%A9-%D9%81%D8%B6%D9%81%D8%B6%D8%A9-%D9%88%D8%AF%D8%B9%D9%85-%D9%86%D9%81%D8%B3%D9%8A-%D9%84%D8%AD%D9%8A%D8%A7%D8%A9-%D8%A7%D9%81%D8%B6%D9%84
سأصمم لك برنامج تدريبي احترافي للوصول إلى جسم أحلامك,.Hamza A,0,0,Aucun avis,أسلوب حياة,صحة وجمال,"تطوير, تدريب, pdf, word, تمرين",https://khamsat.com/lifestyle/fitness-lessons/3640324-%D8%B3%D8%A3%D8%B5%D9%85%D9%85-%D9%84%D9%83-%D8%A8%D8%B1%D9%86%D8%A7%D9%85%D8%AC-%D8%AA%D8%AF%D8%B1%D9%8A%D8%A8%D9%8A-%D8%A7%D8%AD%D8%AA%D8%B1%D8%A7%D9%81%D9%8A-%D9%84%D9%84%D9%88%D8%B5%D9%88%D9%84-%D8%A5%D9%84%D9%89-%D8%AC%D8%B3%D9%85-%D8%A3%D8%AD%D9%84%D8%A7%D9%85%D9%83
كتاب كيف تجعل أي شخص يحبك؟ سوف يغير حياتك,.Mahmoud O,0,0,Aucun avis,كتابة وترجمة,كتابة إبداعية,"كتابة, تنمية بشرية, كيف تجعل اي شخص يحبك",https://khamsat.com/lifestyle/life-coaching/3193369-%D9%83%D8%AA%D8%A7%D8%A8-%D9%83%D9%8A%D9%81-%D8%AA%D8%AC%D8%B9%D9%84-%D8%A3%D9%8A-%D8%B4%D8%AE%D8%B5-%D9%8A%D8%AD%D8%A8%D9%83-%D8%B3%D9%88%D9%81-%D9%8A%D8%BA%D9%8A%D8%B1-%D8%AD%D9%8A%D8%A7%D8%AA%D9%83
احصل على نظام غذائي مخصص يغير حياتك ويحقق هدفك بسرعة وأمان,.Elhassan I,0,0,Aucun avis,أسلوب حياة,صحة وجمال,"استشارات, تخسيس, رياضة, تغذية, غذائية",https://khamsat.com/lifestyle/nutrition/3665003-%D8%A7%D8%AD%D8%B5%D9%84-%D8%B9%D9%84%D9%89-%D9%86%D8%B8%D8%A7%D9%85-%D8%BA%D8%B0%D8%A7%D8%A6%D9%8A-%D9%85%D8%AE%D8%B5%D8%B5-%D9%8A%D8%BA%D9%8A%D8%B1-%D8%AD%D9%8A%D8%A7%D8%AA%D9%83-%D9%88%D9%8A%D8%AD%D9%82%D9%82-%D9%87%D8%AF%D9%81%D9%83-%D8%A8%D8%B3%D8%B1%D8%B9%D8%A9-%D9%88%D8%A3%D9%85%D8%A7%D9%86
اختبر وتعرف على درجة ذكاءك العاطفي,رهام س.,0,0,Aucun avis,أسلوب حياة,تنمية شخصية,"دعم, تدريب, تطوير الذات, استشارات نفسية, الذكاء",https://khamsat.com/lifestyle/life-coaching/2982788-%D8%A7%D8%AE%D8%AA%D8%A8%D8%B1-%D9%88%D8%AA%D8%B9%D8%B1%D9%81-%D8%B9%D9%84%D9%89-%D8%AF%D8%B1%D8%AC%D8%A9-%D8%B0%D9%83%D8%A7%D8%A1%D9%83-%D8%A7%D9%84%D8%B9%D8%A7%D8%B7%D9%81%D9%8A
أخصائية تغذية علاجية تقدم خطة غذائية مخصصة,.Salsabil O,1,1,منذ شهر و24 يوم,أسلوب حياة,صحة وجمال,"ترجمة, استشارات, نظام, تخسيس, تغذية",https://khamsat.com/lifestyle/nutrition/3347528-%D8%A3%D8%AE%D8%B5%D8%A7%D8%A6%D9%8A%D8%A9-%D8%AA%D8%BA%D8%B0%D9%8A%D8%A9-%D8%B9%D9%84%D8%A7%D8%AC%D9%8A%D8%A9-%D8%AA%D9%82%D8%AF%D9%85-%D8%AE%D8%B7%D8%A9-%D8%BA%D8%B0%D8%A7%D8%A6%D9%8A%D8%A9-%D9%85%D8%AE%D8%B5%D8%B5%D8%A9
اعداد نظام لياقة بدنية متكامل,.Mohamed E,0,0,Aucun avis,أسلوب حياة,صحة وجمال,"نصائح, تعليم, صحة, لياقة بدنية, انظمه غذائيه",https://khamsat.com/lifestyle/fitness-lessons/2858708-%D8%A7%D8%B9%D8%AF%D8%A7%D8%AF-%D9%86%D8%B8%D8%A7%D9%85-%D9%84%D9%8A%D8%A7%D9%82%D8%A9-%D8%A8%D8%AF%D9%86%D9%8A%D8%A9-%D9%85%D8%AA%D9%83%D8%A7%D9%85%D9%84
كتاب اليكتروني عن اسرار ونصائح عن العطور كتاب رقمي 100 صفحة,منصور ع.,3,1,منذ 9 أشهر و17 يوم,أسلوب حياة,صحة وجمال,Aucun tag,https://khamsat.com/lifestyle/beauty-fashion/2215932-%D9%83%D8%AA%D8%A7%D8%A8-%D8%A7%D9%84%D9%8A%D9%83%D8%AA%D8%B1%D9%88%D9%86%D9%8A-%D8%B9%D9%86-%D8%A7%D8%B3%D8%B1%D8%A7%D8%B1-%D9%88%D9%86%D8%B5%D8%A7%D8%A6%D8%AD-%D8%B9%D9%86-%D8%A7%D9%84%D8%B9%D8%B7%D9%88%D8%B1-%D9%83%D8%AA%D8%A7%D8%A8-%D8%B1%D9%82%D9%85%D9%8A-100-%D8%B5%D9%81%D8%AD%D8%A9
خدمة الإرشاد النفسي لمساعدتك في تحقيق السكينة النفسية,.Ibrahem K,0,0,Aucun avis,أسلوب حياة,تنمية شخصية,"تطوير, استشارات, نصائح, مشكلات, استشارات نفسية",https://khamsat.com/lifestyle/life-coaching/3279001-%D8%AE%D8%AF%D9%85%D8%A9-%D8%A7%D9%84%D8%A5%D8%B1%D8%B4%D8%A7%D8%AF-%D8%A7%D9%84%D9%86%D9%81%D8%B3%D9%8A-%D9%84%D9%85%D8%B3%D8%A7%D8%B9%D8%AF%D8%AA%D9%83-%D9%81%D9%8A-%D8%AA%D8%AD%D9%82%D9%8A%D9%82-%D8%A7%D9%84%D8%B3%D9%83%D9%8A%D9%86%D8%A9-%D8%A7%D9%84%D9%86%D9%81%D8%B3%D9%8A%D8%A9
نظام غذائي احترافي بصيغتي PDF وWord مع وصفات وبدائل صحية,الآء ع.,0,0,Aucun avis,أسلوب حياة,صحة وجمال,"تغذية, متابعة, انظمه غذائيه, تغذية رياضيين, سمنه ونحافه",https://khamsat.com/lifestyle/nutrition/3850655-%D9%86%D8%B8%D8%A7%D9%85-%D8%BA%D8%B0%D8%A7%D8%A6%D9%8A-%D8%A7%D8%AD%D8%AA%D8%B1%D8%A7%D9%81%D9%8A-%D8%A8%D8%B5%D9%8A%D8%BA%D8%AA%D9%8A-pdf-%D9%88word-%D9%85%D8%B9-%D9%88%D8%B5%D9%81%D8%A7%D8%AA-%D9%88%D8%A8%D8%AF%D8%A7%D8%A6%D9%84-%D8%B5%D8%AD%D9%8A%D8%A9
أستشارات زوجية واسرية لعلاقات مستقرة,.Radwa N,0,0,Aucun avis,أسلوب حياة,تنمية شخصية,"استشارات, مساعدة, استشارات زوجية, علاقات زوجية, رضوى نجيب",https://khamsat.com/lifestyle/life-coaching/3725820-%D8%A3%D8%B3%D8%AA%D8%B4%D8%A7%D8%B1%D8%A7%D8%AA-%D8%B2%D9%88%D8%AC%D9%8A%D8%A9-%D9%88%D8%A7%D8%B3%D8%B1%D9%8A%D8%A9-%D9%84%D8%B9%D9%84%D8%A7%D9%82%D8%A7%D8%AA-%D9%85%D8%B3%D8%AA%D9%82%D8%B1%D8%A9
سأصمم برنامج غذائي خاص بك لتحقق لهدفك,إلياس ق.,0,0,Aucun avis,أسلوب حياة,صحة وجمال,"صحة, تدريب, حمية, تغذية, لياقة بدنية",https://khamsat.com/lifestyle/nutrition/2925752-%D8%B3%D8%A3%D8%B5%D9%85%D9%85-%D8%A8%D8%B1%D9%86%D8%A7%D9%85%D8%AC-%D8%BA%D8%B0%D8%A7%D8%A6%D9%8A-%D8%AE%D8%A7%D8%B5-%D8%A8%D9%83-%D9%84%D8%AA%D8%AD%D9%82%D9%82-%D9%84%D9%87%D8%AF%D9%81%D9%83
تغذية علاجية سمنة ونحافة صحتك مهمة وتستحق العمل لأجلها,.Arwa E,1,1,منذ سنتين و7 أشهر,أسلوب حياة,صحة وجمال,"محتوى, الصحة, رياضة, تغذية, استشارة صحية",https://khamsat.com/lifestyle/nutrition/2790503-%D8%AA%D8%BA%D8%B0%D9%8A%D8%A9-%D8%B9%D9%84%D8%A7%D8%AC%D9%8A%D8%A9-%D8%B3%D9%85%D9%86%D8%A9-%D9%88%D9%86%D8%AD%D8%A7%D9%81%D8%A9-%D8%B5%D8%AD%D8%AA%D9%83-%D9%85%D9%87%D9%85%D8%A9-%D9%88%D8%AA%D8%B3%D8%AA%D8%AD%D9%82-%D8%A7%D9%84%D8%B9%D9%85%D9%84-%D9%84%D8%A3%D8%AC%D9%84%D9%87%D8%A7
اخصائى نفسي اكلينيكي واستشارى نفسي و ارشاد أسرى,.Drdalia M,0,0,Aucun avis,أسلوب حياة,تنمية شخصية,"نصيحة, دعم, تطوير الذات, مشكلات, استشارات نفسية",https://khamsat.com/lifestyle/life-coaching/2986934-%D8%A7%D8%AE%D8%B5%D8%A7%D8%A6%D9%89-%D9%86%D9%81%D8%B3%D9%8A-%D8%A7%D9%83%D9%84%D9%8A%D9%86%D9%8A%D9%83%D9%8A-%D9%88%D8%A7%D8%B3%D8%AA%D8%B4%D8%A7%D8%B1%D9%89-%D9%86%D9%81%D8%B3%D9%8A-%D9%88-%D8%A7%D8%B1%D8%B4%D8%A7%D8%AF-%D8%A3%D8%B3%D8%B1%D9%89
برنامج تغذية وعناية للبشرة والشعر حسب حالتك الصحية,.Hany S,0,0,Aucun avis,أسلوب حياة,صحة وجمال,"شعر, وزن, تغذية, بشرة, صحه",https://khamsat.com/lifestyle/nutrition/3897544-%D8%A8%D8%B1%D9%86%D8%A7%D9%85%D8%AC-%D8%AA%D8%BA%D8%B0%D9%8A%D8%A9-%D9%88%D8%B9%D9%86%D8%A7%D9%8A%D8%A9-%D9%84%D9%84%D8%A8%D8%B4%D8%B1%D8%A9-%D9%88%D8%A7%D9%84%D8%B4%D8%B9%D8%B1-%D8%AD%D8%B3%D8%A8-%D8%AD%D8%A7%D9%84%D8%AA%D9%83-%D8%A7%D9%84%D8%B5%D8%AD%D9%8A%D8%A9
مساحة آمنة للتحدث والتعبير عن النفس,شيماء ب.,0,0,Aucun avis,أسلوب حياة,تنمية شخصية,"مشاكل, دعم, تواصل, محادثة, فضفضة",https://khamsat.com/lifestyle/life-coaching/3769392-%D9%85%D8%B3%D8%A7%D8%AD%D8%A9-%D8%A2%D9%85%D9%86%D8%A9-%D9%84%D9%84%D8%AA%D8%AD%D8%AF%D8%AB-%D9%88%D8%A7%D9%84%D8%AA%D8%B9%D8%A8%D9%8A%D8%B1-%D8%B9%D9%86%D8%A7%D9%84%D9%86%D9%81%D8%B3
خطة غذائية شخصية لنظام تخسيس صحي ومرن,.Mohamed N,0,0,Aucun avis,أسلوب حياة,صحة وجمال,"تمارين, انقاص الوزن, نظام غذائي, زيادة الوزن, متابعة تخسيس",https://khamsat.com/lifestyle/nutrition/3780635-%D8%AE%D8%B7%D8%A9-%D8%BA%D8%B0%D8%A7%D8%A6%D9%8A%D8%A9-%D8%B4%D8%AE%D8%B5%D9%8A%D8%A9-%D9%84%D9%86%D8%B8%D8%A7%D9%85-%D8%AA%D8%AE%D8%B3%D9%8A%D8%B3-%D8%B5%D8%AD%D9%8A-%D9%88%D9%85%D8%B1%D9%86
فنون وحرف,Non trouvé,Non trouvé,Non trouvé,Aucun avis,أسلوب حياة,مهارات حياتية وترفيه,Aucun tag,https://khamsat.com/lifestyle/beauty-fashion/2448220-%D8%A7%D8%B3%D8%AA%D8%B4%D8%A7%D8%B1%D8%A7%D8%AA-%D9%81%D9%8A-%D8%B5%D9%86%D8%A7%D8%B9%D8%A9-%D9%85%D8%B3%D8%AA%D8%AD%D8%B6%D8%B1%D8%A7%D8%AA-%D8%A7%D9%84%D8%AA%D8%AC%D9%85%D9%8A%D9%84-%D9%83%D8%A7%D9%84%D8%B5%D8%A7%D8%A8%D9%88%D9%86-%D9%88%D8%A7%D9%84%D8%B4%D8%A7%D9%85%D8%A8%D9%88
سأنسق لك إطلالات من ملابسك بأسلوب أنيق وعصري,دانا أ.,1,1,منذ 10 أشهر و25 يوم,أسلوب حياة,صحة وجمال,"ستايل, تنسيق ملاب, اطلالات يومية",https://khamsat.com/lifestyle/beauty-fashion/3446589-%D8%B3%D8%A3%D9%86%D8%B3%D9%82-%D9%84%D9%83-%D8%A5%D8%B7%D9%84%D8%A7%D9%84%D8%A7%D8%AA-%D9%85%D9%86-%D9%85%D9%84%D8%A7%D8%A8%D8%B3%D9%83-%D8%A8%D8%A3%D8%B3%D9%84%D9%88%D8%A8-%D8%A3%D9%86%D9%8A%D9%82-%D9%88%D8%B9%D8%B5%D8%B1%D9%8A
جلسة فيديو مع مساعدة افتراضية لدعمك وتحفيزك وتوجيهك الشخصي,سهي ا.,0,0,Aucun avis,أسلوب حياة,تنمية شخصية,"مساعدة, تواصل, تطوير الذات, خدمة العملاء, مساعد افتراضي",https://khamsat.com/lifestyle/life-coaching/3549208-%D8%AC%D9%84%D8%B3%D8%A9-%D9%81%D9%8A%D8%AF%D9%8A%D9%88-%D9%85%D8%B9-%D9%85%D8%B3%D8%A7%D8%B9%D8%AF%D8%A9-%D8%A7%D9%81%D8%AA%D8%B1%D8%A7%D8%B6%D9%8A%D8%A9-%D9%84%D8%AF%D8%B9%D9%85%D9%83-%D9%88%D8%AA%D8%AD%D9%81%D9%8A%D8%B2%D9%83-%D9%88%D8%AA%D9%88%D8%AC%D9%8A%D9%87%D9%83-%D8%A7%D9%84%D8%B4%D8%AE%D8%B5%D9%8A
الصفحة المطلوبة غير موجودة,Non trouvé,Non trouvé,Non trouvé,Aucun avis,Inconnu,Inconnu,Aucun tag,https://khamsat.com/lifestyle/life-coaching/2854464-%D9%81%D8%B6%D9%81%D8%B6%D8%A9-%D8%B4%D8%AE%D8%B5%D9%8A%D8%A9-%D9%88%D9%86%D9%81%D8%B3%D9%8A%D8%A9-%D9%88%D9%85%D8%B4%D9%83%D9%84%D8%A7%D8%AA-%D8%AD%D9%8A%D8%A7%D8%AA%D9%8A%D8%A9
جلسة علاج نفسي غير دوائي تعتمد على CBT,يارا ح.,0,0,Aucun avis,أسلوب حياة,صحة وجمال,"استشارة, فضفضة, مشكلات, نفسيه, استشارات نفسية",https://khamsat.com/lifestyle/nutrition/3764620-%D8%AC%D9%84%D8%B3%D8%A9-%D8%B9%D9%84%D8%A7%D8%AC-%D9%86%D9%81%D8%B3%D9%8A-%D8%BA%D9%8A%D8%B1-%D8%AF%D9%88%D8%A7%D8%A6%D9%8A-%D8%AA%D8%B9%D8%AA%D9%85%D8%AF-%D8%B9%D9%84%D9%89-cbt
استشارات لجمال وصحة البشره والشعر وتركيبات تجميليه,.Norhan O,1,0,Aucun avis,أسلوب حياة,صحة وجمال,"تجميل, جمال, صحه, البشره, تركيبات تجميليه",https://khamsat.com/lifestyle/beauty-fashion/2936379-%D8%A7%D8%B3%D8%AA%D8%B4%D8%A7%D8%B1%D8%A7%D8%AA-%D9%84%D8%AC%D9%85%D8%A7%D9%84-%D9%88%D8%B5%D8%AD%D8%A9-%D8%A7%D9%84%D8%A8%D8%B4%D8%B1%D9%87-%D9%88%D8%A7%D9%84%D8%B4%D8%B9%D8%B1-%D9%88%D8%AA%D8%B1%D9%83%D9%8A%D8%A8%D8%A7%D8%AA-%D8%AA%D8%AC%D9%85%D9%8A%D9%84%D9%8A%D9%87
إستشارات في الموضة والأزياء,.Reem S,5,4,منذ 5 أشهر و18 يوم,أسلوب حياة,صحة وجمال,"تصميم, تطوير, نصائح, أزياء, موضة",https://khamsat.com/lifestyle/beauty-fashion/2499566-%D8%A5%D8%B3%D8%AA%D8%B4%D8%A7%D8%B1%D8%A7%D8%AA-%D9%81%D9%8A-%D8%A7%D9%84%D9%85%D9%88%D8%B6%D8%A9-%D9%88%D8%A7%D9%84%D8%A3%D8%B2%D9%8A%D8%A7%D8%A1
دعم نفسي وتفريغ عاطفي عبر المحادثة او الصوت,سهي ا.,0,0,Aucun avis,أسلوب حياة,تنمية شخصية,"مساعدة, دردشة, استماع, فضفضة, استشارات نفسية",https://khamsat.com/lifestyle/life-coaching/3548255-%D8%AF%D8%B9%D9%85-%D9%86%D9%81%D8%B3%D9%8A-%D9%88%D8%AA%D9%81%D8%B1%D9%8A%D8%BA-%D8%B9%D8%A7%D8%B7%D9%81%D9%8A-%D8%B9%D8%A8%D8%B1-%D8%A7%D9%84%D9%85%D8%AD%D8%A7%D8%AF%D8%AB%D8%A9-%D8%A7%D9%88-%D8%A7%D9%84%D8%B5%D9%88%D8%AA
أنظمة غذائية لمرضى السمنة والنحافة وللأمراض المزمنة,سلام ا.,0,0,Aucun avis,أسلوب حياة,صحة وجمال,"برامج, صحة, تخسيس, وزن, تغذية",https://khamsat.com/lifestyle/nutrition/3070731-%D8%A3%D9%86%D8%B8%D9%85%D8%A9-%D8%BA%D8%B0%D8%A7%D8%A6%D9%8A%D8%A9-%D9%84%D9%85%D8%B1%D8%B6%D9%89-%D8%A7%D9%84%D8%B3%D9%85%D9%86%D8%A9-%D9%88%D8%A7%D9%84%D9%86%D8%AD%D8%A7%D9%81%D8%A9-%D9%88%D9%84%D9%84%D8%A3%D9%85%D8%B1%D8%A7%D8%B6-%D8%A7%D9%84%D9%85%D8%B2%D9%85%D9%86%D8%A9
اخصائى تغذيه علاجيه وسمنه ونحافه,عبدالله ا.,1,1,منذ سنة وشهرين,أسلوب حياة,صحة وجمال,"استشارة, كتابة, صحي, تغذية.تخسيس",https://khamsat.com/lifestyle/nutrition/2989123-%D8%A7%D8%AE%D8%B5%D8%A7%D8%A6%D9%89-%D8%AA%D8%BA%D8%B0%D9%8A%D9%87-%D8%B9%D9%84%D8%A7%D8%AC%D9%8A%D9%87-%D9%88%D8%B3%D9%85%D9%86%D9%87-%D9%88%D9%86%D8%AD%D8%A7%D9%81%D9%87
إعطاء نصائح وحلول للحصول على جسم نشيط وسعيد,.Raghad A,1,1,منذ سنتين و5 أشهر,أسلوب حياة,صحة وجمال,"استشارات, غذاء, الصحة, غذائي, صحي",https://khamsat.com/lifestyle/nutrition/2803969-%D8%A5%D8%B9%D8%B7%D8%A7%D8%A1-%D9%86%D8%B5%D8%A7%D8%A6%D8%AD-%D9%88%D8%AD%D9%84%D9%88%D9%84-%D9%84%D9%84%D8%AD%D8%B5%D9%88%D9%84-%D8%B9%D9%84%D9%89-%D8%AC%D8%B3%D9%85-%D9%86%D8%B4%D9%8A%D8%B7-%D9%88%D8%B3%D8%B9%D9%8A%D8%AF
تغذيه و تظبيط سعرات حراريه,.Aya M,3,2,منذ سنة و10 أشهر,أسلوب حياة,صحة وجمال,"منتج, تغذية, وصفات, طعام, مكملات غذائية",https://khamsat.com/lifestyle/nutrition/2878986-%D8%AA%D8%BA%D8%B0%D9%8A%D9%87-%D9%88-%D8%AA%D8%B8%D8%A8%D9%8A%D8%B7-%D8%B3%D8%B9%D8%B1%D8%A7%D8%AA-%D8%AD%D8%B1%D8%A7%D8%B1%D9%8A%D9%87
مقال عن الموضة الجمال مستحضرات التجميل مناسب لمتجرك,بيلسان ع.,0,0,Aucun avis,أسلوب حياة,صحة وجمال,"كتابة, مقالات, word",https://khamsat.com/lifestyle/beauty-fashion/2769807-%D9%85%D9%82%D8%A7%D9%84-%D8%B9%D9%86-%D8%A7%D9%84%D9%85%D9%88%D8%B6%D8%A9-%D8%A7%D9%84%D8%AC%D9%85%D8%A7%D9%84-%D9%85%D8%B3%D8%AA%D8%AD%D8%B6%D8%B1%D8%A7%D8%AA-%D8%A7%D9%84%D8%AA%D8%AC%D9%85%D9%8A%D9%84-%D9%85%D9%86%D8%A7%D8%B3%D8%A8-%D9%84%D9%85%D8%AA%D8%AC%D8%B1%D9%83
عمل انظمة غذائية صحية بناء على احتياجات المشترك,.Samar H,2,1,منذ سنة و4 أشهر,أسلوب حياة,صحة وجمال,"نظام, حمية, تخطيط, تغذية",https://khamsat.com/lifestyle/nutrition/3013425-%D8%B9%D9%85%D9%84-%D8%A7%D9%86%D8%B8%D9%85%D8%A9-%D8%BA%D8%B0%D8%A7%D8%A6%D9%8A%D8%A9-%D8%B5%D8%AD%D9%8A%D8%A9-%D8%A8%D9%86%D8%A7%D8%A1-%D8%B9%D9%84%D9%89-%D8%A7%D8%AD%D8%AA%D9%8A%D8%A7%D8%AC%D8%A7%D8%AA-%D8%A7%D9%84%D9%85%D8%B4%D8%AA%D8%B1%D9%83
استشارات فردية في الحياة اليومية,.Alaa M,0,0,Aucun avis,أسلوب حياة,تنمية شخصية,"اجتماعية, استماع, استشارات نفسية",https://khamsat.com/lifestyle/life-coaching/2811719-%D8%A7%D8%B3%D8%AA%D8%B4%D8%A7%D8%B1%D8%A7%D8%AA-%D9%81%D8%B1%D8%AF%D9%8A%D8%A9-%D9%81%D9%8A-%D8%A7%D9%84%D8%AD%D9%8A%D8%A7%D8%A9-%D8%A7%D9%84%D9%8A%D9%88%D9%85%D9%8A%D8%A9
تركيب مستحضرات التجميل المستوى الاول,علا ش.,0,0,Aucun avis,أسلوب حياة,صحة وجمال,"كريم, تدريب عن بعد, تجميل, المنتجات, براند",https://khamsat.com/lifestyle/beauty-fashion/3882978-%D8%AA%D8%B1%D9%83%D9%8A%D8%A8-%D9%85%D8%B3%D8%AA%D8%AD%D8%B6%D8%B1%D8%A7%D8%AA-%D8%A7%D9%84%D8%AA%D8%AC%D9%85%D9%8A%D9%84-%D8%A7%D9%84%D9%85%D8%B3%D8%AA%D9%88%D9%89-%D8%A7%D9%84%D8%A7%D9%88%D9%84
خطة عذائية مخصصة اسبوعيا لمدة شهرومتابعه,رحاب ج.,0,0,Aucun avis,أسلوب حياة,صحة وجمال,"وزن, تغذية, متابعة, دايت, نظام غذائى",https://khamsat.com/lifestyle/nutrition/3823817-%D8%AE%D8%B7%D8%A9-%D8%B9%D8%B0%D8%A7%D8%A6%D9%8A%D8%A9-%D9%85%D8%AE%D8%B5%D8%B5%D8%A9-%D8%A7%D8%B3%D8%A8%D9%88%D8%B9%D9%8A%D8%A7-%D9%84%D9%85%D8%AF%D8%A9-%D8%B4%D9%87%D8%B1%D9%88%D9%85%D8%AA%D8%A7%D8%A8%D8%B9%D9%87
سأقدم لك استشارات شخصية لمساعدتك على تنظيم حياتك واتخاذ قرار,.Kenzy M,0,0,Aucun avis,أسلوب حياة,تنمية شخصية,"تطوير, إدارة, visualization",https://khamsat.com/lifestyle/life-coaching/3726448-%D8%B3%D8%A3%D9%82%D8%AF%D9%85-%D9%84%D9%83-%D8%A7%D8%B3%D8%AA%D8%B4%D8%A7%D8%B1%D8%A7%D8%AA-%D8%B4%D8%AE%D8%B5%D9%8A%D8%A9-%D9%84%D9%85%D8%B3%D8%A7%D8%B9%D8%AF%D8%AA%D9%83-%D8%B9%D9%84%D9%89-%D8%AA%D9%86%D8%B8%D9%8A%D9%85-%D8%AD%D9%8A%D8%A7%D8%AA%D9%83-%D9%88%D8%A7%D8%AA%D8%AE%D8%A7%D8%B0-%D9%82%D8%B1%D8%A7%D8%B1
استشارات شخصية,Non trouvé,Non trouvé,Non trouvé,Aucun avis,أسلوب حياة,تنمية شخصية,Aucun tag,https://khamsat.com/lifestyle/life-coaching/3908663-%D9%83%D8%AA%D8%A7%D8%A8-%D8%AF%D9%84%D9%8A%D9%84-%D8%A7%D8%B3%D8%AA%D8%AE%D8%AF%D8%A7%D9%85-%D8%A7%D9%84%D8%A5%D9%86%D8%B3%D8%A7%D9%86-%D9%85%D9%86-%D8%A7%D9%84%D8%B7%D9%8A%D8%A7%D8%B1-%D8%A7%D9%84%D8%A2%D9%84%D9%8A-%D8%A5%D9%84%D9%89-%D9%82%D8%A7%D8%A6%D8%AF-%D8%A7%D9%84%D8%B1%D8%AD%D9%84
الاستفسار واعطاء النصائح الخاصة بالبشرة والشعر,ابانوب ي.,0,0,Aucun avis,أسلوب حياة,صحة وجمال,"شعر, وصفة, بشرة, وصفات, تنعيم",https://khamsat.com/lifestyle/beauty-fashion/2337920-%D8%A7%D9%84%D8%A7%D8%B3%D8%AA%D9%81%D8%B3%D8%A7%D8%B1-%D9%88%D8%A7%D8%B9%D8%B7%D8%A7%D8%A1-%D8%A7%D9%84%D9%86%D8%B5%D8%A7%D8%A6%D8%AD-%D8%A7%D9%84%D8%AE%D8%A7%D8%B5%D8%A9-%D8%A8%D8%A7%D9%84%D8%A8%D8%B4%D8%B1%D8%A9-%D9%88%D8%A7%D9%84%D8%B4%D8%B9%D8%B1
أخصائية تغذية علاجية أساعد على بناء علاقة صحية مع الطعام,.Hadia A,0,0,Aucun avis,أسلوب حياة,صحة وجمال,"صحة, تخسيس, إستشارات, تغذية, أخصائية تغذية",https://khamsat.com/lifestyle/nutrition/3637274-%D8%A3%D8%AE%D8%B5%D8%A7%D8%A6%D9%8A%D8%A9-%D8%AA%D8%BA%D8%B0%D9%8A%D8%A9-%D8%B9%D9%84%D8%A7%D8%AC%D9%8A%D8%A9-%D8%A3%D8%B3%D8%A7%D8%B9%D8%AF-%D8%B9%D9%84%D9%89-%D8%A8%D9%86%D8%A7%D8%A1-%D8%B9%D9%84%D8%A7%D9%82%D8%A9-%D8%B5%D8%AD%D9%8A%D8%A9-%D9%85%D8%B9-%D8%A7%D9%84%D8%B7%D8%B9%D8%A7%D9%85
جلسه لايف كوتشينج لحياه افضل,مريم خ.,0,0,Aucun avis,أسلوب حياة,تنمية شخصية,"تطوير, مشاكل, دعم, فضفضة, استشارات نفسية",https://khamsat.com/lifestyle/life-coaching/3856153-%D8%AC%D9%84%D8%B3%D9%87-%D9%84%D8%A7%D9%8A%D9%81-%D9%83%D9%88%D8%AA%D8%B4%D9%8A%D9%86%D8%AC-%D9%84%D8%AD%D9%8A%D8%A7%D9%87-%D8%A7%D9%81%D8%B6%D9%84
استشارات شخصية وجلسات إستماع و راحة,محمد أسامة ا.,4,4,منذ سنة وشهر,أسلوب حياة,تنمية شخصية,"برمجة, استشارة, استشارات, الصحة, لغوي",https://khamsat.com/lifestyle/life-coaching/2994766-%D8%A7%D8%B3%D8%AA%D8%B4%D8%A7%D8%B1%D8%A7%D8%AA-%D8%B4%D8%AE%D8%B5%D9%8A%D8%A9-%D9%88%D8%AC%D9%84%D8%B3%D8%A7%D8%AA-%D8%A5%D8%B3%D8%AA%D9%85%D8%A7%D8%B9-%D9%88-%D8%B1%D8%A7%D8%AD%D8%A9
علاج معرفي سلوكي للوسواس القهري,.Doaa E,0,0,Aucun avis,أسلوب حياة,تنمية شخصية,"استشارة, تطوير, علاج, استشارات نفسية, علاج نفسي",https://khamsat.com/lifestyle/life-coaching/2909974-%D8%B9%D9%84%D8%A7%D8%AC-%D9%85%D8%B9%D8%B1%D9%81%D9%8A-%D8%B3%D9%84%D9%88%D9%83%D9%8A-%D9%84%D9%84%D9%88%D8%B3%D9%88%D8%A7%D8%B3-%D8%A7%D9%84%D9%82%D9%87%D8%B1%D9%8A
تنسيق الملابس للجميع,.Huda A,0,0,Aucun avis,أسلوب حياة,صحة وجمال,"تصميم, الوان, ملابس, أزياء",https://khamsat.com/lifestyle/beauty-fashion/2815186-%D8%AA%D9%86%D8%B3%D9%8A%D9%82-%D8%A7%D9%84%D9%85%D9%84%D8%A7%D8%A8%D8%B3-%D9%84%D9%84%D8%AC%D9%85%D9%8A%D8%B9
أناقتكِ الشخصية استشارات الموضة والأزياء,مي ا.,1,1,منذ سنتين وشهرين,أسلوب حياة,صحة وجمال,"نصائح, ملابس, الألوان, أزياء, موضة",https://khamsat.com/lifestyle/beauty-fashion/2908308-%D8%A3%D9%86%D8%A7%D9%82%D8%AA%D9%83-%D8%A7%D9%84%D8%B4%D8%AE%D8%B5%D9%8A%D8%A9-%D8%A7%D8%B3%D8%AA%D8%B4%D8%A7%D8%B1%D8%A7%D8%AA-%D8%A7%D9%84%D9%85%D9%88%D8%B6%D8%A9-%D9%88%D8%A7%D9%84%D8%A3%D8%B2%D9%8A%D8%A7%D8%A1
تخطيط نظام غذائى صحى ومتوازن وبدون حرمان,.Alaa O,0,0,Aucun avis,أسلوب حياة,صحة وجمال,"صحة, تخسيس, وزن, تغذية, طعام",https://khamsat.com/lifestyle/nutrition/3762139-%D8%AA%D8%AE%D8%B7%D9%8A%D8%B7-%D9%86%D8%B8%D8%A7%D9%85-%D8%BA%D8%B0%D8%A7%D8%A6%D9%89-%D8%B5%D8%AD%D9%89-%D9%88%D9%85%D8%AA%D9%88%D8%A7%D8%B2%D9%86-%D9%88%D8%A8%D8%AF%D9%88%D9%86-%D8%AD%D8%B1%D9%85%D8%A7%D9%86
احجز جلسة لايف كوتش أونلاين مع مدرب حياة معتمد,.Rahma A,1,0,Aucun avis,أسلوب حياة,تنمية شخصية,لايف كوتش,https://khamsat.com/lifestyle/life-coaching/3090313-%D8%A7%D8%AD%D8%AC%D8%B2-%D8%AC%D9%84%D8%B3%D8%A9-%D9%84%D8%A7%D9%8A%D9%81-%D9%83%D9%88%D8%AA%D8%B4-%D8%A3%D9%88%D9%86%D9%84%D8%A7%D9%8A%D9%86-%D9%85%D8%B9-%D9%85%D8%AF%D8%B1%D8%A8-%D8%AD%D9%8A%D8%A7%D8%A9-%D9%85%D8%B9%D8%AA%D9%85%D8%AF
استشارات العلاقات المهنية والاجتماعية والاسرية,محمد ع.,0,0,Aucun avis,أسلوب حياة,تنمية شخصية,"حلول, مهنية, اجتماعية, العلاقات, استشارات نفسية",https://khamsat.com/lifestyle/life-coaching/3895081-%D8%A7%D8%B3%D8%AA%D8%B4%D8%A7%D8%B1%D8%A7%D8%AA-%D8%A7%D9%84%D8%B9%D9%84%D8%A7%D9%82%D8%A7%D8%AA-%D8%A7%D9%84%D9%85%D9%87%D9%86%D9%8A%D8%A9-%D9%88%D8%A7%D9%84%D8%A7%D8%AC%D8%AA%D9%85%D8%A7%D8%B9%D9%8A%D8%A9-%D9%88%D8%A7%D9%84%D8%A7%D8%B3%D8%B1%D9%8A%D8%A9
استشارات في صناعة مستحضرات التجميل .. للبشره والشعر,.Mohamed A,0,0,Aucun avis,أسلوب حياة,صحة وجمال,"استشارة, كريم, تجميل, المنتجات, البشرة",https://khamsat.com/lifestyle/beauty-fashion/2839617-%D8%A7%D8%B3%D8%AA%D8%B4%D8%A7%D8%B1%D8%A7%D8%AA-%D9%81%D9%8A-%D8%B5%D9%86%D8%A7%D8%B9%D8%A9-%D9%85%D8%B3%D8%AA%D8%AD%D8%B6%D8%B1%D8%A7%D8%AA-%D8%A7%D9%84%D8%AA%D8%AC%D9%85%D9%8A%D9%84-%D9%84%D9%84%D8%A8%D8%B4%D8%B1%D9%87-%D9%88%D8%A7%D9%84%D8%B4%D8%B9%D8%B1
اسلوب حياه انقاص وزن تغذيه اون لاين,محمد ج.,0,0,Aucun avis,أسلوب حياة,صحة وجمال,"استشارة, صحة, تخسيس, وزن, تغذية",https://khamsat.com/lifestyle/nutrition/2895959-%D8%A7%D8%B3%D9%84%D9%88%D8%A8-%D8%AD%D9%8A%D8%A7%D9%87-%D8%A7%D9%86%D9%82%D8%A7%D8%B5-%D9%88%D8%B2%D9%86-%D8%AA%D8%BA%D8%B0%D9%8A%D9%87-%D8%A7%D9%88%D9%86-%D9%84%D8%A7%D9%8A%D9%86
استماع وفضفضة واستشارات شخصية,فراج م.,0,0,Aucun avis,أسلوب حياة,تنمية شخصية,"استشارات, استماع, نفسية, العلاقات, فضفضة",https://khamsat.com/lifestyle/life-coaching/3668308-%D8%A7%D8%B3%D8%AA%D9%85%D8%A7%D8%B9-%D9%88%D9%81%D8%B6%D9%81%D8%B6%D8%A9-%D9%88%D8%A7%D8%B3%D8%AA%D8%B4%D8%A7%D8%B1%D8%A7%D8%AA-%D8%B4%D8%AE%D8%B5%D9%8A%D8%A9
تقديم استشارات حول العلاقات والمشاكل النفسية,.Tariq Abdelaaziz Z,0,0,Aucun avis,أسلوب حياة,تنمية شخصية,"استشارة, نصائح, تطوير الذات, علاقات, استشارات نفسية",https://khamsat.com/lifestyle/life-coaching/3925076-%D8%AA%D9%82%D8%AF%D9%8A%D9%85-%D8%A7%D8%B3%D8%AA%D8%B4%D8%A7%D8%B1%D8%A7%D8%AA-%D8%AD%D9%88%D9%84-%D8%A7%D9%84%D8%B9%D9%84%D8%A7%D9%82%D8%A7%D8%AA-%D9%88%D8%A7%D9%84%D9%85%D8%B4%D8%A7%D9%83%D9%84-%D8%A7%D9%84%D9%86%D9%81%D8%B3%D9%8A%D8%A9
خسارة 5كغ بامان في 7 أيام ؟ سرك و تغييرك الجذري يبدأ من هذا الدليل,بتول ب.,0,0,Aucun avis,أسلوب حياة,صحة وجمال,"تصميم, pdf, أفضل, دايت, جداب",https://khamsat.com/lifestyle/nutrition/3616463-%D8%AE%D8%B3%D8%A7%D8%B1%D8%A9-5%D9%83%D8%BA-%D8%A8%D8%A7%D9%85%D8%A7%D9%86-%D9%81%D9%8A-7-%D8%A3%D9%8A%D8%A7%D9%85-%D8%B3%D8%B1%D9%83-%D9%88-%D8%AA%D8%BA%D9%8A%D9%8A%D8%B1%D9%83-%D8%A7%D9%84%D8%AC%D8%B0%D8%B1%D9%8A-%D9%8A%D8%A8%D8%AF%D8%A3-%D9%85%D9%86-%D9%87%D8%B0%D8%A7-%D8%A7%D9%84%D8%AF%D9%84%D9%8A%D9%84
الفضفضة والراحة وسماع صوتك وطرح الحلول,.Muhammed M,0,0,Aucun avis,أسلوب حياة,تنمية شخصية,"حلول, استماع, فضفضة, نفسي, استشارات نفسية",https://khamsat.com/lifestyle/life-coaching/3362257-%D8%A7%D9%84%D9%81%D8%B6%D9%81%D8%B6%D8%A9-%D9%88%D8%A7%D9%84%D8%B1%D8%A7%D8%AD%D8%A9-%D9%88%D8%B3%D9%85%D8%A7%D8%B9-%D8%B5%D9%88%D8%AA%D9%83-%D9%88%D8%B7%D8%B1%D8%AD-%D8%A7%D9%84%D8%AD%D9%84%D9%88%D9%84
جلسات الفضفضة وإعادة التوازن والراحة النفسية,.Hanaa A,15,10,منذ 18 يوم و10 ساعات,أسلوب حياة,تنمية شخصية,"استشارات, دعم, نفسية, فضفضة, نفسي",https://khamsat.com/lifestyle/life-coaching/3122721-%D8%AC%D9%84%D8%B3%D8%A7%D8%AA-%D8%A7%D9%84%D9%81%D8%B6%D9%81%D8%B6%D8%A9-%D9%88%D8%A5%D8%B9%D8%A7%D8%AF%D8%A9-%D8%A7%D9%84%D8%AA%D9%88%D8%A7%D8%B2%D9%86-%D9%88%D8%A7%D9%84%D8%B1%D8%A7%D8%AD%D8%A9-%D8%A7%D9%84%D9%86%D9%81%D8%B3%D9%8A%D8%A9
علاج نفسي بمدرسه cbt - dbt -act,.Nahla K,0,0,Aucun avis,أسلوب حياة,تنمية شخصية,"مشاكل, حلول, علاج, نفسي, استشارات نفسية",https://khamsat.com/lifestyle/life-coaching/3930998-%D8%B9%D9%84%D8%A7%D8%AC-%D9%86%D9%81%D8%B3%D9%8A-%D8%A8%D9%85%D8%AF%D8%B1%D8%B3%D9%87-cbt-dbt-act
استشارات نفسية، استشارات شخصية,.Dina M,1,1,منذ 3 سنوات و17 يوم,أسلوب حياة,تنمية شخصية,"تطوير, مشاكل, شخصية, استشارات نفسية",https://khamsat.com/lifestyle/life-coaching/2610746-%D8%A7%D8%B3%D8%AA%D8%B4%D8%A7%D8%B1%D8%A7%D8%AA-%D9%86%D9%81%D8%B3%D9%8A%D8%A9-%D8%A7%D8%B3%D8%AA%D8%B4%D8%A7%D8%B1%D8%A7%D8%AA-%D8%B4%D8%AE%D8%B5%D9%8A%D8%A9
ديمة صيدلانية ماجستير تغذية وحميات أقدم لك خطط غذائية,.Dema M,0,0,Aucun avis,أسلوب حياة,صحة وجمال,"صحة, تخسيس, وزن, تغذية",https://khamsat.com/lifestyle/nutrition/3739213-%D8%AF%D9%8A%D9%85%D8%A9-%D8%B5%D9%8A%D8%AF%D9%84%D8%A7%D9%86%D9%8A%D8%A9-%D9%85%D8%A7%D8%AC%D8%B3%D8%AA%D9%8A%D8%B1-%D8%AA%D8%BA%D8%B0%D9%8A%D8%A9-%D9%88%D8%AD%D9%85%D9%8A%D8%A7%D8%AA-%D8%A3%D9%82%D8%AF%D9%85-%D9%84%D9%83-%D8%AE%D8%B7%D8%B7-%D8%BA%D8%B0%D8%A7%D8%A6%D9%8A%D8%A9
نظام غذائي وتمرين مخصص للهدفك  فقدان وزن او بناء عضلات,.Mohamed A,1,1,منذ 7 أشهر و10 أيام,أسلوب حياة,صحة وجمال,"استشارات, نصائح, صحة, رياضة, تغذية",https://khamsat.com/lifestyle/nutrition/3080343-%D9%86%D8%B8%D8%A7%D9%85-%D8%BA%D8%B0%D8%A7%D8%A6%D9%8A-%D9%88%D8%AA%D9%85%D8%B1%D9%8A%D9%86-%D9%85%D8%AE%D8%B5%D8%B5-%D9%84%D9%84%D9%87%D8%AF%D9%81%D9%83-%D9%81%D9%82%D8%AF%D8%A7%D9%86-%D9%88%D8%B2%D9%86-%D8%A7%D9%88-%D8%A8%D9%86%D8%A7%D8%A1-%D8%B9%D8%B6%D9%84%D8%A7%D8%AA
نسمعك باهتمام.. نهتم بمشاعرك.. نصدقك ونرشدك,إيزاك أ.,0,0,Aucun avis,أسلوب حياة,تنمية شخصية,"حلول, دعم, علاقات, فضفضة, استشارات نفسية",https://khamsat.com/lifestyle/life-coaching/3835576-%D9%86%D8%B3%D9%85%D8%B9%D9%83-%D8%A8%D8%A7%D9%87%D8%AA%D9%85%D8%A7%D9%85.-%D9%86%D9%87%D8%AA%D9%85-%D8%A8%D9%85%D8%B4%D8%A7%D8%B9%D8%B1%D9%83.-%D9%86%D8%B5%D8%AF%D9%82%D9%83-%D9%88%D9%86%D8%B1%D8%B4%D8%AF%D9%83
استشارات المشاكل الزوجية وحالات الطلاق,محمد ا.,0,0,Aucun avis,أسلوب حياة,تنمية شخصية,"اسرية, مشاكل زوجية, طلاق, استشارة لتقوية العلاقة الزوجية, نصائح لعلاج الخلافات الزوجية",https://khamsat.com/lifestyle/life-coaching/3712299-%D8%A7%D8%B3%D8%AA%D8%B4%D8%A7%D8%B1%D8%A7%D8%AA-%D8%A7%D9%84%D9%85%D8%B4%D8%A7%D9%83%D9%84-%D8%A7%D9%84%D8%B2%D9%88%D8%AC%D9%8A%D8%A9-%D9%88%D8%AD%D8%A7%D9%84%D8%A7%D8%AA-%D8%A7%D9%84%D8%B7%D9%84%D8%A7%D9%82
عمل نظام غذائي للسمنة والنحافة,شروق م.,0,0,Aucun avis,أسلوب حياة,صحة وجمال,"صحة, تخسيس, وزن, تغذية, غذائية",https://khamsat.com/lifestyle/nutrition/3813249-%D8%B9%D9%85%D9%84-%D9%86%D8%B8%D8%A7%D9%85-%D8%BA%D8%B0%D8%A7%D8%A6%D9%8A-%D9%84%D9%84%D8%B3%D9%85%D9%86%D8%A9-%D9%88%D8%A7%D9%84%D9%86%D8%AD%D8%A7%D9%81%D8%A9
موضة وجمال,Non trouvé,Non trouvé,Non trouvé,Aucun avis,أسلوب حياة,صحة وجمال,Aucun tag,https://khamsat.com/lifestyle/beauty-fashion/3728970-%D8%A3%D8%B9%D9%84%D9%85%D9%83-%D8%AE%D8%A8%D8%B1%D8%A7%D8%AA-%D9%81%D9%8A-%D8%AA%D8%B1%D9%83%D9%8A%D8%A8-%D8%A7%D9%84%D8%B9%D8%B7%D9%88%D8%B1-%D8%A7%D9%84%D8%B9%D8%A7%D9%84%D9%85%D9%8A%D8%A9-%D9%88-%D8%A7%D8%B3%D8%B1%D8%A7%D8%B1-%D8%B5%D9%86%D8%A7%D8%B9%D8%AA%D9%87%D8%A7
اخصائي واستشاري تغذية سمنة ونحافة وتغذية الامراض المزمنة,.Basma S,15,8,منذ 11 شهر و22 يوم,أسلوب حياة,صحة وجمال,"استشارة, صحة, تخسيس, وزن, تغذية",https://khamsat.com/lifestyle/nutrition/2675376-%D8%A7%D8%AE%D8%B5%D8%A7%D8%A6%D9%8A-%D9%88%D8%A7%D8%B3%D8%AA%D8%B4%D8%A7%D8%B1%D9%8A-%D8%AA%D8%BA%D8%B0%D9%8A%D8%A9-%D8%B3%D9%85%D9%86%D8%A9-%D9%88%D9%86%D8%AD%D8%A7%D9%81%D8%A9-%D9%88%D8%AA%D8%BA%D8%B0%D9%8A%D8%A9-%D8%A7%D9%84%D8%A7%D9%85%D8%B1%D8%A7%D8%B6-%D8%A7%D9%84%D9%85%D8%B2%D9%85%D9%86%D8%A9
توعية ونصائح فعّالة للإقلاع عن التدخين بخطة مخصصة ودعم شخصي,انور ا.,0,0,Aucun avis,أسلوب حياة,تنمية شخصية,"الإقلاع عن التدخين, ترك التدخين, خطة للإقلاع عن التدخين, نصائح للإقلاع, توعية ضد التدخين",https://khamsat.com/lifestyle/life-coaching/3879433-%D8%AA%D9%88%D8%B9%D9%8A%D8%A9-%D9%88%D9%86%D8%B5%D8%A7%D8%A6%D8%AD-%D9%81%D8%B9%D8%A7%D9%84%D8%A9-%D9%84%D9%84%D8%A5%D9%82%D9%84%D8%A7%D8%B9-%D8%B9%D9%86-%D8%A7%D9%84%D8%AA%D8%AF%D8%AE%D9%8A%D9%86-%D8%A8%D8%AE%D8%B7%D8%A9-%D9%85%D8%AE%D8%B5%D8%B5%D8%A9-%D9%88%D8%AF%D8%B9%D9%85-%D8%B4%D8%AE%D8%B5%D9%8A
صياغة تركيبات احترافية لمستحضر تجميلي,احمد ر.,0,0,Aucun avis,أسلوب حياة,صحة وجمال,"تجميل, عناية بالبشرة, عناية بالشعر, استشارات كيميائية, تصنيع مستحضرات تجميل",https://khamsat.com/lifestyle/beauty-fashion/3509380-%D8%B5%D9%8A%D8%A7%D8%BA%D8%A9-%D8%AA%D8%B1%D9%83%D9%8A%D8%A8%D8%A7%D8%AA-%D8%A7%D8%AD%D8%AA%D8%B1%D8%A7%D9%81%D9%8A%D8%A9-%D9%84%D9%85%D8%B3%D8%AA%D8%AD%D8%B6%D8%B1-%D8%AA%D8%AC%D9%85%D9%8A%D9%84%D9%8A
خسارة الوزن الصحي تجربة شخصية,.Samah S,0,0,Aucun avis,أسلوب حياة,صحة وجمال,"صحة, pdf, تخسيس, تغذية, غذائية",https://khamsat.com/lifestyle/nutrition/3751101-%D8%AE%D8%B3%D8%A7%D8%B1%D8%A9-%D8%A7%D9%84%D9%88%D8%B2%D9%86-%D8%A7%D9%84%D8%B5%D8%AD%D9%8A-%D8%AA%D8%AC%D8%B1%D8%A8%D8%A9-%D8%B4%D8%AE%D8%B5%D9%8A%D8%A9
إن ٱحتَجت إلى مَشُورَة نفسيةٍ من لايف كوتش! أنا هنا,.Khadija E,0,0,Aucun avis,أسلوب حياة,تنمية شخصية,"مساعدة, دعم, تطوير الذات, استشارات نفسية, جلسة",https://khamsat.com/lifestyle/life-coaching/3900866-%D8%A5%D9%86-%D8%AD%D8%AA%D8%AC%D8%AA-%D8%A5%D9%84%D9%89-%D9%85%D8%B4%D9%88%D8%B1%D8%A9-%D9%86%D9%81%D8%B3%D9%8A%D8%A9-%D9%85%D9%86-%D9%84%D8%A7%D9%8A%D9%81-%D9%83%D9%88%D8%AA%D8%B4-%D8%A3%D9%86%D8%A7-%D9%87%D9%86%D8%A7
وصفات طبيعية للعناية بالبشرة,.Velora O,0,0,Aucun avis,أسلوب حياة,صحة وجمال,"pdf, منتجات, بشرة, وصفات, جمال",https://khamsat.com/lifestyle/beauty-fashion/3651494-%D9%88%D8%B5%D9%81%D8%A7%D8%AA-%D8%B7%D8%A8%D9%8A%D8%B9%D9%8A%D8%A9-%D9%84%D9%84%D8%B9%D9%86%D8%A7%D9%8A%D8%A9-%D8%A8%D8%A7%D9%84%D8%A8%D8%B4%D8%B1%D8%A9
الكنز الطبيعي – دليل العناية الشاملة للبشرة، الشعر، النوم,ياسين ا.,0,0,Aucun avis,أسلوب حياة,صحة وجمال,"الصحة, الشعر, تجميل, البشرة, تغدية",https://khamsat.com/lifestyle/nutrition/3854904-%D8%A7%D9%84%D9%83%D9%86%D8%B2-%D8%A7%D9%84%D8%B7%D8%A8%D9%8A%D8%B9%D9%8A-%D8%AF%D9%84%D9%8A%D9%84-%D8%A7%D9%84%D8%B9%D9%86%D8%A7%D9%8A%D8%A9-%D8%A7%D9%84%D8%B4%D8%A7%D9%85%D9%84%D8%A9-%D9%84%D9%84%D8%A8%D8%B4%D8%B1%D8%A9-%D8%A7%D9%84%D8%B4%D8%B9%D8%B1-%D8%A7%D9%84%D9%86%D9%88%D9%85
استشارات شخصية,Non trouvé,Non trouvé,Non trouvé,Aucun avis,أسلوب حياة,تنمية شخصية,Aucun tag,https://khamsat.com/lifestyle/life-coaching/3804498-%D8%AC%D9%84%D8%B3%D8%A9-%D9%83%D9%88%D8%AA%D8%B4%D9%8A%D9%86%D8%BA-%D8%B5%D8%AD%D9%8A-%D9%84%D9%81%D9%87%D9%85-%D8%A7%D9%84%D8%AC%D8%B0%D9%88%D8%B1-%D8%A7%D9%84%D9%86%D9%81%D8%B3%D9%8A%D8%A9-%D9%84%D9%84%D8%A3%D9%85%D8%B1%D8%A7%D8%B6-%D9%88%D8%A7%D9%84%D8%B9%D9%84%D8%A7%D9%82%D8%A7%D8%AA
سأساعدك في اختيار السيارة الأنسب لميزانيتك و بلدك,أنور م.,0,0,Aucun avis,أسلوب حياة,تنمية شخصية,"استشارة, استشارات, شراء, سيارات, سيارة",https://khamsat.com/lifestyle/life-coaching/3639330-%D8%B3%D8%A3%D8%B3%D8%A7%D8%B9%D8%AF%D9%83-%D9%81%D9%8A-%D8%A7%D8%AE%D8%AA%D9%8A%D8%A7%D8%B1-%D8%A7%D9%84%D8%B3%D9%8A%D8%A7%D8%B1%D8%A9-%D8%A7%D9%84%D8%A3%D9%86%D8%B3%D8%A8-%D9%84%D9%85%D9%8A%D8%B2%D8%A7%D9%86%D9%8A%D8%AA%D9%83-%D9%88-%D8%A8%D9%84%D8%AF%D9%83
أناقتك وتنسيقك الألوان والثياب من أولوياتي,.Mohamad M,0,0,Aucun avis,أسلوب حياة,صحة وجمال,"نصائح, الألوان, أزياء, موضة, جمال",https://khamsat.com/lifestyle/beauty-fashion/3491468-%D8%A3%D9%86%D8%A7%D9%82%D8%AA%D9%83-%D9%88%D8%AA%D9%86%D8%B3%D9%8A%D9%82%D9%83-%D8%A7%D9%84%D8%A3%D9%84%D9%88%D8%A7%D9%86-%D9%88%D8%A7%D9%84%D8%AB%D9%8A%D8%A7%D8%A8-%D9%85%D9%86-%D8%A3%D9%88%D9%84%D9%88%D9%8A%D8%A7%D8%AA%D9%8A
إعداد خطة غذائية صحية لخسارة او زيادة الوزن,.Malak E,0,0,Aucun avis,أسلوب حياة,صحة وجمال,"تغذية, انقاص الوزن, نظام غذائي, زيادة الوزن, دايت صحي",https://khamsat.com/lifestyle/nutrition/3786165-%D8%A5%D8%B9%D8%AF%D8%A7%D8%AF-%D8%AE%D8%B7%D8%A9-%D8%BA%D8%B0%D8%A7%D8%A6%D9%8A%D8%A9-%D8%B5%D8%AD%D9%8A%D8%A9-%D9%84%D8%AE%D8%B3%D8%A7%D8%B1%D8%A9-%D8%A7%D9%88-%D8%B2%D9%8A%D8%A7%D8%AF%D8%A9-%D8%A7%D9%84%D9%88%D8%B2%D9%86
احصل على جلسة كوتشينغ شخصية تغيّر منظورك وتفكيرك من الجذر,محمد خ.,1,0,Aucun avis,أسلوب حياة,تنمية شخصية,"تطوير الذات, دعم نفسي, تحقيق الأهداف, كوتشينغ نفسي وأسري, إدارة التوتر",https://khamsat.com/lifestyle/life-coaching/3630791-%D8%A7%D8%AD%D8%B5%D9%84-%D8%B9%D9%84%D9%89-%D8%AC%D9%84%D8%B3%D8%A9-%D9%83%D9%88%D8%AA%D8%B4%D9%8A%D9%86%D8%BA-%D8%B4%D8%AE%D8%B5%D9%8A%D8%A9-%D8%AA%D8%BA%D9%8A%D8%B1-%D9%85%D9%86%D8%B8%D9%88%D8%B1%D9%83-%D9%88%D8%AA%D9%81%D9%83%D9%8A%D8%B1%D9%83-%D9%85%D9%86-%D8%A7%D9%84%D8%AC%D8%B0%D8%B1
فضفضة ودعم نفسي واستشارات شخصية,.Tamer H,0,0,Aucun avis,أسلوب حياة,تنمية شخصية,"دعم, فضفضة, مشكلات, نفسي, استشارات نفسية",https://khamsat.com/lifestyle/life-coaching/3678731-%D9%81%D8%B6%D9%81%D8%B6%D8%A9-%D9%88%D8%AF%D8%B9%D9%85-%D9%86%D9%81%D8%B3%D9%8A-%D9%88%D8%A7%D8%B3%D8%AA%D8%B4%D8%A7%D8%B1%D8%A7%D8%AA-%D8%B4%D8%AE%D8%B5%D9%8A%D8%A9
إعداد خطط وبرامج تغذية احترافية للتنشيف التضخيم نمط صحي,.Nataly A,0,0,Aucun avis,أسلوب حياة,صحة وجمال,"صحة, تغذية, رشاقة, تضخيم, تنشيف",https://khamsat.com/lifestyle/nutrition/3637360-%D8%A5%D8%B9%D8%AF%D8%A7%D8%AF-%D8%AE%D8%B7%D8%B7-%D9%88%D8%A8%D8%B1%D8%A7%D9%85%D8%AC-%D8%AA%D8%BA%D8%B0%D9%8A%D8%A9-%D8%A7%D8%AD%D8%AA%D8%B1%D8%A7%D9%81%D9%8A%D8%A9-%D9%84%D9%84%D8%AA%D9%86%D8%B4%D9%8A%D9%81-%D8%A7%D9%84%D8%AA%D8%B6%D8%AE%D9%8A%D9%85-%D9%86%D9%85%D8%B7-%D8%B5%D8%AD%D9%8A
كتابي الإلكتروني الشيف الذهبي,ياسمين م.,1,0,Aucun avis,أسلوب حياة,مهارات حياتية وترفيه,"كتاب, فى, للمبتدئين, طبخ, وصفات, بسيطة, أكلات, طعام, المطبخ",https://khamsat.com/lifestyle/cooking-lessons/2347952-%D9%83%D8%AA%D8%A7%D8%A8%D9%8A-%D8%A7%D9%84%D8%A5%D9%84%D9%83%D8%AA%D8%B1%D9%88%D9%86%D9%8A-%D8%A7%D9%84%D8%B4%D9%8A%D9%81-%D8%A7%D9%84%D8%B0%D9%87%D8%A8%D9%8A
حلل شخصيتك بأستخدام علي الجرافولجي,محمد ص.,0,0,Aucun avis,أسلوب حياة,تنمية شخصية,"نصائح, تحليل, شخصية, تطوير الذات, نقاط",https://khamsat.com/lifestyle/life-coaching/2924481-%D8%AD%D9%84%D9%84-%D8%B4%D8%AE%D8%B5%D9%8A%D8%AA%D9%83-%D8%A8%D8%A3%D8%B3%D8%AA%D8%AE%D8%AF%D8%A7%D9%85-%D8%B9%D9%84%D9%8A-%D8%A7%D9%84%D8%AC%D8%B1%D8%A7%D9%81%D9%88%D9%84%D8%AC%D9%8A
الدعم والارشاد النفسي وتطوير الذات والفضفضة,.Marwa E,0,0,Aucun avis,أسلوب حياة,تنمية شخصية,"دعم, ارشاد, فضفضة, نفسيه, استشارات نفسية",https://khamsat.com/lifestyle/life-coaching/3769537-%D8%A7%D9%84%D8%AF%D8%B9%D9%85-%D9%88%D8%A7%D9%84%D8%A7%D8%B1%D8%B4%D8%A7%D8%AF-%D8%A7%D9%84%D9%86%D9%81%D8%B3%D9%8A-%D9%88%D8%AA%D8%B7%D9%88%D9%8A%D8%B1-%D8%A7%D9%84%D8%B0%D8%A7%D8%AA-%D9%88%D8%A7%D9%84%D9%81%D8%B6%D9%81%D8%B6%D8%A9
Life Coach لايف كوتش   صحة عقلية جسدية وروحية,إسلام ح.,0,0,Aucun avis,أسلوب حياة,صحة وجمال,"صحة, نفسية, لايف كوتش, روحية, جسدية",https://khamsat.com/lifestyle/nutrition/3577987-life-coach-%D9%84%D8%A7%D9%8A%D9%81-%D9%83%D9%88%D8%AA%D8%B4-%D8%B5%D8%AD%D8%A9-%D8%B9%D9%82%D9%84%D9%8A%D8%A9-%D8%AC%D8%B3%D8%AF%D9%8A%D8%A9-%D9%88%D8%B1%D9%88%D8%AD%D9%8A%D8%A9
تعلم تحضير  أشكال لذيذة من التارت بنكهات مختلفة وجميلة,.Btissam M,0,0,Aucun avis,أسلوب حياة,مهارات حياتية وترفيه,"تعلم, حلويات, تارت اللوز, تارت الفواكه, تارت الليمون",https://khamsat.com/lifestyle/cooking-lessons/2925559-%D8%AA%D8%B9%D9%84%D9%85-%D8%AA%D8%AD%D8%B6%D9%8A%D8%B1-%D8%A3%D8%B4%D9%83%D8%A7%D9%84-%D9%84%D8%B0%D9%8A%D8%B0%D8%A9-%D9%85%D9%86-%D8%A7%D9%84%D8%AA%D8%A7%D8%B1%D8%AA-%D8%A8%D9%86%D9%83%D9%87%D8%A7%D8%AA-%D9%85%D8%AE%D8%AA%D9%84%D9%81%D8%A9-%D9%88%D8%AC%D9%85%D9%8A%D9%84%D8%A9
مساحتك الآمنة للفضفضة والدعم العاطفي وقت الحاجة,.Farida F,0,0,Aucun avis,أسلوب حياة,تنمية شخصية,"نصائح, شخصية, محادثة, فضفضة الإستماع",https://khamsat.com/lifestyle/life-coaching/3114523-%D9%85%D8%B3%D8%A7%D8%AD%D8%AA%D9%83-%D8%A7%D9%84%D8%A2%D9%85%D9%86%D8%A9-%D9%84%D9%84%D9%81%D8%B6%D9%81%D8%B6%D8%A9-%D9%88%D8%A7%D9%84%D8%AF%D8%B9%D9%85-%D8%A7%D9%84%D8%B9%D8%A7%D8%B7%D9%81%D9%8A-%D9%88%D9%82%D8%AA-%D8%A7%D9%84%D8%AD%D8%A7%D8%AC%D8%A9
جلسة لايف كوتشينج لتحسين حياتك,شعبان ع.,0,0,Aucun avis,أسلوب حياة,تنمية شخصية,"مساعدة, تطوير الذات, نفسية, لايف كوتش, استشارات نفسية",https://khamsat.com/lifestyle/life-coaching/2925633-%D8%AC%D9%84%D8%B3%D8%A9-%D9%84%D8%A7%D9%8A%D9%81-%D9%83%D9%88%D8%AA%D8%B4%D9%8A%D9%86%D8%AC-%D9%84%D8%AA%D8%AD%D8%B3%D9%8A%D9%86-%D8%AD%D9%8A%D8%A7%D8%AA%D9%83
قابلة بخبرة تقدم نصائح عملية للحمل والولادة,ايلول ل.,0,0,Aucun avis,أسلوب حياة,صحة وجمال,"تطوير, مقالات, كلام",https://khamsat.com/lifestyle/nutrition/3670843-%D9%82%D8%A7%D8%A8%D9%84%D8%A9-%D8%A8%D8%AE%D8%A8%D8%B1%D8%A9-%D8%AA%D9%82%D8%AF%D9%85-%D9%86%D8%B5%D8%A7%D8%A6%D8%AD-%D8%B9%D9%85%D9%84%D9%8A%D8%A9-%D9%84%D9%84%D8%AD%D9%85%D9%84-%D9%88%D8%A7%D9%84%D9%88%D9%84%D8%A7%D8%AF%D8%A9
تعلم تحضير العجائن الأساسية في البيستري,.Btissam M,0,0,Aucun avis,أسلوب حياة,مهارات حياتية وترفيه,"تعلم, حلويات, تارت, عجينة, مالح",https://khamsat.com/lifestyle/cooking-lessons/2943914-%D8%AA%D8%B9%D9%84%D9%85-%D8%AA%D8%AD%D8%B6%D9%8A%D8%B1-%D8%A7%D9%84%D8%B9%D8%AC%D8%A7%D8%A6%D9%86-%D8%A7%D9%84%D8%A3%D8%B3%D8%A7%D8%B3%D9%8A%D8%A9-%D9%81%D9%8A-%D8%A7%D9%84%D8%A8%D9%8A%D8%B3%D8%AA%D8%B1%D9%8A
"جلسة استماع لان الإصغاء فن , ولأنك تستحق أن يُصغى إليك",بيـــان م.,0,0,Aucun avis,أسلوب حياة,تنمية شخصية,"مساحة, تواصل, استماع, فضفضة, إنصات",https://khamsat.com/lifestyle/life-coaching/3857817-%D8%AC%D9%84%D8%B3%D8%A9-%D8%A7%D8%B3%D8%AA%D9%85%D8%A7%D8%B9-%D9%84%D8%A7%D9%86-%D8%A7%D9%84%D8%A5%D8%B5%D8%BA%D8%A7%D8%A1-%D9%81%D9%86-%D9%88%D9%84%D8%A3%D9%86%D9%83-%D8%AA%D8%B3%D8%AA%D8%AD%D9%82-%D8%A3%D9%86-%D9%8A%D8%B5%D8%BA%D9%89-%D8%A5%D9%84%D9%8A%D9%83
لايف كوتشينج و استشارات نفسية و تطوير الذات,.Marwa E,0,0,Aucun avis,أسلوب حياة,تنمية شخصية,"دعم, تطوير الذات, مساعده, فضفضة, استشارات نفسية",https://khamsat.com/lifestyle/life-coaching/3135044-%D9%84%D8%A7%D9%8A%D9%81-%D9%83%D9%88%D8%AA%D8%B4%D9%8A%D9%86%D8%AC-%D9%88-%D8%A7%D8%B3%D8%AA%D8%B4%D8%A7%D8%B1%D8%A7%D8%AA-%D9%86%D9%81%D8%B3%D9%8A%D8%A9-%D9%88-%D8%AA%D8%B7%D9%88%D9%8A%D8%B1-%D8%A7%D9%84%D8%B0%D8%A7%D8%AA
تعلم وصفتين رائعتين للبراونيز,.Btissam M,0,0,Aucun avis,أسلوب حياة,مهارات حياتية وترفيه,"وصفات, حلويات, براونيز, شكلاطة, جوز",https://khamsat.com/lifestyle/cooking-lessons/2943945-%D8%AA%D8%B9%D9%84%D9%85-%D9%88%D8%B5%D9%81%D8%AA%D9%8A%D9%86-%D8%B1%D8%A7%D8%A6%D8%B9%D8%AA%D9%8A%D9%86-%D9%84%D9%84%D8%A8%D8%B1%D8%A7%D9%88%D9%86%D9%8A%D8%B2
وصفة تيراميسو الأحلام من أفخم مطاعم القاهرة لمطبخك,.Jumana A,2,2,منذ 11 شهر و20 يوم,أسلوب حياة,مهارات حياتية وترفيه,"مقالات, محتوى, منزل, طبخ, أكل",https://khamsat.com/lifestyle/cooking-lessons/3321809-%D9%88%D8%B5%D9%81%D8%A9-%D8%AA%D9%8A%D8%B1%D8%A7%D9%85%D9%8A%D8%B3%D9%88-%D8%A7%D9%84%D8%A3%D8%AD%D9%84%D8%A7%D9%85-%D9%85%D9%86-%D8%A3%D9%81%D8%AE%D9%85-%D9%85%D8%B7%D8%A7%D8%B9%D9%85-%D8%A7%D9%84%D9%82%D8%A7%D9%87%D8%B1%D8%A9-%D9%84%D9%85%D8%B7%D8%A8%D8%AE%D9%83
كيف أحتوي طفلي وأعدل من سلوكه الغير مرغوب,.Zeina A,0,0,Aucun avis,أسلوب حياة,تنمية شخصية,"برنامج, خدمات, لعبة, معالجة",https://khamsat.com/lifestyle/life-coaching/2742189-%D9%83%D9%8A%D9%81-%D8%A3%D8%AD%D8%AA%D9%88%D9%8A-%D8%B7%D9%81%D9%84%D9%8A-%D9%88%D8%A3%D8%B9%D8%AF%D9%84-%D9%85%D9%86-%D8%B3%D9%84%D9%88%D9%83%D9%87-%D8%A7%D9%84%D8%BA%D9%8A%D8%B1-%D9%85%D8%B1%D8%BA%D9%88%D8%A8
اعمل على تحسين المهارات الشخصية والصحية,محمود غ.,0,0,Aucun avis,أسلوب حياة,تنمية شخصية,"استشارة, تنمية مهارات, تحسين المهارات الشخصية, تنمية المهارات للفن والرياضة, التعامل مع الله",https://khamsat.com/lifestyle/life-coaching/3697644-%D8%A7%D8%B9%D9%85%D9%84-%D8%B9%D9%84%D9%89-%D8%AA%D8%AD%D8%B3%D9%8A%D9%86-%D8%A7%D9%84%D9%85%D9%87%D8%A7%D8%B1%D8%A7%D8%AA-%D8%A7%D9%84%D8%B4%D8%AE%D8%B5%D9%8A%D8%A9-%D9%88%D8%A7%D9%84%D8%B5%D8%AD%D9%8A%D8%A9
تعليم وصفات كيك للمبتدئين في المطبخ ومعرفة أسرار عمل الكيك,ياسمين م.,0,0,Aucun avis,أسلوب حياة,مهارات حياتية وترفيه,"طبخ, وصفات, حلويات, طعام, مطبخ, مطعم, قائمة طعام",https://khamsat.com/lifestyle/cooking-lessons/2839655-%D8%AA%D8%B9%D9%84%D9%8A%D9%85-%D9%88%D8%B5%D9%81%D8%A7%D8%AA-%D9%83%D9%8A%D9%83-%D9%84%D9%84%D9%85%D8%A8%D8%AA%D8%AF%D8%A6%D9%8A%D9%86-%D9%81%D9%8A-%D8%A7%D9%84%D9%85%D8%B7%D8%A8%D8%AE-%D9%88%D9%85%D8%B9%D8%B1%D9%81%D8%A9-%D8%A3%D8%B3%D8%B1%D8%A7%D8%B1-%D8%B9%D9%85%D9%84-%D8%A7%D9%84%D9%83%D9%8A%D9%83
استشارات نفسية واجتماعية وتربوية,ايمن ن.,0,0,Aucun avis,أسلوب حياة,تنمية شخصية,"مشاكل, شخصية, ارشاد, نفسية, استشارات نفسية",https://khamsat.com/lifestyle/life-coaching/3842921-%D8%A7%D8%B3%D8%AA%D8%B4%D8%A7%D8%B1%D8%A7%D8%AA-%D9%86%D9%81%D8%B3%D9%8A%D8%A9-%D9%88%D8%A7%D8%AC%D8%AA%D9%85%D8%A7%D8%B9%D9%8A%D8%A9-%D9%88%D8%AA%D8%B1%D8%A8%D9%88%D9%8A%D8%A9
الدعم النفسى للنساء طريقاً للأمل في حياه سعيده هادئه,إسلام د.,0,0,Aucun avis,أسلوب حياة,تنمية شخصية,فضفضه استشارات دعم نفسى تحفيز,https://khamsat.com/lifestyle/life-coaching/3875228-%D8%A7%D9%84%D8%AF%D8%B9%D9%85-%D8%A7%D9%84%D9%86%D9%81%D8%B3%D9%89-%D9%84%D9%84%D9%86%D8%B3%D8%A7%D8%A1-%D8%B7%D8%B1%D9%8A%D9%82%D8%A7-%D9%84%D9%84%D8%A3%D9%85%D9%84-%D9%81%D9%8A-%D8%AD%D9%8A%D8%A7%D9%87-%D8%B3%D8%B9%D9%8A%D8%AF%D9%87-%D9%87%D8%A7%D8%AF%D8%A6%D9%87
الوصفات المغربية التقليدية والعصرية,.Lamiae E,0,0,Aucun avis,أسلوب حياة,مهارات حياتية وترفيه,"ترجمة, كتابة, مقالات, طبخ, وصفات",https://khamsat.com/lifestyle/cooking-lessons/3886679-%D8%A7%D9%84%D9%88%D8%B5%D9%81%D8%A7%D8%AA-%D8%A7%D9%84%D9%85%D8%BA%D8%B1%D8%A8%D9%8A%D8%A9-%D8%A7%D9%84%D8%AA%D9%82%D9%84%D9%8A%D8%AF%D9%8A%D8%A9-%D9%88%D8%A7%D9%84%D8%B9%D8%B5%D8%B1%D9%8A%D8%A9
اخصائي تعديل سلوك وتنمية مهارات,.Mohamed Y,0,0,Aucun avis,أسلوب حياة,تنمية شخصية,"نصيحة, تعديل, نفسي, استشارات نفسية, جلسة",https://khamsat.com/lifestyle/life-coaching/3467311-%D8%A7%D8%AE%D8%B5%D8%A7%D8%A6%D9%8A-%D8%AA%D8%B9%D8%AF%D9%8A%D9%84-%D8%B3%D9%84%D9%88%D9%83-%D9%88%D8%AA%D9%86%D9%85%D9%8A%D8%A9-%D9%85%D9%87%D8%A7%D8%B1%D8%A7%D8%AA
إستشارات نفسية في علم الفراسة,السيد صهيب غ.,0,0,Aucun avis,أسلوب حياة,تنمية شخصية,"تطوير, مساعدة, تدريب, طاقة, نور",https://khamsat.com/lifestyle/life-coaching/3421302-%D8%A5%D8%B3%D8%AA%D8%B4%D8%A7%D8%B1%D8%A7%D8%AA-%D9%86%D9%81%D8%B3%D9%8A%D8%A9-%D9%81%D9%8A-%D8%B9%D9%84%D9%85-%D8%A7%D9%84%D9%81%D8%B1%D8%A7%D8%B3%D8%A9
الواح البروتين مناسبة لقبل وبعد التمرين,.Sondos M,1,0,Aucun avis,أسلوب حياة,مهارات حياتية وترفيه,"رياضه, تغذية, تمارين, وصفات, وصف منتج",https://khamsat.com/lifestyle/cooking-lessons/3312335-%D8%A7%D9%84%D9%88%D8%A7%D8%AD-%D8%A7%D9%84%D8%A8%D8%B1%D9%88%D8%AA%D9%8A%D9%86-%D9%85%D9%86%D8%A7%D8%B3%D8%A8%D8%A9-%D9%84%D9%82%D8%A8%D9%84-%D9%88%D8%A8%D8%B9%D8%AF-%D8%A7%D9%84%D8%AA%D9%85%D8%B1%D9%8A%D9%86
تنمية مهارات التواصل بين الشريكين,.Zeina A,0,0,Aucun avis,أسلوب حياة,تنمية شخصية,"استشارة, نصائح, تحفيز, تعديل, تطوير الذات, نفسية, سلوك, جلسة",https://khamsat.com/lifestyle/life-coaching/2741817-%D8%AA%D9%86%D9%85%D9%8A%D8%A9-%D9%85%D9%87%D8%A7%D8%B1%D8%A7%D8%AA-%D8%A7%D9%84%D8%AA%D9%88%D8%A7%D8%B5%D9%84-%D8%A8%D9%8A%D9%86-%D8%A7%D9%84%D8%B4%D8%B1%D9%8A%D9%83%D9%8A%D9%86
50 كلمه من وصفه طعام رائع بالتفاصيل الدقيقه,نورهان ع.,2,2,منذ 6 أشهر و25 يوم,أسلوب حياة,مهارات حياتية وترفيه,"كتابه, وصفات, طهي, طعام",https://khamsat.com/lifestyle/cooking-lessons/987517-50-%D9%83%D9%84%D9%85%D9%87-%D9%85%D9%86-%D9%88%D8%B5%D9%81%D9%87-%D8%B7%D8%B9%D8%A7%D9%85-%D8%B1%D8%A7%D8%A6%D8%B9-%D8%A8%D8%A7%D9%84%D8%AA%D9%81%D8%A7%D8%B5%D9%8A%D9%84-%D8%A7%D9%84%D8%AF%D9%82%D9%8A%D9%82%D9%87
أحلى وصفة لأحلى أكلة (تقديم 3وصفات لأكلات مختلفة مقابل 5$),آلاء ع.,1,1,منذ 6 أشهر و28 يوم,أسلوب حياة,مهارات حياتية وترفيه,"وصفة, حلويات, طعام, معجنات, شرقى, غربى",https://khamsat.com/lifestyle/cooking-lessons/1663873-%D8%A3%D8%AD%D9%84%D9%89-%D9%88%D8%B5%D9%81%D8%A9-%D9%84%D8%A3%D8%AD%D9%84%D9%89-%D8%A3%D9%83%D9%84%D8%A9-%D8%AA%D9%82%D8%AF%D9%8A%D9%85-3%D9%88%D8%B5%D9%81%D8%A7%D8%AA-%D9%84%D8%A3%D9%83%D9%84%D8%A7%D8%AA-%D9%85%D8%AE%D8%AA%D9%84%D9%81%D8%A9-%D9%85%D9%82%D8%A7%D8%A8%D9%84-5
الصفحة المطلوبة غير موجودة,Non trouvé,Non trouvé,Non trouvé,Aucun avis,Inconnu,Inconnu,Aucun tag,https://khamsat.com/lifestyle/nutrition/3455615-%D9%86%D8%B8%D8%A7%D9%85-%D8%BA%D8%B0%D8%A7%D8%A6%D9%8A-%D8%B5%D8%AD%D9%8A-%D9%8A%D9%86%D8%A7%D8%B3%D8%A8-%D9%85%D8%AA%D8%B7%D9%84%D8%A8%D8%A7%D8%AA%D9%83-%D8%A7%D9%84%D8%B5%D8%AD%D9%8A%D8%A9
فضفضة جلسة استماع وراحة نفسية بدون أحكام,.Mohamed E,0,0,Aucun avis,أسلوب حياة,تنمية شخصية,"تطوير, محادثة, نفسية, فضفضة, مشكلات",https://khamsat.com/lifestyle/life-coaching/3441723-%D9%81%D8%B6%D9%81%D8%B6%D8%A9-%D8%AC%D9%84%D8%B3%D8%A9-%D8%A7%D8%B3%D8%AA%D9%85%D8%A7%D8%B9-%D9%88%D8%B1%D8%A7%D8%AD%D8%A9-%D9%86%D9%81%D8%B3%D9%8A%D8%A9-%D8%A8%D8%AF%D9%88%D9%86-%D8%A3%D8%AD%D9%83%D8%A7%D9%85
تعلم وصفة لأكلة كل يوم,.Tarek S,2,0,Aucun avis,أسلوب حياة,مهارات حياتية وترفيه,"تطوير, طبخ, أكل",https://khamsat.com/lifestyle/cooking-lessons/324520-%D8%AA%D8%B9%D9%84%D9%85-%D9%88%D8%B5%D9%81%D8%A9-%D9%84%D8%A3%D9%83%D9%84%D8%A9-%D9%83%D9%84-%D9%8A%D9%88%D9%85
قراءة وتفسير تقرير INBODY باحتراف مع تقديم توصيات طبية,طارق ه.,0,0,Aucun avis,أسلوب حياة,صحة وجمال,تحليل بيانات,https://khamsat.com/lifestyle/nutrition/3498582-%D9%82%D8%B1%D8%A7%D8%A1%D8%A9-%D9%88%D8%AA%D9%81%D8%B3%D9%8A%D8%B1-%D8%AA%D9%82%D8%B1%D9%8A%D8%B1-inbody-%D8%A8%D8%A7%D8%AD%D8%AA%D8%B1%D8%A7%D9%81-%D9%85%D8%B9-%D8%AA%D9%82%D8%AF%D9%8A%D9%85-%D8%AA%D9%88%D8%B5%D9%8A%D8%A7%D8%AA-%D8%B7%D8%A8%D9%8A%D8%A9
جلسة فضفضة آمنة ومريحة عبر الرسائل,غالية ش.,0,0,Aucun avis,أسلوب حياة,تنمية شخصية,"دعم, محادثة, استماع, نفسية, فضفضة",https://khamsat.com/lifestyle/life-coaching/3668466-%D8%AC%D9%84%D8%B3%D8%A9-%D9%81%D8%B6%D9%81%D8%B6%D8%A9-%D8%A2%D9%85%D9%86%D8%A9-%D9%88%D9%85%D8%B1%D9%8A%D8%AD%D8%A9-%D8%B9%D8%A8%D8%B1-%D8%A7%D9%84%D8%B1%D8%B3%D8%A7%D8%A6%D9%84
استشارة نفسية متزنة تساعدك على فهم نفسك وتجاوز الضغوط,.Abdullrahman G,1,1,منذ 6 أشهر و14 يوم,أسلوب حياة,تنمية شخصية,"مشاكل, شخصية, دعم, ارشاد, استشارات نفسية",https://khamsat.com/lifestyle/life-coaching/3858183-%D8%A7%D8%B3%D8%AA%D8%B4%D8%A7%D8%B1%D8%A9-%D9%86%D9%81%D8%B3%D9%8A%D8%A9-%D9%85%D8%AA%D8%B2%D9%86%D8%A9-%D8%AA%D8%B3%D8%A7%D8%B9%D8%AF%D9%83-%D8%B9%D9%84%D9%89-%D9%81%D9%87%D9%85-%D9%86%D9%81%D8%B3%D9%83-%D9%88%D8%AA%D8%AC%D8%A7%D9%88%D8%B2-%D8%A7%D9%84%D8%B6%D8%BA%D9%88%D8%B7
افضل وصفات الطبخ المنزلية او للمطاعم,.Mohamed E,0,0,Aucun avis,أسلوب حياة,مهارات حياتية وترفيه,"طبخ, وصفات, حلويات, مطعم, مشروبات",https://khamsat.com/lifestyle/cooking-lessons/3136470-%D8%A7%D9%81%D8%B6%D9%84-%D9%88%D8%B5%D9%81%D8%A7%D8%AA-%D8%A7%D9%84%D8%B7%D8%A8%D8%AE-%D8%A7%D9%84%D9%85%D9%86%D8%B2%D9%84%D9%8A%D8%A9-%D8%A7%D9%88-%D9%84%D9%84%D9%85%D8%B7%D8%A7%D8%B9%D9%85
كتاب وصفات صحية محسوبة السعرات الحرارية,.Dania M,0,0,Aucun avis,أسلوب حياة,صحة وجمال,"صحة, تخسيس, تغذية, وصفات صحية",https://khamsat.com/lifestyle/nutrition/3576401-%D9%83%D8%AA%D8%A7%D8%A8-%D9%88%D8%B5%D9%81%D8%A7%D8%AA-%D8%B5%D8%AD%D9%8A%D8%A9-%D9%85%D8%AD%D8%B3%D9%88%D8%A8%D8%A9-%D8%A7%D9%84%D8%B3%D8%B9%D8%B1%D8%A7%D8%AA-%D8%A7%D9%84%D8%AD%D8%B1%D8%A7%D8%B1%D9%8A%D8%A9
سأكون المستمع الذي تحتاجه لتُخرج ما بداخلك بسرية واهتمام,.Mhamed A,0,0,Aucun avis,أسلوب حياة,تنمية شخصية,"تحفيز, محادثة, سرية, فضفضة, إهتمام",https://khamsat.com/lifestyle/life-coaching/3673314-%D8%B3%D8%A3%D9%83%D9%88%D9%86-%D8%A7%D9%84%D9%85%D8%B3%D8%AA%D9%85%D8%B9-%D8%A7%D9%84%D8%B0%D9%8A-%D8%AA%D8%AD%D8%AA%D8%A7%D8%AC%D9%87-%D9%84%D8%AA%D8%AE%D8%B1%D8%AC-%D9%85%D8%A7-%D8%A8%D8%AF%D8%A7%D8%AE%D9%84%D9%83-%D8%A8%D8%B3%D8%B1%D9%8A%D8%A9-%D9%88%D8%A7%D9%87%D8%AA%D9%85%D8%A7%D9%85
منتج رقمي عن أسرار الوصفات المنزلية,.Molham A,0,0,Aucun avis,أسلوب حياة,مهارات حياتية وترفيه,"كتاب, طبخ, وصفات, ملف pdf, تسويق رقمي",https://khamsat.com/lifestyle/cooking-lessons/3872240-%D9%85%D9%86%D8%AA%D8%AC-%D8%B1%D9%82%D9%85%D9%8A-%D8%B9%D9%86-%D8%A3%D8%B3%D8%B1%D8%A7%D8%B1-%D8%A7%D9%84%D9%88%D8%B5%D9%81%D8%A7%D8%AA-%D8%A7%D9%84%D9%85%D9%86%D8%B2%D9%84%D9%8A%D8%A9
جلسة استماع لأي حديث ترغب بمشاركته,.Mohamed B,0,0,Aucun avis,أسلوب حياة,تنمية شخصية,"excel, تفريغ, وورد, تحليل, word, نصوص, بيانات, اوفيس, بوينت, اكسيل",https://khamsat.com/lifestyle/life-coaching/2138025-%D8%AC%D9%84%D8%B3%D8%A9-%D8%A7%D8%B3%D8%AA%D9%85%D8%A7%D8%B9-%D9%84%D8%A3%D9%8A-%D8%AD%D8%AF%D9%8A%D8%AB-%D8%AA%D8%B1%D8%BA%D8%A8-%D8%A8%D9%85%D8%B4%D8%A7%D8%B1%D9%83%D8%AA%D9%87
دعم نفسي  وإرشادات عملية للتخلص من العادات السيئة,نور الهدى ب.,2,1,منذ شهرين و7 أيام,أسلوب حياة,تنمية شخصية,"استشارة, تطوير, دعم, مشكلات, استشارات نفسية",https://khamsat.com/lifestyle/life-coaching/3615284-%D8%AF%D8%B9%D9%85-%D9%86%D9%81%D8%B3%D9%8A-%D9%88%D8%A5%D8%B1%D8%B4%D8%A7%D8%AF%D8%A7%D8%AA-%D8%B9%D9%85%D9%84%D9%8A%D8%A9-%D9%84%D9%84%D8%AA%D8%AE%D9%84%D8%B5-%D9%85%D9%86-%D8%A7%D9%84%D8%B9%D8%A7%D8%AF%D8%A7%D8%AA-%D8%A7%D9%84%D8%B3%D9%8A%D8%A6%D8%A9
أقدم لك وصفات أطباق وحلويات جزائرية,.Amina A,0,0,Aucun avis,أسلوب حياة,مهارات حياتية وترفيه,"عربي, عربية, إنجليزي, cooking, طبخ, وصفات, مطبخ, جزائر, مطعم, جزائرية, جزائري, kitchen",https://khamsat.com/lifestyle/cooking-lessons/2269710-%D8%A3%D9%82%D8%AF%D9%85-%D9%84%D9%83-%D9%88%D8%B5%D9%81%D8%A7%D8%AA-%D8%A3%D8%B7%D8%A8%D8%A7%D9%82-%D9%88%D8%AD%D9%84%D9%88%D9%8A%D8%A7%D8%AA-%D8%AC%D8%B2%D8%A7%D8%A6%D8%B1%D9%8A%D8%A9
مساحة آمنه للفضفضة و التفريغ,آيه ع.,0,0,Aucun avis,أسلوب حياة,تنمية شخصية,"استشارة, شخصية, دعم, محادثة, فضفضة",https://khamsat.com/lifestyle/life-coaching/3779759-%D9%85%D8%B3%D8%A7%D8%AD%D8%A9-%D8%A2%D9%85%D9%86%D9%87-%D9%84%D9%84%D9%81%D8%B6%D9%81%D8%B6%D8%A9-%D9%88-%D8%A7%D9%84%D8%AA%D9%81%D8%B1%D9%8A%D8%BA
الصفحة المطلوبة غير موجودة,Non trouvé,Non trouvé,Non trouvé,Aucun avis,Inconnu,Inconnu,Aucun tag,https://khamsat.com/lifestyle/life-coaching/3721948-%D8%AC%D9%84%D8%B3%D8%A7%D8%AA-%D8%AF%D8%B9%D9%85-%D9%86%D9%81%D8%B3%D9%89-%D9%84%D9%84%D9%83%D8%A8%D8%A7%D8%B1-%D9%88%D8%A7%D9%84%D9%85%D8%B1%D8%A7%D9%87%D9%82%D9%8A%D9%86
سأعد لك وصفات طبخ يومية تصلح للنشر أو الاستخدام الشخصي,.Hanae D,0,0,Aucun avis,أسلوب حياة,مهارات حياتية وترفيه,"صحي, تغذية, وصفات, مطبخ, أطباق عالمية",https://khamsat.com/lifestyle/cooking-lessons/3772907-%D8%B3%D8%A3%D8%B9%D8%AF-%D9%84%D9%83-%D9%88%D8%B5%D9%81%D8%A7%D8%AA-%D8%B7%D8%A8%D8%AE-%D9%8A%D9%88%D9%85%D9%8A%D8%A9-%D8%AA%D8%B5%D9%84%D8%AD-%D9%84%D9%84%D9%86%D8%B4%D8%B1-%D8%A3%D9%88-%D8%A7%D9%84%D8%A7%D8%B3%D8%AA%D8%AE%D8%AF%D8%A7%D9%85-%D8%A7%D9%84%D8%B4%D8%AE%D8%B5%D9%8A
دورة الرسل والإشارات الربانية,.Haya A,0,0,Aucun avis,أسلوب حياة,تنمية شخصية,"استشارة, تعليم, دورات, مهارات, مدرب",https://khamsat.com/lifestyle/life-coaching/3901815-%D8%AF%D9%88%D8%B1%D8%A9-%D8%A7%D9%84%D8%B1%D8%B3%D9%84-%D9%88%D8%A7%D9%84%D8%A5%D8%B4%D8%A7%D8%B1%D8%A7%D8%AA-%D8%A7%D9%84%D8%B1%D8%A8%D8%A7%D9%86%D9%8A%D8%A9
استشارات و جلسات نطق ولغة وتأهيل سمعي كلامي,ميمونة خ.,0,0,Aucun avis,أسلوب حياة,تنمية شخصية,"استشارات, حلول, علاج, إستشارة, استماع",https://khamsat.com/lifestyle/life-coaching/3771852-%D8%A7%D8%B3%D8%AA%D8%B4%D8%A7%D8%B1%D8%A7%D8%AA-%D9%88-%D8%AC%D9%84%D8%B3%D8%A7%D8%AA-%D9%86%D8%B7%D9%82-%D9%88%D9%84%D8%BA%D8%A9-%D9%88%D8%AA%D8%A3%D9%87%D9%8A%D9%84-%D8%B3%D9%85%D8%B9%D9%8A-%D9%83%D9%84%D8%A7%D9%85%D9%8A
صحة وتغذية,Non trouvé,Non trouvé,Non trouvé,Aucun avis,أسلوب حياة,صحة وجمال,Aucun tag,https://khamsat.com/lifestyle/nutrition/3312403-%D8%A7%D8%B3%D8%AA%D8%B4%D8%A7%D8%B1%D8%A7%D8%AA-%D9%88%D8%B9%D9%85%D9%84-%D8%AE%D8%B7%D8%B7-%D8%AA%D8%BA%D8%B0%D9%88%D9%8A%D8%A9-%D9%81%D8%B1%D8%AF%D9%8A%D8%A9-%D9%84%D8%AD%D8%A7%D9%84%D8%A7%D8%AA-%D8%A7%D9%84simple-obesity
سأعد لك وصفات طبخ منزلية لذيذة وصحية مع شرح مفصل خطوة بخطوة,.Aso K,0,0,Aucun avis,أسلوب حياة,مهارات حياتية وترفيه,"صحي, وصفات, شيف, أكلات شرقية, طبخ منزلي",https://khamsat.com/lifestyle/cooking-lessons/3760351-%D8%B3%D8%A3%D8%B9%D8%AF-%D9%84%D9%83-%D9%88%D8%B5%D9%81%D8%A7%D8%AA-%D8%B7%D8%A8%D8%AE-%D9%85%D9%86%D8%B2%D9%84%D9%8A%D8%A9-%D9%84%D8%B0%D9%8A%D8%B0%D8%A9-%D9%88%D8%B5%D8%AD%D9%8A%D8%A9-%D9%85%D8%B9-%D8%B4%D8%B1%D8%AD-%D9%85%D9%81%D8%B5%D9%84-%D8%AE%D8%B7%D9%88%D8%A9-%D8%A8%D8%AE%D8%B7%D9%88%D8%A9
جلسة لايف كوتشينج وفضفضة في مساحة آمنة تسمعك بصدق,.Mohand T,0,0,Aucun avis,أسلوب حياة,تنمية شخصية,"دعم, محادثة, استماع, فضفضة, جلسة",https://khamsat.com/lifestyle/life-coaching/3878329-%D8%AC%D9%84%D8%B3%D8%A9-%D9%84%D8%A7%D9%8A%D9%81-%D9%83%D9%88%D8%AA%D8%B4%D9%8A%D9%86%D8%AC-%D9%88%D9%81%D8%B6%D9%81%D8%B6%D8%A9-%D9%81%D9%8A-%D9%85%D8%B3%D8%A7%D8%AD%D8%A9-%D8%A2%D9%85%D9%86%D8%A9-%D8%AA%D8%B3%D9%85%D8%B9%D9%83-%D8%A8%D8%B5%D8%AF%D9%82
فضفض بحرية: استماع عميق وهادئ، أنا أُصغي وأنت تتكلّم,.Dania J,0,0,Aucun avis,أسلوب حياة,تنمية شخصية,"مساعدة, دعم, استماع, نفسية, فضفضة",https://khamsat.com/lifestyle/life-coaching/3833393-%D9%81%D8%B6%D9%81%D8%B6-%D8%A8%D8%AD%D8%B1%D9%8A%D8%A9-%D8%A7%D8%B3%D8%AA%D9%85%D8%A7%D8%B9-%D8%B9%D9%85%D9%8A%D9%82-%D9%88%D9%87%D8%A7%D8%AF%D8%A6-%D8%A3%D9%86%D8%A7-%D8%A3%D8%B5%D8%BA%D9%8A-%D9%88%D8%A3%D9%86%D8%AA-%D8%AA%D8%AA%D9%83%D9%84%D9%85
استشارات تغذوية متخصصة لصحة أفضل ولياقة مثالية,منة الله ش.,0,0,Aucun avis,أسلوب حياة,صحة وجمال,"استشارات, الصحة, تخسيس, تغذية",https://khamsat.com/lifestyle/nutrition/3158295-%D8%A7%D8%B3%D8%AA%D8%B4%D8%A7%D8%B1%D8%A7%D8%AA-%D8%AA%D8%BA%D8%B0%D9%88%D9%8A%D8%A9-%D9%85%D8%AA%D8%AE%D8%B5%D8%B5%D8%A9-%D9%84%D8%B5%D8%AD%D8%A9-%D8%A3%D9%81%D8%B6%D9%84-%D9%88%D9%84%D9%8A%D8%A7%D9%82%D8%A9-%D9%85%D8%AB%D8%A7%D9%84%D9%8A%D8%A9
اكلات شرقيه أصيله بطعم زمان مع شرح تفصيلى خطوه بخطوه,.Marwa K,0,0,Aucun avis,أسلوب حياة,مهارات حياتية وترفيه,"وصفات, طعام, مطبخ, قائمة طعام, أكل",https://khamsat.com/lifestyle/cooking-lessons/3633801-%D8%A7%D9%83%D9%84%D8%A7%D8%AA-%D8%B4%D8%B1%D9%82%D9%8A%D9%87-%D8%A3%D8%B5%D9%8A%D9%84%D9%87-%D8%A8%D8%B7%D8%B9%D9%85-%D8%B2%D9%85%D8%A7%D9%86-%D9%85%D8%B9-%D8%B4%D8%B1%D8%AD-%D8%AA%D9%81%D8%B5%D9%8A%D9%84%D9%89-%D8%AE%D8%B7%D9%88%D9%87-%D8%A8%D8%AE%D8%B7%D9%88%D9%87
أستشارة متخصصة للأسر الحاضنة الكافلة,ممدوح أ.,0,0,Aucun avis,أسلوب حياة,تنمية شخصية,"استشارة, النفسية, نفسي, استشارات نفسية, زووم",https://khamsat.com/lifestyle/life-coaching/3634829-%D8%A3%D8%B3%D8%AA%D8%B4%D8%A7%D8%B1%D8%A9-%D9%85%D8%AA%D8%AE%D8%B5%D8%B5%D8%A9-%D9%84%D9%84%D8%A3%D8%B3%D8%B1-%D8%A7%D9%84%D8%AD%D8%A7%D8%B6%D9%86%D8%A9-%D8%A7%D9%84%D9%83%D8%A7%D9%81%D9%84%D8%A9
دليل تغذية الطفل من الولادة حتى عمر سنة,ايمان ج.,0,0,Aucun avis,أسلوب حياة,تنمية شخصية,"تصميم, كتابة, pdf, نصي, word",https://khamsat.com/lifestyle/life-coaching/3590215-%D8%AF%D9%84%D9%8A%D9%84-%D8%AA%D8%BA%D8%B0%D9%8A%D8%A9-%D8%A7%D9%84%D8%B7%D9%81%D9%84-%D9%85%D9%86-%D8%A7%D9%84%D9%88%D9%84%D8%A7%D8%AF%D8%A9-%D8%AD%D8%AA%D9%89-%D8%B9%D9%85%D8%B1-%D8%B3%D9%86%D8%A9
نظام غذائي مخصص حسب الحالة لانقاص أو زيادة الوزن,.Shaymaa S,0,0,Aucun avis,أسلوب حياة,صحة وجمال,"صحة, تخسيس, وزن, تغذية, غذائية",https://khamsat.com/lifestyle/nutrition/3367096-%D9%86%D8%B8%D8%A7%D9%85-%D8%BA%D8%B0%D8%A7%D8%A6%D9%8A-%D9%85%D8%AE%D8%B5%D8%B5-%D8%AD%D8%B3%D8%A8-%D8%A7%D9%84%D8%AD%D8%A7%D9%84%D8%A9-%D9%84%D8%A7%D9%86%D9%82%D8%A7%D8%B5-%D8%A3%D9%88-%D8%B2%D9%8A%D8%A7%D8%AF%D8%A9-%D8%A7%D9%84%D9%88%D8%B2%D9%86
وصفة بسكويت لذيذ بحبات القهوة,.Kaltoum A,0,0,Aucun avis,أسلوب حياة,مهارات حياتية وترفيه,"شعار, مشروع, طبخ, وصفات, طعام",https://khamsat.com/lifestyle/cooking-lessons/3575744-%D9%88%D8%B5%D9%81%D8%A9-%D8%A8%D8%B3%D9%83%D9%88%D9%8A%D8%AA-%D9%84%D8%B0%D9%8A%D8%B0-%D8%A8%D8%AD%D8%A8%D8%A7%D8%AA-%D8%A7%D9%84%D9%82%D9%87%D9%88%D8%A9
استشارات شخصية وجلسات فضفضة,.Ayman S,0,0,Aucun avis,أسلوب حياة,تنمية شخصية,"شخصية, إستشارات, إستشارة, استماع, فضفضة",https://khamsat.com/lifestyle/life-coaching/2908838-%D8%A7%D8%B3%D8%AA%D8%B4%D8%A7%D8%B1%D8%A7%D8%AA-%D8%B4%D8%AE%D8%B5%D9%8A%D8%A9-%D9%88%D8%AC%D9%84%D8%B3%D8%A7%D8%AA-%D9%81%D8%B6%D9%81%D8%B6%D8%A9
سأحلل شخصيتك بناءً على أسئلتك وتجاربك,.Adel A,0,0,Aucun avis,أسلوب حياة,تنمية شخصية,"استشارة, تطوير, تحليل, الشخصية, النفس",https://khamsat.com/lifestyle/life-coaching/3434756-%D8%B3%D8%A3%D8%AD%D9%84%D9%84-%D8%B4%D8%AE%D8%B5%D9%8A%D8%AA%D9%83-%D8%A8%D9%86%D8%A7%D8%A1-%D8%B9%D9%84%D9%89-%D8%A3%D8%B3%D8%A6%D9%84%D8%AA%D9%83-%D9%88%D8%AA%D8%AC%D8%A7%D8%B1%D8%A8%D9%83
سأقدم لك وصفات دقيقة مع حلول لمشاكل الطبخ بطريقة سهلة وسريعة,جودي ا.,0,0,Aucun avis,أسلوب حياة,مهارات حياتية وترفيه,"اسرار الطبخ, مشاكل الطبخ, وصفات احترافية, معايير دقيقة, وصفات مجربة",https://khamsat.com/lifestyle/cooking-lessons/3368014-%D8%B3%D8%A3%D9%82%D8%AF%D9%85-%D9%84%D9%83-%D9%88%D8%B5%D9%81%D8%A7%D8%AA-%D8%AF%D9%82%D9%8A%D9%82%D8%A9-%D9%85%D8%B9-%D8%AD%D9%84%D9%88%D9%84-%D9%84%D9%85%D8%B4%D8%A7%D9%83%D9%84-%D8%A7%D9%84%D8%B7%D8%A8%D8%AE-%D8%A8%D8%B7%D8%B1%D9%8A%D9%82%D8%A9-%D8%B3%D9%87%D9%84%D8%A9-%D9%88%D8%B3%D8%B1%D9%8A%D8%B9%D8%A9
إجراء اختبار لكشف الميول المهنية,رهف خ.,1,0,Aucun avis,أسلوب حياة,تنمية شخصية,"استشارة, تحليل, اختبار, شخصية",https://khamsat.com/lifestyle/life-coaching/2243777-%D8%A5%D8%AC%D8%B1%D8%A7%D8%A1-%D8%A7%D8%AE%D8%AA%D8%A8%D8%A7%D8%B1-%D9%84%D9%83%D8%B4%D9%81-%D8%A7%D9%84%D9%85%D9%8A%D9%88%D9%84-%D8%A7%D9%84%D9%85%D9%87%D9%86%D9%8A%D8%A9
استماع عميق ومساعدة نفسية وإنسانية، توجيه وتطوير ذاتي,.Noureldin M,0,0,Aucun avis,أسلوب حياة,تنمية شخصية,"ارشاد, فضفضة, مشكلات, نفسي, استشارات نفسية",https://khamsat.com/lifestyle/life-coaching/3577793-%D8%A7%D8%B3%D8%AA%D9%85%D8%A7%D8%B9-%D8%B9%D9%85%D9%8A%D9%82-%D9%88%D9%85%D8%B3%D8%A7%D8%B9%D8%AF%D8%A9-%D9%86%D9%81%D8%B3%D9%8A%D8%A9-%D9%88%D8%A5%D9%86%D8%B3%D8%A7%D9%86%D9%8A%D8%A9-%D8%AA%D9%88%D8%AC%D9%8A%D9%87-%D9%88%D8%AA%D8%B7%D9%88%D9%8A%D8%B1-%D8%B0%D8%A7%D8%AA%D9%8A
وصفات حلويات مكتوبة سهلة اقتصادية,.Layla A,0,0,Aucun avis,أسلوب حياة,مهارات حياتية وترفيه,"طبخ, وصفات, حلويات, طعام",https://khamsat.com/lifestyle/cooking-lessons/3536138-%D9%88%D8%B5%D9%81%D8%A7%D8%AA-%D8%AD%D9%84%D9%88%D9%8A%D8%A7%D8%AA-%D9%85%D9%83%D8%AA%D9%88%D8%A8%D8%A9-%D8%B3%D9%87%D9%84%D8%A9-%D8%A7%D9%82%D8%AA%D8%B5%D8%A7%D8%AF%D9%8A%D8%A9
دعم نفسي وشخصي وروحي بطريقة مبتكرة وفعالة,بسيم م.,0,0,Aucun avis,أسلوب حياة,تنمية شخصية,"دعم نفسيي وشخصي وروحاني, تحليل نفسي احترافي, تحليل عميق للجذور والتراكمات, تحليل فلكي متقن وحقيقي, دعم ابراج حلول داخلية نتائج",https://khamsat.com/lifestyle/life-coaching/3511972-%D8%AF%D8%B9%D9%85-%D9%86%D9%81%D8%B3%D9%8A-%D9%88%D8%B4%D8%AE%D8%B5%D9%8A-%D9%88%D8%B1%D9%88%D8%AD%D9%8A-%D8%A8%D8%B7%D8%B1%D9%8A%D9%82%D8%A9-%D9%85%D8%A8%D8%AA%D9%83%D8%B1%D8%A9-%D9%88%D9%81%D8%B9%D8%A7%D9%84%D8%A9
خطة استشارات شخصيه ودعم نفسي تناسب احتياجاتك,.Rahma A,0,0,Aucun avis,أسلوب حياة,تنمية شخصية,"استشارة, مساعدة, دعم, تطوير الذات, استشارات نفسية",https://khamsat.com/lifestyle/life-coaching/3130652-%D8%AE%D8%B7%D8%A9-%D8%A7%D8%B3%D8%AA%D8%B4%D8%A7%D8%B1%D8%A7%D8%AA-%D8%B4%D8%AE%D8%B5%D9%8A%D9%87-%D9%88%D8%AF%D8%B9%D9%85-%D9%86%D9%81%D8%B3%D9%8A-%D8%AA%D9%86%D8%A7%D8%B3%D8%A8-%D8%A7%D8%AD%D8%AA%D9%8A%D8%A7%D8%AC%D8%A7%D8%AA%D9%83
أسرار البيتزا الخمسة: وصفات منزلية بطعم المطاعم الإيطالية,.Hamoka N,0,0,Aucun avis,أسلوب حياة,مهارات حياتية وترفيه,"تصميم, تعليم, مطاعم, pdf, food",https://khamsat.com/lifestyle/cooking-lessons/3400932-%D8%A3%D8%B3%D8%B1%D8%A7%D8%B1-%D8%A7%D9%84%D8%A8%D9%8A%D8%AA%D8%B2%D8%A7-%D8%A7%D9%84%D8%AE%D9%85%D8%B3%D8%A9-%D9%88%D8%B5%D9%81%D8%A7%D8%AA-%D9%85%D9%86%D8%B2%D9%84%D9%8A%D8%A9-%D8%A8%D8%B7%D8%B9%D9%85-%D8%A7%D9%84%D9%85%D8%B7%D8%A7%D8%B9%D9%85-%D8%A7%D9%84%D8%A5%D9%8A%D8%B7%D8%A7%D9%84%D9%8A%D8%A9
وصفات متنوعة من المطبخ السوري,.Radwa H,3,3,منذ 4 سنوات و5 أشهر,أسلوب حياة,مهارات حياتية وترفيه,"وصفة, طبخ, طبق, حلويات, مطبخ",https://khamsat.com/lifestyle/cooking-lessons/1653449-%D9%88%D8%B5%D9%81%D8%A7%D8%AA-%D9%85%D8%AA%D9%86%D9%88%D8%B9%D8%A9-%D9%85%D9%86-%D8%A7%D9%84%D9%85%D8%B7%D8%A8%D8%AE-%D8%A7%D9%84%D8%B3%D9%88%D8%B1%D9%8A
صحة وتغذية,Non trouvé,Non trouvé,Non trouvé,Aucun avis,أسلوب حياة,صحة وجمال,Aucun tag,https://khamsat.com/lifestyle/nutrition/3315239-%D9%83%D8%AA%D8%A7%D8%A8-%D9%88%D8%B5%D9%81%D8%A7%D8%AA-%D8%B5%D8%AD%D9%8A%D8%A9-%D9%88%D8%A8%D8%B1%D8%A7%D9%85%D8%AC-%D8%BA%D8%B0%D8%A7%D8%A6%D9%8A%D8%A9
تدريب شطرنج أونلاين لكل الفئات العمرية,.Mina A,4,4,منذ 11 يوم و9 ساعات,أسلوب حياة,مهارات حياتية وترفيه,"تعليم, تعلم, دورة, تدريب, شطرنج",https://khamsat.com/lifestyle/game-coaching/2742436-%D8%AA%D8%AF%D8%B1%D9%8A%D8%A8-%D8%B4%D8%B7%D8%B1%D9%86%D8%AC-%D8%A3%D9%88%D9%86%D9%84%D8%A7%D9%8A%D9%86-%D9%84%D9%83%D9%84-%D8%A7%D9%84%D9%81%D8%A6%D8%A7%D8%AA-%D8%A7%D9%84%D8%B9%D9%85%D8%B1%D9%8A%D8%A9
استشارات شخصية أمومة وجلسات فضفضة,فاتن ي.,0,0,Aucun avis,أسلوب حياة,تنمية شخصية,"دعم, إستشارة, استماع, نفسية, فضفضة",https://khamsat.com/lifestyle/life-coaching/3397045-%D8%A7%D8%B3%D8%AA%D8%B4%D8%A7%D8%B1%D8%A7%D8%AA-%D8%B4%D8%AE%D8%B5%D9%8A%D8%A9-%D8%A3%D9%85%D9%88%D9%85%D8%A9-%D9%88%D8%AC%D9%84%D8%B3%D8%A7%D8%AA-%D9%81%D8%B6%D9%81%D8%B6%D8%A9
برنامج  لتنقية الجسم من السموم,طارق ا.,0,0,Aucun avis,أسلوب حياة,صحة وجمال,"برنامج تنظيف الجسم من السموم, ديتوكس طبيعي للجسم, خطة تنقية الجسم خلال أيام, ديتوكس غذائي طبيعي, نظام غذائي لتنظيف الجسم",https://khamsat.com/lifestyle/nutrition/3286673-%D8%A8%D8%B1%D9%86%D8%A7%D9%85%D8%AC-%D9%84%D8%AA%D9%86%D9%82%D9%8A%D8%A9-%D8%A7%D9%84%D8%AC%D8%B3%D9%85-%D9%85%D9%86-%D8%A7%D9%84%D8%B3%D9%85%D9%88%D9%85
سأدربك على أسرار الكتابة الاحترافية: من مبتدئ إلى محترف,.سيرين S,0,0,Aucun avis,أسلوب حياة,تنمية شخصية,"كتابة, صياغة, مميزة, احتراف, التعبير",https://khamsat.com/lifestyle/life-coaching/3790685-%D8%B3%D8%A3%D8%AF%D8%B1%D8%A8%D9%83-%D8%B9%D9%84%D9%89-%D8%A3%D8%B3%D8%B1%D8%A7%D8%B1-%D8%A7%D9%84%D9%83%D8%AA%D8%A7%D8%A8%D8%A9-%D8%A7%D9%84%D8%A7%D8%AD%D8%AA%D8%B1%D8%A7%D9%81%D9%8A%D8%A9-%D9%85%D9%86-%D9%85%D8%A8%D8%AA%D8%AF%D8%A6-%D8%A5%D9%84%D9%89-%D9%85%D8%AD%D8%AA%D8%B1%D9%81
احسب مؤشر كتلة جسمك  BMI تحليل لحالتك الصحية,.Adnan A,0,0,Aucun avis,أسلوب حياة,صحة وجمال,"صحة, وزن, طبي, تنحيف",https://khamsat.com/lifestyle/nutrition/3239470-%D8%A7%D8%AD%D8%B3%D8%A8-%D9%85%D8%A4%D8%B4%D8%B1-%D9%83%D8%AA%D9%84%D8%A9-%D8%AC%D8%B3%D9%85%D9%83-bmi-%D8%AA%D8%AD%D9%84%D9%8A%D9%84-%D9%84%D8%AD%D8%A7%D9%84%D8%AA%D9%83-%D8%A7%D9%84%D8%B5%D8%AD%D9%8A%D8%A9
استشارات وتوجيه نفسي وتحفيزي life coach,حسام الدين ا.,0,0,Aucun avis,أسلوب حياة,تنمية شخصية,"نصائح, مساعدة, تطوير الذات, فضفضة, استشارات نفسية",https://khamsat.com/lifestyle/life-coaching/3827530-%D8%A7%D8%B3%D8%AA%D8%B4%D8%A7%D8%B1%D8%A7%D8%AA-%D9%88%D8%AA%D9%88%D8%AC%D9%8A%D9%87-%D9%86%D9%81%D8%B3%D9%8A-%D9%88%D8%AA%D8%AD%D9%81%D9%8A%D8%B2%D9%8A-life-coach
انظمة غذائية لعلاج السمنة والنحافة وتغذية الرياضيين,.Ahmed H,0,0,Aucun avis,أسلوب حياة,صحة وجمال,"تخسيس, رياضة, وزن, تغذية, سمنة",https://khamsat.com/lifestyle/nutrition/3091265-%D8%A7%D9%86%D8%B8%D9%85%D8%A9-%D8%BA%D8%B0%D8%A7%D8%A6%D9%8A%D8%A9-%D9%84%D8%B9%D9%84%D8%A7%D8%AC-%D8%A7%D9%84%D8%B3%D9%85%D9%86%D8%A9-%D9%88%D8%A7%D9%84%D9%86%D8%AD%D8%A7%D9%81%D8%A9-%D9%88%D8%AA%D8%BA%D8%B0%D9%8A%D8%A9-%D8%A7%D9%84%D8%B1%D9%8A%D8%A7%D8%B6%D9%8A%D9%8A%D9%86
جلسة دعم نفسي تربوي للأطفال عن بعد أو تحليل نصي لحالتهم,سيرين ق.,0,0,Aucun avis,أسلوب حياة,تنمية شخصية,"مقالات, مساعدة, دعم, فضفضة, استشارات نفسية",https://khamsat.com/lifestyle/life-coaching/3840734-%D8%AC%D9%84%D8%B3%D8%A9-%D8%AF%D8%B9%D9%85-%D9%86%D9%81%D8%B3%D9%8A-%D8%AA%D8%B1%D8%A8%D9%88%D9%8A-%D9%84%D9%84%D8%A3%D8%B7%D9%81%D8%A7%D9%84-%D8%B9%D9%86-%D8%A8%D8%B9%D8%AF-%D8%A3%D9%88-%D8%AA%D8%AD%D9%84%D9%8A%D9%84-%D9%86%D8%B5%D9%8A-%D9%84%D8%AD%D8%A7%D9%84%D8%AA%D9%87%D9%85
ألعاب,Non trouvé,Non trouvé,Non trouvé,Aucun avis,أسلوب حياة,مهارات حياتية وترفيه,Aucun tag,https://khamsat.com/lifestyle/game-coaching/3865771-%D9%84%D8%B9%D8%A8%D8%A9-%D8%A8%D8%B7%D8%A7%D9%82%D8%A7%D8%AA-%D9%85%D8%B3%D9%84%D9%8A%D8%A9-%D8%A8%D8%B5%D9%8A%D8%BA%D8%A9-pdf-%D8%AC%D8%A7%D9%87%D8%B2%D8%A9-%D9%84%D9%84%D8%B7%D8%A8%D8%A7%D8%B9%D8%A9
تعلم العاب الخفة,موسى م.,5,5,منذ سنتين و6 أشهر,أسلوب حياة,مهارات حياتية وترفيه,"تنشيط, العاب, سحرية, ألعاب الخفة, ألعاب سحرية",https://khamsat.com/lifestyle/game-coaching/2064868-%D8%AA%D8%B9%D9%84%D9%85-%D8%A7%D9%84%D8%B9%D8%A7%D8%A8-%D8%A7%D9%84%D8%AE%D9%81%D8%A9
احترف الشطرنج من هاوي إلى لاعب مصنف!,مجد ع.,1,1,منذ سنة و6 أشهر,أسلوب حياة,مهارات حياتية وترفيه,"تعليم, تعلم, دورة, تدريب, كورس, مدرب, شطرنج",https://khamsat.com/lifestyle/game-coaching/2576312-%D8%A7%D8%AD%D8%AA%D8%B1%D9%81-%D8%A7%D9%84%D8%B4%D8%B7%D8%B1%D9%86%D8%AC-%D9%85%D9%86-%D9%87%D8%A7%D9%88%D9%8A-%D8%A5%D9%84%D9%89-%D9%84%D8%A7%D8%B9%D8%A8-%D9%85%D8%B5%D9%86%D9%81
تعلم تشخيص سبب عدم نزول الدهون,نسيم س.,0,0,Aucun avis,أسلوب حياة,صحة وجمال,"صحة, تخسيس, تغيير, تغذية, الحياة",https://khamsat.com/lifestyle/nutrition/3322135-%D8%AA%D8%B9%D9%84%D9%85-%D8%AA%D8%B4%D8%AE%D9%8A%D8%B5-%D8%B3%D8%A8%D8%A8-%D8%B9%D8%AF%D9%85-%D9%86%D8%B2%D9%88%D9%84-%D8%A7%D9%84%D8%AF%D9%87%D9%88%D9%86
استشارة شخصية لمساعدتك في تجاوز الحيرة واتخاذ القرار الأفضل.,.Ali S,0,0,Aucun avis,أسلوب حياة,تنمية شخصية,"استشارة, تطوير, علاج, توجيه, استشارات نفسية",https://khamsat.com/lifestyle/life-coaching/3849488-%D8%A7%D8%B3%D8%AA%D8%B4%D8%A7%D8%B1%D8%A9-%D8%B4%D8%AE%D8%B5%D9%8A%D8%A9-%D9%84%D9%85%D8%B3%D8%A7%D8%B9%D8%AF%D8%AA%D9%83-%D9%81%D9%8A-%D8%AA%D8%AC%D8%A7%D9%88%D8%B2-%D8%A7%D9%84%D8%AD%D9%8A%D8%B1%D8%A9-%D9%88%D8%A7%D8%AA%D8%AE%D8%A7%D8%B0-%D8%A7%D9%84%D9%82%D8%B1%D8%A7%D8%B1-%D8%A7%D9%84%D8%A3%D9%81%D8%B6%D9%84
الصفحة المطلوبة غير موجودة,Non trouvé,Non trouvé,Non trouvé,Aucun avis,Inconnu,Inconnu,Aucun tag,https://khamsat.com/lifestyle/life-coaching/2970295-%D8%AE%D8%AF%D9%85%D8%A9-%D8%AF%D8%B1%D8%AF%D8%B4%D8%A9-%D9%85%D8%B3%D8%A7%D8%B9%D8%AF%D8%A9-%D9%84%D8%A5%D9%86%D8%AC%D8%A7%D8%B2-%D9%85%D9%87%D8%A7%D9%85%D9%83-%D8%A7%D9%84%D9%8A%D9%88%D9%85%D9%8A%D8%A9-%D8%A8%D9%81%D8%B9%D8%A7%D9%84%D9%8A%D8%A9-%D9%88%D8%B3%D8%B1%D8%B9%D8%A9
تصميم العاب الغبقة والفعاليات العائلية,أكرم م.,0,0,Aucun avis,أسلوب حياة,مهارات حياتية وترفيه,"العاب, اعراس, غبقة, جلوه, معرس",https://khamsat.com/lifestyle/game-coaching/3236929-%D8%AA%D8%B5%D9%85%D9%8A%D9%85-%D8%A7%D9%84%D8%B9%D8%A7%D8%A8-%D8%A7%D9%84%D8%BA%D8%A8%D9%82%D8%A9-%D9%88%D8%A7%D9%84%D9%81%D8%B9%D8%A7%D9%84%D9%8A%D8%A7%D8%AA-%D8%A7%D9%84%D8%B9%D8%A7%D8%A6%D9%84%D9%8A%D8%A9
مقدمة لدبلومة التغذية النفسية السليمة,محمد ص.,0,0,Aucun avis,أسلوب حياة,صحة وجمال,"شخصي, صحة, طب, طبخ",https://khamsat.com/lifestyle/nutrition/2929676-%D9%85%D9%82%D8%AF%D9%85%D8%A9-%D9%84%D8%AF%D8%A8%D9%84%D9%88%D9%85%D8%A9-%D8%A7%D9%84%D8%AA%D8%BA%D8%B0%D9%8A%D8%A9-%D8%A7%D9%84%D9%86%D9%81%D8%B3%D9%8A%D8%A9-%D8%A7%D9%84%D8%B3%D9%84%D9%8A%D9%85%D8%A9
سأكون مستمعك الشخصي ومرشدك لمساعدتك على تخطي ضغوط الحياة,محمد ا.,0,0,Aucun avis,أسلوب حياة,تنمية شخصية,"تطوير, شخصي, دعم, نفسية, استشارات نفسية",https://khamsat.com/lifestyle/life-coaching/3771158-%D8%B3%D8%A3%D9%83%D9%88%D9%86-%D9%85%D8%B3%D8%AA%D9%85%D8%B9%D9%83-%D8%A7%D9%84%D8%B4%D8%AE%D8%B5%D9%8A-%D9%88%D9%85%D8%B1%D8%B4%D8%AF%D9%83-%D9%84%D9%85%D8%B3%D8%A7%D8%B9%D8%AF%D8%AA%D9%83-%D8%B9%D9%84%D9%89-%D8%AA%D8%AE%D8%B7%D9%8A-%D8%B6%D8%BA%D9%88%D8%B7-%D8%A7%D9%84%D8%AD%D9%8A%D8%A7%D8%A9
كيف تصنع نسخة أفضل من نفسك خطوات بسيطة ومباشرة,.Soufiane M,0,0,Aucun avis,أسلوب حياة,تنمية شخصية,"استشارة, نجاح, تطوير الذات, نفسيه, استشارات نفسية",https://khamsat.com/lifestyle/life-coaching/3161663-%D9%83%D9%8A%D9%81-%D8%AA%D8%B5%D9%86%D8%B9-%D9%86%D8%B3%D8%AE%D8%A9-%D8%A3%D9%81%D8%B6%D9%84-%D9%85%D9%86-%D9%86%D9%81%D8%B3%D9%83-%D8%AE%D8%B7%D9%88%D8%A7%D8%AA-%D8%A8%D8%B3%D9%8A%D8%B7%D8%A9-%D9%88%D9%85%D8%A8%D8%A7%D8%B4%D8%B1%D8%A9
علاج ادمان وشراهة الطعام والتمسك بالعلاقات السامة,.Amira A,1,1,منذ 9 أشهر و14 يوم,أسلوب حياة,صحة وجمال,"تخسيس, وزن, غذائية, نفسيه, شراهة",https://khamsat.com/lifestyle/nutrition/2949166-%D8%B9%D9%84%D8%A7%D8%AC-%D8%A7%D8%AF%D9%85%D8%A7%D9%86-%D9%88%D8%B4%D8%B1%D8%A7%D9%87%D8%A9-%D8%A7%D9%84%D8%B7%D8%B9%D8%A7%D9%85-%D9%88%D8%A7%D9%84%D8%AA%D9%85%D8%B3%D9%83-%D8%A8%D8%A7%D9%84%D8%B9%D9%84%D8%A7%D9%82%D8%A7%D8%AA-%D8%A7%D9%84%D8%B3%D8%A7%D9%85%D8%A9
تركيب واضافة مودات خاصة الى لعبة GTA V,محمد فراس ا.,0,0,Aucun avis,أسلوب حياة,مهارات حياتية وترفيه,"تركيب, سيرفر, سيارات, تعديل, العاب, خرائط, شخصيات, gta, قراند, مودات, openiv",https://khamsat.com/lifestyle/game-coaching/2017740-%D8%AA%D8%B1%D9%83%D9%8A%D8%A8-%D9%88%D8%A7%D8%B6%D8%A7%D9%81%D8%A9-%D9%85%D9%88%D8%AF%D8%A7%D8%AA-%D8%AE%D8%A7%D8%B5%D8%A9-%D8%A7%D9%84%D9%89-%D9%84%D8%B9%D8%A8%D8%A9-gta-v
افكار لحل المشكلات والتحديات التي تواجة الاشخاص في حياتهم,محمد ا.,0,0,Aucun avis,أسلوب حياة,تنمية شخصية,"مشاكل, حلول, مشكلة, حل, مشكلات",https://khamsat.com/lifestyle/life-coaching/3052303-%D8%A7%D9%81%D9%83%D8%A7%D8%B1-%D9%84%D8%AD%D9%84-%D8%A7%D9%84%D9%85%D8%B4%D9%83%D9%84%D8%A7%D8%AA-%D9%88%D8%A7%D9%84%D8%AA%D8%AD%D8%AF%D9%8A%D8%A7%D8%AA-%D8%A7%D9%84%D8%AA%D9%8A-%D8%AA%D9%88%D8%A7%D8%AC%D8%A9-%D8%A7%D9%84%D8%A7%D8%B4%D8%AE%D8%A7%D8%B5-%D9%81%D9%8A-%D8%AD%D9%8A%D8%A7%D8%AA%D9%87%D9%85
جلسة لايف كوتشينغ لحياة أفضل,.Dima R,0,0,Aucun avis,أسلوب حياة,تنمية شخصية,استشارات,https://khamsat.com/lifestyle/life-coaching/2986578-%D8%AC%D9%84%D8%B3%D8%A9-%D9%84%D8%A7%D9%8A%D9%81-%D9%83%D9%88%D8%AA%D8%B4%D9%8A%D9%86%D8%BA-%D9%84%D8%AD%D9%8A%D8%A7%D8%A9-%D8%A3%D9%81%D8%B6%D9%84
كتب تركيبات صيدلانية وعناية بالبشرة باللغة العربية,.Enaam N,0,0,Aucun avis,أسلوب حياة,صحة وجمال,"علاج, منتجات, صيدلة, طبية, طبي",https://khamsat.com/lifestyle/nutrition/2912711-%D9%83%D8%AA%D8%A8-%D8%AA%D8%B1%D9%83%D9%8A%D8%A8%D8%A7%D8%AA-%D8%B5%D9%8A%D8%AF%D9%84%D8%A7%D9%86%D9%8A%D8%A9-%D9%88%D8%B9%D9%86%D8%A7%D9%8A%D8%A9-%D8%A8%D8%A7%D9%84%D8%A8%D8%B4%D8%B1%D8%A9-%D8%A8%D8%A7%D9%84%D9%84%D8%BA%D8%A9-%D8%A7%D9%84%D8%B9%D8%B1%D8%A8%D9%8A%D8%A9
Game Coaching تدريبك للاحتراف في الالعاب,.Homaidan S,0,0,Aucun avis,أسلوب حياة,مهارات حياتية وترفيه,"تطوير, تدريب, game, لعبة, العاب",https://khamsat.com/lifestyle/game-coaching/3412756-game-coaching-%D8%AA%D8%AF%D8%B1%D9%8A%D8%A8%D9%83-%D9%84%D9%84%D8%A7%D8%AD%D8%AA%D8%B1%D8%A7%D9%81-%D9%81%D9%8A-%D8%A7%D9%84%D8%A7%D9%84%D8%B9%D8%A7%D8%A8
جلسة فردية لاستعادة الطاقة الأنثوية والتوازن الداخلي,.Hajar Coaching A,0,0,Aucun avis,أسلوب حياة,تنمية شخصية,"مساعدة, ارشاد, فضفضة, استشارات نفسية",https://khamsat.com/lifestyle/life-coaching/3725801-%D8%AC%D9%84%D8%B3%D8%A9-%D9%81%D8%B1%D8%AF%D9%8A%D8%A9-%D9%84%D8%A7%D8%B3%D8%AA%D8%B9%D8%A7%D8%AF%D8%A9-%D8%A7%D9%84%D8%B7%D8%A7%D9%82%D8%A9-%D8%A7%D9%84%D8%A3%D9%86%D8%AB%D9%88%D9%8A%D8%A9-%D9%88%D8%A7%D9%84%D8%AA%D9%88%D8%A7%D8%B2%D9%86-%D8%A7%D9%84%D8%AF%D8%A7%D8%AE%D9%84%D9%8A
استشارة نفسية وارشاد نفسي واسرى,.Maher M,0,0,Aucun avis,أسلوب حياة,تنمية شخصية,"استشارات, فضفضة, مشكلات, نفسي, استشارات نفسية",https://khamsat.com/lifestyle/life-coaching/2930390-%D8%A7%D8%B3%D8%AA%D8%B4%D8%A7%D8%B1%D8%A9-%D9%86%D9%81%D8%B3%D9%8A%D8%A9-%D9%88%D8%A7%D8%B1%D8%B4%D8%A7%D8%AF-%D9%86%D9%81%D8%B3%D9%8A-%D9%88%D8%A7%D8%B3%D8%B1%D9%89
إستشارات صحية في مجال التغذية العلاجية,.Ahmed M,0,0,Aucun avis,أسلوب حياة,صحة وجمال,"برامج, مقالة, طب, حمية, الصحة, تخسيس, طبية, إستشارات, تغذية, clinical nutrition",https://khamsat.com/lifestyle/nutrition/2706585-%D8%A5%D8%B3%D8%AA%D8%B4%D8%A7%D8%B1%D8%A7%D8%AA-%D8%B5%D8%AD%D9%8A%D8%A9-%D9%81%D9%8A-%D9%85%D8%AC%D8%A7%D9%84-%D8%A7%D9%84%D8%AA%D8%BA%D8%B0%D9%8A%D8%A9-%D8%A7%D9%84%D8%B9%D9%84%D8%A7%D8%AC%D9%8A%D8%A9
لعبة (إزالة/ تحريك/إضافة) أعواد الكبريت  بعدة مستويات,.Raouf A,0,0,Aucun avis,أسلوب حياة,مهارات حياتية وترفيه,"رياضيات, العاب, معادلات, الغاز, لغز",https://khamsat.com/lifestyle/game-coaching/2920752-%D9%84%D8%B9%D8%A8%D8%A9-%D8%A5%D8%B2%D8%A7%D9%84%D8%A9-%D8%AA%D8%AD%D8%B1%D9%8A%D9%83%D8%A5%D8%B6%D8%A7%D9%81%D8%A9-%D8%A3%D8%B9%D9%88%D8%A7%D8%AF-%D8%A7%D9%84%D9%83%D8%A8%D8%B1%D9%8A%D8%AA-%D8%A8%D8%B9%D8%AF%D8%A9-%D9%85%D8%B3%D8%AA%D9%88%D9%8A%D8%A7%D8%AA
جلسة خاصة تغير حياتك من اللحظة الأولى,عبد الفتاح ب.,0,0,Aucun avis,أسلوب حياة,تنمية شخصية,"مساعدة, زواج, نفسية, فضفضة, جلسة",https://khamsat.com/lifestyle/life-coaching/3437303-%D8%AC%D9%84%D8%B3%D8%A9-%D8%AE%D8%A7%D8%B5%D8%A9-%D8%AA%D8%BA%D9%8A%D8%B1-%D8%AD%D9%8A%D8%A7%D8%AA%D9%83-%D9%85%D9%86-%D8%A7%D9%84%D9%84%D8%AD%D8%B8%D8%A9-%D8%A7%D9%84%D8%A3%D9%88%D9%84%D9%89
استشارة شخصية VIP ستدرك اهمية ما  ترغب في الحصول عليه,شيرين ر.,0,0,Aucun avis,أسلوب حياة,تنمية شخصية,"تطوير, نصائح, شخصية, الاستشارات, استشارات نفسية",https://khamsat.com/lifestyle/life-coaching/3690966-%D8%A7%D8%B3%D8%AA%D8%B4%D8%A7%D8%B1%D8%A9-%D8%B4%D8%AE%D8%B5%D9%8A%D8%A9-vip-%D8%B3%D8%AA%D8%AF%D8%B1%D9%83-%D8%A7%D9%87%D9%85%D9%8A%D8%A9-%D9%85%D8%A7-%D8%AA%D8%B1%D8%BA%D8%A8-%D9%81%D9%8A-%D8%A7%D9%84%D8%AD%D8%B5%D9%88%D9%84-%D8%B9%D9%84%D9%8A%D9%87
جلسات كوتشينج احترافية لتحقق أهدافك وتطوير ذاتك,.Hassan M,0,0,Aucun avis,أسلوب حياة,تنمية شخصية,"إستشارة, اهداف, كوتشينج, توجيه, استشارات نفسية",https://khamsat.com/lifestyle/life-coaching/3133561-%D8%AC%D9%84%D8%B3%D8%A7%D8%AA-%D9%83%D9%88%D8%AA%D8%B4%D9%8A%D9%86%D8%AC-%D8%A7%D8%AD%D8%AA%D8%B1%D8%A7%D9%81%D9%8A%D8%A9-%D9%84%D8%AA%D8%AD%D9%82%D9%82-%D8%A3%D9%87%D8%AF%D8%A7%D9%81%D9%83-%D9%88%D8%AA%D8%B7%D9%88%D9%8A%D8%B1-%D8%B0%D8%A7%D8%AA%D9%83
سأقدم لك مجموعة قوائم المراجعة للحياة اليومية لتنظيم حياتك,ماجد ا.,0,0,Aucun avis,أسلوب حياة,تنمية شخصية,"انتاجية, ادارة وقت, تسوق ذكي, قوائم مراجعة, تنظيف منزل",https://khamsat.com/lifestyle/life-coaching/3405121-%D8%B3%D8%A3%D9%82%D8%AF%D9%85-%D9%84%D9%83-%D9%85%D8%AC%D9%85%D9%88%D8%B9%D8%A9-%D9%82%D9%88%D8%A7%D8%A6%D9%85-%D8%A7%D9%84%D9%85%D8%B1%D8%A7%D8%AC%D8%B9%D8%A9-%D9%84%D9%84%D8%AD%D9%8A%D8%A7%D8%A9-%D8%A7%D9%84%D9%8A%D9%88%D9%85%D9%8A%D8%A9-%D9%84%D8%AA%D9%86%D8%B8%D9%8A%D9%85-%D8%AD%D9%8A%D8%A7%D8%AA%D9%83
جلسات إرشادية واستشارات نفسية وأسرية لصناعة قرارات الحياة,.Ashraf A,0,0,Aucun avis,أسلوب حياة,تنمية شخصية,"استشارات, شخصية, ارشاد, نفسية, جلسة",https://khamsat.com/lifestyle/life-coaching/2929205-%D8%AC%D9%84%D8%B3%D8%A7%D8%AA-%D8%A5%D8%B1%D8%B4%D8%A7%D8%AF%D9%8A%D8%A9-%D9%88%D8%A7%D8%B3%D8%AA%D8%B4%D8%A7%D8%B1%D8%A7%D8%AA-%D9%86%D9%81%D8%B3%D9%8A%D8%A9-%D9%88%D8%A3%D8%B3%D8%B1%D9%8A%D8%A9-%D9%84%D8%B5%D9%86%D8%A7%D8%B9%D8%A9-%D9%82%D8%B1%D8%A7%D8%B1%D8%A7%D8%AA-%D8%A7%D9%84%D8%AD%D9%8A%D8%A7%D8%A9
استشارات نفسية واسرية ودعم نفسي وفضفضة,.Joud J,0,0,Aucun avis,أسلوب حياة,تنمية شخصية,"دعم, ارشاد, فضفضة, استشارات نفسية",https://khamsat.com/lifestyle/life-coaching/3716387-%D8%A7%D8%B3%D8%AA%D8%B4%D8%A7%D8%B1%D8%A7%D8%AA-%D9%86%D9%81%D8%B3%D9%8A%D8%A9-%D9%88%D8%A7%D8%B3%D8%B1%D9%8A%D8%A9-%D9%88%D8%AF%D8%B9%D9%85-%D9%86%D9%81%D8%B3%D9%8A-%D9%88%D9%81%D8%B6%D9%81%D8%B6%D8%A9
صحة وتغذية,Non trouvé,Non trouvé,Non trouvé,Aucun avis,أسلوب حياة,صحة وجمال,Aucun tag,https://khamsat.com/lifestyle/nutrition/2935344-%D8%A7%D9%84%D9%83%D9%8A%D8%AA%D9%88-%D8%AF%D8%A7%D9%8A%D8%AA-%D9%83%D9%8A%D9%81-%D8%A7%D8%AA%D8%A8%D8%B9%D9%87-%D8%A8%D8%B7%D8%B1%D9%8A%D9%82%D8%A9-%D8%B5%D8%AD%D9%8A%D8%AD%D8%A9-%D9%81%D9%88%D8%A7%D8%A6%D8%AF%D9%87-%D9%88-%D8%A7%D8%B6%D8%B1%D8%A7%D8%B1%D9%87
ألعاب,Non trouvé,Non trouvé,Non trouvé,Aucun avis,أسلوب حياة,مهارات حياتية وترفيه,Aucun tag,https://khamsat.com/lifestyle/game-coaching/2786932-%D8%AA%D8%B9%D9%84%D9%8A%D9%85-%D8%B4%D8%B7%D8%B1%D9%86%D8%AC-%D9%85%D9%86-%D8%B3%D9%86-6-%D8%B3%D9%86%D9%88%D8%A7%D8%AA
تحليل الشخصية عن طريقة ملامح الوجه,.Hassan M,0,0,Aucun avis,أسلوب حياة,تنمية شخصية,"مساعدة, تحليل شخصية, اكتشاف الشخصية",https://khamsat.com/lifestyle/life-coaching/3075682-%D8%AA%D8%AD%D9%84%D9%8A%D9%84-%D8%A7%D9%84%D8%B4%D8%AE%D8%B5%D9%8A%D8%A9-%D8%B9%D9%86-%D8%B7%D8%B1%D9%8A%D9%82%D8%A9-%D9%85%D9%84%D8%A7%D9%85%D8%AD-%D8%A7%D9%84%D9%88%D8%AC%D9%87
جلسة كوتشينج لتنمية و تطوير الذات,.Reaab N,0,0,Aucun avis,أسلوب حياة,تنمية شخصية,"استشارة, نصائح, تطوير الذات, ارشاد, فضفضة",https://khamsat.com/lifestyle/life-coaching/2758189-%D8%AC%D9%84%D8%B3%D8%A9-%D9%83%D9%88%D8%AA%D8%B4%D9%8A%D9%86%D8%AC-%D9%84%D8%AA%D9%86%D9%85%D9%8A%D8%A9-%D9%88-%D8%AA%D8%B7%D9%88%D9%8A%D8%B1-%D8%A7%D9%84%D8%B0%D8%A7%D8%AA
استشارات وإرشادات بخصوص التقديم على الهجرة العشوائية لأمريكا,.Ahmed E,2,0,Aucun avis,أسلوب حياة,مهارات حياتية وترفيه,"الهجرة, كارد, رابط, تقديم, أمريكا, الجرين, الولايات, التسجيل, نموذج, هجرة",https://khamsat.com/lifestyle/travel-advice/2293470-%D8%A7%D8%B3%D8%AA%D8%B4%D8%A7%D8%B1%D8%A7%D8%AA-%D9%88%D8%A5%D8%B1%D8%B4%D8%A7%D8%AF%D8%A7%D8%AA-%D8%A8%D8%AE%D8%B5%D9%88%D8%B5-%D8%A7%D9%84%D8%AA%D9%82%D8%AF%D9%8A%D9%85-%D8%B9%D9%84%D9%89-%D8%A7%D9%84%D9%87%D8%AC%D8%B1%D8%A9-%D8%A7%D9%84%D8%B9%D8%B4%D9%88%D8%A7%D8%A6%D9%8A%D8%A9-%D9%84%D8%A3%D9%85%D8%B1%D9%8A%D9%83%D8%A7
مستمع كتابي لمشاركة همومك اليومية,إيمان غ.,0,0,Aucun avis,أسلوب حياة,تنمية شخصية,"دعم, مشاركة, أمان, فضفضة, جلسة",https://khamsat.com/lifestyle/life-coaching/3684086-%D9%85%D8%B3%D8%AA%D9%85%D8%B9-%D9%83%D8%AA%D8%A7%D8%A8%D9%8A-%D9%84%D9%85%D8%B4%D8%A7%D8%B1%D9%83%D8%A9-%D9%87%D9%85%D9%88%D9%85%D9%83-%D8%A7%D9%84%D9%8A%D9%88%D9%85%D9%8A%D8%A9
استشارات نفسية و اجتماعية,محمد ا.,0,0,Aucun avis,أسلوب حياة,تنمية شخصية,"استشارات, نفسية, فضفضه, تعديل سلوك, مقاييس نفسية",https://khamsat.com/lifestyle/life-coaching/3279220-%D8%A7%D8%B3%D8%AA%D8%B4%D8%A7%D8%B1%D8%A7%D8%AA-%D9%86%D9%81%D8%B3%D9%8A%D8%A9-%D9%88-%D8%A7%D8%AC%D8%AA%D9%85%D8%A7%D8%B9%D9%8A%D8%A9
مُرشد أسري استشارات تربية الأبناء,.Abdalrahman M,0,0,Aucun avis,أسلوب حياة,تنمية شخصية,"استشارة, تربية, العلاقات, الأبناء, عائلة",https://khamsat.com/lifestyle/life-coaching/3646509-%D9%85%D8%B1%D8%B4%D8%AF-%D8%A3%D8%B3%D8%B1%D9%8A-%D8%A7%D8%B3%D8%AA%D8%B4%D8%A7%D8%B1%D8%A7%D8%AA-%D8%AA%D8%B1%D8%A8%D9%8A%D8%A9-%D8%A7%D9%84%D8%A3%D8%A8%D9%86%D8%A7%D8%A1
جلسة فضفضة نفسية صوتية تفريغ واستماع داعم مع مختصة,.Shahd A,0,0,Aucun avis,أسلوب حياة,تنمية شخصية,"دعم, تطوير الذات, محادثة, نفسية, فضفضة",https://khamsat.com/lifestyle/life-coaching/3547991-%D8%AC%D9%84%D8%B3%D8%A9-%D9%81%D8%B6%D9%81%D8%B6%D8%A9-%D9%86%D9%81%D8%B3%D9%8A%D8%A9-%D8%B5%D9%88%D8%AA%D9%8A%D8%A9-%D8%AA%D9%81%D8%B1%D9%8A%D8%BA-%D9%88%D8%A7%D8%B3%D8%AA%D9%85%D8%A7%D8%B9-%D8%AF%D8%A7%D8%B9%D9%85-%D9%85%D8%B9-%D9%85%D8%AE%D8%AA%D8%B5%D8%A9
استشارات نفسية اجتماعية عاطفية,علا ا.,0,0,Aucun avis,أسلوب حياة,تنمية شخصية,"استشارة, نصائح, دعم, ارشاد",https://khamsat.com/lifestyle/life-coaching/2392798-%D8%A7%D8%B3%D8%AA%D8%B4%D8%A7%D8%B1%D8%A7%D8%AA-%D9%86%D9%81%D8%B3%D9%8A%D8%A9-%D8%A7%D8%AC%D8%AA%D9%85%D8%A7%D8%B9%D9%8A%D8%A9-%D8%B9%D8%A7%D8%B7%D9%81%D9%8A%D8%A9
مستشارك التربوي نحو تربية واعية لبناء جيل واثق,.Hager T,0,0,Aucun avis,أسلوب حياة,تنمية شخصية,"التربية, استشارة تربوية, تربية إيجابية, ارشاد تربوي, تنمية الطفولة",https://khamsat.com/lifestyle/life-coaching/3282242-%D9%85%D8%B3%D8%AA%D8%B4%D8%A7%D8%B1%D9%83-%D8%A7%D9%84%D8%AA%D8%B1%D8%A8%D9%88%D9%8A-%D9%86%D8%AD%D9%88-%D8%AA%D8%B1%D8%A8%D9%8A%D8%A9-%D9%88%D8%A7%D8%B9%D9%8A%D8%A9-%D9%84%D8%A8%D9%86%D8%A7%D8%A1-%D8%AC%D9%8A%D9%84-%D9%88%D8%A7%D8%AB%D9%82
خدمة التوجيه والدعم الشخصي,.Mohammad A,0,0,Aucun avis,أسلوب حياة,تنمية شخصية,"استشارات, شخصية, اهداف, توجيه, دعم شخصي",https://khamsat.com/lifestyle/life-coaching/2725792-%D8%AE%D8%AF%D9%85%D8%A9-%D8%A7%D9%84%D8%AA%D9%88%D8%AC%D9%8A%D9%87-%D9%88%D8%A7%D9%84%D8%AF%D8%B9%D9%85-%D8%A7%D9%84%D8%B4%D8%AE%D8%B5%D9%8A
عقدك النفسية سجنك الابدي تحتاج لاستشارة نفسية,.Khadija E,0,0,Aucun avis,أسلوب حياة,تنمية شخصية,"استشارة, تطوير, تنمية, مشكلات, اجتماع",https://khamsat.com/lifestyle/life-coaching/3327910-%D8%B9%D9%82%D8%AF%D9%83-%D8%A7%D9%84%D9%86%D9%81%D8%B3%D9%8A%D8%A9-%D8%B3%D8%AC%D9%86%D9%83-%D8%A7%D9%84%D8%A7%D8%A8%D8%AF%D9%8A-%D8%AA%D8%AD%D8%AA%D8%A7%D8%AC-%D9%84%D8%A7%D8%B3%D8%AA%D8%B4%D8%A7%D8%B1%D8%A9-%D9%86%D9%81%D8%B3%D9%8A%D8%A9
جلسة استشارة نفسية فردية دعم ووعي نفسي,.Eman A,0,0,Aucun avis,أسلوب حياة,تنمية شخصية,"تحفيز, ارشاد, مشكلات, استشارات نفسية, دعم نفسي",https://khamsat.com/lifestyle/life-coaching/3380763-%D8%AC%D9%84%D8%B3%D8%A9-%D8%A7%D8%B3%D8%AA%D8%B4%D8%A7%D8%B1%D8%A9-%D9%86%D9%81%D8%B3%D9%8A%D8%A9-%D9%81%D8%B1%D8%AF%D9%8A%D8%A9-%D8%AF%D8%B9%D9%85-%D9%88%D9%88%D8%B9%D9%8A-%D9%86%D9%81%D8%B3%D9%8A
إستماع بإهتمام دون أي احكام,.Naeem A,0,0,Aucun avis,أسلوب حياة,تنمية شخصية,"مشاكل, دعم, حل, استماع, فضفضة",https://khamsat.com/lifestyle/life-coaching/3137656-%D8%A5%D8%B3%D8%AA%D9%85%D8%A7%D8%B9-%D8%A8%D8%A5%D9%87%D8%AA%D9%85%D8%A7%D9%85-%D8%AF%D9%88%D9%86-%D8%A3%D9%8A-%D8%A7%D8%AD%D9%83%D8%A7%D9%85
الصفحة المطلوبة غير موجودة,Non trouvé,Non trouvé,Non trouvé,Aucun avis,Inconnu,Inconnu,Aucun tag,https://khamsat.com/lifestyle/travel-advice/2858078-%D8%AE%D8%B7%D8%A9-%D8%A7%D9%84%D8%B3%D9%81%D8%B1-%D9%85%D9%86-%D8%A7%D9%84%D8%A8%D8%AF%D8%A7%D9%8A%D8%A9-%D9%84%D9%84%D9%86%D9%87%D8%A7%D9%8A%D8%A9-%D8%A8%D8%B1%D9%86%D8%A7%D9%85%D8%AC-%D8%B4%D8%A7%D9%85%D9%84-%D9%83%D9%84-%D9%85%D8%AA%D8%B7%D9%84%D8%A8%D8%A7%D8%AA-%D8%A7%D9%84%D8%B3%D9%81%D8%B1
مساعدة في التقديم للهجرة العشوائية لأمريكا 2025 لوتري 2027,محمود ش.,1,1,منذ سنة و9 أشهر,أسلوب حياة,مهارات حياتية وترفيه,"استشارة, امريكا, نموذج, الهجرة العشوائية, اللوتري الامركي",https://khamsat.com/lifestyle/travel-advice/2737824-%D9%85%D8%B3%D8%A7%D8%B9%D8%AF%D8%A9-%D9%81%D9%8A-%D8%A7%D9%84%D8%AA%D9%82%D8%AF%D9%8A%D9%85-%D9%84%D9%84%D9%87%D8%AC%D8%B1%D8%A9-%D8%A7%D9%84%D8%B9%D8%B4%D9%88%D8%A7%D8%A6%D9%8A%D8%A9-%D9%84%D8%A3%D9%85%D8%B1%D9%8A%D9%83%D8%A7-2025-%D9%84%D9%88%D8%AA%D8%B1%D9%8A-2027
سأساعدك في تحضير ملف الشنغن وخطة سفر أوروبا تناسب ميزانيتك,.Rami S,2,2,منذ 8 أشهر و11 يوم,أسلوب حياة,مهارات حياتية وترفيه,"سياحة, خطة, فيزا, أوروبا, شنجن",https://khamsat.com/lifestyle/travel-advice/3889192-%D8%B3%D8%A3%D8%B3%D8%A7%D8%B9%D8%AF%D9%83-%D9%81%D9%8A-%D8%AA%D8%AD%D8%B6%D9%8A%D8%B1-%D9%85%D9%84%D9%81-%D8%A7%D9%84%D8%B4%D9%86%D8%BA%D9%86-%D9%88%D8%AE%D8%B7%D8%A9-%D8%B3%D9%81%D8%B1-%D8%A3%D9%88%D8%B1%D9%88%D8%A8%D8%A7-%D8%AA%D9%86%D8%A7%D8%B3%D8%A8-%D9%85%D9%8A%D8%B2%D8%A7%D9%86%D9%8A%D8%AA%D9%83
سأساعدك في استعادة قوتك النفسية والجسدية,محمد ع.,0,0,Aucun avis,أسلوب حياة,تنمية شخصية,"طاقة, مشكلات, جسد, نفسيا, بدنيا",https://khamsat.com/lifestyle/life-coaching/3108838-%D8%B3%D8%A3%D8%B3%D8%A7%D8%B9%D8%AF%D9%83-%D9%81%D9%8A-%D8%A7%D8%B3%D8%AA%D8%B9%D8%A7%D8%AF%D8%A9-%D9%82%D9%88%D8%AA%D9%83-%D8%A7%D9%84%D9%86%D9%81%D8%B3%D9%8A%D8%A9-%D9%88%D8%A7%D9%84%D8%AC%D8%B3%D8%AF%D9%8A%D8%A9
استشارات للسفر وتحديد افضل الوجهات,.Abdulridha A,1,1,منذ 3 سنوات وشهرين,أسلوب حياة,مهارات حياتية وترفيه,"حجز, رحلات, سفر, مغامرات",https://khamsat.com/lifestyle/travel-advice/2119818-%D8%A7%D8%B3%D8%AA%D8%B4%D8%A7%D8%B1%D8%A7%D8%AA-%D9%84%D9%84%D8%B3%D9%81%D8%B1-%D9%88%D8%AA%D8%AD%D8%AF%D9%8A%D8%AF-%D8%A7%D9%81%D8%B6%D9%84-%D8%A7%D9%84%D9%88%D8%AC%D9%87%D8%A7%D8%AA
كل ماتحتاجه من معلومات سياحية وخدمية في تركيا,.Amir N,5,1,منذ 5 سنوات و4 أشهر,أسلوب حياة,مهارات حياتية وترفيه,"في, سياحة, تركيا, اسطنبول, دليلك, علاجية",https://khamsat.com/lifestyle/travel-advice/1688573-%D9%83%D9%84-%D9%85%D8%A7%D8%AA%D8%AD%D8%AA%D8%A7%D8%AC%D9%87-%D9%85%D9%86-%D9%85%D8%B9%D9%84%D9%88%D9%85%D8%A7%D8%AA-%D8%B3%D9%8A%D8%A7%D8%AD%D9%8A%D8%A9-%D9%88%D8%AE%D8%AF%D9%85%D9%8A%D8%A9-%D9%81%D9%8A-%D8%AA%D8%B1%D9%83%D9%8A%D8%A7
برنامج دعم نفسي مخصص لمساعدتك على إنقاص الوزن,نسيم س.,0,0,Aucun avis,أسلوب حياة,تنمية شخصية,"صحة, تخسيس, تغذية, نفسية, استشارات نفسية",https://khamsat.com/lifestyle/life-coaching/3297600-%D8%A8%D8%B1%D9%86%D8%A7%D9%85%D8%AC-%D8%AF%D8%B9%D9%85-%D9%86%D9%81%D8%B3%D9%8A-%D9%85%D8%AE%D8%B5%D8%B5-%D9%84%D9%85%D8%B3%D8%A7%D8%B9%D8%AF%D8%AA%D9%83-%D8%B9%D9%84%D9%89-%D8%A5%D9%86%D9%82%D8%A7%D8%B5-%D8%A7%D9%84%D9%88%D8%B2%D9%86
سأقوم بإنشاء خطة سفر إلى أي مكان في العالم Pdf بإحترافية,.Nabil K,11,8,منذ 10 أشهر و28 يوم,أسلوب حياة,مهارات حياتية وترفيه,"سفر, خطة, خطة سفر, سياحة وسفر, جدول سياحي",https://khamsat.com/lifestyle/travel-advice/2879055-%D8%B3%D8%A3%D9%82%D9%88%D9%85-%D8%A8%D8%A5%D9%86%D8%B4%D8%A7%D8%A1-%D8%AE%D8%B7%D8%A9-%D8%B3%D9%81%D8%B1-%D8%A5%D9%84%D9%89-%D8%A3%D9%8A-%D9%85%D9%83%D8%A7%D9%86-%D9%81%D9%8A-%D8%A7%D9%84%D8%B9%D8%A7%D9%84%D9%85-pdf-%D8%A8%D8%A5%D8%AD%D8%AA%D8%B1%D8%A7%D9%81%D9%8A%D8%A9
كيف تسافر حول العالم بأقل تكلفة مادية,.Hisham A,24,15,منذ 4 أشهر و23 يوم,أسلوب حياة,مهارات حياتية وترفيه,"مال, سفر, رحلة, فيزا, رخيص, توفير, سكن, هجرة, اوربا, لجوء, شنغن",https://khamsat.com/lifestyle/travel-advice/578228-%D9%83%D9%8A%D9%81-%D8%AA%D8%B3%D8%A7%D9%81%D8%B1-%D8%AD%D9%88%D9%84-%D8%A7%D9%84%D8%B9%D8%A7%D9%84%D9%85-%D8%A8%D8%A3%D9%82%D9%84-%D8%AA%D9%83%D9%84%D9%81%D8%A9-%D9%85%D8%A7%D8%AF%D9%8A%D8%A9
دعم نفسي وتوجيه إيجابي لتحقيق التوازن والتطوير الشخصي,.Mahmoud A,0,0,Aucun avis,أسلوب حياة,تنمية شخصية,"دعم نفسي, الصحة النفسية, استشارات حياتية, تطوير ذاتي, توجيه شخصي",https://khamsat.com/lifestyle/life-coaching/3462125-%D8%AF%D8%B9%D9%85-%D9%86%D9%81%D8%B3%D9%8A-%D9%88%D8%AA%D9%88%D8%AC%D9%8A%D9%87-%D8%A5%D9%8A%D8%AC%D8%A7%D8%A8%D9%8A-%D9%84%D8%AA%D8%AD%D9%82%D9%8A%D9%82-%D8%A7%D9%84%D8%AA%D9%88%D8%A7%D8%B2%D9%86-%D9%88%D8%A7%D9%84%D8%AA%D8%B7%D9%88%D9%8A%D8%B1-%D8%A7%D9%84%D8%B4%D8%AE%D8%B5%D9%8A
ما لا تعرفه عن مصر(اسال ابن البلد),آلاء ع.,1,0,Aucun avis,أسلوب حياة,مهارات حياتية وترفيه,"سياحة, مصر, تعليمية, فى, السياحة, دينية, ترفيهية, ثقافية, سياحية, اماكن, علاجية",https://khamsat.com/lifestyle/travel-advice/1314630-%D9%85%D8%A7-%D9%84%D8%A7-%D8%AA%D8%B9%D8%B1%D9%81%D9%87-%D8%B9%D9%86-%D9%85%D8%B5%D8%B1%D8%A7%D8%B3%D8%A7%D9%84-%D8%A7%D8%A8%D9%86-%D8%A7%D9%84%D8%A8%D9%84%D8%AF
اقدم خدمات علاجيه واجتماعية لمن لديهم مشكلات شخصيه واجتماعية,.Mennat Allah A,0,0,Aucun avis,أسلوب حياة,تنمية شخصية,"استشارة, دعم, علاج, شخصيه, مشكلات",https://khamsat.com/lifestyle/life-coaching/3438246-%D8%A7%D9%82%D8%AF%D9%85-%D8%AE%D8%AF%D9%85%D8%A7%D8%AA-%D8%B9%D9%84%D8%A7%D8%AC%D9%8A%D9%87-%D9%88%D8%A7%D8%AC%D8%AA%D9%85%D8%A7%D8%B9%D9%8A%D8%A9-%D9%84%D9%85%D9%86-%D9%84%D8%AF%D9%8A%D9%87%D9%85-%D9%85%D8%B4%D9%83%D9%84%D8%A7%D8%AA-%D8%B4%D8%AE%D8%B5%D9%8A%D9%87-%D9%88%D8%A7%D8%AC%D8%AA%D9%85%D8%A7%D8%B9%D9%8A%D8%A9
تقديم  خطه لرحلتك المستقبليه,سارة ش.,0,0,Aucun avis,أسلوب حياة,مهارات حياتية وترفيه,"استشارة, سياحه, سفر, خطة, طيران",https://khamsat.com/lifestyle/travel-advice/3314284-%D8%AA%D9%82%D8%AF%D9%8A%D9%85-%D8%AE%D8%B7%D9%87-%D9%84%D8%B1%D8%AD%D9%84%D8%AA%D9%83-%D8%A7%D9%84%D9%85%D8%B3%D8%AA%D9%82%D8%A8%D9%84%D9%8A%D9%87
استشارة شخصية ونفسية بأسلوب انساني وعميق,.Motasim H,0,0,Aucun avis,أسلوب حياة,تنمية شخصية,"استشارة, دعم, نفسية, فهم, توازن",https://khamsat.com/lifestyle/life-coaching/3521034-%D8%A7%D8%B3%D8%AA%D8%B4%D8%A7%D8%B1%D8%A9-%D8%B4%D8%AE%D8%B5%D9%8A%D8%A9-%D9%88%D9%86%D9%81%D8%B3%D9%8A%D8%A9-%D8%A8%D8%A3%D8%B3%D9%84%D9%88%D8%A8-%D8%A7%D9%86%D8%B3%D8%A7%D9%86%D9%8A-%D9%88%D8%B9%D9%85%D9%8A%D9%82
تنظيم رحلة وخطة سفر مميزة,.Abdallah A,0,0,Aucun avis,أسلوب حياة,مهارات حياتية وترفيه,"استشارات, سياحة, تخطيط, خطة",https://khamsat.com/lifestyle/travel-advice/3081474-%D8%AA%D9%86%D8%B8%D9%8A%D9%85-%D8%B1%D8%AD%D9%84%D8%A9-%D9%88%D8%AE%D8%B7%D8%A9-%D8%B3%D9%81%D8%B1-%D9%85%D9%85%D9%8A%D8%B2%D8%A9
جلسات الدعم النفسي وصحة المراهقين والعلاقات,.Ahmed A,0,0,Aucun avis,أسلوب حياة,تنمية شخصية,"استشارة, دعم, نفسية, نفسي, استشارات نفسية",https://khamsat.com/lifestyle/life-coaching/3592510-%D8%AC%D9%84%D8%B3%D8%A7%D8%AA-%D8%A7%D9%84%D8%AF%D8%B9%D9%85-%D8%A7%D9%84%D9%86%D9%81%D8%B3%D9%8A-%D9%88%D8%B5%D8%AD%D8%A9-%D8%A7%D9%84%D9%85%D8%B1%D8%A7%D9%87%D9%82%D9%8A%D9%86-%D9%88%D8%A7%D9%84%D8%B9%D9%84%D8%A7%D9%82%D8%A7%D8%AA
التقديم على اللوتري الأمريكي مع تدقيق احترافي للصورة,.Mohamed I,0,0,Aucun avis,أسلوب حياة,مهارات حياتية وترفيه,"استشارة, سفر, هجرة امريكا, الهجرة العشوائية, اللوترى الامريكى",https://khamsat.com/lifestyle/travel-advice/3758744-%D8%A7%D9%84%D8%AA%D9%82%D8%AF%D9%8A%D9%85-%D8%B9%D9%84%D9%89-%D8%A7%D9%84%D9%84%D9%88%D8%AA%D8%B1%D9%8A-%D8%A7%D9%84%D8%A3%D9%85%D8%B1%D9%8A%D9%83%D9%8A-%D9%85%D8%B9-%D8%AA%D8%AF%D9%82%D9%8A%D9%82-%D8%A7%D8%AD%D8%AA%D8%B1%D8%A7%D9%81%D9%8A-%D9%84%D9%84%D8%B5%D9%88%D8%B1%D8%A9
استشارة وعمل سيناري في اسئله السفارة الأمريكية لفيزة السياحة,الامير ف.,1,1,منذ سنة و10 أشهر,أسلوب حياة,مهارات حياتية وترفيه,"سفر, فيزا, امريكا, السياحة, الولايات المتحدة",https://khamsat.com/lifestyle/travel-advice/2992045-%D8%A7%D8%B3%D8%AA%D8%B4%D8%A7%D8%B1%D8%A9-%D9%88%D8%B9%D9%85%D9%84-%D8%B3%D9%8A%D9%86%D8%A7%D8%B1%D9%8A-%D9%81%D9%8A-%D8%A7%D8%B3%D8%A6%D9%84%D9%87-%D8%A7%D9%84%D8%B3%D9%81%D8%A7%D8%B1%D8%A9-%D8%A7%D9%84%D8%A3%D9%85%D8%B1%D9%8A%D9%83%D9%8A%D8%A9-%D9%84%D9%81%D9%8A%D8%B2%D8%A9-%D8%A7%D9%84%D8%B3%D9%8A%D8%A7%D8%AD%D8%A9
التقديم للهجرة العشوائية لأمريكا فحص صورتك رفع نسبة القبول,أسامة ح.,1,1,منذ سنة و9 أشهر,أسلوب حياة,مهارات حياتية وترفيه,"برنامج الهجرة العشوائية, البطاقة الخضراء, التقديم على الهجرة العشوائية, الهجرة العشوائية لأمريكا, القرعة العشوائية لأمريكا",https://khamsat.com/lifestyle/travel-advice/3052604-%D8%A7%D9%84%D8%AA%D9%82%D8%AF%D9%8A%D9%85-%D9%84%D9%84%D9%87%D8%AC%D8%B1%D8%A9-%D8%A7%D9%84%D8%B9%D8%B4%D9%88%D8%A7%D8%A6%D9%8A%D8%A9-%D9%84%D8%A3%D9%85%D8%B1%D9%8A%D9%83%D8%A7-%D9%81%D8%AD%D8%B5-%D8%B5%D9%88%D8%B1%D8%AA%D9%83-%D8%B1%D9%81%D8%B9-%D9%86%D8%B3%D8%A8%D8%A9-%D8%A7%D9%84%D9%82%D8%A8%D9%88%D9%84
الصفحة المطلوبة غير موجودة,Non trouvé,Non trouvé,Non trouvé,Aucun avis,Inconnu,Inconnu,Aucun tag,https://khamsat.com/lifestyle/life-coaching/1960546-%D8%A7%D8%B3%D8%AA%D8%B4%D8%A7%D8%B1%D8%A9-%D9%86%D9%81%D8%B3%D9%8A%D8%A9-%D9%88%D8%A7%D8%AC%D8%AA%D9%85%D8%A7%D8%B9%D9%8A%D8%A9
نصائح عاطفية واسرية لكل من يعاني من الاكتئاب ومشاكل الاسرة,بهاء ا.,0,0,Aucun avis,أسلوب حياة,تنمية شخصية,استشارات نفسية,https://khamsat.com/lifestyle/life-coaching/3564076-%D9%86%D8%B5%D8%A7%D8%A6%D8%AD-%D8%B9%D8%A7%D8%B7%D9%81%D9%8A%D8%A9-%D9%88%D8%A7%D8%B3%D8%B1%D9%8A%D8%A9-%D9%84%D9%83%D9%84-%D9%85%D9%86-%D9%8A%D8%B9%D8%A7%D9%86%D9%8A-%D9%85%D9%86-%D8%A7%D9%84%D8%A7%D9%83%D8%AA%D8%A6%D8%A7%D8%A8-%D9%88%D9%85%D8%B4%D8%A7%D9%83%D9%84-%D8%A7%D9%84%D8%A7%D8%B3%D8%B1%D8%A9
استشارة نفسية أو اجتماعية.,يوسف ا.,1,2,منذ 4 سنوات و10 أشهر,أسلوب حياة,تنمية شخصية,"استشارة, اجتماعية, نفسية",https://khamsat.com/lifestyle/life-coaching/1614440-%D8%A7%D8%B3%D8%AA%D8%B4%D8%A7%D8%B1%D8%A9-%D9%86%D9%81%D8%B3%D9%8A%D8%A9-%D8%A3%D9%88-%D8%A7%D8%AC%D8%AA%D9%85%D8%A7%D8%B9%D9%8A%D8%A9
حجوزات طيران وفنادق بأرخص الاسعار,.Lubna B,0,0,Aucun avis,أسلوب حياة,مهارات حياتية وترفيه,"فنادق, سياحة, سفر, فيزا, اقامات",https://khamsat.com/lifestyle/travel-advice/2865098-%D8%AD%D8%AC%D9%88%D8%B2%D8%A7%D8%AA-%D8%B7%D9%8A%D8%B1%D8%A7%D9%86-%D9%88%D9%81%D9%86%D8%A7%D8%AF%D9%82-%D8%A8%D8%A3%D8%B1%D8%AE%D8%B5-%D8%A7%D9%84%D8%A7%D8%B3%D8%B9%D8%A7%D8%B1
اختبار الذكاء العاطفي  Emotional Intelligence,.Oumaima H,0,0,Aucun avis,أسلوب حياة,تنمية شخصية,"اختبار, تطوير الذات, تقييم, استشارات نفسية, ذكاء عاطفي",https://khamsat.com/lifestyle/life-coaching/3741737-%D8%A7%D8%AE%D8%AA%D8%A8%D8%A7%D8%B1-%D8%A7%D9%84%D8%B0%D9%83%D8%A7%D8%A1-%D8%A7%D9%84%D8%B9%D8%A7%D8%B7%D9%81%D9%8A-emotional-intelligence
جلسة حل المشكلات الاجتماعية وتوجيه سلوكي عملي,.Ali A,0,0,Aucun avis,أسلوب حياة,تنمية شخصية,"تطوير الذات, تنمية بشرية, حل المشكلات, استشارات اجتماعية, nlp البرمجة اللغوية العصبية",https://khamsat.com/lifestyle/life-coaching/3486022-%D8%AC%D9%84%D8%B3%D8%A9-%D8%AD%D9%84-%D8%A7%D9%84%D9%85%D8%B4%D9%83%D9%84%D8%A7%D8%AA-%D8%A7%D9%84%D8%A7%D8%AC%D8%AA%D9%85%D8%A7%D8%B9%D9%8A%D8%A9-%D9%88%D8%AA%D9%88%D8%AC%D9%8A%D9%87-%D8%B3%D9%84%D9%88%D9%83%D9%8A-%D8%B9%D9%85%D9%84%D9%8A
افيدك في اي استفسار يخص السفر والعمل في السعودية,.Osama Z,0,0,Aucun avis,أسلوب حياة,مهارات حياتية وترفيه,"سياحة, سفر, العمل, فيزا, سكن",https://khamsat.com/lifestyle/travel-advice/3059775-%D8%A7%D9%81%D9%8A%D8%AF%D9%83-%D9%81%D9%8A-%D8%A7%D9%8A-%D8%A7%D8%B3%D8%AA%D9%81%D8%B3%D8%A7%D8%B1-%D9%8A%D8%AE%D8%B5-%D8%A7%D9%84%D8%B3%D9%81%D8%B1-%D9%88%D8%A7%D9%84%D8%B9%D9%85%D9%84-%D9%81%D9%8A-%D8%A7%D9%84%D8%B3%D8%B9%D9%88%D8%AF%D9%8A%D8%A9
استشارة في تقديم علي الهجرة العشوائية الي امريكا,الامير ف.,3,3,منذ سنة وشهرين,أسلوب حياة,مهارات حياتية وترفيه,"سفر, فيزا, امريكا, الهجرة العشوائية, لوتري امريكا",https://khamsat.com/lifestyle/travel-advice/2991022-%D8%A7%D8%B3%D8%AA%D8%B4%D8%A7%D8%B1%D8%A9-%D9%81%D9%8A-%D8%AA%D9%82%D8%AF%D9%8A%D9%85-%D8%B9%D9%84%D9%8A-%D8%A7%D9%84%D9%87%D8%AC%D8%B1%D8%A9-%D8%A7%D9%84%D8%B9%D8%B4%D9%88%D8%A7%D8%A6%D9%8A%D8%A9-%D8%A7%D9%84%D9%8A-%D8%A7%D9%85%D8%B1%D9%8A%D9%83%D8%A7
استشارات نفسية و تربوية للبالغين و الأطفال,.Nashwa A,0,0,Aucun avis,أسلوب حياة,تنمية شخصية,"نفسي, تربوية, استشارات نفسية, تعديل سلوك, خطط علاجية",https://khamsat.com/lifestyle/life-coaching/3738754-%D8%A7%D8%B3%D8%AA%D8%B4%D8%A7%D8%B1%D8%A7%D8%AA-%D9%86%D9%81%D8%B3%D9%8A%D8%A9-%D9%88-%D8%AA%D8%B1%D8%A8%D9%88%D9%8A%D8%A9-%D9%84%D9%84%D8%A8%D8%A7%D9%84%D8%BA%D9%8A%D9%86-%D9%88-%D8%A7%D9%84%D8%A3%D8%B7%D9%81%D8%A7%D9%84
أجيبك عن أي استفسار بخصوص السفر و العمل والمنح الدراسية,.Mohamad Q,0,0,Aucun avis,أسلوب حياة,مهارات حياتية وترفيه,"استشارة, عمل, مال, سفر, فيزا, قبول, منحة",https://khamsat.com/lifestyle/travel-advice/2447613-%D8%A3%D8%AC%D9%8A%D8%A8%D9%83-%D8%B9%D9%86-%D8%A3%D9%8A-%D8%A7%D8%B3%D8%AA%D9%81%D8%B3%D8%A7%D8%B1-%D8%A8%D8%AE%D8%B5%D9%88%D8%B5-%D8%A7%D9%84%D8%B3%D9%81%D8%B1-%D9%88-%D8%A7%D9%84%D8%B9%D9%85%D9%84-%D9%88%D8%A7%D9%84%D9%85%D9%86%D8%AD-%D8%A7%D9%84%D8%AF%D8%B1%D8%A7%D8%B3%D9%8A%D8%A9
المساعدة في التقديم للهجرة العشوائية للولايات المتحدة الأمريكية,.Essameldin M,0,0,Aucun avis,أسلوب حياة,مهارات حياتية وترفيه,"سفر, أمريكا, فيزا, هجرة, اللوتري الأمريكي",https://khamsat.com/lifestyle/travel-advice/3479558-%D8%A7%D9%84%D9%85%D8%B3%D8%A7%D8%B9%D8%AF%D8%A9-%D9%81%D9%8A-%D8%A7%D9%84%D8%AA%D9%82%D8%AF%D9%8A%D9%85-%D9%84%D9%84%D9%87%D8%AC%D8%B1%D8%A9-%D8%A7%D9%84%D8%B9%D8%B4%D9%88%D8%A7%D8%A6%D9%8A%D8%A9-%D9%84%D9%84%D9%88%D9%84%D8%A7%D9%8A%D8%A7%D8%AA-%D8%A7%D9%84%D9%85%D8%AA%D8%AD%D8%AF%D8%A9-%D8%A7%D9%84%D8%A3%D9%85%D8%B1%D9%8A%D9%83%D9%8A%D8%A9
استشاره في مدينة الرياض,.Wabel Z,0,0,Aucun avis,أسلوب حياة,مهارات حياتية وترفيه,"استشارة, مدينة, الرياض",https://khamsat.com/lifestyle/travel-advice/546620-%D8%A7%D8%B3%D8%AA%D8%B4%D8%A7%D8%B1%D9%87-%D9%81%D9%8A-%D9%85%D8%AF%D9%8A%D9%86%D8%A9-%D8%A7%D9%84%D8%B1%D9%8A%D8%A7%D8%B6
تخطيط رحلات السفر بشكل متكامل,زينب ع.,0,0,Aucun avis,أسلوب حياة,مهارات حياتية وترفيه,"كتابة, سياحة, أعمال, سفر, تخطيط",https://khamsat.com/lifestyle/travel-advice/3036425-%D8%AA%D8%AE%D8%B7%D9%8A%D8%B7-%D8%B1%D8%AD%D9%84%D8%A7%D8%AA-%D8%A7%D9%84%D8%B3%D9%81%D8%B1-%D8%A8%D8%B4%D9%83%D9%84-%D9%85%D8%AA%D9%83%D8%A7%D9%85%D9%84
الإجابة على استفساراتك للسفر للسياحة /العمل في دولة الإمارات,محمد ع.,1,1,منذ 3 سنوات و11 شهر,أسلوب حياة,مهارات حياتية وترفيه,"نصائح, سياحة, الامارات, أبوظبي, سفر, العمل, فيزا, السفر, الإمارات, دبي",https://khamsat.com/lifestyle/travel-advice/1598216-%D8%A7%D9%84%D8%A5%D8%AC%D8%A7%D8%A8%D8%A9-%D8%B9%D9%84%D9%89-%D8%A7%D8%B3%D8%AA%D9%81%D8%B3%D8%A7%D8%B1%D8%A7%D8%AA%D9%83-%D9%84%D9%84%D8%B3%D9%81%D8%B1-%D9%84%D9%84%D8%B3%D9%8A%D8%A7%D8%AD%D8%A9-%D8%A7%D9%84%D8%B9%D9%85%D9%84-%D9%81%D9%8A-%D8%AF%D9%88%D9%84%D8%A9-%D8%A7%D9%84%D8%A5%D9%85%D8%A7%D8%B1%D8%A7%D8%AA
الصفحة المطلوبة غير موجودة,Non trouvé,Non trouvé,Non trouvé,Aucun avis,Inconnu,Inconnu,Aucun tag,https://khamsat.com/lifestyle/life-coaching/3737009-%D8%AA%D9%82%D8%AF%D9%8A%D9%85-%D8%AC%D9%84%D8%B3%D8%A7%D8%AA-%D9%86%D9%81%D8%B3%D9%8A%D8%A9-%D9%84%D9%84%D9%83%D8%A8%D8%A7%D8%B1-%D9%88%D8%A7%D9%84%D9%85%D8%B1%D8%A7%D9%87%D9%82%D9%8A%D9%86
أقدم لك تصميم رائع  وسهل لدليل إرشادات المسافر إلى القاهرة,.Hemiar A,0,0,Aucun avis,أسلوب حياة,مهارات حياتية وترفيه,"تصميم, سياحة, مصر, دليل, القاهرة, مسافر",https://khamsat.com/lifestyle/travel-advice/1489768-%D8%A3%D9%82%D8%AF%D9%85-%D9%84%D9%83-%D8%AA%D8%B5%D9%85%D9%8A%D9%85-%D8%B1%D8%A7%D8%A6%D8%B9-%D9%88%D8%B3%D9%87%D9%84-%D9%84%D8%AF%D9%84%D9%8A%D9%84-%D8%A5%D8%B1%D8%B4%D8%A7%D8%AF%D8%A7%D8%AA-%D8%A7%D9%84%D9%85%D8%B3%D8%A7%D9%81%D8%B1-%D8%A5%D9%84%D9%89-%D8%A7%D9%84%D9%82%D8%A7%D9%87%D8%B1%D8%A9
جدول سياحي جاهز لرحلة كيرلا شامل أنشطة وأسعار,.Wejdan Y,4,1,منذ سنة و6 أيام,أسلوب حياة,مهارات حياتية وترفيه,"سفر, تخطيط, سياحي, جدول, ملف pdf",https://khamsat.com/lifestyle/travel-advice/3587014-%D8%AC%D8%AF%D9%88%D9%84-%D8%B3%D9%8A%D8%A7%D8%AD%D9%8A-%D8%AC%D8%A7%D9%87%D8%B2-%D9%84%D8%B1%D8%AD%D9%84%D8%A9-%D9%83%D9%8A%D8%B1%D9%84%D8%A7-%D8%B4%D8%A7%D9%85%D9%84-%D8%A3%D9%86%D8%B4%D8%B7%D8%A9-%D9%88%D8%A3%D8%B3%D8%B9%D8%A7%D8%B1
شرح برنامج amadues لحجز تذاكر الطيران والفنادق,.Bassam A,2,2,منذ 4 سنوات و4 أشهر,أسلوب حياة,مهارات حياتية وترفيه,"سياحه, سفر, تذاكر",https://khamsat.com/lifestyle/travel-advice/2045466-%D8%B4%D8%B1%D8%AD-%D8%A8%D8%B1%D9%86%D8%A7%D9%85%D8%AC-amadues-%D9%84%D8%AD%D8%AC%D8%B2-%D8%AA%D8%B0%D8%A7%D9%83%D8%B1-%D8%A7%D9%84%D8%B7%D9%8A%D8%B1%D8%A7%D9%86-%D9%88%D8%A7%D9%84%D9%81%D9%86%D8%A7%D8%AF%D9%82
تحليل رسومات طفلك للكشف عن مشاعره واحتياجاته,.Oumaima H,0,0,Aucun avis,أسلوب حياة,تنمية شخصية,"تحليل, طفل, رسومات اطفال, علم النفس التربوي, علم نفس الطفل و المراهق",https://khamsat.com/lifestyle/life-coaching/3747728-%D8%AA%D8%AD%D9%84%D9%8A%D9%84-%D8%B1%D8%B3%D9%88%D9%85%D8%A7%D8%AA-%D8%B7%D9%81%D9%84%D9%83-%D9%84%D9%84%D9%83%D8%B4%D9%81-%D8%B9%D9%86-%D9%85%D8%B4%D8%A7%D8%B9%D8%B1%D9%87-%D9%88%D8%A7%D8%AD%D8%AA%D9%8A%D8%A7%D8%AC%D8%A7%D8%AA%D9%87
كل ما تحتاجهُ حول السياحة في الأردن,.Ruba A,1,1,منذ 3 أشهر و20 يوم,أسلوب حياة,مهارات حياتية وترفيه,"مواقع, كتابة",https://khamsat.com/lifestyle/travel-advice/2949568-%D9%83%D9%84-%D9%85%D8%A7-%D8%AA%D8%AD%D8%AA%D8%A7%D8%AC%D9%87-%D8%AD%D9%88%D9%84-%D8%A7%D9%84%D8%B3%D9%8A%D8%A7%D8%AD%D8%A9-%D9%81%D9%8A-%D8%A7%D9%84%D8%A3%D8%B1%D8%AF%D9%86
الصفحة المطلوبة غير موجودة,Non trouvé,Non trouvé,Non trouvé,Aucun avis,Inconnu,Inconnu,Aucun tag,https://khamsat.com/lifestyle/life-coaching/3537254-%D8%AC%D9%84%D8%B3%D8%A9-%D8%AA%D8%AF%D8%B1%D9%8A%D8%A8%D9%8A%D8%A9-%D9%81%D8%B1%D8%AF%D9%8A%D8%A9-%D9%84%D8%AA%D8%B1%D8%AA%D9%8A%D8%A8-%D8%A7%D9%84%D8%A3%D9%81%D9%83%D8%A7%D8%B1-%D9%88%D8%A8%D9%86%D8%A7%D8%A1-%D8%A7%D9%84%D8%AB%D9%82%D8%A9-%D8%A7%D9%84%D9%86%D9%81%D8%B3%D9%8A%D8%A9
أخصائية صحة نفسية وتعديل السلوك متخصصة,.Marwa E,0,0,Aucun avis,أسلوب حياة,تنمية شخصية,"دعم, تطوير الذات, ارشاد, استشارات نفسية, سلوك",https://khamsat.com/lifestyle/life-coaching/3776019-%D8%A3%D8%AE%D8%B5%D8%A7%D8%A6%D9%8A%D8%A9-%D8%B5%D8%AD%D8%A9-%D9%86%D9%81%D8%B3%D9%8A%D8%A9-%D9%88%D8%AA%D8%B9%D8%AF%D9%8A%D9%84-%D8%A7%D9%84%D8%B3%D9%84%D9%88%D9%83-%D9%85%D8%AA%D8%AE%D8%B5%D8%B5%D8%A9
جدول سياحي لمده اسبوع في سوتشي روسيا,.Wejdan Y,0,0,Aucun avis,أسلوب حياة,مهارات حياتية وترفيه,"سفر, سياحي, جدول, روسيا, سوتشي",https://khamsat.com/lifestyle/travel-advice/3789658-%D8%AC%D8%AF%D9%88%D9%84-%D8%B3%D9%8A%D8%A7%D8%AD%D9%8A-%D9%84%D9%85%D8%AF%D9%87-%D8%A7%D8%B3%D8%A8%D9%88%D8%B9-%D9%81%D9%8A-%D8%B3%D9%88%D8%AA%D8%B4%D9%8A-%D8%B1%D9%88%D8%B3%D9%8A%D8%A7
جلسات للعلاج النفسي بالفن,.Amira A,0,0,Aucun avis,أسلوب حياة,تنمية شخصية,"مشاكل, حلول, تفريغ, دعم, استشارات نفسية",https://khamsat.com/lifestyle/life-coaching/3648226-%D8%AC%D9%84%D8%B3%D8%A7%D8%AA-%D9%84%D9%84%D8%B9%D9%84%D8%A7%D8%AC-%D8%A7%D9%84%D9%86%D9%81%D8%B3%D9%8A-%D8%A8%D8%A7%D9%84%D9%81%D9%86
بحث متطور وسريع لكل المجالات - خطط لرحلتك القادمة حول العالم,.Lobna E,3,3,منذ 3 سنوات وشهر,أسلوب حياة,مهارات حياتية وترفيه,"بحث, سفر, رحلة, خطة",https://khamsat.com/lifestyle/travel-advice/1496571-%D8%A8%D8%AD%D8%AB-%D9%85%D8%AA%D8%B7%D9%88%D8%B1-%D9%88%D8%B3%D8%B1%D9%8A%D8%B9-%D9%84%D9%83%D9%84-%D8%A7%D9%84%D9%85%D8%AC%D8%A7%D9%84%D8%A7%D8%AA-%D8%AE%D8%B7%D8%B7-%D9%84%D8%B1%D8%AD%D9%84%D8%AA%D9%83-%D8%A7%D9%84%D9%82%D8%A7%D8%AF%D9%85%D8%A9-%D8%AD%D9%88%D9%84-%D8%A7%D9%84%D8%B9%D8%A7%D9%84%D9%85
مستمع للمشاكل ومقدم نصائح,.Abdo S,0,0,Aucun avis,أسلوب حياة,تنمية شخصية,"استشارة, حلول, فضفضة",https://khamsat.com/lifestyle/life-coaching/3888355-%D9%85%D8%B3%D8%AA%D9%85%D8%B9-%D9%84%D9%84%D9%85%D8%B4%D8%A7%D9%83%D9%84-%D9%88%D9%85%D9%82%D8%AF%D9%85-%D9%86%D8%B5%D8%A7%D8%A6%D8%AD
دعم نفسي وإرشاد متخصص خطوتك الأولى نحو التوازن والراحة,.Mohamed A,0,0,Aucun avis,أسلوب حياة,تنمية شخصية,"حلول, تطوير الذات, ارشاد, نفسي, استشارات نفسية",https://khamsat.com/lifestyle/life-coaching/3685974-%D8%AF%D8%B9%D9%85-%D9%86%D9%81%D8%B3%D9%8A-%D9%88%D8%A5%D8%B1%D8%B4%D8%A7%D8%AF-%D9%85%D8%AA%D8%AE%D8%B5%D8%B5-%D8%AE%D8%B7%D9%88%D8%AA%D9%83-%D8%A7%D9%84%D8%A3%D9%88%D9%84%D9%89-%D9%86%D8%AD%D9%88-%D8%A7%D9%84%D8%AA%D9%88%D8%A7%D8%B2%D9%86-%D9%88%D8%A7%D9%84%D8%B1%D8%A7%D8%AD%D8%A9
تجهيز ملفات التقديم على فيزا شنجن سياحة,عمر ج.,0,0,Aucun avis,أسلوب حياة,مهارات حياتية وترفيه,"استشارة, خطة, السفر, طيران, السياحة",https://khamsat.com/lifestyle/travel-advice/3872436-%D8%AA%D8%AC%D9%87%D9%8A%D8%B2-%D9%85%D9%84%D9%81%D8%A7%D8%AA-%D8%A7%D9%84%D8%AA%D9%82%D8%AF%D9%8A%D9%85-%D8%B9%D9%84%D9%89-%D9%81%D9%8A%D8%B2%D8%A7-%D8%B4%D9%86%D8%AC%D9%86-%D8%B3%D9%8A%D8%A7%D8%AD%D8%A9
فضفضة - وإخراج ما بداخلك مع شخص لا تعرفه - مساندة نفسية,.Mariam N,0,0,Aucun avis,أسلوب حياة,تنمية شخصية,"مشاكل, مساعدة, مشكلة, شخصية, دعم, اجتماعية, نفسية, نفس, فضفضة, جلسة",https://khamsat.com/lifestyle/life-coaching/2658298-%D9%81%D8%B6%D9%81%D8%B6%D8%A9-%D9%88%D8%A5%D8%AE%D8%B1%D8%A7%D8%AC-%D9%85%D8%A7-%D8%A8%D8%AF%D8%A7%D8%AE%D9%84%D9%83-%D9%85%D8%B9-%D8%B4%D8%AE%D8%B5-%D9%84%D8%A7-%D8%AA%D8%B9%D8%B1%D9%81%D9%87-%D9%85%D8%B3%D8%A7%D9%86%D8%AF%D8%A9-%D9%86%D9%81%D8%B3%D9%8A%D8%A9
راحة بالك تبدأ من هنا استشارات نفسية تقدم باحتراف وخصوصية,منة الله ن.,0,0,Aucun avis,أسلوب حياة,تنمية شخصية,"استشارة نفسية, علاج نفسي, دعم نفسي, أخصائي نفسي, قلق وتوتر",https://khamsat.com/lifestyle/life-coaching/3294536-%D8%B1%D8%A7%D8%AD%D8%A9-%D8%A8%D8%A7%D9%84%D9%83-%D8%AA%D8%A8%D8%AF%D8%A3-%D9%85%D9%86-%D9%87%D9%86%D8%A7-%D8%A7%D8%B3%D8%AA%D8%B4%D8%A7%D8%B1%D8%A7%D8%AA-%D9%86%D9%81%D8%B3%D9%8A%D8%A9-%D8%AA%D9%82%D8%AF%D9%85-%D8%A8%D8%A7%D8%AD%D8%AA%D8%B1%D8%A7%D9%81-%D9%88%D8%AE%D8%B5%D9%88%D8%B5%D9%8A%D8%A9
خطة سفر الى اي بلد في العالم,.Amr A,0,0,Aucun avis,أسلوب حياة,مهارات حياتية وترفيه,"سياحة, العالم, سفر, خطة, السفر",https://khamsat.com/lifestyle/travel-advice/3049126-%D8%AE%D8%B7%D8%A9-%D8%B3%D9%81%D8%B1-%D8%A7%D9%84%D9%89-%D8%A7%D9%8A-%D8%A8%D9%84%D8%AF-%D9%81%D9%8A-%D8%A7%D9%84%D8%B9%D8%A7%D9%84%D9%85
جلسة استشارية للعلاقات الزوجية من الخلافات إلى الانسجام,.Oumaima H,0,0,Aucun avis,أسلوب حياة,تنمية شخصية,"استشارة, التواصل, نفسية, العلاقات, استشارات نفسية",https://khamsat.com/lifestyle/life-coaching/3693794-%D8%AC%D9%84%D8%B3%D8%A9-%D8%A7%D8%B3%D8%AA%D8%B4%D8%A7%D8%B1%D9%8A%D8%A9-%D9%84%D9%84%D8%B9%D9%84%D8%A7%D9%82%D8%A7%D8%AA-%D8%A7%D9%84%D8%B2%D9%88%D8%AC%D9%8A%D8%A9-%D9%85%D9%86-%D8%A7%D9%84%D8%AE%D9%84%D8%A7%D9%81%D8%A7%D8%AA-%D8%A5%D9%84%D9%89-%D8%A7%D9%84%D8%A7%D9%86%D8%B3%D8%AC%D8%A7%D9%85
سأقوم بإنشاء خطة سفر الى البحرين,.Amr A,0,0,Aucun avis,أسلوب حياة,مهارات حياتية وترفيه,"محتوى, البحرين, سياحه, سفر, خطة",https://khamsat.com/lifestyle/travel-advice/3143396-%D8%B3%D8%A3%D9%82%D9%88%D9%85-%D8%A8%D8%A5%D9%86%D8%B4%D8%A7%D8%A1-%D8%AE%D8%B7%D8%A9-%D8%B3%D9%81%D8%B1-%D8%A7%D9%84%D9%89-%D8%A7%D9%84%D8%A8%D8%AD%D8%B1%D9%8A%D9%86
استشارات نفسية وجلسات علاج نفسي,محمد و.,0,0,Aucun avis,أسلوب حياة,تنمية شخصية,"مشاكل, دعم, علاج, نفسي, استشارات نفسية",https://khamsat.com/lifestyle/life-coaching/3299264-%D8%A7%D8%B3%D8%AA%D8%B4%D8%A7%D8%B1%D8%A7%D8%AA-%D9%86%D9%81%D8%B3%D9%8A%D8%A9-%D9%88%D8%AC%D9%84%D8%B3%D8%A7%D8%AA-%D8%B9%D9%84%D8%A7%D8%AC-%D9%86%D9%81%D8%B3%D9%8A
استشارة شخصية و حياتية و نفسية و مهنية و علاجية و تأملية,.Alaa A,0,0,Aucun avis,أسلوب حياة,تنمية شخصية,"تطوير الذات, الاستشارات, استشارات نفسية, استشارة شخصية, جلسة علاجية",https://khamsat.com/lifestyle/life-coaching/3668291-%D8%A7%D8%B3%D8%AA%D8%B4%D8%A7%D8%B1%D8%A9-%D8%B4%D8%AE%D8%B5%D9%8A%D8%A9-%D9%88-%D8%AD%D9%8A%D8%A7%D8%AA%D9%8A%D8%A9-%D9%88-%D9%86%D9%81%D8%B3%D9%8A%D8%A9-%D9%88-%D9%85%D9%87%D9%86%D9%8A%D8%A9-%D9%88-%D8%B9%D9%84%D8%A7%D8%AC%D9%8A%D8%A9-%D9%88-%D8%AA%D8%A3%D9%85%D9%84%D9%8A%D8%A9
دليلك وكل ما تحتاجه من معلومات لسفرك الى قطر,.Amr A,0,0,Aucun avis,أسلوب حياة,مهارات حياتية وترفيه,"مساعدة, قطر, سياحه, سفر, السياحة",https://khamsat.com/lifestyle/travel-advice/3136405-%D8%AF%D9%84%D9%8A%D9%84%D9%83-%D9%88%D9%83%D9%84-%D9%85%D8%A7-%D8%AA%D8%AD%D8%AA%D8%A7%D8%AC%D9%87-%D9%85%D9%86-%D9%85%D8%B9%D9%84%D9%88%D9%85%D8%A7%D8%AA-%D9%84%D8%B3%D9%81%D8%B1%D9%83-%D8%A7%D9%84%D9%89-%D9%82%D8%B7%D8%B1
تدريب وتعليم ذوي الإحتياجات الخاصة,.Ahmed A,0,0,Aucun avis,أسلوب حياة,تنمية شخصية,"تدريب, رياضة, تعليم عن بعد, ذوي الهمم, الأحتياجات الخاصة",https://khamsat.com/lifestyle/life-coaching/3657627-%D8%AA%D8%AF%D8%B1%D9%8A%D8%A8-%D9%88%D8%AA%D8%B9%D9%84%D9%8A%D9%85-%D8%B0%D9%88%D9%8A-%D8%A7%D9%84%D8%A5%D8%AD%D8%AA%D9%8A%D8%A7%D8%AC%D8%A7%D8%AA-%D8%A7%D9%84%D8%AE%D8%A7%D8%B5%D8%A9
سياحة في الولاية الخلابة كيرلا الهندية او اي ولاية هندية.,.Ameir N,4,3,منذ 8 سنوات و7 أشهر,أسلوب حياة,مهارات حياتية وترفيه,"سياحة, مقالات, الهند, العالم, السياحة, مدن, منتجعات",https://khamsat.com/lifestyle/travel-advice/618369-%D8%B3%D9%8A%D8%A7%D8%AD%D8%A9-%D9%81%D9%8A-%D8%A7%D9%84%D9%88%D9%84%D8%A7%D9%8A%D8%A9-%D8%A7%D9%84%D8%AE%D9%84%D8%A7%D8%A8%D8%A9-%D9%83%D9%8A%D8%B1%D9%84%D8%A7-%D8%A7%D9%84%D9%87%D9%86%D8%AF%D9%8A%D8%A9-%D8%A7%D9%88-%D8%A7%D9%8A-%D9%88%D9%84%D8%A7%D9%8A%D8%A9-%D9%87%D9%86%D8%AF%D9%8A%D8%A9
رحلة اكتشاف ذاتك وبناء حياة تستحقها مع جلسة لايف كوتش,.Mahmoud S,0,0,Aucun avis,أسلوب حياة,تنمية شخصية,"تطوير الذات, نفسية, لايف كوتش, فضفضة, استشارات نفسية",https://khamsat.com/lifestyle/life-coaching/3649511-%D8%B1%D8%AD%D9%84%D8%A9-%D8%A7%D9%83%D8%AA%D8%B4%D8%A7%D9%81-%D8%B0%D8%A7%D8%AA%D9%83-%D9%88%D8%A8%D9%86%D8%A7%D8%A1-%D8%AD%D9%8A%D8%A7%D8%A9-%D8%AA%D8%B3%D8%AA%D8%AD%D9%82%D9%87%D8%A7-%D9%85%D8%B9-%D8%AC%D9%84%D8%B3%D8%A9-%D9%84%D8%A7%D9%8A%D9%81-%D9%83%D9%88%D8%AA%D8%B4
كل ما تحتاجه حول السياحة في الكويت,.Amr A,0,0,Aucun avis,أسلوب حياة,مهارات حياتية وترفيه,"مواقع, كتابة, سياحة, الكويت, سفر",https://khamsat.com/lifestyle/travel-advice/3141406-%D9%83%D9%84-%D9%85%D8%A7-%D8%AA%D8%AD%D8%AA%D8%A7%D8%AC%D9%87-%D8%AD%D9%88%D9%84-%D8%A7%D9%84%D8%B3%D9%8A%D8%A7%D8%AD%D8%A9-%D9%81%D9%8A-%D8%A7%D9%84%D9%83%D9%88%D9%8A%D8%AA
جلسة علاج نفسي عامة,.Abdullah A,0,0,Aucun avis,أسلوب حياة,تنمية شخصية,"تطوير, دعم, علم النفس, استشارات نفسية, علاج نفسي",https://khamsat.com/lifestyle/life-coaching/3384832-%D8%AC%D9%84%D8%B3%D8%A9-%D8%B9%D9%84%D8%A7%D8%AC-%D9%86%D9%81%D8%B3%D9%8A-%D8%B9%D8%A7%D9%85%D8%A9
تدريب موظفي المكاتب الأمامية في الفنادق,.Ahmed B,0,0,Aucun avis,أسلوب حياة,مهارات حياتية وترفيه,"تطوير, تعليم, سياحة, عن, بعد, تدريب, أعمال, كورس, فندق, حجوزات",https://khamsat.com/lifestyle/travel-advice/1864184-%D8%AA%D8%AF%D8%B1%D9%8A%D8%A8-%D9%85%D9%88%D8%B8%D9%81%D9%8A-%D8%A7%D9%84%D9%85%D9%83%D8%A7%D8%AA%D8%A8-%D8%A7%D9%84%D8%A3%D9%85%D8%A7%D9%85%D9%8A%D8%A9-%D9%81%D9%8A-%D8%A7%D9%84%D9%81%D9%86%D8%A7%D8%AF%D9%82
أفضل الأماكن السياحية بالجزائر العاصمة، حجز فندق بأقل سعر...,.Mohamed Yassine A,0,0,Aucun avis,أسلوب حياة,مهارات حياتية وترفيه,Aucun tag,https://khamsat.com/lifestyle/travel-advice/586163-%D8%A3%D9%81%D8%B6%D9%84-%D8%A7%D9%84%D8%A3%D9%85%D8%A7%D9%83%D9%86-%D8%A7%D9%84%D8%B3%D9%8A%D8%A7%D8%AD%D9%8A%D8%A9-%D8%A8%D8%A7%D9%84%D8%AC%D8%B2%D8%A7%D8%A6%D8%B1-%D8%A7%D9%84%D8%B9%D8%A7%D8%B5%D9%85%D8%A9-%D8%AD%D8%AC%D8%B2-%D9%81%D9%86%D8%AF%D9%82-%D8%A8%D8%A3%D9%82%D9%84-%D8%B3%D8%B9%D8%B1
‎سأخطط رحلتك السياحية خطوة بخطوة بأفضل برنامج يناسب ميزانيتك,.Haifa M,0,0,Aucun avis,أسلوب حياة,مهارات حياتية وترفيه,"حجوزات, تخطيط رحلات, خطة سفر, برامج سياحية, وجهات سياحية",https://khamsat.com/lifestyle/travel-advice/3604106-%D8%B3%D8%A3%D8%AE%D8%B7%D8%B7-%D8%B1%D8%AD%D9%84%D8%AA%D9%83-%D8%A7%D9%84%D8%B3%D9%8A%D8%A7%D8%AD%D9%8A%D8%A9-%D8%AE%D8%B7%D9%88%D8%A9-%D8%A8%D8%AE%D8%B7%D9%88%D8%A9-%D8%A8%D8%A3%D9%81%D8%B6%D9%84-%D8%A8%D8%B1%D9%86%D8%A7%D9%85%D8%AC-%D9%8A%D9%86%D8%A7%D8%B3%D8%A8-%D9%85%D9%8A%D8%B2%D8%A7%D9%86%D9%8A%D8%AA%D9%83
مقارنة شاملة بين دول الهجرة المتاحة لك و انواع الڤيزا,.Nagah S,0,0,Aucun avis,أسلوب حياة,مهارات حياتية وترفيه,"الهجرة, سفر, فيزا, السفر, هجرة",https://khamsat.com/lifestyle/travel-advice/3143946-%D9%85%D9%82%D8%A7%D8%B1%D9%86%D8%A9-%D8%B4%D8%A7%D9%85%D9%84%D8%A9-%D8%A8%D9%8A%D9%86-%D8%AF%D9%88%D9%84-%D8%A7%D9%84%D9%87%D8%AC%D8%B1%D8%A9-%D8%A7%D9%84%D9%85%D8%AA%D8%A7%D8%AD%D8%A9-%D9%84%D9%83-%D9%88-%D8%A7%D9%86%D9%88%D8%A7%D8%B9-%D8%A7%D9%84%D9%8A%D8%B2%D8%A7
كل ما تحتاجه من معلومات عن السياحة في تركيا,.Ahmad A,2,1,منذ 8 سنوات و3 أشهر,أسلوب حياة,مهارات حياتية وترفيه,"سياحة, خدمات, تجارة, تركيا",https://khamsat.com/lifestyle/travel-advice/593671-%D9%83%D9%84-%D9%85%D8%A7-%D8%AA%D8%AD%D8%AA%D8%A7%D8%AC%D9%87-%D9%85%D9%86-%D9%85%D8%B9%D9%84%D9%88%D9%85%D8%A7%D8%AA-%D8%B9%D9%86-%D8%A7%D9%84%D8%B3%D9%8A%D8%A7%D8%AD%D8%A9-%D9%81%D9%8A-%D8%AA%D8%B1%D9%83%D9%8A%D8%A7
اعداد خطة سفر الى ماليزيا - كوالالمبور,اسراء ك.,0,0,Aucun avis,أسلوب حياة,مهارات حياتية وترفيه,"مساعدة, سياحه, العالم, خطة, السفر",https://khamsat.com/lifestyle/travel-advice/3560368-%D8%A7%D8%B9%D8%AF%D8%A7%D8%AF-%D8%AE%D8%B7%D8%A9-%D8%B3%D9%81%D8%B1-%D8%A7%D9%84%D9%89-%D9%85%D8%A7%D9%84%D9%8A%D8%B2%D9%8A%D8%A7-%D9%83%D9%88%D8%A7%D9%84%D8%A7%D9%84%D9%85%D8%A8%D9%88%D8%B1
مرشدك الثقافي المحلي للجزائر,.Radouene M,0,0,Aucun avis,أسلوب حياة,مهارات حياتية وترفيه,مواقع,https://khamsat.com/lifestyle/travel-advice/3609042-%D9%85%D8%B1%D8%B4%D8%AF%D9%83-%D8%A7%D9%84%D8%AB%D9%82%D8%A7%D9%81%D9%8A-%D8%A7%D9%84%D9%85%D8%AD%D9%84%D9%8A-%D9%84%D9%84%D8%AC%D8%B2%D8%A7%D8%A6%D8%B1
