Titre,Vendeur,Acheteurs,Notes,Date Dernier Avis,Catégorie,Sous-Catégorie,Mots Clés,Lien
403 Forbidden,Non trouvé,Non trouvé,Non trouvé,Aucun avis,Inconnu,Inconnu,Aucun tag,https://khamsat.com/business/feasibility-study/2882734-%D8%AF%D8%B1%D8%A7%D8%B3%D8%A9-%D8%AC%D8%AF%D9%88%D9%8A-%D8%AA%D9%82%D8%AF%D9%85-%D9%84%D8%A8%D9%86%D9%83-%D8%A7%D9%84%D8%AA%D9%86%D9%85%D9%8A%D8%A9-%D8%A7%D9%84%D8%A7%D8%AC%D8%AA%D9%85%D8%A7%D8%B9%D9%8A-%D8%A8%D8%A7%D9%84%D8%B3%D8%B9%D9%88%D8%AF%D9%8A%D8%A9
403 Forbidden,Non trouvé,Non trouvé,Non trouvé,Aucun avis,Inconnu,Inconnu,Aucun tag,https://khamsat.com/business/file-conversion/3119832-%D8%AA%D8%AD%D9%88%D9%8A%D9%84-%D8%A7%D9%84%D9%85%D9%84%D9%81%D8%A7%D8%AA-%D9%85%D9%86-pdf-%D8%A5%D9%84%D9%89-%D9%88%D9%88%D8%B1%D8%AF-%D8%A3%D9%88-%D8%A7%D9%84%D8%B9%D9%83%D8%B3
403 Forbidden,Non trouvé,Non trouvé,Non trouvé,Aucun avis,Inconnu,Inconnu,Aucun tag,https://khamsat.com/business/accounting-bookkeeping/3761957-%D8%A7%D8%B9%D8%AF%D8%A7%D8%AF-%D9%88%D9%85%D8%B1%D8%A7%D8%AC%D8%B9%D8%A9-%D8%A7%D9%84%D8%AD%D8%B3%D8%A7%D8%A8%D8%A7%D8%AA-%D9%88%D8%A7%D9%84%D9%85%D9%8A%D8%B2%D8%A7%D9%86%D9%8A%D8%A7%D8%AA-%D8%A8%D8%AE%D8%A8%D8%B1%D8%A9-%D8%A7%D9%83%D8%AB%D8%B1-%D9%85%D9%86-20%D8%B9%D8%A7%D9%85%D8%A7
403 Forbidden,Non trouvé,Non trouvé,Non trouvé,Aucun avis,Inconnu,Inconnu,Aucun tag,https://khamsat.com/business/product-data-entry/3763495-%D8%AA%D8%B3%D8%AC%D9%8A%D9%84-%D8%A7%D9%84%D9%85%D9%86%D8%AA%D8%AC%D8%A7%D8%AA-%D8%B9%D9%84%D9%89-%D9%85%D9%86%D8%B5%D8%A9-%D8%B3%D8%A7%D8%A8%D8%B1-%D9%84%D8%A5%D8%B5%D8%AF%D8%A7%D8%B1-%D8%B4%D9%87%D8%A7%D8%AF%D8%A9-%D9%85%D8%B7%D8%A7%D8%A8%D9%82%D8%A9-%D8%A7%D9%84%D9%85%D9%86%D8%AA%D8%AC
403 Forbidden,Non trouvé,Non trouvé,Non trouvé,Aucun avis,Inconnu,Inconnu,Aucun tag,https://khamsat.com/business/feasibility-study/2443751-%D8%AF%D8%B1%D8%A7%D8%B3%D8%A9-%D8%AC%D8%AF%D9%88%D9%89-%D8%AA%D8%B1%D8%B4%D8%AF%D9%83-%D9%84%D8%AA%D8%A3%D8%B3%D9%8A%D8%B3-%D9%85%D8%B4%D8%B1%D9%88%D8%B9%D9%83-%D9%88%D8%AA%D9%82%D8%AF%D9%85%D9%87%D8%A7-%D9%84%D9%84%D9%85%D9%85%D9%88%D9%84
403 Forbidden,Non trouvé,Non trouvé,Non trouvé,Aucun avis,Inconnu,Inconnu,Aucun tag,https://khamsat.com/business/file-conversion/3795359-%D8%AA%D8%AD%D9%88%D9%8A%D9%84-%D9%85%D9%84%D9%81%D8%A7%D8%AA%D9%83-%D8%B5%D9%88%D8%B1-pdf-%D8%B5%D9%88%D8%AA-word-%D8%A8%D8%B3%D8%B1%D8%B9%D8%A9-%D9%81%D8%A7%D8%A6%D9%82%D8%A9-%D9%88%D8%A8%D8%A3%D8%B9%D9%84%D9%89-%D8%AC%D9%88%D8%AF%D8%A9
403 Forbidden,Non trouvé,Non trouvé,Non trouvé,Aucun avis,Inconnu,Inconnu,Aucun tag,https://khamsat.com/business/accounting-bookkeeping/3807977-%D8%AA%D9%86%D8%B8%D9%8A%D9%85-%D8%A7%D9%84%D8%AD%D8%B3%D8%A7%D8%A8%D8%A7%D8%AA-%D9%88%D9%85%D8%B3%D9%83-%D8%A7%D9%84%D8%AF%D9%81%D8%A7%D8%AA%D8%B1-%D8%A7%D9%84%D9%85%D8%AD%D8%A7%D8%B3%D8%A8%D9%8A%D8%A9
403 Forbidden,Non trouvé,Non trouvé,Non trouvé,Aucun avis,Inconnu,Inconnu,Aucun tag,https://khamsat.com/business/product-data-entry/3649649-%D8%A5%D8%B9%D8%AF%D8%A7%D8%AF-%D9%82%D8%A7%D8%B9%D8%AF%D8%A9-%D8%A8%D9%8A%D8%A7%D9%86%D8%A7%D8%AA-%D9%85%D9%86%D8%AA%D8%AC%D8%A7%D8%AA-%D8%A7%D8%AD%D8%AA%D8%B1%D8%A7%D9%81%D9%8A%D8%A9-%D8%B9%D9%84%D9%89-excel-%D8%A8%D8%A7%D9%84%D8%B5%D9%88%D8%B1-%D9%88%D8%A7%D9%84%D8%A3%D8%B3%D8%B9%D8%A7%D8%B1
403 Forbidden,Non trouvé,Non trouvé,Non trouvé,Aucun avis,Inconnu,Inconnu,Aucun tag,https://khamsat.com/business/feasibility-study/2958134-%D8%AF%D8%B1%D8%A7%D8%B3%D8%A9-%D8%AC%D8%AF%D9%88%D9%89-%D9%84%D9%84%D8%AA%D9%82%D8%AF%D9%8A%D9%85-%D8%B9%D9%84%D9%89-%D8%AF%D8%B9%D9%85-%D8%B1%D9%8A%D9%81
403 Forbidden,Non trouvé,Non trouvé,Non trouvé,Aucun avis,Inconnu,Inconnu,Aucun tag,https://khamsat.com/business/file-conversion/3773163-%D8%AA%D8%AD%D9%88%D9%8A%D9%84-%D9%85%D9%84%D9%81%D8%A7%D8%AA-%D9%88%D9%88%D8%B1%D8%AF-word-%D8%A5%D9%84%D9%89-%D8%A5%D9%83%D8%B3%D9%8A%D9%84-excel-%D8%A8%D8%A7%D8%AD%D8%AA%D8%B1%D8%A7%D9%81%D9%8A%D8%A9-%D9%88%D8%AF%D9%82%D8%A9-%D8%B9%D8%A7%D9%84%D9%8A%D8%A9
403 Forbidden,Non trouvé,Non trouvé,Non trouvé,Aucun avis,Inconnu,Inconnu,Aucun tag,https://khamsat.com/business/accounting-bookkeeping/3711174-%D9%85%D8%AD%D8%A7%D8%B3%D8%A8-%D9%82%D8%A7%D9%86%D9%88%D9%86%D9%89-%D9%88%D9%85%D8%B1%D8%A7%D9%82%D8%A8-%D8%AD%D8%B3%D8%A7%D8%A8%D8%A7%D8%AA-%D8%B4%D8%B1%D9%83%D8%A7%D8%AA-%D9%85%D8%B3%D8%A7%D9%87%D9%85%D8%A9-%D8%B9%D9%86-%D8%A8%D8%B9%D8%AF-%D9%84%D8%AA%D9%86%D8%B8%D9%8A%D9%85-%D8%A7%D8%B9%D9%85%D8%A7%D9%84%D9%83
403 Forbidden,Non trouvé,Non trouvé,Non trouvé,Aucun avis,Inconnu,Inconnu,Aucun tag,https://khamsat.com/business/product-data-entry/3704145-%D8%A5%D8%AF%D8%AE%D8%A7%D9%84-%D9%88%D8%A5%D8%B6%D8%A7%D9%81%D8%A9-%D8%A7%D9%84%D9%85%D9%86%D8%AA%D8%AC%D8%A7%D8%AA-%D9%84%D9%85%D8%AA%D8%AC%D8%B1%D9%83-%D8%A7%D9%84%D8%A5%D9%84%D9%83%D8%AA%D8%B1%D9%88%D9%86%D9%8A
403 Forbidden,Non trouvé,Non trouvé,Non trouvé,Aucun avis,Inconnu,Inconnu,Aucun tag,https://khamsat.com/business/feasibility-study/2910098-%D8%AF%D8%B1%D8%A7%D8%B3%D8%A9-%D8%AC%D8%AF%D9%88%D9%89-%D8%A7%D9%82%D8%AA%D8%B5%D8%A7%D8%AF%D9%8A%D8%A9-%D8%B4%D8%A7%D9%85%D9%84%D8%A9-%D8%A8%D8%A7%D9%84%D9%84%D8%BA%D8%A9-%D8%A7%D9%84%D8%B9%D8%B1%D8%A8%D9%8A%D8%A9-%D8%A7%D9%88-%D8%A7%D9%84%D8%A7%D9%86%D8%AC%D9%84%D9%8A%D8%B2%D9%8A%D8%A9
403 Forbidden,Non trouvé,Non trouvé,Non trouvé,Aucun avis,Inconnu,Inconnu,Aucun tag,https://khamsat.com/business/file-conversion/1972952-%D8%AA%D8%AD%D9%88%D9%8A%D9%84-%D8%AC%D9%85%D9%8A%D8%B9-%D8%B5%D9%8A%D8%BA-%D8%A7%D9%84%D9%85%D9%84%D9%81%D8%A7%D8%AA-%D8%A7%D9%84%D9%89-word-%D9%88%D8%A7%D9%84%D8%B9%D9%83%D8%B3
403 Forbidden,Non trouvé,Non trouvé,Non trouvé,Aucun avis,Inconnu,Inconnu,Aucun tag,https://khamsat.com/business/accounting-bookkeeping/3851549-%D9%85%D8%AD%D8%A7%D8%B3%D8%A8%D8%A9-%D9%85%D8%A7%D9%84%D9%8A%D8%A9-%D9%88%D9%85%D8%B3%D9%83-%D8%AF%D9%81%D8%A7%D8%AA%D8%B1-%D8%A7%D8%AD%D8%AA%D8%B1%D8%A7%D9%81%D9%8A-%D9%84%D9%85%D8%B4%D8%B1%D9%88%D8%B9%D9%83
403 Forbidden,Non trouvé,Non trouvé,Non trouvé,Aucun avis,Inconnu,Inconnu,Aucun tag,https://khamsat.com/business/product-data-entry/3315372-%D8%A7%D8%B6%D8%A7%D9%81%D8%A9-%D9%85%D9%86%D8%AA%D8%AC%D8%A7%D8%AA-%D8%B9%D9%84%D9%89-%D9%85%D9%86%D8%B5%D8%A9-%D9%86%D9%88%D9%86-%D9%88%D8%A7%D9%85%D8%A7%D8%B2%D9%88%D9%86-%D9%88%D8%AC%D9%88%D9%85%D9%8A%D8%A7
403 Forbidden,Non trouvé,Non trouvé,Non trouvé,Aucun avis,Inconnu,Inconnu,Aucun tag,https://khamsat.com/business/feasibility-study/1636740-%D8%AF%D8%B1%D8%A7%D8%B3%D8%A9-%D8%AC%D8%AF%D9%88%D9%89-%D9%84%D9%85%D8%AA%D8%AC%D8%B1-%D8%A3%D9%88-%D8%AA%D8%B7%D8%A8%D9%8A%D9%82-%D8%A7%D9%84%D9%83%D8%AA%D8%B1%D9%88%D9%86%D9%8A
403 Forbidden,Non trouvé,Non trouvé,Non trouvé,Aucun avis,Inconnu,Inconnu,Aucun tag,https://khamsat.com/business/file-conversion/3041899-%D8%A5%D9%86%D8%B4%D8%A7%D8%A1-%D9%88%D8%AA%D8%AD%D9%88%D9%8A%D9%84-%D8%A7%D9%84%D9%85%D8%B3%D8%AA%D9%86%D8%AF%D8%A7%D8%AA-%D8%A8%D9%8A%D9%86-word-%D9%88pdf-%D8%A8%D8%A7%D8%AD%D8%AA%D8%B1%D8%A7%D9%81%D9%8A%D8%A9
403 Forbidden,Non trouvé,Non trouvé,Non trouvé,Aucun avis,Inconnu,Inconnu,Aucun tag,https://khamsat.com/business/accounting-bookkeeping/3708836-%D9%86%D8%B8%D8%A7%D9%85-%D9%85%D8%AD%D8%A7%D8%B3%D8%A8%D9%8A-%D9%85%D9%86-%D8%AE%D9%84%D8%A7%D9%84-%D8%A7%D9%84%D8%A7%D9%83%D8%B3%D9%84-%D9%85%D8%B9-%D9%84%D9%88%D8%AD%D8%A9-%D8%AA%D8%AD%D9%83%D9%85
403 Forbidden,Non trouvé,Non trouvé,Non trouvé,Aucun avis,Inconnu,Inconnu,Aucun tag,https://khamsat.com/business/product-data-entry/3512866-%D8%A5%D8%B6%D8%A7%D9%81%D8%A9-%D9%85%D9%86%D8%AA%D8%AC%D8%A7%D8%AA-%D9%84%D9%85%D8%AA%D8%AC%D8%B1-%D8%B3%D9%84%D8%A9-%D8%A8%D8%A7%D8%AD%D8%AA%D8%B1%D8%A7%D9%81%D9%8A%D8%A9-%D9%88%D8%B3%D8%B1%D8%B9%D8%A9
403 Forbidden,Non trouvé,Non trouvé,Non trouvé,Aucun avis,Inconnu,Inconnu,Aucun tag,https://khamsat.com/business/feasibility-study/1473293-%D8%AF%D8%B1%D8%A7%D8%B3%D8%A9-%D8%AC%D8%AF%D9%88%D9%89-%D8%A7%D9%82%D8%AA%D8%B5%D8%A7%D8%AF%D9%8A%D8%A9-%D8%B4%D8%A7%D9%85%D9%84%D8%A9-%D8%A8%D8%A7%D9%84%D9%84%D8%BA%D8%A9-%D8%A7%D9%84%D8%B9%D8%B1%D8%A8%D9%8A%D8%A9
403 Forbidden,Non trouvé,Non trouvé,Non trouvé,Aucun avis,Inconnu,Inconnu,Aucun tag,https://khamsat.com/business/file-conversion/3742432-%D8%AA%D8%AD%D9%88%D9%8A%D9%84-%D9%85%D9%84%D9%81%D8%A7%D8%AA-word-%D8%A5%D9%84%D9%89-pdf-%D8%A8%D8%AC%D9%88%D8%AF%D8%A9-%D8%B9%D8%A7%D9%84%D9%8A%D8%A9-%D9%88%D8%A8%D8%AF%D9%88%D9%86-%D8%A3%D8%AE%D8%B7%D8%A7%D8%A1
403 Forbidden,Non trouvé,Non trouvé,Non trouvé,Aucun avis,Inconnu,Inconnu,Aucun tag,https://khamsat.com/business/accounting-bookkeeping/3295078-%D9%85%D8%AD%D8%A7%D8%B3%D8%A8-%D8%B9%D9%86-%D8%A8%D8%B9%D8%AF-%D9%84%D8%AA%D9%86%D8%B8%D9%8A%D9%85-%D8%A7%D9%84%D9%82%D9%8A%D9%88%D8%AF-%D8%A7%D9%84%D9%85%D8%A7%D9%84%D9%8A%D8%A9-%D9%88%D8%A5%D8%B9%D8%AF%D8%A7%D8%AF-%D8%AA%D9%82%D8%A7%D8%B1%D9%8A%D8%B1-%D9%85%D8%AD%D8%A7%D8%B3%D8%A8%D9%8A%D8%A9
403 Forbidden,Non trouvé,Non trouvé,Non trouvé,Aucun avis,Inconnu,Inconnu,Aucun tag,https://khamsat.com/business/product-data-entry/3389325-%D8%A7%D8%B6%D8%A7%D9%81%D8%A9-%D8%A7%D9%84%D9%85%D9%86%D8%AA%D8%AC%D8%A7%D8%AA-%D8%B9%D9%84%D9%89-%D8%A7%D9%84%D9%85%D8%AA%D8%A7%D8%AC%D8%B1-%D9%88%D8%A7%D9%84%D9%85%D9%88%D8%A7%D9%82%D8%B9
403 Forbidden,Non trouvé,Non trouvé,Non trouvé,Aucun avis,Inconnu,Inconnu,Aucun tag,https://khamsat.com/business/feasibility-study/777139-%D9%85%D9%84%D8%AE%D8%B5-%D8%AF%D8%B1%D8%A7%D8%B3%D8%A9-%D8%AC%D8%AF%D9%88%D9%89-%D8%A7%D9%84%D8%B3%D9%88%D9%82-%D9%84%D9%85%D8%B4%D8%B1%D9%88%D8%B9%D9%83-%D8%A7%D9%84%D8%A7%D9%84%D9%83%D8%AA%D8%B1%D9%88%D9%86%D9%8A
403 Forbidden,Non trouvé,Non trouvé,Non trouvé,Aucun avis,Inconnu,Inconnu,Aucun tag,https://khamsat.com/business/file-conversion/3721258-%D8%A7%D8%AF%D8%AE%D8%A7%D9%84-%D9%86%D8%B5%D9%88%D8%B5-%D9%85%D9%86-pdf-%D8%A7%D9%84%D9%89-word-%D9%8A%D8%AF%D9%88%D9%8A%D8%A7-%D8%A8%D8%AF%D9%82%D8%A9
403 Forbidden,Non trouvé,Non trouvé,Non trouvé,Aucun avis,Inconnu,Inconnu,Aucun tag,https://khamsat.com/business/product-data-entry/3414771-%D8%A5%D8%B6%D8%A7%D9%81%D8%A9-%D8%A8%D9%8A%D8%A7%D9%86%D8%A7%D8%AA-%D8%A7%D9%84%D9%85%D9%86%D8%AA%D8%AC%D8%A7%D8%AA-%D9%84%D9%85%D8%AE%D8%AA%D9%84%D9%81-%D8%A7%D9%84%D9%85%D9%86%D8%B5%D8%A7%D8%AA-%D9%88-%D8%A7%D9%84%D9%85%D8%AA%D8%A7%D8%AC%D8%B1-%D8%A7%D9%84%D8%A5%D9%84%D9%83%D8%AA%D8%B1%D9%88%D9%86%D9%8A%D8%A9
403 Forbidden,Non trouvé,Non trouvé,Non trouvé,Aucun avis,Inconnu,Inconnu,Aucun tag,https://khamsat.com/business/accounting-bookkeeping/2507948-%D9%85%D8%AD%D8%A7%D8%B3%D8%A8-%D8%B9%D9%84-%D8%A8%D8%B1%D9%86%D8%A7%D9%85%D8%AC-zoho-book
403 Forbidden,Non trouvé,Non trouvé,Non trouvé,Aucun avis,Inconnu,Inconnu,Aucun tag,https://khamsat.com/business/feasibility-study/3223208-%D8%AF%D8%B1%D8%A7%D8%B3%D8%A9-%D8%AC%D8%AF%D9%88%D9%8A-%D8%A7%D8%AD%D8%AA%D8%B1%D8%A7%D9%81%D9%8A%D8%A9-%D9%84%D9%85%D8%B4%D8%B1%D9%88%D8%B9
403 Forbidden,Non trouvé,Non trouvé,Non trouvé,Aucun avis,Inconnu,Inconnu,Aucun tag,https://khamsat.com/business/file-conversion/3852296-%D8%AA%D8%AD%D9%88%D9%8A%D9%84-%D8%A7%D8%AD%D8%AA%D8%B1%D8%A7%D9%81%D9%8A-%D9%85%D9%86-pdf-%D8%A3%D9%88-%D8%B5%D9%88%D8%B1-%D8%A5%D9%84%D9%89-%D9%85%D9%84%D9%81-word-%D9%82%D8%A7%D8%A8%D9%84-%D9%84%D9%84%D8%AA%D8%B9%D8%AF%D9%8A%D9%84
403 Forbidden,Non trouvé,Non trouvé,Non trouvé,Aucun avis,Inconnu,Inconnu,Aucun tag,https://khamsat.com/business/product-data-entry/1998305-%D8%AE%D8%AF%D9%85%D8%A9-%D8%A5%D8%B6%D8%A7%D9%81%D8%A9-30-%D9%85%D9%86%D8%AA%D8%AC-%D8%B9%D9%84%D9%89-%D9%85%D9%86%D8%B5%D8%A9-%D8%B3%D9%84%D9%87
403 Forbidden,Non trouvé,Non trouvé,Non trouvé,Aucun avis,Inconnu,Inconnu,Aucun tag,https://khamsat.com/business/accounting-bookkeeping/3909644-%D8%A8%D8%B1%D9%86%D8%A7%D9%85%D8%AC-%D9%85%D8%AD%D8%A7%D8%B3%D8%A8%D8%A9-%D8%B4%D8%A7%D9%85%D9%84-%D8%A8%D8%A7%D9%84%D9%84%D8%BA%D8%A9-%D8%A7%D9%84%D8%B9%D8%B1%D8%A8%D9%8A%D8%A9
403 Forbidden,Non trouvé,Non trouvé,Non trouvé,Aucun avis,Inconnu,Inconnu,Aucun tag,https://khamsat.com/business/feasibility-study/1365713-%D8%A3%D9%82%D8%AF%D9%85-%D9%84%D9%83-%D9%86%D9%85%D9%88%D8%B0%D8%AC-%D9%83%D8%A7%D9%85%D9%84-%D9%88%D8%B3%D9%87%D9%84-%D9%84%D8%AF%D8%B1%D8%A7%D8%B3%D8%A9-%D8%A7%D9%84%D8%AC%D8%AF%D9%88%D9%89-%D8%A7%D9%84%D8%A5%D9%82%D8%AA%D8%B5%D8%A7%D8%AF%D9%8A%D8%A9-%D9%84%D9%85%D8%B4%D8%B1%D9%88%D8%B9%D9%83
403 Forbidden,Non trouvé,Non trouvé,Non trouvé,Aucun avis,Inconnu,Inconnu,Aucun tag,https://khamsat.com/business/product-data-entry/701279-%D8%A7%D8%AF%D8%AE%D8%A7%D9%84-%D8%A8%D9%8A%D8%A7%D9%86%D8%A7%D8%AA-%D9%88%D9%85%D9%86%D8%AA%D8%AC%D8%A7%D8%AA-%D8%B9%D9%84%D9%8A-%D8%A7%D9%84%D9%88%D8%B1%D8%AF%D8%A8%D8%B1%D9%8A%D8%B3-%D8%A7%D9%84%D8%A7%D9%88%D8%A8%D9%86-%D9%83%D8%A7%D8%B1%D8%AA-%D9%88%D9%85%D9%88%D9%82%D8%B9%D9%83
403 Forbidden,Non trouvé,Non trouvé,Non trouvé,Aucun avis,Inconnu,Inconnu,Aucun tag,https://khamsat.com/business/file-conversion/2453925-%D8%AA%D8%AD%D9%88%D9%8A%D9%84-%D9%85%D9%84%D9%81-50-%D8%B5%D9%81%D8%AD%D9%87-%D9%85%D9%86-pdf-%D8%A7%D9%84%D9%89-word-%D9%88-%D8%A7%D9%84%D8%B9%D9%83%D8%B3
403 Forbidden,Non trouvé,Non trouvé,Non trouvé,Aucun avis,Inconnu,Inconnu,Aucun tag,https://khamsat.com/business/accounting-bookkeeping/3734976-%D8%A7%D9%84%D9%85%D8%B1%D8%A7%D8%AC%D8%B9%D8%A9-%D8%A7%D9%84%D8%AE%D8%A7%D8%B1%D8%AC%D9%8A%D8%A9-%D9%88%D8%AA%D8%AF%D9%82%D9%8A%D9%82-%D8%A7%D9%84%D8%AD%D8%B3%D8%A7%D8%A8%D8%A7%D8%AA-%D9%88%D8%A7%D9%84%D9%82%D9%88%D8%A7%D8%A6%D9%85-%D8%A7%D9%84%D9%85%D8%A7%D9%84%D9%8A%D8%A9
403 Forbidden,Non trouvé,Non trouvé,Non trouvé,Aucun avis,Inconnu,Inconnu,Aucun tag,https://khamsat.com/business/feasibility-study/1334258-%D8%AF%D8%B1%D8%A7%D8%B3%D8%A9-%D8%AC%D8%AF%D9%88%D9%89-%D8%A7%D8%AD%D8%AA%D8%B1%D8%A7%D9%81%D9%8A%D8%A9-%D9%84%D8%A7-%D9%85%D8%AB%D9%8A%D9%84-%D9%84%D9%87%D8%A7
403 Forbidden,Non trouvé,Non trouvé,Non trouvé,Aucun avis,Inconnu,Inconnu,Aucun tag,https://khamsat.com/business/product-data-entry/1635294-%D8%A7%D8%B6%D8%A7%D9%81%D8%A9-%D9%85%D9%86%D8%AA%D8%AC%D8%A7%D8%AA-%D9%81%D9%8A-%D9%85%D9%86%D8%B5%D8%A9-%D8%A7%D9%85%D8%A7%D8%B2%D9%88%D9%86-%D8%A7%D9%84%D8%B3%D8%B9%D9%88%D8%AF%D9%8A%D8%A9-%D8%A7%D9%85%D8%A7%D8%B2%D9%88%D9%86-%D8%A7%D9%84%D8%A7%D9%85%D8%A7%D8%B1%D8%A7%D8%AA
403 Forbidden,Non trouvé,Non trouvé,Non trouvé,Aucun avis,Inconnu,Inconnu,Aucun tag,https://khamsat.com/business/file-conversion/3680743-%D8%AA%D8%AD%D9%88%D9%8A%D9%84-%D9%85%D9%84%D9%81%D8%A7%D8%AA-pdf-%D8%A7%D9%84%D9%89-word-excel
403 Forbidden,Non trouvé,Non trouvé,Non trouvé,Aucun avis,Inconnu,Inconnu,Aucun tag,https://khamsat.com/business/accounting-bookkeeping/2528864-%D9%85%D8%AD%D8%A7%D8%B3%D8%A8%D8%A9-%D9%88%D9%85%D8%B3%D9%83-%D8%A7%D9%84%D8%AF%D9%81%D8%A7%D8%AA%D8%B1-%D8%B9%D9%84%D9%89-%D8%A7%D9%84%D8%A8%D8%B1%D8%A7%D9%85%D8%AC-%D8%A7%D9%84%D8%B3%D8%AD%D8%A7%D8%A8%D9%8A%D8%A9
403 Forbidden,Non trouvé,Non trouvé,Non trouvé,Aucun avis,Inconnu,Inconnu,Aucun tag,https://khamsat.com/business/feasibility-study/3152073-%D8%AF%D8%B1%D8%A7%D8%B3%D8%A9-%D8%AC%D8%AF%D9%88%D9%89-%D9%85%D9%81%D8%B5%D9%84%D8%A9-%D9%85%D9%86-%D8%A7%D8%AC%D9%84-%D8%A7%D9%84%D8%A7%D8%B3%D8%AA%D9%81%D8%A7%D8%AF%D8%A9-%D9%85%D9%86-%D8%AA%D9%85%D9%88%D9%8A%D9%84
403 Forbidden,Non trouvé,Non trouvé,Non trouvé,Aucun avis,Inconnu,Inconnu,Aucun tag,https://khamsat.com/business/product-data-entry/2777922-%D8%A7%D8%B6%D8%A7%D9%81%D8%A9-%D9%85%D9%86%D8%AA%D8%AC%D8%A7%D8%AA%D9%83-%D8%B9%D9%84%D9%89-%D8%A7%D9%85%D8%A7%D8%B2%D9%88%D9%86-%D9%88%D9%86%D9%88%D9%86
403 Forbidden,Non trouvé,Non trouvé,Non trouvé,Aucun avis,Inconnu,Inconnu,Aucun tag,https://khamsat.com/business/file-conversion/3657855-%D8%AA%D8%AD%D9%88%D9%8A%D9%84-%D9%85%D9%84%D9%81%D8%A7%D8%AA-pdf-%D8%A5%D9%84%D9%89-word-%D8%A3%D9%88-excel-%D8%A8%D8%A7%D8%AD%D8%AA%D8%B1%D8%A7%D9%81%D9%8A%D8%A9-%D9%88%D8%A8%D8%AF%D9%88%D9%86-%D8%A3%D8%AE%D8%B7%D8%A7%D8%A1
403 Forbidden,Non trouvé,Non trouvé,Non trouvé,Aucun avis,Inconnu,Inconnu,Aucun tag,https://khamsat.com/business/accounting-bookkeeping/3294530-%D8%A5%D9%85%D8%B3%D8%A7%D9%83-%D8%A7%D9%84%D8%AF%D9%81%D8%A7%D8%AA%D8%B1-%D8%A7%D9%84%D9%85%D8%AD%D8%A7%D8%B3%D8%A8%D9%8A%D8%A9-%D9%88%D9%81%D9%82%D8%A7-%D9%84%D9%84%D9%85%D8%B9%D8%A7%D9%8A%D9%8A%D8%B1-%D8%A7%D9%84%D8%AF%D9%88%D9%84%D9%8A%D8%A9
403 Forbidden,Non trouvé,Non trouvé,Non trouvé,Aucun avis,Inconnu,Inconnu,Aucun tag,https://khamsat.com/business/feasibility-study/2455616-%D8%AF%D8%B1%D8%A7%D8%B3%D8%A9-%D8%AC%D8%AF%D9%88%D9%89-%D8%A7%D8%AD%D8%AA%D8%B1%D8%A7%D9%81%D9%8A%D8%A9-%D9%84%D8%AC%D9%85%D9%8A%D8%B9-%D8%A7%D9%84%D9%85%D8%B4%D8%A7%D8%B1%D9%8A%D8%B9
403 Forbidden,Non trouvé,Non trouvé,Non trouvé,Aucun avis,Inconnu,Inconnu,Aucun tag,https://khamsat.com/business/product-data-entry/1416082-%D8%A7%D8%AF%D8%AE%D8%A7%D9%84-%D8%A7%D9%84%D9%85%D9%86%D8%AA%D8%AC%D8%A7%D8%AA-%D8%B9%D9%84%D9%89-%D8%A7%D9%84%D9%85%D9%88%D8%A7%D9%82%D8%B9-%D8%A7%D9%88-%D8%A7%D9%84%D9%85%D8%AA%D8%A7%D8%AC%D8%B1-%D8%A7%D9%84%D8%A7%D9%84%D9%83%D8%AA%D8%B1%D9%88%D9%86%D9%8A%D8%A9
403 Forbidden,Non trouvé,Non trouvé,Non trouvé,Aucun avis,Inconnu,Inconnu,Aucun tag,https://khamsat.com/business/file-conversion/3658060-%D8%AA%D8%AD%D9%88%D9%8A%D9%84-%D9%85%D9%84%D9%81-pdf-%D8%A7%D9%84%D9%8A-word-%D8%A8%D8%B4%D9%83%D9%84-%D8%A7%D8%AD%D8%AA%D8%B1%D8%A7%D9%81%D9%8A
403 Forbidden,Non trouvé,Non trouvé,Non trouvé,Aucun avis,Inconnu,Inconnu,Aucun tag,https://khamsat.com/business/accounting-bookkeeping/3868218-%D8%A3%D8%B9%D9%85%D8%A7%D9%84-%D9%85%D8%AD%D8%A7%D8%B3%D8%A8%D9%8A%D8%A9-%D9%88%D9%85%D8%A7%D9%84%D9%8A%D8%A9-%D9%88%D8%A7%D8%AF%D8%AE%D8%A7%D9%84-%D9%82%D9%8A%D9%88%D8%AF-%D8%B9%D9%84%D9%89-%D8%A3%D9%88%D8%AF%D9%88-odoo-%D8%A7%D9%84%D9%85%D8%AD%D8%A7%D8%B3%D8%A8%D9%8A
403 Forbidden,Non trouvé,Non trouvé,Non trouvé,Aucun avis,Inconnu,Inconnu,Aucun tag,https://khamsat.com/business/feasibility-study/2934603-%D8%AF%D8%B1%D8%A7%D8%B3%D8%A9-%D8%AC%D8%AF%D9%88%D9%89-%D8%B4%D8%A7%D9%85%D9%84%D8%A9-%D9%84%D9%84%D9%85%D8%B4%D8%A7%D8%B1%D9%8A%D8%B9-%D8%A7%D9%84%D9%86%D8%A7%D8%B4%D8%A6%D8%A9-%D8%A8%D8%A7%D8%AD%D8%AA%D8%B1%D8%A7%D9%81%D9%8A%D8%A9
403 Forbidden,Non trouvé,Non trouvé,Non trouvé,Aucun avis,Inconnu,Inconnu,Aucun tag,https://khamsat.com/business/product-data-entry/2512911-%D8%A5%D8%B6%D8%A7%D9%81%D8%A9-%D8%A7%D9%84%D9%85%D9%86%D8%AA%D8%AC%D8%A7%D8%AA-%D8%B9%D9%84%D9%89-%D9%85%D8%AA%D8%AC%D8%B1-%D9%88%D9%88%D9%83%D9%88%D9%85%D8%B1%D8%B3-wordpress
403 Forbidden,Non trouvé,Non trouvé,Non trouvé,Aucun avis,Inconnu,Inconnu,Aucun tag,https://khamsat.com/business/file-conversion/3526457-%D8%B3%D8%A3%D8%AD%D9%88%D9%84-%D9%85%D9%84%D9%81%D8%A7%D8%AA-pdf-%D8%A7%D9%84%D9%89-word-%D8%A7%D9%88-excel-%D8%A8%D8%AF%D9%82%D8%A9-%D9%88%D8%A7%D8%AD%D8%AA%D8%B1%D8%A7%D9%81%D9%8A%D8%A9
403 Forbidden,Non trouvé,Non trouvé,Non trouvé,Aucun avis,Inconnu,Inconnu,Aucun tag,https://khamsat.com/business/accounting-bookkeeping/2926076-%D9%85%D8%AD%D8%A7%D8%B3%D8%A8-%D9%85%D8%A7%D9%84%D9%8A-%D8%A7%D8%AF%D8%A7%D8%B1%D8%A9-%D9%88%D8%AA%D9%86%D9%85%D9%8A%D8%A9-%D8%A7%D9%84%D9%86%D9%82%D8%AF
403 Forbidden,Non trouvé,Non trouvé,Non trouvé,Aucun avis,Inconnu,Inconnu,Aucun tag,https://khamsat.com/business/feasibility-study/2806245-%D8%B9%D9%85%D9%84-%D8%AF%D8%B1%D8%A7%D8%B3%D8%A9-%D8%AC%D8%AF%D9%88%D9%89-%D8%A5%D8%AD%D8%AA%D8%B1%D8%A7%D9%81%D9%8A%D8%A9-%D8%B4%D8%A7%D9%85%D9%84%D8%A9-%D9%84%D9%85%D8%B4%D8%B1%D9%88%D8%B9%D9%83
403 Forbidden,Non trouvé,Non trouvé,Non trouvé,Aucun avis,Inconnu,Inconnu,Aucun tag,https://khamsat.com/business/product-data-entry/1053409-%D8%A7%D8%AF%D8%AE%D8%A7%D9%84-%D8%A7%D9%84%D9%85%D9%86%D8%AA%D8%AC%D8%A7%D8%AA-%D8%B9%D9%84%D9%89-%D9%85%D8%AE%D8%AA%D9%84%D9%81-%D8%A7%D9%84%D9%85%D9%86%D8%B5%D8%A7%D8%AA
403 Forbidden,Non trouvé,Non trouvé,Non trouvé,Aucun avis,Inconnu,Inconnu,Aucun tag,https://khamsat.com/business/file-conversion/3759034-%D8%AA%D8%AD%D9%88%D9%8A%D9%84-%D9%85%D9%84%D9%81%D8%A7%D8%AA-pdf-%D8%A5%D9%84%D9%89-word-%D8%A8%D8%A7%D8%AD%D8%AA%D8%B1%D8%A7%D9%81%D9%8A%D8%A9-%D9%88%D8%AF%D9%82%D8%A9-%D8%B9%D8%A7%D9%84%D9%8A%D8%A9
403 Forbidden,Non trouvé,Non trouvé,Non trouvé,Aucun avis,Inconnu,Inconnu,Aucun tag,https://khamsat.com/business/accounting-bookkeeping/2575330-%D8%AE%D8%AF%D9%85%D8%A7%D8%AA-%D9%85%D8%AD%D8%A7%D8%B3%D8%A8%D8%A9-%D9%88%D8%A7%D8%B9%D8%AF%D8%A7%D8%AF-%D9%82%D9%88%D8%A7%D8%A6%D9%85-%D9%85%D8%A7%D9%84%D9%8A%D8%A9-%D8%A8%D8%A7%D8%B3%D8%AA%D8%AE%D8%AF%D8%A7%D9%85-%D8%A7%D9%84%D8%A7%D9%83%D8%B3%D9%84
403 Forbidden,Non trouvé,Non trouvé,Non trouvé,Aucun avis,Inconnu,Inconnu,Aucun tag,https://khamsat.com/business/feasibility-study/1342876-%D8%AF%D8%B1%D8%A7%D8%B3%D8%A9-%D8%AC%D8%AF%D9%88%D9%8A-%D9%85%D8%A7%D9%84%D9%8A%D8%A9-%D9%84%D8%A7%D9%8A-%D9%85%D8%B4%D8%B1%D9%88%D8%B9
403 Forbidden,Non trouvé,Non trouvé,Non trouvé,Aucun avis,Inconnu,Inconnu,Aucun tag,https://khamsat.com/business/product-data-entry/2949396-%D8%A7%D8%B6%D8%A7%D9%81%D8%A9-%D9%85%D9%86%D8%AA%D8%AC%D8%A7%D8%AA-%D9%88%D8%A8%D9%8A%D8%A7%D9%86%D8%A7%D8%AA-%D8%B9%D9%84%D9%8A-%D9%85%D9%86%D8%B5%D8%A9-%D8%B3%D9%84%D8%A9-%D9%88%D9%85%D9%88%D9%82%D8%B9%D9%83-%D8%A7%D9%84%D8%B4%D8%AE%D8%B5%D9%8A
403 Forbidden,Non trouvé,Non trouvé,Non trouvé,Aucun avis,Inconnu,Inconnu,Aucun tag,https://khamsat.com/business/file-conversion/3658045-%D8%AA%D8%AD%D9%88%D9%8A%D9%84-%D9%85%D9%84%D9%81-word-%D8%A5%D9%84%D9%89-%D9%85%D9%84%D9%81-pdf-%D8%A8%D8%B4%D9%83%D9%84-%D8%A7%D8%AD%D8%AA%D8%B1%D8%A7%D9%81%D9%8A
403 Forbidden,Non trouvé,Non trouvé,Non trouvé,Aucun avis,Inconnu,Inconnu,Aucun tag,https://khamsat.com/business/accounting-bookkeeping/3613636-%D8%A7%D9%84%D9%85%D8%AD%D8%A7%D8%B3%D8%A8%D8%A9-%D9%88%D9%85%D8%B3%D9%83-%D8%A7%D9%84%D8%AF%D9%81%D8%A7%D8%AA%D8%B1-%D9%88%D8%A5%D8%B9%D8%AF%D8%A7%D8%AF-%D8%A7%D9%84%D8%AD%D8%B3%D8%A7%D8%A8%D8%A7%D8%AA-%D8%A7%D9%84%D8%AE%D8%AA%D8%A7%D9%85%D9%8A%D8%A9
403 Forbidden,Non trouvé,Non trouvé,Non trouvé,Aucun avis,Inconnu,Inconnu,Aucun tag,https://khamsat.com/business/feasibility-study/2621309-%D9%86%D9%85%D9%88%D8%B0%D8%AC-%D8%AF%D8%B1%D8%A7%D8%B3%D8%A9-%D9%85%D8%A7%D9%84%D9%8A%D8%A9-%D8%B9%D9%84%D9%89-%D8%A8%D8%B1%D9%86%D8%A7%D9%85%D8%AC-excel
403 Forbidden,Non trouvé,Non trouvé,Non trouvé,Aucun avis,Inconnu,Inconnu,Aucun tag,https://khamsat.com/business/product-data-entry/2949437-%D8%A7%D8%AF%D8%AE%D8%A7%D9%84-%D8%A8%D9%8A%D8%A7%D9%86%D8%A7%D8%AA-%D9%88%D9%85%D9%86%D8%AA%D8%AC%D8%A7%D8%AA-%D8%A7%D9%84%D9%8A-%D9%85%D9%86%D8%B5%D8%A9-%D9%88%D9%88%D8%B1%D8%AF%D8%A8%D8%B1%D9%8A%D8%B3-%D9%88%D9%85%D9%88%D9%82%D8%B9%D9%83-%D8%A7%D9%84%D8%B4%D8%AE%D8%B5%D9%8A
403 Forbidden,Non trouvé,Non trouvé,Non trouvé,Aucun avis,Inconnu,Inconnu,Aucun tag,https://khamsat.com/business/file-conversion/3336256-%D8%AA%D8%AD%D9%88%D9%8A%D9%84-%D8%B5%D9%88%D8%B1%D9%83-%D9%88%D9%85%D9%84%D9%81%D8%A7%D8%AA%D9%83-%D9%84%D8%A3%D9%8A-%D8%B5%D9%8A%D8%BA%D8%A9-%D8%AA%D8%B1%D9%8A%D8%AF%D9%87%D8%A7
403 Forbidden,Non trouvé,Non trouvé,Non trouvé,Aucun avis,Inconnu,Inconnu,Aucun tag,https://khamsat.com/business/accounting-bookkeeping/2507978-%D8%A7%D8%AF%D8%AE%D8%A7%D9%84-%D9%82%D9%8A%D9%88%D8%AF-%D9%85%D8%AD%D8%A7%D8%B3%D8%A8%D9%8A%D8%A9-%D8%B9%D9%84-%D8%A8%D8%B1%D9%86%D8%A7%D9%85%D8%AC-%D9%82%D9%8A%D9%88%D8%AF-%D8%A7%D9%84%D9%85%D8%AD%D8%A7%D8%B3%D8%A8%D9%8A
403 Forbidden,Non trouvé,Non trouvé,Non trouvé,Aucun avis,Inconnu,Inconnu,Aucun tag,https://khamsat.com/business/feasibility-study/3448872-%D8%AF%D8%B1%D8%A7%D8%B3%D8%A9-%D8%AC%D8%AF%D9%88%D9%89-%D9%85%D8%B6%D9%85%D9%88%D9%86%D8%A9-%D9%84%D9%85%D8%B4%D8%B1%D9%88%D8%B9%D9%83
403 Forbidden,Non trouvé,Non trouvé,Non trouvé,Aucun avis,Inconnu,Inconnu,Aucun tag,https://khamsat.com/business/product-data-entry/1217172-%D8%A7%D8%AF%D8%AE%D8%A7%D9%84-%D8%A7%D9%84%D8%A8%D9%8A%D8%A7%D9%86%D8%A7%D8%AA-%D8%B9%D9%84%D9%8A-%D8%A7%D9%84%D9%85%D9%88%D8%A7%D9%82%D8%B9-%D9%88%D8%A7%D9%84%D9%85%D8%AA%D8%A7%D8%AC%D8%B1-%D9%88%D8%B9%D9%84%D9%8A-%D9%82%D9%88%D8%A7%D8%B9%D8%AF-%D8%A7%D9%84%D8%A8%D8%A8%D9%8A%D8%A7%D9%86%D8%A7%D8%AA
403 Forbidden,Non trouvé,Non trouvé,Non trouvé,Aucun avis,Inconnu,Inconnu,Aucun tag,https://khamsat.com/business/file-conversion/3594146-%D8%AA%D8%AD%D9%88%D9%8A%D9%84-%D9%85%D9%84%D9%81%D8%A7%D8%AA-pdf-%D8%A3%D9%88-%D8%B5%D9%88%D8%B1-%D8%A5%D9%84%D9%89-%D9%85%D9%84%D9%81%D8%A7%D8%AA-%D9%88%D9%88%D8%B1%D8%AF-%D9%85%D9%86%D8%B3%D9%82%D8%A9-%D8%A8%D8%A7%D8%AD%D8%AA%D8%B1%D8%A7%D9%81%D9%8A%D8%A9
403 Forbidden,Non trouvé,Non trouvé,Non trouvé,Aucun avis,Inconnu,Inconnu,Aucun tag,https://khamsat.com/business/accounting-bookkeeping/3114396-%D8%A3%D8%B9%D9%85%D8%A7%D9%84-%D9%85%D8%AD%D8%A7%D8%B3%D8%A8%D9%8A%D8%A9-%D8%B9%D9%84%D9%89-%D8%A8%D8%B1%D9%86%D8%A7%D9%85%D8%AC-%D8%A7%D9%84%D8%A3%D8%B5%D9%8A%D9%84
403 Forbidden,Non trouvé,Non trouvé,Non trouvé,Aucun avis,Inconnu,Inconnu,Aucun tag,https://khamsat.com/business/feasibility-study/1338315-%D8%AF%D8%B1%D8%A7%D8%B3%D8%A9-%D8%AC%D8%AF%D9%88%D9%8A-%D8%B4%D8%A7%D9%85%D9%84%D8%A9-%D8%A8%D8%B4%D9%83%D9%84-%D9%85%D9%85%D9%8A%D8%B2
403 Forbidden,Non trouvé,Non trouvé,Non trouvé,Aucun avis,Inconnu,Inconnu,Aucun tag,https://khamsat.com/business/product-data-entry/1780848-%D8%A7%D8%B6%D8%A7%D9%81%D9%87-%D9%85%D9%86%D8%AA%D8%AC%D8%A7%D8%AA-%D9%88%D8%A7%D8%AF%D8%AE%D8%A7%D9%84-%D8%A8%D9%8A%D9%86%D8%A7%D8%AA-%D9%85%D9%82%D8%A7%D8%A8%D9%84-%D8%AE%D8%AF%D9%85%D9%87
403 Forbidden,Non trouvé,Non trouvé,Non trouvé,Aucun avis,Inconnu,Inconnu,Aucun tag,https://khamsat.com/business/file-conversion/2328545-%D8%AA%D8%AD%D9%88%D9%8A%D9%84-%D8%AC%D9%85%D9%8A%D8%B9-%D8%A7%D9%84%D9%85%D9%84%D9%81%D8%A7%D8%AA-%D8%A7%D9%84%D9%89-pdf-%D8%A3%D9%88-%D8%A7%D9%84%D8%B9%D9%83%D8%B3
403 Forbidden,Non trouvé,Non trouvé,Non trouvé,Aucun avis,Inconnu,Inconnu,Aucun tag,https://khamsat.com/business/accounting-bookkeeping/2747569-%D8%A3%D8%B9%D9%85%D8%A7%D9%84-%D9%85%D8%AD%D8%A7%D8%B3%D8%A8%D9%8A%D8%A9-%D9%88-%D8%A5%D8%AF%D8%AE%D8%A7%D9%84-%D9%82%D9%8A%D9%88%D8%AF-%D8%B9%D9%84%D9%89-%D8%A8%D8%B1%D9%86%D8%A7%D9%85%D8%AC-%D9%82%D9%8A%D9%88%D8%AF-%D8%A7%D9%84%D9%85%D8%AD%D8%A7%D8%B3%D8%A8%D9%8A
403 Forbidden,Non trouvé,Non trouvé,Non trouvé,Aucun avis,Inconnu,Inconnu,Aucun tag,https://khamsat.com/business/feasibility-study/3224658-%D8%AF%D8%B1%D8%A7%D8%B3%D8%A9-%D8%AC%D8%AF%D9%88%D9%89-%D8%A7%D8%AD%D8%AA%D8%B1%D8%A7%D9%81%D9%8A%D8%A9-%D9%88-%D9%85%D9%85%D8%AA%D8%A7%D8%B2%D8%A9-%D9%84%D8%AC%D9%85%D9%8A%D8%B9-%D8%A7%D9%84%D9%85%D8%B4%D8%A7%D8%B1%D9%8A%D8%B9
403 Forbidden,Non trouvé,Non trouvé,Non trouvé,Aucun avis,Inconnu,Inconnu,Aucun tag,https://khamsat.com/business/product-data-entry/2188212-%D8%A7%D8%B6%D8%A7%D9%81%D8%A9-%D9%85%D9%86%D8%AA%D8%AC%D8%A7%D8%AA%D9%83-%D8%B9%D9%84%D9%8A-%D9%85%D9%86%D8%B5%D8%A9-%D9%88%D9%85%D9%88%D9%82%D8%B9-%D8%A7%D9%85%D8%A7%D8%B2%D9%88%D9%86-%D9%85%D8%B5%D8%B1-%D8%A7%D9%84%D8%B3%D8%B9%D9%88%D8%AF%D9%8A%D8%A9-%D8%A7%D9%84%D8%A7%D9%85%D8%A7%D8%B1%D8%A7%D8%AA
403 Forbidden,Non trouvé,Non trouvé,Non trouvé,Aucun avis,Inconnu,Inconnu,Aucun tag,https://khamsat.com/business/file-conversion/2859283-%D8%AA%D8%B9%D8%AF%D9%8A%D9%84-%D9%85%D9%84%D9%81%D8%A7%D8%AA-%D8%A7%D9%84%D9%80-pdf-%D9%88%D8%AA%D8%AD%D9%88%D9%8A%D9%84%D9%87%D8%A7-%D9%85%D9%86-%D8%B5%D9%8A%D8%BA%D8%A9-%D8%A5%D9%84%D9%89-%D8%A3%D8%AE%D8%B1%D9%89
403 Forbidden,Non trouvé,Non trouvé,Non trouvé,Aucun avis,Inconnu,Inconnu,Aucun tag,https://khamsat.com/business/accounting-bookkeeping/3720342-%D9%85%D8%AD%D8%A7%D8%B3%D8%A8-%D8%B9%D9%86-%D8%A8%D8%B9%D8%AF-%D9%84%D8%A5%D8%AF%D8%A7%D8%B1%D8%A9-%D8%AD%D8%B3%D8%A7%D8%A8%D8%A7%D8%AA%D9%83-%D9%88%D8%A5%D8%B9%D8%AF%D8%A7%D8%AF-%D8%A7%D9%84%D8%AA%D9%82%D8%A7%D8%B1%D9%8A%D8%B1-%D8%A7%D9%84%D9%85%D8%A7%D9%84%D9%8A%D8%A9-%D8%A8%D8%A7%D8%AD%D8%AA%D8%B1%D8%A7%D9%81
403 Forbidden,Non trouvé,Non trouvé,Non trouvé,Aucun avis,Inconnu,Inconnu,Aucun tag,https://khamsat.com/business/feasibility-study/2507284-%D9%86%D9%85%D9%88%D8%B0%D8%AC-%D8%AF%D8%B1%D8%A7%D8%B3%D8%A9-%D8%AC%D8%AF%D9%88%D9%89-%D8%AC%D8%A7%D9%87%D8%B2-%D9%84%D9%84%D8%AA%D8%B9%D8%A8%D8%A6%D8%A9-%D9%88%D8%AF%D8%B1%D8%A7%D8%B3%D8%A9-%D8%AC%D8%AF%D9%88%D9%89-%D9%85%D8%A7%D9%84%D9%8A%D8%A9
403 Forbidden,Non trouvé,Non trouvé,Non trouvé,Aucun avis,Inconnu,Inconnu,Aucun tag,https://khamsat.com/business/product-data-entry/2840528-%D8%A7%D8%B6%D8%A7%D9%81%D8%A9-%D8%A7%D9%84%D9%85%D9%86%D8%AA%D8%AC%D8%A7%D8%AA-%D8%B9%D9%84%D9%8A-%D8%B3%D9%84%D8%A9-%D8%A8%D8%B7%D8%B1%D9%8A%D9%82%D9%87-%D9%85%D8%B1%D8%AA%D8%A8%D8%A9
403 Forbidden,Non trouvé,Non trouvé,Non trouvé,Aucun avis,Inconnu,Inconnu,Aucun tag,https://khamsat.com/business/file-conversion/2273086-%D8%AA%D8%AD%D9%88%D9%8A%D9%84-%D9%85%D9%84%D9%81-pdf-%D8%A7%D9%84%D9%8A-%D9%85%D9%84%D9%81-word
403 Forbidden,Non trouvé,Non trouvé,Non trouvé,Aucun avis,Inconnu,Inconnu,Aucun tag,https://khamsat.com/business/accounting-bookkeeping/3761143-%D8%A7%D8%AF%D8%AE%D8%A7%D9%84-%D9%85%D9%86%D8%AA%D8%AC%D8%A7%D8%AA-%D9%88-%D9%81%D9%88%D8%A7%D8%AA%D9%8A%D8%B1-%D8%B9%D9%84%D9%89-%D8%A8%D8%B1%D9%86%D8%A7%D9%85%D8%AC-%D8%AF%D9%81%D8%AA%D8%B1%D8%A9-%D8%A7%D9%84%D9%85%D8%AD%D8%A7%D8%B3%D8%A8%D9%8A
403 Forbidden,Non trouvé,Non trouvé,Non trouvé,Aucun avis,Inconnu,Inconnu,Aucun tag,https://khamsat.com/business/feasibility-study/1776915-%D8%AF%D8%B1%D8%A7%D8%B3%D8%A9-%D8%AC%D8%AF%D9%88%D9%89-%D8%A7%D9%84%D8%AA%D8%B7%D8%A8%D9%8A%D9%82%D8%A7%D8%AA-%D8%A7%D9%84%D8%A5%D9%84%D9%83%D8%AA%D8%B1%D9%88%D9%86%D9%8A%D8%A9
403 Forbidden,Non trouvé,Non trouvé,Non trouvé,Aucun avis,Inconnu,Inconnu,Aucun tag,https://khamsat.com/business/product-data-entry/635683-%D8%A7%D8%AF%D8%AE%D8%A7%D9%84-%D9%85%D9%86%D8%AA%D8%AC%D8%A7%D8%AA-%D9%84%D9%84%D9%85%D8%AA%D8%A7%D8%AC%D8%B1-%D8%A7%D9%84%D8%A7%D9%84%D9%83%D8%AA%D8%B1%D9%88%D9%86%D9%8A%D8%A9-%D9%85%D8%A7%D8%AC%D9%86%D8%AA%D9%88-%D8%A7%D9%88%D8%A8%D9%86-%D9%83%D8%A7%D8%B1%D8%AA
403 Forbidden,Non trouvé,Non trouvé,Non trouvé,Aucun avis,Inconnu,Inconnu,Aucun tag,https://khamsat.com/business/file-conversion/2416144-%D8%AA%D8%AD%D9%88%D9%8A%D9%84-%D8%A7%D9%84%D9%85%D9%84%D9%81%D8%A7%D8%AA-%D8%A7%D9%84%D8%B5%D9%88%D8%AA%D9%8A%D8%A9%D9%88-pdf-%D8%A7%D9%84%D9%89-word-%D9%88%D8%AA%D9%86%D8%B3%D9%8A%D9%82%D9%87%D8%A7-%D8%A8%D8%B4%D9%83%D9%84-%D8%A7%D8%AD%D8%AA%D8%B1%D8%A7%D9%81%D9%8A
403 Forbidden,Non trouvé,Non trouvé,Non trouvé,Aucun avis,Inconnu,Inconnu,Aucun tag,https://khamsat.com/business/accounting-bookkeeping/1910375-%D9%85%D8%AD%D8%A7%D8%B3%D8%A8-%D9%85%D8%A7%D9%84%D9%89-%D9%84%D8%A3%D8%B9%D9%85%D8%A7%D9%84-%D8%A7%D9%84%D8%AD%D8%B3%D8%A7%D8%A8%D8%A7%D8%AA
403 Forbidden,Non trouvé,Non trouvé,Non trouvé,Aucun avis,Inconnu,Inconnu,Aucun tag,https://khamsat.com/business/feasibility-study/2602774-%D8%AF%D8%B1%D8%A7%D8%B3%D8%A9-%D8%AC%D8%AF%D9%88%D9%8A-%D9%84%D8%AA%D8%A7%D8%B3%D9%8A%D8%B3-%D8%B4%D8%B1%D9%83%D8%A9-%D9%86%D9%82%D9%84
403 Forbidden,Non trouvé,Non trouvé,Non trouvé,Aucun avis,Inconnu,Inconnu,Aucun tag,https://khamsat.com/business/product-data-entry/1735230-%D8%A7%D8%B6%D8%A7%D9%81%D8%A9-%D9%85%D9%86%D8%AA%D8%AC%D8%A7%D8%AA-%D8%B9%D9%84%D9%89-%D9%85%D9%86%D8%B5%D8%A9-%D8%B3%D9%84%D8%A9
403 Forbidden,Non trouvé,Non trouvé,Non trouvé,Aucun avis,Inconnu,Inconnu,Aucun tag,https://khamsat.com/business/file-conversion/3823308-%D8%AA%D8%AD%D9%88%D9%8A%D9%84-%D9%85%D9%86-pdf-%D8%A7%D9%84%D9%8A-word-%D9%88excel-%D9%88-powerpoint
403 Forbidden,Non trouvé,Non trouvé,Non trouvé,Aucun avis,Inconnu,Inconnu,Aucun tag,https://khamsat.com/business/accounting-bookkeeping/2895842-%D9%85%D8%AD%D8%A7%D8%B3%D8%A8%D8%A9-%D9%85%D8%A7%D9%84%D9%8A%D8%A9-%D8%B9%D9%86-%D8%A8%D8%B9%D8%AF-%D9%84%D9%84%D9%85%D9%86%D8%B8%D9%85%D8%A7%D8%AA-%D9%88%D8%A7%D9%84%D9%85%D8%B4%D8%A7%D8%B1%D9%8A%D8%B9-%D8%A7%D9%84%D8%B5%D8%BA%D9%8A%D8%B1%D8%A9
403 Forbidden,Non trouvé,Non trouvé,Non trouvé,Aucun avis,Inconnu,Inconnu,Aucun tag,https://khamsat.com/business/feasibility-study/2782530-%D8%AF%D8%B1%D8%A7%D8%B3%D8%A9-%D8%AC%D8%AF%D9%88%D9%89-%D8%A7%D9%82%D8%AA%D8%B5%D8%A7%D8%AF%D9%8A%D8%A9-%D9%84%D9%85%D8%B4%D8%B1%D9%88%D8%B9%D9%83
403 Forbidden,Non trouvé,Non trouvé,Non trouvé,Aucun avis,Inconnu,Inconnu,Aucun tag,https://khamsat.com/business/product-data-entry/2302351-%D8%B1%D9%81%D8%B9-%D8%A7%D9%84%D9%85%D9%86%D8%AA%D8%AC%D8%A7%D8%AA-%D8%A7%D9%84%D9%8A-%D9%85%D8%AA%D8%AC%D8%B1%D9%83-%D8%A7%D9%84%D8%A7%D9%84%D9%83%D8%AA%D8%B1%D9%88%D9%86%D9%8A-%D9%88%D9%88%D9%83%D9%88%D9%85%D8%B1%D8%B3
403 Forbidden,Non trouvé,Non trouvé,Non trouvé,Aucun avis,Inconnu,Inconnu,Aucun tag,https://khamsat.com/business/file-conversion/3899819-%D8%AA%D8%AD%D9%88%D9%8A%D9%84-%D9%85%D9%84%D9%81%D8%A7%D8%AA-pdf-%D8%A7%D9%84%D9%8A-wordexcel
403 Forbidden,Non trouvé,Non trouvé,Non trouvé,Aucun avis,Inconnu,Inconnu,Aucun tag,https://khamsat.com/business/accounting-bookkeeping/3090046-%D9%85%D8%B3%D9%83-%D8%A7%D9%84%D8%AF%D9%81%D8%A7%D8%AA%D8%B1-%D8%A7%D9%84%D9%85%D8%AD%D8%A7%D8%B3%D8%A8%D9%8A%D8%A9-%D9%88%D8%A5%D8%B9%D8%AF%D8%A7%D8%AF-%D8%A7%D9%84%D8%AA%D9%82%D8%A7%D8%B1%D9%8A%D8%B1-%D8%A7%D9%84%D8%B4%D9%87%D8%B1%D9%8A%D8%A9
403 Forbidden,Non trouvé,Non trouvé,Non trouvé,Aucun avis,Inconnu,Inconnu,Aucun tag,https://khamsat.com/business/feasibility-study/2703560-%D9%82%D8%A7%D9%84%D8%A8-%D9%84%D8%B9%D9%85%D9%84-%D8%AF%D8%B1%D8%A7%D8%B3%D8%A9-%D8%AC%D8%AF%D9%88%D9%89-%D9%85%D8%A7%D9%84%D9%8A%D8%A9-%D9%84%D9%85%D8%AF%D8%A9-5-%D8%B3%D9%86%D9%88%D8%A7%D8%AA-excel
403 Forbidden,Non trouvé,Non trouvé,Non trouvé,Aucun avis,Inconnu,Inconnu,Aucun tag,https://khamsat.com/business/product-data-entry/2775521-%D8%A3%D8%B6%D8%A7%D9%81%D8%A9-%D9%85%D9%86%D8%AA%D8%AC%D8%A7%D8%AA-%D8%B9%D9%84%D9%89-%D9%85%D9%88%D8%A7%D9%82%D8%B9-amazon-etsy-ebay-trendyol-meta
403 Forbidden,Non trouvé,Non trouvé,Non trouvé,Aucun avis,Inconnu,Inconnu,Aucun tag,https://khamsat.com/business/file-conversion/3699558-%D8%AA%D8%AD%D9%88%D9%8A%D9%84-%D9%88%D8%AA%D9%86%D8%B3%D9%8A%D9%82-%D9%85%D9%84%D9%81%D8%A7%D8%AA-pdf-%D9%88%D8%AA%D8%AD%D9%88%D9%8A%D9%84%D9%87%D8%A7-%D8%A7%D9%84-%D9%85%D9%84%D9%81%D8%A7%D8%AA-word
403 Forbidden,Non trouvé,Non trouvé,Non trouvé,Aucun avis,Inconnu,Inconnu,Aucun tag,https://khamsat.com/business/accounting-bookkeeping/2762910-%D9%85%D8%AD%D8%A7%D8%B3%D8%A8-%D8%AE%D8%A8%D9%8A%D8%B1-%D8%B9%D9%86-%D8%A8%D8%B9%D8%AF-%D9%84%D8%B6%D8%A8%D8%B7-%D8%AD%D8%B3%D8%A7%D8%A8%D8%A7%D8%AA-%D8%B4%D8%B1%D9%83%D8%AA%D9%83
403 Forbidden,Non trouvé,Non trouvé,Non trouvé,Aucun avis,Inconnu,Inconnu,Aucun tag,https://khamsat.com/business/feasibility-study/3918431-%D8%A7%D8%B3%D8%AA%D8%B4%D8%A7%D8%B1%D9%87-%D8%AF%D8%B1%D8%A7%D8%B3%D8%A9-%D8%AC%D8%AF%D9%88%D9%89-%D8%A7%D9%82%D8%AA%D8%B5%D8%A7%D8%AF%D9%8A%D8%A9-%D9%84%D9%85%D8%B4%D8%B1%D9%88%D8%B9%D9%83
403 Forbidden,Non trouvé,Non trouvé,Non trouvé,Aucun avis,Inconnu,Inconnu,Aucun tag,https://khamsat.com/business/product-data-entry/1323547-%D8%A7%D8%AF%D8%AE%D8%A7%D9%84-%D9%85%D9%86%D8%AA%D8%AC%D8%A7%D8%AA-%D8%A7%D9%88-%D9%85%D9%82%D8%A7%D9%84%D8%A7%D8%AA-%D8%A7%D9%84%D9%8A-%D9%85%D9%88%D9%82%D8%B9%D9%83-%D9%88%D8%B1%D8%AF%D8%A8%D8%B1%D9%8A%D8%B3
403 Forbidden,Non trouvé,Non trouvé,Non trouvé,Aucun avis,Inconnu,Inconnu,Aucun tag,https://khamsat.com/business/file-conversion/3801855-%D8%AA%D8%AD%D9%88%D9%8A%D9%84-%D9%85%D9%84%D9%81-pdf-%D8%A7%D9%84%D9%8A-%D9%85%D9%84%D9%81-word
403 Forbidden,Non trouvé,Non trouvé,Non trouvé,Aucun avis,Inconnu,Inconnu,Aucun tag,https://khamsat.com/business/accounting-bookkeeping/2708015-%D8%AA%D9%82%D8%AF%D9%8A%D9%85-%D8%AE%D8%AF%D9%85%D8%A7%D8%AA-%D9%85%D8%A7%D9%84%D9%8A%D8%A9-%D9%88-%D9%85%D8%AD%D8%A7%D8%B3%D8%A8%D9%8A%D8%A9-%D9%88-%D8%A7%D8%B9%D8%AF%D8%A7%D8%AF-%D9%82%D9%88%D8%A7%D8%A6%D9%85-%D8%A7%D9%84%D9%85%D8%A7%D9%84%D9%8A%D8%A9
403 Forbidden,Non trouvé,Non trouvé,Non trouvé,Aucun avis,Inconnu,Inconnu,Aucun tag,https://khamsat.com/business/feasibility-study/3000841-%D8%AF%D8%B1%D8%A7%D8%B3%D8%A9-%D8%A7%D8%AD%D8%AA%D8%B1%D8%A7%D9%81%D9%8A%D8%A9-%D9%88-%D8%AF%D9%82%D9%8A%D9%82%D8%A9-%D9%84%D9%85%D8%AE%D8%AA%D9%84%D9%81-%D8%A7%D9%84%D9%85%D8%B4%D8%A7%D8%B1%D9%8A%D8%B9
403 Forbidden,Non trouvé,Non trouvé,Non trouvé,Aucun avis,Inconnu,Inconnu,Aucun tag,https://khamsat.com/business/product-data-entry/1253294-%D8%A5%D8%B6%D8%A7%D9%81%D8%A9-%D8%A7%D9%84%D9%85%D9%86%D8%AA%D8%AC%D8%A7%D8%AA-%D8%A5%D9%84%D9%89-%D9%85%D8%AA%D8%AC%D8%B1%D9%83
403 Forbidden,Non trouvé,Non trouvé,Non trouvé,Aucun avis,Inconnu,Inconnu,Aucun tag,https://khamsat.com/business/file-conversion/2445798-%D8%AA%D8%AD%D9%88%D9%8A%D9%84-%D8%A7%D9%84%D9%85%D9%84%D9%81%D8%A7%D8%AA-pdf-%D8%A7%D9%84%D9%8A-%D9%85%D9%84%D9%81%D8%A7%D8%AA-word
403 Forbidden,Non trouvé,Non trouvé,Non trouvé,Aucun avis,Inconnu,Inconnu,Aucun tag,https://khamsat.com/business/accounting-bookkeeping/2723543-%D9%85%D8%AD%D8%A7%D8%B3%D8%A8-%D9%85%D8%A7%D9%84%D9%8A-%D9%88-%D9%85%D8%AF%D8%AE%D9%84-%D8%A8%D9%8A%D8%A7%D9%86%D8%A7%D8%AA-%D9%85%D8%AD%D8%A7%D8%B3%D8%A8%D9%8A%D8%A9
403 Forbidden,Non trouvé,Non trouvé,Non trouvé,Aucun avis,Inconnu,Inconnu,Aucun tag,https://khamsat.com/business/feasibility-study/1922306-%D9%85%D8%B1%D8%A7%D8%AC%D8%B9%D8%A9-%D9%88%D8%AA%D8%AF%D9%82%D9%8A%D9%82-%D8%AF%D8%B1%D8%A7%D8%B3%D8%A7%D8%AA-%D8%A7%D9%84%D8%AC%D8%AF%D9%88%D9%89-%D9%88%D8%AE%D8%B7%D8%B7-%D8%A7%D9%84%D8%A7%D8%B9%D9%85%D8%A7%D9%84-%D9%88%D8%A7%D9%84%D9%85%D8%B4%D8%A7%D8%B1%D9%8A%D8%B9
403 Forbidden,Non trouvé,Non trouvé,Non trouvé,Aucun avis,Inconnu,Inconnu,Aucun tag,https://khamsat.com/business/product-data-entry/1699954-%D8%A7%D8%B6%D8%A7%D9%81%D8%A9-%D9%85%D9%86%D8%AA%D8%AC%D8%A7%D8%AA-%D8%B9%D9%84%D9%89-%D8%A3%D9%8A-%D9%85%D9%88%D9%82%D8%B9
403 Forbidden,Non trouvé,Non trouvé,Non trouvé,Aucun avis,Inconnu,Inconnu,Aucun tag,https://khamsat.com/business/file-conversion/2572345-%D8%AA%D8%AD%D9%88%D9%8A%D9%84-%D9%85%D9%84%D9%81%D8%A7%D8%AA-pdf-%D8%A7%D9%84%D9%89-word-%D9%88-%D8%A7%D9%84%D8%B9%D9%83%D8%B3-%D8%A8%D9%8A-%D8%A7%D9%84%D8%B9%D8%B1%D8%A8%D9%8A-%D8%A7%D9%88-%D8%A5%D9%86%D8%AC%D9%84%D9%8A%D8%B2%D9%8A
403 Forbidden,Non trouvé,Non trouvé,Non trouvé,Aucun avis,Inconnu,Inconnu,Aucun tag,https://khamsat.com/business/accounting-bookkeeping/3490160-%D8%A3%D8%B9%D9%85%D8%A7%D9%84-%D9%85%D8%AD%D8%A7%D8%B3%D8%A8%D9%8A%D8%A9-%D9%88-%D8%A5%D8%AF%D8%AE%D8%A7%D9%84-%D9%82%D9%8A%D9%88%D8%AF-%D8%B9%D9%84%D9%89-%D8%A7%D9%84%D8%A8%D8%B1%D9%86%D8%A7%D9%85%D8%AC-%D8%A7%D9%84%D9%85%D8%AD%D8%A7%D8%B3%D8%A8%D9%8A-%D9%84%D8%B4%D8%B1%D9%83%D8%AA%D9%83
403 Forbidden,Non trouvé,Non trouvé,Non trouvé,Aucun avis,Inconnu,Inconnu,Aucun tag,https://khamsat.com/business/feasibility-study/2857229-%D9%86%D9%85%D9%88%D8%B0%D8%AC-%D8%AF%D8%B1%D8%A7%D8%B3%D8%A9-%D8%AC%D8%AF%D9%88%D9%89-%D9%84%D9%85%D8%B5%D9%86%D8%B9-%D8%AC%D8%A7%D9%87%D8%B2-%D9%84%D9%84%D8%AA%D8%B9%D8%A8%D8%A6%D8%A9-%D9%88%D9%86%D8%AA%D8%A7%D8%A6%D8%AC-%D9%83%D8%A7%D9%84%D9%85%D8%AD%D8%AA%D8%B1%D9%81%D9%8A%D9%86
403 Forbidden,Non trouvé,Non trouvé,Non trouvé,Aucun avis,Inconnu,Inconnu,Aucun tag,https://khamsat.com/business/product-data-entry/1734542-%D8%A7%D8%AF%D8%AE%D8%A7%D9%84-%D9%85%D9%86%D8%AA%D8%AC%D8%A7%D8%AA-%D8%B9%D8%A8%D8%B1-%D9%83%D8%A8%D8%B1%D9%8A-%D8%A7%D9%84%D9%85%D8%AA%D8%A7%D8%AC%D8%B1-%D9%88%D8%A7%D9%84%D9%85%D9%88%D8%A7%D9%82%D8%B9
403 Forbidden,Non trouvé,Non trouvé,Non trouvé,Aucun avis,Inconnu,Inconnu,Aucun tag,https://khamsat.com/business/file-conversion/2892767-%D8%AA%D8%AD%D9%88%D9%8A%D9%84-%D9%83%D8%AA%D8%A7%D8%A8%D8%A9-%D9%85%D9%86-%D9%85%D8%B3%D8%AA%D9%86%D8%AF-%D8%A7%D9%84%D9%89-%D9%83%D8%AA%D8%A7%D8%A8%D8%A9-%D9%8A%D8%AF%D9%88%D9%8A%D8%A9-%D8%A8%D8%AE%D8%B7-%D8%A7%D9%84%D9%8A%D8%AF-%D8%A7%D9%88-%D8%A7%D9%84%D8%B9%D9%83%D8%B3
403 Forbidden,Non trouvé,Non trouvé,Non trouvé,Aucun avis,Inconnu,Inconnu,Aucun tag,https://khamsat.com/business/accounting-bookkeeping/2771834-%D8%A5%D8%B9%D8%AF%D8%A7%D8%AF-%D9%88%D8%AA%D9%82%D8%AF%D9%8A%D9%85-%D8%A7%D9%84%D8%A5%D9%82%D8%B1%D8%A7%D8%B1-%D8%A7%D9%84%D8%B6%D8%B1%D9%8A%D8%A8%D9%8A-%D8%B4%D9%87%D8%B1%D9%8A-%D8%A7%D9%88-%D8%B1%D8%A8%D8%B9-%D8%B3%D9%86%D9%88%D9%8A
403 Forbidden,Non trouvé,Non trouvé,Non trouvé,Aucun avis,Inconnu,Inconnu,Aucun tag,https://khamsat.com/business/feasibility-study/3033202-%D8%AF%D8%B1%D8%A7%D8%B3%D8%A9-%D8%AC%D8%AF%D9%88%D9%89-%D9%85%D8%A7%D9%84%D9%8A%D8%A9-%D8%AF%D9%82%D9%8A%D9%82%D8%A9-%D9%85%D8%AA%D9%83%D8%A7%D9%85%D9%84%D8%A9
403 Forbidden,Non trouvé,Non trouvé,Non trouvé,Aucun avis,Inconnu,Inconnu,Aucun tag,https://khamsat.com/business/product-data-entry/1601391-%D8%A5%D8%B6%D8%A7%D9%81%D8%A9-15-%D9%85%D9%86%D8%AA%D8%AC-%D9%83%D8%A7%D9%85%D9%84-%D8%A7%D9%84%D9%88%D8%B5%D9%81-%D8%A7%D9%84%D8%AF%D9%82%D9%8A%D9%82-%D9%88%D8%A7%D9%84%D8%AA%D8%B7%D9%88%D9%8A%D8%B1-%D9%88%D8%A7%D9%84%D9%85%D8%AA%D8%A7%D8%A8%D8%B9%D8%A9-%D8%A7%D9%84%D9%85%D8%B3%D8%AA%D9%85%D8%B1%D8%A9
403 Forbidden,Non trouvé,Non trouvé,Non trouvé,Aucun avis,Inconnu,Inconnu,Aucun tag,https://khamsat.com/business/file-conversion/3892328-%D8%AA%D8%AD%D9%88%D9%8A%D9%84-%D9%85%D9%86-powerpoint-%D8%A5%D9%84%D9%89-pdf
403 Forbidden,Non trouvé,Non trouvé,Non trouvé,Aucun avis,Inconnu,Inconnu,Aucun tag,https://khamsat.com/business/accounting-bookkeeping/3882049-%D8%B3%D8%A3%D9%82%D9%88%D9%85-%D8%A8%D8%A5%D8%B9%D8%AF%D8%A7%D8%AF-%D8%B3%D8%AC%D9%84%D8%A7%D8%AA-%D8%A7%D9%84%D8%A8%D9%8A%D8%B9-%D9%88%D8%A7%D9%84%D8%B4%D8%B1%D8%A7%D8%A1-%D9%88%D8%A7%D9%84%D8%AA%D9%82%D8%A7%D8%B1%D9%8A%D8%B1-%D8%A7%D9%84%D9%85%D8%A7%D9%84%D9%8A%D8%A9-%D9%81%D9%8A-excel
403 Forbidden,Non trouvé,Non trouvé,Non trouvé,Aucun avis,Inconnu,Inconnu,Aucun tag,https://khamsat.com/business/feasibility-study/2598142-%D8%AF%D8%B1%D8%A7%D8%B3%D8%A9-%D8%AC%D8%AF%D9%88%D9%89-%D9%88%D8%AA%D9%82%D9%8A%D9%8A%D9%85-%D9%85%D8%B4%D8%B1%D9%88%D8%B9%D9%83
403 Forbidden,Non trouvé,Non trouvé,Non trouvé,Aucun avis,Inconnu,Inconnu,Aucun tag,https://khamsat.com/business/product-data-entry/1609271-%D8%A5%D8%B6%D8%A7%D9%81%D8%A9-35-%D9%85%D9%86%D8%AA%D8%AC-%D9%81%D9%8A-%D9%85%D8%AA%D8%AC%D8%B1%D9%83-%D8%B9%D9%84%D9%8A-%D9%85%D9%86%D8%B5%D8%A9-%D8%B3%D9%84%D8%A9-%D9%81%D9%8A-%D8%B3%D8%A7%D8%B9%D8%A7%D8%AA-%D9%82%D9%84%D9%8A%D9%84%D8%A9
403 Forbidden,Non trouvé,Non trouvé,Non trouvé,Aucun avis,Inconnu,Inconnu,Aucun tag,https://khamsat.com/business/file-conversion/2090907-%D8%AA%D8%AD%D9%88%D9%8A%D9%84-%D9%85%D9%84%D9%81-pdf-%D8%A7%D9%84%D9%8A-word-%D8%A8%D8%B3%D9%87%D9%88%D9%84%D9%87-%D9%88%D8%AF%D9%82%D9%87-%D9%88%D8%B3%D8%B1%D8%B9%D9%87
403 Forbidden,Non trouvé,Non trouvé,Non trouvé,Aucun avis,Inconnu,Inconnu,Aucun tag,https://khamsat.com/business/accounting-bookkeeping/2455536-%D9%85%D8%AD%D8%A7%D8%B3%D8%A8-%D8%AA%D9%82%D8%AF%D9%8A%D9%85-%D8%A7%D9%84%D8%AE%D8%AF%D9%85%D8%A7%D8%AA-%D8%A7%D9%84%D9%85%D8%AD%D8%A7%D8%B3%D8%A8%D9%8A%D8%A9-%D9%88%D8%AD%D9%84%D9%88%D9%84-%D8%A7%D9%84%D8%A7%D8%B3%D8%AA%D8%AB%D9%85%D8%A7%D8%B1
403 Forbidden,Non trouvé,Non trouvé,Non trouvé,Aucun avis,Inconnu,Inconnu,Aucun tag,https://khamsat.com/business/feasibility-study/2128225-%D8%AF%D8%B1%D8%A7%D8%B3%D8%A9-%D8%AC%D8%AF%D9%88%D9%89-%D8%AC%D8%A7%D9%87%D8%B2%D8%A9-%D9%84%D9%83%D9%88%D9%81%D9%8A-%D8%B4%D9%88%D8%A8-%D8%B9%D8%B5%D8%B1%D9%8A-%D8%A8%D8%A7%D9%84%D8%B1%D9%8A%D8%A7%D8%B6-%D9%81%D9%8A-%D8%A7%D9%84%D8%B3%D8%B9%D9%88%D8%AF%D9%8A%D8%A9
403 Forbidden,Non trouvé,Non trouvé,Non trouvé,Aucun avis,Inconnu,Inconnu,Aucun tag,https://khamsat.com/business/product-data-entry/1766990-%D8%A7%D8%B6%D8%A7%D9%81%D8%A9-%D9%85%D9%86%D8%AA%D8%AC%D8%A7%D8%AA-%D8%B9%D9%84%D9%89-%D9%85%D9%86%D8%B5%D8%A9-%D8%A7%D9%83%D8%B3%D8%A8%D8%A7%D9%86%D8%AF-%D9%83%D8%A7%D8%B1%D8%AA-expand-cart
403 Forbidden,Non trouvé,Non trouvé,Non trouvé,Aucun avis,Inconnu,Inconnu,Aucun tag,https://khamsat.com/business/file-conversion/3448361-%D8%AA%D8%AD%D9%88%D9%8A%D9%84-%D9%85%D9%84%D9%81%D8%A7%D8%AA-%D8%A8%D8%B5%D9%8A%D8%BA%D8%A9-word-%D8%A7%D9%84%D9%8A-pdf-%D8%A8%D8%AF%D9%88%D9%86-%D8%A3%D8%AE%D8%B7%D8%A7%D8%A1
403 Forbidden,Non trouvé,Non trouvé,Non trouvé,Aucun avis,Inconnu,Inconnu,Aucun tag,https://khamsat.com/business/accounting-bookkeeping/1991487-%D8%A8%D8%B1%D8%A7%D9%85%D8%AC-%D8%A7%D9%84%D9%85%D8%AD%D8%A7%D8%B3%D8%A8%D9%87-%D8%A7%D9%84%D9%85%D8%A7%D9%84%D9%8A%D9%87-%D9%88%D9%85%D8%B9%D8%B1%D9%81%D8%A9-%D8%A3%D8%B3%D8%AA%D8%AE%D8%AF%D8%A7%D9%85%D9%87%D8%A7-%D9%84%D9%83%D9%8A-%D8%AA%D9%83%D9%88%D9%86-%D9%85%D8%AD%D8%A7%D8%B3%D8%A8-%D9%85%D8%AD%D8%AA%D8%B1%D9%81
403 Forbidden,Non trouvé,Non trouvé,Non trouvé,Aucun avis,Inconnu,Inconnu,Aucun tag,https://khamsat.com/business/feasibility-study/2992518-%D8%AF%D8%B1%D8%A7%D8%B3%D8%A9-%D8%AC%D8%AF%D9%88%D9%89-%D9%85%D9%88%D9%82%D8%B9-%D8%AA%D8%AF%D8%B1%D9%8A%D8%A8-%D8%A7%D9%88%D9%86-%D9%84%D8%A7%D9%8A%D9%86-%D8%A7%D9%83%D8%A7%D8%AF%D9%8A%D9%85%D9%8A%D8%A9-%D8%AA%D8%AF%D8%B1%D9%8A%D8%A8
403 Forbidden,Non trouvé,Non trouvé,Non trouvé,Aucun avis,Inconnu,Inconnu,Aucun tag,https://khamsat.com/business/product-data-entry/3058260-%D8%A7%D8%B6%D8%A7%D9%81%D8%A9-%D8%A7%D9%84%D9%85%D9%86%D8%AA%D8%AC%D8%A7%D8%AA-%D8%B9%D9%84%D9%89-%D8%A7%D9%84%D9%85%D8%AA%D8%A7%D8%AC%D8%B1-%D9%88%D8%A7%D9%84%D9%85%D9%88%D8%A7%D9%82%D8%B9-%D8%A7%D9%84%D8%A7%D9%83%D8%AA%D8%B1%D9%88%D9%86%D9%8A%D8%A9
403 Forbidden,Non trouvé,Non trouvé,Non trouvé,Aucun avis,Inconnu,Inconnu,Aucun tag,https://khamsat.com/business/file-conversion/3121468-%D8%AA%D8%AD%D9%88%D9%8A%D9%84-%D8%A7%D9%84%D8%B5%D9%88%D8%B1-%D9%88%D9%85%D9%84%D9%81%D8%A7%D8%AA-%D8%A7%D9%84-pdf-%D8%A5%D9%84%D9%89-%D9%85%D9%84%D9%81%D8%A7%D8%AA-%D9%88%D9%88%D8%B1%D8%AF-%D9%82%D8%A7%D8%A8%D9%84%D8%A9-%D9%84%D9%84%D8%AA%D8%B9%D8%AF%D9%8A%D9%84
403 Forbidden,Non trouvé,Non trouvé,Non trouvé,Aucun avis,Inconnu,Inconnu,Aucun tag,https://khamsat.com/business/accounting-bookkeeping/2430651-%D9%85%D8%B1%D8%A7%D8%AC%D8%B9%D8%A9-%D9%88%D8%AA%D8%AF%D9%82%D9%8A%D9%82-%D8%A7%D9%84%D8%AD%D8%B3%D8%A7%D8%A8%D8%A7%D8%AA-%D9%88%D8%A7%D9%84%D9%81%D9%88%D8%A7%D8%AA%D9%8A%D8%B1
403 Forbidden,Non trouvé,Non trouvé,Non trouvé,Aucun avis,Inconnu,Inconnu,Aucun tag,https://khamsat.com/business/feasibility-study/1221651-%D8%AF%D8%B1%D8%A7%D8%B3%D8%A9-%D8%AC%D8%AF%D9%88%D9%89-%D8%A5%D8%AF%D8%A7%D8%B1%D9%8A%D8%A9-%D8%A7%D8%AD%D8%AA%D8%B1%D8%A7%D9%81%D9%8A%D8%A9
403 Forbidden,Non trouvé,Non trouvé,Non trouvé,Aucun avis,Inconnu,Inconnu,Aucun tag,https://khamsat.com/business/product-data-entry/1682106-%D8%A7%D8%B6%D8%A7%D9%81%D8%A9-%D9%85%D9%86%D8%AA%D8%AC%D8%A7%D8%AA-%D8%B9%D9%84%D9%89-%D8%B4%D9%88%D8%A8%D9%8A%D9%81%D8%A7%D9%8A
403 Forbidden,Non trouvé,Non trouvé,Non trouvé,Aucun avis,Inconnu,Inconnu,Aucun tag,https://khamsat.com/business/file-conversion/3816818-%D8%AA%D8%AD%D9%88%D9%84-%D9%85%D9%86-%D9%85%D9%84%D9%81-pdf-%D9%84%D9%85%D9%84%D9%81-word-%D9%88-%D8%A7%D9%84%D8%B9%D9%83%D8%B3
403 Forbidden,Non trouvé,Non trouvé,Non trouvé,Aucun avis,Inconnu,Inconnu,Aucun tag,https://khamsat.com/business/accounting-bookkeeping/3909214-%D9%85%D8%AD%D8%A7%D8%B3%D8%A8%D8%A9-%D9%88%D9%85%D8%B3%D9%83-%D8%AF%D9%81%D8%A7%D8%AA%D8%B1-%D9%84%D9%84%D9%85%D8%A4%D8%B3%D8%B3%D8%A7%D8%AA-%D9%88%D8%A7%D9%84%D8%B4%D8%B1%D9%83%D8%A7%D8%AA
403 Forbidden,Non trouvé,Non trouvé,Non trouvé,Aucun avis,Inconnu,Inconnu,Aucun tag,https://khamsat.com/business/feasibility-study/1251462-%D9%86%D9%85%D9%88%D8%B0%D8%AC-%D8%AF%D8%B1%D8%A7%D8%B3%D8%A9-%D8%A7%D9%84%D8%AC%D8%AF%D9%88%D9%89-%D8%A7%D9%84%D8%AD%D9%82%D9%8A%D8%A8%D8%A9-%D8%A7%D9%84%D8%B4%D8%A7%D9%85%D9%84%D8%A9
403 Forbidden,Non trouvé,Non trouvé,Non trouvé,Aucun avis,Inconnu,Inconnu,Aucun tag,https://khamsat.com/business/product-data-entry/1252356-%D8%A5%D8%B6%D8%A7%D9%81%D8%A9-%D8%B9%D8%AF%D8%AF-35-%D8%B5%D9%86%D9%81-%D8%B9%D9%84%D9%8A-%D9%85%D9%88%D9%82%D8%B9-%D8%AC%D9%88%D9%85%D9%8A%D8%A7-%D8%A85-%D8%AF%D9%88%D9%84%D8%A7%D8%B1%D8%A7%D8%AA
403 Forbidden,Non trouvé,Non trouvé,Non trouvé,Aucun avis,Inconnu,Inconnu,Aucun tag,https://khamsat.com/business/file-conversion/2460009-%D8%AA%D8%AD%D9%88%D9%8A%D9%84-%D9%85%D9%84%D9%81%D8%A7%D8%AA-pdf-%D8%A7%D9%84%D9%89-%D8%AC%D9%85%D9%8A%D8%B9-%D8%A7%D9%84%D8%B5%D9%8A%D8%BA
403 Forbidden,Non trouvé,Non trouvé,Non trouvé,Aucun avis,Inconnu,Inconnu,Aucun tag,https://khamsat.com/business/accounting-bookkeeping/1925316-%D9%85%D8%AD%D8%A7%D8%B3%D8%A8%D8%A9-%D9%85%D8%A7%D9%84%D9%8A%D8%A9-%D9%88%D9%82%D9%8A%D9%88%D8%AF-%D9%85%D8%AD%D8%A7%D8%B3%D8%A8%D9%8A%D8%A9
403 Forbidden,Non trouvé,Non trouvé,Non trouvé,Aucun avis,Inconnu,Inconnu,Aucun tag,https://khamsat.com/business/feasibility-study/2557621-%D8%A7%D8%B9%D8%AF%D8%A7%D8%AF-%D8%AF%D8%B1%D8%A7%D8%B3%D8%A9-%D8%AC%D8%AF%D9%88%D9%89-%D9%88%D8%AE%D8%B7%D8%A9-%D8%A7%D9%84%D8%B9%D9%85%D9%84-%D8%A7%D9%84%D8%AA%D8%B4%D8%BA%D9%8A%D9%84%D9%8A%D9%87
403 Forbidden,Non trouvé,Non trouvé,Non trouvé,Aucun avis,Inconnu,Inconnu,Aucun tag,https://khamsat.com/business/product-data-entry/1885969-%D8%A7%D8%B6%D8%A7%D9%81%D8%A9-15-%D9%85%D9%86%D8%AA%D8%AC-%D8%B9%D9%84%D9%8A-%D8%A7%D9%85%D8%A7%D8%B2%D9%88%D9%86-%D9%85%D8%B9-%D8%A7%D9%84%D8%AD%D8%B5%D9%88%D9%84-%D8%B9%D9%84%D9%8A-%D8%A5%D8%B9%D9%81%D8%A7%D8%A1-%D9%85%D9%86-%D8%B1%D9%82%D9%85-gtin
403 Forbidden,Non trouvé,Non trouvé,Non trouvé,Aucun avis,Inconnu,Inconnu,Aucun tag,https://khamsat.com/business/accounting-bookkeeping/3696995-%D8%A5%D8%B9%D8%AF%D8%A7%D8%AF-%D8%AA%D9%82%D8%A7%D8%B1%D9%8A%D8%B1-%D8%AA%D8%AD%D9%84%D9%8A%D9%84-%D8%A7%D9%84%D8%AA%D9%83%D8%A7%D9%84%D9%8A%D9%81-%D9%88%D9%82%D9%8A%D8%A7%D8%B3-%D8%A7%D9%84%D8%A7%D9%86%D8%AD%D8%B1%D8%A7%D9%81%D8%A7%D8%AA
403 Forbidden,Non trouvé,Non trouvé,Non trouvé,Aucun avis,Inconnu,Inconnu,Aucun tag,https://khamsat.com/business/file-conversion/2903487-%D8%AA%D8%AD%D9%88%D9%8A%D9%84-%D8%A7%D9%84%D9%85%D9%84%D9%81%D8%A7%D8%AA-%D9%85%D9%86-%D8%B5%D9%8A%D8%BA%D8%A9-%D8%A7%D9%84-pdf-%D8%A5%D9%84%D9%8A-%D8%B5%D9%8A%D8%BA%D8%A9-%D8%A7%D9%84-word-%D9%88%D8%A7%D9%84%D8%B9%D9%83%D8%B3
403 Forbidden,Non trouvé,Non trouvé,Non trouvé,Aucun avis,Inconnu,Inconnu,Aucun tag,https://khamsat.com/business/feasibility-study/3203433-%D8%AF%D8%B1%D8%A7%D8%B3%D8%A9-%D8%AC%D8%AF%D9%88%D9%89-%D9%85%D8%A7%D9%84%D9%8A%D8%A9-%D9%84%D9%85%D8%B4%D8%B1%D9%88%D8%B9%D9%83-%D8%AA%D9%82%D8%AF%D9%85%D9%87%D8%A7-%D9%84%D9%84%D9%85%D9%85%D9%88%D9%84
403 Forbidden,Non trouvé,Non trouvé,Non trouvé,Aucun avis,Inconnu,Inconnu,Aucun tag,https://khamsat.com/business/product-data-entry/2951978-%D8%A7%D8%B6%D8%A7%D9%81%D8%A9-%D8%B1%D9%81%D8%B9-%D9%85%D9%86%D8%AA%D8%AC%D8%A7%D8%AA-%D8%A7%D9%84%D9%85%D8%AA%D8%A7%D8%AC%D8%B1-%D9%88%D8%A7%D9%84%D9%85%D9%88%D8%A7%D9%82%D8%B9-%D8%A7%D9%84%D8%A7%D9%84%D9%83%D8%AA%D8%B1%D9%88%D9%86%D9%8A%D8%A9-%D8%B3%D9%84%D8%A9-salla
403 Forbidden,Non trouvé,Non trouvé,Non trouvé,Aucun avis,Inconnu,Inconnu,Aucun tag,https://khamsat.com/business/accounting-bookkeeping/3760456-%D8%A3%D8%B9%D9%85%D8%A7%D9%84-%D9%85%D8%AD%D8%A7%D8%B3%D8%A8%D9%8A%D8%A9-%D9%88-%D8%A7%D8%AF%D8%AE%D8%A7%D9%84-%D9%82%D9%8A%D9%88%D8%AF-%D8%B9%D9%84%D9%89-%D8%A8%D8%B1%D9%86%D8%A7%D9%85%D8%AC-%D8%AF%D9%81%D8%AA%D8%B1%D8%A9
403 Forbidden,Non trouvé,Non trouvé,Non trouvé,Aucun avis,Inconnu,Inconnu,Aucun tag,https://khamsat.com/business/file-conversion/3793956-%D8%AA%D8%AD%D9%88%D9%8A%D9%84-%D9%85%D9%84%D9%81%D8%A7%D8%AA%D9%83-%D9%85%D9%86-word-%D8%A5%D9%84%D9%89-pdf-%D8%A8%D8%AC%D9%88%D8%AF%D8%A9-%D9%85%D9%85%D8%AA%D8%A7%D8%B2%D8%A9
403 Forbidden,Non trouvé,Non trouvé,Non trouvé,Aucun avis,Inconnu,Inconnu,Aucun tag,https://khamsat.com/business/feasibility-study/958902-%D8%AF%D8%B1%D8%A7%D8%B3%D8%A9-%D8%AC%D8%AF%D9%88%D9%89-%D9%85%D8%A8%D8%AF%D8%A6%D9%8A%D8%A9-%D8%B9%D9%86-%D8%A3%D9%8A-%D9%85%D8%B4%D8%B1%D9%88%D8%B9
403 Forbidden,Non trouvé,Non trouvé,Non trouvé,Aucun avis,Inconnu,Inconnu,Aucun tag,https://khamsat.com/business/product-data-entry/2937443-%D8%A7%D8%B6%D8%A7%D9%81%D8%A9-%D9%85%D9%86%D8%AA%D8%AC%D8%A7%D8%AA%D9%83-%D8%B9%D9%84%D9%89-%D9%85%D9%86%D8%B5%D8%A7%D8%AA-%D8%A7%D9%85%D8%A7%D8%B2%D9%88%D9%86-%D9%86%D9%88%D9%86-%D8%AC%D9%88%D9%85%D9%8A%D8%A7
403 Forbidden,Non trouvé,Non trouvé,Non trouvé,Aucun avis,Inconnu,Inconnu,Aucun tag,https://khamsat.com/business/accounting-bookkeeping/2769589-%D8%A3%D8%B9%D9%85%D8%A7%D9%84-%D9%85%D8%AD%D8%A7%D8%B3%D8%A8%D9%8A%D8%A9-%D9%88%D8%A3%D8%B3%D8%AA%D8%B4%D8%A7%D8%B1%D9%8A%D8%A9-%D8%B9%D9%84%D9%89-%D8%A8%D8%B1%D9%86%D8%A7%D9%85%D8%AC-%D8%AF%D9%81%D8%AA%D8%B1%D8%A9-%D8%A7%D9%84%D9%85%D8%AD%D8%A7%D8%B3%D8%A8%D9%8A-%D8%A7%D9%84%D8%B3%D8%AD%D8%A7%D8%A8%D9%8A
403 Forbidden,Non trouvé,Non trouvé,Non trouvé,Aucun avis,Inconnu,Inconnu,Aucun tag,https://khamsat.com/business/file-conversion/3762718-%D8%AA%D8%AD%D9%88%D9%8A%D9%84-%D9%85%D9%84%D9%81%D8%A7%D8%AA-pdf-%D8%A7%D9%84%D9%89-word-%D8%AC%D8%A7%D9%87%D8%B2%D8%A9-%D9%84%D9%84%D8%B7%D8%A8%D8%A7%D8%B9%D8%A9-%D9%88%D8%A7%D9%84%D8%A5%D8%B1%D8%B3%D8%A7%D9%84
403 Forbidden,Non trouvé,Non trouvé,Non trouvé,Aucun avis,Inconnu,Inconnu,Aucun tag,https://khamsat.com/business/feasibility-study/2992484-%D8%AF%D8%B1%D8%A7%D8%B3%D8%A9-%D8%AC%D8%AF%D9%88%D9%89-%D8%AF%D8%B9%D9%85-%D8%B1%D9%8A%D9%81-%D9%81%D9%8A-%D8%A7%D9%84%D8%B3%D8%B9%D9%88%D8%AF%D9%8A%D8%A9
403 Forbidden,Non trouvé,Non trouvé,Non trouvé,Aucun avis,Inconnu,Inconnu,Aucun tag,https://khamsat.com/business/product-data-entry/2803338-%D8%A7%D8%B6%D8%A7%D9%81%D8%A9-%D9%85%D9%86%D8%AA%D8%AC%D8%A7%D8%AA-%D8%A5%D9%84%D9%89-%D9%85%D8%AA%D8%AC%D8%B1%D9%83-%D8%B9%D9%84%D9%89-%D8%A7%D9%8A-%D9%85%D9%86%D8%B5%D8%A9-%D8%A7%D9%88-%D9%85%D9%88%D9%82%D8%B9
403 Forbidden,Non trouvé,Non trouvé,Non trouvé,Aucun avis,Inconnu,Inconnu,Aucun tag,https://khamsat.com/business/accounting-bookkeeping/3070004-%D8%AA%D8%B3%D8%AC%D9%8A%D9%84-%D8%A7%D9%84%D9%82%D9%8A%D9%88%D8%AF-%D9%88%D8%A7%D8%B3%D8%AA%D8%AE%D8%B1%D8%A7%D8%AC-%D8%A7%D9%84%D8%AA%D9%82%D8%A7%D8%B1%D9%8A%D8%B1-%D8%B9%D9%84%D9%8A-%D8%A8%D8%B1%D9%86%D8%A7%D9%85%D8%AC-%D8%A3%D9%88%D8%AF%D9%88-odoo
403 Forbidden,Non trouvé,Non trouvé,Non trouvé,Aucun avis,Inconnu,Inconnu,Aucun tag,https://khamsat.com/business/file-conversion/3810600-%D8%AA%D8%AD%D9%88%D9%8A%D9%84-%D9%85%D9%84%D9%81%D8%A7%D8%AA-word-%D8%A5%D9%84%D9%89-pdf-%D8%A8%D8%A7%D8%AD%D8%AA%D8%B1%D8%A7%D9%81%D9%8A%D8%A9
403 Forbidden,Non trouvé,Non trouvé,Non trouvé,Aucun avis,Inconnu,Inconnu,Aucun tag,https://khamsat.com/business/feasibility-study/2981754-%D8%AF%D8%B1%D8%A7%D8%B3%D8%A9-%D8%A7%D9%84%D8%AC%D8%AF%D9%88%D9%89-%D8%A7%D9%84%D8%A7%D9%82%D8%AA%D8%B5%D8%A7%D8%AF%D9%8A%D8%A9-%D9%84%D8%A3%D9%8A-%D9%85%D8%B4%D8%B1%D9%88%D8%B9-%D8%AA%D8%B1%D9%8A%D8%AF%D9%87-%D8%A8%D8%A7%D9%84%D8%A3%D8%B1%D9%82%D8%A7%D9%85
403 Forbidden,Non trouvé,Non trouvé,Non trouvé,Aucun avis,Inconnu,Inconnu,Aucun tag,https://khamsat.com/business/product-data-entry/696990-%D8%A7%D8%AF%D8%AE%D8%A7%D9%84-%D8%A7%D9%84%D9%85%D9%86%D8%AA%D8%AC%D8%A7%D8%AA-%D9%81%D9%8A-%D8%A7%D9%84%D8%A3%D9%88%D8%A8%D9%86-%D9%83%D8%A7%D8%B1%D8%AA-%D9%88%D8%A7%D9%84%D9%88%D9%88%D8%B1%D8%AF%D8%A8%D8%B1%D9%8A%D8%B3-%D8%A8%D9%83%D9%84-%D8%AF%D9%82%D8%A9-%D9%88%D8%B3%D8%B1%D8%B9%D8%A9
403 Forbidden,Non trouvé,Non trouvé,Non trouvé,Aucun avis,Inconnu,Inconnu,Aucun tag,https://khamsat.com/business/file-conversion/3656286-%D8%AA%D8%AD%D9%88%D9%8A%D9%84-pdf-word-%D9%85%D8%B9-%D8%A7%D9%84%D8%AD%D9%81%D8%A7%D8%B8-%D8%B9%D9%84%D9%89-%D8%A7%D9%84%D8%AA%D9%86%D8%B3%D9%8A%D9%82-%D9%88%D8%A7%D9%84%D8%AC%D9%88%D8%AF%D8%A9
403 Forbidden,Non trouvé,Non trouvé,Non trouvé,Aucun avis,Inconnu,Inconnu,Aucun tag,https://khamsat.com/business/accounting-bookkeeping/3100547-%D9%85%D8%AD%D8%A7%D8%B3%D8%A8-%D8%B9%D9%86-%D8%A8%D8%B9%D8%AF-%D9%84%D9%85%D8%B3%D9%83-%D8%A7%D9%84%D8%AF%D9%81%D8%A7%D8%AA%D8%B1-%D9%88%D8%A7%D8%B9%D8%AF%D8%A7%D8%AF-%D8%A7%D9%84%D8%AA%D9%82%D8%A7%D8%B1%D9%8A%D8%B1-%D8%A7%D9%84%D9%85%D8%A7%D9%84%D9%8A%D8%A9
403 Forbidden,Non trouvé,Non trouvé,Non trouvé,Aucun avis,Inconnu,Inconnu,Aucun tag,https://khamsat.com/business/feasibility-study/2629302-%D8%B9%D9%85%D9%84-%D8%AF%D8%B1%D8%A7%D8%B3%D8%A7%D8%AA-%D8%A7%D9%84%D8%AC%D8%AF%D9%88%D9%89-%D9%88%D8%AA%D9%82%D9%8A%D9%8A%D9%85-%D8%A7%D9%84%D9%85%D8%B4%D8%B1%D9%88%D8%B9%D8%A7%D8%AA
403 Forbidden,Non trouvé,Non trouvé,Non trouvé,Aucun avis,Inconnu,Inconnu,Aucun tag,https://khamsat.com/business/product-data-entry/1831201-%D8%A7%D8%B6%D8%A7%D9%81%D8%A9-%D9%88%D8%A7%D8%AF%D8%AE%D8%A7%D9%84-%D8%A7%D9%84%D8%A8%D9%8A%D8%A7%D9%86%D8%A7%D8%AA-%D8%A7%D9%84%D9%85%D9%86%D8%AA%D8%AC%D8%A7%D8%AA-%D9%84%D9%85%D9%88%D9%82%D8%B9%D9%83-%D9%84%D9%85%D8%AE%D8%AA%D9%84%D9%81-%D8%A7%D9%84%D9%85%D9%86%D8%B5%D8%A7%D8%AA
403 Forbidden,Non trouvé,Non trouvé,Non trouvé,Aucun avis,Inconnu,Inconnu,Aucun tag,https://khamsat.com/business/accounting-bookkeeping/3620509-%D8%A7%D8%B5%D8%AF%D8%A7%D8%B1-%D8%A8%D8%A7%D8%B1%D9%83%D9%88%D8%AF-%D8%A7%D9%84%D9%81%D8%A7%D8%AA%D9%88%D8%B1%D8%A9-%D8%A7%D9%84%D8%B6%D8%B1%D9%8A%D8%A8%D9%8A%D8%A9-%D8%A7%D9%84%D8%A5%D9%84%D9%83%D8%AA%D8%B1%D9%88%D9%86%D9%8A%D8%A9-%D9%85%D8%AA%D9%88%D8%A7%D9%81%D9%82-%D9%85%D8%B9-zacta
403 Forbidden,Non trouvé,Non trouvé,Non trouvé,Aucun avis,Inconnu,Inconnu,Aucun tag,https://khamsat.com/business/file-conversion/3762451-%D8%AA%D8%AD%D9%88%D9%8A%D9%84-%D9%85%D9%84%D9%81%D8%A7%D8%AA-word-%D8%A5%D9%84%D9%89-pdf-%D8%A8%D8%A7%D8%AD%D8%AA%D8%B1%D8%A7%D9%81%D9%8A%D8%A9-%D9%88%D8%B3%D8%B1%D8%B9%D8%A9
403 Forbidden,Non trouvé,Non trouvé,Non trouvé,Aucun avis,Inconnu,Inconnu,Aucun tag,https://khamsat.com/business/feasibility-study/1729977-%D8%AF%D8%B1%D8%A7%D8%B3%D8%A9-%D8%AC%D8%AF%D9%88%D9%89-%D9%85%D8%B4%D8%B1%D9%88%D8%B9%D9%83-%D9%88-%D8%AA%D9%82%D8%AF%D9%8A%D9%85-%D8%A7%D9%84%D9%86%D8%B5%D8%A7%D8%A6%D8%AD-%D8%A7%D9%84%D9%84%D8%A7%D8%B2%D9%85%D8%A9-%D9%84%D8%A5%D9%86%D8%AC%D8%A7%D8%AD%D9%87
403 Forbidden,Non trouvé,Non trouvé,Non trouvé,Aucun avis,Inconnu,Inconnu,Aucun tag,https://khamsat.com/business/product-data-entry/3686720-%D9%86%D8%B3%D8%AE-%D9%88-%D9%86%D9%82%D9%84-%D9%85%D9%86%D8%AA%D8%AC%D8%A7%D8%AA-%D9%85%D8%AA%D8%AC%D8%B1%D9%83-%D8%A8%D9%8A%D9%86-%D9%85%D9%86%D8%B5%D8%AA%D9%8A-%D8%B3%D9%84%D8%A9-%D9%88-%D8%B2%D8%AF-%D8%A8%D8%A7%D8%AD%D8%AA%D8%B1%D8%A7%D9%81%D9%8A%D8%A9
403 Forbidden,Non trouvé,Non trouvé,Non trouvé,Aucun avis,Inconnu,Inconnu,Aucun tag,https://khamsat.com/business/accounting-bookkeeping/3073318-%D8%AA%D8%B5%D9%85%D9%8A%D9%85-%D9%85%D9%84%D9%81%D8%A7%D8%AA-%D9%85%D8%AD%D8%A7%D8%B3%D8%A8%D9%8A%D8%A9-%D8%A8%D8%A7%D8%B3%D8%AA%D8%AE%D8%AF%D8%A7%D9%85-excel-%D9%84%D8%A5%D8%AF%D8%A7%D8%B1%D8%A9-%D8%A7%D9%84%D8%A5%D9%8A%D8%B1%D8%A7%D8%AF%D8%A7%D8%AA-%D9%88%D8%A7%D9%84%D9%85%D8%B5%D8%B1%D9%88%D9%81
403 Forbidden,Non trouvé,Non trouvé,Non trouvé,Aucun avis,Inconnu,Inconnu,Aucun tag,https://khamsat.com/business/file-conversion/2512311-%D8%AA%D8%AD%D9%88%D9%8A%D9%84-%D9%88%D8%AA%D9%81%D8%B1%D9%8A%D8%BA-%D9%85%D9%84%D9%81%D8%A7%D8%AA-pdf-%D8%A5%D9%84%D9%89-%D9%85%D9%84%D9%81%D8%A7%D8%AA-word.-excel.-powerpoin
403 Forbidden,Non trouvé,Non trouvé,Non trouvé,Aucun avis,Inconnu,Inconnu,Aucun tag,https://khamsat.com/business/feasibility-study/457411-%D9%86%D9%85%D9%88%D8%B0%D8%AC-%D8%AF%D8%B1%D8%A7%D8%B3%D8%A9-%D8%AC%D8%AF%D9%88%D9%89-%D9%85%D8%A7%D9%84%D9%8A%D8%A9-%D9%85%D9%86-%D8%AE%D9%84%D8%A7%D9%84%D9%87-%D8%AA%D8%B3%D8%AA%D8%B7%D9%8A%D8%B9-%D8%B9%D9%85%D9%84-%D8%AF%D8%B1%D8%A7%D8%B3%D8%A9-%D8%AC%D8%AF%D9%88%D9%89-%D9%85%D8%B4%D8%A7%D8%A8%D9%87%D8%A9
403 Forbidden,Non trouvé,Non trouvé,Non trouvé,Aucun avis,Inconnu,Inconnu,Aucun tag,https://khamsat.com/business/product-data-entry/670281-%D8%A5%D8%AF%D8%AE%D8%A7%D9%84-%D8%A7%D9%84%D8%A8%D9%8A%D8%A7%D9%86%D8%A7%D8%AA-%D9%88%D8%A7%D9%84%D9%85%D9%86%D8%AA%D8%AC%D8%A7%D8%AA-%D9%81%D9%8A-%D8%A7%D9%84%D9%88%D9%88%D8%B1%D8%AF%D8%A8%D8%B1%D9%8A%D8%B3-%D9%88%D8%A7%D9%84%D8%A7%D9%88%D8%A8%D9%86-%D9%83%D8%A7%D8%B1%D8%AA-%D8%A8%D9%83%D9%84-%D8%AF%D9%82%D8%A9
403 Forbidden,Non trouvé,Non trouvé,Non trouvé,Aucun avis,Inconnu,Inconnu,Aucun tag,https://khamsat.com/business/file-conversion/3814825-%D8%AA%D8%AD%D9%88%D9%8A%D9%84-%D8%A3%D9%8A-%D9%86%D9%88%D8%B9-%D9%85%D9%86-%D8%A7%D9%84%D8%A8%D9%8A%D8%A7%D9%86%D8%A7%D8%AA-%D8%A5%D9%84%D9%89-%D9%85%D9%84%D9%81-%D9%85%D9%86%D8%B3%D9%82-pdf-word-excel
403 Forbidden,Non trouvé,Non trouvé,Non trouvé,Aucun avis,Inconnu,Inconnu,Aucun tag,https://khamsat.com/business/accounting-bookkeeping/2855782-%D8%AE%D8%AF%D9%85%D8%A7%D8%AA-%D8%A7%D9%84%D9%85%D8%AD%D8%A7%D8%B3%D8%A8%D8%A9-%D9%88-%D9%85%D8%B3%D9%83-%D8%A7%D9%84%D8%AF%D9%81%D8%A7%D8%AA%D8%B1-%D8%B9%D9%84%D9%89-%D8%A7%D9%84%D8%AA%D8%B7%D8%A8%D9%8A%D9%82%D8%A7%D8%AA-%D8%A7%D9%84%D8%B3%D8%AD%D8%A7%D8%A8%D9%8A%D8%A9
403 Forbidden,Non trouvé,Non trouvé,Non trouvé,Aucun avis,Inconnu,Inconnu,Aucun tag,https://khamsat.com/business/feasibility-study/1917245-%D8%A5%D8%B9%D8%AF%D8%A7%D8%AF-%D8%AF%D8%B1%D8%A7%D8%B3%D8%A9-%D8%AC%D8%AF%D9%88%D9%89-%D8%A7%D8%AD%D8%AA%D8%B1%D8%A7%D9%81%D9%8A%D8%A9-feasibility-study
403 Forbidden,Non trouvé,Non trouvé,Non trouvé,Aucun avis,Inconnu,Inconnu,Aucun tag,https://khamsat.com/business/erp/1709386-%D8%A8%D8%B1%D9%86%D8%A7%D9%85%D8%AC-%D8%B7%D8%A8%D8%A7%D8%B9%D8%A9-%D8%A7%D9%84%D8%B4%D9%8A%D9%83%D8%A7%D8%AA-%D9%84%D8%AC%D9%85%D9%8A%D8%B9-%D8%A7%D9%84%D8%A8%D9%86%D9%88%D9%83-%D8%A7%D9%84%D8%B3%D8%B9%D9%88%D8%AF%D9%8A%D8%A9
403 Forbidden,Non trouvé,Non trouvé,Non trouvé,Aucun avis,Inconnu,Inconnu,Aucun tag,https://khamsat.com/business/accounting-bookkeeping/2707244-%D8%AA%D8%B5%D9%85%D9%8A%D9%85-%D9%81%D8%A7%D8%AA%D9%88%D8%B1%D8%A9-%D8%B6%D8%B1%D9%8A%D8%A8%D9%8A%D8%A9-%D8%A7%D8%AD%D8%AA%D8%B1%D8%A7%D9%81%D9%8A%D8%A9
403 Forbidden,Non trouvé,Non trouvé,Non trouvé,Aucun avis,Inconnu,Inconnu,Aucun tag,https://khamsat.com/business/file-conversion/3709860-%D8%AA%D8%B9%D8%AF%D9%8A%D9%84-%D9%85%D9%84%D9%81%D8%A7%D8%AA-pdf-%D9%88%D8%A7%D9%84%D8%AA%D8%AD%D9%88%D9%8A%D9%84-%D9%84%D8%A7%D9%89-%D8%B5%D9%8A%D8%BA%D9%87-%D8%A7%D8%AE%D8%B1%D9%89
403 Forbidden,Non trouvé,Non trouvé,Non trouvé,Aucun avis,Inconnu,Inconnu,Aucun tag,https://khamsat.com/business/feasibility-study/1983556-%D9%86%D9%85%D9%88%D8%B0%D8%AC-%D9%83%D8%A7%D9%85%D9%84-%D9%88%D8%B3%D9%87%D9%84-%D9%84%D8%AF%D8%B1%D8%A7%D8%B3%D8%A9-%D8%A7%D9%84%D8%AC%D8%AF%D9%88%D9%89-%D8%A7%D9%84%D8%A5%D9%82%D8%AA%D8%B5%D8%A7%D8%AF%D9%8A%D8%A9-%D9%84%D9%85%D8%B4%D8%B1%D9%88%D8%B9%D9%83
403 Forbidden,Non trouvé,Non trouvé,Non trouvé,Aucun avis,Inconnu,Inconnu,Aucun tag,https://khamsat.com/business/erp/1827818-%D8%A3%D8%B9%D9%85%D8%A7%D9%84-%D9%85%D8%AD%D8%A7%D8%B3%D8%A8%D9%8A%D8%A9-%D9%88-%D8%A5%D8%AF%D8%AE%D8%A7%D9%84-%D9%82%D9%8A%D9%88%D8%AF-%D8%B9%D9%84%D9%89-%D8%A8%D8%B1%D9%86%D8%A7%D9%85%D8%AC-%D9%82%D9%8A%D9%88%D8%AF-%D8%A7%D9%84%D9%85%D8%AD%D8%A7%D8%B3%D8%A8%D9%8A
403 Forbidden,Non trouvé,Non trouvé,Non trouvé,Aucun avis,Inconnu,Inconnu,Aucun tag,https://khamsat.com/business/file-conversion/3753870-%D8%AA%D8%AD%D9%88%D9%8A%D9%84-%D9%85%D9%84%D9%81%D8%A7%D8%AA-word-%D9%88-pdf-%D9%88%D8%A7%D9%84%D8%B9%D9%83%D8%B3
403 Forbidden,Non trouvé,Non trouvé,Non trouvé,Aucun avis,Inconnu,Inconnu,Aucun tag,https://khamsat.com/business/accounting-bookkeeping/1996008-%D9%85%D8%AD%D8%A7%D8%B3%D8%A8-%D8%B9%D9%86-%D8%A8%D8%B9%D8%AF-%D9%84%D9%85%D8%AA%D8%A7%D8%A8%D8%B9%D8%A9-%D8%A7%D9%84%D9%88%D8%B6%D8%B9-%D8%A7%D9%84%D9%85%D8%A7%D9%84%D9%8A-%D9%84%D9%84%D8%B4%D8%B1%D9%83%D8%A9
403 Forbidden,Non trouvé,Non trouvé,Non trouvé,Aucun avis,Inconnu,Inconnu,Aucun tag,https://khamsat.com/business/feasibility-study/2807237-%D8%A5%D8%B9%D8%AF%D8%A7%D8%AF-%D8%AF%D8%B1%D8%A7%D8%B3%D8%A9-%D8%AC%D8%AF%D9%88%D9%89-%D9%84%D9%84%D9%85%D8%B4%D8%B1%D9%88%D8%B9-%D8%B4%D8%A7%D9%85%D9%84%D8%A9
403 Forbidden,Non trouvé,Non trouvé,Non trouvé,Aucun avis,Inconnu,Inconnu,Aucun tag,https://khamsat.com/business/erp/2457084-%D9%85%D8%AD%D8%A7%D8%B3%D8%A8-%D9%85%D8%A7%D9%84%D9%8A-%D8%B9%D9%84%D9%89-%D8%A8%D8%B1%D9%86%D8%A7%D9%85%D8%AC-%D8%AF%D9%81%D8%AA%D8%B1%D8%A9
403 Forbidden,Non trouvé,Non trouvé,Non trouvé,Aucun avis,Inconnu,Inconnu,Aucun tag,https://khamsat.com/business/file-conversion/3275213-%D8%AA%D8%AD%D9%88%D9%8A%D9%84-%D9%85%D9%84%D9%81-pdf-%D8%A7%D9%84%D9%8A-word-%D8%A7%D9%88-%D8%AA%D8%B9%D8%AF%D9%8A%D9%84-%D8%A7%D9%84%D9%85%D9%84%D9%81%D8%A7%D8%AA-%D9%88%D8%AA%D8%AD%D9%88%D9%8A%D9%84-%D8%A7%D9%84%D9%86%D8%B5%D9%88%D8%B5-%D8%A7%D9%84%D9%8Apdf
403 Forbidden,Non trouvé,Non trouvé,Non trouvé,Aucun avis,Inconnu,Inconnu,Aucun tag,https://khamsat.com/business/accounting-bookkeeping/3675267-%D8%A7%D9%85%D8%B3%D8%A7%D9%83-%D8%A7%D9%84%D8%AD%D8%B3%D8%A7%D8%A8%D8%A7%D8%AA-%D9%88%D8%B9%D9%85%D9%84-%D8%AA%D9%82%D8%A7%D8%B1%D9%8A%D8%B1-%D9%85%D8%A7%D9%84%D9%8A%D9%87-%D9%88%D8%A7%D9%84%D9%85%D9%8A%D8%B2%D8%A7%D9%86%D9%8A%D8%A9-%D9%88%D8%AA%D8%AD%D9%84%D9%8A%D9%84-%D9%85%D8%A7%D9%84%D9%89
403 Forbidden,Non trouvé,Non trouvé,Non trouvé,Aucun avis,Inconnu,Inconnu,Aucun tag,https://khamsat.com/business/feasibility-study/2016142-%D8%AF%D8%B1%D8%A7%D8%B3%D8%A9-%D8%AC%D8%AF%D9%88%D9%89-%D8%A8%D8%B7%D8%B1%D9%8A%D9%82%D8%A9-%D8%A7%D8%AD%D8%AA%D8%B1%D8%A7%D9%81%D9%8A%D8%A9
403 Forbidden,Non trouvé,Non trouvé,Non trouvé,Aucun avis,Inconnu,Inconnu,Aucun tag,https://khamsat.com/business/erp/3056136-%D8%AA%D8%AD%D9%84%D9%8A%D9%84-%D9%88%D8%AA%D8%AE%D8%B7%D9%8A%D8%B7-%D9%85%D8%B4%D8%A7%D8%B1%D9%8A%D8%B9-erp-%D9%84%D8%A7%D8%AF%D8%A7%D8%B1%D8%A9-%D8%A7%D9%84%D8%A7%D8%B9%D9%85%D8%A7%D9%84-%D9%88%D8%A7%D9%84%D9%85%D9%88%D8%A7%D8%B1%D8%AF-%D8%A7%D9%84%D8%A8%D8%B4%D8%B1%D9%8A%D8%A9
403 Forbidden,Non trouvé,Non trouvé,Non trouvé,Aucun avis,Inconnu,Inconnu,Aucun tag,https://khamsat.com/business/accounting-bookkeeping/2751622-%D8%AA%D9%82%D8%AF%D9%8A%D9%85-%D8%AC%D9%85%D9%8A%D8%B9-%D8%A7%D9%84%D8%A7%D8%B9%D9%85%D8%A7%D9%84-%D8%A7%D9%84%D9%85%D8%AD%D8%A7%D8%B3%D8%A8%D9%8A%D8%A9-%D8%B9%D9%84%D9%89-%D8%A8%D8%B1%D9%86%D8%A7%D9%85%D8%AC-%D8%A7%D9%84%D8%B3%D9%87%D9%84%D9%8A-%D8%B3%D9%88%D9%81%D8%AA
403 Forbidden,Non trouvé,Non trouvé,Non trouvé,Aucun avis,Inconnu,Inconnu,Aucun tag,https://khamsat.com/business/file-conversion/3796727-%D8%AA%D8%AD%D9%88%D9%8A%D9%84-%D9%85%D9%84%D9%81-word-.docx-%D8%A7%D9%84%D9%89-powerpoint
403 Forbidden,Non trouvé,Non trouvé,Non trouvé,Aucun avis,Inconnu,Inconnu,Aucun tag,https://khamsat.com/business/feasibility-study/2081418-%D8%AF%D8%B1%D8%A7%D8%B3%D8%A9-%D8%AC%D8%AF%D9%88%D9%89-%D8%A7%D9%82%D8%AA%D8%B5%D8%A7%D8%AF%D9%8A%D8%A9-%D8%B4%D8%A7%D9%85%D9%84%D8%A9-%D8%A7%D9%88%D9%84%D9%8A%D8%A9
403 Forbidden,Non trouvé,Non trouvé,Non trouvé,Aucun avis,Inconnu,Inconnu,Aucun tag,https://khamsat.com/business/erp/1711677-%D8%A3%D8%B9%D9%85%D8%A7%D9%84-%D9%85%D8%AD%D8%A7%D8%B3%D8%A8%D9%8A%D8%A9-%D9%88%D8%A7%D8%AF%D8%AE%D8%A7%D9%84-%D9%82%D9%8A%D9%88%D8%AF-%D8%B9%D9%84%D9%89-%D8%A8%D8%B1%D9%86%D8%A7%D9%85%D8%AC-%D8%AF%D9%81%D8%AA%D8%B1%D8%A9-%D8%A7%D9%84%D9%85%D8%AD%D8%A7%D8%B3%D8%A8%D9%8A
403 Forbidden,Non trouvé,Non trouvé,Non trouvé,Aucun avis,Inconnu,Inconnu,Aucun tag,https://khamsat.com/business/accounting-bookkeeping/1989206-%D8%A7%D8%AD%D8%AA%D8%B3%D8%A7%D8%A8-%D8%AA%D9%83%D8%A7%D9%84%D9%8A%D9%81-%D9%88%D8%AC%D8%A8%D8%A7%D8%AA-%D9%88%D9%85%D8%B4%D8%B1%D9%88%D8%A8%D8%A7%D8%AA-%D9%84%D9%84%D9%85%D8%B7%D8%A7%D8%B9%D9%85-%D9%88%D8%A7%D9%84%D9%83%D8%A7%D9%81%D9%8A%D8%A7%D8%AA-%D9%88%D8%A7%D9%84%D9%81%D9%86%D8%A7%D8%AF%D9%82
403 Forbidden,Non trouvé,Non trouvé,Non trouvé,Aucun avis,Inconnu,Inconnu,Aucun tag,https://khamsat.com/business/file-conversion/1952148-%D8%AA%D8%AD%D9%88%D9%8A%D9%84-%D9%83%D8%AA%D8%A7%D8%A8%D8%A9-%D8%AE%D8%B7-%D8%A7%D9%84%D9%8A%D8%AF-%D8%A7%D9%84%D9%89-%D9%85%D9%84%D9%81-pdf-%D8%A7%D9%88-word
403 Forbidden,Non trouvé,Non trouvé,Non trouvé,Aucun avis,Inconnu,Inconnu,Aucun tag,https://khamsat.com/business/feasibility-study/2361814-%D8%AF%D8%B1%D8%A7%D8%B3%D8%A9-%D8%AC%D8%AF%D9%88%D9%89-%D8%A7%D9%84%D8%AA%D8%B7%D8%A8%D9%8A%D9%82%D8%A7%D8%AA-%D9%88%D8%A7%D9%84%D9%85%D8%AA%D8%A7%D8%AC%D8%B1
403 Forbidden,Non trouvé,Non trouvé,Non trouvé,Aucun avis,Inconnu,Inconnu,Aucun tag,https://khamsat.com/business/erp/3232788-%D9%86%D8%B8%D8%A7%D9%85-%D9%85%D8%AA%D8%A7%D8%A8%D8%B9%D8%A9-%D8%A5%D9%86%D8%AA%D8%A7%D8%AC-%D9%85%D8%B5%D9%86%D8%B9-%D8%A3%D8%AB%D8%A7%D8%AB-%D8%AE%D8%B4%D8%A8%D9%8A-excel-sheet
403 Forbidden,Non trouvé,Non trouvé,Non trouvé,Aucun avis,Inconnu,Inconnu,Aucun tag,https://khamsat.com/business/accounting-bookkeeping/2961559-%D8%A5%D8%AF%D8%A7%D8%B1%D8%A9-%D8%A7%D8%B9%D9%85%D8%A7%D9%84%D9%83-%D8%A7%D9%84%D9%85%D8%A7%D9%84%D9%8A%D9%87-%D8%B9%D9%84%D9%89-%D8%A8%D8%B1%D8%A7%D9%85%D8%AC-%D8%A7%D9%88%D8%AF%D9%88-%D8%B2%D9%88%D9%87%D9%88-%D8%A8%D9%88%D9%83%D8%B3-%D8%AF%D9%81%D8%AA%D8%B1%D9%87-%D9%82%D9%8A%D9%88%D8%AF
403 Forbidden,Non trouvé,Non trouvé,Non trouvé,Aucun avis,Inconnu,Inconnu,Aucun tag,https://khamsat.com/business/file-conversion/2096331-%D8%AA%D8%AD%D9%88%D9%8A%D9%84-%D9%85%D9%84%D9%81%D8%A7%D8%AA-word-%D8%A7%D9%84%D9%89-indesigne
403 Forbidden,Non trouvé,Non trouvé,Non trouvé,Aucun avis,Inconnu,Inconnu,Aucun tag,https://khamsat.com/business/feasibility-study/2723794-%D8%AF%D8%B1%D8%A7%D8%B3%D8%A9-%D8%AC%D8%AF%D9%88%D9%89-%D8%B4%D8%A7%D9%85%D9%84%D8%A9-%D8%A7%D8%AD%D8%AA%D8%B1%D8%A7%D9%81%D9%8A%D8%A9
403 Forbidden,Non trouvé,Non trouvé,Non trouvé,Aucun avis,Inconnu,Inconnu,Aucun tag,https://khamsat.com/business/erp/3526062-%D8%A5%D9%86%D8%B4%D8%A7%D8%A1-%D9%88%D9%85%D8%B1%D8%A7%D8%AC%D8%B9%D8%A9-%D8%B4%D8%AC%D8%B1%D8%A9-%D8%A7%D9%84%D8%AD%D8%B3%D8%A7%D8%A8%D8%A7%D8%AA-%D8%A7%D9%84%D9%85%D8%AD%D8%A7%D8%B3%D8%A8%D9%8A%D8%A9-%D8%AD%D8%B3%D8%A8-%D9%85%D8%B9%D8%A7%D9%8A%D9%8A%D8%B1-ifrs
403 Forbidden,Non trouvé,Non trouvé,Non trouvé,Aucun avis,Inconnu,Inconnu,Aucun tag,https://khamsat.com/business/accounting-bookkeeping/3514731-%D8%A7%D8%B9%D8%AF%D8%A7%D8%AF-%D8%A7%D9%84%D9%82%D9%8A%D9%88%D8%AF-%D9%88%D8%A7%D9%84%D8%AA%D8%B3%D9%88%D9%8A%D8%A7%D8%AA-%D9%88%D8%A7%D8%B9%D8%AF%D8%A7%D8%AF-%D8%A8%D8%B1%D8%A7%D9%85%D8%AC-%D9%85%D8%AD%D8%A7%D8%B3%D8%A8%D9%8A%D8%A9-%D8%B9%D9%84%D9%8A-%D8%A7%D9%84%D8%A7%D9%83%D8%B3%D9%8A%D9%84
403 Forbidden,Non trouvé,Non trouvé,Non trouvé,Aucun avis,Inconnu,Inconnu,Aucun tag,https://khamsat.com/business/file-conversion/2054583-%D9%83%D8%AA%D8%A7%D8%A8%D8%A9-%D9%88%D8%AA%D8%AD%D8%B1%D9%8A%D8%B1-%D9%86%D8%B5%D9%88%D8%B5-%D9%85%D9%86-pdf-%D8%A7%D9%84%D9%8A-word
403 Forbidden,Non trouvé,Non trouvé,Non trouvé,Aucun avis,Inconnu,Inconnu,Aucun tag,https://khamsat.com/business/feasibility-study/3294776-%D8%AF%D8%B1%D8%A7%D8%B3%D8%A9-%D8%AC%D8%AF%D9%88%D9%89-%D9%85%D8%A8%D8%AF%D8%A6%D9%8A%D8%A9-%D8%B9%D9%86-%D8%A3%D9%8A-%D9%85%D8%B4%D8%B1%D9%88%D8%B9
403 Forbidden,Non trouvé,Non trouvé,Non trouvé,Aucun avis,Inconnu,Inconnu,Aucun tag,https://khamsat.com/business/erp/2010970-%D9%85%D9%84%D9%81-%D8%A7%D9%83%D8%B3%D9%84-%D8%A7%D8%AD%D8%AA%D8%B1%D8%A7%D9%81%D9%89-%D9%84%D8%A7%D8%AF%D8%A7%D8%B1%D8%A9-%D8%A7%D9%84%D9%85%D8%B4%D8%AA%D8%B1%D9%8A%D8%A7%D8%AA-%D9%85%D8%B9-%D8%AF%D8%A7%D8%B4-%D8%A8%D9%88%D8%B1%D8%AF-%D9%88-%D8%AA%D9%82%D8%A7%D8%B1%D9%8A%D8%B1-%D8%B4%D9%87%D8%B1%D9%8A%D8%A9
403 Forbidden,Non trouvé,Non trouvé,Non trouvé,Aucun avis,Inconnu,Inconnu,Aucun tag,https://khamsat.com/business/accounting-bookkeeping/3900840-%D8%A5%D8%B9%D8%AF%D8%A7%D8%AF-%D8%A7%D9%84%D9%82%D9%88%D8%A7%D8%A6%D9%85-%D8%A7%D9%84%D9%85%D8%A7%D9%84%D9%8A%D8%A9-%D9%88%D8%A7%D9%84%D8%AA%D9%82%D8%A7%D8%B1%D9%8A%D8%B1-%D8%A7%D9%84%D9%85%D8%AD%D8%A7%D8%B3%D8%A8%D9%8A%D8%A9
403 Forbidden,Non trouvé,Non trouvé,Non trouvé,Aucun avis,Inconnu,Inconnu,Aucun tag,https://khamsat.com/business/file-conversion/644053-%D8%AA%D8%AD%D9%88%D9%8A%D9%84-%D9%85%D9%84%D9%81%D8%A7%D8%AA-%D8%A7%D9%84-pdf-%D8%A7%D9%84%D9%89-%D9%85%D9%84%D9%81%D8%A7%D8%AA-word-%D8%A8%D8%AA%D9%86%D8%B3%D9%8A%D9%82-%D8%A7%D8%AD%D8%AA%D8%B1%D8%A7%D9%81%D9%89-%D9%88%D8%A8%D8%AF%D9%88%D9%86-%D8%A7%D8%AE%D8%B7%D8%A7%D8%A1
403 Forbidden,Non trouvé,Non trouvé,Non trouvé,Aucun avis,Inconnu,Inconnu,Aucun tag,https://khamsat.com/business/feasibility-study/3851352-%D8%AF%D8%B1%D8%A7%D8%B3%D8%A9-%D8%AC%D8%AF%D9%88%D9%89-%D8%A7%D8%AD%D8%AA%D8%B1%D8%A7%D9%81%D9%8A%D8%A9-%D9%84%D9%85%D8%B4%D8%B1%D9%88%D8%B9%D9%83-%D8%AA%D9%88%D8%B6%D8%AD-%D8%A7%D9%84%D8%B1%D8%A8%D8%AD-%D9%88%D8%A7%D9%84%D8%AE%D8%B3%D8%A7%D8%B1%D8%A9-%D9%82%D8%A8%D9%84-%D8%A3%D9%86-%D8%AA%D8%A8%D8%AF%D8%A3
403 Forbidden,Non trouvé,Non trouvé,Non trouvé,Aucun avis,Inconnu,Inconnu,Aucun tag,https://khamsat.com/business/erp/2311815-%D8%A3%D8%B9%D9%85%D8%A7%D9%84-%D9%85%D8%AD%D8%A7%D8%B3%D8%A8%D9%8A%D8%A9-%D8%A5%D8%AF%D8%AE%D8%A7%D9%84-%D9%81%D9%88%D8%A7%D8%AA%D9%8A%D8%B1-%D9%85%D8%A8%D9%8A%D8%B9%D8%A7%D8%AA-%D9%85%D8%B4%D8%AA%D8%B1%D9%8A%D8%A7%D8%AA-%D9%85%D8%B5%D8%A7%D8%B1%D9%8A%D9%81
403 Forbidden,Non trouvé,Non trouvé,Non trouvé,Aucun avis,Inconnu,Inconnu,Aucun tag,https://khamsat.com/business/accounting-bookkeeping/3901683-%D8%AD%D9%84-%D9%85%D8%B4%D8%A7%D9%83%D9%84-excel-%D9%88-%D8%A5%D9%86%D8%B4%D8%A7%D8%A1-%D9%85%D8%B9%D8%A7%D8%AF%D9%84%D8%A7%D8%AA-%D9%88-vba-%D9%88-power-query-%D8%A8%D8%A7%D8%AD%D8%AA%D8%B1%D8%A7%D9%81%D9%8A%D8%A9
403 Forbidden,Non trouvé,Non trouvé,Non trouvé,Aucun avis,Inconnu,Inconnu,Aucun tag,https://khamsat.com/business/file-conversion/3880724-%D8%AA%D8%AD%D9%88%D9%8A%D9%84-%D9%85%D9%84%D9%81%D8%A7%D8%AA-pdf-%D8%A7%D9%84%D9%89-word-%D9%88-%D8%A7%D9%84%D8%B9%D9%83%D8%B3-%D9%88-%D8%A7%D9%84%D8%AA%D8%B9%D8%A7%D9%85%D9%84-%D9%85%D8%B9%D9%87%D8%A7
403 Forbidden,Non trouvé,Non trouvé,Non trouvé,Aucun avis,Inconnu,Inconnu,Aucun tag,https://khamsat.com/business/feasibility-study/2655517-%D8%AF%D8%B1%D8%A7%D8%B3%D8%A9-%D8%AC%D8%AF%D9%88%D9%89-%D8%A7%D8%AD%D8%AA%D8%B1%D8%A7%D9%81%D9%8A%D8%A9-%D8%AE%D8%A7%D8%B5%D8%A9-%D8%A8%D9%8A-%D9%88%D9%84%D9%8A%D8%B3-%D9%85%D8%AC%D8%B1%D8%AF-%D9%86%D9%85%D9%88%D8%B0%D8%AC-%D9%85%D9%86%D9%82%D9%88%D9%84
403 Forbidden,Non trouvé,Non trouvé,Non trouvé,Aucun avis,Inconnu,Inconnu,Aucun tag,https://khamsat.com/business/erp/3183866-%D8%AA%D8%B7%D9%88%D9%8A%D8%B1-%D8%A8%D8%B1%D9%86%D8%A7%D9%85%D8%AC-%D9%8A%D9%84%D8%A8%D9%8A-%D8%A7%D8%AD%D8%AA%D9%8A%D8%A7%D8%AC%D8%A7%D8%AA%D9%83-%D8%A8%D8%A3%D8%B3%D8%AA%D8%AE%D8%AF%D8%A7%D9%85-excel-vba
403 Forbidden,Non trouvé,Non trouvé,Non trouvé,Aucun avis,Inconnu,Inconnu,Aucun tag,https://khamsat.com/business/accounting-bookkeeping/3867745-%D8%A7%D8%B9%D8%AF%D8%A7%D8%AF-%D8%A7%D9%84%D9%82%D9%8A%D9%88%D8%AF-%D8%A7%D9%84%D9%8A%D9%88%D9%85%D9%8A%D8%A9-%D9%88%D9%85%D8%AA%D8%A7%D8%A8%D8%B9%D8%A9-%D8%A7%D9%84%D8%B9%D9%85%D9%84%D8%A7%D8%A1-%D9%88%D8%A7%D9%84%D9%85%D9%88%D8%B1%D8%AF%D9%8A%D9%86
403 Forbidden,Non trouvé,Non trouvé,Non trouvé,Aucun avis,Inconnu,Inconnu,Aucun tag,https://khamsat.com/business/file-conversion/2423313-%D8%AA%D8%AD%D9%88%D9%8A%D9%84-%D9%85%D9%84%D9%81-pdf-%D8%A7%D9%84%D9%89-%D9%85%D9%84%D9%81-%D9%88%D9%88%D8%B1%D8%AF
403 Forbidden,Non trouvé,Non trouvé,Non trouvé,Aucun avis,Inconnu,Inconnu,Aucun tag,https://khamsat.com/business/feasibility-study/1125441-%D8%A7%D8%B5%D9%86%D8%B9-%D8%AF%D8%B1%D8%A7%D8%B3%D8%A9-%D8%AC%D8%AF%D9%88%D9%89-%D9%85%D8%B4%D8%B1%D9%88%D8%B9%D9%83-%D8%A8%D9%86%D9%81%D8%B3%D9%83
403 Forbidden,Non trouvé,Non trouvé,Non trouvé,Aucun avis,Inconnu,Inconnu,Aucun tag,https://khamsat.com/business/erp/2758891-%D8%A8%D8%B1%D9%86%D8%A7%D9%85%D8%AC-%D8%A7%D9%83%D8%B3%D9%84-%D8%A7%D9%84%D8%AF%D8%AE%D9%84-%D9%88%D8%A7%D9%84%D9%85%D8%B5%D8%A7%D8%B1%D9%8A%D9%81
403 Forbidden,Non trouvé,Non trouvé,Non trouvé,Aucun avis,Inconnu,Inconnu,Aucun tag,https://khamsat.com/business/accounting-bookkeeping/2906276-%D9%85%D8%AD%D8%A7%D8%B3%D8%A8-%D8%B9%D9%86-%D8%A8%D8%B9%D8%AF-%D9%88%D9%85%D8%B3%D8%AA%D8%B9%D8%AF-%D9%84%D8%A3%D9%8A-%D8%B9%D9%85%D9%84-%D9%85%D8%AD%D8%A7%D8%B3%D8%A8%D9%89
403 Forbidden,Non trouvé,Non trouvé,Non trouvé,Aucun avis,Inconnu,Inconnu,Aucun tag,https://khamsat.com/business/file-conversion/3845873-%D8%AA%D8%AD%D9%88%D9%8A%D9%84-%D9%85%D9%84%D9%81%D8%A7%D8%AA-word-%D8%A5%D9%84%D9%89-pdf-%D8%A8%D8%A7%D8%AD%D8%AA%D8%B1%D8%A7%D9%81%D9%8A%D8%A9
403 Forbidden,Non trouvé,Non trouvé,Non trouvé,Aucun avis,Inconnu,Inconnu,Aucun tag,https://khamsat.com/business/feasibility-study/150002-%D8%A7%D8%AF%D8%B1%D8%B3-%D9%85%D8%B4%D8%B1%D9%88%D8%B9%D9%83-%D9%82%D8%A8%D9%84-%D9%85%D8%A7%D8%AA%D8%AE%D8%B3%D8%B1-%D9%81%D9%84%D9%88%D8%B3%D9%83
403 Forbidden,Non trouvé,Non trouvé,Non trouvé,Aucun avis,Inconnu,Inconnu,Aucun tag,https://khamsat.com/business/erp/2622011-%D8%A7%D9%84%D8%B9%D9%85%D9%84-%D8%B9%D9%84%D9%89-%D8%A8%D8%B1%D9%86%D8%A7%D9%85%D8%AC-zohobooks
403 Forbidden,Non trouvé,Non trouvé,Non trouvé,Aucun avis,Inconnu,Inconnu,Aucun tag,https://khamsat.com/business/accounting-bookkeeping/3745781-%D8%A5%D8%B9%D8%AF%D8%A7%D8%AF-%D8%A7%D9%84%D8%AA%D9%82%D8%A7%D8%B1%D9%8A%D8%B1-%D8%A7%D9%84%D9%85%D8%A7%D9%84%D9%8A%D8%A9-%D9%84%D9%84%D9%85%D8%B7%D8%A7%D8%B9%D9%85-%D9%88%D8%A7%D9%84%D8%B4%D8%B1%D9%83%D8%A7%D8%AA-%D8%A3%D9%88%D9%86%D9%84%D8%A7%D9%8A%D9%86-%D8%A8%D8%A7%D8%AD%D8%AA%D8%B1%D8%A7%D9%81%D9%8A%D8%A9
403 Forbidden,Non trouvé,Non trouvé,Non trouvé,Aucun avis,Inconnu,Inconnu,Aucun tag,https://khamsat.com/business/file-conversion/2334515-%D8%AA%D8%AD%D9%88%D9%8A%D9%84-%D9%85%D9%84%D9%81-%D9%88%D9%88%D8%B1%D8%AF-%D9%84%D9%85%D9%84%D9%81-pdf-%D8%A8%D8%AC%D9%88%D8%AF%D8%A9-%D8%B9%D8%A7%D9%84%D9%8A%D8%A9
403 Forbidden,Non trouvé,Non trouvé,Non trouvé,Aucun avis,Inconnu,Inconnu,Aucun tag,https://khamsat.com/business/feasibility-study/1715906-%D8%AF%D8%B1%D8%A7%D8%B3%D8%A9-%D8%AC%D8%AF%D9%88%D9%89-%D8%A7%D8%AD%D8%AA%D8%B1%D8%A7%D9%81%D9%8A%D8%A9-%D9%84%D9%84%D9%85%D8%B4%D8%A7%D8%B1%D9%8A%D8%B9
403 Forbidden,Non trouvé,Non trouvé,Non trouvé,Aucun avis,Inconnu,Inconnu,Aucun tag,https://khamsat.com/business/erp/2311844-%D8%AA%D8%B5%D9%85%D9%8A%D9%85-%D8%A7%D9%83%D8%B3%D9%8A%D9%84-%D9%85%D8%AD%D8%A7%D8%B3%D8%A8%D9%8A-%D8%A7%D8%AD%D8%AA%D8%B1%D8%A7%D9%81%D9%8A-%D9%84%D8%A7%D8%AF%D8%A7%D8%B1%D8%A9-%D8%AD%D8%B3%D8%A7%D8%A8%D8%A7%D8%AA-%D9%85%D8%B4%D8%B1%D9%88%D8%B9%D9%83-%D8%A7%D9%88-%D8%B4%D8%B1%D9%83%D8%AA%D9%83
403 Forbidden,Non trouvé,Non trouvé,Non trouvé,Aucun avis,Inconnu,Inconnu,Aucun tag,https://khamsat.com/business/accounting-bookkeeping/2771455-%D8%A7%D9%84%D8%AE%D8%AF%D9%85%D8%A7%D8%AA-%D8%A7%D9%84%D9%85%D8%AD%D8%A7%D8%B3%D8%A8%D9%8A%D8%A9-%D8%B9%D9%84%D9%89-%D8%A8%D8%B1%D9%86%D8%A7%D9%85%D8%AC-%D8%AF%D9%81%D8%AA%D8%B1%D8%A9-%D8%A7%D9%84%D9%85%D8%AD%D8%A7%D8%B3%D8%A8%D9%8A
403 Forbidden,Non trouvé,Non trouvé,Non trouvé,Aucun avis,Inconnu,Inconnu,Aucun tag,https://khamsat.com/business/file-conversion/877111-%D8%AA%D8%AD%D9%88%D9%8A%D9%84-%D9%85%D9%84%D9%81%D8%A7%D8%AA-%D8%A7%D8%B3%D9%83%D8%A7%D9%86%D8%B1-%D8%A7%D9%88-%D8%A8%D8%AE%D8%B7-%D8%A7%D9%84%D9%8A%D8%AF-%D8%A7%D9%88-bdf-%D8%A5%D9%84%D9%89-word-%D9%83%D9%84-1500-%D9%83%D9%84%D9%85%D8%A9
403 Forbidden,Non trouvé,Non trouvé,Non trouvé,Aucun avis,Inconnu,Inconnu,Aucun tag,https://khamsat.com/business/feasibility-study/2781282-%D8%AF%D8%B1%D8%A7%D8%B3%D8%A9-%D8%AC%D8%AF%D9%88%D9%89-%D8%B4%D8%A7%D9%85%D9%84%D8%A9-%D9%88%D8%A7%D8%AD%D8%AA%D8%B1%D8%A7%D9%81%D9%8A%D8%A9-%D9%84%D9%85%D8%B4%D8%B1%D9%88%D8%B9%D9%83
403 Forbidden,Non trouvé,Non trouvé,Non trouvé,Aucun avis,Inconnu,Inconnu,Aucun tag,https://khamsat.com/business/erp/2525128-%D8%A3%D8%B9%D9%85%D8%A7%D9%84-%D9%85%D8%AD%D8%A7%D8%B3%D8%A8%D9%8A%D8%A9-%D9%88%D8%A7%D8%AF%D8%AE%D8%A7%D9%84-%D9%82%D9%8A%D9%88%D8%AF-%D8%B9%D9%84-%D8%A8%D8%B1%D9%86%D8%A7%D9%85%D8%AC-%D9%82%D9%8A%D9%88%D8%AF-%D8%A7%D9%84%D9%85%D8%AD%D8%A7%D8%B3%D8%A8%D9%8A
403 Forbidden,Non trouvé,Non trouvé,Non trouvé,Aucun avis,Inconnu,Inconnu,Aucun tag,https://khamsat.com/business/file-conversion/3060088-%D8%AA%D8%AD%D9%88%D9%8A%D9%84-%D9%88%D8%AA%D9%86%D8%B3%D9%8A%D9%82-%D9%85%D9%84%D9%81%D8%A7%D8%AA-pdf-%D8%A3%D9%88-%D8%A7%D9%84%D8%B5%D9%88%D8%B1-%D8%A5%D9%84%D9%89-%D9%85%D9%84%D9%81%D8%A7%D8%AA-word-%D8%A3%D9%88-excel
403 Forbidden,Non trouvé,Non trouvé,Non trouvé,Aucun avis,Inconnu,Inconnu,Aucun tag,https://khamsat.com/business/accounting-bookkeeping/3707363-%D9%85%D8%AD%D8%A7%D8%B3%D8%A8-%D8%B9%D9%86-%D8%A8%D8%B9%D8%AF-%D8%A3%D8%B9%D9%85%D8%A7%D9%84-%D9%85%D8%AD%D8%A7%D8%B3%D8%A8%D9%8A%D8%A9-%D9%88-%D8%A5%D8%AF%D8%AE%D8%A7%D9%84-%D9%82%D9%8A%D9%88%D8%AF-%D8%B9%D9%84%D9%89-%D8%A8%D8%B1%D9%86%D8%A7%D9%85%D8%AC-%D9%82%D9%8A%D9%88%D8%AF
403 Forbidden,Non trouvé,Non trouvé,Non trouvé,Aucun avis,Inconnu,Inconnu,Aucun tag,https://khamsat.com/business/feasibility-study/920259-%D8%B3%D8%A3%D9%82%D9%88%D9%85-%D8%A8%D8%B9%D9%85%D9%84-%D8%AF%D8%B1%D8%A7%D8%B3%D8%A7%D8%AA-%D8%A7%D9%84%D8%AC%D8%AF%D9%88%D9%8A-%D9%84%D9%85%D8%B4%D8%B1%D9%88%D8%B9%D9%83-%D9%88%D9%88%D8%B1%D8%AF
403 Forbidden,Non trouvé,Non trouvé,Non trouvé,Aucun avis,Inconnu,Inconnu,Aucun tag,https://khamsat.com/business/erp/1921435-%D8%AA%D8%B5%D9%85%D9%8A%D9%85-%D9%86%D8%B8%D8%A7%D9%85-%D9%85%D8%AD%D8%A7%D8%B3%D8%A8%D9%8A-%D8%A8%D8%A7%D8%B3%D8%AA%D8%AE%D8%AF%D8%A7%D9%85-%D8%A8%D8%B1%D9%86%D8%A7%D9%85%D8%AC-%D8%A7%D9%84%D8%A7%D9%83%D8%B3%D9%8A%D9%84
403 Forbidden,Non trouvé,Non trouvé,Non trouvé,Aucun avis,Inconnu,Inconnu,Aucun tag,https://khamsat.com/business/accounting-bookkeeping/2345857-%D9%85%D8%AD%D8%A7%D8%B3%D8%A8-%D9%85%D8%A7%D9%84%D9%8A-%D9%88%D8%A5%D8%AF%D8%A7%D8%B1%D8%A9-%D9%85%D8%A7%D9%84%D9%8A%D8%A9-%D9%84%D9%85%D8%AA%D8%AC%D8%B1%D9%83-%D8%A7%D9%84%D8%A3%D9%84%D9%83%D8%AA%D8%B1%D9%88%D9%86%D9%8A
403 Forbidden,Non trouvé,Non trouvé,Non trouvé,Aucun avis,Inconnu,Inconnu,Aucun tag,https://khamsat.com/business/file-conversion/1526995-%D8%AA%D8%AD%D9%88%D9%8A%D9%84-%D9%88%D8%AA%D9%86%D8%B3%D9%8A%D9%82-%D9%85%D9%84%D9%81%D8%A7%D8%AA-pdf-%D8%A5%D9%84%D9%89-word
403 Forbidden,Non trouvé,Non trouvé,Non trouvé,Aucun avis,Inconnu,Inconnu,Aucun tag,https://khamsat.com/business/feasibility-study/2924961-%D8%AF%D8%B1%D8%A7%D8%B3%D8%A9-%D8%AC%D8%AF%D9%88%D9%8A-%D9%84%D8%A7%D9%8A-%D9%85%D8%B4%D8%B1%D9%88%D8%B9
403 Forbidden,Non trouvé,Non trouvé,Non trouvé,Aucun avis,Inconnu,Inconnu,Aucun tag,https://khamsat.com/business/erp/2851948-%D8%AA%D8%B5%D9%85%D9%8A%D9%85-%D9%88%D8%A5%D9%86%D8%B4%D8%A7%D8%A1-%D9%85%D9%84%D9%81-%D8%A7%D9%83%D8%B3%D9%84-%D9%8A%D8%B3%D8%A7%D8%B9%D8%AF%D9%83-%D9%81%D9%8A-%D8%A7%D9%86%D8%AC%D8%A7%D8%B2-%D9%85%D9%87%D8%A7%D9%85%D9%83
403 Forbidden,Non trouvé,Non trouvé,Non trouvé,Aucun avis,Inconnu,Inconnu,Aucun tag,https://khamsat.com/business/accounting-bookkeeping/2223980-%D8%B9%D9%85%D9%84-%D8%AA%D9%82%D8%A7%D8%B1%D9%8A%D8%B1-%D9%88%D8%A8%D9%8A%D8%A7%D9%86%D8%A7%D8%AA-%D9%85%D8%A7%D9%84%D9%8A%D8%A9-%D9%85%D8%A8%D9%8A%D8%B9%D8%A7%D8%AA-%D9%85%D8%B4%D8%AA%D8%B1%D9%8A%D8%A7%D8%AA-%D9%88%D9%85%D8%B1%D8%AA%D8%A8%D8%A7%D8%AA
403 Forbidden,Non trouvé,Non trouvé,Non trouvé,Aucun avis,Inconnu,Inconnu,Aucun tag,https://khamsat.com/business/file-conversion/2819559-%D8%A7%D9%84%D8%AA%D8%AD%D9%88%D9%8A%D9%84-%D9%85%D9%86-pdf-%D8%A7%D9%84%D9%89-word-%D9%88%D9%85%D9%86-word-%D8%A7%D9%84%D9%89-pdf
403 Forbidden,Non trouvé,Non trouvé,Non trouvé,Aucun avis,Inconnu,Inconnu,Aucun tag,https://khamsat.com/business/feasibility-study/3879142-%D8%AF%D8%B1%D8%A7%D8%B3%D8%A9-%D8%AC%D8%AF%D9%88%D9%89-%D9%85%D8%AA%D9%83%D8%A7%D9%85%D9%84%D8%A9-%D9%88%D9%81%D9%82-%D9%86%D9%85%D9%88%D8%B0%D8%AC-%D8%A7%D9%84%D8%AF%D8%B1%D8%A7%D8%B3%D8%A7%D8%AA-%D8%A7%D9%84%D8%AE%D9%85%D8%B3-five-case-model
403 Forbidden,Non trouvé,Non trouvé,Non trouvé,Aucun avis,Inconnu,Inconnu,Aucun tag,https://khamsat.com/business/erp/2931679-%D8%AA%D8%AC%D9%87%D9%8A%D8%B2-%D9%86%D9%82%D8%A7%D8%B7-%D8%A7%D9%84%D8%A8%D9%8A%D8%B9-%D8%A7%D9%88%D8%AF%D9%88-odoo-pos
403 Forbidden,Non trouvé,Non trouvé,Non trouvé,Aucun avis,Inconnu,Inconnu,Aucun tag,https://khamsat.com/business/accounting-bookkeeping/3343291-%D8%B3%D8%A3%D9%82%D9%88%D9%85-%D8%A8%D8%A5%D8%B9%D8%AF%D8%A7%D8%AF-%D9%88%D8%AA%D8%AC%D9%87%D9%8A%D8%B2-%D9%85%D9%84%D9%81-%D8%B6%D8%B1%D9%8A%D8%A8%D8%A9-%D8%A7%D9%84%D9%82%D9%8A%D9%85%D8%A9-%D8%A7%D9%84%D9%85%D8%B6%D8%A7%D9%81%D8%A9-vat-%D9%84%D9%84%D8%B4%D8%B1%D9%83%D8%A7%D8%AA-%D8%AF%D8%A7%D8%AE
403 Forbidden,Non trouvé,Non trouvé,Non trouvé,Aucun avis,Inconnu,Inconnu,Aucun tag,https://khamsat.com/business/file-conversion/2532656-%D8%AA%D8%AD%D9%88%D9%8A%D9%84-%D9%86%D8%B5%D9%88%D8%B5-%D8%A7%D9%84%D8%B5%D9%88%D8%B1-%D8%A7%D9%84%D9%89-%D9%85%D9%84%D9%81%D8%A7%D8%AA-pdf-%D9%88-docx-%D9%88-word
403 Forbidden,Non trouvé,Non trouvé,Non trouvé,Aucun avis,Inconnu,Inconnu,Aucun tag,https://khamsat.com/business/feasibility-study/3824047-%D9%86%D9%85%D9%88%D8%B0%D8%AC-%D8%A7%D9%84%D8%AF%D8%B1%D8%A7%D8%B3%D8%A9-%D8%A7%D9%84%D9%85%D8%A7%D9%84%D9%8A%D8%A9-%D9%84%D8%AF%D8%B1%D8%A7%D8%B3%D8%A9-%D8%AC%D8%AF%D9%88%D9%89-%D9%82%D8%A7%D8%A8%D9%84-%D9%84%D9%84%D8%AA%D8%B9%D8%A8%D8%A6%D8%A9
403 Forbidden,Non trouvé,Non trouvé,Non trouvé,Aucun avis,Inconnu,Inconnu,Aucun tag,https://khamsat.com/business/erp/1998315-%D8%A7%D8%B3%D8%AA%D8%B4%D8%A7%D8%B1%D8%A7%D8%AA-%D9%88-%D8%AA%D8%AF%D8%B1%D9%8A%D8%A8-%D9%86%D8%B8%D8%A7%D9%85-%D8%A7%D9%88%D8%AF%D9%88-odoo-enterprise-community
403 Forbidden,Non trouvé,Non trouvé,Non trouvé,Aucun avis,Inconnu,Inconnu,Aucun tag,https://khamsat.com/business/file-conversion/3130952-%D8%AA%D8%AD%D9%88%D9%8A%D9%84-%D9%85%D9%84%D9%81%D8%A7%D8%AA-%D8%A7%D9%84-pdf-%D9%88%D8%A7%D9%84%D8%B5%D9%88%D8%B1-%D8%A5%D9%84%D9%89-%D9%85%D8%B3%D8%AA%D9%86%D8%AF%D8%A7%D8%AA-word-%D9%82%D8%A7%D8%A8%D9%84%D8%A9-%D9%84%D9%84%D8%AA%D8%AD%D8%B1%D9%8A%D8%B1
403 Forbidden,Non trouvé,Non trouvé,Non trouvé,Aucun avis,Inconnu,Inconnu,Aucun tag,https://khamsat.com/business/accounting-bookkeeping/3788114-%D8%B9%D9%85%D9%84-%D8%A8%D8%B1%D8%A7%D9%85%D8%AC-%D9%85%D8%AD%D8%A7%D8%B3%D8%A8%D9%8A%D8%A9-%D9%84%D9%84%D8%A7%D9%86%D8%B4%D8%B7%D8%A9-%D8%A7%D9%84%D8%AA%D8%AC%D8%A7%D8%B1%D9%8A%D8%A9-%D9%88%D8%A7%D9%84%D8%B4%D8%B1%D9%83-%D8%A8%D8%A7%D9%84%D8%A7%D9%83%D8%B3%D9%8A%D9%84-%D8%A7%D9%84%D8%AA%D8%AC%D8%A7%D8%B1%D9%89
403 Forbidden,Non trouvé,Non trouvé,Non trouvé,Aucun avis,Inconnu,Inconnu,Aucun tag,https://khamsat.com/business/feasibility-study/3904222-%D8%AF%D8%B1%D8%A7%D8%B3%D8%A9-%D8%AC%D8%AF%D9%88%D9%8A-%D9%88%D8%B9%D8%B1%D8%B6-%D8%B3%D8%B9%D8%B1-%D9%81%D9%86%D9%8A-%D9%88%D9%85%D8%A7%D9%84%D9%89-%D8%B4%D8%A7%D9%85%D9%84-%D8%A8%D8%A7%D8%AD%D8%AA%D8%B1%D8%A7%D9%81%D9%8A%D8%A9-%D9%88%D8%AF%D9%82%D8%A9-%D8%B9%D8%A7%D9%84%D9%8A%D8%A9
403 Forbidden,Non trouvé,Non trouvé,Non trouvé,Aucun avis,Inconnu,Inconnu,Aucun tag,https://khamsat.com/business/erp/2902143-%D8%A8%D8%B1%D9%86%D8%A7%D9%85%D8%AC-%D9%85%D8%A8%D9%8A%D8%B9%D8%A7%D8%AA-%D9%85%D8%AA%D9%83%D8%A7%D9%85%D9%84-%D8%B9%D9%84%D9%8A-%D8%A7%D9%84%D8%A7%D9%83%D8%B3%D9%8A%D9%84-%D8%A8%D9%84%D8%BA%D9%87-%D8%A7%D9%83%D9%88%D8%A7%D8%AF-vba
403 Forbidden,Non trouvé,Non trouvé,Non trouvé,Aucun avis,Inconnu,Inconnu,Aucun tag,https://khamsat.com/business/accounting-bookkeeping/3846190-%D9%82%D9%8A%D9%88%D8%AF-%D9%8A%D9%88%D9%85%D9%8A%D8%A9-%D9%88%D9%85%D9%8A%D8%B2%D8%A7%D9%86-%D9%85%D8%B1%D8%A7%D8%AC%D8%B9%D8%A9-%D9%88%D9%82%D8%A7%D8%A6%D9%85%D8%A9-%D8%AF%D8%AE%D9%84-%D9%88%D9%85%D9%84%D9%81-%D8%B6%D8%B1%D9%8A%D8%A8%D8%A9-%D8%A7%D9%84%D9%85%D8%B6%D8%A7%D9%81%D8%A9
403 Forbidden,Non trouvé,Non trouvé,Non trouvé,Aucun avis,Inconnu,Inconnu,Aucun tag,https://khamsat.com/business/file-conversion/1104419-%D8%AA%D8%AD%D9%88%D9%8A%D9%84-%D9%85%D9%84%D9%81%D8%A7%D8%AA-pdf-%D8%A3%D9%88-%D8%A7%D9%84%D8%B5%D9%88%D8%B1-%D8%A5%D9%84%D9%89-%D9%85%D9%84%D9%81-word
403 Forbidden,Non trouvé,Non trouvé,Non trouvé,Aucun avis,Inconnu,Inconnu,Aucun tag,https://khamsat.com/business/feasibility-study/3569148-%D9%85%D9%87%D9%86%D8%AF%D8%B3-%D9%85%D8%AA%D8%AE%D8%B5%D8%B5-%D9%81%D9%8A-%D8%AF%D8%B1%D8%A7%D8%B3%D8%A9-%D8%A7%D9%84%D8%AC%D8%AF%D9%88%D9%89-%D9%84%D9%84%D9%85%D8%B4%D8%A7%D8%B1%D9%8A%D8%B9-%D9%88%D8%A7%D8%AF%D8%A7%D8%B1%D8%A9-%D8%A7%D9%84%D9%85%D8%B4%D8%A7%D8%B1%D9%8A%D8%B9-%D8%A7%D9%84%D9%86%D8%A7%D8%B4%D8%A6%D8%A9
403 Forbidden,Non trouvé,Non trouvé,Non trouvé,Aucun avis,Inconnu,Inconnu,Aucun tag,https://khamsat.com/business/erp/2392068-%D9%85%D9%84%D9%81-%D8%A7%D9%83%D8%B3%D9%84-%D9%84%D8%AD%D8%B3%D8%A7%D8%A8-%D8%AA%D9%83%D8%A7%D9%84%D9%8A%D9%81-%D8%A7%D9%84%D9%85%D8%B4%D8%B1%D9%88%D8%B9-%D9%85%D8%AA%D8%B6%D9%85%D9%86-%D8%AD%D8%B3%D8%A7%D8%A8-%D8%B3%D8%A7%D8%B9%D8%A7%D8%AA-%D8%A7%D9%84%D8%AA%D8%B4%D8%BA%D9%8A%D9%84
403 Forbidden,Non trouvé,Non trouvé,Non trouvé,Aucun avis,Inconnu,Inconnu,Aucun tag,https://khamsat.com/business/file-conversion/3695293-%D8%AA%D8%AD%D9%88%D9%8A%D9%84-%D9%85%D9%84%D9%81%D8%A7%D8%AA-%D9%88%D9%88%D8%B1%D8%AF-word-%D8%A5%D9%84%D9%89-%D8%A5%D9%83%D8%B3%D9%84-excel-%D8%A8%D8%A7%D8%AD%D8%AA%D8%B1%D8%A7%D9%81%D9%8A%D8%A9-%D9%88%D8%B3%D8%B1%D8%B9%D8%A9
403 Forbidden,Non trouvé,Non trouvé,Non trouvé,Aucun avis,Inconnu,Inconnu,Aucun tag,https://khamsat.com/business/accounting-bookkeeping/2136337-%D9%85%D8%AD%D8%A7%D8%B3%D8%A8-%D8%B9%D8%A7%D9%85-%D9%88%D9%85%D8%AF%D9%8A%D8%B1-%D8%AD%D8%B3%D8%A7%D8%A8%D8%A7%D8%AA-%D9%84%D9%84%D8%B9%D9%85%D9%84-%D9%85%D8%B9%D9%83-%D8%A8%D9%83%D8%A7%D9%81%D8%A9-%D8%A7%D9%84%D8%A3%D9%85%D9%88%D8%B1-%D8%A7%D9%84%D9%85%D8%A7%D9%84%D9%8A%D8%A9
403 Forbidden,Non trouvé,Non trouvé,Non trouvé,Aucun avis,Inconnu,Inconnu,Aucun tag,https://khamsat.com/business/feasibility-study/3243725-%D8%AF%D8%B1%D8%A7%D8%B3%D8%A9-%D8%AC%D8%AF%D9%88%D9%89-%D8%B4%D8%A7%D9%85%D9%84%D8%A9-%D8%AA%D8%B4%D8%BA%D9%8A%D9%84%D9%8A%D8%A9-%D9%81%D9%86%D9%8A%D8%A9-%D8%AA%D8%B3%D9%88%D9%8A%D9%82%D9%8A%D8%A9-%D9%85%D8%A7%D9%84%D9%8A%D8%A9
403 Forbidden,Non trouvé,Non trouvé,Non trouvé,Aucun avis,Inconnu,Inconnu,Aucun tag,https://khamsat.com/business/erp/2855134-%D8%A7%D9%84%D8%AA%D8%AA%D8%AD%D9%82-%D9%85%D9%86-%D8%AA%D9%88%D8%A7%D9%81%D9%82-%D9%85%D8%AA%D8%B7%D9%84%D8%A8%D8%A7%D8%AA-%D9%85%D9%86%D8%B4%D8%A3%D8%AA%D9%83-%D9%85%D8%B9-%D8%AD%D8%B3%D8%A7%D8%A8-zoho-books-%D8%A7%D9%84%D9%85%D8%AC%D8%A7%D9%86%D9%8A
403 Forbidden,Non trouvé,Non trouvé,Non trouvé,Aucun avis,Inconnu,Inconnu,Aucun tag,https://khamsat.com/business/file-conversion/3835552-%D8%AA%D8%AD%D9%88%D9%8A%D9%84-%D9%85%D9%84%D9%81%D8%A7%D8%AA-%D8%A7%D9%84pdf-%D8%A7%D9%84%D9%89-word-%D9%88-%D8%A7%D9%84%D8%B9%D9%83%D8%B3
403 Forbidden,Non trouvé,Non trouvé,Non trouvé,Aucun avis,Inconnu,Inconnu,Aucun tag,https://khamsat.com/business/accounting-bookkeeping/3827803-%D9%85%D8%B3%D9%83-%D8%AF%D9%81%D8%A7%D8%AA%D8%B1-%D9%85%D8%AD%D8%A7%D8%B3%D8%A8%D9%8A%D8%A9-%D9%88%D9%85%D8%B1%D8%A7%D8%AC%D8%B9%D8%A9-%D9%88%D8%AA%D8%AF%D9%82%D9%8A%D9%82-%D9%88%D8%AA%D8%AD%D9%84%D9%8A%D9%84-%D8%A7%D9%84%D9%82%D9%88%D8%A7%D8%A6%D9%85-%D8%A7%D9%84%D9%85%D8%A7%D9%84%D9%8A%D8%A9
403 Forbidden,Non trouvé,Non trouvé,Non trouvé,Aucun avis,Inconnu,Inconnu,Aucun tag,https://khamsat.com/business/feasibility-study/3801782-%D8%AF%D8%B1%D8%A7%D8%B3%D8%A9-%D8%AC%D8%AF%D9%88%D9%89-%D8%A7%D9%82%D8%AA%D8%B5%D8%A7%D8%AF%D9%8A%D8%A9-%D9%88%D8%A5%D8%B3%D8%AA%D8%AB%D9%85%D8%A7%D8%B1%D9%8A%D8%A9
403 Forbidden,Non trouvé,Non trouvé,Non trouvé,Aucun avis,Inconnu,Inconnu,Aucun tag,https://khamsat.com/business/erp/2326397-%D8%AE%D8%AF%D9%85%D8%A7%D8%AA-%D9%85%D8%AD%D8%A7%D8%B3%D8%A8%D9%8A%D8%A9-%D9%88%D8%A5%D8%AF%D8%A7%D8%B1%D9%8A%D8%A9-%D8%A8%D8%A7%D8%B3%D8%AA%D8%AE%D8%AF%D8%A7%D9%85-%D8%A8%D8%B1%D9%86%D8%A7%D9%85%D8%AC-quickbooks-online
403 Forbidden,Non trouvé,Non trouvé,Non trouvé,Aucun avis,Inconnu,Inconnu,Aucun tag,https://khamsat.com/business/file-conversion/3766649-%D8%AA%D8%AD%D9%88%D9%8A%D9%84-%D9%85%D9%84%D9%81-pdf-%D8%A7%D9%84%D9%89-%D9%85%D9%84%D9%81-word
403 Forbidden,Non trouvé,Non trouvé,Non trouvé,Aucun avis,Inconnu,Inconnu,Aucun tag,https://khamsat.com/business/accounting-bookkeeping/3818343-%D8%AA%D9%86%D8%B8%D9%8A%D9%85-%D9%88%D8%A7%D8%B9%D8%AF%D8%AF-%D8%A7%D9%84%D8%AD%D8%B3%D8%A7%D8%A8%D8%A7%D8%AA-%D8%AD%D8%AA%D9%89-%D8%A7%D8%B5%D8%AF%D8%A7%D8%B1-%D8%A7%D9%84%D8%AA%D9%82%D8%A7%D8%B1%D9%8A%D8%B1-%D8%A7%D9%84%D9%85%D8%A7%D9%84%D9%8A%D8%A9
403 Forbidden,Non trouvé,Non trouvé,Non trouvé,Aucun avis,Inconnu,Inconnu,Aucun tag,https://khamsat.com/business/feasibility-study/3160107-%D9%86%D9%85%D9%88%D8%B0%D8%AC-%D8%B9%D9%85%D9%84-%D8%AA%D8%AC%D8%A7%D8%B1%D9%8A-business-model-%D9%84%D9%85%D8%B4%D8%B1%D9%88%D8%B9%D9%83-%D9%88%D9%81%D9%83%D8%B1%D8%AA%D9%83
403 Forbidden,Non trouvé,Non trouvé,Non trouvé,Aucun avis,Inconnu,Inconnu,Aucun tag,https://khamsat.com/business/erp/1874193-%D8%AA%D8%B5%D9%85%D9%8A%D9%85-%D8%A8%D8%B1%D8%A7%D9%85%D8%AC-%D9%85%D8%AD%D8%A7%D8%B3%D8%A8%D9%8A%D8%A9-%D8%B5%D8%BA%D9%8A%D8%B1%D8%A9-%D9%84%D8%A7%D8%AF%D8%AE%D8%A7%D9%84-%D8%A7%D9%84%D8%A8%D9%8A%D8%A7%D9%86%D8%A7%D8%AA-%D8%B9%D9%84%D9%89-%D8%A7%D9%84%D8%A7%D9%83%D8%B3%D9%8A%D9%84
403 Forbidden,Non trouvé,Non trouvé,Non trouvé,Aucun avis,Inconnu,Inconnu,Aucun tag,https://khamsat.com/business/file-conversion/3110392-%D8%AA%D8%AD%D9%88%D9%8A%D9%84-%D8%A7%D9%84pdf-%D8%A7%D9%84%D9%8A-%D9%85%D9%84%D9%81-word-%D9%82%D8%A7%D8%A8%D9%84-%D9%84%D9%84%D8%AA%D8%B9%D8%AF%D9%8A%D9%84-%D8%A8%D8%A7%D8%AD%D8%AA%D8%B1%D8%A7%D9%81%D9%8A%D8%A9
403 Forbidden,Non trouvé,Non trouvé,Non trouvé,Aucun avis,Inconnu,Inconnu,Aucun tag,https://khamsat.com/business/accounting-bookkeeping/3720831-%D8%AA%D9%82%D8%AF%D9%8A%D9%85-%D8%AE%D8%AF%D9%85%D8%A7%D8%AA-%D9%85%D8%AD%D8%A7%D8%B3%D8%A8%D9%8A%D8%A9-%D8%B9%D9%86-%D8%A8%D8%B9%D8%AF-%D9%82%D9%8A%D9%88%D8%AF-%D9%85%D8%AD%D8%A7%D8%B3%D8%A8%D9%8A%D8%A9-%D9%82%D9%88%D8%A7%D8%A6%D9%85-%D9%85%D8%A7%D9%84%D9%8A%D8%A9
403 Forbidden,Non trouvé,Non trouvé,Non trouvé,Aucun avis,Inconnu,Inconnu,Aucun tag,https://khamsat.com/business/feasibility-study/2694464-%D8%AF%D8%B1%D8%A7%D8%B3%D8%A9-%D8%AC%D8%AF%D9%88%D9%89-%D8%A7%D9%82%D8%AA%D8%B5%D8%A7%D8%AF%D9%8A%D8%A9-%D9%85%D8%A7%D9%84%D9%8A%D8%A9-%D8%AA%D8%B3%D9%88%D9%8A%D9%82%D9%8A%D8%A9-%D8%B4%D8%A7%D9%85%D9%84%D8%A9-%D9%83%D9%84-%D8%B4%D9%8A%D8%A1
403 Forbidden,Non trouvé,Non trouvé,Non trouvé,Aucun avis,Inconnu,Inconnu,Aucun tag,https://khamsat.com/business/erp/2622006-%D8%A7%D9%84%D8%B9%D9%85%D9%84-%D8%B9%D9%84%D9%89-%D8%A8%D8%B1%D9%86%D8%A7%D9%85%D8%AC-quickbooks
403 Forbidden,Non trouvé,Non trouvé,Non trouvé,Aucun avis,Inconnu,Inconnu,Aucun tag,https://khamsat.com/business/file-conversion/3084193-%D8%AA%D8%B9%D8%AF%D9%8A%D9%84-%D9%88%D8%AF%D9%85%D8%AC-%D9%88%D8%AA%D9%82%D8%B3%D9%8A%D9%85-%D9%88%D8%B6%D8%BA%D8%B7-%D9%88%D8%AA%D9%86%D8%B8%D9%8A%D9%85-%D9%88%D8%AA%D8%AD%D9%88%D9%8A%D9%84-%D9%85%D9%84%D9%81%D8%A7%D8%AA-pdf
403 Forbidden,Non trouvé,Non trouvé,Non trouvé,Aucun avis,Inconnu,Inconnu,Aucun tag,https://khamsat.com/business/accounting-bookkeeping/3727308-%D9%85%D8%AD%D8%A7%D8%B3%D8%A8-%D8%B9%D9%86-%D8%A8%D8%B9%D8%AF-%D9%84%D8%AA%D9%86%D8%B8%D9%8A%D9%85-%D8%A7%D9%84%D8%A3%D8%B9%D9%85%D8%A7%D9%84-%D8%A7%D9%84%D9%85%D8%A7%D9%84%D9%8A%D8%A9
403 Forbidden,Non trouvé,Non trouvé,Non trouvé,Aucun avis,Inconnu,Inconnu,Aucun tag,https://khamsat.com/business/feasibility-study/3860200-%D8%A5%D8%B9%D8%AF%D8%A7%D8%AF-%D8%AF%D8%B1%D8%A7%D8%B3%D8%A9-%D8%AC%D8%AF%D9%88%D9%89-%D8%A7%D9%82%D8%AA%D8%B5%D8%A7%D8%AF%D9%8A%D8%A9-%D9%84%D9%85%D8%B4%D8%B1%D9%88%D8%B9%D9%83-%D8%A8%D8%AD%D8%B1%D9%81%D9%8A%D8%A9-%D8%B9%D8%A7%D9%84%D9%8A%D8%A9
403 Forbidden,Non trouvé,Non trouvé,Non trouvé,Aucun avis,Inconnu,Inconnu,Aucun tag,https://khamsat.com/business/erp/1441876-%D8%A8%D8%B1%D9%86%D8%A7%D9%85%D8%AC-%D8%A7%D9%84%D9%81%D9%88%D8%A7%D8%AA%D9%8A%D8%B1-%D8%A5%D8%B5%D8%AF%D8%A7%D8%B1-%D9%88%D8%AD%D9%81%D8%B8-%D9%88%D8%B7%D8%A8%D8%A7%D8%B9%D8%A9-%D8%A7%D9%84%D9%81%D9%88%D8%A7%D8%AA%D9%8A%D8%B1-%D8%AA%D9%82%D8%A7%D8%B1%D9%8A%D8%B1
403 Forbidden,Non trouvé,Non trouvé,Non trouvé,Aucun avis,Inconnu,Inconnu,Aucun tag,https://khamsat.com/business/accounting-bookkeeping/3322431-%D9%85%D8%AD%D8%A7%D8%B3%D8%A8-%D9%85%D8%A7%D9%84%D9%8A-%D9%84%D8%A5%D8%B9%D8%AF%D8%A7%D8%AF-%D8%AA%D9%82%D8%A7%D8%B1%D9%8A%D8%B1-%D8%A7%D9%84%D9%85%D8%A8%D9%8A%D8%B9%D8%A7%D8%AA-%D8%A7%D9%84%D9%85%D8%B4%D8%AA%D8%B1%D9%8A%D8%A7%D8%AA-%D8%A7%D9%84%D9%85%D8%AE%D8%A7%D8%B2%D9%86-%D9%88%D9%85%D9%82%D8%A8%D9%88%D8%B6%D8%A7%D8%AA
403 Forbidden,Non trouvé,Non trouvé,Non trouvé,Aucun avis,Inconnu,Inconnu,Aucun tag,https://khamsat.com/business/file-conversion/3106504-%D8%AA%D8%AD%D9%88%D9%8A%D9%84-%D8%A7%D9%84%D9%85%D9%84%D9%81%D8%A7%D8%AA-%D9%85%D9%86-pdf-%D8%A7%D9%84%D8%B5%D9%88%D8%B1-%D8%A3%D9%88-%D8%A7%D9%84%D8%AA%D8%B3%D8%AC%D9%8A%D9%84%D8%A7%D8%AA-%D8%A7%D9%84%D8%B5%D9%88%D8%AA%D9%8A%D8%A9-%D8%A7%D9%84%D9%89-%D9%88%D9%88%D8%B1%D8%AF
403 Forbidden,Non trouvé,Non trouvé,Non trouvé,Aucun avis,Inconnu,Inconnu,Aucun tag,https://khamsat.com/business/feasibility-study/2548892-%D8%AF%D8%B1%D8%A7%D8%B3%D8%A7%D8%AA-%D8%AC%D8%AF%D9%88%D9%89-%D9%85%D8%A7%D9%84%D9%8A%D9%87-%D9%84%D9%84%D8%A7%D9%81%D9%83%D8%A7%D8%B1-%D8%A7%D9%84%D9%85%D8%AE%D8%AA%D9%84%D9%81%D9%87
403 Forbidden,Non trouvé,Non trouvé,Non trouvé,Aucun avis,Inconnu,Inconnu,Aucun tag,https://khamsat.com/business/erp/3078356-%D8%A8%D8%B1%D9%86%D8%A7%D9%85%D8%AC-%D8%B9%D9%84%D9%89-%D8%A7%D9%84%D8%A7%D9%83%D8%B3%D9%84-%D9%84%D9%85%D8%AA%D8%A7%D8%A8%D8%B9%D8%A9-%D8%A7%D9%84%D8%A7%D9%8A%D8%AC%D8%A7%D8%B1%D8%A7%D8%AA-%D9%88%D8%A7%D9%84%D9%85%D8%B3%D8%AA%D8%A3%D8%AC%D8%B1%D9%8A%D9%86-%D9%88%D8%A7%D9%84%D8%AA%D8%AD%D8%B5%D9%8A%D9%84%D8%A7%D8%AA
403 Forbidden,Non trouvé,Non trouvé,Non trouvé,Aucun avis,Inconnu,Inconnu,Aucun tag,https://khamsat.com/business/file-conversion/2786346-%D8%B3%D8%A3%D8%AD%D9%88%D9%84-%D9%85%D9%82%D8%A7%D9%84%D9%83-%D9%85%D9%86-word-%D8%A3%D9%88-pdf-%D8%A5%D9%84%D9%89-%D9%83%D9%88%D8%AF-latex
403 Forbidden,Non trouvé,Non trouvé,Non trouvé,Aucun avis,Inconnu,Inconnu,Aucun tag,https://khamsat.com/business/accounting-bookkeeping/3033808-%D9%85%D8%AD%D8%A7%D8%B3%D8%A8%D9%87-%D9%85%D8%A7%D9%84%D9%8A%D9%87-%D9%88%D8%A5%D8%B9%D8%AF%D8%A7%D8%AF-%D8%A7%D9%84%D9%82%D9%88%D8%A7%D8%A6%D9%85-%D8%A7%D9%84%D9%85%D8%AD%D8%A7%D8%B3%D8%A8%D9%8A%D9%87
403 Forbidden,Non trouvé,Non trouvé,Non trouvé,Aucun avis,Inconnu,Inconnu,Aucun tag,https://khamsat.com/business/feasibility-study/2855867-%D9%86%D9%85%D9%88%D8%B0%D8%AC-%D8%AF%D8%B1%D8%A7%D8%B3%D8%A9-%D8%AC%D8%AF%D9%88%D9%89-%D9%85%D8%A7%D9%84%D9%8A%D8%A9-%D8%AC%D8%A7%D9%87%D8%B2-%D9%84%D9%84%D8%AA%D8%B9%D8%A8%D8%A6%D8%A9-%D9%84%D8%AF%D8%B1%D8%A7%D8%B3%D8%A9-%D8%A7%D9%82%D8%AA%D8%B5%D8%A7%D8%AF%D9%8A%D8%A9-%D9%85%D8%AD%D8%AA%D8%B1%D9%81%D8%A9
403 Forbidden,Non trouvé,Non trouvé,Non trouvé,Aucun avis,Inconnu,Inconnu,Aucun tag,https://khamsat.com/business/erp/3303044-%D8%A8%D8%B1%D8%A7%D9%85%D8%AC-%D9%85%D8%AD%D8%A7%D8%B3%D8%A8%D9%8A%D8%A9-%D8%A7%D8%AD%D8%AA%D8%B1%D8%A7%D9%81%D9%8A%D8%A9-%D8%AC%D8%A7%D9%87%D8%B2%D8%A9-%D8%A8%D8%A7%D9%84%D8%A7%D9%83%D8%B3%D9%8A%D9%84-%D9%85%D9%86%D8%A7%D8%B3%D8%A8%D8%A9-%D9%84%D8%A7%D9%8A-%D9%85%D8%B4%D8%B1%D9%88%D8%B9
403 Forbidden,Non trouvé,Non trouvé,Non trouvé,Aucun avis,Inconnu,Inconnu,Aucun tag,https://khamsat.com/business/accounting-bookkeeping/1823898-%D9%85%D8%AD%D8%A7%D8%B3%D8%A8-%D9%84%D9%84%D8%B9%D9%85%D9%84-%D8%B9%D9%84%D9%89-%D8%A7%D9%8A-%D8%A8%D8%B1%D9%86%D8%A7%D9%85%D8%AC-%D9%85%D8%AD%D8%A7%D8%B3%D8%A8%D9%8A-%D8%B3%D8%AD%D8%A7%D8%A8%D9%8A-erp
403 Forbidden,Non trouvé,Non trouvé,Non trouvé,Aucun avis,Inconnu,Inconnu,Aucun tag,https://khamsat.com/business/file-conversion/2480460-%D8%AA%D8%AD%D9%88%D9%8A%D9%84-%D9%85%D9%84%D9%81%D8%A7%D8%AA-%D8%A5%D9%84%D9%89-%D8%A3%D9%83%D8%AB%D8%B1-%D9%85%D9%86-%D8%B5%D9%8A%D8%BA%D8%A9
403 Forbidden,Non trouvé,Non trouvé,Non trouvé,Aucun avis,Inconnu,Inconnu,Aucun tag,https://khamsat.com/business/feasibility-study/3547370-%D8%AF%D8%B1%D8%A7%D8%B3%D8%A9-%D8%AC%D8%AF%D9%88%D9%8A-%D8%A7%D9%82%D8%AA%D8%B5%D8%A7%D8%AF%D9%8A%D8%A9-%D9%84%D9%84%D9%85%D8%B4%D8%A7%D8%B1%D9%8A%D8%B9-%D8%A7%D9%84%D9%85%D8%AE%D8%AA%D9%84%D9%81
403 Forbidden,Non trouvé,Non trouvé,Non trouvé,Aucun avis,Inconnu,Inconnu,Aucun tag,https://khamsat.com/business/erp/2095473-%D8%A8%D8%B1%D9%86%D8%A7%D9%85%D8%AC-%D8%A7%D8%B6%D8%A8%D8%B7-%D8%A3%D8%B9%D9%85%D8%A7%D9%84%D9%83-%D9%85%D8%B4%D8%AA%D8%B1%D9%8A%D8%A7%D8%AA-%D9%85%D8%A8%D9%8A%D8%B9%D8%A7%D8%AA-%D9%85%D9%88%D8%B1%D9%8A%D9%86-%D8%B9%D9%85%D9%84%D8%A7%D8%A1-%D9%85%D8%AE%D8%B2%D9%88%D9%86
403 Forbidden,Non trouvé,Non trouvé,Non trouvé,Aucun avis,Inconnu,Inconnu,Aucun tag,https://khamsat.com/business/file-conversion/3097580-%D8%AA%D8%AD%D9%88%D9%8A%D9%84-%D9%85%D9%84%D9%81%D8%A7%D8%AA-pdf-%D8%A5%D9%84%D9%89-%D9%85%D9%84%D9%81%D8%A7%D8%AA-%D9%88%D9%88%D8%B1%D8%AF
403 Forbidden,Non trouvé,Non trouvé,Non trouvé,Aucun avis,Inconnu,Inconnu,Aucun tag,https://khamsat.com/business/accounting-bookkeeping/2487267-%D8%AE%D8%AF%D9%85%D8%A9-%D9%85%D8%AD%D8%A7%D8%B3%D8%A8%D8%A9-%D8%B3%D8%AD%D8%A7%D8%A8%D9%8A%D8%A9-%D9%85%D8%AD%D8%AA%D8%B1%D9%81%D8%A9-%D9%84%D8%A3%D8%B9%D9%85%D8%A7%D9%84%D9%83
403 Forbidden,Non trouvé,Non trouvé,Non trouvé,Aucun avis,Inconnu,Inconnu,Aucun tag,https://khamsat.com/business/feasibility-study/787225-%D8%AF%D8%B1%D8%B3%D8%A7%D8%AA-%D8%AC%D8%AF%D9%88%D9%89-%D9%84%D9%84%D9%85%D8%B4%D8%B1%D9%88%D8%B9%D8%A7%D8%AA-%D8%AF%D8%B1%D8%A7%D8%B3%D8%A9-%D8%A8%D8%A7%D9%84%D9%83%D8%A7%D9%85%D9%84
403 Forbidden,Non trouvé,Non trouvé,Non trouvé,Aucun avis,Inconnu,Inconnu,Aucun tag,https://khamsat.com/business/erp/3129731-%D8%AA%D9%82%D8%AF%D9%8A%D9%85-%D8%A7%D8%B3%D8%AA%D8%B4%D8%A7%D8%B1%D8%A9-%D9%84%D8%AA%D8%B7%D8%A8%D9%8A%D9%82-%D9%86%D8%B8%D8%A7%D9%85-%D8%A7%D9%88%D8%AF%D9%88-%D9%84%D9%85%D8%A4%D8%B3%D8%B3%D8%AA%D9%83
403 Forbidden,Non trouvé,Non trouvé,Non trouvé,Aucun avis,Inconnu,Inconnu,Aucun tag,https://khamsat.com/business/file-conversion/3667599-%D8%AA%D8%AD%D9%88%D9%8A%D9%84-%D9%85%D9%84%D9%81%D8%A7%D8%AA%D9%83-%D9%85%D9%86-pdf-%D8%A5%D9%84%D9%89-wordexcel%D8%B5%D9%88%D8%B1-%D9%88%D8%A7%D9%84%D8%B9%D9%83%D8%B3-%D8%A8%D8%AC%D9%88%D8%AF%D8%A9-%D8%B9%D8%A7%D9%84%D9%8A%D8%A9
403 Forbidden,Non trouvé,Non trouvé,Non trouvé,Aucun avis,Inconnu,Inconnu,Aucun tag,https://khamsat.com/business/accounting-bookkeeping/2943829-%D9%85%D8%AD%D8%A7%D8%B3%D8%A8-%D8%B9%D9%86-%D8%A8%D8%B9%D8%AF-%D9%84%D8%AA%D9%86%D8%B8%D9%8A%D9%85-%D9%88%D8%A5%D8%AF%D8%A7%D8%B1%D8%A9-%D8%AD%D8%B3%D8%A7%D8%A8%D8%A7%D8%AA%D9%83
403 Forbidden,Non trouvé,Non trouvé,Non trouvé,Aucun avis,Inconnu,Inconnu,Aucun tag,https://khamsat.com/business/feasibility-study/744312-%D8%AF%D8%B1%D8%A7%D8%B3%D8%A9-%D8%AC%D8%AF%D9%88%D9%89-%D9%84%D9%85%D8%B4%D8%B1%D9%88%D8%B9-%D8%A8%D9%8A%D8%B9-%D8%A7%D9%84%D9%83%D9%87%D8%B1%D8%A8%D8%A7%D8%A1-%D9%84%D9%84%D8%AD%D9%83%D9%88%D9%85%D8%A9-%D9%85%D9%86-%D8%A7%D9%84%D8%B7%D8%A7%D9%82%D8%A9-%D8%A7%D9%84%D8%B4%D9%85%D8%B3%D9%8A%D8%A9
403 Forbidden,Non trouvé,Non trouvé,Non trouvé,Aucun avis,Inconnu,Inconnu,Aucun tag,https://khamsat.com/business/erp/1064477-%D8%A3%D9%82%D9%88%D9%89-%D9%88%D8%A3%D8%B1%D8%AE%D8%B5-%D8%A8%D8%B1%D9%86%D8%A7%D9%85%D8%AC-%D9%85%D8%AD%D8%A7%D8%B3%D8%A8%D9%8A-%D9%84%D9%84%D8%B4%D8%B1%D9%83%D8%A7%D8%AA-%D8%B9%D9%84%D9%89-%D8%A7%D9%84%D8%A7%D9%83%D8%B3%D9%84
403 Forbidden,Non trouvé,Non trouvé,Non trouvé,Aucun avis,Inconnu,Inconnu,Aucun tag,https://khamsat.com/business/file-conversion/3107873-%D8%AA%D8%AD%D9%88%D9%8A%D9%84-%D8%A7%D9%84%D8%A3%D8%A8%D8%AD%D8%A7%D8%AB-%D8%A7%D9%84%D9%88%D8%B1%D9%82%D9%8A%D8%A9-%D8%A3%D9%88-pdf-%D8%A5%D9%84%D9%89-%D9%85%D9%84%D9%81%D8%A7%D8%AA-word-%D8%A8%D8%AF%D9%82%D8%A9-%D9%88%D8%A7%D8%AD%D8%AA%D8%B1%D8%A7%D9%81%D9%8A%D8%A9
403 Forbidden,Non trouvé,Non trouvé,Non trouvé,Aucun avis,Inconnu,Inconnu,Aucun tag,https://khamsat.com/business/accounting-bookkeeping/2028057-%D9%85%D8%AD%D8%A7%D8%B3%D8%A8-%D8%B9%D9%86-%D8%A8%D8%B9%D8%AF-%D9%84%D8%AA%D8%B3%D8%AC%D9%8A%D9%84-%D9%83%D8%A7%D9%81%D8%A9-%D8%A7%D9%84%D9%85%D8%B9%D8%A7%D9%85%D9%84%D8%A7%D8%AA-%D8%A7%D9%84%D9%85%D8%A7%D9%84%D9%8A%D8%A9
403 Forbidden,Non trouvé,Non trouvé,Non trouvé,Aucun avis,Inconnu,Inconnu,Aucun tag,https://khamsat.com/business/feasibility-study/3266894-%D8%AA%D8%B5%D9%85%D9%8A%D9%85-%D9%86%D8%B8%D8%A7%D9%85-%D8%B7%D8%A7%D9%82%D8%A9-%D8%B4%D9%85%D8%B3%D9%8A%D8%A9-%D9%85%D8%AA%D9%83%D8%A7%D9%85%D9%84-%D9%85%D8%B9-%D8%AF%D8%B1%D8%A7%D8%B3%D8%A9-%D8%AC%D8%AF%D9%88%D9%89-%D9%88%D8%AA%D9%82%D8%B1%D9%8A%D8%B1-%D8%A7%D8%AD%D8%AA%D8%B1%D8%A7%D9%81%D9%8A
403 Forbidden,Non trouvé,Non trouvé,Non trouvé,Aucun avis,Inconnu,Inconnu,Aucun tag,https://khamsat.com/business/erp/1766271-%D8%A3%D9%81%D8%B6%D9%84-%D8%A8%D8%B1%D9%86%D8%A7%D9%85%D8%AC-%D8%AD%D8%B3%D8%A7%D8%A8%D8%A7%D8%AA-%D8%A7%D8%AA%D8%AD%D8%A7%D8%AF-%D8%A7%D9%84%D9%85%D9%84%D8%A7%D9%83-%D8%B9%D9%84%D9%89-%D8%A7%D9%84%D8%A7%D9%83%D8%B3%D9%84
403 Forbidden,Non trouvé,Non trouvé,Non trouvé,Aucun avis,Inconnu,Inconnu,Aucun tag,https://khamsat.com/business/file-conversion/1745324-%D8%AA%D8%AD%D9%88%D9%8A%D9%84-%D9%85%D9%84%D9%81%D8%A7%D8%AA-%D9%85%D8%B5%D9%88%D8%B1%D8%A9-%D8%A3%D9%88-%D9%85%D9%84%D9%81%D8%A7%D8%AA-pdf-%D8%A5%D9%84%D9%89-%D9%85%D9%84%D9%81%D8%A7%D8%AA-word
403 Forbidden,Non trouvé,Non trouvé,Non trouvé,Aucun avis,Inconnu,Inconnu,Aucun tag,https://khamsat.com/business/accounting-bookkeeping/2905597-%D9%85%D8%AD%D8%A7%D8%B3%D8%A8-%D9%84%D8%B6%D8%A8%D8%B7-%D8%AD%D8%B3%D8%A7%D8%A8%D8%A7%D8%AA-%D8%B4%D8%B1%D9%83%D8%AA%D9%83-%D8%A7%D9%85%D8%B3%D8%A7%D9%83-%D8%A7%D9%84%D8%AF%D9%81%D8%A7%D8%AA%D8%B1-%D8%A7%D9%84%D9%85%D8%AD%D8%A7%D8%B3%D8%A8%D9%8A%D8%A9
403 Forbidden,Non trouvé,Non trouvé,Non trouvé,Aucun avis,Inconnu,Inconnu,Aucun tag,https://khamsat.com/business/feasibility-study/1646170-%D8%AF%D8%B1%D8%A7%D8%B3%D8%A9-%D8%AC%D8%AF%D9%88%D9%89-%D8%B4%D8%A7%D9%85%D9%84%D8%A9-%D9%84%D9%85%D8%B4%D8%B1%D9%88%D8%B9%D9%83-%D8%A7%D9%82%D8%AA%D8%B5%D8%A7%D8%AF%D9%8A%D8%A9-%D9%85%D8%A7%D9%84%D9%8A%D8%A9-%D9%88%D8%AA%D8%B3%D9%88%D9%8A%D9%82%D9%8A%D8%A9
403 Forbidden,Non trouvé,Non trouvé,Non trouvé,Aucun avis,Inconnu,Inconnu,Aucun tag,https://khamsat.com/business/erp/1971299-%D8%AA%D8%B3%D8%AC%D9%8A%D9%84-%D8%A7%D9%88-%D9%85%D8%B1%D8%A7%D8%AC%D8%B9%D9%87-5-%D9%82%D9%8A%D9%88%D8%AF-%D9%85%D8%AD%D8%A7%D8%B3%D8%A8%D9%8A%D8%A9-%D9%85%D8%A8%D9%8A%D8%B9%D8%A7%D8%AA-%D9%85%D8%B4%D8%AA%D8%B1%D9%8A%D8%A7%D8%AA-%D8%A7%D9%84%D8%AE
403 Forbidden,Non trouvé,Non trouvé,Non trouvé,Aucun avis,Inconnu,Inconnu,Aucun tag,https://khamsat.com/business/file-conversion/1626497-%D9%83%D8%AA%D8%A7%D8%A8%D8%A9-%D9%85%D9%82%D8%A7%D9%84%D8%A7%D8%AA-%D8%A3%D8%A8%D8%AD%D8%A7%D8%AB-%D9%82%D8%B5%D8%B5-%D9%85%D8%B1%D8%A7%D8%AC%D8%B9-%D9%85%D9%84%D8%A7%D8%B2%D9%85
403 Forbidden,Non trouvé,Non trouvé,Non trouvé,Aucun avis,Inconnu,Inconnu,Aucun tag,https://khamsat.com/business/accounting-bookkeeping/2820062-%D9%85%D8%AD%D8%A7%D8%B3%D8%A8-%D9%85%D8%A7%D9%84%D9%89-%D8%AE%D8%A8%D8%B1%D9%87-%D8%B3%D9%86%D9%87-%D9%81%D9%89-%D8%A7%D9%84%D8%AD%D8%B3%D8%A7%D8%A8%D8%A7%D8%AA-%D9%88%D8%A7%D9%84-erp
403 Forbidden,Non trouvé,Non trouvé,Non trouvé,Aucun avis,Inconnu,Inconnu,Aucun tag,https://khamsat.com/business/feasibility-study/1255079-%D8%AF%D8%B1%D8%A7%D8%B3%D8%A9-%D8%AC%D8%AF%D9%88%D9%89-%D9%84%D9%85%D8%B4%D8%B1%D9%88%D8%B9%D9%83-%D8%A7%D9%84%D8%A3%D9%84%D9%83%D8%AA%D8%B1%D9%88%D9%86%D9%89-%D8%AA%D8%B7%D8%A8%D9%8A%D9%82-%D8%AE%D8%AF%D9%85%D8%A9-%D9%85%D9%88%D9%82%D8%B9-%D8%A7%D9%84%D9%83%D8%AA%D8%B1%D9%88%D9%86%D9%89
403 Forbidden,Non trouvé,Non trouvé,Non trouvé,Aucun avis,Inconnu,Inconnu,Aucun tag,https://khamsat.com/business/erp/2916025-%D8%A8%D8%B1%D9%86%D8%A7%D9%85%D8%AC-%D8%A7%D9%84%D8%B5%D9%86%D8%AF%D9%88%D9%82-%D8%A7%D9%88-%D8%A7%D9%84%D8%B5%D9%86%D8%A7%D8%AF%D9%8A%D9%82-%D8%A7%D9%84%D9%85%D8%A7%D9%84%D9%8A%D8%A9
403 Forbidden,Non trouvé,Non trouvé,Non trouvé,Aucun avis,Inconnu,Inconnu,Aucun tag,https://khamsat.com/business/file-conversion/3671307-%D8%AA%D8%AD%D9%88%D9%8A%D9%84-%D8%B5%D9%81%D8%AD%D8%A7%D8%AA-pdf-%D8%A3%D9%88-%D8%B5%D9%88%D8%B1-%D8%AC%D8%AF%D8%A7%D9%88%D9%84-%D8%A5%D9%84%D9%89-%D9%85%D9%84%D9%81-excel-%D9%85%D8%B1%D8%AA%D8%A8
403 Forbidden,Non trouvé,Non trouvé,Non trouvé,Aucun avis,Inconnu,Inconnu,Aucun tag,https://khamsat.com/business/accounting-bookkeeping/3140889-%D8%A7%D8%B9%D9%85%D8%A7%D9%84-%D9%85%D8%AD%D8%A7%D8%B3%D8%A8%D8%A9-%D9%88%D8%A7%D9%85%D8%B3%D8%A7%D9%83-%D8%AF%D9%81%D8%A7%D8%AA%D8%B1
403 Forbidden,Non trouvé,Non trouvé,Non trouvé,Aucun avis,Inconnu,Inconnu,Aucun tag,https://khamsat.com/business/feasibility-study/2724735-%D8%AF%D8%B1%D8%A7%D8%B3%D8%A9-%D8%AC%D8%AF%D9%88%D9%89-%D9%85%D8%B7%D8%B9%D9%85-%D9%88%D8%AC%D8%A8%D8%A7%D8%AA-%D8%B3%D8%B1%D9%8A%D8%B9%D8%A9
403 Forbidden,Non trouvé,Non trouvé,Non trouvé,Aucun avis,Inconnu,Inconnu,Aucun tag,https://khamsat.com/business/erp/2572172-%D8%B5%D9%84%D8%A7%D8%AD%D9%8A%D8%A7%D8%AA-%D9%85%D8%B4%D8%AA%D8%B1%D9%8A%D8%A7%D8%AA-%D8%A7%D9%84%D9%85%D8%A8%D9%8A%D8%B9%D8%A7%D8%AA-%D8%A7%D9%84%D9%81%D9%88%D8%A7%D8%AA%D9%8A%D8%B1-odoo-partner-restrictions
403 Forbidden,Non trouvé,Non trouvé,Non trouvé,Aucun avis,Inconnu,Inconnu,Aucun tag,https://khamsat.com/business/file-conversion/3658086-%D8%AA%D8%AD%D9%88%D9%8A%D9%84-%D9%85%D9%84%D9%81-pdf-%D8%A7%D9%84%D9%8A-%D9%85%D9%84%D9%81-word
403 Forbidden,Non trouvé,Non trouvé,Non trouvé,Aucun avis,Inconnu,Inconnu,Aucun tag,https://khamsat.com/business/accounting-bookkeeping/3459021-%D9%85%D8%B1%D8%A7%D8%AC%D8%B9%D8%A9-%D9%81%D9%88%D8%A7%D8%AA%D9%8A%D8%B1-%D8%A7%D9%84%D9%85%D9%88%D8%B1%D8%AF%D9%8A%D9%86-%D9%84%D8%A7%D9%83%D8%AA%D8%B4%D8%A7%D9%81-%D8%A7%D9%84%D8%A3%D8%AE%D8%B7%D8%A7%D8%A1-%D9%82%D8%A8%D9%84-%D8%A7%D9%84%D8%AF%D9%81%D8%B9
403 Forbidden,Non trouvé,Non trouvé,Non trouvé,Aucun avis,Inconnu,Inconnu,Aucun tag,https://khamsat.com/business/feasibility-study/3240650-%D8%A5%D8%B9%D8%AF%D8%A7%D8%AF-%D8%AF%D8%B1%D8%A7%D8%B3%D8%A9-%D8%AC%D8%AF%D9%88%D9%89-%D9%84%D9%85%D8%B4%D8%B1%D9%88%D8%B9%D9%83-%D9%85%D8%A7%D9%84%D9%8A%D8%A9-%D8%AA%D9%82%D9%86%D9%8A%D8%A9-%D8%A7%D9%82%D8%AA%D8%B5%D8%A7%D8%AF%D9%8A%D8%A9
403 Forbidden,Non trouvé,Non trouvé,Non trouvé,Aucun avis,Inconnu,Inconnu,Aucun tag,https://khamsat.com/business/erp/2323969-%D8%AA%D9%82%D8%AF%D9%8A%D9%85-%D9%86%D8%B8%D8%A7%D9%85-erp-%D9%85%D8%AA%D9%83%D8%A7%D9%85%D9%84-odoo-%D9%84%D8%AA%D8%AE%D8%B7%D9%8A%D8%B7-%D9%85%D9%88%D8%A7%D8%B1%D8%AF-%D8%B4%D8%B1%D9%83%D8%AA%D9%83
403 Forbidden,Non trouvé,Non trouvé,Non trouvé,Aucun avis,Inconnu,Inconnu,Aucun tag,https://khamsat.com/business/file-conversion/3802757-%D8%AA%D8%AD%D9%88%D9%8A%D9%84-%D9%85%D9%84%D9%81-pdf-%D8%A5%D9%84%D9%89-word-%D8%A8%D8%AF%D9%82%D8%A9
403 Forbidden,Non trouvé,Non trouvé,Non trouvé,Aucun avis,Inconnu,Inconnu,Aucun tag,https://khamsat.com/business/accounting-bookkeeping/3874035-%D8%B3%D8%A3%D9%82%D9%88%D9%85-%D8%A8%D8%A7%D9%84%D8%A5%D8%B9%D8%AF%D8%A7%D8%AF-%D8%A7%D9%84%D8%A3%D9%88%D9%84%D9%8A-%D9%84%D8%AD%D8%B3%D8%A7%D8%A8%D9%83-%D9%81%D9%8A-zoho-books-%D9%88%D8%AA%D8%B5%D8%AD%D9%8A%D8%AD-coa
403 Forbidden,Non trouvé,Non trouvé,Non trouvé,Aucun avis,Inconnu,Inconnu,Aucun tag,https://khamsat.com/business/feasibility-study/2992497-%D8%AF%D8%B1%D8%A7%D8%B3%D8%A9-%D8%AC%D8%AF%D9%88%D9%8A-%D9%85%D8%A7%D9%84%D9%8A%D8%A9-%D9%85%D9%81%D8%B5%D9%84%D8%A9-%D9%84%D9%84%D9%85%D8%B4%D8%A7%D8%B1%D9%8A%D8%B9-%D8%A7%D9%84%D8%B5%D8%BA%D9%8A%D8%B1%D8%A9-%D9%88-%D8%A7%D9%84%D9%85%D8%AA%D9%88%D8%B3%D8%B7%D8%A9
403 Forbidden,Non trouvé,Non trouvé,Non trouvé,Aucun avis,Inconnu,Inconnu,Aucun tag,https://khamsat.com/business/erp/2649262-%D8%A3%D8%B3%D8%A7%D8%B9%D8%AF%D9%83-%D9%81%D9%8A-%D8%A7%D8%AE%D8%AA%D9%8A%D8%A7%D8%B1-%D8%A7%D9%84%D9%86%D8%B8%D8%A7%D9%85-%D8%A7%D9%84%D9%85%D9%86%D8%A7%D8%B3%D8%A8-%D9%84%D8%B9%D9%85%D9%84%D9%83-crm-%D8%A3%D9%88-erp
403 Forbidden,Non trouvé,Non trouvé,Non trouvé,Aucun avis,Inconnu,Inconnu,Aucun tag,https://khamsat.com/business/file-conversion/3707754-%D8%AA%D8%AD%D9%88%D9%8A%D9%84-%D9%85%D9%84%D9%81%D8%A7%D8%AA-pdf-%D9%88%D8%A7%D9%84%D8%B5%D9%88%D8%B1-%D8%A5%D9%84%D9%89-word-%D9%88%D8%A7%D9%84%D8%B9%D9%83%D8%B3-%D8%A8%D8%A7%D8%AD%D8%AA%D8%B1%D8%A7%D9%81%D9%8A%D8%A9-%D9%88%D8%AF%D9%82%D8%A9-%D8%B9%D8%A7%D9%84%D9%8A%D8%A9
403 Forbidden,Non trouvé,Non trouvé,Non trouvé,Aucun avis,Inconnu,Inconnu,Aucun tag,https://khamsat.com/business/accounting-bookkeeping/3381525-%D8%A5%D8%B9%D8%AF%D8%A7%D8%AF-%D8%AA%D9%82%D8%A7%D8%B1%D9%8A%D8%B1-%D9%85%D8%AD%D8%A7%D8%B3%D8%A8%D9%8A%D8%A9-%D8%A7%D8%AD%D8%AA%D8%B1%D8%A7%D9%81%D9%8A%D8%A9-%D9%84%D8%B4%D8%B1%D9%83%D8%AA%D9%83-%D8%A8%D8%A7%D8%B3%D8%AA%D8%AE%D8%AF%D8%A7%D9%85-excel-%D8%A3%D9%88-zoho
403 Forbidden,Non trouvé,Non trouvé,Non trouvé,Aucun avis,Inconnu,Inconnu,Aucun tag,https://khamsat.com/business/feasibility-study/1911315-%D8%AF%D8%B1%D8%A7%D8%B3%D8%A9-%D8%AC%D8%AF%D9%88%D9%89-%D8%A3%D9%88%D9%84%D9%8A%D8%A9-%D9%84%D9%85%D8%B4%D8%B1%D9%88%D8%B9%D9%83-%D8%AF%D8%B1%D8%A7%D8%B3%D8%A7%D8%AA-%D8%AC%D8%AF%D9%88%D9%89-%D9%84%D9%85%D8%B4%D8%A7%D8%B1%D9%8A%D8%B9-%D8%AC%D8%A7%D9%87%D8%B2%D8%A9-%D9%84%D9%84%D8%AA%D9%86%D9%81%D9%8A%D8%B0
403 Forbidden,Non trouvé,Non trouvé,Non trouvé,Aucun avis,Inconnu,Inconnu,Aucun tag,https://khamsat.com/business/erp/3240930-%D8%A8%D8%B1%D9%86%D8%A7%D9%85%D8%AC-%D9%85%D8%AD%D8%A7%D8%B3%D8%A8%D9%8A-%D9%85%D8%AE%D8%B5%D8%B5-%D9%84%D8%A5%D8%AF%D8%A7%D8%B1%D8%A9-%D8%A7%D9%84%D9%85%D8%B4%D8%A7%D8%B1%D9%8A%D8%B9-%D8%A7%D9%84%D8%B5%D8%BA%D9%8A%D8%B1%D8%A9-%D9%88%D8%A7%D9%84%D9%85%D8%AA%D9%88%D8%B3%D8%B7%D8%A9
403 Forbidden,Non trouvé,Non trouvé,Non trouvé,Aucun avis,Inconnu,Inconnu,Aucun tag,https://khamsat.com/business/file-conversion/3859292-%D8%AA%D8%AD%D9%88%D9%8A%D9%84-%D8%A3%D9%8A-%D9%85%D9%84%D9%81-%D8%A5%D9%84%D9%89-pdf-%D8%A8%D8%A7%D8%AD%D8%AA%D8%B1%D8%A7%D9%81%D9%8A%D8%A9-%D9%88%D8%B3%D8%B1%D8%B9%D8%A9-%D9%88%D8%AC%D9%88%D8%AF%D8%A9-%D8%B9%D8%A7%D9%84%D9%8A%D8%A9
403 Forbidden,Non trouvé,Non trouvé,Non trouvé,Aucun avis,Inconnu,Inconnu,Aucun tag,https://khamsat.com/business/accounting-bookkeeping/3386521-%D8%AA%D8%B3%D9%88%D9%8A%D8%A9-%D8%AD%D8%B3%D8%A7%D8%A8%D8%A7%D8%AA-%D8%A7%D9%84%D8%B9%D9%85%D9%84%D8%A7%D8%A1-%D9%88%D8%A7%D9%84%D9%85%D9%88%D8%B1%D8%AF%D9%8A%D9%86-%D9%88%D8%A5%D9%86%D8%B4%D8%A7%D8%A1-%D8%AA%D9%82%D8%A7%D8%B1%D9%8A%D8%B1-%D8%A3%D8%B9%D9%85%D8%A7%D8%B1-%D8%A7%D9%84%D8%AF%D9%8A%D9%88%D9%86
403 Forbidden,Non trouvé,Non trouvé,Non trouvé,Aucun avis,Inconnu,Inconnu,Aucun tag,https://khamsat.com/business/feasibility-study/3244220-%D8%AF%D8%B1%D8%A7%D8%B3%D8%A9-%D8%AC%D8%AF%D9%88%D9%8A-%D9%84%D8%A7%D9%8A-%D9%85%D8%B4%D8%B1%D9%88%D8%B9-%D8%A8%D8%A7%D9%84%D9%88%D8%B7%D9%86-%D8%A7%D9%84%D8%B9%D8%B1%D8%A8%D9%8A
403 Forbidden,Non trouvé,Non trouvé,Non trouvé,Aucun avis,Inconnu,Inconnu,Aucun tag,https://khamsat.com/business/erp/2385628-%D8%A7%D9%84%D9%85%D8%AD%D8%A7%D8%B3%D8%A8%D8%A9-%D9%88-%D9%85%D8%B3%D9%83-%D8%A7%D9%84%D8%AF%D9%81%D8%A7%D8%AA%D8%B1-%D8%B9%D9%84%D9%89-quickbooks
403 Forbidden,Non trouvé,Non trouvé,Non trouvé,Aucun avis,Inconnu,Inconnu,Aucun tag,https://khamsat.com/business/file-conversion/3658069-%D8%AA%D8%AD%D9%88%D9%8A%D9%84-%D9%85%D9%84%D9%81-pdf-%D8%A7%D9%84%D9%89-%D9%85%D9%84%D9%81-doc-%D8%A8%D8%B4%D9%83%D9%84-%D8%AF%D9%82%D9%8A%D9%82
403 Forbidden,Non trouvé,Non trouvé,Non trouvé,Aucun avis,Inconnu,Inconnu,Aucun tag,https://khamsat.com/business/accounting-bookkeeping/3668493-%D9%85%D8%AD%D8%A7%D8%B3%D8%A8%D8%A9-%D9%88-%D8%B1%D9%81%D8%B9-%D9%81%D9%88%D8%A7%D8%AA%D9%8A%D8%B1-%D8%A7%D9%84%D9%8A%D9%83%D8%AA%D8%B1%D9%88%D9%86%D9%8A%D8%A9-%D9%88-%D8%AA%D9%86%D8%B8%D9%8A%D9%85-%D9%88-%D8%AA%D9%88%D8%AC%D9%8A%D8%A9-%D8%A7%D9%84%D8%AD%D8%B3%D8%A7%D8%A8%D8%A7%D8%AA
403 Forbidden,Non trouvé,Non trouvé,Non trouvé,Aucun avis,Inconnu,Inconnu,Aucun tag,https://khamsat.com/business/feasibility-study/2386440-%D8%AF%D8%B1%D8%A7%D8%B3%D8%A9-%D8%AC%D8%AF%D9%88%D9%89-%D8%A7%D9%84%D8%B3%D9%88%D9%82-%D9%84%D9%84%D9%85%D8%B4%D8%A7%D8%B1%D9%8A%D8%B9-%D8%A7%D9%84%D8%AA%D9%82%D9%86%D9%8A%D8%A9
403 Forbidden,Non trouvé,Non trouvé,Non trouvé,Aucun avis,Inconnu,Inconnu,Aucun tag,https://khamsat.com/business/erp/2523860-%D8%A8%D8%B1%D9%86%D8%A7%D9%85%D8%AC-%D9%85%D8%AD%D8%A7%D8%B3%D8%A8%D9%8A-%D8%A8%D8%A7%D8%B3%D8%AA%D8%AE%D8%AF%D8%A7%D9%85-%D8%A7%D9%84%D8%A7%D9%83%D8%B3%D9%84-%D8%A8%D8%B7%D8%B1%D9%8A%D9%82%D8%A9-%D8%A7%D8%AD%D8%AA%D8%B1%D8%A7%D9%81%D9%8A%D8%A9
403 Forbidden,Non trouvé,Non trouvé,Non trouvé,Aucun avis,Inconnu,Inconnu,Aucun tag,https://khamsat.com/business/file-conversion/3107465-%D8%AA%D8%AD%D9%88%D9%8A%D9%84-%D8%A7%D9%84%D8%A3%D8%A8%D8%AD%D8%A7%D8%AB-%D8%A7%D9%84%D9%88%D8%B1%D9%82%D9%8A%D8%A9-%D8%A5%D9%84%D9%89-%D9%85%D9%84%D9%81%D8%A7%D8%AA-pdf-%D8%A8%D8%AF%D9%82%D8%A9-%D9%88%D8%A7%D8%AD%D8%AA%D8%B1%D8%A7%D9%81%D9%8A%D8%A9
403 Forbidden,Non trouvé,Non trouvé,Non trouvé,Aucun avis,Inconnu,Inconnu,Aucun tag,https://khamsat.com/business/accounting-bookkeeping/3579893-%D9%86%D8%B8%D8%A7%D9%85-%D9%85%D8%A8%D9%8A%D8%B9%D8%A7%D8%AA-%D9%88%D8%AF%D9%8A%D9%88%D9%86-%D8%B9%D9%85%D9%84%D8%A7%D8%A1-%D8%A7%D8%AD%D8%AA%D8%B1%D8%A7%D9%81%D9%8A-%D8%B9%D9%84%D9%89-excel-%D9%81%D9%88%D8%A7%D8%AA%D9%8A%D8%B1-%D8%AA%D9%82%D8%A7%D8%B1%D9%8A%D8%B1
403 Forbidden,Non trouvé,Non trouvé,Non trouvé,Aucun avis,Inconnu,Inconnu,Aucun tag,https://khamsat.com/business/feasibility-study/3699232-%D8%A5%D8%B9%D8%AF%D8%A7%D8%AF-%D8%AF%D8%B1%D8%A7%D8%B3%D8%A7%D8%AA-%D8%A7%D9%84%D8%AC%D8%AF%D9%88%D9%89-feasibility-study
403 Forbidden,Non trouvé,Non trouvé,Non trouvé,Aucun avis,Inconnu,Inconnu,Aucun tag,https://khamsat.com/business/erp/2302975-%D8%AE%D8%AF%D9%85%D8%A7%D8%AA-%D9%85%D8%AD%D8%A7%D8%B3%D9%8A%D8%A8%D8%A9-%D8%B9%D9%84%D9%89-%D8%A8%D8%B1%D9%86%D8%A7%D9%85%D8%AC-%D8%A7%D9%84%D9%83%D9%88%D9%8A%D9%83-%D8%A8%D9%88%D9%83%D8%B3
403 Forbidden,Non trouvé,Non trouvé,Non trouvé,Aucun avis,Inconnu,Inconnu,Aucun tag,https://khamsat.com/business/file-conversion/3890590-%D8%AA%D8%AD%D9%88%D9%8A%D9%84-%D9%85%D9%86-word-%D8%A7%D9%84%D9%8A-pdf-%D9%88%D8%A7%D9%84%D8%B9%D9%83%D8%B3
403 Forbidden,Non trouvé,Non trouvé,Non trouvé,Aucun avis,Inconnu,Inconnu,Aucun tag,https://khamsat.com/business/accounting-bookkeeping/3618210-%D8%A8%D8%B1%D9%86%D8%A7%D9%85%D8%AC-%D9%85%D8%AD%D8%A7%D8%B3%D8%A8%D8%A9-%D9%85%D8%AA%D9%83%D8%A7%D9%85%D9%84-%D8%B9%D9%84%D9%89-%D8%A7%D9%83%D8%B3%D9%84
403 Forbidden,Non trouvé,Non trouvé,Non trouvé,Aucun avis,Inconnu,Inconnu,Aucun tag,https://khamsat.com/business/feasibility-study/3577827-%D8%A5%D8%B9%D8%AF%D8%A7%D8%AF-%D8%AF%D8%B1%D8%A7%D8%B3%D8%A9-%D8%AC%D8%AF%D9%88%D9%89-%D9%85%D8%A8%D8%AF%D8%A6%D9%8A%D8%A9-%D9%84%D8%A3%D9%8A-%D9%85%D8%B4%D8%B1%D9%88%D8%B9-%D8%B5%D8%BA%D9%8A%D8%B1-%D8%A3%D9%88-%D9%86%D8%A7%D8%B4%D8%A6-%D8%A8%D8%A7%D8%AD%D8%AA%D8%B1%D8%A7%D9%81
403 Forbidden,Non trouvé,Non trouvé,Non trouvé,Aucun avis,Inconnu,Inconnu,Aucun tag,https://khamsat.com/business/erp/2095276-%D9%85%D8%AD%D8%A7%D8%B3%D8%A8-%D9%84%D9%84%D8%B9%D9%85%D9%84-%D8%B9%D9%84%D9%89-%D8%A8%D8%B1%D9%86%D8%A7%D9%85%D8%AC-%D8%A3%D9%88%D8%AF%D9%88-odoo
403 Forbidden,Non trouvé,Non trouvé,Non trouvé,Aucun avis,Inconnu,Inconnu,Aucun tag,https://khamsat.com/business/file-conversion/3827223-%D8%AA%D8%AD%D9%88%D9%8A%D9%84-%D9%85%D9%84%D9%81%D8%A7%D8%AA-pdf-%D8%A7%D9%84%D9%89-word-excell-power-point-%D9%88%D8%A7%D9%84%D8%B9%D9%83%D8%B3
403 Forbidden,Non trouvé,Non trouvé,Non trouvé,Aucun avis,Inconnu,Inconnu,Aucun tag,https://khamsat.com/business/accounting-bookkeeping/3285968-%D9%85%D8%AD%D8%A7%D8%B3%D8%A8%D8%A9-%D8%B9%D9%86-%D8%A8%D8%B9%D8%AF-%D8%AA%D9%86%D8%B8%D9%8A%D9%85-%D8%A7%D9%84%D8%A7%D8%B9%D9%85%D8%A7%D9%84-%D8%A8%D8%A7%D9%84%D8%A7%D9%83%D8%B3%D9%8A%D9%84
403 Forbidden,Non trouvé,Non trouvé,Non trouvé,Aucun avis,Inconnu,Inconnu,Aucun tag,https://khamsat.com/business/feasibility-study/1669644-%D8%AF%D8%B1%D8%A7%D8%B3%D8%A9-%D8%AC%D8%AF%D9%88%D9%89-%D9%85%D8%A7%D9%84%D9%8A%D8%A9-%D9%84%D9%84%D9%85%D8%B4%D8%B1%D9%88%D8%B9%D8%A7%D8%AA-%D8%A7%D9%84%D8%B5%D8%BA%D9%8A%D8%B1%D8%A9
403 Forbidden,Non trouvé,Non trouvé,Non trouvé,Aucun avis,Inconnu,Inconnu,Aucun tag,https://khamsat.com/business/erp/2866553-%D8%A7%D9%84%D8%B9%D9%85%D9%84-%D8%B9%D9%84%D9%8A-%D8%A8%D8%B1%D8%A7%D9%85%D8%AC-%D8%A7%D9%84%D9%85%D8%AD%D8%A7%D8%B3%D8%A8%D8%A9-%D8%A7%D9%84%D8%B3%D8%AD%D8%A7%D8%A8%D9%8A%D8%A9-%D9%85%D8%AB%D9%84-%D9%82%D9%8A%D9%88%D8%AF-%D8%AF%D9%81%D8%AA%D8%B1%D9%87-%D8%B2%D9%88%D9%87%D9%88-%D8%A7%D9%88%D8%AF%D9%88
403 Forbidden,Non trouvé,Non trouvé,Non trouvé,Aucun avis,Inconnu,Inconnu,Aucun tag,https://khamsat.com/business/file-conversion/3759079-%D8%AE%D8%AF%D9%85%D8%A9-%D8%A7%D8%AD%D8%AA%D8%B1%D8%A7%D9%81%D9%8A%D8%A9-%D9%84%D8%AA%D8%AD%D9%88%D9%8A%D9%84-%D9%85%D9%84%D9%81%D8%A7%D8%AA-pdf-%D8%A5%D9%84%D9%89-word
403 Forbidden,Non trouvé,Non trouvé,Non trouvé,Aucun avis,Inconnu,Inconnu,Aucun tag,https://khamsat.com/business/accounting-bookkeeping/2718127-%D9%85%D8%AD%D8%A7%D8%B3%D8%A8%D8%A9-%D9%88%D9%85%D8%B3%D9%83-%D8%A7%D9%84%D8%AF%D9%81%D8%A7%D8%AA%D8%B1-%D8%B9%D9%84%D9%89-%D8%A8%D8%B1%D9%86%D8%A7%D9%85%D8%AC-%D9%83%D9%88%D9%8A%D9%83-%D8%A8%D9%88%D9%83%D8%B3
403 Forbidden,Non trouvé,Non trouvé,Non trouvé,Aucun avis,Inconnu,Inconnu,Aucun tag,https://khamsat.com/business/feasibility-study/3074894-%D8%A5%D8%B9%D8%AF%D8%A7%D8%AF-%D8%AA%D8%AD%D9%84%D9%8A%D9%84-swot-%D8%A7%D8%AD%D8%AA%D8%B1%D8%A7%D9%81%D9%8A-%D9%8A%D8%B9%D9%83%D8%B3-%D9%86%D9%82%D8%A7%D8%B7-%D8%A7%D9%84%D9%82%D9%88%D8%A9-%D9%88%D8%A7%D9%84%D9%81%D8%B1%D8%B5-%D9%88%D8%A7%D9%84%D8%AA%D8%AD%D8%AF%D9%8A%D8%A7%D8%AA
403 Forbidden,Non trouvé,Non trouvé,Non trouvé,Aucun avis,Inconnu,Inconnu,Aucun tag,https://khamsat.com/business/erp/3392745-%D9%88%D8%A7%D8%AC%D9%87%D8%A9-%D8%A5%D8%AF%D8%AE%D8%A7%D9%84-%D8%A8%D9%8A%D8%A7%D9%86%D8%A7%D8%AA-%D8%A7%D8%AD%D8%AA%D8%B1%D8%A7%D9%81%D9%8A%D8%A9-%D8%B9%D9%84%D9%89-excel-%D9%84%D8%AA%D8%B3%D9%87%D9%8A%D9%84-%D8%A5%D8%AF%D8%A7%D8%B1%D8%A9-%D9%85%D8%B4%D8%B1%D9%88%D8%B9%D9%83
403 Forbidden,Non trouvé,Non trouvé,Non trouvé,Aucun avis,Inconnu,Inconnu,Aucun tag,https://khamsat.com/business/file-conversion/2072922-%D8%AA%D8%AD%D9%88%D9%8A%D9%84-%D9%85%D9%84%D9%81%D8%A7%D8%AA-pdf-%D8%A5%D9%84%D9%89-word-%D9%88%D8%AA%D8%B9%D8%AF%D9%8A%D9%84%D9%87%D8%A7
403 Forbidden,Non trouvé,Non trouvé,Non trouvé,Aucun avis,Inconnu,Inconnu,Aucun tag,https://khamsat.com/business/accounting-bookkeeping/2718137-%D8%A7%D9%84%D9%85%D8%AD%D8%A7%D8%B3%D8%A8%D8%A9-%D9%88%D9%85%D8%B3%D9%83-%D8%A7%D9%84%D8%AF%D9%81%D8%A7%D8%AA%D8%B1-%D8%B9%D9%84%D9%89-%D8%B2%D9%88%D9%87%D9%88-%D8%A8%D9%88%D9%83%D8%B3
403 Forbidden,Non trouvé,Non trouvé,Non trouvé,Aucun avis,Inconnu,Inconnu,Aucun tag,https://khamsat.com/business/feasibility-study/3578063-%D8%A5%D8%B9%D8%AF%D8%A7%D8%AF-%D8%AF%D8%B1%D8%A7%D8%B3%D8%A9-%D8%AC%D8%AF%D9%88%D9%89-%D8%A7%D8%AD%D8%AA%D8%B1%D8%A7%D9%81%D9%8A%D8%A9-%D9%84%D9%84%D9%85%D8%B4%D8%A7%D8%B1%D9%8A%D8%B9-%D8%A7%D9%84%D8%A7%D8%B3%D8%AA%D8%AB%D9%85%D8%A7%D8%B1%D9%8A%D8%A9
403 Forbidden,Non trouvé,Non trouvé,Non trouvé,Aucun avis,Inconnu,Inconnu,Aucun tag,https://khamsat.com/business/erp/3020801-%D8%AA%D8%AC%D9%87%D9%8A%D8%B2-%D9%86%D9%82%D8%A7%D8%B7-%D8%A7%D9%84%D8%A8%D9%8A%D8%B9-%D8%A8%D8%A7%D8%B3%D8%AA%D8%AE%D8%AF%D8%A7%D9%85-odoo-pos
403 Forbidden,Non trouvé,Non trouvé,Non trouvé,Aucun avis,Inconnu,Inconnu,Aucun tag,https://khamsat.com/business/file-conversion/3724239-%D8%AA%D8%AD%D9%88%D9%8A%D9%84-%D8%A7%D9%84%D9%85%D9%84%D9%81%D8%A7%D8%AA-%D9%85%D9%86-%D8%B5%D9%8A%D8%BA%D8%A9-pdf-%D8%A7%D9%84%D9%89-word
403 Forbidden,Non trouvé,Non trouvé,Non trouvé,Aucun avis,Inconnu,Inconnu,Aucun tag,https://khamsat.com/business/accounting-bookkeeping/3887645-%D9%85%D8%AD%D8%A7%D8%B3%D8%A8%D8%A9-%D9%88%D9%85%D8%B3%D9%83-%D8%AF%D9%81%D8%A7%D8%AA%D8%B1-%D8%AD%D8%B3%D8%A7%D8%A8%D9%8A%D8%A9-%D9%85%D9%86%D8%AA%D8%B8%D9%85%D8%A9
403 Forbidden,Non trouvé,Non trouvé,Non trouvé,Aucun avis,Inconnu,Inconnu,Aucun tag,https://khamsat.com/business/feasibility-study/2522470-%D8%AF%D8%B1%D8%A7%D8%B3%D8%A9-%D8%AC%D8%AF%D9%88%D9%89-%D8%A7%D8%AD%D8%AA%D8%B1%D8%A7%D9%81%D9%8A%D8%A9-%D9%84%D9%84%D9%85%D8%B4%D8%A7%D8%B1%D9%8A%D8%B9-feasibility-study
403 Forbidden,Non trouvé,Non trouvé,Non trouvé,Aucun avis,Inconnu,Inconnu,Aucun tag,https://khamsat.com/business/erp/2047629-%D8%A8%D8%B1%D9%86%D8%A7%D9%85%D8%AC-%D8%AD%D8%B3%D8%A7%D8%A8-%D8%AA%D9%83%D9%84%D9%81%D8%A9-%D8%A7%D9%84%D9%88%D8%AD%D8%AF%D8%A9-%D9%85%D9%86-%D8%A7%D9%84%D9%85%D9%86%D8%AA%D8%AC-%D8%A7%D9%84%D9%85%D8%B3%D8%AA%D9%88%D8%B1%D8%AF-%D9%85%D9%86-%D8%A7%D9%84%D8%AE%D8%A7%D8%B1%D8%AC
403 Forbidden,Non trouvé,Non trouvé,Non trouvé,Aucun avis,Inconnu,Inconnu,Aucun tag,https://khamsat.com/business/file-conversion/2798776-%D8%AA%D8%AD%D9%88%D9%8A%D9%84-%D9%85%D9%86-%D9%85%D9%84%D9%81-pdf-%D8%A7%D9%84%D9%89-%D9%85%D9%84%D9%81-%D9%88%D9%88%D8%B1%D8%AF
403 Forbidden,Non trouvé,Non trouvé,Non trouvé,Aucun avis,Inconnu,Inconnu,Aucun tag,https://khamsat.com/business/accounting-bookkeeping/1905809-%D8%AA%D8%B5%D9%85%D9%8A%D9%85-%D9%82%D9%88%D8%A7%D9%84%D8%A8-%D8%A7%D9%83%D8%B3%D9%84-%D9%85%D8%B9-%D8%A7%D9%85%D9%83%D8%A7%D9%86%D9%8A%D8%A9-%D8%AA%D9%81%D9%82%D9%8A%D8%B7-%D8%AA%D8%AD%D9%88%D9%8A%D9%84-%D8%A7%D9%84%D8%A3%D8%B1%D9%82%D8%A7%D9%85-%D8%A5%D9%84%D9%89-%D8%AD%D8%B1%D9%88%D9%81
403 Forbidden,Non trouvé,Non trouvé,Non trouvé,Aucun avis,Inconnu,Inconnu,Aucun tag,https://khamsat.com/business/feasibility-study/2131205-%D8%AF%D8%B1%D8%A7%D8%B3%D8%A9-%D8%AC%D8%AF%D9%88%D9%8A-%D8%A7%D9%82%D8%AA%D8%B5%D8%A7%D8%AF%D9%8A%D8%A9-%D9%88%D9%81%D9%82-%D9%85%D9%84%D9%81-%D9%88%D9%86%D9%85%D9%88%D8%B0%D8%AC-%D8%A3%D9%83%D8%B3%D9%84-%D9%88%D9%85%D9%84%D9%81-pdf
403 Forbidden,Non trouvé,Non trouvé,Non trouvé,Aucun avis,Inconnu,Inconnu,Aucun tag,https://khamsat.com/business/erp/2800884-%D8%A8%D8%B1%D9%86%D8%A7%D9%85%D8%AC-%D9%84%D8%A5%D8%AF%D8%A7%D8%B1%D8%A9-%D8%A7%D9%84%D9%85%D8%A8%D9%8A%D8%B9%D8%A7%D8%AA-%D8%A7%D9%84%D9%85%D8%B4%D8%AA%D8%B1%D9%8A%D8%A7%D8%AA-%D8%A7%D9%84%D9%85%D8%AE%D8%B2%D9%88%D9%86-%D8%A8%D8%A7%D9%84%D8%A7%D9%83%D8%B3%D9%8A%D9%84
403 Forbidden,Non trouvé,Non trouvé,Non trouvé,Aucun avis,Inconnu,Inconnu,Aucun tag,https://khamsat.com/business/file-conversion/3314631-%D8%AA%D8%AD%D9%88%D9%8A%D9%84-%D9%85%D9%84%D9%81%D8%A7%D8%AA-pdf-%D8%A5%D9%84%D9%89-powerpoint-excel-word-%D8%A8%D8%A7%D8%AD%D8%AA%D8%B1%D8%A7%D9%81%D9%8A%D8%A9-%D9%88%D8%AF%D9%82%D8%A9
403 Forbidden,Non trouvé,Non trouvé,Non trouvé,Aucun avis,Inconnu,Inconnu,Aucun tag,https://khamsat.com/business/accounting-bookkeeping/1932112-%D8%A3%D8%B9%D9%85%D8%A7%D9%84-%D9%85%D8%AD%D8%A7%D8%B3%D8%A8%D9%8A%D8%A9-%D9%88%D8%A3%D8%B3%D8%AA%D8%B4%D8%A7%D8%B1%D9%8A%D8%A9-%D8%B9%D9%84%D9%89-%D8%A8%D8%B1%D9%86%D8%A7%D9%85%D8%AC-%D8%A3-%D9%8A%D9%80-aliphia-%D8%A7%D9%84%D9%85%D8%AD%D8%A7%D8%B3%D8%A8%D9%8A-%D8%A7%D9%84%D8%B3%D8%AD%D8%A7%D8%A8%D9%8A
403 Forbidden,Non trouvé,Non trouvé,Non trouvé,Aucun avis,Inconnu,Inconnu,Aucun tag,https://khamsat.com/business/feasibility-study/2751934-%D8%AF%D8%B1%D8%A7%D8%B3%D8%A9-%D8%AC%D8%AF%D9%88%D9%8A-%D9%85%D8%B4%D8%B1%D9%88%D8%B9%D9%83-%D8%B3%D8%AA%D8%AD%D9%88%D9%84-%D8%AD%D9%84%D9%85%D9%83-%D9%84%D8%AD%D9%82%D9%8A%D9%82%D8%A9
403 Forbidden,Non trouvé,Non trouvé,Non trouvé,Aucun avis,Inconnu,Inconnu,Aucun tag,https://khamsat.com/business/erp/1985884-%D8%B4%D9%8A%D8%AA-%D8%A7%D9%83%D8%B3%D9%84-%D8%A7%D8%AF%D8%A7%D8%B1%D8%A9-%D8%A7%D9%84%D9%85%D8%AE%D8%A7%D8%B2%D9%86-%D9%88-%D8%A7%D9%84%D9%85%D8%B4%D8%AA%D8%B1%D9%8A%D8%A7%D8%AA-%D9%88-%D9%85%D8%B9%D8%AF%D9%84-%D8%AF%D9%88%D8%B1%D8%A7%D9%86-%D8%A7%D9%84%D9%85%D8%AE%D8%B2%D9%88%D9%86
403 Forbidden,Non trouvé,Non trouvé,Non trouvé,Aucun avis,Inconnu,Inconnu,Aucun tag,https://khamsat.com/business/file-conversion/3168921-%D8%AA%D8%AD%D9%88%D9%8A%D9%84-%D9%85%D9%84%D9%81%D8%A7%D8%AA-%D8%A7%D9%84-pdf-%D9%88%D8%A7%D9%84%D8%B5%D9%88%D8%B1-%D8%A7%D9%84%D9%85%D9%83%D8%AA%D9%88%D8%A8%D8%A9-%D8%A8%D8%AE%D8%B7-%D8%A7%D9%84%D9%8A%D8%AF-%D8%A7%D9%84%D9%89-%D9%88%D9%88%D8%B1%D8%AF
403 Forbidden,Non trouvé,Non trouvé,Non trouvé,Aucun avis,Inconnu,Inconnu,Aucun tag,https://khamsat.com/business/accounting-bookkeeping/2879263-%D8%A5%D8%AF%D8%A7%D8%B1%D8%A9-%D8%A7%D9%84%D8%AD%D8%B3%D8%A7%D8%A8%D8%A7%D8%AA-%D8%A7%D9%84%D9%85%D8%A7%D9%84%D9%8A%D8%A9-%D9%84%D9%84%D9%85%D8%AA%D8%AC%D8%B1-%D8%A7%D9%84%D8%A5%D9%84%D9%83%D8%AA%D8%B1%D9%88%D9%86%D9%8A-%D8%B3%D9%84%D8%A9-%D9%86%D9%88%D9%86-%D8%A3%D9%85%D8%A7%D8%B2%D9%88%D9%86
403 Forbidden,Non trouvé,Non trouvé,Non trouvé,Aucun avis,Inconnu,Inconnu,Aucun tag,https://khamsat.com/business/feasibility-study/2882341-%D8%AF%D8%B1%D8%A7%D8%B3%D8%A9-%D8%AC%D8%AF%D9%88%D9%89-%D8%A7%D9%82%D8%AA%D8%B5%D8%A7%D8%AF%D9%8A%D8%A9-%D8%A7%D8%AD%D8%AA%D8%B1%D8%A7%D9%81%D9%8A%D8%A9-%D9%84%D9%85%D8%B4%D8%B1%D9%88%D8%B9%D9%83-%D8%B9%D8%B1%D8%A8%D9%8A-%D8%A5%D9%86%D8%AC%D9%84%D9%8A%D8%B2%D9%8A
403 Forbidden,Non trouvé,Non trouvé,Non trouvé,Aucun avis,Inconnu,Inconnu,Aucun tag,https://khamsat.com/business/erp/1961151-%D8%AA%D8%B5%D9%85%D9%8A%D9%85-%D9%86%D8%B8%D8%A7%D9%85-%D8%A7%D9%8A%D8%B1%D8%A7%D8%AF%D8%A7%D8%AA-%D9%88%D8%AA%D9%83%D8%A7%D9%84%D9%8A%D9%81-%D9%84%D9%84%D9%85%D8%B7%D8%A7%D8%B9%D9%85
403 Forbidden,Non trouvé,Non trouvé,Non trouvé,Aucun avis,Inconnu,Inconnu,Aucun tag,https://khamsat.com/business/file-conversion/2618339-%D8%AA%D8%AD%D9%88%D9%8A%D9%84-%D9%85%D9%84%D9%81%D8%A7%D8%AA-pdf-powerpoint-%D8%A5%D9%84%D9%89-word-%D9%85%D8%B9-%D8%A7%D9%84%D8%AA%D9%86%D8%B3%D9%8A%D9%82
403 Forbidden,Non trouvé,Non trouvé,Non trouvé,Aucun avis,Inconnu,Inconnu,Aucun tag,https://khamsat.com/business/accounting-bookkeeping/618311-%D8%A7%D8%B3%D8%AA%D8%B4%D8%A7%D8%B1%D8%A7%D8%AA-%D9%85%D8%AD%D8%A7%D8%B3%D8%A8%D9%8A%D8%A9
403 Forbidden,Non trouvé,Non trouvé,Non trouvé,Aucun avis,Inconnu,Inconnu,Aucun tag,https://khamsat.com/business/feasibility-study/2975440-%D8%B9%D9%85%D9%84-%D8%AF%D8%B1%D8%A7%D8%B3%D8%A7%D8%AA-%D8%AC%D8%AF%D9%88%D9%89-%D9%84%D9%84%D9%85%D8%B4%D8%A7%D8%B1%D9%8A%D8%B9-%D8%AF%D8%A7%D8%AE%D9%84-%D8%A7%D9%84%D9%85%D9%85%D9%84%D9%83%D8%A9-%D8%A7%D9%84%D8%B9%D8%B1%D8%A8%D9%8A%D8%A9-%D8%A7%D9%84%D8%B3%D8%B9%D9%88%D8%AF%D9%8A%D8%A9
403 Forbidden,Non trouvé,Non trouvé,Non trouvé,Aucun avis,Inconnu,Inconnu,Aucun tag,https://khamsat.com/business/erp/3020796-%D9%86%D8%B8%D8%A7%D9%85-erp-%D9%85%D8%AA%D9%83%D8%A7%D9%85%D9%84-%D9%85%D9%86-odoo-%D8%AD%D9%84%D9%88%D9%84-%D8%B4%D8%A7%D9%85%D9%84%D8%A9-%D9%84%D8%AA%D8%AE%D8%B7%D9%8A%D8%B7-%D9%85%D9%88%D8%A7%D8%B1%D8%AF-%D8%B4%D8%B1%D9%83%D8%AA%D9%83
403 Forbidden,Non trouvé,Non trouvé,Non trouvé,Aucun avis,Inconnu,Inconnu,Aucun tag,https://khamsat.com/business/file-conversion/3694953-%D8%AA%D8%AD%D9%88%D9%8A%D9%84-%D9%85%D9%84%D9%81%D8%A7%D8%AA-word-to-pdf-%D9%88%D8%A7%D9%84%D8%B9%D9%83%D8%B3
403 Forbidden,Non trouvé,Non trouvé,Non trouvé,Aucun avis,Inconnu,Inconnu,Aucun tag,https://khamsat.com/business/accounting-bookkeeping/3701939-%D9%85%D8%B3%D9%83-%D8%AF%D9%81%D8%A7%D8%AA%D8%B1-%D9%88%D9%85%D8%B1%D8%A7%D8%AC%D8%B9%D8%A9-%D9%85%D8%A7%D9%84%D9%8A%D8%A9-%D8%AF%D9%82%D9%8A%D9%82%D8%A9-%D9%85%D9%86-%D8%A7%D9%84%D9%82%D9%8A%D9%88%D8%AF-%D8%A7%D9%84%D9%8A%D9%88%D9%85%D9%8A%D8%A9-%D8%A5%D9%84%D9%89-%D8%A7%D9%84%D9%82%D9%88%D8%A7%D8%A6%D9%85
403 Forbidden,Non trouvé,Non trouvé,Non trouvé,Aucun avis,Inconnu,Inconnu,Aucun tag,https://khamsat.com/business/feasibility-study/3374834-%D8%AF%D8%B1%D8%A7%D8%B3%D8%A9-%D8%AC%D8%AF%D9%88%D9%89-%D9%84%D8%AA%D8%B7%D8%A8%D9%8A%D9%82-%D8%A3%D9%88-%D9%85%D9%88%D9%82%D8%B9-%D8%A5%D9%84%D9%83%D8%AA%D8%B1%D9%88%D9%86%D9%8A
403 Forbidden,Non trouvé,Non trouvé,Non trouvé,Aucun avis,Inconnu,Inconnu,Aucun tag,https://khamsat.com/business/erp/2433150-%D8%A5%D8%AF%D8%AE%D8%A7%D9%84-%D8%A7%D9%84%D9%81%D9%88%D8%A7%D8%AA%D9%8A%D8%B1-%D8%B9%D9%84%D9%8A-%D8%A7%D9%84%D8%A8%D8%B1%D8%A7%D9%85%D8%AC-%D8%A7%D9%84%D9%85%D8%AD%D8%A7%D8%B3%D8%A8%D9%8A%D8%A9
403 Forbidden,Non trouvé,Non trouvé,Non trouvé,Aucun avis,Inconnu,Inconnu,Aucun tag,https://khamsat.com/business/file-conversion/2504268-%D8%AA%D8%AD%D9%88%D9%8A%D9%84-%D8%A7%D9%84%D8%B5%D9%88%D8%B1-%D8%A7%D9%84%D9%8A-%D9%86%D8%B5-%D9%88%D9%88%D8%B1%D8%AF-%D9%84%D9%84%D8%AA%D8%B9%D8%AF%D9%8A%D9%84-%D8%B9%D9%84%D9%8A%D9%87
403 Forbidden,Non trouvé,Non trouvé,Non trouvé,Aucun avis,Inconnu,Inconnu,Aucun tag,https://khamsat.com/business/accounting-bookkeeping/1924484-%D9%85%D8%AD%D8%A7%D8%B3%D8%A8-%D8%B9%D9%86-%D8%A8%D8%B9%D8%AF-%D9%84%D8%AA%D9%86%D8%B8%D9%8A%D9%85-%D8%A7%D9%84%D9%85%D8%B9%D8%A7%D9%85%D9%84%D8%A7%D8%AA-%D8%A7%D9%84%D9%85%D8%AD%D8%A7%D8%B3%D8%A8%D9%8A%D8%A9-%D9%84%D9%84%D8%B4%D8%B1%D9%83%D8%A9-%D8%A3%D9%88-%D8%A7%D9%84%D9%85%D8%B4%D8%B1%D9%88%D8%B9
403 Forbidden,Non trouvé,Non trouvé,Non trouvé,Aucun avis,Inconnu,Inconnu,Aucun tag,https://khamsat.com/business/feasibility-study/299764-%D8%AA%D9%82%D8%AF%D9%8A%D9%85-%D8%A7%D9%81%D9%83%D8%A7%D8%B1-%D9%85%D8%B4%D8%A7%D8%B1%D9%8A%D8%B9-%D9%88-%D8%A5%D9%86%D8%B4%D8%A7%D8%A1-%D8%AF%D8%B1%D8%A7%D8%B3%D8%A9-%D8%AC%D8%AF%D9%88%D9%8A
403 Forbidden,Non trouvé,Non trouvé,Non trouvé,Aucun avis,Inconnu,Inconnu,Aucun tag,https://khamsat.com/business/erp/3060506-%D8%AE%D8%AF%D9%85%D8%A7%D8%AA-%D8%AA%D8%B9%D8%AF%D9%8A%D9%84%D8%A7%D8%AA-%D8%B3%D9%8A%D8%B3%D8%AA%D9%85-%D8%A7%D9%88%D8%AF%D9%88-%D9%84%D9%84%D9%85%D8%AD%D8%A7%D8%B3%D8%A8%D9%8A%D9%86-%D9%88%D8%A7%D9%84%D8%B4%D8%B1%D9%83%D8%A7%D8%AA
403 Forbidden,Non trouvé,Non trouvé,Non trouvé,Aucun avis,Inconnu,Inconnu,Aucun tag,https://khamsat.com/business/file-conversion/3744733-%D8%AA%D8%AD%D9%88%D9%8A%D9%84-%D8%A7%D9%84%D9%85%D9%84%D9%81%D8%A7%D8%AA-%D8%A8%D9%83%D8%A7%D9%81%D8%A9-%D8%A3%D9%86%D9%88%D8%A7%D8%B9%D9%87%D8%A7-%D8%A5%D9%84%D9%89-%D9%85%D9%84%D9%81-word-%D8%A8%D8%A5%D8%AA%D9%82%D8%A7%D9%86
403 Forbidden,Non trouvé,Non trouvé,Non trouvé,Aucun avis,Inconnu,Inconnu,Aucun tag,https://khamsat.com/business/accounting-bookkeeping/1801514-%D8%AA%D8%B3%D8%AC%D9%8A%D9%84-%D8%A7%D9%84%D9%82%D9%8A%D9%88%D8%AF-%D8%A7%D9%84%D9%85%D8%AD%D8%A7%D8%B3%D8%A8%D9%8A%D8%A9-%D8%A8%D8%A7%D8%B3%D8%AA%D8%AE%D8%AF%D8%A7%D9%85-%D8%A7%D9%84%D8%A8%D8%B1%D8%A7%D9%85%D8%AC-%D8%A7%D9%84%D9%85%D8%AD%D9%88%D8%B3%D8%A8%D8%A9-%D8%A7%D9%84%D8%B3%D8%AD%D8%A7%D8%A8%D9%8A%D8%A9
403 Forbidden,Non trouvé,Non trouvé,Non trouvé,Aucun avis,Inconnu,Inconnu,Aucun tag,https://khamsat.com/business/feasibility-study/3040624-%D8%AF%D8%B1%D8%A7%D8%B3%D8%A9-%D8%AC%D8%AF%D9%88%D9%89-%D9%85%D8%B4%D8%B1%D9%88%D8%B9-%D8%AA%D8%B7%D8%A8%D9%8A%D9%82-%D8%AC%D9%88%D8%A7%D9%84-%D9%84%D8%AE%D8%AF%D9%85%D8%A7%D8%AA-%D8%A7%D9%84%D8%B5%D9%8A%D8%A7%D9%86%D8%A9-%D8%A7%D9%84%D9%85%D9%86%D8%B2%D9%84%D9%8A%D8%A9
403 Forbidden,Non trouvé,Non trouvé,Non trouvé,Aucun avis,Inconnu,Inconnu,Aucun tag,https://khamsat.com/business/erp/2835255-%D8%A8%D8%B1%D9%86%D8%A7%D9%85%D8%AC-%D9%85%D8%AD%D8%A7%D8%B3%D8%A8%D9%8A-%D8%B9%D9%84%D9%89-%D8%A7%D9%84%D8%A7%D9%83%D8%B3%D9%84-%D9%84%D8%B6%D8%A8%D8%B7-%D8%AD%D8%B3%D8%A7%D8%A8%D8%A7%D8%AA-%D8%B4%D8%B1%D9%83%D8%AA%D9%83
403 Forbidden,Non trouvé,Non trouvé,Non trouvé,Aucun avis,Inconnu,Inconnu,Aucun tag,https://khamsat.com/business/file-conversion/3625547-%D8%AA%D8%AD%D9%88%D9%8A%D9%84-%D8%A7%D9%84%D9%85%D9%84%D9%81%D8%A7%D8%AA-%D9%85%D9%86-pdf-%D8%A5%D9%84%D9%89-word-%D9%88excel-%D9%88%D8%A7%D9%84%D8%B9%D9%83%D8%B3
403 Forbidden,Non trouvé,Non trouvé,Non trouvé,Aucun avis,Inconnu,Inconnu,Aucun tag,https://khamsat.com/business/accounting-bookkeeping/3780695-%D8%A5%D8%AF%D8%AE%D8%A7%D9%84-%D8%A7%D9%84%D9%82%D9%8A%D9%88%D8%AF-%D8%A7%D9%84%D9%8A%D9%88%D9%85%D9%8A%D8%A9-%D9%88%D8%A5%D8%AF%D8%A7%D8%B1%D8%A9-%D8%A7%D9%84%D8%AD%D8%B3%D8%A7%D8%A8%D8%A7%D8%AA-%D8%A8%D8%A7%D8%AD%D8%AA%D8%B1%D8%A7%D9%81-%D8%B9%D9%84%D9%89-quickbooks
403 Forbidden,Non trouvé,Non trouvé,Non trouvé,Aucun avis,Inconnu,Inconnu,Aucun tag,https://khamsat.com/business/feasibility-study/1668700-%D9%86%D9%85%D9%88%D8%B0%D8%AC-%D8%AF%D8%B1%D8%A7%D8%B3%D8%A9-%D8%AC%D8%AF%D9%88%D9%89-%D8%A7%D9%82%D8%AA%D8%B5%D8%A7%D8%AF%D9%8A%D9%87-%D9%84%D9%84%D9%85%D8%B4%D8%A7%D8%B1%D9%8A%D8%B9-%D8%A7%D9%84%D8%B5%D8%BA%D9%8A%D8%B1%D8%A9-%D9%88%D8%A7%D9%84%D9%85%D8%AA%D9%88%D8%B3%D8%B7%D8%A9
403 Forbidden,Non trouvé,Non trouvé,Non trouvé,Aucun avis,Inconnu,Inconnu,Aucun tag,https://khamsat.com/business/erp/2111251-%D8%A7%D8%AF%D8%AE%D8%A7%D9%84-%D8%A7%D9%84%D8%A8%D9%8A%D8%A7%D9%86%D8%A7%D8%AA-%D8%A7%D9%84%D9%85%D8%A7%D9%84%D9%8A%D8%A9-%D9%82%D9%8A%D9%88%D8%AF-%D9%85%D8%AD%D8%A7%D8%B3%D8%A8%D9%8A%D8%A9-%D9%88%D9%81%D9%88%D8%A7%D8%AA%D9%8A%D8%B1-%D9%88-%D8%BA%D9%8A%D8%B1%D9%87%D8%A7
403 Forbidden,Non trouvé,Non trouvé,Non trouvé,Aucun avis,Inconnu,Inconnu,Aucun tag,https://khamsat.com/business/file-conversion/2350072-%D8%AA%D8%AD%D9%88%D9%8A%D9%84-%D8%A3%D8%B1%D9%82%D8%A7%D9%85-%D8%A7%D9%84%D9%87%D9%88%D8%A7%D8%AA%D9%81-%D9%85%D9%86-%D9%85%D9%84%D9%81-%D8%A5%D9%83%D8%B3%D9%84-%D8%A5%D9%84%D9%89-%D8%AC%D9%87%D8%A7%D8%AA-%D8%A7%D8%AA%D8%B5%D8%A7%D9%84-vcf
403 Forbidden,Non trouvé,Non trouvé,Non trouvé,Aucun avis,Inconnu,Inconnu,Aucun tag,https://khamsat.com/business/accounting-bookkeeping/2532043-%D8%A7%D9%84%D8%B9%D9%85%D9%84-%D8%B9%D9%84%D9%89-%D8%A8%D8%B1%D9%86%D8%A7%D9%85%D8%AC-quick-books
403 Forbidden,Non trouvé,Non trouvé,Non trouvé,Aucun avis,Inconnu,Inconnu,Aucun tag,https://khamsat.com/business/feasibility-study/1669608-%D8%AF%D8%B1%D8%A7%D8%B3%D8%A9-%D8%AC%D8%AF%D9%88%D9%89-%D8%A7%D9%82%D8%AA%D8%B5%D8%A7%D8%AF%D9%8A%D9%87-%D9%84%D9%85%D8%B4%D8%B1%D9%88%D8%B9-%D8%A7%D9%86%D8%AA%D8%A7%D8%AC-%D8%AE%D9%8A%D8%B7-%D8%A7%D9%84%D8%AD%D8%B1%D9%8A%D8%B1%D9%8A
403 Forbidden,Non trouvé,Non trouvé,Non trouvé,Aucun avis,Inconnu,Inconnu,Aucun tag,https://khamsat.com/business/erp/3329609-%D8%A8%D8%B1%D9%86%D8%A7%D9%85%D8%AC-%D8%A7%D9%83%D8%B3%D9%8A%D9%84-%D9%84%D8%A5%D8%AF%D8%A7%D8%B1%D8%A9-%D9%85%D8%A4%D8%B3%D8%B3%D8%A9-%D8%A7%D9%84%D9%85%D8%AE%D8%B2%D9%86-%D8%B1%D9%88%D8%A7%D8%AA%D8%A8-%D8%A5%D9%8A%D8%B1%D8%A7%D8%AF%D8%A7%D8%AA-%D9%85%D8%B5%D8%B1%D9%88%D9%81%D8%A7%D8%AA
403 Forbidden,Non trouvé,Non trouvé,Non trouvé,Aucun avis,Inconnu,Inconnu,Aucun tag,https://khamsat.com/business/file-conversion/3033308-%D8%AA%D8%AD%D9%88%D9%8A%D9%84-%D9%85%D9%84%D9%81pdf-%D8%A7%D9%84%D9%89-%D9%85%D9%84%D9%81-word
403 Forbidden,Non trouvé,Non trouvé,Non trouvé,Aucun avis,Inconnu,Inconnu,Aucun tag,https://khamsat.com/business/accounting-bookkeeping/3424227-%D8%A7%D8%B9%D9%85%D8%A7%D9%84-%D8%A7%D9%84%D9%85%D8%AD%D8%A7%D8%B3%D8%A8%D8%A9-%D8%B9%D9%86-%D8%A8%D8%B9%D8%AF-%D9%88-%D8%A7%D9%84%D9%85%D8%AD%D8%A7%D8%B3%D8%A8%D8%A9-%D8%A7%D9%84%D9%85%D8%A7%D9%84%D9%8A%D8%A9-%D9%88-%D8%A7%D9%84%D8%B6%D8%B1%D9%8A%D8%A8%D9%8A%D8%A9
403 Forbidden,Non trouvé,Non trouvé,Non trouvé,Aucun avis,Inconnu,Inconnu,Aucun tag,https://khamsat.com/business/feasibility-study/3790864-%D8%AF%D8%B1%D8%A7%D8%B3%D8%A9-%D8%AC%D8%AF%D9%88%D9%89-%D9%83%D8%A7%D9%85%D9%84%D8%A9-%D9%84%D9%85%D8%B4%D8%B1%D9%88%D8%B9%D9%83-feasibility-study
403 Forbidden,Non trouvé,Non trouvé,Non trouvé,Aucun avis,Inconnu,Inconnu,Aucun tag,https://khamsat.com/business/erp/2858917-%D8%AE%D8%AF%D9%85%D8%A9-%D8%A7%D8%B3%D8%AA%D8%B4%D8%A7%D8%B1%D9%8A%D8%A9-%D9%84%D8%AA%D8%B7%D8%A8%D9%8A%D9%82-%D9%86%D8%B8%D8%A7%D9%85-%D8%A7%D9%88%D8%AF%D9%88-odoo-consultant
403 Forbidden,Non trouvé,Non trouvé,Non trouvé,Aucun avis,Inconnu,Inconnu,Aucun tag,https://khamsat.com/business/file-conversion/3798612-%D8%AA%D8%AD%D9%88%D9%8A%D9%84-%D9%85%D9%84%D9%81%D8%A7%D8%AA-pdf-%D8%A5%D9%84%D9%8A-%D9%85%D9%84%D9%81%D8%A7%D8%AA-word
403 Forbidden,Non trouvé,Non trouvé,Non trouvé,Aucun avis,Inconnu,Inconnu,Aucun tag,https://khamsat.com/business/accounting-bookkeeping/2712388-%D8%A7%D9%84%D9%82%D9%8A%D9%88%D8%AF-%D8%A7%D9%84%D8%B4%D9%87%D8%B1%D9%8A%D8%A9-%D9%85%D9%86-%D8%B1%D9%88%D8%A7%D8%AA%D8%A8-%D9%88-%D9%85%D8%AE%D8%B5%D8%B5%D8%A7%D8%AA-%D9%84%D9%84%D9%85%D9%88%D8%B8%D9%81%D9%8A%D9%86-%D9%85%D8%AB%D9%84-%D9%85%D8%AE%D8%B5%D8%B5-%D8%A7%D9%84%D8%A7%D8%AC%D8%A7%D8%B2%D8%A7%D8%AA
403 Forbidden,Non trouvé,Non trouvé,Non trouvé,Aucun avis,Inconnu,Inconnu,Aucun tag,https://khamsat.com/business/feasibility-study/3044722-%D8%AF%D8%B1%D8%A7%D8%B3%D8%A9-%D8%A7%D9%84%D8%AC%D8%AF%D9%88%D9%89-%D9%88%D8%AE%D8%B7%D8%A9-%D8%A7%D9%84%D8%B9%D9%85%D9%84-%D8%A7%D9%84%D8%B4%D8%A7%D9%85%D9%84%D8%A9-%D9%84%D8%A3%D9%8A-%D9%85%D8%B4%D8%B1%D9%88%D8%B9-%D8%A3%D9%88-%D8%B9%D9%85%D9%84
403 Forbidden,Non trouvé,Non trouvé,Non trouvé,Aucun avis,Inconnu,Inconnu,Aucun tag,https://khamsat.com/business/erp/2865227-%D8%A8%D8%B1%D9%86%D8%A7%D9%85%D8%AC-%D9%85%D8%AD%D8%A7%D8%B3%D8%A8%D8%A9-%D9%83%D8%A8%D9%8A%D8%B1-%D9%84%D8%A5%D8%AF%D8%A7%D8%B1%D8%A9-%D9%83%D8%A7%D9%81%D8%A9-%D8%AD%D8%B3%D8%A7%D8%A8%D8%A7%D8%AA%D9%83
403 Forbidden,Non trouvé,Non trouvé,Non trouvé,Aucun avis,Inconnu,Inconnu,Aucun tag,https://khamsat.com/business/file-conversion/3632504-%D8%AA%D8%AD%D9%88%D9%8A%D9%84-%D9%85%D9%84%D9%81%D8%A7%D8%AA-pdf-%D8%A5%D9%84%D9%89-word-%D8%A8%D8%AF%D9%82%D8%A9-%D9%88%D8%A7%D8%AD%D8%AA%D8%B1%D8%A7%D9%81%D9%8A%D8%A9
403 Forbidden,Non trouvé,Non trouvé,Non trouvé,Aucun avis,Inconnu,Inconnu,Aucun tag,https://khamsat.com/business/accounting-bookkeeping/3478087-%D9%85%D8%B3%D9%83-%D8%AF%D9%81%D8%A7%D8%AA%D8%B1-%D9%88%D9%85%D8%AD%D8%A7%D8%B3%D8%A8%D8%A9-%D8%AF%D9%82%D9%8A%D9%82%D8%A9-%D8%A8%D8%A5%D8%AD%D8%AA%D8%B1%D8%A7%D9%81%D9%8A%D8%A9-%D8%B9%D8%A7%D9%84%D9%8A%D8%A9
403 Forbidden,Non trouvé,Non trouvé,Non trouvé,Aucun avis,Inconnu,Inconnu,Aucun tag,https://khamsat.com/business/feasibility-study/953561-%D8%AF%D8%B1%D8%A7%D8%B3%D8%A9-%D8%AC%D8%AF%D9%88%D9%89-%D8%A7%D8%AD%D8%AA%D8%B1%D8%A7%D9%81%D9%8A%D8%A9-%D9%84%D9%84%D9%85%D8%B4%D8%A7%D8%B1%D9%8A%D8%B9-%D9%83%D9%84-800-%D9%83%D9%84%D9%85%D8%A9
403 Forbidden,Non trouvé,Non trouvé,Non trouvé,Aucun avis,Inconnu,Inconnu,Aucun tag,https://khamsat.com/business/erp/2761540-%D8%AA%D8%B5%D9%85%D9%8A%D9%85-%D9%86%D8%B8%D8%A7%D9%85-%D9%85%D8%AD%D8%A7%D8%B3%D8%A8%D9%8A-%D9%83%D8%A7%D9%85%D9%84-%D8%B9%D9%84%D9%8A-%D8%A7%D9%84%D8%A7%D9%83%D8%B3%D9%8A%D9%84
403 Forbidden,Non trouvé,Non trouvé,Non trouvé,Aucun avis,Inconnu,Inconnu,Aucun tag,https://khamsat.com/business/file-conversion/3795321-%D8%AA%D9%81%D8%B1%D9%8A%D8%BA-%D9%88%D8%AA%D8%AD%D9%88%D9%8A%D9%84-%D9%85%D9%84%D9%81%D8%A7%D8%AApdf-%D8%A5%D9%84%D9%89word%D9%82%D8%A7%D8%A8%D9%84-%D9%84%D9%84%D8%AA%D8%B9%D8%AF%D9%8A%D9%84-%D8%A8%D8%AA%D9%86%D8%B3%D9%8A%D9%82-%D9%85%D8%AB%D8%A7%D9%84%D9%89
403 Forbidden,Non trouvé,Non trouvé,Non trouvé,Aucun avis,Inconnu,Inconnu,Aucun tag,https://khamsat.com/business/accounting-bookkeeping/3646702-%D8%A5%D8%AF%D8%A7%D8%B1%D8%A9-%D8%A7%D9%84%D8%AD%D8%B3%D8%A7%D8%A8%D8%A7%D8%AA-%D8%A7%D9%84%D9%8A%D9%88%D9%85%D9%8A%D8%A9-%D9%84%D9%85%D8%B4%D8%B1%D9%88%D8%B9%D9%83-%D9%88%D8%AA%D9%86%D8%B8%D9%8A%D9%85-%D8%A7%D9%84%D8%AA%D8%AF%D9%81%D9%82-%D8%A7%D9%84%D9%86%D9%82%D8%AF%D9%8A-%D8%A8%D8%A5%D8%AD%D8%AA%D8%B1%D8%A7%D9%81%D9%8A
403 Forbidden,Non trouvé,Non trouvé,Non trouvé,Aucun avis,Inconnu,Inconnu,Aucun tag,https://khamsat.com/business/feasibility-study/2780317-%D8%AF%D8%B1%D8%A7%D8%B3%D8%A9-%D8%AC%D8%AF%D9%88%D9%89-%D9%85%D8%B4%D8%B1%D9%88%D8%B9-%D9%85%D8%B2%D8%B1%D8%B9%D8%A9-%D9%85%D8%A7%D8%A6%D9%8A%D8%A9-hydroponics-%D9%84%D8%B2%D8%B1%D8%A7%D8%B9%D8%A9-%D8%A7%D9%84%D8%AE%D8%B3
403 Forbidden,Non trouvé,Non trouvé,Non trouvé,Aucun avis,Inconnu,Inconnu,Aucun tag,https://khamsat.com/business/erp/2816079-%D8%A8%D8%B1%D9%86%D8%A7%D9%85%D8%AC-%D9%85%D8%AD%D8%A7%D8%B3%D8%A8%D8%A9-%D8%A8%D8%B3%D9%8A%D8%B7-%D9%84%D8%B6%D8%A8%D8%B7-%D8%AD%D8%B3%D8%A7%D8%A8%D8%A7%D8%AA%D9%83
403 Forbidden,Non trouvé,Non trouvé,Non trouvé,Aucun avis,Inconnu,Inconnu,Aucun tag,https://khamsat.com/business/file-conversion/2969587-%D8%AA%D8%AD%D9%88%D9%8A%D9%84-%D9%85%D9%84%D9%81%D8%A7%D8%AA-pdf-%D9%88%D8%A7%D9%84%D8%B5%D9%88%D8%B1-%D8%A5%D9%84%D9%89-%D9%85%D9%84%D9%81-word-%D9%82%D8%A7%D8%A8%D9%84-%D9%84%D9%84%D8%AA%D8%B9%D8%AF%D9%8A%D9%84
403 Forbidden,Non trouvé,Non trouvé,Non trouvé,Aucun avis,Inconnu,Inconnu,Aucun tag,https://khamsat.com/business/accounting-bookkeeping/2845624-%D9%85%D8%AD%D8%A7%D8%B3%D8%A8%D8%A9-%D9%88%D8%A5%D8%B9%D8%AF%D8%A7%D8%AF-%D8%AA%D9%82%D8%A7%D8%B1%D9%8A%D8%B1-%D8%B9%D9%85%D9%84%D8%A7%D8%A1-%D9%88%D9%85%D9%88%D8%B1%D8%AF%D9%8A%D9%86-%D9%88%D8%A7%D9%84%D9%82%D9%8A%D9%88%D8%AF
403 Forbidden,Non trouvé,Non trouvé,Non trouvé,Aucun avis,Inconnu,Inconnu,Aucun tag,https://khamsat.com/business/feasibility-study/2813385-%D8%AF%D8%B1%D8%A7%D8%B3%D8%A9-%D8%AC%D8%AF%D9%88%D9%89-%D9%85%D8%A8%D8%AF%D8%A6%D9%8A%D8%A9-%D9%84%D9%85%D8%B4%D8%B1%D9%88%D8%B9%D9%83-%D9%84%D8%AA%D9%82%D9%84%D9%8A%D9%84-%D9%86%D8%B3%D8%A8%D8%A9-%D8%A7%D9%84%D9%85%D8%AE%D8%A7%D8%B7%D8%B1
403 Forbidden,Non trouvé,Non trouvé,Non trouvé,Aucun avis,Inconnu,Inconnu,Aucun tag,https://khamsat.com/business/erp/3041829-oxo-e-shops-%D9%86%D8%B8%D8%A7%D9%85-%D8%A3%D9%88%D9%83%D8%B3%D9%88-%D9%84%D9%86%D9%82%D8%A7%D8%B7-%D8%A7%D9%84%D8%A8%D9%8A%D8%B9
403 Forbidden,Non trouvé,Non trouvé,Non trouvé,Aucun avis,Inconnu,Inconnu,Aucun tag,https://khamsat.com/business/accounting-bookkeeping/2532017-%D8%AE%D8%AF%D9%85%D8%A7%D8%AA-%D9%85%D8%AD%D8%A7%D8%B3%D8%A8%D9%8A%D8%A9-%D8%B9%D9%84%D9%89-%D8%A8%D8%B1%D9%86%D8%A7%D9%85%D8%AC-zoho-books
403 Forbidden,Non trouvé,Non trouvé,Non trouvé,Aucun avis,Inconnu,Inconnu,Aucun tag,https://khamsat.com/business/file-conversion/1851010-%D8%AA%D8%AD%D9%88%D9%8A%D9%84-%D9%85%D9%84%D9%81%D8%A7%D8%AA-%D9%85%D8%B5%D9%88%D8%B1%D8%A9-%D8%A3%D9%88-%D9%85%D9%84%D9%81%D8%A7%D8%AA-pdf-%D8%A5%D9%84%D9%89-%D9%85%D9%84%D9%81%D8%A7%D8%AA-word
403 Forbidden,Non trouvé,Non trouvé,Non trouvé,Aucun avis,Inconnu,Inconnu,Aucun tag,https://khamsat.com/business/feasibility-study/1606561-%D8%A7%D8%B9%D8%AF%D8%A7%D8%AF-%D8%AF%D8%B1%D8%A7%D8%B3%D8%A9-%D8%AC%D8%AF%D9%88%D9%89-%D8%A7%D9%82%D8%AA%D8%B5%D8%A7%D8%AF%D9%8A%D8%A9-%D8%A7%D8%AD%D8%AA%D8%B1%D8%A7%D9%81%D9%8A%D8%A9
403 Forbidden,Non trouvé,Non trouvé,Non trouvé,Aucun avis,Inconnu,Inconnu,Aucun tag,https://khamsat.com/business/erp/2622017-%D8%A7%D9%84%D8%B9%D9%85%D9%84-%D8%B9%D9%84%D9%89-%D8%A8%D8%B1%D9%86%D8%A7%D9%85%D8%AC-%D8%AF%D9%81%D8%AA%D8%B1%D8%A9-%D9%85%D9%86-%D8%AE%D9%84%D8%A7%D9%84-%D8%A7%D8%B9%D9%85%D8%A7%D9%84-%D9%85%D8%AD%D8%A7%D8%B3%D8%A8%D9%8A%D8%A9
403 Forbidden,Non trouvé,Non trouvé,Non trouvé,Aucun avis,Inconnu,Inconnu,Aucun tag,https://khamsat.com/business/file-conversion/2774441-%D8%AA%D8%AD%D9%88%D9%8A%D9%84-%D9%85%D8%B4%D8%B1%D9%88%D8%B9-%D8%A7%D9%81%D8%AA%D8%B1%D8%A7%D9%81%D9%83%D8%AA-after-effects-%D8%A5%D9%84%D9%89-%D9%85%D9%84%D9%81%D8%A7%D8%AA-mogrt
403 Forbidden,Non trouvé,Non trouvé,Non trouvé,Aucun avis,Inconnu,Inconnu,Aucun tag,https://khamsat.com/business/accounting-bookkeeping/2314013-%D9%85%D8%AD%D8%A7%D8%B3%D8%A8%D8%A9-%D8%A7%D8%B9%D8%AF%D8%A7%D8%AF-%D8%AA%D9%82%D8%A7%D8%B1%D9%8A%D8%B1-%D9%85%D8%A7%D9%84%D9%8A%D8%A9-%D9%81%D9%8A-%D8%A7%D9%84%D9%84%D8%BA%D8%A9-%D8%A7%D9%84%D8%B9%D8%B1%D8%A8%D9%8A%D8%A9-%D9%88%D8%A7%D9%84%D8%A5%D9%86%D8%AC%D9%84%D9%8A%D8%B2%D9%8A%D8%A9
403 Forbidden,Non trouvé,Non trouvé,Non trouvé,Aucun avis,Inconnu,Inconnu,Aucun tag,https://khamsat.com/business/feasibility-study/2785591-%D8%AF%D8%B1%D8%A7%D8%B3%D8%A9-%D8%AC%D8%AF%D9%88%D9%89-%D8%A7%D9%82%D8%AA%D8%B5%D8%A7%D8%AF%D9%8A%D8%A9-%D9%83%D8%A7%D9%85%D9%84%D8%A9
403 Forbidden,Non trouvé,Non trouvé,Non trouvé,Aucun avis,Inconnu,Inconnu,Aucun tag,https://khamsat.com/business/erp/3072685-%D8%A5%D9%86%D8%B4%D8%A7%D8%A1-%D8%A8%D8%B1%D9%86%D8%A7%D9%85%D8%AC-%D8%A7%D8%AD%D8%AA%D8%B1%D8%A7%D9%81%D9%8A-%D8%A8%D8%A7%D8%B3%D8%AA%D8%AE%D8%AF%D8%A7%D9%85-excel-%D9%8A%D9%84%D8%A8%D9%8A-%D8%A7%D8%AD%D8%AA%D9%8A%D8%A7%D8%AC%D8%A7%D8%AA%D9%83-%D8%A8%D8%AF%D9%82%D8%A9
403 Forbidden,Non trouvé,Non trouvé,Non trouvé,Aucun avis,Inconnu,Inconnu,Aucun tag,https://khamsat.com/business/file-conversion/2876116-%D8%A7%D9%84%D8%AA%D8%AD%D9%88%D9%8A%D9%84-%D9%85%D9%86-%D9%85%D9%84%D9%81-pdf-%D8%A7%D9%88-%D8%A7%D9%84%D9%89-word-%D9%88%D8%A7%D9%84%D8%B9%D9%83%D8%B3-%D8%B5%D8%AD%D9%8A%D8%AD-%D8%A8%D8%A5%D8%AD%D8%AA%D8%B1%D8%A7%D9%81%D9%8A%D8%A9-%D9%83%D8%A8%D9%8A%D8%B1%D8%A9
403 Forbidden,Non trouvé,Non trouvé,Non trouvé,Aucun avis,Inconnu,Inconnu,Aucun tag,https://khamsat.com/business/accounting-bookkeeping/2382157-%D9%85%D8%AD%D8%A7%D8%B3%D8%A8-%D8%B9%D9%86-%D8%A8%D8%B9%D8%AF-%D9%84%D9%85%D8%AA%D8%A7%D8%A8%D8%B9%D8%A9-%D8%AC%D9%85%D9%8A%D8%B9-%D8%A7%D9%84%D8%AA%D8%B9%D8%A7%D9%85%D9%84%D8%A7%D8%AA-%D8%A7%D9%84%D9%85%D8%A7%D9%84%D9%8A%D8%A9-%D8%A7%D9%84%D8%AE%D8%A7%D8%B5%D8%A9-%D8%A8%D8%A7%D9%84%D8%B4%D8%B1%D9%83%D8%A9
403 Forbidden,Non trouvé,Non trouvé,Non trouvé,Aucun avis,Inconnu,Inconnu,Aucun tag,https://khamsat.com/business/feasibility-study/1863977-5-%D8%AF%D8%B1%D8%A7%D8%B3%D8%A7%D8%AA-%D9%81%D9%86%D9%8A%D8%A9-%D9%84%D9%85%D8%B4%D8%B1%D9%88%D8%B9%D8%A7%D8%AA-%D9%87%D8%A7%D9%85%D8%A9-%D8%A8%D8%B3%D8%B9%D8%B1-%D8%AF%D8%B1%D8%A7%D8%B3%D8%A9-%D9%88%D8%A7%D8%AD%D8%AF%D8%A9
403 Forbidden,Non trouvé,Non trouvé,Non trouvé,Aucun avis,Inconnu,Inconnu,Aucun tag,https://khamsat.com/business/erp/3073293-%D8%A3%D8%AA%D9%85%D8%AA%D8%A9-%D8%A7%D9%84%D8%B9%D9%85%D9%84%D9%8A%D8%A7%D8%AA-%D9%88%D8%AA%D8%A8%D8%B3%D9%8A%D8%B7-%D8%A7%D9%84%D9%85%D9%87%D8%A7%D9%85-%D8%A8%D8%A7%D8%B3%D8%AA%D8%AE%D8%AF%D8%A7%D9%85-vba-%D9%81%D9%8A-excel
403 Forbidden,Non trouvé,Non trouvé,Non trouvé,Aucun avis,Inconnu,Inconnu,Aucun tag,https://khamsat.com/business/file-conversion/1522270-%D8%B3%D8%A3%D9%82%D9%88%D9%85-%D8%A8%D8%AA%D8%AD%D9%88%D9%8A%D9%84-50-%D8%B5%D9%81%D8%AD%D8%A9-%D9%85%D9%86-%D9%85%D9%84%D9%81-pdf-%D8%A5%D9%84%D9%89-word-%D8%A3%D9%88-excel
403 Forbidden,Non trouvé,Non trouvé,Non trouvé,Aucun avis,Inconnu,Inconnu,Aucun tag,https://khamsat.com/business/accounting-bookkeeping/3628014-%D9%85%D8%B1%D8%A7%D8%AC%D8%B9-%D8%AD%D8%B3%D8%A7%D8%A8%D8%A7%D8%AA-%D8%B9%D8%A7%D9%85%D8%A9-%D9%88%D9%8A%D9%88%D9%85%D9%8A%D8%A9
403 Forbidden,Non trouvé,Non trouvé,Non trouvé,Aucun avis,Inconnu,Inconnu,Aucun tag,https://khamsat.com/business/feasibility-study/1641198-%D8%AF%D8%B1%D8%A7%D8%B3%D8%A9-%D8%AC%D8%AF%D9%88%D9%89-%D8%A7%D8%AD%D8%AA%D8%B1%D8%A7%D9%81%D9%8A%D8%A9-%D9%84%D9%84%D9%85%D8%B4%D8%A7%D8%B1%D9%8A%D8%B9
403 Forbidden,Non trouvé,Non trouvé,Non trouvé,Aucun avis,Inconnu,Inconnu,Aucun tag,https://khamsat.com/business/erp/3116422-%D9%85%D9%84%D9%81-%D8%A7%D9%83%D8%B3%D9%84-%D8%AA%D9%81%D8%A7%D8%B9%D9%84%D9%8A-%D9%84%D9%85%D8%AA%D8%A7%D8%A8%D8%B9%D8%A9-%D8%A7%D9%84%D9%85%D9%87%D8%A7%D9%85-%D8%A3%D9%88-%D8%A7%D9%84%D9%85%D8%B9%D8%A7%D9%85%D9%84%D8%A7%D8%AA-%D9%88%D8%A7%D9%84%D8%B7%D9%84%D8%A8%D8%A7%D8%AA-excel
403 Forbidden,Non trouvé,Non trouvé,Non trouvé,Aucun avis,Inconnu,Inconnu,Aucun tag,https://khamsat.com/business/accounting-bookkeeping/3562954-%D8%A7%D9%84%D9%82%D9%8A%D8%A7%D9%85-%D8%A8%D8%A7%D9%84%D8%A7%D8%B9%D9%85%D8%A7%D9%84-%D8%A7%D9%84%D9%85%D8%AD%D8%A7%D8%B3%D8%A8%D9%8A%D8%A9-%D9%88%D8%A7%D9%84%D9%85%D8%A7%D9%84%D9%8A%D8%A9
403 Forbidden,Non trouvé,Non trouvé,Non trouvé,Aucun avis,Inconnu,Inconnu,Aucun tag,https://khamsat.com/business/file-conversion/3434180-%D8%AA%D8%AD%D9%88%D9%8A%D9%84-%D9%85%D9%84%D9%81%D8%A7%D8%AA-pdf-%D8%A7%D9%84%D9%89-docx-%D9%85%D8%B9-%D8%A7%D9%84%D8%AA%D8%AF%D9%82%D9%8A%D9%82-%D8%A7%D9%84%D9%84%D8%BA%D9%88%D9%8A
403 Forbidden,Non trouvé,Non trouvé,Non trouvé,Aucun avis,Inconnu,Inconnu,Aucun tag,https://khamsat.com/business/feasibility-study/3042170-%D8%AF%D8%B1%D8%A7%D8%B3%D8%A9-%D8%AC%D8%AF%D9%88%D9%8A-%D8%A7%D9%82%D8%AA%D8%B5%D8%A7%D8%AF%D9%8A%D8%A9-%D8%B4%D8%A7%D9%85%D9%84%D8%A9-%D9%84%D9%85%D8%B4%D8%B1%D9%88%D8%B9%D9%83
403 Forbidden,Non trouvé,Non trouvé,Non trouvé,Aucun avis,Inconnu,Inconnu,Aucun tag,https://khamsat.com/business/erp/1801731-%D9%85%D8%B3%D9%83-%D8%A7%D9%84%D8%AF%D9%81%D8%A7%D8%AA%D8%B1-%D8%A7%D9%84%D9%85%D8%AD%D8%A7%D8%B3%D8%A8%D9%8A%D8%A9-%D9%85%D9%86-%D8%AE%D9%84%D8%A7%D9%84-%D8%A8%D8%B1%D9%86%D8%A7%D9%85%D8%AC-%D8%B2%D9%88%D9%87%D9%88-%D8%A8%D9%88%D9%83%D8%B3
403 Forbidden,Non trouvé,Non trouvé,Non trouvé,Aucun avis,Inconnu,Inconnu,Aucun tag,https://khamsat.com/business/accounting-bookkeeping/3529031-%D9%85%D8%B3%D9%83-%D8%AF%D9%81%D8%A7%D8%AA%D8%B1-%D8%A7%D9%84%D9%8A%D9%88%D9%85%D9%8A%D8%A9-%D9%88%D8%B9%D9%85%D9%84-%D8%AA%D8%AD%D9%84%D9%8A%D9%84%D8%A7%D8%AA-%D9%85%D8%A7%D9%84%D9%8A%D8%A9-%D9%85%D9%81%D8%B5%D9%84%D8%A9
403 Forbidden,Non trouvé,Non trouvé,Non trouvé,Aucun avis,Inconnu,Inconnu,Aucun tag,https://khamsat.com/business/file-conversion/3753148-%D8%AA%D8%AD%D9%88%D9%8A%D9%84-%D8%A3%D9%8A-%D9%85%D9%84%D9%81-%D8%A5%D9%84%D9%89-pdf-%D8%A3%D9%88-word-%D8%A3%D9%88-%D8%B5%D9%8A%D8%BA-%D8%A3%D8%AE%D8%B1%D9%89-%D8%A8%D8%AC%D9%88%D8%AF%D8%A9-%D8%B9%D8%A7%D9%84%D9%8A%D8%A9-%D9%88%D8%A7%D8%AD%D8%AA%D8%B1%D8%A7%D9%81
403 Forbidden,Non trouvé,Non trouvé,Non trouvé,Aucun avis,Inconnu,Inconnu,Aucun tag,https://khamsat.com/business/feasibility-study/2535555-%D8%AF%D8%B1%D8%A7%D8%B3%D8%A9-%D8%AC%D8%AF%D9%88%D9%89-%D9%84%D9%85%D8%B4%D8%B1%D9%88%D8%B9%D9%83-%D8%A7%D9%84%D8%B1%D9%8A%D8%A7%D8%AF%D9%8A-%D8%A8%D8%A7%D8%AD%D8%AA%D8%B1%D8%A7%D9%81%D9%8A%D8%A9
403 Forbidden,Non trouvé,Non trouvé,Non trouvé,Aucun avis,Inconnu,Inconnu,Aucun tag,https://khamsat.com/business/erp/2863657-%D8%AD%D8%B3%D8%A7%D8%A8-%D8%AA%D9%83%D9%84%D9%81%D8%A9-%D8%B1%D8%B3%D8%A7%D8%A6%D9%84-%D8%A5%D8%B3%D8%AA%D9%8A%D8%B1%D8%A7%D8%AF%D9%8A%D8%A9%D9%85%D9%86%D8%AA%D8%AC%D8%A7%D8%AA-%D9%85%D8%B3%D8%AA%D9%88%D8%B1%D8%AF%D8%A9-%D8%A3%D9%88-%D9%85%D9%86%D8%AA%D8%AC%D8%A7%D8%AA-%D9%85%D8%AD%D9%84%D9%8A%D8%A9
403 Forbidden,Non trouvé,Non trouvé,Non trouvé,Aucun avis,Inconnu,Inconnu,Aucun tag,https://khamsat.com/business/accounting-bookkeeping/2797728-%D9%85%D8%AD%D8%A7%D8%B3%D8%A8%D9%87-%D9%88%D8%A7%D9%84%D9%81%D9%88%D8%A7%D8%AA%D9%8A%D8%B1-%D8%A7%D9%84%D8%A7%D9%84%D9%83%D8%AA%D8%B1%D9%88%D9%86%D9%8A%D8%A9-%D9%88%D8%A7%D9%84%D8%A7%D9%82%D8%B1%D8%A7%D8%B1%D8%A7%D8%AA-%D8%A7%D9%84%D8%B6%D8%B1%D8%A8%D9%8A%D8%A9
403 Forbidden,Non trouvé,Non trouvé,Non trouvé,Aucun avis,Inconnu,Inconnu,Aucun tag,https://khamsat.com/business/erp/3453263-%D8%B3%D8%A3%D9%82%D9%88%D9%85-%D8%A8%D8%AA%D8%AE%D8%B5%D9%8A%D8%B5-%D9%86%D8%B8%D8%A7%D9%85-erpnext-%D8%AD%D8%B3%D8%A8-%D9%86%D8%B4%D8%A7%D8%B7%D9%83-%D9%85%D8%B9-%D8%AA%D8%B5%D9%85%D9%8A%D9%85-%D8%A7%D9%84%D9%81%D9%88%D8%A7%D8%AA%D9%8A%D8%B1
403 Forbidden,Non trouvé,Non trouvé,Non trouvé,Aucun avis,Inconnu,Inconnu,Aucun tag,https://khamsat.com/business/feasibility-study/2813385-%D8%AF%D8%B1%D8%A7%D8%B3%D8%A9-%D8%AC%D8%AF%D9%88%D9%89-%D9%85%D8%A8%D8%AF%D8%A6%D9%8A%D8%A9-%D9%84%D9%85%D8%B4%D8%B1%D9%88%D8%B9%D9%83-%D9%84%D8%AA%D9%82%D9%84%D9%8A%D9%84-%D9%86%D8%B3%D8%A8%D8%A9-%D8%A7%D9%84%D9%85%D8%AE%D8%A7%D8%B7%D8%B1
403 Forbidden,Non trouvé,Non trouvé,Non trouvé,Aucun avis,Inconnu,Inconnu,Aucun tag,https://khamsat.com/business/file-conversion/3665173-%D8%AA%D8%AD%D9%88%D9%8A%D9%84-%D9%85%D9%84%D9%81%D8%A7%D8%AA-%D9%85%D9%86-pdf-%D8%A5%D9%84%D9%8A-word-power-point-%D8%A8%D9%86%D9%81%D8%B3-%D8%A7%D9%84%D8%AA%D9%86%D8%B3%D9%8A%D9%82
403 Forbidden,Non trouvé,Non trouvé,Non trouvé,Aucun avis,Inconnu,Inconnu,Aucun tag,https://khamsat.com/business/accounting-bookkeeping/3591202-%D8%AA%D9%86%D8%B8%D9%8A%D9%85-%D8%AD%D8%B3%D8%A7%D8%A8%D8%A7%D8%AA%D9%83-%D8%A7%D9%84%D9%85%D8%A7%D9%84%D9%8A%D9%87-%D9%84%D9%85%D8%B4%D8%B1%D9%88%D8%B9%D9%83-%D8%A7%D9%84%D8%AA%D8%AC%D8%A7%D8%B1%D9%8A-%D8%A8%D8%B4%D9%83%D9%84-%D8%A7%D8%AD%D8%AA%D8%B1%D8%A7%D9%81%D9%8A
403 Forbidden,Non trouvé,Non trouvé,Non trouvé,Aucun avis,Inconnu,Inconnu,Aucun tag,https://khamsat.com/business/feasibility-study/1606561-%D8%A7%D8%B9%D8%AF%D8%A7%D8%AF-%D8%AF%D8%B1%D8%A7%D8%B3%D8%A9-%D8%AC%D8%AF%D9%88%D9%89-%D8%A7%D9%82%D8%AA%D8%B5%D8%A7%D8%AF%D9%8A%D8%A9-%D8%A7%D8%AD%D8%AA%D8%B1%D8%A7%D9%81%D9%8A%D8%A9
403 Forbidden,Non trouvé,Non trouvé,Non trouvé,Aucun avis,Inconnu,Inconnu,Aucun tag,https://khamsat.com/business/file-conversion/3751224-%D8%AA%D8%B9%D8%AF%D9%8A%D9%84-%D9%88%D8%AA%D8%AD%D9%88%D9%8A%D9%84-%D9%85%D9%84%D9%81%D8%A7%D8%AA-pdf-%D8%A8%D8%A7%D8%AD%D8%AA%D8%B1%D8%A7%D9%81
403 Forbidden,Non trouvé,Non trouvé,Non trouvé,Aucun avis,Inconnu,Inconnu,Aucun tag,https://khamsat.com/business/erp/2095266-%D9%85%D8%AD%D8%A7%D8%B3%D8%A8-%D9%84%D9%84%D8%B9%D9%85%D9%84-%D8%B9%D9%84%D9%89-%D8%A8%D8%B1%D9%86%D8%A7%D9%85%D8%AC-%D8%AF%D9%81%D8%AA%D8%B1%D8%A9-%D8%A7%D9%84%D9%85%D8%AD%D8%A7%D8%B3%D8%A8%D9%8A-%D9%88%D8%A5%D8%AF%D8%A7%D8%B1%D8%A9-%D8%A7%D9%84%D8%A3%D8%B9%D9%85%D8%A7%D9%84
403 Forbidden,Non trouvé,Non trouvé,Non trouvé,Aucun avis,Inconnu,Inconnu,Aucun tag,https://khamsat.com/business/accounting-bookkeeping/3531329-%D8%A5%D8%B9%D8%AF%D8%A7%D8%AF-%D8%A7%D9%84%D9%82%D9%8A%D9%88%D8%AF-%D8%A7%D9%84%D9%8A%D9%88%D9%85%D9%8A%D8%A9-%D8%A8%D8%A7%D8%B3%D8%AA%D8%AE%D8%AF%D8%A7%D9%85-excel-%D8%A8%D8%A7%D8%AD%D8%AA%D8%B1%D8%A7%D9%81
403 Forbidden,Non trouvé,Non trouvé,Non trouvé,Aucun avis,Inconnu,Inconnu,Aucun tag,https://khamsat.com/business/feasibility-study/2785591-%D8%AF%D8%B1%D8%A7%D8%B3%D8%A9-%D8%AC%D8%AF%D9%88%D9%89-%D8%A7%D9%82%D8%AA%D8%B5%D8%A7%D8%AF%D9%8A%D8%A9-%D9%83%D8%A7%D9%85%D9%84%D8%A9
403 Forbidden,Non trouvé,Non trouvé,Non trouvé,Aucun avis,Inconnu,Inconnu,Aucun tag,https://khamsat.com/business/erp/3031924-%D8%AA%D8%B7%D8%A8%D9%8A%D9%82-%D8%A5%D8%AF%D8%AE%D8%A7%D9%84-%D9%88%D8%AA%D9%82%D9%8A%D9%8A%D9%85-%D8%A7%D9%84%D8%AE%D8%B7%D8%A9-%D8%A7%D9%84%D8%AA%D8%B4%D8%BA%D9%8A%D9%84%D9%8A%D8%A9-%D9%84%D9%85%D8%AF%D8%B1%D8%B3%D8%A9
403 Forbidden,Non trouvé,Non trouvé,Non trouvé,Aucun avis,Inconnu,Inconnu,Aucun tag,https://khamsat.com/business/file-conversion/1289819-%D8%AA%D8%AD%D9%88%D9%8A%D9%84-%D9%88%D8%AA%D9%81%D8%B1%D9%8A%D8%BA-%D9%88%D9%83%D8%AA%D8%A7%D8%A8%D8%A9-%D8%A7%D9%84%D9%85%D9%84%D9%81%D8%A7%D8%AA-%D9%85%D9%86-pdf-%D8%A7%D9%84%D9%89-word-%D8%A7%D9%88-%D8%A7%D9%84%D8%B9%D9%83%D8%B3
403 Forbidden,Non trouvé,Non trouvé,Non trouvé,Aucun avis,Inconnu,Inconnu,Aucun tag,https://khamsat.com/business/accounting-bookkeeping/3694446-%D8%AA%D9%81%D8%B1%D9%8A%D8%BA-%D9%85%D8%AD%D8%AA%D9%88%D9%89-%D9%85%D8%AD%D8%A7%D8%B3%D8%A8%D9%8A-%D8%A7%D9%84%D9%89-%D9%85%D9%84%D9%81-excel
403 Forbidden,Non trouvé,Non trouvé,Non trouvé,Aucun avis,Inconnu,Inconnu,Aucun tag,https://khamsat.com/business/feasibility-study/1863977-5-%D8%AF%D8%B1%D8%A7%D8%B3%D8%A7%D8%AA-%D9%81%D9%86%D9%8A%D8%A9-%D9%84%D9%85%D8%B4%D8%B1%D9%88%D8%B9%D8%A7%D8%AA-%D9%87%D8%A7%D9%85%D8%A9-%D8%A8%D8%B3%D8%B9%D8%B1-%D8%AF%D8%B1%D8%A7%D8%B3%D8%A9-%D9%88%D8%A7%D8%AD%D8%AF%D8%A9
403 Forbidden,Non trouvé,Non trouvé,Non trouvé,Aucun avis,Inconnu,Inconnu,Aucun tag,https://khamsat.com/business/erp/2927875-%D8%A7%D9%83%D8%B3%D9%84-%D8%A7%D8%AF%D8%A7%D8%B1%D8%A9-%D9%85%D8%B5%D8%B1%D9%88%D9%81%D8%A7%D8%AA%D9%83-%D9%88%D8%A7%D8%B1%D8%A8%D8%A7%D8%AD%D9%83-excel-cash-managment
403 Forbidden,Non trouvé,Non trouvé,Non trouvé,Aucun avis,Inconnu,Inconnu,Aucun tag,https://khamsat.com/business/file-conversion/2990090-%D8%AA%D8%AD%D9%88%D9%8A%D9%84-%D9%85%D9%84%D9%81-pdf-%D8%A5%D9%84%D9%8A-excel-%D9%85%D8%B9-%D8%AA%D9%86%D8%B3%D9%8A%D9%82-%D8%A7%D9%84%D8%AC%D8%AF%D8%A7%D9%88%D9%84
403 Forbidden,Non trouvé,Non trouvé,Non trouvé,Aucun avis,Inconnu,Inconnu,Aucun tag,https://khamsat.com/business/feasibility-study/1641198-%D8%AF%D8%B1%D8%A7%D8%B3%D8%A9-%D8%AC%D8%AF%D9%88%D9%89-%D8%A7%D8%AD%D8%AA%D8%B1%D8%A7%D9%81%D9%8A%D8%A9-%D9%84%D9%84%D9%85%D8%B4%D8%A7%D8%B1%D9%8A%D8%B9
403 Forbidden,Non trouvé,Non trouvé,Non trouvé,Aucun avis,Inconnu,Inconnu,Aucun tag,https://khamsat.com/business/accounting-bookkeeping/2772785-%D9%85%D8%AD%D8%A7%D8%B3%D8%A8-%D8%B9%D9%86-%D8%A8%D8%B9%D8%AF-%D9%84%D8%AA%D9%86%D8%B8%D9%8A%D9%85-%D8%A7%D8%B9%D9%85%D8%A7%D9%84%D9%83-%D8%A7%D9%84%D9%85%D8%A7%D9%84%D9%8A%D8%A9
403 Forbidden,Non trouvé,Non trouvé,Non trouvé,Aucun avis,Inconnu,Inconnu,Aucun tag,https://khamsat.com/business/erp/1721092-%D9%85%D8%AD%D8%A7%D8%B3%D8%A8-%D9%84%D9%84%D8%B9%D9%85%D9%84-%D8%B9%D9%84%D9%89-%D8%A8%D8%B1%D9%86%D8%A7%D9%85%D8%AC-%D9%82%D9%8A%D9%88%D8%AF
403 Forbidden,Non trouvé,Non trouvé,Non trouvé,Aucun avis,Inconnu,Inconnu,Aucun tag,https://khamsat.com/business/file-conversion/2996016-%D8%AA%D8%AD%D9%88%D9%8A%D9%84-%D9%85%D9%84%D9%81%D8%A7%D8%AA-pdf-%D8%A5%D9%84%D9%89-%D9%85%D8%B3%D8%AA%D9%86%D8%AF%D8%A7%D8%AA-word-%D9%82%D8%A7%D8%A8%D9%84%D8%A9-%D9%84%D9%84%D8%AA%D8%AD%D8%B1%D9%8A%D8%B1-%D8%A8%D8%B3%D8%B1%D8%B9%D8%A9-%D9%88%D8%AF%D9%82%D8%A9
403 Forbidden,Non trouvé,Non trouvé,Non trouvé,Aucun avis,Inconnu,Inconnu,Aucun tag,https://khamsat.com/business/accounting-bookkeeping/1220091-%D8%A7%D8%B9%D8%AF-%D9%84%D9%83-%D9%85%D9%88%D8%A7%D8%B2%D9%86%D8%A9-%D8%AA%D9%82%D8%AF%D8%B1%D9%8A%D8%A9-%D9%84%D8%B4%D8%B1%D9%83%D8%AA%D9%83
403 Forbidden,Non trouvé,Non trouvé,Non trouvé,Aucun avis,Inconnu,Inconnu,Aucun tag,https://khamsat.com/business/feasibility-study/3042170-%D8%AF%D8%B1%D8%A7%D8%B3%D8%A9-%D8%AC%D8%AF%D9%88%D9%8A-%D8%A7%D9%82%D8%AA%D8%B5%D8%A7%D8%AF%D9%8A%D8%A9-%D8%B4%D8%A7%D9%85%D9%84%D8%A9-%D9%84%D9%85%D8%B4%D8%B1%D9%88%D8%B9%D9%83
403 Forbidden,Non trouvé,Non trouvé,Non trouvé,Aucun avis,Inconnu,Inconnu,Aucun tag,https://khamsat.com/business/file-conversion/1764496-%D8%AA%D8%AD%D9%88%D9%8A%D9%84-%D9%85%D8%B3%D8%AA%D9%86%D8%AF%D8%A7%D8%AA-%D9%88%D9%88%D8%B1%D8%AF-word-%D8%A7%D9%84%D9%89-pdf-%D8%A7%D9%88-%D8%A7%D9%84%D8%B9%D9%83%D8%B3-%D8%A8%D9%86%D9%81%D8%B3-%D8%A7%D9%84%D8%AA%D9%86%D8%B3%D9%8A%D9%82
403 Forbidden,Non trouvé,Non trouvé,Non trouvé,Aucun avis,Inconnu,Inconnu,Aucun tag,https://khamsat.com/business/erp/3097058-%D8%A8%D8%B1%D9%86%D8%A7%D9%85%D8%AC-%D9%85%D8%AD%D8%A7%D8%B3%D8%A8%D9%8A-%D9%85%D8%AE%D8%B5%D8%B5-%D9%84%D8%A5%D8%AF%D8%A7%D8%B1%D8%A9-%D8%A7%D9%84%D9%85%D8%B4%D8%A7%D8%B1%D9%8A%D8%B9-%D8%A7%D9%84%D8%B5%D8%BA%D9%8A%D8%B1%D8%A9-%D9%88%D8%A7%D9%84%D9%85%D8%AA%D9%88%D8%B3%D8%B7%D8%A9
403 Forbidden,Non trouvé,Non trouvé,Non trouvé,Aucun avis,Inconnu,Inconnu,Aucun tag,https://khamsat.com/business/feasibility-study/2535555-%D8%AF%D8%B1%D8%A7%D8%B3%D8%A9-%D8%AC%D8%AF%D9%88%D9%89-%D9%84%D9%85%D8%B4%D8%B1%D9%88%D8%B9%D9%83-%D8%A7%D9%84%D8%B1%D9%8A%D8%A7%D8%AF%D9%8A-%D8%A8%D8%A7%D8%AD%D8%AA%D8%B1%D8%A7%D9%81%D9%8A%D8%A9
403 Forbidden,Non trouvé,Non trouvé,Non trouvé,Aucun avis,Inconnu,Inconnu,Aucun tag,https://khamsat.com/business/accounting-bookkeeping/3510683-%D8%B4%D9%8A%D8%AA-%D9%85%D8%AD%D8%A7%D8%B3%D8%A8%D9%8A-%D9%85%D8%AA%D9%83%D8%A7%D9%85%D9%84-%D9%85%D9%86-%D8%A7%D9%84%D9%82%D9%8A%D9%88%D8%AF-%D8%A7%D9%84%D9%8A%D9%88%D9%85%D9%8A%D8%A9-%D8%A5%D9%84%D9%89-%D8%A7%D9%84%D9%82%D9%88%D8%A7%D8%A6%D9%85-%D8%A7%D9%84%D9%85%D8%A7%D9%84%D9%8A%D8%A9
403 Forbidden,Non trouvé,Non trouvé,Non trouvé,Aucun avis,Inconnu,Inconnu,Aucun tag,https://khamsat.com/business/file-conversion/2732724-%D8%AA%D8%AD%D9%88%D9%8A%D9%84-%D9%88%D8%AA%D9%86%D8%B3%D9%8A%D9%82-%D9%85%D9%84%D9%81%D8%A7%D8%AA-pdf-%D8%A5%D9%84%D9%89-word
403 Forbidden,Non trouvé,Non trouvé,Non trouvé,Aucun avis,Inconnu,Inconnu,Aucun tag,https://khamsat.com/business/erp/2444389-%D8%A7%D9%84%D8%B9%D9%85%D9%84-%D8%B9%D9%84%D9%89-%D8%A8%D8%B1%D9%86%D8%A7%D9%85%D8%AC-zoho-books-%D8%A7%D9%84%D9%85%D8%AD%D8%A7%D8%B3%D8%A8%D9%8A
403 Forbidden,Non trouvé,Non trouvé,Non trouvé,Aucun avis,Inconnu,Inconnu,Aucun tag,https://khamsat.com/business/feasibility-study/3324424-%D8%A7%D8%B9%D8%AF%D8%A7%D8%AF-%D8%AF%D8%B1%D8%A7%D8%B3%D8%A9-%D8%AC%D8%AF%D9%88%D9%89-%D9%85%D8%A7%D9%84%D9%8A%D8%A9-%D9%88%D8%A7%D9%82%D8%AA%D8%B5%D8%A7%D8%AF%D9%8A%D8%A9-%D8%A7%D8%AD%D8%AA%D8%B1%D8%A7%D9%81%D9%8A%D8%A9-%D9%84%D9%85%D8%B4%D8%B1%D9%88%D8%B9%D9%83
403 Forbidden,Non trouvé,Non trouvé,Non trouvé,Aucun avis,Inconnu,Inconnu,Aucun tag,https://khamsat.com/business/accounting-bookkeeping/3313433-%D8%A5%D8%AF%D8%AE%D8%A7%D9%84-%D8%A7%D9%84%D8%A8%D9%8A%D8%A7%D9%86%D8%A7%D8%AA-%D8%A7%D9%84%D9%85%D8%A7%D9%84%D9%8A%D8%A9-%D9%88%D8%A7%D9%84%D9%85%D8%AD%D8%A7%D8%B3%D8%A8%D9%8A%D8%A9-%D8%A8%D8%AF%D9%82%D8%A9-%D9%81%D9%8A-excel-%D8%A3%D9%88-google-sh
403 Forbidden,Non trouvé,Non trouvé,Non trouvé,Aucun avis,Inconnu,Inconnu,Aucun tag,https://khamsat.com/business/erp/1853929-%D8%AA%D8%AF%D8%B1%D9%8A%D8%A8-%D9%88%D8%AA%D8%B7%D8%A8%D9%8A%D9%82-%D9%88%D8%AA%D9%86%D9%81%D9%8A%D8%B0-%D9%88%D8%AA%D8%AB%D8%A8%D9%8A%D8%AA-%D9%83%D9%84-%D8%A8%D8%B1%D8%A7%D9%85%D8%AC-%D8%A7%D9%84%D8%A7%D9%88%D8%AF%D9%88-%D9%84%D9%83%D9%84-%D8%A7%D9%84%D8%A7%D8%B5%D8%AF%D8%A7%D8%B1%D8%A7%D8%AA
403 Forbidden,Non trouvé,Non trouvé,Non trouvé,Aucun avis,Inconnu,Inconnu,Aucun tag,https://khamsat.com/business/file-conversion/2995404-%D8%B6%D8%BA%D8%B7-%D9%85%D9%84%D9%81%D8%A7%D8%AA-pdf-%D9%83%D8%A8%D9%8A%D8%B1%D8%A9-%D8%A7%D9%84%D8%AD%D8%AC%D9%85-%D9%84%D8%AA%D9%82%D9%84%D9%8A%D9%84-%D8%AD%D8%AC%D9%85%D9%87%D8%A7-%D8%AF%D9%88%D9%86-%D9%81%D9%82%D8%AF%D8%A7%D9%86-%D8%A7%D9%84%D8%AC%D9%88%D8%AF%D8%A9
403 Forbidden,Non trouvé,Non trouvé,Non trouvé,Aucun avis,Inconnu,Inconnu,Aucun tag,https://khamsat.com/business/accounting-bookkeeping/3717331-%D8%AA%D9%86%D8%B8%D9%8A%D9%85-%D8%A3%D8%B9%D9%85%D8%A7%D9%84%D9%83-%D8%A7%D9%84%D9%85%D8%A7%D9%84%D9%8A%D8%A9-%D9%88-%D8%A5%D8%B9%D8%AF%D8%A7%D8%AF-%D8%A7%D9%84%D8%AA%D9%82%D8%A7%D8%B1%D9%8A%D8%B1-%D9%88%D8%A7%D9%84%D9%82%D9%88%D8%A7%D8%A6%D9%85-%D8%A7%D9%84%D9%85%D8%A7%D9%84%D9%8A%D8%A9
403 Forbidden,Non trouvé,Non trouvé,Non trouvé,Aucun avis,Inconnu,Inconnu,Aucun tag,https://khamsat.com/business/feasibility-study/1225215-%D8%AA%D9%82%D8%AF%D9%8A%D9%85-40-%D9%86%D9%85%D9%88%D8%B0%D8%AC-%D8%AF%D8%B1%D8%A7%D8%B3%D8%A9-%D8%AC%D8%AF%D9%88%D9%89-%D9%84%D9%85%D8%B4%D8%A7%D8%B1%D9%8A%D8%B9-%D9%85%D8%B1%D8%A8%D8%AD%D8%A9
403 Forbidden,Non trouvé,Non trouvé,Non trouvé,Aucun avis,Inconnu,Inconnu,Aucun tag,https://khamsat.com/business/erp/3278597-%D8%A7%D9%84%D9%85%D9%8A%D8%B2%D8%A7%D9%86%D9%8A%D8%A9-%D8%A7%D9%84%D8%B4%D8%AE%D8%B5%D9%8A%D8%A9-%D9%88%D9%85%D8%AA%D8%A7%D8%A8%D8%B9%D8%A9-%D8%A7%D9%84%D8%A5%D9%8A%D8%B1%D8%A7%D8%AF%D8%A7%D8%AA-%D9%88%D8%A7%D9%84%D9%85%D8%B5%D8%B1%D9%88%D9%81%D8%A7%D8%AA
403 Forbidden,Non trouvé,Non trouvé,Non trouvé,Aucun avis,Inconnu,Inconnu,Aucun tag,https://khamsat.com/business/file-conversion/2995343-%D8%AA%D8%AD%D9%88%D9%8A%D9%84-pdf-%D8%A5%D9%84%D9%89-%D9%86%D8%B5%D9%88%D8%B5-%D9%82%D8%A7%D8%A8%D9%84%D8%A9-%D9%84%D9%84%D8%AA%D8%B9%D8%AF%D9%8A%D9%84
403 Forbidden,Non trouvé,Non trouvé,Non trouvé,Aucun avis,Inconnu,Inconnu,Aucun tag,https://khamsat.com/business/accounting-bookkeeping/3543606-%D8%A5%D8%B9%D8%AF%D8%A7%D8%AF-%D9%81%D9%88%D8%A7%D8%AA%D9%8A%D8%B1-%D9%88%D8%AA%D9%82%D8%A7%D8%B1%D9%8A%D8%B1-%D9%85%D8%A7%D9%84%D9%8A%D8%A9-%D8%A7%D8%AD%D8%AA%D8%B1%D8%A7%D9%81%D9%8A%D8%A9-%D8%A8%D8%A7%D8%B3%D8%AA%D8%AE%D8%AF%D8%A7%D9%85-excel-word
403 Forbidden,Non trouvé,Non trouvé,Non trouvé,Aucun avis,Inconnu,Inconnu,Aucun tag,https://khamsat.com/business/feasibility-study/2902353-%D8%AF%D8%B1%D8%A7%D8%B3%D8%A9-%D8%AC%D8%AF%D9%88%D9%89-%D8%AC%D9%85%D9%8A%D8%B9-%D8%A7%D9%84%D9%85%D8%B4%D8%A7%D8%B1%D9%8A%D8%B9-%D8%A8%D8%A7%D8%B3%D8%AA%D8%AE%D8%AF%D8%A7%D9%85-%D8%A3%D8%AF%D9%88%D8%A7%D8%AA-%D8%AD%D8%AF%D9%8A%D8%AB%D8%A9
403 Forbidden,Non trouvé,Non trouvé,Non trouvé,Aucun avis,Inconnu,Inconnu,Aucun tag,https://khamsat.com/business/erp/3808548-%D8%B1%D8%B3%D8%A7%D8%A6%D9%84-%D9%88%D8%A7%D8%AA%D8%B3%D8%A7%D8%A8-%D8%A8%D8%A7%D8%B3%D8%AA%D8%AE%D8%AF%D8%A7%D9%85-excel-whatsapp
403 Forbidden,Non trouvé,Non trouvé,Non trouvé,Aucun avis,Inconnu,Inconnu,Aucun tag,https://khamsat.com/business/file-conversion/2995361-%D8%AF%D9%85%D8%AC-%D8%B9%D8%AF%D8%A9-%D9%85%D9%84%D9%81%D8%A7%D8%AA-pdf-%D9%81%D9%8A-%D9%85%D9%84%D9%81-%D9%88%D8%A7%D8%AD%D8%AF-%D9%85%D8%B9-%D8%A7%D9%84%D8%AD%D9%81%D8%A7%D8%B8-%D8%B9%D9%84%D9%89-%D8%A7%D9%84%D8%AC%D9%88%D8%AF%D8%A9-%D9%88%D8%A7%D9%84%D8%AA%D9%86%D8%B3%D9%8A%D9%82
403 Forbidden,Non trouvé,Non trouvé,Non trouvé,Aucun avis,Inconnu,Inconnu,Aucun tag,https://khamsat.com/business/accounting-bookkeeping/3663966-%D8%A5%D8%B9%D8%AF%D8%A7%D8%AF-%D8%A7%D9%84%D9%82%D9%8A%D9%88%D8%AF-%D8%A7%D9%84%D9%8A%D9%88%D9%85%D9%8A%D8%A9-%D9%88%D8%AA%D8%B1%D8%AD%D9%8A%D9%84%D9%87%D8%A7-%D8%A8%D8%AF%D9%82%D8%A9
403 Forbidden,Non trouvé,Non trouvé,Non trouvé,Aucun avis,Inconnu,Inconnu,Aucun tag,https://khamsat.com/business/feasibility-study/1980680-%D8%A7%D8%B9%D8%AF%D8%A7%D8%AF-%D9%88%D8%AA%D8%B9%D8%AF%D9%8A%D9%84-%D8%A7%D8%A8%D8%AD%D8%A7%D8%AB-%D9%88%D8%AF%D8%B1%D8%A7%D8%B3%D8%A9-%D8%AC%D8%AF%D9%88%D9%89
403 Forbidden,Non trouvé,Non trouvé,Non trouvé,Aucun avis,Inconnu,Inconnu,Aucun tag,https://khamsat.com/business/erp/3521121-%D8%A3%D8%AA%D9%85%D8%AA%D8%A9-%D8%B0%D9%83%D9%8A%D8%A9-%D9%84%D9%85%D9%84%D9%81%D8%A7%D8%AA-excel-%D8%A8%D9%80-vba
403 Forbidden,Non trouvé,Non trouvé,Non trouvé,Aucun avis,Inconnu,Inconnu,Aucun tag,https://khamsat.com/business/file-conversion/3824718-%D8%AA%D8%AD%D9%88%D9%8A%D9%84-%D9%85%D9%84%D9%81%D8%A7%D8%AA-word-%D8%A7%D9%84%D9%89-pdf-%D8%A8%D8%AF%D9%82%D8%A9
403 Forbidden,Non trouvé,Non trouvé,Non trouvé,Aucun avis,Inconnu,Inconnu,Aucun tag,https://khamsat.com/business/feasibility-study/3744580-%D8%AE%D8%AF%D9%85%D8%A9-%D8%A5%D8%B9%D8%AF%D8%A7%D8%AF-%D8%AF%D8%B1%D8%A7%D8%B3%D8%A7%D8%AA-%D8%AC%D8%AF%D9%88%D9%89-%D8%A7%D8%AD%D8%AA%D8%B1%D8%A7%D9%81%D9%8A%D8%A9
403 Forbidden,Non trouvé,Non trouvé,Non trouvé,Aucun avis,Inconnu,Inconnu,Aucun tag,https://khamsat.com/business/accounting-bookkeeping/3668983-%D8%B4%D9%8A%D8%AA-excel-%D8%A8%D8%B1%D9%88%D9%81%D9%8A%D8%B4%D9%86%D8%A7%D9%84-%D9%84%D8%A5%D8%AF%D8%A7%D8%B1%D8%A9-%D8%A7%D9%84%D9%85%D9%88%D8%B8%D9%81%D9%8A%D9%86-%D9%88%D8%A7%D9%84%D8%B1%D9%88%D8%A7%D8%AA%D8%A8-%D9%85%D8%B9-%D8%AA%D9%82%D8%A7%D8%B1%D9%8A%D8%B1-%D9%88%D8%AD%D8%B6%D9%88%D8%B1
403 Forbidden,Non trouvé,Non trouvé,Non trouvé,Aucun avis,Inconnu,Inconnu,Aucun tag,https://khamsat.com/business/erp/1905103-%D8%A3%D8%B9%D9%85%D8%A7%D9%84-%D9%85%D8%AD%D8%A7%D8%B3%D8%A8%D9%8A%D8%A9-%D9%88%D8%A3%D8%B3%D8%AA%D8%B4%D8%A7%D8%B1%D9%8A%D8%A9-%D8%B9%D9%84%D9%89-%D8%A8%D8%B1%D9%86%D8%A7%D9%85%D8%AC-%D8%AF%D9%81%D8%AA%D8%B1%D8%A9-%D8%A7%D9%84%D9%85%D8%AD%D8%A7%D8%B3%D8%A8%D9%8A-%D8%A7%D9%84%D8%B3%D8%AD%D8%A7%D8%A8%D9%8A
403 Forbidden,Non trouvé,Non trouvé,Non trouvé,Aucun avis,Inconnu,Inconnu,Aucun tag,https://khamsat.com/business/file-conversion/3865362-%D8%AA%D8%AD%D9%88%D9%8A%D9%84-%D9%85%D9%84%D9%81%D8%A7%D8%AA-%D8%A7%D9%84%D9%88%D9%88%D8%B1%D8%AF-word-%D8%A7%D9%84%D9%89-%D9%85%D9%84%D9%81%D8%A7%D8%AA-%D8%A8%D9%8A-%D8%AF%D9%8A-%D8%A7%D9%81-pdf
403 Forbidden,Non trouvé,Non trouvé,Non trouvé,Aucun avis,Inconnu,Inconnu,Aucun tag,https://khamsat.com/business/accounting-bookkeeping/3690912-%D9%85%D8%AD%D8%A7%D8%B3%D8%A8%D8%A9-%D9%88%D8%A5%D8%B9%D8%AF%D8%A7%D8%AF-%D8%A7%D9%84%D9%82%D9%88%D8%A7%D8%A6%D9%85-%D8%A7%D9%84%D9%85%D8%A7%D9%84%D9%8A%D8%A9-%D9%88%D9%81%D9%82%D8%A7-%D9%84%D9%84%D9%85%D8%B9%D8%A7%D9%8A%D9%8A%D8%B1-%D8%A7%D9%84%D8%AF%D9%88%D9%84%D9%8A%D8%A9-ifrs
403 Forbidden,Non trouvé,Non trouvé,Non trouvé,Aucun avis,Inconnu,Inconnu,Aucun tag,https://khamsat.com/business/feasibility-study/3694780-%D8%AF%D8%B1%D8%A7%D8%B3%D8%A9-%D8%AC%D8%AF%D9%88%D9%89-%D8%A7%D9%82%D8%AA%D8%B5%D8%A7%D8%AF%D9%8A%D8%A9-%D8%B4%D8%A7%D9%85%D9%84%D8%A9-%D9%84%D9%85%D8%B4%D8%B1%D9%88%D8%B9%D9%83-%D8%A7%D9%84%D8%AE%D8%A7%D8%B5
403 Forbidden,Non trouvé,Non trouvé,Non trouvé,Aucun avis,Inconnu,Inconnu,Aucun tag,https://khamsat.com/business/file-conversion/3853521-%D8%AA%D8%AD%D9%88%D9%8A%D9%84-%D9%85%D9%84%D9%81-pdf-%D8%A3%D9%88-%D9%88%D9%88%D8%B1%D8%AF-%D8%A7%D9%84%D9%89-%D8%B5%D9%88%D8%B1-%D8%A8%D8%B5%D9%8A%D8%BA%D8%A9-png
403 Forbidden,Non trouvé,Non trouvé,Non trouvé,Aucun avis,Inconnu,Inconnu,Aucun tag,https://khamsat.com/business/erp/2648266-%D8%A7%D9%83%D8%B3%D9%84-%D8%A5%D8%AF%D8%A7%D8%B1%D8%A9-%D8%A7%D9%84%D9%85%D8%A8%D9%8A%D8%B9%D8%A7%D8%AA-%D9%88-%D8%A7%D9%84%D9%85%D8%AE%D8%B2%D9%88%D9%86-excel-sales-and-inventory-management
403 Forbidden,Non trouvé,Non trouvé,Non trouvé,Aucun avis,Inconnu,Inconnu,Aucun tag,https://khamsat.com/business/accounting-bookkeeping/3074365-%D9%85%D8%AD%D8%A7%D8%B3%D8%A8%D8%A9-%D8%B9%D9%86-%D8%A8%D8%B9%D8%AF-%D9%88%D9%85%D8%B3%D9%83-%D8%A7%D9%84%D8%AF%D9%81%D8%A7%D8%AA%D8%B1-%D9%84%D9%84%D8%B4%D8%B1%D9%83%D8%A9-%D8%A7%D9%88-%D8%A7%D9%84%D9%85%D8%A4%D8%B3%D8%B3%D8%A9-%D9%84%D9%84%D8%B3%D8%B9%D9%88%D8%AF%D9%8A%D8%A9
403 Forbidden,Non trouvé,Non trouvé,Non trouvé,Aucun avis,Inconnu,Inconnu,Aucun tag,https://khamsat.com/business/feasibility-study/2602482-%D8%AF%D8%B1%D8%A7%D8%B3%D8%A9-%D8%AC%D8%AF%D9%88%D9%8A-%D9%84%D9%83%D8%A7%D9%81%D8%A9-%D8%A7%D9%84%D9%85%D8%B4%D8%B1%D9%88%D8%B9%D8%A7%D8%AA-%D9%88-%D8%A7%D9%84%D9%85%D9%82%D8%AF%D9%85%D8%A9-%D9%84%D8%A3%D8%B5%D8%AD%D8%A7%D8%A8-%D8%A7%D9%84%D8%A3%D8%B9%D9%85%D8%A7%D9%84-%D9%88%D8%A7%D9%84%D8%A8%D9%86%D9%88%D9%83
403 Forbidden,Non trouvé,Non trouvé,Non trouvé,Aucun avis,Inconnu,Inconnu,Aucun tag,https://khamsat.com/business/erp/3032570-%D8%A8%D8%B1%D8%A7%D9%85%D8%AC-%D9%85%D8%AD%D8%A7%D8%B3%D8%A8%D9%8A%D8%A9-%D8%AC%D8%A7%D9%87%D8%B2%D8%A9-%D9%84%D8%A5%D8%AF%D8%A7%D8%B1%D8%A9-%D9%85%D8%B4%D8%B1%D9%88%D8%B9%D9%83-%D8%B9%D9%84%D9%89-excel-%D9%88-google-sheets
403 Forbidden,Non trouvé,Non trouvé,Non trouvé,Aucun avis,Inconnu,Inconnu,Aucun tag,https://khamsat.com/business/file-conversion/2794021-%D8%AA%D8%AD%D9%88%D9%8A%D9%84-%D8%A7%D9%84%D9%85%D9%84%D9%81%D8%A7%D8%AA-%D8%A8%D8%B5%D9%8A%D8%BA%D8%A9-pdf-%D8%A7%D9%84%D9%8A-word
403 Forbidden,Non trouvé,Non trouvé,Non trouvé,Aucun avis,Inconnu,Inconnu,Aucun tag,https://khamsat.com/business/accounting-bookkeeping/3120585-%D8%A5%D8%AF%D8%A7%D8%B1%D8%A9-%D9%85%D8%A7%D9%84%D9%8A%D8%A9-%D8%AA%D9%86%D8%B8%D9%8A%D9%85-%D8%A7%D9%84%D8%A3%D8%B9%D9%85%D8%A7%D9%84-%D8%A7%D9%84%D9%85%D8%AD%D8%A7%D8%B3%D8%A8%D9%8A%D8%A9-%D9%84%D8%A3%D9%8A-%D8%B4%D8%B1%D9%83%D8%A9
403 Forbidden,Non trouvé,Non trouvé,Non trouvé,Aucun avis,Inconnu,Inconnu,Aucun tag,https://khamsat.com/business/feasibility-study/2532347-%D8%AF%D8%B1%D8%A7%D8%B3%D8%A9-%D8%AC%D8%AF%D9%88%D9%89-%D9%85%D8%B4%D8%B1%D9%88%D8%B9-%D8%A7%D9%84%D8%AD%D8%B1%D9%8A%D8%B1-%D9%83%D8%A7%D9%85%D9%84%D8%A9-%D8%B9%D9%86-%D8%A7%D9%84%D9%85%D8%B4%D8%B1%D9%88%D8%B9-%D9%85%D9%86-a-to-z
403 Forbidden,Non trouvé,Non trouvé,Non trouvé,Aucun avis,Inconnu,Inconnu,Aucun tag,https://khamsat.com/business/erp/3246035-%D8%A5%D9%86%D8%B4%D8%A7%D8%A1-%D9%85%D9%84%D9%81-excel-%D9%8A%D9%86%D8%AC%D8%B2-%D9%85%D9%87%D8%A7%D9%85-%D8%AC%D8%B1%D8%AF-%D8%A7%D9%84%D9%85%D8%AE%D8%A7%D8%B2%D9%86-%D9%88%D8%A5%D9%86%D8%AA%D8%A7%D8%AC-%D8%A7%D9%84%D9%85%D8%B5%D8%A7%D9%86%D8%B9-%D8%A7%D9%84%D8%B4%D9%87%D8%B1%D9%8A%D8%A9
403 Forbidden,Non trouvé,Non trouvé,Non trouvé,Aucun avis,Inconnu,Inconnu,Aucun tag,https://khamsat.com/business/file-conversion/3502687-%D8%AA%D8%AD%D9%88%D9%8A%D9%84-%D8%AC%D9%85%D9%8A%D8%B9-%D8%B5%D9%8A%D8%BA-%D8%A7%D9%84%D9%85%D9%84%D9%81%D8%A7%D8%AA-%D8%A8%D8%B3%D8%B1%D8%B9%D8%A9-%D9%88%D8%A7%D8%AD%D8%AA%D8%B1%D8%A7%D9%81%D9%8A%D8%A9-pdf-word-mp3
403 Forbidden,Non trouvé,Non trouvé,Non trouvé,Aucun avis,Inconnu,Inconnu,Aucun tag,https://khamsat.com/business/accounting-bookkeeping/3482274-%D8%AA%D8%AF%D9%82%D9%8A%D9%82-%D9%88%D9%85%D8%B1%D8%A7%D8%AC%D8%B9%D8%A9-%D8%A7%D9%84%D8%AD%D8%B3%D8%A7%D8%A8%D8%A7%D8%AA-%D8%B9%D9%86-%D8%A8%D8%B9%D8%AF
403 Forbidden,Non trouvé,Non trouvé,Non trouvé,Aucun avis,Inconnu,Inconnu,Aucun tag,https://khamsat.com/business/feasibility-study/3544180-%D8%AA%D9%86%D8%B3%D9%8A%D9%82-%D8%AC%D8%AF%D9%88%D9%89-%D9%85%D8%A7%D9%84%D9%8A%D8%A9-%D9%84%D9%85%D8%B4%D8%B1%D9%88%D8%B9-%D9%82%D8%A7%D8%A6%D9%85
403 Forbidden,Non trouvé,Non trouvé,Non trouvé,Aucun avis,Inconnu,Inconnu,Aucun tag,https://khamsat.com/business/erp/2940235-%D8%A8%D8%B1%D9%86%D8%A7%D9%85%D8%AC-%D9%85%D8%AD%D8%A7%D8%B3%D8%A8%D8%A9-%D8%B3%D9%87%D9%84-%D9%88%D8%A8%D8%B3%D9%8A%D8%B7-%D9%84%D8%A7%D8%AF%D8%A7%D8%B1%D8%A9-%D8%AC%D9%85%D9%8A%D8%B9-%D8%A7%D9%84%D8%A7%D9%86%D8%B4%D8%B7%D9%87-%D8%A7%D9%84%D8%AA%D8%AC%D8%A7%D8%B1%D9%8A%D9%87
403 Forbidden,Non trouvé,Non trouvé,Non trouvé,Aucun avis,Inconnu,Inconnu,Aucun tag,https://khamsat.com/business/file-conversion/1959319-%D8%AA%D8%AD%D9%88%D9%8A%D9%84-%D9%85%D9%84%D9%81%D8%A7%D8%AA-%D9%88%D8%AA%D9%81%D8%B1%D9%8A%D8%BA-%D9%86%D8%B5%D9%88%D8%B5-400-%D9%83%D9%84%D9%85%D8%A9
403 Forbidden,Non trouvé,Non trouvé,Non trouvé,Aucun avis,Inconnu,Inconnu,Aucun tag,https://khamsat.com/business/accounting-bookkeeping/3344197-%D8%B4%D9%8A%D8%AA-%D8%A7%D9%83%D8%B3%D9%8A%D9%84-%D8%B3%D9%87%D9%84-%D9%88%D8%A8%D8%B3%D9%8A%D8%B7-%D8%AD%D8%B5%D8%B1-%D9%85%D8%B4%D8%B1%D9%88%D8%B9-%D9%85%D9%82%D8%A7%D9%88%D9%84%D8%A7%D8%AA-%D9%88%D8%AA%D8%B4%D8%B7%D9%8A%D8%A8%D8%A7%D8%AA
403 Forbidden,Non trouvé,Non trouvé,Non trouvé,Aucun avis,Inconnu,Inconnu,Aucun tag,https://khamsat.com/business/feasibility-study/3583777-%D8%A5%D8%B9%D8%AF%D8%A7%D8%AF-%D8%AF%D8%B1%D8%A7%D8%B3%D8%A9-%D8%AC%D8%AF%D9%88%D9%89-%D8%A7%D8%AD%D8%AA%D8%B1%D8%A7%D9%81%D9%8A%D8%A9-%D9%84%D9%85%D8%B4%D8%B1%D9%88%D8%B9%D9%83
403 Forbidden,Non trouvé,Non trouvé,Non trouvé,Aucun avis,Inconnu,Inconnu,Aucun tag,https://khamsat.com/business/file-conversion/2649591-%D8%AA%D8%AD%D9%88%D9%8A%D9%84-%D9%88%D8%AA%D9%81%D8%B1%D9%8A%D8%BA-%D8%B5%D9%88%D8%B1-%D8%A7%D9%88-pdf-%D8%A7%D9%84%D9%8A-word-%D9%88%D8%A7%D9%84%D8%B9%D9%83%D8%B3
403 Forbidden,Non trouvé,Non trouvé,Non trouvé,Aucun avis,Inconnu,Inconnu,Aucun tag,https://khamsat.com/business/erp/3455329-%D8%B6%D8%A8%D8%B7-%D9%88%D8%A5%D8%B9%D8%AF%D8%A7%D8%AF-erpnext-%D9%84%D8%A5%D8%AF%D8%A7%D8%B1%D8%A9-%D8%B4%D8%B1%D9%83%D8%AA%D9%83-%D8%A8%D8%A7%D8%AD%D8%AA%D8%B1%D8%A7%D9%81
403 Forbidden,Non trouvé,Non trouvé,Non trouvé,Aucun avis,Inconnu,Inconnu,Aucun tag,https://khamsat.com/business/accounting-bookkeeping/3129741-%D9%85%D8%AD%D8%A7%D8%B3%D8%A8%D9%83-%D8%B9%D9%86-%D8%A8%D8%B9%D8%AF-%D9%84%D8%AA%D9%86%D8%B8%D9%8A%D9%85-%D9%83%D8%A7%D9%81%D8%A9-%D8%A3%D8%B9%D9%85%D8%A7%D9%84%D9%83-%D8%A7%D9%84%D9%85%D8%A7%D9%84%D9%8A%D8%A9-%D8%A7%D9%84%D9%85%D8%AD%D8%A7%D8%B3%D8%A8%D9%8A%D8%A9-%D9%88%D8%A7%D9%84%D8%B6%D8%B1%D9%8A%D8%A8%D9%8A%D8%A9
403 Forbidden,Non trouvé,Non trouvé,Non trouvé,Aucun avis,Inconnu,Inconnu,Aucun tag,https://khamsat.com/business/feasibility-study/3480585-%D8%AF%D8%B1%D8%A7%D8%B3%D8%A9-%D8%AC%D8%AF%D9%88%D9%89-%D8%A5%D8%AD%D8%AA%D8%B1%D8%A7%D9%81%D9%8A%D8%A9-%D8%B9%D9%86-%D8%A3%D9%8A-%D9%85%D8%B4%D8%B1%D9%88%D8%B9-%D8%A8%D9%84%D9%85%D8%B3%D8%A9-%D8%AE%D8%A8%D9%8A%D8%B1-%D9%85%D8%AD%D8%A7%D8%B3%D8%A8
403 Forbidden,Non trouvé,Non trouvé,Non trouvé,Aucun avis,Inconnu,Inconnu,Aucun tag,https://khamsat.com/business/erp/3182589-%D8%AA%D9%82%D8%AF%D9%8A%D9%85-%D8%AA%D8%AF%D8%B1%D9%8A%D8%A8-%D8%B9%D9%84%D9%8A-%D8%A8%D8%B1%D9%86%D8%A7%D9%85%D8%AC-%D8%A7%D9%88%D8%AF%D9%88
403 Forbidden,Non trouvé,Non trouvé,Non trouvé,Aucun avis,Inconnu,Inconnu,Aucun tag,https://khamsat.com/business/file-conversion/3718425-%D8%AA%D8%AD%D9%88%D9%8A%D9%84-%D9%85%D9%84%D9%81%D8%A7%D8%AA-pdf-%D8%A5%D9%84%D9%89-word-%D8%A3%D9%88-%D8%A7%D9%84%D8%B9%D9%83%D8%B3-%D8%A8%D8%B4%D9%83%D9%84-%D9%85%D8%B1%D8%AA%D8%A8-%D9%88%D8%B3%D9%87%D9%84-%D8%A7%D9%84%D8%AA%D8%B9%D8%AF%D9%8A%D9%84
403 Forbidden,Non trouvé,Non trouvé,Non trouvé,Aucun avis,Inconnu,Inconnu,Aucun tag,https://khamsat.com/business/accounting-bookkeeping/2059952-%D8%A5%D8%AF%D8%A7%D8%B1%D8%A9-%D8%AD%D8%B3%D8%A7%D8%A8%D8%A7%D8%AA-%D8%A7%D9%84%D9%85%D9%86%D8%B4%D8%A3%D8%AA-%D9%88%D8%AA%D8%AD%D8%AF%D9%8A%D8%AF-%D8%A7%D9%84%D8%A7%D8%B1%D8%A8%D8%A7%D8%AD-%D9%88%D8%A7%D9%84%D8%AE%D8%B3%D8%A7%D8%A6%D8%B1-%D9%88-%D8%A7%D9%84%D9%85%D9%88%D9%82%D9%81-%D8%A7%D9%84%D9%85%D8%A7%D9%84%D9%8A
403 Forbidden,Non trouvé,Non trouvé,Non trouvé,Aucun avis,Inconnu,Inconnu,Aucun tag,https://khamsat.com/business/feasibility-study/3293819-%D8%A7%D8%B9%D8%AF%D8%A7%D8%AF-%D8%AF%D8%B1%D8%A7%D8%B3%D8%A7%D8%AA-%D8%AC%D8%AF%D9%88%D9%89-%D8%A7%D8%B3%D8%AA%D8%B1%D8%B4%D8%A7%D8%AF%D9%8A%D8%A9-%D9%84%D9%84%D9%85%D8%B4%D8%B1%D9%88%D8%B9%D8%A7%D8%AA-%D8%A7%D9%84%D8%B5%D9%86%D8%A7%D8%B9%D9%8A%D8%A9
403 Forbidden,Non trouvé,Non trouvé,Non trouvé,Aucun avis,Inconnu,Inconnu,Aucun tag,https://khamsat.com/business/erp/2905472-%D8%A8%D8%B1%D9%86%D8%A7%D9%85%D8%AC-%D9%85%D8%AD%D8%A7%D8%B3%D8%A8%D9%8A-%D8%AC%D8%A7%D9%87%D8%B2-%D8%B9%D9%84%D9%89-%D8%A7%D9%84%D8%A5%D9%83%D8%B3%D9%84-%D9%84%D9%85%D8%B4%D8%B1%D9%88%D8%B9%D9%83
403 Forbidden,Non trouvé,Non trouvé,Non trouvé,Aucun avis,Inconnu,Inconnu,Aucun tag,https://khamsat.com/business/file-conversion/3327892-%D8%AA%D8%AD%D9%88%D9%8A%D9%84-%D8%A7%D9%84%D9%85%D9%84%D9%81%D8%A7%D8%AA-%D9%85%D9%86-pdf-%D8%A5%D9%84%D9%89-word-%D9%88%D8%A7%D9%84%D8%B9%D9%83%D8%B3
403 Forbidden,Non trouvé,Non trouvé,Non trouvé,Aucun avis,Inconnu,Inconnu,Aucun tag,https://khamsat.com/business/accounting-bookkeeping/3136024-%D8%A7%D9%85%D8%B3%D8%A7%D9%83-%D8%A7%D9%84%D8%AF%D9%81%D8%A7%D8%AA%D8%B1-%D9%88%D8%A7%D8%B9%D8%AF%D8%A7%D8%AF-%D8%A7%D9%84%D8%AA%D9%82%D8%B1%D8%A7%D9%8A%D8%B1-%D8%A7%D9%84%D8%B4%D9%87%D8%B1%D9%8A%D9%87
403 Forbidden,Non trouvé,Non trouvé,Non trouvé,Aucun avis,Inconnu,Inconnu,Aucun tag,https://khamsat.com/business/feasibility-study/2278248-%D8%AF%D8%B1%D8%A7%D8%B3%D8%A9-%D8%AC%D8%AF%D9%88%D9%89-%D8%A7%D9%82%D8%AA%D8%B5%D8%A7%D8%AF%D9%8A%D8%A9-%D8%AA%D9%86%D8%A7%D8%B3%D8%A8-%D8%A7%D8%AD%D8%AA%D9%8A%D8%A7%D8%AC%D8%A7%D8%AA%D9%83
403 Forbidden,Non trouvé,Non trouvé,Non trouvé,Aucun avis,Inconnu,Inconnu,Aucun tag,https://khamsat.com/business/file-conversion/3665966-%D8%AA%D8%AD%D9%88%D9%8A%D9%84-%D8%B5%D9%81%D8%AD%D8%A7%D8%AA-pdf-%D8%A7%D9%88-%D8%B5%D9%88%D8%B1-%D8%A7%D9%84%D9%89-word-%D9%85%D9%86%D8%B3%D9%82
403 Forbidden,Non trouvé,Non trouvé,Non trouvé,Aucun avis,Inconnu,Inconnu,Aucun tag,https://khamsat.com/business/erp/3047363-%D9%88%D8%A7%D8%AC%D9%87%D8%A9-%D8%A5%D8%AF%D8%AE%D8%A7%D9%84-%D8%A8%D9%8A%D8%A7%D9%86%D8%A7%D8%AA-%D8%A7%D8%AD%D8%AA%D8%B1%D8%A7%D9%81%D9%8A%D8%A9-%D8%B9%D9%84%D9%89-excel-%D9%84%D8%AA%D8%B3%D9%87%D9%8A%D9%84-%D8%A5%D8%AF%D8%A7%D8%B1%D8%A9-%D9%85%D8%B4%D8%B1%D9%88%D8%B9%D9%83
403 Forbidden,Non trouvé,Non trouvé,Non trouvé,Aucun avis,Inconnu,Inconnu,Aucun tag,https://khamsat.com/business/accounting-bookkeeping/2716994-%D8%A5%D9%85%D8%B3%D8%A7%D9%83-%D8%AD%D8%B3%D8%A7%D8%A8%D8%A7%D8%AA-%D9%88%D8%A5%D9%86%D8%B4%D8%A7%D8%A1-%D8%AC%D9%85%D9%8A%D8%B9-%D8%A7%D9%84%D9%82%D9%88%D8%A7%D8%A6%D9%85-%D8%A7%D9%84%D9%85%D8%A7%D9%84%D9%8A%D9%87-%D9%84%D8%B4%D8%B1%D9%83%D8%AA%D9%83-%D8%A3%D9%88-%D9%85%D8%B4%D8%B1%D9%88%D8%B9%D9%83
403 Forbidden,Non trouvé,Non trouvé,Non trouvé,Aucun avis,Inconnu,Inconnu,Aucun tag,https://khamsat.com/business/feasibility-study/2876903-%D8%AF%D8%B1%D8%A7%D8%B3%D8%A7%D8%AA-%D8%AC%D8%AF%D9%88%D9%89-%D8%A7%D9%84%D9%85%D8%B4%D8%A7%D8%B1%D9%8A%D8%B9-%D8%A7%D9%84%D8%B3%D9%88%D9%82%D9%8A%D8%A9-%D9%88%D8%A7%D9%84%D9%81%D9%86%D9%8A%D8%A9-%D9%88%D8%A7%D9%84%D9%85%D8%A7%D9%84%D9%8A%D8%A9-%D9%88%D8%A7%D9%84%D9%82%D8%A7%D9%86%D9%88%D9%86%D9%8A%D8%A9
403 Forbidden,Non trouvé,Non trouvé,Non trouvé,Aucun avis,Inconnu,Inconnu,Aucun tag,https://khamsat.com/business/file-conversion/3729620-%D8%B3%D8%A3%D8%AD%D9%88%D9%84-%D9%84%D9%83-%D9%85%D9%84%D9%81-pdf-%D8%A5%D9%84%D9%89-word-%D8%A3%D9%88-%D8%A7%D9%84%D8%B9%D9%83%D8%B3-%D9%85%D8%B9-%D8%A7%D9%84%D8%AD%D9%81%D8%A7%D8%B8-%D8%B9%D9%84%D9%89-%D8%A7%D9%84%D8%AA%D9%86%D8%B3%D9%8A%D9%82
403 Forbidden,Non trouvé,Non trouvé,Non trouvé,Aucun avis,Inconnu,Inconnu,Aucun tag,https://khamsat.com/business/erp/2073277-%D8%A5%D9%86%D8%B4%D8%A7%D8%A1-%D8%AF%D8%A7%D8%B4%D8%A8%D9%88%D8%B1%D8%AF-%D8%AA%D9%81%D8%A7%D8%B9%D9%84%D9%8A-excel-dashboard
403 Forbidden,Non trouvé,Non trouvé,Non trouvé,Aucun avis,Inconnu,Inconnu,Aucun tag,https://khamsat.com/business/accounting-bookkeeping/2921194-%D9%85%D8%AD%D8%A7%D8%B3%D8%A8-%D8%B9%D9%86-%D8%A8%D8%B9%D8%AF-%D9%84%D8%A7%D8%B9%D9%85%D8%A7%D9%84%D9%83-%D9%88-%D8%A7%D8%B9%D8%AF%D8%A7%D8%AF-%D8%A7%D9%84%D8%AA%D9%82%D8%A7%D8%B1%D9%8A%D8%B1-%D9%88-%D8%A7%D9%84%D9%82%D9%88%D8%A7%D8%A6%D9%85-%D8%A7%D9%84%D9%85%D8%A7%D9%84%D9%8A%D8%A9
403 Forbidden,Non trouvé,Non trouvé,Non trouvé,Aucun avis,Inconnu,Inconnu,Aucun tag,https://khamsat.com/business/feasibility-study/3510734-%D8%AF%D8%B1%D8%A7%D8%B3%D8%A9-%D8%AC%D8%AF%D9%88%D9%89-%D8%A7%D8%AD%D8%AA%D8%B1%D8%A7%D9%81%D9%8A%D8%A9-%D9%84%D9%85%D8%B4%D8%B1%D9%88%D8%B9-%D8%A7%D9%84%D8%AF%D9%88%D8%A7%D8%AC%D9%86
403 Forbidden,Non trouvé,Non trouvé,Non trouvé,Aucun avis,Inconnu,Inconnu,Aucun tag,https://khamsat.com/business/erp/3809936-%D8%AA%D8%AD%D9%88%D9%8A%D9%84-%D8%AC%D8%AF%D8%A7%D9%88%D9%84-excel-%D8%A7%D9%84%D9%85%D8%B9%D9%82%D8%AF%D8%A9-%D8%A5%D9%84%D9%89-%D8%AA%D8%B7%D8%A8%D9%8A%D9%82-%D8%B0%D9%83%D9%8A-%D9%88%D9%85%D8%AA%D8%A7%D9%83%D8%A7%D9%85%D9%84-appsheet
403 Forbidden,Non trouvé,Non trouvé,Non trouvé,Aucun avis,Inconnu,Inconnu,Aucun tag,https://khamsat.com/business/file-conversion/2872389-%D8%AA%D8%AD%D9%88%D9%8A%D9%84-%D8%A7%D9%84%D9%85%D9%84%D9%81%D8%A7%D8%AA-%D8%B9%D9%84%D9%89-%D8%A8%D8%B1%D9%86%D8%A7%D9%85%D8%AC-word
403 Forbidden,Non trouvé,Non trouvé,Non trouvé,Aucun avis,Inconnu,Inconnu,Aucun tag,https://khamsat.com/business/accounting-bookkeeping/2074780-%D9%85%D8%AD%D8%A7%D8%B3%D8%A8-%D8%B9%D9%86-%D8%A8%D8%B9%D8%AF-%D9%84%D8%A5%D8%AF%D8%A7%D8%B1%D8%A9-%D9%88%D8%AA%D9%86%D8%B8%D9%8A%D9%85-%D8%A7%D9%84%D8%AD%D8%B3%D8%A7%D8%A8%D8%A7%D8%AA-%D8%A7%D9%84%D9%85%D8%A7%D9%84%D9%8A%D8%A9
403 Forbidden,Non trouvé,Non trouvé,Non trouvé,Aucun avis,Inconnu,Inconnu,Aucun tag,https://khamsat.com/business/feasibility-study/3578729-%D8%AF%D8%B1%D8%A7%D8%B3%D8%A9-%D8%AC%D8%AF%D9%88%D9%89-%D8%B9%D9%86-%D8%A3%D9%89-%D9%85%D8%B4%D8%B1%D9%88%D8%B9-%D8%A8%D8%B7%D8%B1%D9%8A%D9%82%D8%A9-%D8%A7%D8%AD%D8%AA%D8%B1%D8%A7%D9%81%D9%8A%D8%A9
403 Forbidden,Non trouvé,Non trouvé,Non trouvé,Aucun avis,Inconnu,Inconnu,Aucun tag,https://khamsat.com/business/erp/3396363-%D8%AA%D8%B7%D9%88%D9%8A%D8%B1-%D8%A8%D8%B1%D9%86%D8%A7%D9%85%D8%AC-%D9%8A%D9%84%D8%A8%D9%8A-%D8%A7%D8%AD%D8%AA%D9%8A%D8%A7%D8%AC%D8%A7%D8%AA%D9%83-%D8%A8%D8%A3%D8%B3%D8%AA%D8%AE%D8%AF%D8%A7%D9%85-excel-vba
403 Forbidden,Non trouvé,Non trouvé,Non trouvé,Aucun avis,Inconnu,Inconnu,Aucun tag,https://khamsat.com/business/file-conversion/3279509-%D8%A7%D9%84%D8%AA%D8%B9%D8%AF%D9%8A%D9%84-%D8%B9%D9%84%D9%8A-%D9%85%D9%84%D9%81%D8%A7%D8%AA-pdf-%D8%B9%D8%B1%D8%A8%D9%8A-%D8%A7%D9%88-%D8%A7%D9%86%D8%AC%D9%84%D9%8A%D8%B2%D9%8A
403 Forbidden,Non trouvé,Non trouvé,Non trouvé,Aucun avis,Inconnu,Inconnu,Aucun tag,https://khamsat.com/business/accounting-bookkeeping/2327493-%D9%85%D8%AD%D8%A7%D8%B3%D8%A8%D8%A9-%D8%B9%D9%86-%D8%A8%D8%B9%D8%AF-remote-working
403 Forbidden,Non trouvé,Non trouvé,Non trouvé,Aucun avis,Inconnu,Inconnu,Aucun tag,https://khamsat.com/business/feasibility-study/2331054-%D8%AF%D8%B1%D8%A7%D8%B3%D8%A9-%D8%AC%D8%AF%D9%88%D9%89-%D8%A7%D9%82%D8%AA%D8%B5%D8%A7%D8%AF%D9%8A%D8%A9-%D9%85%D8%AA%D9%83%D8%A7%D9%85%D9%84%D8%A9
403 Forbidden,Non trouvé,Non trouvé,Non trouvé,Aucun avis,Inconnu,Inconnu,Aucun tag,https://khamsat.com/business/file-conversion/3769621-%D8%AA%D9%81%D8%B1%D9%8A%D8%BA-%D9%85%D9%84%D9%81-pdf-%D9%88-%D8%AA%D8%AD%D9%88%D9%8A%D9%84%D9%87-%D8%A5%D9%84%D9%89-word-%D8%A3%D9%88-%D8%A5%D8%B9%D8%A7%D8%AF%D8%A9-%D8%AA%D9%86%D8%B3%D9%8A%D9%82-%D8%A7%D9%84%D9%85%D9%84%D9%81
403 Forbidden,Non trouvé,Non trouvé,Non trouvé,Aucun avis,Inconnu,Inconnu,Aucun tag,https://khamsat.com/business/erp/3770982-%D8%AD%D9%84%D9%88%D9%84-odoo-erp-%D9%85%D8%AA%D9%83%D8%A7%D9%85%D9%84%D8%A9-%D9%84%D8%A5%D8%AF%D8%A7%D8%B1%D8%A9-%D8%A3%D8%B9%D9%85%D8%A7%D9%84%D9%83-%D8%A8%D9%83%D9%81%D8%A7%D8%A1%D8%A9
403 Forbidden,Non trouvé,Non trouvé,Non trouvé,Aucun avis,Inconnu,Inconnu,Aucun tag,https://khamsat.com/business/accounting-bookkeeping/3018621-%D9%85%D8%AD%D8%A7%D8%B3%D8%A8-%D8%AE%D8%A8%D9%8A%D8%B1-%D8%B9%D9%86-%D8%A8%D8%B9%D8%AF-%D9%84%D8%AA%D9%86%D8%B8%D9%8A%D9%85-%D8%A3%D8%B9%D9%85%D8%A7%D9%84%D9%83-%D8%A7%D9%84%D9%85%D8%A7%D9%84%D9%8A%D8%A9
403 Forbidden,Non trouvé,Non trouvé,Non trouvé,Aucun avis,Inconnu,Inconnu,Aucun tag,https://khamsat.com/business/feasibility-study/1378622-%D8%AF%D8%B1%D8%A7%D8%B3%D8%A9-%D8%AC%D8%AF%D9%88%D9%8A-%D9%84%D9%84%D8%B3%D9%88%D9%82-%D8%A7%D9%84%D9%85%D8%B3%D8%AA%D9%87%D8%AF%D9%81
403 Forbidden,Non trouvé,Non trouvé,Non trouvé,Aucun avis,Inconnu,Inconnu,Aucun tag,https://khamsat.com/business/erp/2239548-%D8%A7%D8%AD%D8%B5%D9%84-%D8%B9%D9%84%D9%8A-%D8%B4%D9%8A%D8%AA-%D8%A7%D9%83%D8%B3%D9%8A%D9%84-%D9%8A%D9%86%D8%A7%D8%B3%D8%A8%D9%83-%D8%A7%D8%B9%D9%85%D8%A7%D9%84%D9%83
403 Forbidden,Non trouvé,Non trouvé,Non trouvé,Aucun avis,Inconnu,Inconnu,Aucun tag,https://khamsat.com/business/file-conversion/2948673-%D8%AA%D8%B9%D8%AF%D9%8A%D9%84-%D9%85%D8%B3%D8%AA%D9%86%D8%AF%D8%A7%D8%AA-%D8%A8%D9%8A-%D8%AF%D9%8A-%D8%A7%D9%81-pdf-editing
403 Forbidden,Non trouvé,Non trouvé,Non trouvé,Aucun avis,Inconnu,Inconnu,Aucun tag,https://khamsat.com/business/accounting-bookkeeping/2136216-%D9%85%D8%B1%D8%A7%D8%AC%D8%B9%D9%87-%D9%88%D9%85%D8%B5%D8%A7%D8%AF%D9%82%D8%A9-%D9%85%D8%AF%D9%8A%D9%88%D9%86%D9%8A%D8%A7%D8%AA-%D8%A7%D9%84%D8%B9%D9%85%D9%84%D8%A7%D8%A1-%D8%A7%D9%84%D9%85%D9%88%D8%B1%D8%AF%D9%8A%D9%86
403 Forbidden,Non trouvé,Non trouvé,Non trouvé,Aucun avis,Inconnu,Inconnu,Aucun tag,https://khamsat.com/business/feasibility-study/2124070-%D8%A7%D8%B9%D8%AA%D9%85%D8%A7%D8%AF-%D9%88%D8%AA%D9%82%D9%8A%D9%8A%D9%85-%D8%AF%D8%B1%D8%A7%D8%B3%D8%A7%D8%AA-%D8%A7%D9%84%D8%AC%D8%AF%D9%88%D9%89-%D8%A8%D8%A7%D9%84%D8%B3%D8%B9%D9%88%D8%AF%D9%8A%D8%A9
403 Forbidden,Non trouvé,Non trouvé,Non trouvé,Aucun avis,Inconnu,Inconnu,Aucun tag,https://khamsat.com/business/erp/3670305-%D8%AA%D9%86%D9%81%D9%8A%D8%B0-%D9%88%D8%AA%D8%AE%D8%B5%D9%8A%D8%B5-odoo-erp-%D8%A7%D8%B9%D8%AF%D8%A7%D8%AF-%D9%86%D8%B8%D8%A7%D9%85-odoo
403 Forbidden,Non trouvé,Non trouvé,Non trouvé,Aucun avis,Inconnu,Inconnu,Aucun tag,https://khamsat.com/business/file-conversion/2593702-%D8%AA%D8%AD%D9%88%D9%8A%D9%84-%D9%88%D8%AA%D9%81%D8%B1%D9%8A%D8%BA-%D8%A7%D9%84%D9%85%D9%84%D9%81%D8%A7%D8%AA-%D8%A7%D9%84%D9%89-%D9%85%D9%84%D9%81-word
403 Forbidden,Non trouvé,Non trouvé,Non trouvé,Aucun avis,Inconnu,Inconnu,Aucun tag,https://khamsat.com/business/accounting-bookkeeping/2080047-%D9%85%D8%AD%D8%A7%D8%B3%D8%A8-%D8%AA%D9%83%D8%A7%D9%84%D9%8A%D9%81-%D8%B9%D9%86-%D8%A8%D8%B9%D8%AF-cost-accountant
403 Forbidden,Non trouvé,Non trouvé,Non trouvé,Aucun avis,Inconnu,Inconnu,Aucun tag,https://khamsat.com/business/feasibility-study/1149475-%D8%AF%D8%B1%D8%A7%D8%B3%D8%A9-%D8%AC%D8%AF%D9%88%D9%89-%D9%85%D8%A8%D8%AF%D8%A6%D9%8A%D8%A9-%D9%84%D8%A3%D9%8A-%D9%85%D8%B4%D8%B1%D9%88%D8%B9
403 Forbidden,Non trouvé,Non trouvé,Non trouvé,Aucun avis,Inconnu,Inconnu,Aucun tag,https://khamsat.com/business/erp/2142252-%D9%86%D9%82%D9%84-%D9%81%D9%88%D8%A7%D8%AA%D9%8A%D8%B1-%D9%85%D8%A8%D9%8A%D8%B9%D8%A7%D8%AA-%D9%85%D9%86-%D9%85%D9%84%D9%81-%D8%A7%D9%83%D8%B3%D9%8A%D9%84-%D8%A7%D9%84%D9%89-%D8%A8%D8%B1%D9%86%D8%A7%D9%85%D8%AC-%D8%AF%D9%81%D8%AA%D8%B1%D8%A9
403 Forbidden,Non trouvé,Non trouvé,Non trouvé,Aucun avis,Inconnu,Inconnu,Aucun tag,https://khamsat.com/business/file-conversion/3783983-%D8%AA%D8%AD%D9%88%D9%8A%D9%84-pdf-%D8%A5%D9%84%D9%89-word-%D9%88%D8%A7%D9%84%D8%B9%D9%83%D8%B3-%D9%85%D8%B9-%D8%A7%D9%84%D8%AA%D8%B1%D9%83%D9%8A%D8%B2-%D8%B9%D9%84%D9%89-%D8%A7%D9%84%D8%AC%D9%88%D8%AF%D8%A9-%D9%88%D8%AD%D9%81%D8%B8-%D8%A7%D9%84%D8%AC%D8%AF%D8%A7%D9%88%D9%84
403 Forbidden,Non trouvé,Non trouvé,Non trouvé,Aucun avis,Inconnu,Inconnu,Aucun tag,https://khamsat.com/business/accounting-bookkeeping/1976588-%D9%85%D8%AD%D8%A7%D8%B3%D8%A8%D8%A9-%D9%88%D8%A7%D8%B9%D8%AF%D8%A7%D8%AF-%D8%A7%D9%84%D9%82%D9%88%D8%A7%D8%A6%D9%85-%D8%A7%D9%84%D9%85%D8%A7%D9%84%D9%8A%D8%A9
403 Forbidden,Non trouvé,Non trouvé,Non trouvé,Aucun avis,Inconnu,Inconnu,Aucun tag,https://khamsat.com/business/feasibility-study/1921519-%D8%AF%D8%B1%D8%A7%D8%B3%D8%A9-%D8%AC%D8%AF%D9%88%D9%8A-%D9%83%D8%A7%D9%85%D9%84%D9%87-%D8%AA%D9%85%D9%87%D9%8A%D8%AF%D9%8A%D8%A9-%D8%AA%D8%B3%D9%88%D9%8A%D9%82%D9%8A%D8%A9-%D9%81%D9%86%D9%8A%D8%A9-%D9%88%D9%85%D8%A7%D9%84%D9%8A%D9%87
403 Forbidden,Non trouvé,Non trouvé,Non trouvé,Aucun avis,Inconnu,Inconnu,Aucun tag,https://khamsat.com/business/erp/3772523-%D8%A5%D8%B9%D8%AF%D8%A7%D8%AF-%D9%88%D8%AA%D8%AE%D8%B5%D9%8A%D8%B5-%D9%88%D8%AD%D8%AF%D8%A9-%D9%85%D8%AD%D8%A7%D8%B3%D8%A8%D8%A9-%D8%A3%D9%88-%D9%85%D8%AE%D8%A7%D8%B2%D9%86-%D9%81%D9%8A-%D9%86%D8%B8%D8%A7%D9%85-odoo
403 Forbidden,Non trouvé,Non trouvé,Non trouvé,Aucun avis,Inconnu,Inconnu,Aucun tag,https://khamsat.com/business/file-conversion/3684497-%D8%AA%D8%AD%D9%88%D9%8A%D9%84-%D8%A7%D9%84%D9%85%D9%84%D9%81%D8%A7%D8%AA-%D9%85%D9%86-pdf-%D8%A5%D9%84%D9%89-%D9%85%D9%84%D9%81-excel
403 Forbidden,Non trouvé,Non trouvé,Non trouvé,Aucun avis,Inconnu,Inconnu,Aucun tag,https://khamsat.com/business/accounting-bookkeeping/2250368-%D8%A7%D9%86%D8%B4%D8%A7%D8%A1-%D9%82%D9%8A%D9%88%D8%AF-%D9%85%D8%AD%D8%A7%D8%B3%D8%A8%D9%8A%D8%A9-%D9%88%D8%A7%D8%B9%D8%AF%D8%A7%D8%AF-%D9%85%D9%8A%D8%B2%D8%A7%D9%86%D9%8A%D8%A9-%D9%85%D8%B1%D8%A7%D8%AC%D8%B9%D8%A9
403 Forbidden,Non trouvé,Non trouvé,Non trouvé,Aucun avis,Inconnu,Inconnu,Aucun tag,https://khamsat.com/business/feasibility-study/1378601-%D8%A7%D8%B9%D8%AF%D8%A7%D8%AF-%D8%AF%D8%B1%D8%A7%D8%B3%D8%A7%D8%AA-%D8%AC%D8%AF%D9%88%D9%8A-%D8%A7%D9%82%D8%AA%D8%B5%D8%A7%D8%AF%D9%8A%D8%A9
403 Forbidden,Non trouvé,Non trouvé,Non trouvé,Aucun avis,Inconnu,Inconnu,Aucun tag,https://khamsat.com/business/erp/2867017-%D8%A7%D9%86%D8%B4%D8%A7%D8%A1-%D8%A8%D8%B1%D8%A7%D9%85%D8%AC-%D9%85%D8%AD%D8%A7%D8%B3%D8%A8%D9%8A%D8%A9-%D8%AA%D8%AE%D8%B5-%D8%A7%D9%84%D9%85%D8%A8%D9%8A%D8%B9%D8%A7%D8%AA-%D8%A7%D9%84%D8%AD%D8%B3%D8%A7%D8%A8%D8%A7%D8%AA-%D8%A7%D9%84%D9%81%D8%A7%D8%AA%D9%88%D8%B1%D8%A9-%D8%A7%D9%84%D8%A7%D9%84%D9%83%D8%AA%D8%B1%D9%88%D9%86
403 Forbidden,Non trouvé,Non trouvé,Non trouvé,Aucun avis,Inconnu,Inconnu,Aucun tag,https://khamsat.com/business/file-conversion/3349204-%D8%AA%D8%AD%D9%88%D9%8A%D9%84-%D9%85%D9%84%D9%81%D8%A7%D8%AA-pdf-%D8%A3%D9%88-%D8%B5%D9%88%D8%B1-%D8%A5%D9%84%D9%89-%D9%85%D9%84%D9%81%D8%A7%D8%AA-word-%D9%82%D8%A7%D8%A8%D9%84%D8%A9-%D9%84%D9%84%D8%AA%D8%B9%D8%AF%D9%8A%D9%84-%D8%A8%D8%AF%D9%82%D8%A9
403 Forbidden,Non trouvé,Non trouvé,Non trouvé,Aucun avis,Inconnu,Inconnu,Aucun tag,https://khamsat.com/business/accounting-bookkeeping/2119266-%D9%85%D8%AD%D8%A7%D8%B3%D8%A8-%D9%85%D8%B9-%D8%A8%D8%B1%D9%86%D8%A7%D9%85%D8%AC-%D9%85%D8%AD%D8%A7%D8%B3%D8%A8%D8%A9-%D8%AC%D8%A7%D9%87%D8%B2-%D9%84%D9%84%D8%B9%D9%85%D9%84-%D8%B9%D9%86-%D8%A8%D8%B9%D8%AF
403 Forbidden,Non trouvé,Non trouvé,Non trouvé,Aucun avis,Inconnu,Inconnu,Aucun tag,https://khamsat.com/business/feasibility-study/1795439-%D8%A5%D8%B9%D8%AF%D8%A7%D8%AF-%D8%AF%D8%B1%D8%A7%D8%B3%D8%A9-%D8%AC%D8%AF%D9%88%D9%89-%D8%A7%D9%82%D8%AA%D8%B5%D8%A7%D8%AF%D9%8A%D8%A9
403 Forbidden,Non trouvé,Non trouvé,Non trouvé,Aucun avis,Inconnu,Inconnu,Aucun tag,https://khamsat.com/business/erp/2529301-%D8%A3%D8%B9%D9%85%D8%A7%D9%84-%D9%85%D8%AD%D8%A7%D8%B3%D8%A8-%D9%88-%D8%A7%D8%AF%D8%AE%D8%A7%D9%84-%D9%82%D9%8A%D9%88%D8%AF-%D8%B9%D9%84%D9%89-%D8%A8%D8%B1%D9%86%D8%A7%D9%85%D8%AC-%D8%AF%D9%81%D8%AA%D8%B1%D8%A9-%D8%A7%D9%84%D9%85%D8%AD%D8%A7%D8%B3%D8%A8%D9%8A
403 Forbidden,Non trouvé,Non trouvé,Non trouvé,Aucun avis,Inconnu,Inconnu,Aucun tag,https://khamsat.com/business/file-conversion/3627845-%D8%AA%D8%AD%D9%88%D9%8A%D9%84-%D9%85%D9%86-%D9%85%D9%84%D9%81-word-%D8%A7%D9%84%D9%89-%D9%85%D9%84%D9%81-pdf-%D9%88%D8%A7%D9%84%D8%B9%D9%83%D8%B3
403 Forbidden,Non trouvé,Non trouvé,Non trouvé,Aucun avis,Inconnu,Inconnu,Aucun tag,https://khamsat.com/business/accounting-bookkeeping/1929788-%D8%A7%D8%B3%D8%AA%D8%B4%D8%A7%D8%B1%D8%A7%D8%AA-%D9%85%D8%AD%D8%A7%D8%B3%D8%A8%D9%8A%D8%A9-%D9%88%D8%A8%D9%86%D8%A7%D8%A1-%D9%86%D8%B8%D8%A7%D9%85-%D9%85%D8%A7%D9%84%D9%89-%D9%84%D9%84%D8%B4%D8%B1%D9%83%D8%A9
403 Forbidden,Non trouvé,Non trouvé,Non trouvé,Aucun avis,Inconnu,Inconnu,Aucun tag,https://khamsat.com/business/feasibility-study/2036071-%D8%AF%D8%B1%D8%A7%D8%B3%D8%A9-%D8%AC%D8%AF%D9%88%D9%89-%D9%84%D9%85%D8%B4%D8%B1%D9%88%D8%B9%D9%83-%D8%A7%D9%84%D8%AA%D9%82%D9%86%D9%8A
403 Forbidden,Non trouvé,Non trouvé,Non trouvé,Aucun avis,Inconnu,Inconnu,Aucun tag,https://khamsat.com/business/erp/3563888-%D8%A7%D9%84%D8%B9%D9%85%D9%84-%D8%A7%D9%84%D9%85%D8%AD%D8%A7%D8%B3%D8%A8%D9%89-%D8%B9%D9%84%D9%89-%D8%A8%D8%B1%D9%86%D8%A7%D9%85%D8%AC-microsoft-dynamix
403 Forbidden,Non trouvé,Non trouvé,Non trouvé,Aucun avis,Inconnu,Inconnu,Aucun tag,https://khamsat.com/business/file-conversion/3257111-%D8%AA%D8%AD%D9%88%D9%8A%D9%84-%D8%A7%D9%84%D9%85%D9%84%D9%81%D8%A7%D8%AA-%D9%85%D9%86-pdf-%D8%A5%D9%84%D9%89-word-%D9%88%D8%A7%D9%84%D8%B9%D9%83%D8%B3-%D8%A8%D8%A3%D8%AD%D8%AA%D8%B1%D8%A7%D9%81%D9%8A%D8%A9
403 Forbidden,Non trouvé,Non trouvé,Non trouvé,Aucun avis,Inconnu,Inconnu,Aucun tag,https://khamsat.com/business/feasibility-study/1561995-%D8%A5%D8%B9%D8%AF%D8%A7%D8%AF-%D8%AF%D8%B1%D8%A7%D8%B3%D8%A9-%D8%A7%D9%84%D8%AC%D8%AF%D9%88%D9%89-%D9%84%D9%84%D9%85%D8%B4%D8%B1%D9%88%D8%B9%D8%A7%D8%AA-feasibility-study-for-projects
403 Forbidden,Non trouvé,Non trouvé,Non trouvé,Aucun avis,Inconnu,Inconnu,Aucun tag,https://khamsat.com/business/accounting-bookkeeping/3067621-%D9%83%D8%A7%D9%85%D9%84-%D8%AD%D8%A7%D8%AC%D8%A7%D8%AA%D9%83-%D9%81-%D8%A7%D9%84%D9%85%D8%AD%D8%A7%D8%B3%D8%A8%D8%A9-%D9%88%D8%AA%D8%AD%D8%B6%D9%8A%D8%B1-%D8%A7%D9%84%D9%85%D9%8A%D8%B2%D8%A7%D9%86%D9%8A%D8%A9-%D8%A8%D8%A7%D8%B3%D8%AA%D8%AE%D8%AF%D8%A7%D9%85-%D8%A8%D8%B1%D9%86%D8%A7%D9%85%D8%AC-%D8%A3%D9%83%D8%B3%D9%84
403 Forbidden,Non trouvé,Non trouvé,Non trouvé,Aucun avis,Inconnu,Inconnu,Aucun tag,https://khamsat.com/business/erp/2867321-%D8%A8%D8%B1%D9%85%D8%AC%D8%A9-%D8%A5%D9%83%D8%B3%D9%84-%D9%88%D8%B9%D9%85%D9%84-%D8%A8%D8%B1%D8%A7%D9%85%D8%AC-%D9%88%D9%85%D8%B9%D8%A7%D8%AF%D9%84%D8%A7%D8%AA-%D9%85%D8%AA%D9%82%D8%AF%D9%85%D8%A9-%D9%88%D8%B9%D9%85%D9%84-%D8%A8%D8%B1%D8%A7%D9%85%D8%AC-%D9%83%D8%A7%D9%85%D9%84%D8%A9
403 Forbidden,Non trouvé,Non trouvé,Non trouvé,Aucun avis,Inconnu,Inconnu,Aucun tag,https://khamsat.com/business/file-conversion/3773058-%D8%AA%D8%AD%D9%88%D9%8A%D9%84-%D9%85%D9%84%D9%81-word-%D8%A7%D9%84%D9%89-%D9%85%D9%84%D9%81-excel
403 Forbidden,Non trouvé,Non trouvé,Non trouvé,Aucun avis,Inconnu,Inconnu,Aucun tag,https://khamsat.com/business/accounting-bookkeeping/1865212-%D8%A8%D8%B1%D9%86%D8%A7%D9%85%D8%AC-%D9%85%D8%AD%D8%A7%D8%B3%D8%A8%D8%A9-%D8%A8%D8%A7%D9%84%D8%A7%D9%83%D8%B3%D9%84-accounting-by-excel
403 Forbidden,Non trouvé,Non trouvé,Non trouvé,Aucun avis,Inconnu,Inconnu,Aucun tag,https://khamsat.com/business/feasibility-study/216716-%D8%AF%D8%B1%D8%A7%D8%B3%D9%87-%D8%AC%D8%AF%D9%88%D9%8A-%D8%A7%D8%AD%D8%AA%D8%B1%D8%A7%D9%81%D9%8A%D9%87-%D9%84%D8%A7%D9%8A-%D9%85%D8%B4%D8%B1%D9%88%D8%B9
403 Forbidden,Non trouvé,Non trouvé,Non trouvé,Aucun avis,Inconnu,Inconnu,Aucun tag,https://khamsat.com/business/erp/3417039-%D8%AA%D8%B5%D9%85%D9%8A%D9%85-%D9%88%D8%AA%D8%B7%D9%88%D9%8A%D8%B1-%D9%85%D9%84%D9%81%D8%A7%D8%AA-excel-%D8%A8%D8%A3%D8%B2%D8%B1%D8%A7%D8%B1-%D9%88%D8%A3%D9%83%D9%88%D8%A7%D8%AF-vba-%D9%84%D8%A3%D8%AF%D8%A7%D8%A1-%D8%A2%D9%84%D9%8A-%D8%A7%D8%AD%D8%AA%D8%B1%D8%A7%D9%81%D9%8A
403 Forbidden,Non trouvé,Non trouvé,Non trouvé,Aucun avis,Inconnu,Inconnu,Aucun tag,https://khamsat.com/business/file-conversion/3773272-%D8%AA%D8%AD%D9%88%D9%8A%D9%84-%D9%85%D9%84%D9%81%D8%A7%D8%AA-word-docdocxpdf-%D8%A5%D9%84%D9%89-excel-xlsx-%D8%A8%D8%AF%D9%82%D8%A9-%D9%88%D8%AA%D9%86%D8%B8%D9%8A%D9%85
403 Forbidden,Non trouvé,Non trouvé,Non trouvé,Aucun avis,Inconnu,Inconnu,Aucun tag,https://khamsat.com/business/feasibility-study/2050274-%D8%AF%D8%B1%D8%A7%D8%B3%D8%A9-%D8%AC%D8%AF%D9%88%D9%89-%D9%84%D8%AE%D9%85%D8%B3%D8%A9-%D9%85%D8%B4%D8%A7%D8%B1%D9%8A%D8%B9-%D8%A8%D8%A7%D9%84%D9%85%D9%85%D9%84%D9%83%D8%A9-%D8%A7%D9%84%D8%B9%D8%B1%D9%8A%D8%A8%D8%A9-%D8%A7%D9%84%D8%B3%D8%B9%D9%88%D8%AF%D9%8A%D8%A9
403 Forbidden,Non trouvé,Non trouvé,Non trouvé,Aucun avis,Inconnu,Inconnu,Aucun tag,https://khamsat.com/business/accounting-bookkeeping/2908439-%D9%85%D8%B7%D8%A7%D8%A8%D9%82%D8%A9-%D9%83%D8%B4%D9%88%D9%81%D8%A7%D8%AA-%D8%A7%D9%84%D8%B4%D8%AD%D9%86-%D9%84%D9%85%D8%AA%D8%A7%D8%AC%D8%B1-%D8%B3%D9%84%D8%A9
403 Forbidden,Non trouvé,Non trouvé,Non trouvé,Aucun avis,Inconnu,Inconnu,Aucun tag,https://khamsat.com/business/erp/3766392-%D8%B1%D8%A8%D8%B7-%D9%86%D8%B8%D8%A7%D9%85-odoo-%D9%85%D8%B9-%D9%85%D9%86%D8%B5%D8%A9-%D9%87%D9%8A%D8%A6%D8%A9-%D8%A7%D9%84%D8%B2%D9%83%D8%A7%D8%A9-%D9%88%D8%A7%D9%84%D8%B6%D8%B1%D9%8A%D8%A8%D8%A9-%D9%88%D8%A7%D9%84%D8%AC%D9%85%D8%A7%D8%B1%D9%83-%D8%B2%D8%A7%D8%AA%D9%83%D8%A7
403 Forbidden,Non trouvé,Non trouvé,Non trouvé,Aucun avis,Inconnu,Inconnu,Aucun tag,https://khamsat.com/business/file-conversion/2400964-%D9%83%D8%AA%D8%A7%D8%A8%D8%A9-%D9%88%D8%B7%D8%A8%D8%A7%D8%B9%D8%A9-%D9%85%D9%86-pdf-%D8%A5%D9%84%D9%89-word-%D8%A8%D8%A7%D9%84%D8%AF%D9%82%D8%A9-%D9%88%D8%A7%D9%84%D8%AA%D9%86%D8%B3%D9%8A%D9%82
403 Forbidden,Non trouvé,Non trouvé,Non trouvé,Aucun avis,Inconnu,Inconnu,Aucun tag,https://khamsat.com/business/accounting-bookkeeping/1330596-%D9%85%D8%B1%D8%A7%D8%AC%D8%B9%D8%A9-%D9%88%D8%B6%D8%A8%D8%B7-%D8%A7%D9%84%D8%AD%D8%B3%D8%A7%D8%A8%D8%A7%D8%AA-%D9%88%D8%A7%D8%B9%D8%AF%D8%A7%D8%AF-%D8%A7%D9%84%D9%82%D9%8A%D9%88%D8%AF-%D8%A7%D9%84%D9%8A%D9%88%D9%85%D9%8A%D9%87-%D9%88%D8%A7%D9%84%D9%82%D9%88%D8%A7%D8%A6%D9%85-%D8%A7%D9%84%D9%85%D8%A7%D9%84%D9%8A%D9%87
403 Forbidden,Non trouvé,Non trouvé,Non trouvé,Aucun avis,Inconnu,Inconnu,Aucun tag,https://khamsat.com/business/feasibility-study/407665-%D8%A7%D9%81%D9%83%D8%A7%D8%B1-%D9%85%D8%B4%D8%A7%D8%B1%D9%8A%D8%B9-%D9%85%D8%B1%D8%A8%D8%AD%D9%87-%D9%88%D8%AF%D8%B1%D8%A7%D8%B3%D9%87-%D8%AC%D8%AF%D9%88%D9%8A
403 Forbidden,Non trouvé,Non trouvé,Non trouvé,Aucun avis,Inconnu,Inconnu,Aucun tag,https://khamsat.com/business/erp/1383147-%D8%AA%D8%B9%D8%B1%D9%8A%D9%81-%D8%A8%D8%B1%D9%86%D8%A7%D9%85%D8%AC-%D8%A7%D9%84%D8%AD%D8%B3%D8%A7%D8%A8%D8%A7%D8%AA-%D8%B2%D9%88%D9%87%D9%88-%D8%A8%D9%88%D9%83%D8%B3-%D9%88%D8%A5%D9%85%D8%B3%D8%A7%D9%83-%D8%AF%D9%81%D8%A7%D8%AA%D8%B1%D9%83-%D8%A7%D9%84%D9%85%D8%AD%D8%A7%D8%B3%D8%A8%D9%8A%D8%A9-%D8%B9%D9%84%D9%8A%D9%87
403 Forbidden,Non trouvé,Non trouvé,Non trouvé,Aucun avis,Inconnu,Inconnu,Aucun tag,https://khamsat.com/business/file-conversion/3780653-%D8%AA%D8%AD%D9%88%D9%8A%D9%84-%D9%85%D9%84%D9%81%D8%A7%D8%AA-pdf-%D8%A5%D9%84%D9%89-word-%D8%A3%D9%88-excel-%D8%A8%D8%B3%D8%B1%D8%B9%D8%A9-%D9%88%D8%A8%D8%AF%D9%82%D8%A9
403 Forbidden,Non trouvé,Non trouvé,Non trouvé,Aucun avis,Inconnu,Inconnu,Aucun tag,https://khamsat.com/business/accounting-bookkeeping/1790015-%D9%85%D8%AD%D8%A7%D8%B3%D8%A8-%D8%B9%D9%86-%D8%A8%D8%B9%D8%AF-%D9%84%D8%AA%D9%86%D8%B8%D9%8A%D9%85-%D9%88%D9%85%D8%B3%D9%83-%D8%A7%D9%84%D8%AD%D8%B3%D8%A7%D8%A8%D8%A7%D8%AA-%D8%A7%D9%84%D9%8A%D9%88%D9%85%D9%8A%D8%A9-%D9%82%D9%8A%D9%88%D8%AF%D8%AA%D9%82%D8%A7%D8%B1%D9%8A%D8%B1%D9%82%D9%88%D8%A7%D8%A6%D9%85
403 Forbidden,Non trouvé,Non trouvé,Non trouvé,Aucun avis,Inconnu,Inconnu,Aucun tag,https://khamsat.com/business/feasibility-study/2265357-%D8%AF%D8%B1%D8%A7%D8%B3%D8%A9-%D8%AC%D8%AF%D9%88%D9%89-%D8%AA%D8%B3%D9%88%D9%8A%D9%82%D9%8A%D8%A9-%D8%A7%D8%AD%D8%AA%D8%B1%D8%A7%D9%81%D9%8A%D8%A9
403 Forbidden,Non trouvé,Non trouvé,Non trouvé,Aucun avis,Inconnu,Inconnu,Aucun tag,https://khamsat.com/business/erp/3417230-%D8%A8%D8%B1%D9%86%D8%A7%D9%85%D8%AC-%D9%85%D8%AD%D8%A7%D8%B3%D8%A8%D9%8A-%D8%A7%D8%AD%D8%AA%D8%B1%D8%A7%D9%81%D9%8A-%D9%84%D8%A5%D8%AF%D8%A7%D8%B1%D8%A9-%D8%A7%D9%84%D8%AD%D8%B3%D8%A7%D8%A8%D8%A7%D8%AA-%D9%88%D8%A7%D9%84%D9%81%D9%88%D8%A7%D8%AA%D9%8A%D8%B1-%D9%88%D8%A7%D9%84%D8%AA%D9%82%D8%A7%D8%B1%D9%8A%D8%B1
403 Forbidden,Non trouvé,Non trouvé,Non trouvé,Aucun avis,Inconnu,Inconnu,Aucun tag,https://khamsat.com/business/file-conversion/3750895-%D8%AA%D8%AD%D9%88%D9%8A%D9%84-%D9%85%D9%84%D9%81-pdf-%D8%A7%D9%84%D9%89-%D9%85%D9%84%D9%81-word
403 Forbidden,Non trouvé,Non trouvé,Non trouvé,Aucun avis,Inconnu,Inconnu,Aucun tag,https://khamsat.com/business/feasibility-study/1210932-%D8%AF%D8%B1%D8%A7%D8%B3%D8%A9-%D8%AC%D8%AF%D9%88%D9%89-%D8%A7%D8%AD%D8%AA%D8%B1%D8%A7%D9%81%D9%8A%D8%A9
403 Forbidden,Non trouvé,Non trouvé,Non trouvé,Aucun avis,Inconnu,Inconnu,Aucun tag,https://khamsat.com/business/accounting-bookkeeping/1031368-%D8%A7%D9%84%D9%82%D8%A7%D8%B3%D9%85-%D9%84%D8%AD%D8%B3%D8%A7%D8%A8%D8%A7%D8%AA-%D8%A7%D9%84%D9%86%D9%82%D8%AF%D9%8A%D8%A9-%D9%88%D8%A7%D9%84%D8%A8%D9%86%D9%88%D9%83-%D9%88%D8%A7%D9%84%D8%B4%D9%8A%D9%83%D8%A7%D8%AA
403 Forbidden,Non trouvé,Non trouvé,Non trouvé,Aucun avis,Inconnu,Inconnu,Aucun tag,https://khamsat.com/business/erp/3481972-%D8%A8%D8%B1%D9%86%D8%A7%D9%85%D8%AC-%D8%A7%D9%83%D8%B3%D9%84-%D9%85%D8%A8%D8%B3%D8%B7-%D9%88%D8%A7%D8%AD%D8%AA%D8%B1%D8%A7%D9%81%D9%8A-%D9%84%D8%A5%D8%AF%D8%A7%D8%B1%D8%A9-%D8%B9%D9%87%D8%AF-%D8%A7%D9%84%D8%B9%D8%A7%D9%85%D9%84%D9%8A%D9%86
403 Forbidden,Non trouvé,Non trouvé,Non trouvé,Aucun avis,Inconnu,Inconnu,Aucun tag,https://khamsat.com/business/file-conversion/3295249-%D8%AA%D8%AD%D9%88%D9%8A%D9%84-%D9%85%D9%84%D9%81%D8%A7%D8%AA-pdf-%D8%A5%D9%84%D9%89-word-%D8%A8%D8%A7%D8%AD%D8%AA%D8%B1%D8%A7%D9%81-%D9%85%D8%B9-%D8%A7%D9%84%D8%AD%D9%81%D8%A7%D8%B8-%D8%B9%D9%84%D9%89-%D8%A7%D9%84%D8%AA%D9%86%D8%B3%D9%8A%D9%82
403 Forbidden,Non trouvé,Non trouvé,Non trouvé,Aucun avis,Inconnu,Inconnu,Aucun tag,https://khamsat.com/business/feasibility-study/3079677-%D9%85%D9%84%D9%81-%D8%A5%D9%83%D8%B3%D9%8A%D9%84-excel-%D9%85%D9%81%D8%AA%D9%88%D8%AD-%D9%84%D8%A5%D9%86%D8%AC%D8%A7%D8%B2-%D8%AF%D8%B1%D8%A7%D8%B3%D8%A9-%D8%AC%D8%AF%D9%88%D9%89
403 Forbidden,Non trouvé,Non trouvé,Non trouvé,Aucun avis,Inconnu,Inconnu,Aucun tag,https://khamsat.com/business/accounting-bookkeeping/1218251-%D8%A5%D8%AF%D8%A7%D8%B1%D8%A9-%D8%B4%D8%B1%D9%83%D8%AA%D9%83-%D8%A3%D9%88-%D9%85%D8%A4%D8%B3%D8%B3%D8%AA%D9%83-%D9%85%D8%AD%D8%A7%D8%B3%D8%A8%D9%8A%D8%A7
403 Forbidden,Non trouvé,Non trouvé,Non trouvé,Aucun avis,Inconnu,Inconnu,Aucun tag,https://khamsat.com/business/erp/3134502-%D9%85%D9%84%D9%81-%D8%A5%D9%83%D8%B3%D9%84-%D8%B4%D8%A7%D9%85%D9%84-%D8%AD%D8%B3%D8%A7%D8%A8-%D8%A7%D9%84%D8%AA%D9%83%D9%84%D9%81%D8%A9-%D9%88%D8%A7%D9%84%D8%A3%D8%B1%D8%A8%D8%A7%D8%AD-%D9%84%D9%84%D8%A3%D8%B3%D8%B1-%D8%A7%D9%84%D9%85%D9%86%D8%AA%D8%AC%D8%A9-%D8%A8%D8%A7%D8%AD%D8%AA%D8%B1%D8%A7%D9%81%D9%8A%D8%A9
403 Forbidden,Non trouvé,Non trouvé,Non trouvé,Aucun avis,Inconnu,Inconnu,Aucun tag,https://khamsat.com/business/file-conversion/1672921-%D8%AA%D8%AD%D9%88%D9%8A%D9%84-%D9%85%D9%84%D9%81-%D8%A7%D9%84%D9%89-%D8%B5%D9%8A%D8%BA%D8%A9-%D8%A7%D8%AE%D8%B1%D9%89-%D9%88%D8%AF%D9%85%D8%AC-%D9%88%D8%B6%D8%BA%D8%B7-%D9%88%D8%A7%D8%B5%D9%84%D8%A7%D8%AD-%D8%A7%D9%84%D9%85%D9%84%D9%81%D8%A7%D8%AA-%D8%A7%D9%84%D8%AA%D8%A7%D9%84%D9%81%D8%A9
403 Forbidden,Non trouvé,Non trouvé,Non trouvé,Aucun avis,Inconnu,Inconnu,Aucun tag,https://khamsat.com/business/accounting-bookkeeping/1894011-%D9%85%D8%AD%D8%A7%D8%B3%D8%A8%D8%A9-%D8%B9%D9%86-%D8%A8%D8%B9%D8%AF-%D8%A7%D9%88%D9%86-%D9%84%D8%A7%D9%8A%D9%86
403 Forbidden,Non trouvé,Non trouvé,Non trouvé,Aucun avis,Inconnu,Inconnu,Aucun tag,https://khamsat.com/business/erp/3485502-%D8%A8%D8%B1%D9%86%D8%A7%D9%85%D8%AC-%D8%AA%D8%B3%D8%AC%D9%8A%D9%84-%D8%A7%D9%84%D9%85%D8%AE%D8%B2%D9%88%D9%86-%D8%A7%D9%84%D9%85%D9%86%D8%B5%D8%B1%D9%81
403 Forbidden,Non trouvé,Non trouvé,Non trouvé,Aucun avis,Inconnu,Inconnu,Aucun tag,https://khamsat.com/business/feasibility-study/3892926-%D8%A7%D8%B9%D8%AF%D8%A7%D8%AF-%D8%B9%D8%B1%D8%B6-%D9%85%D8%A7%D9%84%D9%8A-%D9%88%D9%81%D9%86%D9%8A-%D9%84%D9%84%D9%85%D9%86%D8%A7%D9%82%D8%B5%D8%A7%D8%AA-%D8%B9%D9%84%D9%89-%D9%85%D9%86%D8%B5%D8%A9-%D8%A7%D8%B9%D8%AA%D9%85%D8%A7%D8%AF-%D8%A8%D8%A7%D9%84%D8%B3%D8%B9%D9%88%D8%AF%D9%8A%D8%A9
403 Forbidden,Non trouvé,Non trouvé,Non trouvé,Aucun avis,Inconnu,Inconnu,Aucun tag,https://khamsat.com/business/file-conversion/2996572-%D8%AA%D8%AD%D9%88%D9%8A%D9%84-%D8%A7%D9%84%D8%B5%D9%88%D8%B1-%D9%88%D9%85%D9%84%D9%81%D8%A7%D8%AA-pdf-%D8%A5%D9%84%D9%89-%D9%85%D9%84%D9%81%D8%A7%D8%AA-word-%D9%88%D8%A7%D9%84%D8%B9%D9%83%D8%B3
403 Forbidden,Non trouvé,Non trouvé,Non trouvé,Aucun avis,Inconnu,Inconnu,Aucun tag,https://khamsat.com/business/accounting-bookkeeping/2102886-%D9%85%D8%AF%D9%82%D9%82-%D8%A8%D9%8A%D8%A7%D9%86%D8%A7%D8%AA-%D9%85%D8%A7%D9%84%D9%8A%D8%A9-checking-financial-data
403 Forbidden,Non trouvé,Non trouvé,Non trouvé,Aucun avis,Inconnu,Inconnu,Aucun tag,https://khamsat.com/business/feasibility-study/1262596-%D8%A5%D8%B9%D8%AF%D8%A7%D8%AF-%D8%AA%D9%82%D8%A7%D8%B1%D9%8A%D8%B1-%D8%A3%D8%A8%D8%AD%D8%A7%D8%AB-%D8%A7%D9%84%D8%B3%D9%88%D9%82-%D9%88-%D8%A7%D9%84%D8%AC%D8%AF%D9%88%D9%89-%D8%A7%D9%84%D8%AF%D8%B1%D8%A7%D8%B3%D9%8A%D8%A9-%D9%84%D9%85%D8%B4%D8%B1%D9%88%D8%B9
403 Forbidden,Non trouvé,Non trouvé,Non trouvé,Aucun avis,Inconnu,Inconnu,Aucun tag,https://khamsat.com/business/file-conversion/3487809-%D8%AA%D8%AD%D9%88%D9%8A%D9%84-%D8%A7%D9%84%D9%85%D9%84%D9%81%D8%A7%D8%AA-%D9%85%D9%86-pdf-%D8%A5%D9%84%D9%89-word-%D9%88-excel-%D9%88-powerpoint-%D9%88%D8%A7%D9%84%D8%B9%D9%83%D8%B3
403 Forbidden,Non trouvé,Non trouvé,Non trouvé,Aucun avis,Inconnu,Inconnu,Aucun tag,https://khamsat.com/business/erp/3270777-%D9%85%D9%84%D9%81-%D8%A7%D9%83%D8%B3%D9%8A%D9%84-%D8%AD%D8%B3%D8%A7%D8%A8%D8%A7%D8%AA-%D8%B9%D8%A7%D9%85%D8%A9-%D9%84%D9%85%D8%B4%D8%B1%D9%88%D8%B9%D9%83
403 Forbidden,Non trouvé,Non trouvé,Non trouvé,Aucun avis,Inconnu,Inconnu,Aucun tag,https://khamsat.com/business/feasibility-study/1745157-%D8%AF%D8%B1%D8%A7%D8%B3%D8%A9-%D8%AC%D8%AF%D9%88%D9%89-%D9%84%D9%85%D8%B4%D8%B1%D9%88%D8%B9%D9%83-vip-%D9%84%D9%83%D9%84-%D8%A7%D9%84%D9%85%D8%B4%D8%A7%D8%B1%D9%8A%D8%B9-%D8%A7%D9%84%D8%B5%D8%BA%D9%8A%D8%B1%D8%A9-%D9%88%D8%A7%D9%84%D9%83%D8%A8%D9%8A%D8%B1%D8%A9
403 Forbidden,Non trouvé,Non trouvé,Non trouvé,Aucun avis,Inconnu,Inconnu,Aucun tag,https://khamsat.com/business/accounting-bookkeeping/2239857-%D9%85%D8%AD%D8%A7%D8%B3%D8%A8-%D9%85%D8%AA%D8%AC%D8%B1-%D8%A7%D9%84%D9%83%D8%AA%D8%B1%D9%88%D9%86%D9%8A-accountant-on-line
403 Forbidden,Non trouvé,Non trouvé,Non trouvé,Aucun avis,Inconnu,Inconnu,Aucun tag,https://khamsat.com/business/erp/3506055-%D8%AA%D8%B5%D9%85%D9%8A%D9%85-%D8%AC%D8%AF%D8%A7%D9%88%D9%84-excel-%D9%85%D8%AD%D8%A7%D8%B3%D8%A8%D9%8A%D8%A9-%D9%83%D8%B4%D9%81-%D8%AD%D8%B3%D8%A7%D8%A8-%D9%81%D9%88%D8%A7%D8%AA%D9%8A%D8%B1-%D9%85%D8%B5%D8%B1%D9%88%D9%81%D8%A7%D8%AA
403 Forbidden,Non trouvé,Non trouvé,Non trouvé,Aucun avis,Inconnu,Inconnu,Aucun tag,https://khamsat.com/business/file-conversion/2143470-%D9%83%D8%AA%D8%A7%D8%A8%D8%A9-%D9%85%D9%84%D9%81%D8%A7%D8%AA-pdf-%D8%A3%D9%88-%D8%B5%D9%88%D8%B1-%D8%A3%D9%88-%D9%85%D8%B3%D8%AA%D9%86%D8%AF%D8%A7%D8%AA-%D9%85%D8%B3%D8%AD%D9%88%D8%A8%D8%A9-%D8%A8%D8%A7%D9%84%D8%B3%D9%83%D8%A7%D9%86%D8%B1-%D9%81%D9%8A-%D9%85%D9%84%D9%81word
403 Forbidden,Non trouvé,Non trouvé,Non trouvé,Aucun avis,Inconnu,Inconnu,Aucun tag,https://khamsat.com/business/accounting-bookkeeping/1228399-%D9%85%D8%AD%D8%A7%D8%B3%D8%A8-%D9%84%D8%A5%D8%B9%D8%AF%D8%A7%D8%AF-%D8%A7%D9%84%D9%82%D9%88%D8%A7%D8%A6%D9%85-%D8%A7%D9%84%D9%85%D8%A7%D9%84%D9%8A%D8%A9
403 Forbidden,Non trouvé,Non trouvé,Non trouvé,Aucun avis,Inconnu,Inconnu,Aucun tag,https://khamsat.com/business/feasibility-study/1535188-%D8%AF%D8%B1%D8%A7%D8%B3%D8%A9-%D8%AC%D8%AF%D9%88%D9%89-%D9%85%D8%B4%D8%AA%D9%84-%D9%86%D8%A8%D8%A7%D8%AA%D8%A7%D8%AA
403 Forbidden,Non trouvé,Non trouvé,Non trouvé,Aucun avis,Inconnu,Inconnu,Aucun tag,https://khamsat.com/business/file-conversion/3826476-%D8%AA%D8%AD%D9%88%D9%8A%D9%84-%D9%85%D9%84%D9%81-word-%D8%A5%D9%84%D9%8A-%D9%85%D9%84%D9%81-pdf
403 Forbidden,Non trouvé,Non trouvé,Non trouvé,Aucun avis,Inconnu,Inconnu,Aucun tag,https://khamsat.com/business/erp/2559867-%D8%AA%D8%AB%D8%A8%D9%8A%D8%AA-%D9%88-%D8%A8%D8%B1%D9%85%D8%AC%D8%A9-%D9%86%D8%B8%D8%A7%D9%85-odoo-%D8%B9%D9%84%D9%8A-%D8%AC%D9%85%D9%8A%D8%B9-%D8%A7%D9%86%D8%B8%D9%85%D8%A9-%D8%A7%D9%84%D8%AA%D8%B4%D8%BA%D9%8A%D9%84
403 Forbidden,Non trouvé,Non trouvé,Non trouvé,Aucun avis,Inconnu,Inconnu,Aucun tag,https://khamsat.com/business/accounting-bookkeeping/2155157-%D9%85%D8%AD%D8%A7%D8%B3%D8%A8-%D8%B9%D9%86-%D8%A8%D8%B9%D8%AF-%D9%84%D9%83%D8%A7%D9%81%D8%A9-%D8%A7%D9%84%D8%AE%D8%AF%D9%85%D8%A7%D8%AA-%D8%A7%D9%84%D9%85%D8%A7%D9%84%D9%8A%D8%A9
403 Forbidden,Non trouvé,Non trouvé,Non trouvé,Aucun avis,Inconnu,Inconnu,Aucun tag,https://khamsat.com/business/feasibility-study/3203504-%D8%A5%D8%B9%D8%AF%D8%A7%D8%AF-%D8%AF%D8%B1%D8%A7%D8%B3%D8%A9-%D8%AC%D8%AF%D9%88%D9%89-%D8%A7%D8%AD%D8%AA%D8%B1%D8%A7%D9%81%D9%8A%D8%A9-%D9%84%D9%85%D8%B4%D8%B1%D9%88%D8%B9%D9%83-%D8%AA%D8%B4%D9%85%D9%84-%D8%A7%D9%84%D8%AA%D8%AD%D9%84%D9%8A%D9%84-%D8%A7%D9%84%D9%85%D8%A7%D9%84%D9%8A-%D9%88%D8%A7%D9%84%D8%AA%D8%B3%D9%88%D9%8A%D9%82
403 Forbidden,Non trouvé,Non trouvé,Non trouvé,Aucun avis,Inconnu,Inconnu,Aucun tag,https://khamsat.com/business/erp/3234740-%D9%85%D9%84%D9%81-%D8%A7%D9%83%D8%B3%D9%8A%D9%84-%D9%85%D8%AD%D8%A7%D8%B3%D8%A8%D9%89-%D9%84%D8%A7%D8%AF%D8%A7%D8%B1%D8%A9-%D8%A7%D9%84%D9%85%D8%AE%D8%A7%D8%B2%D9%86
403 Forbidden,Non trouvé,Non trouvé,Non trouvé,Aucun avis,Inconnu,Inconnu,Aucun tag,https://khamsat.com/business/file-conversion/792733-%D8%A3%D8%AD%D9%88%D9%84-%D8%A7%D8%B1%D9%82%D8%A7%D9%85-50000-%D8%B1%D9%82%D9%85-%D9%85%D9%86-excel-%D8%A7%D9%84%D9%89-%D8%B5%D9%8A%D8%BA%D8%A9-vcf
403 Forbidden,Non trouvé,Non trouvé,Non trouvé,Aucun avis,Inconnu,Inconnu,Aucun tag,https://khamsat.com/business/feasibility-study/2519371-%D8%A5%D8%B9%D8%AF%D8%A7%D8%AF-%D8%AF%D8%B1%D8%A7%D8%B3%D8%A9-%D8%AC%D8%AF%D9%88%D9%89-%D8%A5%D9%82%D8%AA%D8%B5%D8%A7%D8%AF%D9%8A%D8%A9-%D9%85%D9%83%D8%AA%D9%85%D9%84%D8%A9-%D8%A7%D9%84%D8%A3%D8%B1%D9%83%D8%A7%D9%86-%D9%84%D8%A3%D9%8A-%D9%85%D8%B4%D8%B1%D9%88%D8%B9-%D8%A7%D8%B3%D8%AA%D8%AB%D9%85%D8%A7%D8%B1%D9%8A
403 Forbidden,Non trouvé,Non trouvé,Non trouvé,Aucun avis,Inconnu,Inconnu,Aucun tag,https://khamsat.com/business/accounting-bookkeeping/2682519-%D9%85%D8%AD%D8%A7%D8%B3%D8%A8-%D9%85%D8%A7%D9%84%D9%8A-%D9%88%D8%B9%D9%85%D9%84-%D9%82%D9%8A%D9%88%D8%AF-%D9%85%D8%AD%D8%A7%D8%B3%D8%A8%D9%8A%D8%A9
403 Forbidden,Non trouvé,Non trouvé,Non trouvé,Aucun avis,Inconnu,Inconnu,Aucun tag,https://khamsat.com/business/erp/3511981-%D8%A5%D8%AF%D8%A7%D8%B1%D8%A9-%D8%A7%D9%84%D9%85%D8%B5%D8%B1%D9%88%D9%81%D8%A7%D8%AA-%D9%88-%D8%A7%D9%84%D8%A7%D8%B1%D8%A8%D8%A7%D8%AD-sales-and-cach-managemen
403 Forbidden,Non trouvé,Non trouvé,Non trouvé,Aucun avis,Inconnu,Inconnu,Aucun tag,https://khamsat.com/business/file-conversion/3739573-%D8%AA%D8%AD%D9%88%D9%8A%D9%84-%D8%A7%D9%84%D8%AF%D8%A7%D8%AA%D8%A7-%D9%85%D9%86-%D9%85%D9%84%D9%81-pdf-%D8%A7%D9%84%D9%89-%D9%85%D9%84%D9%81-excel-%D8%A8%D8%A5%D8%AD%D8%AA%D8%B1%D8%A7%D9%81%D9%8A%D8%A9
403 Forbidden,Non trouvé,Non trouvé,Non trouvé,Aucun avis,Inconnu,Inconnu,Aucun tag,https://khamsat.com/business/accounting-bookkeeping/2742091-%D8%A8%D8%B1%D9%86%D8%A7%D9%85%D8%AC-%D8%B5%D9%86%D8%AF%D9%88%D9%82-%D8%A7%D9%84%D8%AA%D9%83%D8%A7%D9%81%D9%84-%D8%A7%D9%84%D8%B9%D8%A7%D8%A6%D9%84%D9%8A
403 Forbidden,Non trouvé,Non trouvé,Non trouvé,Aucun avis,Inconnu,Inconnu,Aucun tag,https://khamsat.com/business/feasibility-study/2903991-%D8%AF%D8%B1%D8%A7%D8%B3%D8%A9-%D8%A7%D9%84%D8%AD%D8%A7%D9%84%D8%A9-%D8%A7%D9%84%D8%A5%D9%82%D8%AA%D8%B5%D8%A7%D8%AF%D9%8A%D8%A9-%D9%85%D9%86%D8%AA%D8%AC-%D9%85%D9%86-%D8%AD%D9%8A%D8%AB-%D8%A7%D9%84%D8%B7%D9%84%D8%A8-%D9%88%D8%A7%D9%84%D8%B9%D8%B1%D8%B6-%D9%88%D9%88%D8%B6%D8%B9-%D8%A7%D9%84%D8%B3%D9%88%D9%82
403 Forbidden,Non trouvé,Non trouvé,Non trouvé,Aucun avis,Inconnu,Inconnu,Aucun tag,https://khamsat.com/business/file-conversion/1673606-%D8%B5%D9%81%D8%AD%D8%AA%D9%8A%D9%86-%D9%84%D9%86%D9%82%D9%84-%D8%A7%D9%84%D9%86%D8%B5-%D9%85%D9%86pdf-%D8%A5%D9%84%D9%89-word
403 Forbidden,Non trouvé,Non trouvé,Non trouvé,Aucun avis,Inconnu,Inconnu,Aucun tag,https://khamsat.com/business/erp/3056820-%D8%A5%D8%B3%D8%AA%D8%B4%D8%A7%D8%B1%D8%A7%D8%AA-%D8%AD%D9%88%D9%84-%D9%86%D8%B8%D8%A7%D9%85-%D8%A3%D9%88%D8%AF%D9%88-odoo
403 Forbidden,Non trouvé,Non trouvé,Non trouvé,Aucun avis,Inconnu,Inconnu,Aucun tag,https://khamsat.com/business/accounting-bookkeeping/2190216-%D8%A5%D8%B9%D8%AF%D8%A7%D8%AF-%D8%A7%D9%84%D9%82%D9%88%D8%A7%D8%A6%D9%85-%D8%A7%D9%84%D9%85%D8%A7%D9%84%D9%8A%D8%A9-%D8%A7%D9%84%D9%85%D9%8A%D8%B2%D8%A7%D9%86%D9%8A%D8%A9-%D9%88%D9%81%D9%82%D8%A7-%D9%84%D9%84%D9%85%D8%B9%D8%A7%D9%8A%D9%8A%D8%B1-%D8%A7%D9%84%D8%AF%D9%88%D9%84%D9%8A%D8%A9
403 Forbidden,Non trouvé,Non trouvé,Non trouvé,Aucun avis,Inconnu,Inconnu,Aucun tag,https://khamsat.com/business/feasibility-study/2005872-%D8%AF%D8%B1%D8%A7%D8%B3%D8%A9-%D8%AC%D8%AF%D9%88%D9%8A-%D9%85%D8%AD%D8%AA%D8%B1%D9%81%D8%A9-%D9%84%D9%84%D9%85%D8%B4%D8%A7%D8%B1%D9%8A%D8%B9-%D8%A7%D9%84%D8%B2%D8%B1%D8%A7%D8%B9%D9%8A%D8%A9
403 Forbidden,Non trouvé,Non trouvé,Non trouvé,Aucun avis,Inconnu,Inconnu,Aucun tag,https://khamsat.com/business/erp/3152713-%D8%AA%D8%B5%D9%85%D9%8A%D9%85-%D8%A8%D8%B1%D9%86%D8%A7%D9%85%D8%AC-%D9%85%D8%AD%D8%A7%D8%B3%D8%A8%D9%89-%D9%85%D8%AA%D9%83%D8%A7%D9%85%D9%84-%D8%B9%D9%86-%D8%B7%D8%B1%D9%8A%D9%82-%D8%A7%D9%84%D8%A7%D9%83%D8%B3%D9%84
403 Forbidden,Non trouvé,Non trouvé,Non trouvé,Aucun avis,Inconnu,Inconnu,Aucun tag,https://khamsat.com/business/file-conversion/2786883-%D8%AA%D8%AD%D9%88%D9%8A%D9%84-%D9%88%D8%AA%D9%81%D8%B1%D9%8A%D8%BA-%D8%A7%D9%84%D9%85%D9%84%D9%81%D8%A7%D8%AA-%D9%85%D9%86-pdf-%D9%88%D8%B5%D9%88%D8%B1-%D8%A5%D9%84%D9%89-%D9%85%D9%84%D9%81%D8%A7%D8%AA-word-%D9%82%D8%A7%D8%A8%D9%84%D8%A9-%D9%84%D9%84%D8%AA%D8%B9%D8%AF%D9%8A
403 Forbidden,Non trouvé,Non trouvé,Non trouvé,Aucun avis,Inconnu,Inconnu,Aucun tag,https://khamsat.com/business/financial-statements/3278784-%D8%A7%D8%B9%D8%AF%D8%A7%D8%AF-%D8%A7%D9%84%D9%82%D9%88%D8%A7%D8%A6%D9%85-%D8%A7%D9%84%D9%85%D8%A7%D9%84%D9%8A%D9%87-%D9%88%D8%A7%D9%84%D8%AA%D8%AD%D9%84%D9%8A%D9%84%D8%A7%D8%AA-%D9%88%D8%A7%D9%84%D8%AA%D9%82%D8%A7%D8%B1%D9%8A%D8%B1-%D8%A7%D9%84%D9%85%D8%A7%D9%84%D9%8A%D9%87
403 Forbidden,Non trouvé,Non trouvé,Non trouvé,Aucun avis,Inconnu,Inconnu,Aucun tag,https://khamsat.com/business/feasibility-study/2005858-%D8%AF%D8%B1%D8%A7%D8%B3%D8%A9-%D8%AC%D8%AF%D9%88%D9%8A-%D9%85%D8%AA%D9%85%D9%8A%D8%B2%D8%A9-%D9%84%D9%84%D9%85%D8%B4%D8%A7%D8%B1%D9%8A%D8%B9-%D8%A7%D9%84%D8%A7%D9%84%D9%83%D8%AA%D8%B1%D9%88%D9%86%D9%8A%D8%A9
403 Forbidden,Non trouvé,Non trouvé,Non trouvé,Aucun avis,Inconnu,Inconnu,Aucun tag,https://khamsat.com/business/file-conversion/2875651-%D8%AA%D8%AD%D9%88%D9%8A%D9%84-%D9%85%D9%84%D9%81%D8%A7%D8%AA-pdf-%D8%A5%D9%84%D9%8A-%D9%85%D9%84%D9%81%D8%A7%D8%AA-word-%D9%88%D8%A7%D9%84%D8%B9%D9%83%D8%B3
403 Forbidden,Non trouvé,Non trouvé,Non trouvé,Aucun avis,Inconnu,Inconnu,Aucun tag,https://khamsat.com/business/erp/3394704-%D8%AA%D8%AE%D8%B5%D9%8A%D8%B5-%D9%88%D8%AA%D8%B7%D9%88%D9%8A%D8%B1-%D8%AA%D9%82%D8%A7%D8%B1%D9%8A%D8%B1-odoo-%D8%AD%D8%B3%D8%A8-%D8%B7%D9%84%D8%A8%D9%83-%D8%A8%D8%AF%D9%82%D8%A9-%D9%88%D8%A7%D8%AD%D8%AA%D8%B1%D8%A7%D9%81%D9%8A%D8%A9
403 Forbidden,Non trouvé,Non trouvé,Non trouvé,Aucun avis,Inconnu,Inconnu,Aucun tag,https://khamsat.com/business/financial-statements/2531862-%D9%85%D8%AD%D8%A7%D8%B3%D8%A8%D8%A9-%D8%A7%D9%84%D9%82%D9%88%D8%A7%D8%A6%D9%85-%D8%A7%D9%84%D9%85%D8%A7%D9%84%D9%8A%D8%A9-%D9%88%D8%A7%D9%84%D8%AA%D9%82%D8%A7%D8%B1%D9%8A%D8%B1-%D9%85%D8%AD%D8%A7%D8%B3%D8%A8-%D8%B9%D9%86-%D8%A8%D8%B9%D8%AF-%D9%84%D8%AA%D9%86%D8%B8%D9%8A%D9%85-%D8%A7%D8%B9%D9%85%D8%A7%D9%84%D9%83
403 Forbidden,Non trouvé,Non trouvé,Non trouvé,Aucun avis,Inconnu,Inconnu,Aucun tag,https://khamsat.com/business/feasibility-study/2005898-%D8%AF%D8%B1%D8%A7%D8%B3%D8%A9-%D8%AC%D8%AF%D9%88%D9%8A-%D9%84%D9%85%D8%B4%D8%B1%D9%88%D8%B9%D9%83-%D8%A7%D9%84%D8%B5%D9%86%D8%A7%D8%B9%D9%8A
403 Forbidden,Non trouvé,Non trouvé,Non trouvé,Aucun avis,Inconnu,Inconnu,Aucun tag,https://khamsat.com/business/file-conversion/3837960-%D8%AA%D8%AD%D9%88%D9%8A%D9%84-%D9%85%D9%84%D9%81%D8%A7%D8%AA-pdf-%D8%A5%D9%84%D9%89-word-%D8%A8%D8%A7%D8%AD%D8%AA%D8%B1%D8%A7%D9%81%D9%8A%D8%A9-%D9%88%D8%AF%D9%82%D8%A9-%D8%B9%D8%A7%D9%84%D9%8A%D8%A9
403 Forbidden,Non trouvé,Non trouvé,Non trouvé,Aucun avis,Inconnu,Inconnu,Aucun tag,https://khamsat.com/business/erp/2735233-%D8%A5%D8%AF%D8%A7%D8%B1%D8%A9-%D8%AD%D8%B3%D8%A7%D8%A8%D8%A7%D8%AA-%D8%A7%D9%84%D9%85%D9%86%D8%B4%D8%A3%D8%AA-%D9%88%D8%AA%D8%AD%D8%AF%D9%8A%D8%AF-%D8%A7%D9%84%D8%A7%D8%B1%D8%A8%D8%A7%D8%AD-%D9%88%D8%A7%D9%84%D8%AE%D8%B3%D8%A7%D8%A6%D8%B1-%D9%88-%D8%A7%D9%84%D9%85%D9%88%D9%82%D9%81-%D8%A7%D9%84%D9%85%D8%A7%D9%84%D9%8A
403 Forbidden,Non trouvé,Non trouvé,Non trouvé,Aucun avis,Inconnu,Inconnu,Aucun tag,https://khamsat.com/business/financial-statements/2003283-%D8%AA%D8%AD%D9%84%D9%8A%D9%84-%D9%85%D8%A7%D9%84%D9%8A-%D9%84%D9%84%D9%82%D9%88%D8%A7%D8%A6%D9%85-%D8%A7%D9%84%D9%85%D8%A7%D9%84%D9%8A%D8%A9
403 Forbidden,Non trouvé,Non trouvé,Non trouvé,Aucun avis,Inconnu,Inconnu,Aucun tag,https://khamsat.com/business/feasibility-study/2144875-%D8%AF%D8%B1%D8%A7%D8%B3%D8%A9-%D8%AC%D8%AF%D9%88%D9%89-%D8%B9%D9%84%D9%89-%D8%B4%D9%83%D9%84-%D9%83%D8%AA%D8%A7%D8%A8-%D9%87%D8%A7%D9%8A%D8%A8%D8%B1-%D9%85%D8%A7%D8%B1%D9%83%D8%AA-%D8%A8%D8%A7%D9%84%D8%B3%D8%B9%D9%88%D8%AF%D9%8A%D8%A9
403 Forbidden,Non trouvé,Non trouvé,Non trouvé,Aucun avis,Inconnu,Inconnu,Aucun tag,https://khamsat.com/business/file-conversion/3580728-%D8%AA%D8%AD%D9%88%D9%8A%D9%84-%D9%85%D9%84%D9%81%D8%A7%D8%AA-pdf-%D8%A5%D9%84%D9%89-word-%D8%A8%D8%AF%D9%82%D8%A9-%D9%88%D8%A7%D8%AD%D8%AA%D8%B1%D8%A7%D9%81%D9%8A%D8%A9
403 Forbidden,Non trouvé,Non trouvé,Non trouvé,Aucun avis,Inconnu,Inconnu,Aucun tag,https://khamsat.com/business/erp/3168290-%D8%A7%D9%84%D8%B9%D9%85%D9%84-%D8%B9%D9%84%D9%89-%D8%A8%D8%B1%D9%86%D8%A7%D9%85%D8%AC-%D9%82%D9%8A%D9%88%D8%AF-%D8%A7%D9%84%D8%B3%D8%AD%D8%A7%D8%A8%D9%8A-%D9%84%D9%84%D9%85%D8%AD%D8%A7%D8%B3%D8%A8%D8%A9
403 Forbidden,Non trouvé,Non trouvé,Non trouvé,Aucun avis,Inconnu,Inconnu,Aucun tag,https://khamsat.com/business/financial-statements/2459555-%D9%85%D8%AD%D8%A7%D8%B3%D8%A8%D8%A9-%D9%88%D8%A5%D8%B9%D8%AF%D8%A7%D8%AF-%D8%A7%D9%84%D9%82%D9%88%D8%A7%D8%A6%D9%85-%D8%A7%D9%84%D9%85%D8%A7%D9%84%D9%8A%D8%A9
403 Forbidden,Non trouvé,Non trouvé,Non trouvé,Aucun avis,Inconnu,Inconnu,Aucun tag,https://khamsat.com/business/feasibility-study/1694962-%D8%AF%D8%B1%D8%A7%D8%B3%D8%A9-%D8%AC%D8%AF%D9%88%D9%89-%D9%85%D8%B4%D8%B1%D9%88%D8%B9-%D9%87%D8%A7%D9%8A%D8%A8%D8%B1-%D9%85%D8%A7%D8%B1%D9%83%D8%AA-%D8%A8%D8%A7%D9%84%D9%85%D9%85%D9%84%D9%83%D8%A9-%D8%A7%D9%84%D8%B9%D8%B1%D8%A8%D9%8A%D8%A9-%D8%A7%D9%84%D8%B3%D8%B9%D9%88%D8%AF%D9%8A%D8%A9
403 Forbidden,Non trouvé,Non trouvé,Non trouvé,Aucun avis,Inconnu,Inconnu,Aucun tag,https://khamsat.com/business/erp/3448639-%D8%A5%D9%86%D8%B4%D8%A7%D8%A1-%D8%A3%D9%88-%D8%AA%D8%B9%D8%AF%D9%8A%D9%84-%D9%88%D8%AD%D8%AF%D8%A9-module-%D8%AF%D8%A7%D8%AE%D9%84-%D9%86%D8%B8%D8%A7%D9%85-odoo-%D8%AD%D8%B3%D8%A8-%D8%B7%D9%84%D8%A8%D9%83
403 Forbidden,Non trouvé,Non trouvé,Non trouvé,Aucun avis,Inconnu,Inconnu,Aucun tag,https://khamsat.com/business/file-conversion/3759028-%D8%B3%D8%A3%D9%82%D9%88%D9%85-%D8%A8%D8%AA%D8%AD%D9%88%D9%8A%D9%84-%D8%AC%D8%AF%D8%A7%D9%88%D9%84-word-%D8%A5%D9%84%D9%89-excel-%D9%85%D8%B9-%D8%A7%D9%84%D8%AD%D9%81%D8%A7%D8%B8-%D8%A7%D9%84%D9%83%D8%A7%D9%85%D9%84-%D8%B9%D9%84%D9%89-%D8%A7%D9%84%D8%AA%D9%86%D8%B3%D9%8A%D9%82
403 Forbidden,Non trouvé,Non trouvé,Non trouvé,Aucun avis,Inconnu,Inconnu,Aucun tag,https://khamsat.com/business/financial-statements/2639791-%D8%AA%D8%AD%D9%84%D9%8A%D9%84-%D9%85%D8%A7%D9%84%D9%8A-%D9%84%D9%84%D9%82%D9%88%D8%A7%D8%A6%D9%85-%D8%A7%D9%84%D9%85%D8%A7%D9%84%D9%8A%D8%A9-%D8%B9%D9%85%D9%88%D8%AF%D9%8A-%D8%A3%D9%81%D9%82%D9%8A
403 Forbidden,Non trouvé,Non trouvé,Non trouvé,Aucun avis,Inconnu,Inconnu,Aucun tag,https://khamsat.com/business/feasibility-study/1772821-%D8%AF%D8%B1%D8%A7%D8%B3%D8%A9-%D8%AC%D8%AF%D9%88%D9%89-%D9%85%D8%B4%D8%B1%D9%88%D8%B9-%D9%83%D8%B4%D9%83-%D8%A7%D9%84%D9%82%D9%87%D9%88%D8%A9-%D8%A8%D8%A7%D9%84%D9%85%D9%85%D9%84%D9%83%D8%A9-%D8%A7%D9%84%D8%B9%D8%B1%D8%A8%D9%8A%D8%A9-%D8%A7%D9%84%D8%B3%D8%B9%D9%88%D8%AF%D9%8A%D8%A9
403 Forbidden,Non trouvé,Non trouvé,Non trouvé,Aucun avis,Inconnu,Inconnu,Aucun tag,https://khamsat.com/business/erp/2985106-%D8%A5%D8%AF%D8%AE%D8%A7%D9%84-%D9%81%D9%88%D8%A7%D8%AA%D9%8A%D8%B1-%D9%85%D8%A8%D9%8A%D8%B9%D8%A7%D8%AA-%D9%85%D8%B4%D8%AA%D8%B1%D9%8A%D8%A7%D8%AA-%D9%85%D8%B5%D8%A7%D8%B1%D9%8A%D9%81-%D9%82%D9%8A%D9%88%D8%AF-zoho-book
403 Forbidden,Non trouvé,Non trouvé,Non trouvé,Aucun avis,Inconnu,Inconnu,Aucun tag,https://khamsat.com/business/file-conversion/2409282-%D8%AA%D8%AD%D9%88%D9%8A%D9%84-%D9%85%D9%84%D9%81%D8%A7%D8%AA-dwg-%D8%A5%D9%84%D9%8A-pdf-%D9%88-%D8%A7%D9%84%D8%B9%D9%83%D8%B3
403 Forbidden,Non trouvé,Non trouvé,Non trouvé,Aucun avis,Inconnu,Inconnu,Aucun tag,https://khamsat.com/business/financial-statements/1878384-%D8%AA%D8%AD%D9%84%D9%8A%D9%84-%D8%A7%D9%84%D9%82%D9%88%D8%A7%D8%A6%D9%85-%D8%A7%D9%84%D9%85%D8%A7%D9%84%D9%8A%D8%A9-%D9%88%D8%A7%D9%87%D9%85-%D8%A7%D9%84%D9%86%D8%B3%D8%A8-%D9%88%D8%A7%D9%84%D9%85%D8%A4%D8%B4%D8%B1%D8%A7%D8%AA
403 Forbidden,Non trouvé,Non trouvé,Non trouvé,Aucun avis,Inconnu,Inconnu,Aucun tag,https://khamsat.com/business/feasibility-study/3093597-%D8%AF%D8%B1%D8%A7%D8%B3%D8%A9-%D8%AC%D8%AF%D9%88%D9%89-%D9%85%D8%B4%D8%B1%D9%88%D8%B9-%D9%88%D8%B1%D8%B4%D8%A9-%D8%AA%D8%B4%D9%83%D9%8A%D9%84-%D9%85%D8%B9%D8%A7%D8%AF%D9%86-%D8%A8%D8%A7%D9%84%D8%B3%D8%B9%D9%88%D8%AF%D9%8A%D8%A9
403 Forbidden,Non trouvé,Non trouvé,Non trouvé,Aucun avis,Inconnu,Inconnu,Aucun tag,https://khamsat.com/business/erp/3076017-%D8%AA%D8%B5%D9%85%D9%8A%D9%85-%D8%A8%D8%B1%D9%86%D8%A7%D9%85%D8%AC-%D9%85%D8%AD%D8%A7%D8%B3%D8%A8%D9%8A-%D9%85%D8%AA%D9%83%D8%A7%D9%85%D9%84-%D8%A8%D8%A7%D8%B3%D8%AA%D8%AE%D8%AF%D8%A7%D9%85-%D8%A5%D9%83%D8%B3%D9%84-excel
403 Forbidden,Non trouvé,Non trouvé,Non trouvé,Aucun avis,Inconnu,Inconnu,Aucun tag,https://khamsat.com/business/file-conversion/2517559-%D8%AA%D8%AD%D9%88%D9%8A%D9%84-%D8%B5%D9%81%D8%AD%D8%A7%D8%AA-%D8%A7%D9%84%D9%88%D9%8A%D8%A8-%D8%A7%D9%84%D9%89-%D9%85%D9%84%D9%81-pdf
403 Forbidden,Non trouvé,Non trouvé,Non trouvé,Aucun avis,Inconnu,Inconnu,Aucun tag,https://khamsat.com/business/financial-statements/1740232-%D9%85%D8%B1%D8%A7%D8%AC%D8%B9%D8%A9-%D8%A7%D9%84%D8%A8%D9%8A%D8%A7%D9%86%D8%A7%D8%AA-%D8%A7%D9%84%D9%85%D8%A7%D9%84%D9%8A%D8%A9-%D9%88%D9%85%D8%B9%D8%A7%D9%84%D8%AC%D8%AA%D9%87%D8%A7-%D9%88%D8%A7%D8%B5%D8%AF%D8%A7%D8%B1-%D8%A7%D9%84%D9%82%D9%88%D8%A7%D8%A6%D9%85-%D8%A7%D9%84%D9%85%D8%A7%D9%84%D9%8A%D8%A9
403 Forbidden,Non trouvé,Non trouvé,Non trouvé,Aucun avis,Inconnu,Inconnu,Aucun tag,https://khamsat.com/business/feasibility-study/3096339-%D8%AF%D8%B1%D8%A7%D8%B3%D8%A9-%D8%AC%D8%AF%D9%88%D9%89-%D8%A7%D9%86%D8%B4%D8%A7%D8%A1-%D8%B9%D9%85%D9%84%D8%A9-%D8%B1%D9%82%D9%85%D9%8A%D8%A9
403 Forbidden,Non trouvé,Non trouvé,Non trouvé,Aucun avis,Inconnu,Inconnu,Aucun tag,https://khamsat.com/business/erp/2327067-%D8%AA%D8%AD%D9%84%D9%8A%D9%84%D8%A7%D8%AA-%D9%85%D8%A7%D9%84%D9%8A%D8%A9-%D8%A8%D8%A7%D8%B3%D8%AA%D8%AE%D8%AF%D8%A7%D9%85-%D8%A7%D9%84%D8%A7%D9%83%D8%B3%D9%8A%D9%84-excel
403 Forbidden,Non trouvé,Non trouvé,Non trouvé,Aucun avis,Inconnu,Inconnu,Aucun tag,https://khamsat.com/business/file-conversion/3701897-%D8%AA%D8%AD%D9%88%D9%8A%D9%84-%D8%A3%D9%8A-%D9%85%D9%84%D9%81-pdf-%D8%A5%D9%84%D9%89-%D9%85%D9%84%D9%81-word-%D8%A8%D8%AF%D9%82%D8%A9-%D9%88%D8%A7%D8%AD%D8%AA%D8%B1%D8%A7%D9%81%D9%8A%D8%A9
403 Forbidden,Non trouvé,Non trouvé,Non trouvé,Aucun avis,Inconnu,Inconnu,Aucun tag,https://khamsat.com/business/financial-statements/2233394-%D8%A5%D8%B9%D8%AF%D8%A7%D8%AF-%D8%B4%D8%AC%D8%B1%D8%A9-%D8%A7%D9%84%D8%AD%D8%B3%D8%A7%D8%A8%D8%A7%D8%AA-%D9%84%D8%B9%D9%85%D9%84%D9%83-%D8%A7%D9%84%D8%AA%D8%AC%D8%A7%D8%B1%D9%8A
403 Forbidden,Non trouvé,Non trouvé,Non trouvé,Aucun avis,Inconnu,Inconnu,Aucun tag,https://khamsat.com/business/feasibility-study/2013940-%D8%AF%D9%84%D9%8A%D9%84-%D8%A7%D8%B9%D8%AF%D8%A7%D8%AF-%D8%AF%D8%B1%D8%A7%D8%B3%D8%A9-%D8%AC%D8%AF%D9%88%D9%8A-%D8%B9%D9%85%D9%84%D9%8A-%D9%85%D8%B9-%D8%A7%D9%84%D8%A7%D8%B1%D9%82%D8%A7%D9%85
403 Forbidden,Non trouvé,Non trouvé,Non trouvé,Aucun avis,Inconnu,Inconnu,Aucun tag,https://khamsat.com/business/erp/1994437-%D8%A7%D9%84%D8%B9%D9%85%D9%84-%D8%B9%D9%84%D9%89-%D8%A8%D8%B1%D9%86%D8%A7%D9%85%D8%AC-%D8%B2%D9%88%D9%87%D9%88-%D8%A7%D9%84%D9%85%D8%AD%D8%A7%D8%B3%D8%A8%D9%8A
403 Forbidden,Non trouvé,Non trouvé,Non trouvé,Aucun avis,Inconnu,Inconnu,Aucun tag,https://khamsat.com/business/file-conversion/2904994-%D8%AA%D8%AD%D9%88%D9%8A%D9%84-%D9%85%D9%84%D9%81%D8%A7%D8%AA-pdf-%D8%A5%D9%84%D9%89-word-%D9%88%D8%A7%D9%84%D8%B9%D9%83%D8%B3-%D8%A8%D8%AC%D9%88%D8%AF%D8%A9-%D9%88%D8%A7%D8%AD%D8%AA%D8%B1%D8%A7%D9%81%D9%8A%D8%A9
403 Forbidden,Non trouvé,Non trouvé,Non trouvé,Aucun avis,Inconnu,Inconnu,Aucun tag,https://khamsat.com/business/financial-statements/3083651-%D9%85%D8%AD%D8%A7%D8%B3%D8%A8%D8%A9-%D9%85%D8%A7%D9%84%D9%8A%D8%A9-%D8%B4%D8%A7%D9%85%D9%84%D8%A9-%D8%AA%D9%82%D8%A7%D8%B1%D9%8A%D8%B1-%D8%A7%D8%AF%D8%AE%D8%A7%D9%84
403 Forbidden,Non trouvé,Non trouvé,Non trouvé,Aucun avis,Inconnu,Inconnu,Aucun tag,https://khamsat.com/business/feasibility-study/3094159-%D8%AF%D8%B1%D8%A7%D8%B3%D8%A9-%D8%AC%D8%AF%D9%88%D9%89-%D9%85%D8%B5%D9%86%D8%B9-%D8%AA%D8%B4%D9%8A%D9%83%D9%84-%D8%A7%D9%84%D9%88%D9%85%D9%86%D9%8A%D9%88%D9%85
403 Forbidden,Non trouvé,Non trouvé,Non trouvé,Aucun avis,Inconnu,Inconnu,Aucun tag,https://khamsat.com/business/erp/2921162-mrp-%D8%AA%D8%AE%D8%B7%D9%8A%D8%B7-%D8%A7%D8%AD%D8%AA%D9%8A%D8%A7%D8%AC%D8%A7%D8%AA-%D8%A7%D9%84%D9%85%D9%88%D8%A7%D8%AF
403 Forbidden,Non trouvé,Non trouvé,Non trouvé,Aucun avis,Inconnu,Inconnu,Aucun tag,https://khamsat.com/business/file-conversion/3651941-%D8%AA%D8%AD%D9%88%D9%8A%D9%84-%D8%A7%D9%84%D9%85%D9%84%D9%81%D8%A7%D8%AA-%D8%A8%D8%B3%D8%B1%D8%B9%D8%A9-%D9%88%D8%A7%D8%AD%D8%AA%D8%B1%D8%A7%D9%81%D9%8A%D8%A9-word-pdf-excel
403 Forbidden,Non trouvé,Non trouvé,Non trouvé,Aucun avis,Inconnu,Inconnu,Aucun tag,https://khamsat.com/business/financial-statements/3052568-%D9%85%D8%AD%D8%A7%D8%B3%D8%A8%D8%A9-%D9%85%D8%A7%D9%84%D9%8A%D8%A9-%D8%B9%D9%86-%D8%A8%D8%B9%D8%AF-%D9%84%D8%AA%D9%86%D8%B8%D9%8A%D9%85-%D8%A7%D9%84%D8%A7%D9%85%D9%88%D8%B1-%D8%A7%D9%84%D9%85%D8%A7%D9%84%D9%8A%D8%A9
403 Forbidden,Non trouvé,Non trouvé,Non trouvé,Aucun avis,Inconnu,Inconnu,Aucun tag,https://khamsat.com/business/tax/2355704-%D8%A5%D8%B9%D8%AF%D8%A7%D8%AF-%D8%A7%D9%84%D8%A5%D9%82%D8%B1%D8%A7%D8%B1-%D8%A7%D9%84%D8%B6%D8%B1%D9%8A%D8%A8%D9%8A-%D8%A8%D8%B4%D9%83%D9%84-%D8%B1%D8%A8%D8%B9-%D8%B3%D9%86%D9%88%D9%8A
403 Forbidden,Non trouvé,Non trouvé,Non trouvé,Aucun avis,Inconnu,Inconnu,Aucun tag,https://khamsat.com/business/erp/2083221-%D8%A7%D9%84%D8%B9%D9%85%D9%84-%D8%B9%D9%84%D9%89-%D8%A8%D8%B1%D9%86%D8%A7%D9%85%D8%AC-%D8%AF%D9%81%D8%AA%D8%B1%D8%A9-%D8%A7%D9%84%D9%85%D8%AD%D8%A7%D8%B3%D8%A8%D9%8A
403 Forbidden,Non trouvé,Non trouvé,Non trouvé,Aucun avis,Inconnu,Inconnu,Aucun tag,https://khamsat.com/business/file-conversion/3836129-%D8%AA%D8%AD%D9%88%D9%8A%D9%84-%D9%85%D9%84%D9%81-pdf-%D8%A7%D9%84%D9%8A-word-%D9%88%D8%A7%D9%84%D8%B9%D9%83%D8%B3
403 Forbidden,Non trouvé,Non trouvé,Non trouvé,Aucun avis,Inconnu,Inconnu,Aucun tag,https://khamsat.com/business/financial-statements/2836715-%D8%A5%D8%B9%D8%AF%D8%A7%D8%AF-%D8%A7%D9%84%D9%82%D9%88%D8%A7%D8%A6%D9%85-%D8%A7%D9%84%D9%85%D8%A7%D9%84%D9%8A%D8%A9-%D9%84%D9%84%D8%B4%D8%B1%D9%83%D8%A7%D8%AA-%D8%A8%D8%B4%D9%83%D9%84-%D9%82%D8%A7%D9%86%D9%88%D9%86%D9%8A-%D9%88%D8%A7%D8%AD%D8%AA%D8%B1%D8%A7%D9%81%D9%8A
403 Forbidden,Non trouvé,Non trouvé,Non trouvé,Aucun avis,Inconnu,Inconnu,Aucun tag,https://khamsat.com/business/financial-consulting/3670406-%D8%A7%D8%B4%D8%B1%D8%A7%D9%81-%D9%85%D8%A7%D9%84%D9%8A-%D8%B9%D9%84%D9%89-%D9%81%D8%B1%D9%8A%D9%82-%D8%A7%D9%84%D8%AD%D8%B3%D8%A7%D8%A8%D8%A7%D8%AA-%D8%A8%D9%86%D8%B4%D8%A7%D8%B7%D9%83
403 Forbidden,Non trouvé,Non trouvé,Non trouvé,Aucun avis,Inconnu,Inconnu,Aucun tag,https://khamsat.com/business/erp/3422078-%D9%86%D8%B8%D8%A7%D9%85-excel-%D8%A7%D8%AD%D8%AA%D8%B1%D8%A7%D9%81%D9%8A-%D9%84%D8%A5%D8%AF%D8%A7%D8%B1%D8%A9-%D8%A7%D9%84%D8%B9%D9%85%D9%84%D8%A7%D8%A1-%D9%88%D8%A7%D9%84%D9%81%D9%88%D8%A7%D8%AA%D9%8A%D8%B1-%D9%88%D8%A7%D9%84%D8%AA%D8%AD%D8%B5%D9%8A%D9%84%D8%A7%D8%AA
403 Forbidden,Non trouvé,Non trouvé,Non trouvé,Aucun avis,Inconnu,Inconnu,Aucun tag,https://khamsat.com/business/file-conversion/3856904-%D8%AA%D8%B5%D8%A7%D9%85%D9%8A%D9%85-%D8%B9%D9%84%D9%8A-canva-microsoft-office%D9%83%D8%AA%D8%A7%D8%A8%D8%A9-%D9%83%D8%AA%D8%A8-%D9%88%D9%85%D8%B0%D9%83%D8%B1%D8%A7%D8%AA
403 Forbidden,Non trouvé,Non trouvé,Non trouvé,Aucun avis,Inconnu,Inconnu,Aucun tag,https://khamsat.com/business/financial-statements/2455123-%D8%AA%D8%B5%D9%85%D9%8A%D9%85-%D8%A8%D8%B1%D8%A7%D9%85%D8%AC-%D9%85%D8%AD%D8%A7%D8%B3%D8%A8%D9%8A%D9%87-%D8%A8%D8%A7%D8%B3%D8%AA%D8%AE%D8%AF%D8%A7%D9%85-%D8%A7%D9%84%D8%A7%D9%83%D8%B3%D9%8A%D9%84-%D9%88%D8%A7%D8%B9%D8%AF%D8%A7%D8%AF-%D8%A7%D9%84%D9%82%D9%88%D8%A7%D8%A6%D9%85-%D8%A7%D9%84%D9%85%D8%A7%D9%84%D9%8A%D8%A9
403 Forbidden,Non trouvé,Non trouvé,Non trouvé,Aucun avis,Inconnu,Inconnu,Aucun tag,https://khamsat.com/business/tax/2580145-%D8%A7%D8%B3%D8%AA%D8%B4%D8%A7%D8%B1%D8%A7%D8%AA-%D9%81%D9%8A-%D8%B6%D8%B1%D9%8A%D8%A8%D8%A9-%D8%A7%D9%84%D9%82%D9%8A%D9%85%D8%A9-%D8%A7%D9%84%D9%85%D8%B6%D8%A7%D9%81%D8%A9
403 Forbidden,Non trouvé,Non trouvé,Non trouvé,Aucun avis,Inconnu,Inconnu,Aucun tag,https://khamsat.com/business/erp/2026122-%D8%AA%D8%B7%D9%88%D9%8A%D8%B1-%D9%85%D9%88%D8%AF%D9%8A%D9%84-%D8%A7%D9%88%D8%AF%D9%88-%D8%B9%D9%84%D9%89-%D8%AD%D8%B3%D8%A8-%D8%A7%D9%84%D9%85%D8%AA%D8%B7%D9%84%D8%A8%D8%A7%D8%AA
403 Forbidden,Non trouvé,Non trouvé,Non trouvé,Aucun avis,Inconnu,Inconnu,Aucun tag,https://khamsat.com/business/file-conversion/2315780-%D8%AA%D8%AD%D9%88%D9%8A%D9%84-%D8%A7%D9%88-%D9%83%D8%AA%D8%A7%D8%A8%D8%A9-%D9%85%D9%84%D9%81%D8%A7%D8%AA-pdf-%D8%A5%D9%84%D9%89-word
403 Forbidden,Non trouvé,Non trouvé,Non trouvé,Aucun avis,Inconnu,Inconnu,Aucun tag,https://khamsat.com/business/financial-consulting/3857336-%D8%A7%D8%B9%D8%AF%D8%A7%D8%AF-%D8%AF%D9%84%D9%8A%D9%84-%D8%AD%D8%B3%D8%A7%D8%A8%D8%A7%D8%AA-%D9%84%D9%84%D8%B4%D8%B1%D9%83%D8%A7%D8%AA-%D8%A7%D9%84%D8%B5%D9%86%D8%A7%D8%B9%D8%A9-%D9%88-%D8%A7%D9%84%D8%AA%D8%AC%D8%A7%D8%B1%D9%8A%D8%A9-%D9%88-%D8%A7%D9%84%D9%85%D9%82%D8%A7%D9%88%D9%84%D8%A7%D8%AA
403 Forbidden,Non trouvé,Non trouvé,Non trouvé,Aucun avis,Inconnu,Inconnu,Aucun tag,https://khamsat.com/business/financial-statements/2561227-%D9%85%D8%AD%D8%A7%D8%B3%D8%A8%D8%A9-%D9%88%D8%A7%D8%B9%D8%AF%D8%A7%D8%AF-%D8%A7%D9%84%D9%82%D9%88%D8%A7%D8%A6%D9%85-%D8%A7%D9%84%D9%85%D8%A7%D9%84%D9%8A%D8%A9-%D8%B9%D9%84%D9%89-%D8%A7%D9%83%D8%B3%D9%84
403 Forbidden,Non trouvé,Non trouvé,Non trouvé,Aucun avis,Inconnu,Inconnu,Aucun tag,https://khamsat.com/business/file-conversion/3762568-%D8%AA%D8%AD%D9%88%D9%8A%D9%84-%D9%85%D9%84%D9%81%D8%A7%D8%AA-pdf-%D8%A5%D9%84%D9%89-word-%D8%A8%D8%AF%D9%82%D8%A9-%D8%B9%D8%A7%D9%84%D9%8A%D8%A9-%D9%85%D8%B9-%D8%A7%D9%84%D8%AD%D9%81%D8%A7%D8%B8-%D8%B9%D9%84%D9%89-%D8%A7%D9%84%D8%AA%D9%86%D8%B3%D9%8A%D9%82
403 Forbidden,Non trouvé,Non trouvé,Non trouvé,Aucun avis,Inconnu,Inconnu,Aucun tag,https://khamsat.com/business/erp/2031517-%D8%A7%D9%84%D9%82%D9%8A%D8%A7%D9%85-%D8%A8%D8%A3%D9%8A-%D8%AA%D8%B9%D8%AF%D9%8A%D9%84-%D8%B9%D9%84%D9%89-%D8%A3%D9%8A-%D9%85%D8%AF%D9%8A%D9%88%D9%84-%D8%A3%D9%88%D8%AF%D9%88-odoo
403 Forbidden,Non trouvé,Non trouvé,Non trouvé,Aucun avis,Inconnu,Inconnu,Aucun tag,https://khamsat.com/business/financial-statements/2605776-%D9%85%D8%AD%D8%A7%D8%B3%D8%A8-%D8%AE%D8%A8%D8%B1%D8%A9-%D9%84%D8%A7%D8%B9%D8%AF%D8%A7%D8%AF-%D8%A7%D9%84%D9%82%D9%8A%D9%88%D8%AF-%D9%88%D8%A7%D9%84%D9%85%D9%8A%D8%B2%D8%A7%D9%86-%D9%88%D8%A7%D9%84%D9%82%D9%88%D8%A7%D8%A6%D9%85-%D8%A7%D9%84%D9%85%D8%A7%D9%84%D9%8A%D8%A9-%D9%84%D8%B9%D9%85%D9%84%D9%83
403 Forbidden,Non trouvé,Non trouvé,Non trouvé,Aucun avis,Inconnu,Inconnu,Aucun tag,https://khamsat.com/business/financial-analysis/3674471-%D8%A5%D8%B9%D8%AF%D8%A7%D8%AF-%D8%AA%D8%AD%D9%84%D9%8A%D9%84-%D9%85%D8%A7%D9%84%D9%8A-%D9%84%D8%A3%D8%AF%D8%A7%D8%A1-%D8%B4%D8%B1%D9%83%D8%AA%D9%83-%D8%A3%D9%88-%D9%85%D8%AA%D8%AC%D8%B1%D9%83-%D8%A7%D9%84%D8%A5%D9%84%D9%83%D8%AA%D8%B1%D9%88%D9%86%D9%8A
403 Forbidden,Non trouvé,Non trouvé,Non trouvé,Aucun avis,Inconnu,Inconnu,Aucun tag,https://khamsat.com/business/file-conversion/2803315-%D8%AA%D8%B9%D8%AF%D9%8A%D9%84-%D8%B9%D9%84%D9%8A-%D9%85%D9%84%D9%81-%D8%A7%D9%84%D9%80-pdf-%D8%A8%D8%A3%D9%83%D8%AB%D8%B1-%D8%A5%D8%AD%D8%AA%D8%B1%D8%A7%D9%81%D9%8A%D8%A9
403 Forbidden,Non trouvé,Non trouvé,Non trouvé,Aucun avis,Inconnu,Inconnu,Aucun tag,https://khamsat.com/business/erp/2280223-%D9%81%D8%A7%D8%AA%D9%88%D8%B1%D8%A9-%D8%A7%D9%84%D9%85%D8%A8%D9%8A%D8%B9%D8%A7%D8%AA-%D8%B9%D9%84%D9%89-excel
403 Forbidden,Non trouvé,Non trouvé,Non trouvé,Aucun avis,Inconnu,Inconnu,Aucun tag,https://khamsat.com/business/financial-statements/3669418-%D8%A5%D8%B9%D8%AF%D8%A7%D8%AF-%D8%A7%D9%84%D9%82%D9%88%D8%A7%D8%A6%D9%85-%D8%A7%D9%84%D9%85%D8%A7%D9%84%D9%8A%D8%A9-%D8%A8%D8%AF%D9%82%D8%A9-%D9%88%D8%A7%D8%AD%D8%AA%D8%B1%D8%A7%D9%81%D9%8A%D8%A9-%D9%88%D9%81%D9%82%D8%A7-%D9%84%D9%84%D9%85%D8%B9%D8%A7%D9%8A%D9%8A%D8%B1-%D8%A7%D9%84%D9%85%D8%AD%D8%A7%D8%B3%D8%A8%D9%8A
403 Forbidden,Non trouvé,Non trouvé,Non trouvé,Aucun avis,Inconnu,Inconnu,Aucun tag,https://khamsat.com/business/financial-analysis/2410079-%D8%AA%D8%AD%D9%84%D9%8A%D9%84-%D9%85%D8%A7%D9%84%D9%8A-%D9%84%D9%84%D8%AD%D8%B3%D8%A7%D8%A8%D8%A7%D8%AA-%D8%A7%D9%84%D8%AF%D8%A7%D8%AE%D9%84%D9%8A%D8%A9-%D8%A7%D9%84%D8%AD%D9%82%D9%8A%D9%82%D9%8A%D8%A9-%D9%88%D8%A7%D9%84%D9%82%D9%88%D8%A7%D8%A6%D9%85-%D8%A7%D9%84%D9%85%D8%A7%D9%84%D9%8A%D8%A9
403 Forbidden,Non trouvé,Non trouvé,Non trouvé,Aucun avis,Inconnu,Inconnu,Aucun tag,https://khamsat.com/business/file-conversion/2756570-%D8%AA%D8%AD%D9%88%D9%8A%D9%84-%D9%85%D9%84%D9%81%D8%A7%D8%AA-%D8%A7%D9%84%D9%83%D8%AA%D8%B1%D9%88%D9%86%D9%8A%D8%A9-%D9%85%D9%86-pdf-%D8%A5%D9%84%D9%89-word-%D9%88%D8%A8%D8%A7%D9%84%D8%B9%D9%83%D8%B3
403 Forbidden,Non trouvé,Non trouvé,Non trouvé,Aucun avis,Inconnu,Inconnu,Aucun tag,https://khamsat.com/business/erp/1905789-%D8%A7%D9%84%D8%B9%D9%85%D9%84-%D8%B9%D9%84%D9%89-%D8%A8%D8%B1%D9%86%D8%A7%D9%85%D8%AC-%D9%82%D9%8A%D9%88%D8%AF-%D8%A7%D9%84%D9%85%D8%AD%D8%A7%D8%B3%D8%A8%D9%8A
403 Forbidden,Non trouvé,Non trouvé,Non trouvé,Aucun avis,Inconnu,Inconnu,Aucun tag,https://khamsat.com/business/financial-statements/1766475-%D8%AA%D8%AD%D9%84%D9%8A%D9%84-%D9%85%D8%A7%D9%84%D9%8A-%D8%B4%D8%A7%D9%85%D9%84-%D9%84%D9%84%D9%82%D9%88%D8%A7%D8%A6%D9%85-%D8%A7%D9%84%D9%85%D8%A7%D9%84%D9%8A%D8%A9
403 Forbidden,Non trouvé,Non trouvé,Non trouvé,Aucun avis,Inconnu,Inconnu,Aucun tag,https://khamsat.com/business/accounting-bookkeeping/2810333-%D8%A7%D8%B9%D8%AF%D8%A7%D8%AF-%D8%A7%D9%84%D9%82%D9%8A%D9%88%D8%AF-%D8%A7%D9%84%D9%8A%D9%88%D9%85%D9%8A%D8%A9-%D9%88%D9%85%D8%AA%D8%A7%D8%A8%D8%B9%D8%A9-%D8%A7%D9%84%D8%B9%D9%85%D9%84%D8%A7%D8%A1-%D9%88%D8%A7%D9%84%D9%85%D9%88%D8%B1%D8%AF%D9%8A%D9%86-%D9%88%D8%AD%D8%B1%D9%83%D8%A9-%D8%A7%D9%84%D9%85%D8%AE%D8%B2%D9%88%D9%86
403 Forbidden,Non trouvé,Non trouvé,Non trouvé,Aucun avis,Inconnu,Inconnu,Aucun tag,https://khamsat.com/business/file-conversion/2866692-%D8%A7%D9%84%D8%AA%D8%B9%D8%AF%D9%8A%D9%84-%D8%B9%D9%84%D9%89-%D9%85%D9%84%D9%81%D8%A7%D8%AA-%D8%A7%D9%84%D9%80-pdf
403 Forbidden,Non trouvé,Non trouvé,Non trouvé,Aucun avis,Inconnu,Inconnu,Aucun tag,https://khamsat.com/business/erp/1789963-%D9%88%D8%B1%D9%82%D8%A9-%D8%B9%D9%85%D9%84-%D9%85%D9%8A%D8%B2%D8%A7%D9%86%D9%8A%D8%A9-%D8%A7%D9%84%D9%85%D9%86%D8%B2%D9%84-home-budget-worksheet
403 Forbidden,Non trouvé,Non trouvé,Non trouvé,Aucun avis,Inconnu,Inconnu,Aucun tag,https://khamsat.com/business/financial-consulting/2838287-%D8%A7%D8%B3%D8%AA%D8%B4%D8%A7%D8%B1%D8%A7%D8%AA-%D9%85%D8%AD%D8%A7%D8%B3%D8%A8%D9%8A%D8%A9-%D9%88%D8%B6%D8%B1%D9%8A%D8%A8%D9%8A%D8%A9-%D9%84%D9%84%D8%B3%D9%88%D9%82-%D8%A7%D9%84%D8%B3%D8%B9%D9%88%D8%AF%D9%8A
403 Forbidden,Non trouvé,Non trouvé,Non trouvé,Aucun avis,Inconnu,Inconnu,Aucun tag,https://khamsat.com/business/financial-statements/3729233-%D8%AA%D8%B5%D9%85%D9%8A%D9%85-%D8%A8%D8%B1%D8%A7%D9%85%D8%AC-%D8%AD%D8%B3%D8%A7%D8%A8%D8%A7%D8%AA-%D9%84%D9%84%D8%B4%D8%B1%D9%83%D8%A7%D8%AA-%D8%AD%D8%B3%D8%A8-%D8%AD%D8%AC%D9%85%D9%87%D8%A7-%D9%88%D8%B7%D8%A8%D9%8A%D8%B9%D8%A9-%D8%B9%D9%85%D9%84%D9%87%D8%A7-%D8%A8%D8%A7%D9%84%D8%A5%D9%83%D8%B3%D9%8A%D9%84
403 Forbidden,Non trouvé,Non trouvé,Non trouvé,Aucun avis,Inconnu,Inconnu,Aucun tag,https://khamsat.com/business/erp/378169-%D8%A8%D8%B1%D9%86%D8%A7%D9%85%D8%AC-%D8%B2%D9%87%D8%B1%D9%87-%D8%A7%D9%84%D8%AD%D8%B3%D8%A7%D8%A8%D8%A7%D8%AA
403 Forbidden,Non trouvé,Non trouvé,Non trouvé,Aucun avis,Inconnu,Inconnu,Aucun tag,https://khamsat.com/business/file-conversion/2344825-%D8%AA%D8%AD%D9%88%D9%8A%D9%84-pdf-%D8%A7%D9%84%D9%89-word-excel-jpg
403 Forbidden,Non trouvé,Non trouvé,Non trouvé,Aucun avis,Inconnu,Inconnu,Aucun tag,https://khamsat.com/business/financial-statements/2639814-%D8%A7%D9%84%D9%85%D8%B3%D8%A7%D8%B9%D8%AF%D8%A9-%D9%81%D9%8A-%D8%A5%D8%B9%D8%AF%D8%A7%D8%AF-%D8%A7%D9%84%D9%82%D9%88%D8%A7%D8%A6%D9%85-%D8%A7%D9%84%D9%85%D8%A7%D9%84%D9%8A%D8%A9
403 Forbidden,Non trouvé,Non trouvé,Non trouvé,Aucun avis,Inconnu,Inconnu,Aucun tag,https://khamsat.com/business/accounting-bookkeeping/2662964-%D8%AA%D9%82%D8%AF%D9%8A%D9%85-%D8%A7%D9%84%D8%A7%D8%B9%D9%85%D8%A7%D9%84-%D8%A7%D9%84%D9%85%D8%AD%D8%A7%D8%B3%D8%A8%D9%8A%D8%A9-%D8%B9%D8%A8%D8%B1-%D8%A7%D9%83%D8%B3%D9%84-%D8%A8%D8%B1%D8%A7%D9%85%D8%AC-%D8%A7%D9%88%D9%86%D9%84%D8%A7%D9%8A%D9%86
403 Forbidden,Non trouvé,Non trouvé,Non trouvé,Aucun avis,Inconnu,Inconnu,Aucun tag,https://khamsat.com/business/erp/2398615-%D9%85%D8%AD%D8%A7%D8%B3%D8%A8-%D8%B9%D9%86-%D8%A8%D8%B9%D8%AF-%D8%B9%D9%84%D9%8A-%D8%A7%D9%84%D8%A8%D8%B1%D8%A7%D9%85%D8%AC-%D8%A7%D9%84%D8%B3%D8%AD%D8%A7%D8%A8%D9%8A%D8%A9-%D8%A3%D9%88%D8%AF%D9%88-%D8%B2%D9%88%D9%87%D9%88-%D9%88%D8%A7%D9%81%D9%82-%D9%82%D9%8A%D9%88%D8%AF
403 Forbidden,Non trouvé,Non trouvé,Non trouvé,Aucun avis,Inconnu,Inconnu,Aucun tag,https://khamsat.com/business/file-conversion/3828667-%D8%AA%D9%86%D8%B3%D9%8A%D9%82-%D9%88%D8%AA%D8%AD%D9%88%D9%8A%D9%84-%D9%85%D9%84%D9%81%D8%A7%D8%AA-word-%D9%88excel-%D9%88pdf-%D8%A8%D8%A7%D8%AD%D8%AA%D8%B1%D8%A7%D9%81%D9%8A%D8%A9-%D9%88%D8%AF%D9%82%D8%A9-%D8%B9%D8%A7%D9%84%D9%8A%D8%A9
403 Forbidden,Non trouvé,Non trouvé,Non trouvé,Aucun avis,Inconnu,Inconnu,Aucun tag,https://khamsat.com/business/accounting-bookkeeping/2512094-%D9%85%D8%AD%D8%A7%D8%B3%D8%A8-%D9%85%D8%A7%D9%84%D9%8A-%D9%88%D8%B6%D8%B1%D9%8A%D8%A8%D9%8A-%D9%84%D9%85%D8%AA%D8%A7%D8%AC%D8%B1-%D8%A7%D9%84%D9%83%D8%AA%D8%B1%D9%88%D9%86%D9%8A%D8%A9-%D8%B9%D9%84%D9%89-%D9%85%D9%86%D8%B5%D8%A9-%D8%B3%D9%84%D8%A9
403 Forbidden,Non trouvé,Non trouvé,Non trouvé,Aucun avis,Inconnu,Inconnu,Aucun tag,https://khamsat.com/business/financial-statements/1133439-%D8%A7%D8%B9%D8%AF%D8%A7%D8%AF-%D9%82%D9%88%D8%A7%D8%A6%D9%85-%D8%A7%D9%84%D9%85%D8%A7%D9%84%D9%8A%D8%A9
403 Forbidden,Non trouvé,Non trouvé,Non trouvé,Aucun avis,Inconnu,Inconnu,Aucun tag,https://khamsat.com/business/erp/1929780-%D8%A7%D8%B3%D8%AA%D8%B4%D8%A7%D8%B1%D8%A7%D8%AA-%D9%81%D9%86%D9%8A%D9%87-%D9%88%D9%85%D8%AD%D8%A7%D8%B3%D8%A8%D9%8A%D8%A9-%D8%A8%D8%B1%D9%86%D8%A7%D9%85%D8%AC-odoo
403 Forbidden,Non trouvé,Non trouvé,Non trouvé,Aucun avis,Inconnu,Inconnu,Aucun tag,https://khamsat.com/business/file-conversion/2038530-%D8%AA%D8%AD%D9%88%D9%8A%D9%84-%D8%A7%D9%84%D9%85%D9%84%D9%81%D8%A7%D8%AA-%D8%A7%D9%84%D9%85%D9%83%D8%AA%D9%88%D8%A8%D8%A9-%D8%A7%D9%84%D8%AA%D9%8A-%D9%8A%D8%B5%D8%B9%D8%A8-%D8%A7%D9%84%D8%AA%D8%B9%D8%AF%D9%8A%D9%84-%D8%B9%D9%84%D9%8A%D9%87%D8%A7-%D8%A5%D9%84%D9%89-%D9%85%D9%84%D9%81-%D9%86%D8%B5%D9%8A
403 Forbidden,Non trouvé,Non trouvé,Non trouvé,Aucun avis,Inconnu,Inconnu,Aucun tag,https://khamsat.com/business/financial-statements/1721138-%D8%B9%D9%85%D9%84-%D9%82%D8%A7%D8%A6%D9%85%D8%A9-%D8%AF%D8%AE%D9%84-%D9%88%D9%85%D9%8A%D8%B2%D8%A7%D9%86%D9%8A%D8%A9-%D9%84%D9%84%D8%B4%D8%B1%D9%83%D8%A9-%D9%88%D9%81%D9%82-%D8%A8%D8%B1%D9%86%D8%A7%D9%85%D8%AC-%D8%A7%D9%83%D8%B3%D9%84
403 Forbidden,Non trouvé,Non trouvé,Non trouvé,Aucun avis,Inconnu,Inconnu,Aucun tag,https://khamsat.com/business/accounting-bookkeeping/2569090-%D8%AA%D8%B5%D9%85%D9%8A%D9%85-%D9%85%D9%84%D9%81-%D8%A7%D9%83%D8%B3%D9%8A%D9%84-%D8%A7%D8%AD%D8%AA%D8%B1%D8%A7%D9%81%D9%8A-%D9%84%D8%A5%D8%AF%D8%A7%D8%B1%D8%A9-%D8%A3%D8%B9%D9%85%D8%A7%D9%84%D9%83-%D8%A8%D8%B4%D9%83%D9%84-%D8%A3%D8%B3%D8%B1%D8%B9-%D9%88-%D8%A3%D9%83%D8%AB%D8%B1-%D8%AF%D9%82%D8%A9
403 Forbidden,Non trouvé,Non trouvé,Non trouvé,Aucun avis,Inconnu,Inconnu,Aucun tag,https://khamsat.com/business/erp/2952938-%D8%B9%D9%85%D9%84-%D8%AA%D8%B9%D8%AF%D9%8A%D9%84-%D8%A8%D8%B1%D9%85%D8%AC%D9%8A-%D8%B9%D9%84%D9%89-%D9%85%D8%AF%D9%8A%D9%88%D9%84-%D8%A3%D9%88%D8%AF%D9%88-odoo-module
403 Forbidden,Non trouvé,Non trouvé,Non trouvé,Aucun avis,Inconnu,Inconnu,Aucun tag,https://khamsat.com/business/file-conversion/1484203-%D8%AA%D8%AD%D9%88%D9%8A%D9%84-%D8%A7%D9%84%D8%B5%D9%88%D8%B1-%D9%88%D9%85%D9%84%D9%81%D8%A7%D8%AA-%D8%A7%D9%84-pdf-%D8%A7%D9%84%D9%89-word
403 Forbidden,Non trouvé,Non trouvé,Non trouvé,Aucun avis,Inconnu,Inconnu,Aucun tag,https://khamsat.com/business/financial-statements/2998602-%D9%85%D8%AD%D8%A7%D8%B3%D8%A8%D8%A9-%D8%A7%D9%84%D9%82%D9%88%D8%A7%D8%A6%D9%85-%D8%A7%D9%84%D9%85%D8%A7%D9%84%D9%8A%D8%A9-%D9%88%D8%A7%D9%84%D8%AA%D9%82%D8%A7%D8%B1%D9%8A%D8%B1-%D9%85%D8%AD%D8%A7%D8%B3%D8%A8-%D8%B9%D9%86-%D8%A8%D8%B9%D8%AF-%D9%84%D8%AA%D9%86%D8%B8%D9%8A%D9%85-%D8%A7%D8%B9%D9%85%D8%A7%D9%84%D9%83
403 Forbidden,Non trouvé,Non trouvé,Non trouvé,Aucun avis,Inconnu,Inconnu,Aucun tag,https://khamsat.com/business/accounting-bookkeeping/3128777-%D8%A7%D9%85%D8%B3%D8%A7%D9%83-%D8%A7%D9%84%D8%AF%D9%81%D8%A7%D8%AA%D8%B1-%D9%88%D8%AA%D8%B3%D8%AC%D9%8A%D9%84-%D8%A7%D9%84%D8%AD%D8%B3%D8%A7%D8%A8%D8%A7%D8%AA
403 Forbidden,Non trouvé,Non trouvé,Non trouvé,Aucun avis,Inconnu,Inconnu,Aucun tag,https://khamsat.com/business/erp/1786110-%D8%B3%D9%88%D9%81-%D8%A7%D9%82%D9%88%D9%85-%D8%A8%D8%B9%D9%85%D9%84-%D9%86%D9%85%D9%88%D8%B0%D8%AC-%D8%A7%D9%83%D8%B3%D9%84-%D9%84%D8%A7%D9%8A%D8%AC%D8%A7%D8%AF-%D9%86%D9%82%D8%B7%D8%A9-%D8%A7%D9%84%D8%AA%D8%B9%D8%A7%D8%AF%D9%845
403 Forbidden,Non trouvé,Non trouvé,Non trouvé,Aucun avis,Inconnu,Inconnu,Aucun tag,https://khamsat.com/business/file-conversion/3764624-%D8%AA%D8%AD%D9%88%D9%8A%D9%84-%D8%A7%D9%84%D8%B5%D9%88%D8%B1-%D9%88-%D9%85%D9%84%D9%81%D8%A7%D8%AA-%D8%A7%D9%84%D9%88%D9%88%D8%B1%D8%AF-%D8%A7%D9%84%D9%89-pdf-%D9%88-%D8%A7%D9%84%D8%B9%D9%83%D8%B3
403 Forbidden,Non trouvé,Non trouvé,Non trouvé,Aucun avis,Inconnu,Inconnu,Aucun tag,https://khamsat.com/business/financial-statements/3067128-%D8%A5%D8%B9%D8%AF%D8%A7%D8%AF-%D8%AD%D8%B3%D8%A7%D8%A8%D8%A7%D8%AA-%D9%88-%D8%A5%D8%B9%D8%AF%D8%A7%D8%AF-%D8%A7%D9%84%D9%82%D9%88%D8%A7%D8%A6%D9%85-%D8%A7%D9%84%D9%85%D8%A7%D9%84%D9%8A%D8%A9
403 Forbidden,Non trouvé,Non trouvé,Non trouvé,Aucun avis,Inconnu,Inconnu,Aucun tag,https://khamsat.com/business/tax/2432878-%D9%85%D8%B3%D8%A7%D8%B9%D8%AF%D8%AA%D9%83-%D9%81%D9%8A-%D8%AA%D9%86%D8%B3%D9%8A%D9%82-%D9%88%D8%AA%D9%82%D8%AF%D9%8A%D9%85-%D8%A7%D9%84%D8%A7%D9%82%D8%B1%D8%A7%D8%B1-%D8%A7%D9%84%D8%B6%D8%B1%D9%8A%D8%A8%D9%8A-vat
403 Forbidden,Non trouvé,Non trouvé,Non trouvé,Aucun avis,Inconnu,Inconnu,Aucun tag,https://khamsat.com/business/erp/3027001-%D8%AA%D8%B7%D9%88%D9%8A%D8%B1-%D9%86%D8%B8%D8%A7%D9%85-%D9%85%D8%AD%D8%A7%D8%B3%D8%A8%D8%A9-%D9%85%D8%AE%D8%B5%D8%B5-%D9%84%D8%A7%D8%AD%D8%AA%D9%8A%D8%A7%D8%AC%D8%A7%D8%AA%D9%83
403 Forbidden,Non trouvé,Non trouvé,Non trouvé,Aucun avis,Inconnu,Inconnu,Aucun tag,https://khamsat.com/business/file-conversion/3748487-%D8%AA%D8%AD%D9%88%D9%8A%D9%84-%D9%85%D9%84%D9%81%D8%A7%D8%AA-pdf-%D8%A5%D9%84%D9%89-word-%D8%A8%D8%AF%D9%82%D8%A9-%D9%88%D8%A7%D8%AD%D8%AA%D8%B1%D8%A7%D9%81%D9%8A%D8%A9
403 Forbidden,Non trouvé,Non trouvé,Non trouvé,Aucun avis,Inconnu,Inconnu,Aucun tag,https://khamsat.com/business/financial-statements/3340306-%D8%A5%D8%B9%D8%AF%D8%A7%D8%AF-%D9%82%D9%88%D8%A7%D8%A6%D9%85-%D9%85%D8%A7%D9%84%D9%8A%D8%A9-%D8%AF%D9%82%D9%8A%D9%82%D8%A9-%D9%88%D8%A7%D8%AD%D8%AA%D8%B1%D8%A7%D9%81%D9%8A%D8%A9-%D9%84%D9%84%D8%B4%D8%B1%D9%83%D8%A7%D8%AA-%D9%88%D8%A7%D9%84%D9%85%D8%B4%D8%A7%D8%B1%D9%8A%D8%B9-%D8%A7%D9%84%D8%B5%D8%BA%D9%8A%D8%B1%D8%A9
403 Forbidden,Non trouvé,Non trouvé,Non trouvé,Aucun avis,Inconnu,Inconnu,Aucun tag,https://khamsat.com/business/accounting-bookkeeping/2876662-%D9%85%D8%AD%D8%A7%D8%B3%D8%A8%D8%A9-%D9%85%D8%A7%D9%84%D9%8A%D8%A9-%D9%88%D8%A5%D8%B9%D8%AF%D8%A7%D8%AF-%D8%A7%D9%84%D9%82%D9%88%D8%A7%D8%A6%D9%85-%D8%A7%D9%84%D9%85%D8%AD%D8%A7%D8%B3%D8%A8%D9%8A%D8%A9
403 Forbidden,Non trouvé,Non trouvé,Non trouvé,Aucun avis,Inconnu,Inconnu,Aucun tag,https://khamsat.com/business/erp/1929779-%D8%A7%D9%84%D8%AA%D8%AF%D8%B1%D9%8A%D8%A8-%D9%88%D8%A7%D9%84%D8%AA%D8%B9%D8%B1%D9%81-%D8%B9%D9%84%D9%89-%D8%A8%D8%B1%D9%86%D8%A7%D9%85%D8%AC-odoo
403 Forbidden,Non trouvé,Non trouvé,Non trouvé,Aucun avis,Inconnu,Inconnu,Aucun tag,https://khamsat.com/business/file-conversion/3753913-%D8%AA%D9%81%D8%B1%D9%8A%D8%BA-%D9%88%D8%AA%D8%AD%D9%88%D9%8A%D9%84-%D9%85%D9%84%D9%81%D8%A7%D8%AA-pdf-%D9%88%D8%A7%D9%84%D8%B5%D9%88%D8%B1-%D8%A7%D9%84%D9%89-%D9%85%D9%84%D9%81%D8%A7%D8%AA-word-%D9%82%D8%A7%D8%A8%D9%84%D8%A9-%D9%84%D9%84%D8%AA%D8%B9%D8%AF%D9%8A%D9%84
403 Forbidden,Non trouvé,Non trouvé,Non trouvé,Aucun avis,Inconnu,Inconnu,Aucun tag,https://khamsat.com/business/financial-statements/2706639-%D8%A7%D8%AF%D8%AE%D8%A7%D9%84-%D9%88%D9%85%D8%B1%D8%A7%D8%AC%D8%B9%D9%87-%D8%A7%D9%84%D8%A8%D9%8A%D8%A7%D9%86%D8%A7%D8%AA-%D8%A7%D9%84%D9%85%D8%A7%D9%84%D9%8A%D9%87
403 Forbidden,Non trouvé,Non trouvé,Non trouvé,Aucun avis,Inconnu,Inconnu,Aucun tag,https://khamsat.com/business/accounting-bookkeeping/3546472-%D9%85%D8%AD%D8%A7%D8%B3%D8%A8-%D8%B9%D9%86-%D8%A8%D8%B9%D8%AF-%D9%84%D8%AA%D9%86%D8%B8%D9%8A%D9%85-%D8%A7%D8%B9%D9%85%D8%A7%D9%84%D9%83-%D8%A7%D9%84%D9%85%D8%A7%D9%84%D9%8A%D8%A9-%D9%85%D9%86-%D9%82%D9%8A%D9%88%D8%AF-%D9%85%D8%A7%D9%84%D9%8A%D8%A9-%D9%88-%D8%AA%D9%82%D8%A7%D8%B1%D9%8A%D8%B1
403 Forbidden,Non trouvé,Non trouvé,Non trouvé,Aucun avis,Inconnu,Inconnu,Aucun tag,https://khamsat.com/business/erp/2103681-%D8%A7%D9%82%D8%AF%D9%85-%D9%84%D9%83-%D8%A8%D8%B1%D9%86%D8%A7%D9%85%D8%AC-%D9%85%D8%AD%D8%A7%D8%B3%D8%A8%D9%8A-%D8%B4%D8%A7%D9%85%D9%84-erp-%D8%A7%D8%B3%D9%85-%D8%A7%D9%84%D8%A8%D8%B1%D9%86%D8%A7%D9%85%D8%AC-%D9%87%D9%88-manager-v22.3
403 Forbidden,Non trouvé,Non trouvé,Non trouvé,Aucun avis,Inconnu,Inconnu,Aucun tag,https://khamsat.com/business/file-conversion/3564185-%D8%B3%D8%A3%D9%82%D9%88%D9%85-%D8%A8%D8%AA%D8%AD%D9%88%D9%8A%D9%84-%D9%85%D9%84%D9%81%D8%A7%D8%AA-excel-%D9%88word-%D9%88pdf-%D8%A8%D8%AF%D9%82%D8%A9-%D9%88%D8%A7%D8%AD%D8%AA%D8%B1%D8%A7%D9%81%D9%8A%D8%A9
403 Forbidden,Non trouvé,Non trouvé,Non trouvé,Aucun avis,Inconnu,Inconnu,Aucun tag,https://khamsat.com/business/financial-statements/2041239-%D8%A7%D9%84%D8%B3%D9%8A%D8%A7%D8%B3%D8%A7%D8%AA-%D8%A7%D9%84%D9%85%D8%A7%D9%84%D9%8A%D8%A9-%D8%A7%D9%84%D8%AE%D8%A7%D8%B5%D8%A9-%D8%A8%D9%82%D8%B3%D9%85-%D8%A7%D9%84%D8%A5%D8%AF%D8%A7%D8%B1%D8%A9-%D8%A7%D9%84%D9%85%D8%A7%D9%84%D9%8A%D8%A9
403 Forbidden,Non trouvé,Non trouvé,Non trouvé,Aucun avis,Inconnu,Inconnu,Aucun tag,https://khamsat.com/business/trading-stock-analysis/2913709-%D8%A7%D8%B3%D8%AA%D8%B4%D8%A7%D8%B1%D8%A9-%D8%A7%D8%B3%D8%AA%D8%AB%D9%85%D8%A7%D8%B1%D9%8A%D8%A9-%D9%81%D9%8A-%D9%83%D9%84-%D9%85%D8%A7-%D9%8A%D8%AE%D8%B5-%D8%A7%D9%84%D8%B9%D9%85%D9%84%D8%A7%D8%AA-%D8%A7%D9%84%D8%B1%D9%82%D9%85%D9%8A%D8%A9-%D9%88%D8%A7%D9%84%D8%A8%D9%84%D9%88%D9%83-%D8%AA%D8%B4%D9%8A%D9%86
403 Forbidden,Non trouvé,Non trouvé,Non trouvé,Aucun avis,Inconnu,Inconnu,Aucun tag,https://khamsat.com/business/erp/2459731-%D8%AA%D8%B5%D9%85%D9%8A%D9%85-%D8%A8%D8%B1%D8%A7%D9%85%D8%AC-%D9%85%D8%AD%D8%A7%D8%B3%D8%A8%D9%8A%D8%A9-%D8%A7%D8%AD%D8%AA%D8%B1%D8%A7%D9%81%D9%8A%D8%A9-%D9%88%D8%B4%D8%A7%D9%85%D9%84%D8%A9
403 Forbidden,Non trouvé,Non trouvé,Non trouvé,Aucun avis,Inconnu,Inconnu,Aucun tag,https://khamsat.com/business/file-conversion/3567603-%D8%AA%D8%AD%D9%88%D9%8A%D9%84-%D8%A7%D9%84%D9%85%D9%84%D9%81%D8%A7%D8%AA-%D8%A8%D9%8A%D9%86-pdf-%D9%88word-%D8%A8%D8%AF%D9%82%D8%A9-%D8%B9%D8%A7%D9%84%D9%8A%D8%A9
403 Forbidden,Non trouvé,Non trouvé,Non trouvé,Aucun avis,Inconnu,Inconnu,Aucun tag,https://khamsat.com/business/financial-statements/2817031-%D9%85%D8%AD%D8%A7%D8%B3%D8%A8%D8%A9-%D8%A7%D9%84%D9%82%D9%88%D8%A7%D8%A6%D9%85-%D8%A7%D9%84%D9%85%D8%A7%D9%84%D9%8A%D8%A9-%D9%88%D8%A7%D9%84%D8%AA%D9%82%D8%A7%D8%B1%D9%8A%D8%B1-%D9%85%D8%AD%D8%A7%D8%B3%D8%A8-%D8%B9%D9%86-%D8%A8%D8%B9%D8%AF-%D9%84%D8%AA%D9%86%D8%B8%D9%8A%D9%85-%D8%A7%D8%B9%D9%85%D8%A7%D9%84%D9%83
403 Forbidden,Non trouvé,Non trouvé,Non trouvé,Aucun avis,Inconnu,Inconnu,Aucun tag,https://khamsat.com/business/accounting-bookkeeping/2834065-%D8%A7%D8%B9%D8%AF%D8%A7%D8%AF-%D8%A7%D9%84%D9%82%D9%88%D8%A7%D8%A6%D9%85-%D8%A7%D9%84%D9%85%D8%A7%D9%84%D9%8A%D8%A9-%D9%88%D9%85%D8%AD%D8%A7%D8%B3%D8%A8-%D9%82%D8%A7%D9%86%D9%88%D9%86%D9%8A-%D8%B9%D9%86-%D8%A8%D8%B9%D8%AF
403 Forbidden,Non trouvé,Non trouvé,Non trouvé,Aucun avis,Inconnu,Inconnu,Aucun tag,https://khamsat.com/business/erp/2943854-%D8%A8%D8%B1%D9%86%D8%A7%D9%85%D8%AC-%D8%A5%D8%AF%D8%A7%D8%B1%D8%A9-%D9%85%D8%B1%D9%83%D8%B2-%D8%AA%D8%B9%D9%84%D9%8A%D9%85%D9%8A-%D8%AF%D8%B1%D9%88%D8%B3-%D8%AE%D8%B5%D9%88%D8%B5%D9%8A%D8%A9-%D8%A7%D9%83%D8%B3%D9%8A%D9%84-vba
403 Forbidden,Non trouvé,Non trouvé,Non trouvé,Aucun avis,Inconnu,Inconnu,Aucun tag,https://khamsat.com/business/file-conversion/3777069-%D8%AA%D8%AD%D9%88%D9%8A%D9%84-%D9%85%D9%84%D9%81%D8%A7%D8%AA-pdf-%D8%A5%D9%84%D9%89-word-%D8%A3%D9%88-excel-%D9%85%D8%B9-%D8%A7%D9%84%D8%AD%D9%81%D8%A7%D8%B8-%D8%B9%D9%84%D9%89-%D8%A7%D9%84%D8%AA%D9%86%D8%B3%D9%8A%D9%82
403 Forbidden,Non trouvé,Non trouvé,Non trouvé,Aucun avis,Inconnu,Inconnu,Aucun tag,https://khamsat.com/business/financial-statements/3142567-%D8%A3%D8%B9%D9%85%D8%A7%D9%84-%D8%A7%D9%84%D9%85%D8%AD%D8%A7%D8%B3%D8%A8%D8%A9-%D9%88%D8%A7%D9%84%D9%85%D8%B1%D8%A7%D8%AC%D8%B9%D8%A9-%D9%88%D8%A7%D9%84%D8%AA%D8%AF%D9%82%D9%8A%D9%82-%D9%88%D8%A5%D8%B9%D8%AF%D8%A7%D8%AF-%D8%A7%D9%84%D8%AA%D9%82%D8%A7%D8%B1%D9%8A%D8%B1-%D8%A7%D9%84%D9%85%D8%A7%D9%84%D9%8A%D8%A9
403 Forbidden,Non trouvé,Non trouvé,Non trouvé,Aucun avis,Inconnu,Inconnu,Aucun tag,https://khamsat.com/business/accounting-bookkeeping/2776903-%D8%B9%D9%85%D9%84-%D8%B4%D9%8A%D8%AA-%D8%A7%D9%83%D8%B3%D9%84-%D9%84%D8%AD%D8%B3%D8%A7%D8%A8-%D8%AA%D9%83%D9%84%D9%81%D8%A9-%D9%85%D9%86%D8%AA%D8%AC
403 Forbidden,Non trouvé,Non trouvé,Non trouvé,Aucun avis,Inconnu,Inconnu,Aucun tag,https://khamsat.com/business/erp/2846615-%D8%A8%D8%B1%D9%86%D8%A7%D9%85%D8%AC-%D9%84%D8%A5%D8%AF%D8%A7%D8%B1%D8%A9-%D9%85%D8%B5%D9%86%D8%B9-%D8%A3%D9%88-%D8%B4%D8%B1%D9%83%D8%A9-%D8%B5%D8%BA%D9%8A%D8%B1%D8%A9-%D8%A7%D9%84%D8%A7%D8%B5%D8%AF%D8%A7%D8%B1-%D8%A7%D9%84%D8%A3%D9%88%D9%84-2024
403 Forbidden,Non trouvé,Non trouvé,Non trouvé,Aucun avis,Inconnu,Inconnu,Aucun tag,https://khamsat.com/business/file-conversion/3799130-%D8%AA%D8%AD%D9%88%D9%8A%D9%84-%D9%85%D9%84%D9%81%D8%A7%D8%AA-pdf-%D8%A5%D9%84%D9%89-word-%D8%A3%D9%88-%D8%A7%D9%84%D8%B9%D9%83%D8%B3-%D9%85%D8%B9-%D8%AA%D9%86%D8%B3%D9%8A%D9%82-%D8%A5%D8%AD%D8%AA%D8%B1%D8%A7%D9%81%D9%8A-%D9%88-%D8%B3%D8%B1%D9%8A%D8%B9
403 Forbidden,Non trouvé,Non trouvé,Non trouvé,Aucun avis,Inconnu,Inconnu,Aucun tag,https://khamsat.com/business/financial-statements/3083934-%D8%A5%D8%B9%D8%AF%D8%A7%D8%AF-%D8%A7%D9%84%D9%82%D9%88%D8%A7%D8%A6%D9%85-%D8%A7%D9%84%D9%85%D8%A7%D9%84%D9%8A%D8%A9-%D8%A8%D8%B4%D9%83%D9%84-%D8%AF%D9%82%D9%8A%D9%82-%D9%84%D8%AF%D8%B9%D9%85-%D8%A7%D8%AA%D8%AE%D8%A7%D8%B0-%D8%A7%D9%84%D9%82%D8%B1%D8%A7%D8%B1%D8%A7%D8%AA-%D8%A7%D9%84%D9%85%D8%A7%D9%84%D9%8A%D8%A9
403 Forbidden,Non trouvé,Non trouvé,Non trouvé,Aucun avis,Inconnu,Inconnu,Aucun tag,https://khamsat.com/business/accounting-bookkeeping/1753474-%D9%85%D8%AD%D8%A7%D8%B3%D8%A8-%D8%B9%D9%86-%D8%A8%D8%B9%D8%AF-%D9%84%D8%AA%D9%86%D8%B8%D9%8A%D9%85-%D8%A7%D8%B9%D9%85%D8%A7%D9%84%D9%83-%D8%A7%D9%84%D9%85%D8%A7%D9%84%D9%8A%D8%A9-%D9%82%D9%8A%D9%88%D8%AF-%D9%85%D8%A7%D9%84%D9%8A%D8%A9-%D8%AA%D9%82%D8%A7%D8%B1%D9%8A%D8%B1
403 Forbidden,Non trouvé,Non trouvé,Non trouvé,Aucun avis,Inconnu,Inconnu,Aucun tag,https://khamsat.com/business/erp/2785511-%D8%A8%D8%B1%D9%86%D8%A7%D9%85%D8%AC-%D8%A7%D8%AF%D8%A7%D8%B1%D8%A9-%D8%A7%D9%84%D8%AD%D8%B3%D8%A7%D8%A8%D8%A7%D8%AA-%D8%A7%D9%84%D8%B9%D8%A7%D9%85%D9%87-%D8%B9%D9%84%D9%89-%D8%A7%D9%84%D8%A7%D9%83%D8%B3%D8%B3
403 Forbidden,Non trouvé,Non trouvé,Non trouvé,Aucun avis,Inconnu,Inconnu,Aucun tag,https://khamsat.com/business/file-conversion/3096997-%D8%AA%D8%AD%D9%88%D9%8A%D9%84-%D9%85%D9%84%D9%81%D8%A7%D8%AA-pdf-%D9%85%D9%85%D8%B3%D9%88%D8%AD%D8%A9-%D8%B6%D9%88%D8%A6%D9%8A%D8%A7-%D8%A7%D9%84%D9%89-word
403 Forbidden,Non trouvé,Non trouvé,Non trouvé,Aucun avis,Inconnu,Inconnu,Aucun tag,https://khamsat.com/business/financial-statements/3900520-%D8%A5%D8%B9%D8%AF%D8%A7%D8%AF-%D9%82%D9%8A%D9%88%D8%AF-%D9%8A%D9%88%D9%85%D9%8A%D8%A9-%D8%AD%D8%B3%D8%A7%D8%A8%D8%A7%D8%AA-%D8%A7%D8%B3%D8%AA%D8%A7%D8%B0-%D9%85%D9%8A%D8%B2%D8%A7%D9%86-%D9%85%D8%B1%D8%A7%D8%AC%D8%B9%D8%A9
403 Forbidden,Non trouvé,Non trouvé,Non trouvé,Aucun avis,Inconnu,Inconnu,Aucun tag,https://khamsat.com/business/tax/1878706-%D9%85%D8%AD%D8%A7%D8%B3%D8%A8%D9%83-%D8%A7%D9%84%D9%85%D8%A7%D9%84%D9%89-%D8%B9%D9%86-%D8%A8%D8%B9%D8%AF-%D8%B9%D9%85%D9%84%D8%A7%D8%A1-%D9%85%D9%88%D8%B1%D8%AF%D9%8A%D9%86-%D8%B6%D8%B1%D8%A7%D8%A6%D8%A8-%D8%A8%D9%86%D9%88%D9%83
403 Forbidden,Non trouvé,Non trouvé,Non trouvé,Aucun avis,Inconnu,Inconnu,Aucun tag,https://khamsat.com/business/erp/1153436-%D8%AA%D8%AF%D8%B1%D9%8A%D8%A8-%D8%B9%D9%84%D9%8A-%D8%A8%D8%B1%D9%86%D8%A7%D9%85%D8%AC-open-erp-odoo%D8%AA%D9%82%D8%AF%D9%8A%D9%85-%D8%A7%D8%B3%D8%AA%D8%B4%D8%A7%D8%B1%D8%A7%D8%AA-%D9%81%D9%86%D9%8A%D8%A9
403 Forbidden,Non trouvé,Non trouvé,Non trouvé,Aucun avis,Inconnu,Inconnu,Aucun tag,https://khamsat.com/business/file-conversion/3119217-%D8%AA%D8%AD%D9%88%D9%8A%D9%84-%D9%85%D9%84%D9%81%D8%A7%D8%AA-pdf-%D8%A7%D9%84%D9%89-word-%D9%88%D8%A7%D9%84%D8%B9%D9%83%D8%B3
403 Forbidden,Non trouvé,Non trouvé,Non trouvé,Aucun avis,Inconnu,Inconnu,Aucun tag,https://khamsat.com/business/financial-statements/3853347-%D8%AA%D9%82%D8%A7%D8%B1%D9%8A%D8%B1-%D9%85%D8%A7%D9%84%D9%8A%D9%87-%D8%A8%D8%AF%D9%82%D9%87-%D8%B9%D8%A7%D9%84%D9%8A%D8%A9-100-%D8%AE%D8%A8%D9%8A%D8%B1-%D9%81%D9%8A-onyx-pro-%D8%AA%D8%B5%D8%AD%D9%8A%D8%AD-%D8%A7%D8%AE%D8%B7%D8%A7%D8%A1
403 Forbidden,Non trouvé,Non trouvé,Non trouvé,Aucun avis,Inconnu,Inconnu,Aucun tag,https://khamsat.com/business/financial-analysis/3060098-%D8%AA%D8%AD%D9%84%D9%8A%D9%84-%D9%85%D8%A7%D9%84%D9%8A-%D8%A7%D8%AD%D8%AA%D8%B1%D8%A7%D9%81%D9%8A-%D9%84%D9%85%D8%B4%D8%B1%D9%88%D8%B9%D9%83-%D8%A7%D8%B3%D8%AA%D8%B1%D8%A7%D8%AA%D9%8A%D8%AC%D9%8A%D8%A7%D8%AA-%D9%84%D8%AA%D8%AD%D9%82%D9%8A%D9%82-%D8%A7%D9%84%D9%86%D8%AC%D8%A7%D8%AD
403 Forbidden,Non trouvé,Non trouvé,Non trouvé,Aucun avis,Inconnu,Inconnu,Aucun tag,https://khamsat.com/business/erp/834331-%D8%AA%D8%B5%D9%85%D9%8A%D9%85-%D8%A8%D8%B1%D9%86%D8%A7%D9%85%D8%AC-%D9%85%D8%AE%D8%A7%D8%B2%D9%86-%D8%B9%D9%84%D9%89-%D8%A7%D9%84%D8%A7%D9%83%D8%B3%D8%B3
403 Forbidden,Non trouvé,Non trouvé,Non trouvé,Aucun avis,Inconnu,Inconnu,Aucun tag,https://khamsat.com/business/file-conversion/3363854-%D8%AA%D8%AD%D9%88%D9%8A%D9%84-%D9%85%D9%84%D9%81%D8%A7%D8%AA-pdf-%D8%A5%D9%84%D9%89-word-%D8%A8%D8%AF%D9%82%D8%A9-%D9%88%D8%A7%D8%AD%D8%AA%D8%B1%D8%A7%D9%81%D9%8A%D8%A9-%D8%A8%D8%AF%D9%88%D9%86-%D8%A3%D8%AE%D8%B7%D8%A7%D8%A1-%D8%AA%D9%86%D8%B3%D9%8A%D9%82
403 Forbidden,Non trouvé,Non trouvé,Non trouvé,Aucun avis,Inconnu,Inconnu,Aucun tag,https://khamsat.com/business/financial-statements/3324593-%D8%B3%D8%A3%D9%82%D9%88%D9%85-%D8%A8%D8%A5%D8%B9%D8%AF%D8%A7%D8%AF-%D8%AA%D9%82%D8%B1%D9%8A%D8%B1-%D9%85%D8%A7%D9%84%D9%8A-%D8%A7%D8%AD%D8%AA%D8%B1%D8%A7%D9%81%D9%8A-%D8%A8%D8%A7%D8%B3%D8%AA%D8%AE%D8%AF%D8%A7%D9%85-excel
403 Forbidden,Non trouvé,Non trouvé,Non trouvé,Aucun avis,Inconnu,Inconnu,Aucun tag,https://khamsat.com/business/accounting-bookkeeping/1266956-%D8%B3%D8%A3%D8%B3%D8%A7%D8%B9%D8%AF%D9%83-%D9%81%D9%8A-%D8%A7%D9%84%D9%85%D8%AD%D8%A7%D8%B3%D8%A8%D8%A9-%D9%88%D8%AA%D8%AD%D8%B6%D9%8A%D8%B1-%D8%A7%D9%84%D9%85%D9%8A%D8%B2%D8%A7%D9%86%D9%8A%D8%A9-%D8%A8%D8%A5%D8%B3%D8%AA%D8%AE%D8%AF%D8%A7%D9%85-%D8%A8%D8%B1%D9%86%D8%A7%D9%85%D8%AC-%D8%A3%D9%83%D8%B3%D9%84
403 Forbidden,Non trouvé,Non trouvé,Non trouvé,Aucun avis,Inconnu,Inconnu,Aucun tag,https://khamsat.com/business/erp/2835979-%D9%86%D8%B8%D8%A7%D9%85-%D9%85%D8%A8%D9%8A%D8%B9%D8%A7%D8%AA-%D9%88%D9%85%D8%B4%D8%AA%D8%B1%D9%8A%D8%A7%D8%AA-%D9%88%D8%A5%D8%AF%D8%A7%D8%B1%D8%A9-%D9%85%D8%AE%D8%A7%D8%B2%D9%86-%D9%88%D8%A3%D8%B5%D9%86%D8%A7%D9%81-%D9%88%D8%A7%D9%84%D9%85%D9%88%D8%B1%D8%AF%D9%8A%D9%86-%D9%88%D8%A7%D9%84%D8%B9%D9%85%D9%84%D8%A7%D8%A1
403 Forbidden,Non trouvé,Non trouvé,Non trouvé,Aucun avis,Inconnu,Inconnu,Aucun tag,https://khamsat.com/business/file-conversion/3303912-%D8%AA%D8%AD%D9%88%D9%8A%D9%84-%D9%85%D9%84%D9%81%D8%A7%D8%AA-%D8%A7%D9%84%D8%B4%D8%B1%D9%83%D8%A7%D8%AA-%D9%88%D8%A7%D9%84%D8%A7%D9%81%D8%B1%D8%A7%D8%AF-pdf-%D9%88%D8%A7%D9%84%D8%B5%D9%88%D8%B1-%D8%A5%D9%84%D9%89-word-%D8%A8%D8%AF%D9%82%D8%A9-%D8%B9%D8%A7%D9%84%D9%8A%D8%A9
403 Forbidden,Non trouvé,Non trouvé,Non trouvé,Aucun avis,Inconnu,Inconnu,Aucun tag,https://khamsat.com/business/financial-statements/3701603-%D8%A7%D8%B9%D8%AF%D8%A7%D8%AF-%D8%A7%D9%84%D9%82%D9%88%D8%A7%D8%A6%D9%85-%D8%A7%D9%84%D9%85%D8%A7%D9%84%D9%8A%D8%A9-%D8%A7%D9%84%D9%85%D9%8A%D8%B2%D8%A7%D9%86%D9%8A%D8%A9-%D9%88%D9%85%D9%84%D8%AD%D9%82%D8%A7%D8%AA%D9%87%D8%A7
403 Forbidden,Non trouvé,Non trouvé,Non trouvé,Aucun avis,Inconnu,Inconnu,Aucun tag,https://khamsat.com/business/accounting-bookkeeping/2597645-%D8%AA%D9%82%D8%AF%D9%8A%D9%85-%D8%AE%D8%AF%D9%85%D8%A7%D8%AA-%D9%85%D8%A7%D9%84%D9%8A%D8%A9-%D9%88%D9%82%D9%8A%D9%88%D8%AF-%D9%8A%D9%88%D9%85%D9%8A%D8%A9
403 Forbidden,Non trouvé,Non trouvé,Non trouvé,Aucun avis,Inconnu,Inconnu,Aucun tag,https://khamsat.com/business/erp/663862-%D8%AA%D8%B3%D8%AC%D9%8A%D9%84-%D9%82%D9%8A%D9%88%D8%AF-%D8%A7%D9%84%D9%8A%D9%88%D9%85%D9%8A%D8%A9-%D9%88%D8%A7%D8%B9%D8%AF%D8%A7%D8%AF-%D8%A7%D9%84%D9%82%D9%88%D8%A7%D8%A6%D9%85-%D8%A7%D9%84%D9%85%D8%A7%D9%84%D9%8A%D8%A9-%D8%A7%D9%84%D8%AE%D8%AA%D8%A7%D9%85%D9%8A%D8%A9
403 Forbidden,Non trouvé,Non trouvé,Non trouvé,Aucun avis,Inconnu,Inconnu,Aucun tag,https://khamsat.com/business/file-conversion/3426387-%D8%AA%D8%AD%D9%88%D9%8A%D9%84-%D8%A7%D9%84%D9%85%D9%84%D9%81%D8%A7%D8%AA-%D9%85%D9%86-pdf-%D8%A5%D9%84%D9%89-word-%D8%A3%D9%88-excel-%D9%88-%D8%A7%D9%84%D8%B9%D9%83%D8%B3
403 Forbidden,Non trouvé,Non trouvé,Non trouvé,Aucun avis,Inconnu,Inconnu,Aucun tag,https://khamsat.com/business/financial-statements/1805159-%D8%A7%D8%B9%D8%AF%D8%A7%D8%AF-%D8%A7%D9%84%D9%85%D9%8A%D8%B2%D8%A7%D9%86%D9%8A%D8%A7%D8%AA-%D9%88%D8%A7%D9%84%D9%82%D9%88%D8%A7%D8%A6%D9%85-%D8%A7%D9%84%D9%85%D8%A7%D9%84%D9%8A%D8%A9
403 Forbidden,Non trouvé,Non trouvé,Non trouvé,Aucun avis,Inconnu,Inconnu,Aucun tag,https://khamsat.com/business/accounting-bookkeeping/2470356-%D9%85%D8%B1%D8%A7%D8%AC%D8%B9%D8%A9-%D8%B9%D8%AF%D8%AF-%D9%85%D8%B9%D8%A7%D9%85%D9%84%D8%A9-%D9%85%D8%A7-%D9%84%D9%86%D8%B4%D8%A7%D8%B7%D9%83-%D9%88%D8%AA%D9%82%D8%AF%D9%8A%D9%85-%D8%AA%D9%82%D8%B1%D9%8A%D8%B1-%D8%AA%D8%AD%D9%84%D9%8A%D9%84%D9%8A-%D8%B9%D9%86-%D8%A7%D9%84%D9%86%D8%B4%D8%A7%D8%B7
403 Forbidden,Non trouvé,Non trouvé,Non trouvé,Aucun avis,Inconnu,Inconnu,Aucun tag,https://khamsat.com/business/salary/2780701-%D8%A8%D8%B1%D9%86%D8%A7%D9%85%D8%AC-%D9%84%D8%B9%D9%85%D9%84-%D8%B3%D9%84%D9%85-%D8%B1%D9%88%D8%A7%D8%AA%D8%A8-%D8%A7%D8%AD%D8%AA%D8%B1%D8%A7%D9%81%D9%8A
403 Forbidden,Non trouvé,Non trouvé,Non trouvé,Aucun avis,Inconnu,Inconnu,Aucun tag,https://khamsat.com/business/file-conversion/3141333-%D8%AA%D8%AD%D9%88%D9%8A%D9%84-%D9%88%D8%AA%D9%86%D8%B3%D9%8A%D9%82-%D8%A7%D9%84%D9%85%D9%84%D9%81%D8%A7%D8%AA-%D9%85%D9%86-pdf-%D8%A5%D9%84%D9%8A-word-%D9%88%D8%A7%D9%84%D8%B9%D9%83%D8%B3%D8%B9%D8%B1%D8%A8%D9%8A-%D8%A3%D9%88-%D8%A7%D9%86%D8%AC%D9%84%D9%8A%D8%B2%D9%8A
403 Forbidden,Non trouvé,Non trouvé,Non trouvé,Aucun avis,Inconnu,Inconnu,Aucun tag,https://khamsat.com/business/financial-statements/2986129-%D8%A7%D8%B9%D8%AF%D8%A7%D8%AF-%D8%A7%D9%84%D9%82%D9%88%D8%A7%D8%A6%D9%85-%D8%A7%D9%84%D9%85%D8%A7%D9%84%D9%8A%D8%A9-%D8%A8%D9%83%D9%84-%D8%A7%D9%86%D9%88%D8%A7%D8%B9%D9%87%D8%A7-%D9%88%D8%B1%D9%81%D8%B9%D9%87%D8%A7-%D8%A8%D8%A7%D9%84%D9%85%D9%88%D8%A7%D9%82%D8%B9-%D8%A7%D9%84%D8%AD%D9%83%D9%88%D9%85%D9%8A%D8%A9
403 Forbidden,Non trouvé,Non trouvé,Non trouvé,Aucun avis,Inconnu,Inconnu,Aucun tag,https://khamsat.com/business/accounting-bookkeeping/3173111-%D9%85%D8%B3%D9%83-%D8%A7%D9%84%D8%AF%D9%81%D8%A7%D8%AA%D8%B1-%D8%A7%D9%84%D9%85%D8%AD%D8%A7%D8%B3%D8%A8%D9%8A%D8%A9-%D8%A8%D8%A7%D8%B3%D8%AA%D8%AE%D8%AF%D8%A7%D9%85-%D8%A8%D8%B1%D9%86%D8%A7%D9%85%D8%AC-%D8%A7%D9%84%D8%A7%D9%83%D8%B3%D9%84-excel
403 Forbidden,Non trouvé,Non trouvé,Non trouvé,Aucun avis,Inconnu,Inconnu,Aucun tag,https://khamsat.com/business/performance-management/2922106-%D8%A8%D8%B1%D9%86%D8%A7%D9%85%D8%AC-%D8%AA%D9%82%D9%8A%D9%8A%D9%85-%D8%A7%D9%84%D8%A7%D8%AF%D8%A7%D8%A1-%D8%A7%D9%84%D9%85%D8%B1%D9%86
403 Forbidden,Non trouvé,Non trouvé,Non trouvé,Aucun avis,Inconnu,Inconnu,Aucun tag,https://khamsat.com/business/file-conversion/3419001-%D8%AA%D8%AD%D9%88%D9%8A%D9%84-%D9%85%D9%84%D9%81%D8%A7%D8%AA-%D8%A8%D8%B5%D9%8A%D8%BA%D8%A9-pdf-%D8%A5%D9%84%D9%89-word-%D8%A8%D8%A7%D8%AD%D8%AA%D8%B1%D8%A7%D9%81%D9%8A%D8%A9
403 Forbidden,Non trouvé,Non trouvé,Non trouvé,Aucun avis,Inconnu,Inconnu,Aucun tag,https://khamsat.com/business/accounting-bookkeeping/2457099-%D9%85%D8%AD%D8%A7%D8%B3%D8%A8-%D9%85%D8%A7%D9%84%D9%8A-%D8%B9%D9%84%D9%89-%D8%A8%D8%B1%D9%86%D8%A7%D9%85%D8%AC-%D8%A7%D9%83%D8%B3%D9%84
403 Forbidden,Non trouvé,Non trouvé,Non trouvé,Aucun avis,Inconnu,Inconnu,Aucun tag,https://khamsat.com/business/financial-statements/3695829-%D9%85%D8%AD%D8%A7%D8%B3%D8%A8-%D9%85%D8%A7%D9%84%D9%8A-%D8%A3%D8%B3%D8%AA%D8%B7%D9%8A%D8%B9-%D8%A7%D9%84%D9%82%D9%8A%D8%A7%D9%85-%D8%A8%D9%83%D8%A7%D9%81%D8%A9-%D8%A7%D9%84%D8%AE%D8%AF%D9%85%D8%A7%D8%AA-%D8%A7%D9%84%D9%85%D8%AD%D8%A7%D8%B3%D8%A8%D9%8A%D8%A9-erp-%D9%88%D8%A7%D9%83%D8%B3%D9%84
403 Forbidden,Non trouvé,Non trouvé,Non trouvé,Aucun avis,Inconnu,Inconnu,Aucun tag,https://khamsat.com/business/organizational-development/3037071-%D8%AA%D8%B5%D9%85%D9%8A%D9%85-%D9%87%D9%8A%D9%83%D9%84-%D8%AA%D9%86%D8%B8%D9%8A%D9%85%D9%8A-%D8%A7%D8%AD%D8%AA%D8%B1%D8%A7%D9%81%D9%8A-%D9%84%D8%AA%D9%86%D8%B8%D9%8A%D9%85-%D9%88%D8%A5%D8%AF%D8%A7%D8%B1%D8%A9-%D9%85%D8%A4%D8%B3%D8%B3%D8%AA%D9%83-%D8%A8%D9%83%D9%81%D8%A7%D8%A1%D8%A9
403 Forbidden,Non trouvé,Non trouvé,Non trouvé,Aucun avis,Inconnu,Inconnu,Aucun tag,https://khamsat.com/business/file-conversion/3165683-%D8%AA%D8%AD%D9%88%D9%8A%D9%84-%D9%85%D9%84%D9%81-pdf-%D8%A5%D9%84%D9%8A-word-%D9%88%D8%A7%D9%84%D8%B9%D9%83%D8%B3-%D9%85%D9%81%D8%AA%D9%88%D8%AD-%D8%A7%D9%84%D8%AA%D8%B9%D8%AF%D9%8A%D9%84
403 Forbidden,Non trouvé,Non trouvé,Non trouvé,Aucun avis,Inconnu,Inconnu,Aucun tag,https://khamsat.com/business/financial-statements/1930084-60-%D9%86%D9%85%D9%88%D8%AF%D8%AC-%D9%84%D8%AF%D9%88%D8%B1%D9%87-%D9%85%D8%B3%D8%AA%D9%86%D8%AF%D9%8A%D9%87-%D9%85%D8%AD%D8%A7%D8%B3%D8%A8%D9%8A%D9%87-%D9%88-hr-%D9%84%D9%85%D8%B1%D8%A7%D9%82%D8%A8%D9%87-%D9%88%D8%AD%D9%81%D8%B8-%D8%A7%D9%84%D8%A8%D9%8A%D8%A7%D9%86%D8%A7%D8%AA
403 Forbidden,Non trouvé,Non trouvé,Non trouvé,Aucun avis,Inconnu,Inconnu,Aucun tag,https://khamsat.com/business/accounting-bookkeeping/2839494-%D8%A8%D8%B1%D9%86%D8%A7%D9%85%D8%AC-%D9%85%D8%B1%D8%A7%D9%82%D8%A8%D8%A9-%D9%88%D8%A7%D8%AF%D8%A7%D8%B1%D8%A9-%D8%A7%D9%84%D9%85%D8%B3%D8%AA%D9%88%D8%AF%D8%B9-%D9%88%D8%AA%D8%B3%D8%AC%D9%8A%D9%84-%D8%A7%D9%84%D9%85%D8%A8%D9%8A%D8%B9%D8%A7%D8%AA-%D9%88%D8%A7%D9%84%D9%85%D8%B4%D8%AA%D8%B1%D9%8A%D8%A7%D8%AA-%D9%88%D9%85%D8%B9%D8%B1%D9%81%D8%A9-%D8%B5%D8%A7%D9%81%D9%8A-%D8%A7%D9%84%D8%B1%D8%A8%D8%AD-%D9%88%D8%AA%D8%AD%D9%84%D9%8A%D9%84-%D8%A7%D9%84%D9%85%D8%A8%D9%8A%D8%B9%D8%A7%D8%AA-%D9%88%D8%A7%D9%84%D9%85%D8%B4%D8%AA%D8%B1%D9%8A%D8%A7%D8%AA
403 Forbidden,Non trouvé,Non trouvé,Non trouvé,Aucun avis,Inconnu,Inconnu,Aucun tag,https://khamsat.com/business/human-resources-consulting/3017431-%D8%A7%D8%B3%D8%AA%D8%B4%D8%A7%D8%B1%D8%A7%D8%AA-%D8%A5%D8%AF%D8%A7%D8%B1%D9%8A%D8%A9-%D9%81%D9%8A-%D8%A7%D9%84%D9%85%D9%88%D8%A7%D8%B1%D8%AF-%D8%A7%D9%84%D8%A8%D8%B4%D8%B1%D9%8A%D8%A9-%D9%88%D8%A7%D9%84%D8%AA%D8%AE%D8%B7%D9%8A%D8%B7-%D8%A7%D9%84%D8%A7%D8%B3%D8%AA%D8%B1%D8%A7%D8%AA%D9%8A%D8%AC%D9%8A
403 Forbidden,Non trouvé,Non trouvé,Non trouvé,Aucun avis,Inconnu,Inconnu,Aucun tag,https://khamsat.com/business/file-conversion/3435957-%D8%AA%D8%AD%D8%B1%D9%8A%D8%B1-%D8%A7%D9%84%D9%85%D9%84%D9%81%D8%A7%D8%AA-%D9%88%D8%AA%D8%AD%D9%88%D9%8A%D9%84%D9%87%D8%A7-%D9%85%D9%86-%D8%A7%D9%8A-%D8%B5%D9%8A%D8%BA%D8%A9-%D8%A7%D9%84%D9%8A-pdf
403 Forbidden,Non trouvé,Non trouvé,Non trouvé,Aucun avis,Inconnu,Inconnu,Aucun tag,https://khamsat.com/business/financial-statements/3882946-%D8%A5%D8%B9%D8%AF%D8%A7%D8%AF-%D8%A7%D9%84%D9%82%D9%88%D8%A7%D8%A6%D9%85-%D8%A7%D9%84%D9%85%D8%A7%D9%84%D9%8A%D8%A9-%D8%A8%D8%A7%D9%84%D9%84%D8%BA%D8%A9-%D8%A7%D9%84%D8%B9%D8%B1%D8%A8%D9%8A%D8%A9-%D8%A3%D9%88-%D8%A7%D9%84%D8%A7%D9%86%D8%AC%D9%84%D9%8A%D8%B2%D9%8A%D8%A9
403 Forbidden,Non trouvé,Non trouvé,Non trouvé,Aucun avis,Inconnu,Inconnu,Aucun tag,https://khamsat.com/business/accounting-bookkeeping/3787526-%D8%B4%D9%8A%D8%AA-%D8%A7%D8%AD%D8%AA%D8%B1%D8%A7%D9%81%D9%8A-%D9%84%D8%A5%D8%AF%D8%A7%D8%B1%D8%A9-%D8%AD%D8%B3%D8%A7%D8%A8%D8%A7%D8%AA-%D8%A7%D9%84%D9%85%D8%B7%D8%A7%D8%B9%D9%85-2025
403 Forbidden,Non trouvé,Non trouvé,Non trouvé,Aucun avis,Inconnu,Inconnu,Aucun tag,https://khamsat.com/business/recruiting/2041364-%D8%AF%D9%84%D9%8A%D9%84-%D9%85%D9%88%D8%B8%D9%81%D9%8A-%D8%A7%D9%84%D9%85%D9%88%D8%A7%D8%B1%D8%AF-%D8%A7%D9%84%D8%A8%D8%B4%D8%B1%D9%8A%D8%A9-%D8%B9%D9%84%D9%89-%D9%85%D9%88%D9%82%D8%B9-%D8%A7%D9%84%D9%84%D9%8A%D9%86%D9%83%D8%AF%D8%A7%D9%86-linkedin
403 Forbidden,Non trouvé,Non trouvé,Non trouvé,Aucun avis,Inconnu,Inconnu,Aucun tag,https://khamsat.com/business/file-conversion/3093781-%D8%AE%D8%AF%D9%85%D8%A9-%D8%AA%D8%AD%D9%88%D9%8A%D9%84-%D8%A7%D9%84%D9%86%D8%B5%D9%88%D8%B5-%D8%A8%D8%AF%D9%82%D8%A9-%D9%85%D9%86-%D8%A7%D9%84%D8%B5%D9%88%D8%B1-%D8%A5%D9%84%D9%89-%D9%85%D9%84%D9%81%D8%A7%D8%AA-word-%D9%88-pdf
403 Forbidden,Non trouvé,Non trouvé,Non trouvé,Aucun avis,Inconnu,Inconnu,Aucun tag,https://khamsat.com/business/financial-statements/3676861-%D9%8A%D9%88%D9%85%D9%8A%D8%A9-%D8%A3%D9%85%D8%B1%D9%8A%D9%83%D9%8A%D8%A9-%D8%A7%D9%83%D8%B3%D9%84-%D8%AC%D8%A7%D9%87%D8%B2-%D9%85%D9%86-%D8%AA%D8%B5%D9%85%D9%8A%D9%85%D9%89-%D8%B4%D8%A7%D9%85%D9%84%D8%A9-%D8%A7%D9%84%D9%82%D9%88%D8%A7%D8%A6%D9%85-%D8%A7%D9%84%D9%85%D8%A7%D9%84%D9%8A%D8%A9
403 Forbidden,Non trouvé,Non trouvé,Non trouvé,Aucun avis,Inconnu,Inconnu,Aucun tag,https://khamsat.com/business/accounting-bookkeeping/2316794-%D9%85%D8%AD%D8%A7%D8%B3%D8%A8-%D8%B9%D9%86-%D8%A8%D8%B9%D8%AF-%D9%84%D8%AA%D9%86%D8%B8%D9%8A%D9%85-%D8%A7%D8%B9%D9%85%D8%A7%D9%84%D9%83-%D8%A7%D9%84%D9%85%D8%AD%D8%A7%D8%B3%D8%A8%D9%8A%D8%A9
403 Forbidden,Non trouvé,Non trouvé,Non trouvé,Aucun avis,Inconnu,Inconnu,Aucun tag,https://khamsat.com/business/salary/2914833-%D8%A8%D8%B1%D9%86%D8%A7%D9%85%D8%AC-%D9%85%D8%AE%D8%A7%D9%84%D9%81%D8%A7%D8%AA-%D9%88%D8%B9%D9%82%D9%88%D8%A8%D8%A7%D8%AA-%D8%A7%D9%84%D9%85%D9%88%D8%B8%D9%81%D9%8A%D9%86
403 Forbidden,Non trouvé,Non trouvé,Non trouvé,Aucun avis,Inconnu,Inconnu,Aucun tag,https://khamsat.com/business/file-conversion/3653698-%D8%AA%D8%AD%D9%88%D9%8A%D9%84-%D9%85%D9%84%D9%81%D8%A7%D8%AA%D9%83-%D9%85%D9%86-word-%D8%A7%D9%84%D9%89-pdf-%D9%88%D8%A7%D9%84%D8%B9%D9%83%D8%B3
403 Forbidden,Non trouvé,Non trouvé,Non trouvé,Aucun avis,Inconnu,Inconnu,Aucun tag,https://khamsat.com/business/financial-statements/3288928-%D8%B9%D9%85%D9%84-%D8%A7%D9%84%D9%82%D9%88%D8%A7%D8%A6%D9%85-%D8%A7%D9%84%D9%85%D8%A7%D9%84%D9%8A%D8%A9-%D9%81%D9%8A-%D8%B6%D9%88%D8%A1-%D9%85%D8%B9%D8%A7%D9%8A%D9%8A%D8%B1-%D8%A7%D9%84%D9%85%D8%AD%D8%A7%D8%B3%D8%A8%D8%A9-%D8%A7%D9%84%D9%85%D8%B9%D8%AA%D9%85%D8%AF%D8%A9
403 Forbidden,Non trouvé,Non trouvé,Non trouvé,Aucun avis,Inconnu,Inconnu,Aucun tag,https://khamsat.com/business/accounting-bookkeeping/2516162-%D9%85%D8%AD%D8%A7%D8%B3%D8%A8-%D9%84%D8%A5%D8%B9%D8%AF%D8%A7%D8%AF-%D8%A7%D9%84%D9%82%D9%8A%D9%88%D8%AF-%D9%88%D8%A7%D9%84%D9%82%D9%88%D8%A7%D8%A6%D9%85-%D8%A7%D9%84%D9%85%D8%A7%D9%84%D9%8A%D8%A9-%D9%88-%D8%A7%D9%84%D8%A7%D9%83%D8%B3%D9%84%D8%A7%D8%AA-%D8%A7%D9%84%D9%85%D8%AD%D8%A7%D8%B3%D8%A8%D9%8A%D8%A9
403 Forbidden,Non trouvé,Non trouvé,Non trouvé,Aucun avis,Inconnu,Inconnu,Aucun tag,https://khamsat.com/business/organizational-development/2892313-%D8%A8%D9%86%D8%A7%D8%A1-%D8%A5%D8%B7%D8%A7%D8%B1-%D8%A7%D9%84%D8%AC%D8%AF%D8%A7%D8%B1%D8%A7%D8%AA-%D8%AA%D8%B5%D9%85%D9%8A%D9%85-%D9%85%D8%B5%D9%81%D9%88%D9%81%D8%A9-%D8%A7%D9%84%D9%83%D9%81%D8%A7%D8%A1%D8%A7%D8%AA-competency-matrix
403 Forbidden,Non trouvé,Non trouvé,Non trouvé,Aucun avis,Inconnu,Inconnu,Aucun tag,https://khamsat.com/business/file-conversion/3778621-%D8%AA%D8%B9%D8%AF%D9%8A%D9%84-%D9%88%D8%AA%D8%AD%D9%88%D9%8A%D9%84-%D9%85%D9%84%D9%81%D8%A7%D8%AA-pdf-%D8%AF%D9%85%D8%AC-%D8%AA%D9%82%D8%B3%D9%8A%D9%85-%D8%B6%D8%BA%D8%B7-%D9%88%D8%BA%D9%8A%D8%B1%D9%87%D8%A7
403 Forbidden,Non trouvé,Non trouvé,Non trouvé,Aucun avis,Inconnu,Inconnu,Aucun tag,https://khamsat.com/business/financial-statements/3439843-%D8%A5%D8%B9%D8%AF%D8%A7%D8%AF-%D8%A7%D9%84%D9%82%D9%88%D8%A7%D8%A6%D9%85-%D8%A7%D9%84%D9%85%D8%A7%D9%84%D9%8A%D8%A9-%D9%84%D9%84%D8%B4%D8%B1%D9%83%D8%A7%D8%AA-%D8%A8%D8%A7%D8%B3%D8%AA%D8%AE%D8%AF%D8%A7%D9%85-excel-%D8%A8%D8%AF%D9%82%D8%A9-%D9%88%D8%A7%D8%AD%D8%AA%D8%B1%D8%A7%D9%81
403 Forbidden,Non trouvé,Non trouvé,Non trouvé,Aucun avis,Inconnu,Inconnu,Aucun tag,https://khamsat.com/business/accounting-bookkeeping/2484180-%D9%85%D8%AD%D8%A7%D8%B3%D8%A8-%D8%B9%D9%86-%D8%A8%D8%B9%D8%AF-%D9%84%D8%AA%D9%86%D8%B8%D9%8A%D9%85-%D8%A7%D9%84%D8%A3%D8%B9%D9%85%D8%A7%D9%84-%D8%A7%D9%84%D9%85%D8%A7%D9%84%D9%8A%D8%A9-%D9%88%D8%A7%D9%84%D8%AF%D9%81%D8%AA%D8%B1%D9%8A%D8%A9
403 Forbidden,Non trouvé,Non trouvé,Non trouvé,Aucun avis,Inconnu,Inconnu,Aucun tag,https://khamsat.com/business/organizational-development/2971745-%D8%AA%D9%86%D9%81%D9%8A%D8%B0-%D8%A5%D8%AC%D8%B1%D8%A7%D8%A1%D8%A7%D8%AA-onboarding-for-new-employees
403 Forbidden,Non trouvé,Non trouvé,Non trouvé,Aucun avis,Inconnu,Inconnu,Aucun tag,https://khamsat.com/business/file-conversion/3719984-%D8%AA%D8%AD%D9%88%D9%8A%D9%84-%D9%85%D8%B6%D9%85%D9%88%D9%86-%D9%85%D9%86-pdf-%D8%A5%D9%84%D9%89-word-%D9%88%D8%A8%D8%A7%D9%84%D8%B9%D9%83%D8%B3-%D8%A8%D8%AF%D9%82%D8%A9
403 Forbidden,Non trouvé,Non trouvé,Non trouvé,Aucun avis,Inconnu,Inconnu,Aucun tag,https://khamsat.com/business/trading-stock-analysis/2635669-%D8%A7%D8%B3%D8%AA%D8%B4%D8%A7%D8%B1%D9%87-%D9%81%D9%89-%D8%A7%D9%84%D8%AA%D8%AF%D8%A7%D9%88%D9%84-%D8%A7%D9%84%D8%A7%D9%84%D9%89-%D8%AF%D9%88%D9%86-%D8%A7%D9%84%D8%AA%D8%AF%D8%AE%D9%84-%D8%A7%D9%84%D8%A8%D8%B4%D8%B1%D9%89
403 Forbidden,Non trouvé,Non trouvé,Non trouvé,Aucun avis,Inconnu,Inconnu,Aucun tag,https://khamsat.com/business/financial-statements/3791396-%D8%B3%D8%A3%D9%82%D9%88%D9%85-%D8%A8%D8%AA%D8%B3%D8%AC%D9%8A%D9%84-%D8%A7%D9%84%D9%82%D9%8A%D9%88%D8%AF-%D8%A7%D9%84%D9%8A%D9%88%D9%85%D9%8A%D8%A9-%D9%88%D8%AA%D9%86%D8%B8%D9%8A%D9%85-%D8%A7%D9%84%D8%AD%D8%B3%D8%A7%D8%A8%D8%A7%D8%AA-%D8%A7%D9%84%D9%85%D8%A7%D9%84%D9%8A%D8%A9-%D8%A8%D8%A7%D8%AD%D8%AA%D8%B1%D8%A7%D9%81%D9%8A
403 Forbidden,Non trouvé,Non trouvé,Non trouvé,Aucun avis,Inconnu,Inconnu,Aucun tag,https://khamsat.com/business/performance-management/2895946-%D9%85%D8%A4%D8%B4%D8%B1%D8%A7%D8%AA-%D9%82%D9%8A%D8%A7%D8%B3-%D9%88%D8%AA%D9%82%D9%8A%D9%8A%D9%85-%D8%A3%D8%AF%D8%A7%D8%A1-%D8%A7%D9%84%D9%85%D9%88%D8%B8%D9%81%D9%8A%D9%86-%D8%A7%D9%84%D8%B1%D8%A6%D9%8A%D8%B3%D9%8A%D8%A9-kpis
403 Forbidden,Non trouvé,Non trouvé,Non trouvé,Aucun avis,Inconnu,Inconnu,Aucun tag,https://khamsat.com/business/file-conversion/3413564-%D8%B3%D8%A3%D9%82%D9%88%D9%85-%D8%A8%D8%AA%D8%AD%D9%88%D9%8A%D9%84-%D9%85%D9%84%D9%81%D8%A7%D8%AA-pdf-%D8%A5%D9%84%D9%89-word-%D8%A3%D9%88-excel-%D8%A8%D8%AF%D9%82%D8%A9-%D9%88%D8%B3%D8%B1%D8%B9%D8%A9
403 Forbidden,Non trouvé,Non trouvé,Non trouvé,Aucun avis,Inconnu,Inconnu,Aucun tag,https://khamsat.com/business/financial-analysis/2442604-%D8%A7%D9%84%D8%AA%D8%AD%D9%84%D9%8A%D9%84-%D8%A7%D9%84%D9%82%D9%8A%D8%A7%D8%B3%D9%8A-%D9%88%D8%A7%D9%84%D9%85%D8%A7%D9%84%D9%8A-%D8%A8%D9%88%D8%A7%D8%B3%D8%B7%D8%A9-%D8%A8%D8%B1%D9%86%D8%A7%D9%85%D8%AC-e-views
403 Forbidden,Non trouvé,Non trouvé,Non trouvé,Aucun avis,Inconnu,Inconnu,Aucun tag,https://khamsat.com/business/financial-statements/3884601-%D9%86%D8%B8%D8%A7%D9%85-%D9%85%D8%AD%D8%A7%D8%B3%D8%A8%D9%8A-%D9%82%D9%8A%D9%88%D8%AF-%D9%8A%D9%88%D9%85%D9%8A%D8%A9-%D8%B4%D8%AC%D8%B1%D8%A9-%D8%AD%D8%B3%D8%A7%D8%A8%D8%A7%D8%AA-%D9%83%D8%B4%D9%81-%D8%AD%D8%B3%D8%A7%D8%A8
403 Forbidden,Non trouvé,Non trouvé,Non trouvé,Aucun avis,Inconnu,Inconnu,Aucun tag,https://khamsat.com/business/organizational-development/2892466-%D8%AA%D8%B5%D9%85%D9%8A%D9%85-%D9%87%D9%8A%D9%83%D9%84-%D8%AA%D9%86%D8%B8%D9%8A%D9%85%D9%8A-%D8%A5%D8%AF%D8%A7%D8%B1%D9%8A-org-design-excellence-structure
403 Forbidden,Non trouvé,Non trouvé,Non trouvé,Aucun avis,Inconnu,Inconnu,Aucun tag,https://khamsat.com/business/file-conversion/3252988-%D8%AA%D8%AD%D9%88%D9%8A%D9%84-%D9%85%D9%84%D9%81%D8%A7%D8%AA-pdf-%D8%A5%D9%84%D9%89-word
403 Forbidden,Non trouvé,Non trouvé,Non trouvé,Aucun avis,Inconnu,Inconnu,Aucun tag,https://khamsat.com/business/accounting-bookkeeping/2435585-%D8%B9%D9%85%D9%84-%D8%AA%D9%82%D8%A7%D8%B1%D9%8A%D8%B1-%D9%85%D8%A7%D9%84%D9%8A%D8%A9-%D9%85%D8%A8%D9%8A%D8%B9%D8%A7%D8%AA-%D9%85%D8%B4%D8%AA%D8%B1%D9%8A%D8%A7%D8%AA-%D8%B1%D9%88%D8%A7%D8%AA%D8%A8-%D8%A7%D9%84%D8%A3%D8%B1%D8%A8%D8%A7%D8%AD
403 Forbidden,Non trouvé,Non trouvé,Non trouvé,Aucun avis,Inconnu,Inconnu,Aucun tag,https://khamsat.com/business/financial-statements/3696845-%D8%A5%D8%B9%D8%AF%D8%A7%D8%AF-%D8%A7%D9%84%D9%82%D9%88%D8%A7%D8%A6%D9%85-%D8%A7%D9%84%D9%85%D8%A7%D9%84%D9%8A%D8%A9-%D8%A7%D9%84%D8%AF%D8%AE%D9%84-%D8%A7%D9%84%D9%85%D9%8A%D8%B2%D8%A7%D9%86%D9%8A%D8%A9-%D8%A7%D9%84%D8%AA%D8%AF%D9%81%D9%82%D8%A7%D8%AA-%D8%A7%D9%84%D9%86%D9%82%D8%AF%D9%8A%D8%A9
403 Forbidden,Non trouvé,Non trouvé,Non trouvé,Aucun avis,Inconnu,Inconnu,Aucun tag,https://khamsat.com/business/human-resources-systems/3843670-%D9%84%D8%A7%D8%A6%D8%AD%D8%A9-%D8%AA%D9%86%D8%B8%D9%8A%D9%85-%D8%A7%D9%84%D8%B9%D9%85%D9%84-%D8%A5%D8%AF%D8%A7%D8%B1%D8%A9-%D8%A7%D9%84%D9%85%D9%88%D8%A7%D8%B1%D8%AF-%D8%A7%D9%84%D8%A8%D8%B4%D8%B1%D9%8A%D8%A9
403 Forbidden,Non trouvé,Non trouvé,Non trouvé,Aucun avis,Inconnu,Inconnu,Aucun tag,https://khamsat.com/business/file-conversion/3063362-%D8%AA%D8%AD%D9%88%D9%8A%D9%84-%D8%AC%D9%85%D9%8A%D8%B9-%D8%A3%D9%86%D9%88%D8%A7%D8%B9-%D9%85%D9%84%D9%81%D8%A7%D8%AA-pdf-%D8%A5%D9%84%D9%89-word-%D8%A8%D8%AF%D9%82%D8%A9-%D9%88%D8%AD%D8%B1%D9%81%D9%8A%D8%A9-%D8%B9%D8%A7%D9%84%D9%8A%D8%A9
403 Forbidden,Non trouvé,Non trouvé,Non trouvé,Aucun avis,Inconnu,Inconnu,Aucun tag,https://khamsat.com/business/financial-statements/3739281-%D8%AA%D8%B3%D8%AC%D9%8A%D9%84-%D8%A7%D9%84%D8%A8%D9%8A%D8%A7%D9%86%D8%A7%D8%AA-%D8%A7%D9%84%D9%85%D8%A7%D9%84%D9%8A%D8%A9-%D8%B9%D9%84%D9%89-%D8%A7%D9%84%D8%A8%D8%B1%D8%A7%D9%85%D8%AC-%D8%A7%D9%84%D9%85%D8%AD%D8%A7%D8%B3%D8%A8%D9%8A%D8%A9
403 Forbidden,Non trouvé,Non trouvé,Non trouvé,Aucun avis,Inconnu,Inconnu,Aucun tag,https://khamsat.com/business/accounting-bookkeeping/1815813-%D8%AD%D8%B3%D8%A7%D8%A8-%D8%AA%D9%83%D9%84%D9%81%D8%A9-%D8%AA%D8%B5%D9%86%D9%8A%D8%B9-%D9%85%D9%86%D8%AA%D8%AC-%D9%85%D8%B9-%D8%AA%D9%88%D8%B6%D9%8A%D8%AD-%D8%B9%D9%86%D8%A7%D8%B5%D8%B1-%D8%A7%D9%84%D8%AA%D9%83%D9%84%D9%81%D8%A9
403 Forbidden,Non trouvé,Non trouvé,Non trouvé,Aucun avis,Inconnu,Inconnu,Aucun tag,https://khamsat.com/business/file-conversion/836054-%D8%AA%D8%AD%D9%88%D9%8A%D9%84-10-%D8%B5%D9%88%D8%B1-%D8%A7%D9%88-%D8%B5%D9%81%D8%AD%D8%A7%D8%AA-pdf-%D8%A7%D9%84%D9%8A-%D9%88%D9%88%D8%B1%D8%AF-word-%D8%A7%D9%88-%D8%A7%D9%83%D8%B3%D9%8A%D9%84-excel
403 Forbidden,Non trouvé,Non trouvé,Non trouvé,Aucun avis,Inconnu,Inconnu,Aucun tag,https://khamsat.com/business/organizational-development/3388347-%D8%AA%D8%B5%D9%85%D9%8A%D9%85-%D9%87%D9%8A%D9%83%D9%84-%D8%AA%D9%86%D8%B8%D9%8A%D9%85%D9%8A-%D9%88%D8%A7%D8%B6%D8%AD-%D9%88%D9%85%D9%86%D8%B8%D9%85-%D9%8A%D8%AF%D8%B9%D9%85-%D9%86%D9%85%D9%88-%D8%B4%D8%B1%D9%83%D8%AA%D9%83-%D8%A8%D8%A8%D8%B1%D9%86%D8%A7%D9%85%D8%AC-visio
403 Forbidden,Non trouvé,Non trouvé,Non trouvé,Aucun avis,Inconnu,Inconnu,Aucun tag,https://khamsat.com/business/financial-statements/3067371-%D8%A5%D8%B9%D8%AF%D8%A7%D8%AF-%D9%82%D9%88%D8%A7%D8%A6%D9%85-%D9%85%D8%A7%D9%84%D9%8A%D8%A9-%D8%B5%D9%81%D8%B1%D9%8A%D8%A9-%D9%84%D9%81%D8%AA%D8%B1%D8%A9-%D9%84%D8%A7-%D8%AA%D8%AA%D8%B7%D9%84%D8%A8-%D9%85%D8%B1%D8%A7%D8%AC%D8%B9-%D8%AD%D8%B3%D8%A7%D8%A8%D8%A7%D8%AA
403 Forbidden,Non trouvé,Non trouvé,Non trouvé,Aucun avis,Inconnu,Inconnu,Aucun tag,https://khamsat.com/business/accounting-bookkeeping/2457803-%D9%85%D8%AD%D8%A7%D8%B3%D8%A8-%D8%B9%D9%86-%D8%A8%D8%B9%D8%AF-%D9%84%D9%84%D9%85%D9%86%D8%B4%D8%A2%D8%AA-%D8%A7%D9%84%D9%85%D8%AE%D8%AA%D9%84%D9%81%D8%A9
403 Forbidden,Non trouvé,Non trouvé,Non trouvé,Aucun avis,Inconnu,Inconnu,Aucun tag,https://khamsat.com/business/file-conversion/3038083-%D8%AA%D8%AD%D9%88%D9%8A%D9%84-%D9%85%D9%84%D9%81-%D9%85%D9%86-pdf-%D8%A5%D9%84%D9%89-word-%D8%AA%D8%AD%D9%88%D9%8A%D9%84-%D9%8A%D8%AF%D9%88%D9%8A-%D8%AF%D9%82%D9%8A%D9%82
403 Forbidden,Non trouvé,Non trouvé,Non trouvé,Aucun avis,Inconnu,Inconnu,Aucun tag,https://khamsat.com/business/organizational-development/3027619-%D8%A3%D8%B9%D8%AF%D8%A7%D8%AF-%D8%A7%D9%84%D9%87%D9%8A%D8%A7%D9%83%D9%84-%D8%A7%D9%84%D8%AA%D9%86%D8%B8%D9%8A%D9%85%D9%8A%D8%A9-%D9%88%D8%AE%D8%B1%D8%A7%D8%A6%D8%B7-%D8%AA%D8%AF%D9%81%D9%82-%D8%A7%D9%84%D8%B9%D9%85%D9%84%D9%8A%D8%A7%D8%AA-visio
403 Forbidden,Non trouvé,Non trouvé,Non trouvé,Aucun avis,Inconnu,Inconnu,Aucun tag,https://khamsat.com/business/financial-statements/2530422-%D8%AA%D8%AC%D9%87%D9%8A%D8%B2-%D8%A7%D9%84%D8%A7%D9%82%D8%B1%D8%A7%D8%B1%D8%A7%D8%AA-%D8%A7%D9%84%D8%B6%D8%B1%D9%8A%D8%A8%D9%8A%D8%A9-%D9%88%D8%A7%D9%84%D9%88%D8%B9%D8%A7%D8%A1-%D8%A7%D9%84%D8%B2%D9%83%D9%88%D9%8A-%D9%84%D8%A5%D8%AD%D8%AA%D8%B3%D8%A7%D8%A8-%D8%A7%D9%84%D8%B2%D9%83%D8%A7%D8%A9
403 Forbidden,Non trouvé,Non trouvé,Non trouvé,Aucun avis,Inconnu,Inconnu,Aucun tag,https://khamsat.com/business/accounting-bookkeeping/2233132-%D8%AA%D8%B3%D8%B9%D9%8A%D8%B1-%D8%A7%D9%84%D9%85%D9%86%D8%AA%D8%AC%D8%A7%D8%AA-%D9%88%D9%81%D9%82-%D8%A7%D8%B3%D8%B9%D8%A7%D8%B1-%D8%A8%D9%8A%D8%B9-%D9%85%D8%AF%D8%B1%D9%88%D8%B3%D8%A9-%D9%88%D8%A8%D9%87%D8%A7%D9%85%D8%B4-%D8%B1%D8%A8%D8%AD-%D9%85%D8%B9%D9%84%D9%88%D9%85
403 Forbidden,Non trouvé,Non trouvé,Non trouvé,Aucun avis,Inconnu,Inconnu,Aucun tag,https://khamsat.com/business/file-conversion/2754193-%D8%AA%D8%AD%D9%88%D9%8A%D9%84-%D9%85%D9%84%D9%81-pdf-%D8%A5%D9%84%D9%89-%D9%88%D9%88%D8%B1%D8%AF-%D8%A3%D9%88-%D8%A5%D9%83%D8%B3%D9%8A%D9%84
403 Forbidden,Non trouvé,Non trouvé,Non trouvé,Aucun avis,Inconnu,Inconnu,Aucun tag,https://khamsat.com/business/human-resources-systems/2619914-%D8%A8%D8%B1%D9%86%D8%A7%D9%85%D8%AC-%D9%85%D9%88%D8%A7%D8%B1%D8%AF-%D8%A8%D8%B4%D8%B1%D9%8A%D8%A9-%D9%84%D9%84%D9%85%D9%88%D8%B8%D9%81%D9%8A%D9%86-%D9%84%D8%A7%D8%AF%D8%A7%D8%B1%D8%A9-%D8%A7%D9%84%D9%88%D9%82%D8%AA-%D9%88%D8%A7%D9%84%D8%A7%D8%AC%D8%A7%D8%B2%D8%A7%D8%AA
403 Forbidden,Non trouvé,Non trouvé,Non trouvé,Aucun avis,Inconnu,Inconnu,Aucun tag,https://khamsat.com/business/financial-statements/2819229-%D8%A7%D8%B9%D8%AF%D8%A7%D8%AF-%D9%82%D9%88%D8%A7%D8%A6%D9%85-%D9%85%D8%A7%D9%84%D9%8A%D8%A9-%D9%88%D9%85%D9%8A%D8%B2%D8%A7%D9%86-%D8%A7%D9%84%D9%85%D8%B1%D8%A7%D8%AC%D8%B9%D8%A9-%D9%88%D8%A7%D9%86%D8%B4%D8%A7%D8%A1-%D9%82%D9%8A%D9%88%D8%AF-%D9%85%D8%AD%D8%A7%D8%B3%D8%A8%D9%8A%D8%A9-%D9%83%D8%A7%D9%85%D9%84%D8%A9
403 Forbidden,Non trouvé,Non trouvé,Non trouvé,Aucun avis,Inconnu,Inconnu,Aucun tag,https://khamsat.com/business/accounting-bookkeeping/3703582-%D8%B9%D9%85%D9%84-%D8%A8%D8%B1%D9%86%D8%A7%D9%85%D8%AC-%D9%85%D8%AD%D8%A7%D8%B3%D8%A8%D9%8A-%D8%B4%D8%A7%D9%85%D9%84-%D8%A7%D9%84%D9%82%D9%8A%D9%88%D8%AF-%D9%88%D8%A7%D9%84%D8%AF%D9%81%D8%A7%D8%AA%D8%B1
403 Forbidden,Non trouvé,Non trouvé,Non trouvé,Aucun avis,Inconnu,Inconnu,Aucun tag,https://khamsat.com/business/file-conversion/3064327-%D8%AA%D8%AD%D9%88%D9%8A%D9%84-%D9%88%D8%AA%D9%81%D8%B1%D9%8A%D8%BA-%D9%85%D9%84%D9%81%D8%A7%D8%AA-pdf-%D8%A5%D9%84%D9%89-word-%D8%A7%D9%88-excel-%D8%A7%D9%88-notepad
403 Forbidden,Non trouvé,Non trouvé,Non trouvé,Aucun avis,Inconnu,Inconnu,Aucun tag,https://khamsat.com/business/human-resources-consulting/2705911-%D9%84%D8%A7%D8%A6%D8%AD%D8%A9-%D8%A5%D8%AF%D8%A7%D8%B1%D8%A9-%D8%A7%D9%84%D9%85%D8%AE%D8%A7%D8%B7%D8%B1-%D9%88%D8%A7%D9%84%D9%85%D8%AA%D9%88%D8%A7%D9%81%D9%82%D8%A9-%D9%85%D8%B9-%D8%A7%D9%84%D9%82%D8%A7%D9%86%D9%88%D9%86-%D8%A7%D9%84%D8%B3%D8%B9%D9%88%D8%AF%D9%8A
403 Forbidden,Non trouvé,Non trouvé,Non trouvé,Aucun avis,Inconnu,Inconnu,Aucun tag,https://khamsat.com/business/financial-statements/3182310-%D9%85%D8%AD%D8%A7%D8%B3%D8%A8-%D9%85%D8%A7%D9%84%D9%8A-%D8%AE%D8%A8%D8%B1%D8%A9-%D9%81%D9%8A-%D8%A7%D8%B9%D8%AF%D8%A7%D8%AF-%D8%A7%D9%84%D9%82%D9%88%D8%A7%D8%A6%D9%85-%D8%A7%D9%84%D9%85%D8%A7%D9%84%D9%8A%D8%A9-%D9%88-%D8%AA%D8%AD%D9%84%D9%8A%D9%84-%D8%A7%D9%84%D8%AD%D8%B3%D8%A7%D8%A8%D8%A7%D8%AA
403 Forbidden,Non trouvé,Non trouvé,Non trouvé,Aucun avis,Inconnu,Inconnu,Aucun tag,https://khamsat.com/business/trading-stock-analysis/2593160-%D8%AA%D8%AD%D9%84%D9%8A%D9%84-%D8%A7%D9%84%D8%A7%D8%B3%D9%87%D9%85-%D9%81%D9%8A-%D8%A7%D8%B3%D9%88%D8%A7%D9%82-%D8%A7%D9%84%D9%85%D8%A7%D9%84-%D8%A7%D9%84%D8%B9%D8%B1%D8%A8%D9%8A%D8%A9-%D9%88%D8%A7%D9%84%D8%B9%D8%A7%D9%84%D9%85%D9%8A%D8%A9
403 Forbidden,Non trouvé,Non trouvé,Non trouvé,Aucun avis,Inconnu,Inconnu,Aucun tag,https://khamsat.com/business/file-conversion/3773107-%D8%AA%D8%AD%D9%88%D9%8A%D9%84-%D9%85%D9%84%D9%81%D8%A7%D8%AA-word-%D8%A5%D9%84%D9%89-excel-%D8%A8%D8%AF%D9%82%D8%A9-%D9%88%D8%A7%D8%AD%D8%AA%D8%B1%D8%A7%D9%81%D9%8A%D8%A9-%D9%85%D8%B9-%D8%AA%D9%86%D8%B3%D9%8A%D9%82-%D9%85%D8%B1%D8%AA%D8%A8
403 Forbidden,Non trouvé,Non trouvé,Non trouvé,Aucun avis,Inconnu,Inconnu,Aucun tag,https://khamsat.com/business/recruiting/2947231-%D8%A5%D8%B9%D8%AF%D8%A7%D8%AF-%D8%A8%D8%B7%D8%A7%D9%82%D8%A9-%D9%88%D8%B5%D9%81-%D9%88%D8%B8%D9%8A%D9%81%D9%8A-job-description
403 Forbidden,Non trouvé,Non trouvé,Non trouvé,Aucun avis,Inconnu,Inconnu,Aucun tag,https://khamsat.com/business/financial-statements/2546036-%D8%AA%D9%82%D8%AF%D9%8A%D9%85-%D8%AE%D8%AF%D9%85%D8%A7%D8%AA-%D9%85%D8%AD%D8%A7%D8%B3%D8%A8%D9%8A%D8%A9-%D9%88%D8%A5%D8%AF%D8%A7%D8%B1%D9%8A%D8%A9
403 Forbidden,Non trouvé,Non trouvé,Non trouvé,Aucun avis,Inconnu,Inconnu,Aucun tag,https://khamsat.com/business/financial-analysis/2478817-%D8%A7%D9%84%D8%AA%D8%AD%D9%84%D9%8A%D9%84-%D8%A7%D9%84%D9%85%D8%A7%D9%84%D9%8A-%D9%84%D9%84%D8%B4%D8%B1%D9%83%D8%A7%D8%AA-%D8%A8%D8%A7%D8%B3%D8%AA%D8%AE%D8%AF%D8%A7%D9%85-%D9%85%D8%A7%D9%8A%D9%83%D8%B1%D9%88%D8%B3%D9%88%D9%81%D8%AA-%D8%A5%D9%83%D8%B3%D9%84
403 Forbidden,Non trouvé,Non trouvé,Non trouvé,Aucun avis,Inconnu,Inconnu,Aucun tag,https://khamsat.com/business/file-conversion/3823379-%D8%AA%D8%AD%D9%88%D9%8A%D9%84-%D8%A7%D9%8A-%D9%85%D8%B3%D8%AA%D9%86%D8%AF-%D8%A7%D9%84%D9%89-%D8%B5%D9%88%D8%B1-%D9%88-%D8%A7%D9%84%D8%B9%D9%83%D8%B3-%D9%88-%D8%A8%D8%AC%D9%88%D8%AF%D8%A9-%D8%B9%D8%A7%D9%84%D9%8A%D8%A9
403 Forbidden,Non trouvé,Non trouvé,Non trouvé,Aucun avis,Inconnu,Inconnu,Aucun tag,https://khamsat.com/business/human-resources-consulting/2213363-%D9%86%D9%85%D9%88%D8%B0%D8%AC-%D8%AE%D8%B7%D8%A9-%D8%B9%D9%85%D9%84-%D8%A5%D8%AF%D8%A7%D8%B1%D8%A9-%D8%A7%D9%84%D9%85%D9%88%D8%A7%D8%B1%D8%AF-%D8%A7%D9%84%D8%A8%D8%B4%D8%B1%D9%8A%D8%A9
403 Forbidden,Non trouvé,Non trouvé,Non trouvé,Aucun avis,Inconnu,Inconnu,Aucun tag,https://khamsat.com/business/financial-statements/3154182-%D8%A5%D8%AF%D8%A7%D8%B1%D8%A9-%D9%85%D8%A7%D9%84%D9%8A%D8%A9-%D8%B9%D9%86-%D8%A8%D8%B9%D8%AF-%D9%84%D8%B6%D8%A8%D8%B7-%D9%88%D8%AA%D9%86%D8%B8%D9%8A%D9%85-%D8%AD%D8%B3%D8%A7%D8%A8%D8%A7%D8%AA%D9%83-%D8%A8%D9%83%D9%81%D8%A7%D8%A1%D8%A9
403 Forbidden,Non trouvé,Non trouvé,Non trouvé,Aucun avis,Inconnu,Inconnu,Aucun tag,https://khamsat.com/business/accounting-bookkeeping/2787781-%D8%B9%D9%85%D9%84-%D8%B4%D9%8A%D8%AA-%D8%A7%D9%83%D8%B3%D9%84-%D9%84%D8%AD%D8%B3%D8%A7%D8%A8-%D8%A7%D8%AC%D9%85%D8%A7%D9%84%D9%8A-%D8%A7%D9%84%D8%A7%D9%8A%D8%B1%D8%A7%D8%AF-%D9%84%D8%AC%D9%85%D9%8A%D8%B9-%D8%A7%D9%84%D8%A7%D9%86%D8%B4%D8%B7%D8%A9
403 Forbidden,Non trouvé,Non trouvé,Non trouvé,Aucun avis,Inconnu,Inconnu,Aucun tag,https://khamsat.com/business/organizational-development/2158473-%D8%B5%D9%8A%D8%A7%D8%BA%D8%A9-%D9%88%D8%A7%D8%B9%D8%AF%D8%A7%D8%AF-%D8%A7%D8%AC%D8%B1%D8%A7%D8%A1-%D9%88%D9%86%D8%B8%D9%85-%D8%A7%D9%84%D8%B9%D9%85%D9%84
403 Forbidden,Non trouvé,Non trouvé,Non trouvé,Aucun avis,Inconnu,Inconnu,Aucun tag,https://khamsat.com/business/file-conversion/3709980-%D8%AA%D8%AD%D9%88%D9%8A%D9%84-pdf-%D8%A5%D9%84%D9%89-word-%D9%85%D8%B9-%D8%A7%D9%84%D8%AD%D9%81%D8%A7%D8%B8-%D8%B9%D9%84%D9%89-%D9%83%D9%84-%D8%A7%D9%84%D8%AA%D9%86%D8%B3%D9%8A%D9%82%D8%A7%D8%AA
403 Forbidden,Non trouvé,Non trouvé,Non trouvé,Aucun avis,Inconnu,Inconnu,Aucun tag,https://khamsat.com/business/financial-statements/2946679-%D8%AA%D9%82%D8%AF%D9%8A%D9%85-%D9%82%D9%88%D8%A7%D8%A6%D9%85-%D9%85%D8%A7%D9%84%D9%8A%D8%A9-%D8%A7%D9%84%D9%89-%D9%88%D8%B2%D8%A7%D8%B1%D8%A9-%D8%A7%D9%84%D8%AA%D8%AC%D8%A7%D8%B1%D8%A9-%D8%A7%D9%84%D8%B3%D8%B9%D9%88%D8%AF%D9%8A%D8%A9
403 Forbidden,Non trouvé,Non trouvé,Non trouvé,Aucun avis,Inconnu,Inconnu,Aucun tag,https://khamsat.com/business/accounting-bookkeeping/3053074-%D8%AA%D8%AD%D8%AF%D9%8A%D8%AF-%D9%86%D9%82%D8%B7%D8%A9-%D8%A7%D9%84%D8%AA%D8%B9%D8%A7%D8%AF%D9%84-%D9%84%D9%84%D8%A7%D9%8A%D8%B1%D8%A7%D8%AF%D8%A7%D8%AA-%D9%88%D8%A7%D9%84%D8%AA%D9%83%D8%A7%D9%84%D9%8A%D9%81
403 Forbidden,Non trouvé,Non trouvé,Non trouvé,Aucun avis,Inconnu,Inconnu,Aucun tag,https://khamsat.com/business/performance-management/2743793-%D8%B9%D9%85%D9%84-%D8%A7%D9%84%D9%88%D8%B5%D9%81-%D8%A7%D9%84%D9%88%D8%B8%D9%8A%D9%81%D9%8A-%D9%84%D9%84%D9%88%D8%B8%D8%A7%D8%A6%D9%81-%D9%88%D9%82%D9%8A%D8%A7%D8%B3-%D8%A3%D8%AF%D8%A7%D8%A1-%D8%A7%D9%84%D9%85%D9%88%D8%B8%D9%81
403 Forbidden,Non trouvé,Non trouvé,Non trouvé,Aucun avis,Inconnu,Inconnu,Aucun tag,https://khamsat.com/business/file-conversion/3731562-%D8%B3%D8%A3%D9%82%D9%88%D9%85-%D8%A8%D8%AA%D8%AD%D9%88%D9%8A%D9%84-%D9%85%D9%84%D9%81%D8%A7%D8%AA-pdf-%D8%A5%D9%84%D9%89-word-%D8%A3%D9%88-%D8%A7%D9%84%D8%B9%D9%83%D8%B3-%D8%A8%D8%A7%D8%AD%D8%AA%D8%B1%D8%A7%D9%81%D9%8A%D8%A9-%D9%88%D8%B3%D8%B1%D8%B9%D8%A9
403 Forbidden,Non trouvé,Non trouvé,Non trouvé,Aucun avis,Inconnu,Inconnu,Aucun tag,https://khamsat.com/business/financial-statements/2925457-%D8%A5%D8%B9%D8%AF%D8%A7%D8%AF-%D8%A7%D9%84%D9%82%D9%88%D8%A7%D8%A6%D9%85-%D8%A7%D9%84%D9%85%D8%A7%D9%84%D9%8A%D8%A9-%D8%A7%D9%84%D9%85%D9%8A%D8%B2%D8%A7%D9%86%D9%8A%D8%A9-%D8%A7%D9%84%D8%B9%D9%85%D9%88%D9%85%D9%8A%D8%A9-%D9%82%D8%A7%D8%A6%D9%85%D8%A9-%D8%A7%D9%84%D8%AF%D8%AE%D9%84
403 Forbidden,Non trouvé,Non trouvé,Non trouvé,Aucun avis,Inconnu,Inconnu,Aucun tag,https://khamsat.com/business/accounting-bookkeeping/2878081-%D8%A7%D9%85%D8%B3%D8%A7%D9%83-%D8%A7%D9%84%D8%AF%D9%81%D8%A7%D8%AA%D8%B1-%D9%88%D8%AA%D8%B3%D8%AC%D9%8A%D9%84-%D8%A7%D9%84%D8%AD%D8%B3%D8%A7%D8%A8%D8%A7%D8%AA
403 Forbidden,Non trouvé,Non trouvé,Non trouvé,Aucun avis,Inconnu,Inconnu,Aucun tag,https://khamsat.com/business/human-resources-consulting/2646993-%D9%83%D8%AA%D8%A7%D8%A8%D8%A9-%D8%AF%D9%84%D9%8A%D9%84-%D8%A3%D8%AE%D9%84%D8%A7%D9%82%D9%8A%D8%A7%D8%AA-%D8%B9%D9%85%D9%84-%D9%84%D9%84%D8%B4%D8%B1%D9%83%D8%A9-%D9%88%D8%A7%D9%84%D9%85%D8%AA%D9%88%D8%A7%D9%81%D9%82-%D9%85%D8%B9-%D8%A7%D9%84%D9%82%D8%A7%D9%86%D9%88%D9%86-%D8%A7%D9%84%D8%B3%D8%B9%D9%88%D8%AF%D9%8A
403 Forbidden,Non trouvé,Non trouvé,Non trouvé,Aucun avis,Inconnu,Inconnu,Aucun tag,https://khamsat.com/business/file-conversion/3766894-%D8%AA%D8%AD%D9%88%D9%8A%D9%84-%D9%85%D9%84%D9%81%D8%A7%D8%AA-pdf-%D8%A5%D9%84%D9%8A-word-%D9%82%D8%A7%D8%A8%D9%84-%D9%84%D9%84%D8%AA%D8%B9%D8%AF%D9%8A%D9%84-%D8%A8%D8%B3%D8%B1%D8%B9%D9%87-%D9%88%D8%A7%D8%AD%D8%AA%D8%B1%D8%A7%D9%81%D9%8A%D9%87
403 Forbidden,Non trouvé,Non trouvé,Non trouvé,Aucun avis,Inconnu,Inconnu,Aucun tag,https://khamsat.com/business/accounting-bookkeeping/2360983-%D8%A7%D9%84%D9%85%D8%AD%D8%A7%D8%B3%D8%A8%D8%A9-%D9%88%D9%85%D8%B3%D9%83-%D8%A7%D9%84%D8%AF%D9%81%D8%A7%D8%AA%D8%B1-%D9%88%D8%A7%D8%B9%D8%AF%D8%A7%D8%AF-%D8%A7%D9%84%D8%AD%D8%B3%D8%A7%D8%A8%D8%A7%D8%AA-%D8%A7%D9%84%D8%AE%D8%AA%D8%A7%D9%85%D9%8A%D8%A9
403 Forbidden,Non trouvé,Non trouvé,Non trouvé,Aucun avis,Inconnu,Inconnu,Aucun tag,https://khamsat.com/business/financial-statements/3294580-%D8%A5%D8%B9%D8%AF%D8%A7%D8%AF-%D8%A7%D9%84%D9%82%D9%88%D8%A7%D8%A6%D9%85-%D8%A7%D9%84%D9%85%D8%A7%D9%84%D9%8A%D8%A9-%D8%A8%D8%B4%D9%83%D9%84-%D9%85%D9%86%D8%B8%D9%85-%D9%88%D9%88%D8%A7%D8%B6%D8%AD
403 Forbidden,Non trouvé,Non trouvé,Non trouvé,Aucun avis,Inconnu,Inconnu,Aucun tag,https://khamsat.com/business/human-resources-consulting/2710355-%D9%84%D8%A7%D8%A6%D8%AD%D8%A9-%D8%B6%D9%85%D8%A7%D9%86-%D8%A7%D8%B3%D8%AA%D9%85%D8%B1%D8%A7%D8%B1%D9%8A%D8%A9-%D8%A7%D9%84%D8%B9%D9%85%D9%84-%D8%A7%D9%84%D8%A3%D8%B3%D8%A7%D8%B3%D9%8A%D8%A9-%D8%A7%D9%84%D8%B9%D8%A7%D9%85%D8%A9-%D9%81%D9%8A-%D8%A7%D9%84%D8%B3%D8%B9%D9%88%D8%AF%D9%8A%D8%A9
403 Forbidden,Non trouvé,Non trouvé,Non trouvé,Aucun avis,Inconnu,Inconnu,Aucun tag,https://khamsat.com/business/file-conversion/3099023-%D8%AA%D8%AD%D9%88%D9%8A%D9%84-%D8%A7%D9%84%D9%86%D8%B5%D9%88%D8%B5-%D8%A7%D9%84%D9%85%D9%83%D8%AA%D9%88%D8%A8%D8%A9-%D8%A8%D8%AE%D8%B7-%D8%A7%D9%84%D9%8A%D8%AF-%D8%A5%D9%84%D9%89-%D9%85%D9%84%D9%81%D8%A7%D8%AA-pdf
403 Forbidden,Non trouvé,Non trouvé,Non trouvé,Aucun avis,Inconnu,Inconnu,Aucun tag,https://khamsat.com/business/financial-statements/2550967-%D8%AA%D9%88%D9%81%D9%8A%D8%B1-%D8%A7%D9%84%D9%82%D9%88%D8%A7%D8%A6%D9%85-%D9%88%D8%A7%D9%84%D8%AA%D9%82%D8%A7%D8%B1%D9%8A%D8%B1-%D8%A7%D9%84%D9%85%D8%A7%D9%84%D9%8A%D8%A9-%D9%84%D9%84%D8%B4%D8%B1%D9%83%D8%A7%D8%AA-%D8%A7%D9%84%D8%B3%D8%B9%D9%88%D8%AF%D9%8A%D8%A9-%D9%88%D8%A7%D9%84%D9%82%D8%B7%D8%B1%D9%8A%D8%A9
403 Forbidden,Non trouvé,Non trouvé,Non trouvé,Aucun avis,Inconnu,Inconnu,Aucun tag,https://khamsat.com/business/accounting-bookkeeping/2365259-%D8%AE%D8%AF%D9%85%D8%A9-%D8%A7%D9%84%D9%85%D8%AD%D8%A7%D8%B3%D8%A8%D8%A9-%D9%88-%D9%85%D8%B3%D9%83-%D8%A7%D9%84%D8%AF%D9%81%D8%A7%D8%AA%D8%B1-%D8%B9%D9%84%D9%89-%D8%A8%D8%B1%D9%86%D8%A7%D9%85%D8%AC-zoho
403 Forbidden,Non trouvé,Non trouvé,Non trouvé,Aucun avis,Inconnu,Inconnu,Aucun tag,https://khamsat.com/business/recruiting/1596073-%D9%88%D8%B5%D9%81-%D9%88%D8%B8%D9%8A%D9%81%D9%8A-%D8%A3%D8%AD%D8%AA%D8%B1%D8%A7%D9%81%D9%8A-%D8%AD%D8%B3%D8%A8-%D9%85%D8%B9%D8%A7%D9%8A%D9%8A%D8%B1-%D8%A7%D9%84%D9%85%D9%88%D8%A7%D8%B1%D8%AF-%D8%A7%D9%84%D8%A8%D8%B4%D8%B1%D9%8A%D8%A9
403 Forbidden,Non trouvé,Non trouvé,Non trouvé,Aucun avis,Inconnu,Inconnu,Aucun tag,https://khamsat.com/business/file-conversion/3251176-%D8%AA%D8%AD%D9%88%D9%8A%D9%84-%D9%85%D9%84%D9%81%D8%A7%D8%AA-pdf-%D8%A3%D9%88-%D8%A7%D9%84%D8%B5%D9%88%D8%B1-%D8%A5%D9%84%D9%89-word-%D9%82%D8%A7%D8%A8%D9%84-%D9%84%D9%84%D8%AA%D8%B9%D8%AF%D9%8A%D9%84-%D8%A8%D8%AF%D9%82%D8%A9-%D9%88%D8%A7%D8%AD%D8%AA%D8%B1%D8%A7%D9%81%D9%8A
403 Forbidden,Non trouvé,Non trouvé,Non trouvé,Aucun avis,Inconnu,Inconnu,Aucun tag,https://khamsat.com/business/financial-statements/3363424-%D8%A7%D9%84%D9%85%D8%B3%D8%A7%D8%B9%D8%AF%D8%A9-%D9%81%D9%8A-%D8%AA%D8%AD%D9%84%D9%8A%D9%84-%D9%82%D9%88%D8%A7%D8%A6%D9%85-%D9%85%D8%A7%D9%84%D9%8A%D8%A9
403 Forbidden,Non trouvé,Non trouvé,Non trouvé,Aucun avis,Inconnu,Inconnu,Aucun tag,https://khamsat.com/business/accounting-bookkeeping/3711508-%D9%85%D8%AD%D8%A7%D8%B3%D8%A8%D8%A9-%D9%88%D8%A7%D9%84%D9%82%D9%88%D8%A7%D8%A6%D9%85-%D8%A7%D9%84%D9%85%D8%A7%D9%84%D9%8A%D8%A9-%D9%88%D9%85%D8%AD%D8%A7%D8%B3%D8%A8-%D8%B9%D9%86-%D8%A8%D8%B9%D8%AF-%D8%A3%D9%88%D9%86%D9%84%D8%A7%D9%8A%D9%86
403 Forbidden,Non trouvé,Non trouvé,Non trouvé,Aucun avis,Inconnu,Inconnu,Aucun tag,https://khamsat.com/business/salary/2430203-%D8%B5%D9%8A%D8%A7%D8%BA%D8%A9-%D8%B3%D9%84%D9%85-%D8%A7%D9%84%D8%B1%D9%88%D8%A7%D8%AA%D8%A8-%D9%88%D9%85%D8%B5%D9%81%D9%88%D9%81%D8%A9-%D8%A7%D9%84%D9%85%D8%B2%D8%A7%D9%8A%D8%A7-%D9%88%D9%81%D9%82%D8%A7-%D9%84%D9%84%D8%AF%D8%B1%D8%AC%D8%A7%D8%AA-%D8%A7%D9%84%D9%88%D8%B8%D9%8A%D9%81%D9%8A%D8%A9
403 Forbidden,Non trouvé,Non trouvé,Non trouvé,Aucun avis,Inconnu,Inconnu,Aucun tag,https://khamsat.com/business/file-conversion/3436599-%D8%AA%D8%AD%D9%88%D9%8A%D9%84-%D9%85%D9%84%D9%81%D8%A7%D8%AA-word-%D8%A5%D9%84%D9%89pdf-%D9%88%D8%A8%D8%A7%D9%84%D8%B9%D9%83%D8%B3-%D9%85%D8%B9-%D8%A7%D9%84%D8%AD%D9%81%D8%A7%D8%B8-%D8%B9%D9%84%D9%89-%D8%A7%D9%84%D8%AA%D9%86%D8%B3%D9%8A%D9%82-%D8%A7%D9%84%D9%83%D8%A7%D9%85%D9%84
403 Forbidden,Non trouvé,Non trouvé,Non trouvé,Aucun avis,Inconnu,Inconnu,Aucun tag,https://khamsat.com/business/financial-statements/3162078-%D9%82%D9%88%D8%A7%D8%A6%D9%85-%D9%85%D8%A7%D9%84%D9%8A%D8%A9-%D8%A7%D8%AD%D8%AA%D8%B1%D8%A7%D9%81%D9%8A%D8%A9-%D8%AC%D8%A7%D9%87%D8%B2%D8%A9-%D9%84%D9%84%D8%A7%D8%B3%D8%AA%D8%AE%D8%AF%D8%A7%D9%85
403 Forbidden,Non trouvé,Non trouvé,Non trouvé,Aucun avis,Inconnu,Inconnu,Aucun tag,https://khamsat.com/business/accounting-bookkeeping/1691920-%D9%83%D8%AA%D8%A7%D8%A8%D8%A9-%D8%AA%D9%82%D8%A7%D8%B1%D9%8A%D8%B1-%D9%81%D9%8A-%D8%A7%D9%84%D9%85%D8%AD%D8%A7%D8%B3%D8%A8%D8%A9-%D8%A7%D9%84%D9%85%D8%A7%D9%84%D9%8A%D9%87-%D9%88-%D8%A5%D8%B9%D8%AF%D8%A7%D8%AF-%D8%A7%D9%84%D8%B9%D9%85%D9%84%D9%8A%D8%A7%D8%AA-%D8%A7%D9%84%D8%AD%D8%B3%D8%A7%D8%A8%D9%8A%D8%A9
403 Forbidden,Non trouvé,Non trouvé,Non trouvé,Aucun avis,Inconnu,Inconnu,Aucun tag,https://khamsat.com/business/recruiting/2634455-%D9%83%D8%AA%D8%A7%D8%A8%D8%A9-%D8%A8%D8%B7%D8%A7%D9%82%D8%A9-%D8%A7%D9%84%D9%88%D8%B5%D9%81-%D9%88%D8%A7%D9%84%D8%AA%D9%88%D8%B5%D9%8A%D9%81-%D8%A7%D9%84%D9%88%D8%B8%D9%8A%D9%81%D9%8A
403 Forbidden,Non trouvé,Non trouvé,Non trouvé,Aucun avis,Inconnu,Inconnu,Aucun tag,https://khamsat.com/business/file-conversion/3485843-%D8%AA%D8%AD%D9%88%D9%8A%D9%84-%D9%85%D9%84%D9%81%D8%A7%D8%AA-%D8%A8%D9%8A-%D8%AF%D9%8A-%D8%A7%D9%81-pdf-%D8%A7%D9%84%D9%8A-%D8%AC%D9%85%D9%8A%D8%B9-%D8%A7%D9%84%D8%B5%D9%8A%D8%BA-%D9%85%D8%B9-%D8%AD%D9%81%D8%B8-%D8%A7%D9%84%D8%AA%D9%86%D8%B3%D9%8A%D9%82
403 Forbidden,Non trouvé,Non trouvé,Non trouvé,Aucun avis,Inconnu,Inconnu,Aucun tag,https://khamsat.com/business/financial-statements/1801495-%D8%A5%D8%B9%D8%AF%D8%A7%D8%AF-%D9%82%D9%88%D8%A7%D8%A6%D9%85-%D9%85%D8%A7%D9%84%D9%8A%D8%A9-%D8%A8%D8%A7%D8%B3%D8%AA%D8%AE%D8%AF%D8%A7%D9%85-%D8%A8%D8%B1%D9%86%D8%A7%D9%85%D8%AC-%D8%A7%D9%83%D8%B3%D9%84-excel
403 Forbidden,Non trouvé,Non trouvé,Non trouvé,Aucun avis,Inconnu,Inconnu,Aucun tag,https://khamsat.com/business/trading-stock-analysis/2922495-%D8%A7%D8%B3%D8%AA%D8%B1%D8%A7%D8%AA%D9%8A%D8%AC%D9%8A%D8%A9-%D8%A7%D9%84%D8%B1%D8%A8%D8%AD-%D9%81%D9%8A-%D8%A7%D9%84%D8%AA%D8%AF%D8%A7%D9%88%D9%84
403 Forbidden,Non trouvé,Non trouvé,Non trouvé,Aucun avis,Inconnu,Inconnu,Aucun tag,https://khamsat.com/business/human-resources-consulting/2695808-%D9%84%D8%A7%D8%A6%D8%AD%D8%A9-%D8%B3%D9%8A%D8%A7%D8%B3%D8%A7%D8%AA-%D9%88%D8%A5%D8%AC%D8%B1%D8%A7%D8%A1%D8%A7%D8%AA-%D8%B4%D8%A4%D9%88%D9%86-%D8%A7%D9%84%D9%85%D9%88%D8%B8%D9%81%D9%8A%D9%86-%D8%A7%D9%84%D8%B9%D8%A7%D9%85%D8%A9-%D9%81%D9%8A-%D8%A7%D9%84%D8%B3%D8%B9%D9%88%D8%AF%D9%8A%D8%A9
403 Forbidden,Non trouvé,Non trouvé,Non trouvé,Aucun avis,Inconnu,Inconnu,Aucun tag,https://khamsat.com/business/file-conversion/3628008-%D8%AA%D8%AD%D9%88%D9%8A%D9%84-%D9%85%D9%84%D9%81%D8%A7%D8%AA-pdf-%D9%88%D8%A7%D9%84%D9%83%D8%AA%D8%A8-%D8%A7%D9%84%D8%B9%D8%B1%D8%A8%D9%8A%D8%A9-%D8%A5%D9%84%D9%89-word
403 Forbidden,Non trouvé,Non trouvé,Non trouvé,Aucun avis,Inconnu,Inconnu,Aucun tag,https://khamsat.com/business/financial-statements/2831169-%D8%A7%D8%B9%D8%AF%D8%A7%D8%AF-%D8%A7%D9%84%D9%82%D9%88%D8%A7%D8%A6%D9%85-%D8%A7%D9%84%D9%85%D8%A7%D9%84%D9%8A%D8%A9-%D8%B4%D9%87%D8%A7%D8%AF%D8%A9-%D8%A7%D9%84%D8%B2%D9%83%D8%A7%D8%A9
403 Forbidden,Non trouvé,Non trouvé,Non trouvé,Aucun avis,Inconnu,Inconnu,Aucun tag,https://khamsat.com/business/accounting-bookkeeping/2807923-%D8%AE%D8%AF%D9%85%D8%A9-%D8%AA%D8%B3%D8%AC%D9%8A%D9%84-%D8%A7%D9%84%D9%82%D9%8A%D9%88%D8%AF-%D8%A7%D9%84%D9%8A%D9%88%D9%85%D9%8A%D8%A9-%D8%A7%D9%84%D9%82%D9%88%D8%A7%D8%A6%D9%85-%D8%A7%D9%84%D9%85%D8%A7%D9%84%D9%8A%D8%A9-%D9%88%D8%A7%D9%84%D9%85%D9%8A%D8%B2%D8%A7%D9%86%D9%8A%D8%A7%D8%AA
403 Forbidden,Non trouvé,Non trouvé,Non trouvé,Aucun avis,Inconnu,Inconnu,Aucun tag,https://khamsat.com/business/file-conversion/3191422-%D8%AA%D8%AD%D9%88%D9%8A%D9%84-%D9%85%D9%84%D9%81%D8%A7%D8%AA-%D9%85%D9%86-%D9%86%D9%88%D8%B9-pdf-%D8%A5%D9%84%D9%89-word-%D8%A8%D8%B7%D8%B1%D9%8A%D9%82%D8%A9-%D8%A7%D8%AD%D8%AA%D8%B1%D8%A7%D9%81%D9%8A%D8%A9
403 Forbidden,Non trouvé,Non trouvé,Non trouvé,Aucun avis,Inconnu,Inconnu,Aucun tag,https://khamsat.com/business/human-resources-consulting/2952486-%D8%A7%D8%B3%D8%AA%D8%B4%D8%A7%D8%B1%D8%A7%D8%AA-%D9%81%D9%8A-%D9%82%D8%A7%D9%86%D9%88%D9%86%D9%8A-%D8%A7%D9%84%D8%B9%D9%85%D9%84-%D9%88%D8%A7%D9%84%D8%AA%D8%A3%D9%85%D9%8A%D9%86%D8%A7%D8%AA-%D8%A7%D9%84%D8%A7%D8%AC%D8%AA%D9%85%D8%A7%D8%B9%D9%8A%D8%A9-%D8%A7%D9%84%D9%85%D8%B5%D8%B1%D9%8A
403 Forbidden,Non trouvé,Non trouvé,Non trouvé,Aucun avis,Inconnu,Inconnu,Aucun tag,https://khamsat.com/business/accounting-bookkeeping/2622024-%D8%A7%D9%86%D8%AC%D8%A7%D8%B2-%D8%A7%D9%84%D8%B9%D9%85%D9%84%D9%8A%D8%A7%D8%AA-%D8%A7%D9%84%D9%85%D8%A7%D9%84%D9%8A%D8%A9-%D8%A8%D9%88%D8%A7%D8%B3%D8%B7%D8%A9-%D8%A7%D9%83%D8%B3%D9%84
403 Forbidden,Non trouvé,Non trouvé,Non trouvé,Aucun avis,Inconnu,Inconnu,Aucun tag,https://khamsat.com/business/financial-statements/2800863-%D8%A5%D8%B9%D8%AF%D8%A7%D8%AF-%D8%A7%D9%84%D9%82%D9%88%D8%A7%D8%A6%D9%85-%D8%A7%D9%84%D9%85%D8%A7%D9%84%D9%8A%D8%A9-%D9%84%D9%86%D8%B4%D8%A7%D8%B7%D9%83-%D8%A7%D9%84%D8%AA%D8%AC%D8%A7%D8%B1%D9%8A
403 Forbidden,Non trouvé,Non trouvé,Non trouvé,Aucun avis,Inconnu,Inconnu,Aucun tag,https://khamsat.com/business/file-conversion/3304128-%D8%AA%D8%AD%D9%88%D9%8A%D9%84-%D9%85%D8%AD%D8%AA%D9%88%D9%89-%D8%A7%D9%84%D8%B5%D9%88%D8%B1-%D9%88-pdf-%D8%A5%D9%84%D9%89-word-%D8%A8%D8%AF%D9%82%D8%A9-%D9%88-%D8%A7%D8%AD%D8%AA%D8%B1%D8%A7%D9%81%D9%8A%D8%A9
403 Forbidden,Non trouvé,Non trouvé,Non trouvé,Aucun avis,Inconnu,Inconnu,Aucun tag,https://khamsat.com/business/recruiting/2201611-%D8%A7%D9%86%D8%B4%D8%A7%D8%A1-%D9%88%D8%B5%D9%81-%D9%88%D8%AA%D8%AD%D9%84%D9%8A%D9%84-%D9%88%D8%B8%D9%8A%D9%81%D9%8A-%D9%88%D9%88%D8%B6%D8%B9-%D9%87%D9%8A%D9%83%D9%8A%D9%84%D8%A9
403 Forbidden,Non trouvé,Non trouvé,Non trouvé,Aucun avis,Inconnu,Inconnu,Aucun tag,https://khamsat.com/business/financial-statements/3397097-%D8%A7%D8%B9%D8%AF%D8%A7%D8%AF-%D8%A7%D9%84%D9%82%D9%88%D8%A7%D8%A6%D9%85-%D8%A7%D9%84%D9%85%D8%A7%D9%84%D9%8A%D8%A9-%D8%B9%D8%A8%D8%B1-%D8%A7%D9%83%D8%B3%D9%8A%D9%84
403 Forbidden,Non trouvé,Non trouvé,Non trouvé,Aucun avis,Inconnu,Inconnu,Aucun tag,https://khamsat.com/business/tax/2879144-%D9%85%D8%B3%D9%83-%D8%A7%D9%84%D8%AD%D8%B3%D8%A7%D8%A8%D8%A7%D8%AA-%D9%88-%D8%A7%D8%B9%D8%AF%D8%A7%D8%AF-%D8%A7%D9%82%D8%B1%D8%A7%D8%B1-%D8%B6%D8%B1%D9%8A%D8%A8%D8%A9-%D8%A7%D9%84%D9%82%D9%8A%D9%85%D8%A9-%D8%A7%D9%84%D9%85%D8%B6%D8%A7%D9%81%D8%A9
403 Forbidden,Non trouvé,Non trouvé,Non trouvé,Aucun avis,Inconnu,Inconnu,Aucun tag,https://khamsat.com/business/file-conversion/3475494-%D8%AA%D8%AD%D9%88%D9%8A%D9%84-%D8%A7%D9%84%D8%B5%D9%88%D8%B1-%D9%88%D8%A7%D9%84%D9%85%D8%B3%D8%AA%D9%86%D8%AF%D8%A7%D8%AA-%D8%A5%D9%84%D9%89-%D9%86%D8%B5%D9%88%D8%B5-%D9%88%D9%88%D8%B1%D8%AF-%D9%85%D9%86%D8%B3%D9%82%D8%A9-%D8%A8%D8%A7%D8%AD%D8%AA%D8%B1%D8%A7%D9%81%D9%8A%D8%A9
403 Forbidden,Non trouvé,Non trouvé,Non trouvé,Aucun avis,Inconnu,Inconnu,Aucun tag,https://khamsat.com/business/human-resources-consulting/2919529-%D8%AA%D8%AD%D9%84%D9%8A%D9%84-%D8%A3%D9%82%D8%B3%D8%A7%D9%85-%D8%A7%D9%84%D8%B4%D8%B1%D9%83%D8%A7%D8%AA-%D9%88%D8%AA%D8%B5%D9%85%D9%8A%D9%85-%D9%87%D9%8A%D8%A7%D9%83%D9%84-%D8%AA%D9%86%D8%B8%D9%8A%D9%85%D9%8A%D8%A9-%D8%A8%D8%B4%D9%83%D9%84-%D8%A3%D9%83%D8%A7%D8%AF%D9%8A%D9%85%D9%8A%D8%A9-%D9%85%D9%85%D9%8A%D8%B2
403 Forbidden,Non trouvé,Non trouvé,Non trouvé,Aucun avis,Inconnu,Inconnu,Aucun tag,https://khamsat.com/business/financial-statements/2016875-%D9%85%D8%B1%D8%A7%D8%AC%D8%B9-%D8%AD%D8%B3%D8%A7%D8%A8%D8%A7%D8%AA-%D8%B9%D9%86-%D8%A8%D8%B9%D8%AF-%D9%88%D8%AA%D9%82%D8%AF%D9%8A%D9%85-%D9%82%D9%88%D8%A7%D8%A6%D9%85-%D9%85%D8%A7%D9%84%D9%8A%D8%A9-%D9%88%D8%A7%D9%84%D8%AA%D8%AD%D9%84%D9%8A%D9%84-%D8%A7%D9%84%D9%85%D8%A7%D9%84%D9%89
403 Forbidden,Non trouvé,Non trouvé,Non trouvé,Aucun avis,Inconnu,Inconnu,Aucun tag,https://khamsat.com/business/financial-consulting/3391395-%D9%84%D8%A7%D8%A6%D8%AD%D8%A9-%D9%85%D8%A7%D9%84%D9%8A%D8%A9-%D9%85%D8%AA%D9%88%D8%A7%D9%81%D9%82%D8%A9-%D9%85%D8%B9-%D8%A7%D9%84%D9%82%D8%A7%D9%86%D9%88%D9%86-%D8%A7%D9%84%D8%B3%D8%B9%D9%88%D8%AF%D9%8A
403 Forbidden,Non trouvé,Non trouvé,Non trouvé,Aucun avis,Inconnu,Inconnu,Aucun tag,https://khamsat.com/business/file-conversion/3345329-%D8%AA%D8%AD%D9%88%D9%8A%D9%84-%D8%A3%D9%88-%D8%AF%D9%85%D8%AC-%D9%85%D9%84%D9%81%D8%A7%D8%AA-pdf-%D8%A5%D9%84%D9%89-word
403 Forbidden,Non trouvé,Non trouvé,Non trouvé,Aucun avis,Inconnu,Inconnu,Aucun tag,https://khamsat.com/business/recruiting/1712774-%D8%B5%D9%8A%D8%A7%D8%BA%D8%A9-%D8%A7%D9%84%D9%88%D8%B5%D9%81-%D8%A7%D9%84%D9%88%D8%B8%D9%8A%D9%81%D9%8A-%D9%88%D9%85%D9%87%D8%A7%D9%85-%D8%A7%D9%84%D8%B9%D9%85%D9%84-%D9%88%D8%A7%D9%84%D8%B5%D9%84%D8%A7%D8%AD%D9%8A%D8%A7%D8%AA-%D9%88%D8%A7%D9%84%D9%85%D8%B3%D8%A4%D9%88%D9%84%D9%8A%D8%A7%D8%AA
403 Forbidden,Non trouvé,Non trouvé,Non trouvé,Aucun avis,Inconnu,Inconnu,Aucun tag,https://khamsat.com/business/financial-statements/2771978-%D8%AA%D9%82%D8%AF%D9%8A%D9%85-%D8%AE%D8%AF%D9%85%D8%A7%D8%AA-%D8%A7%D9%84%D9%82%D9%88%D8%A7%D8%A6%D9%85-%D8%A7%D9%84%D9%85%D8%A7%D9%84%D9%8A%D8%A9
403 Forbidden,Non trouvé,Non trouvé,Non trouvé,Aucun avis,Inconnu,Inconnu,Aucun tag,https://khamsat.com/business/accounting-bookkeeping/3729126-%D8%A5%D9%85%D8%B3%D8%A7%D9%83-%D8%AF%D9%81%D8%A7%D8%AA%D8%B1-%D9%85%D8%AD%D8%A7%D8%B3%D8%A8%D8%A9-%D8%A8%D8%A7%D9%84%D8%A5%D9%83%D8%B3%D9%8A%D9%84
403 Forbidden,Non trouvé,Non trouvé,Non trouvé,Aucun avis,Inconnu,Inconnu,Aucun tag,https://khamsat.com/business/human-resources-consulting/1902732-%D8%AA%D9%82%D8%AF%D9%8A%D9%85-%D8%A7%D8%B3%D8%AA%D8%B4%D8%A7%D8%B1%D8%A9-%D9%81%D9%8A-%D9%85%D8%AC%D8%A7%D9%84-%D8%A5%D8%AF%D8%A7%D8%B1%D8%A9-%D8%A7%D9%84%D9%85%D9%88%D8%A7%D8%B1%D8%AF-%D8%A7%D9%84%D8%A8%D8%B4%D8%B1%D9%8A%D8%A9
403 Forbidden,Non trouvé,Non trouvé,Non trouvé,Aucun avis,Inconnu,Inconnu,Aucun tag,https://khamsat.com/business/file-conversion/3283534-%D8%AA%D8%AD%D9%88%D9%8A%D9%84-word-%D8%A5%D9%84%D9%89-pdf-%D8%AA%D8%AD%D9%88%D9%8A%D9%84-%D9%85%D8%B3%D8%AA%D9%86%D8%AF%D8%A7%D8%AA%D9%83-%D8%A5%D9%84%D9%89-%D9%85%D9%84%D9%81-pdf-%D8%A8%D8%A3%D9%81%D8%B6%D9%84-%D8%AC%D9%88%D8%AF%D8%A9
403 Forbidden,Non trouvé,Non trouvé,Non trouvé,Aucun avis,Inconnu,Inconnu,Aucun tag,https://khamsat.com/business/tax/1878648-%D8%B9%D9%85%D9%84-%D8%A7%D9%84%D8%A7%D9%82%D8%B1%D8%A7%D8%B1%D8%A7%D8%AA-%D8%A7%D9%84%D8%B6%D8%B1%D9%8A%D8%A8%D9%8A%D8%A9-%D8%A7%D9%84%D9%85%D8%B5%D8%B1%D9%8A%D8%A9-%D8%A7%D9%84%D9%83%D8%AA%D8%B1%D9%88%D9%86%D9%8A%D8%A7
403 Forbidden,Non trouvé,Non trouvé,Non trouvé,Aucun avis,Inconnu,Inconnu,Aucun tag,https://khamsat.com/business/financial-statements/3463690-%D8%AE%D8%AF%D9%85%D8%A7%D8%AA-%D9%85%D8%AD%D8%A7%D8%B3%D8%A8%D9%8A%D8%A9-%D8%A7%D8%B9%D8%AF%D8%A7%D8%AF-%D8%A7%D9%84%D9%82%D9%88%D8%A7%D8%A6%D9%85-%D8%A7%D9%84%D9%85%D8%A7%D9%84%D9%8A%D8%A9-%D9%88%D8%A7%D9%84%D8%A7%D9%82%D8%B1%D8%A7%D8%B1%D8%A7%D8%AA-%D8%A7%D9%84%D8%B6%D8%B1%D9%8A%D8%A8%D9%8A%D8%A9
403 Forbidden,Non trouvé,Non trouvé,Non trouvé,Aucun avis,Inconnu,Inconnu,Aucun tag,https://khamsat.com/business/recruiting/2973281-%D8%AE%D8%A8%D9%8A%D8%B1-%D8%A7%D9%84%D8%AA%D9%88%D8%B8%D9%8A%D9%81-%D8%AC%D8%A7%D9%87%D8%B2-%D9%84%D9%85%D9%82%D8%A7%D8%A8%D9%84%D8%A7%D8%AA-%D9%85%D8%A4%D8%B3%D8%B3%D8%AA%D9%83-%D9%84%D9%85%D8%B3%D8%A7%D8%B9%D8%AF%D8%AA%D9%83-%D9%84%D8%A5%D8%AE%D8%AA%D9%8A%D8%A7%D8%B1-%D9%85%D9%88%D8%B8%D9%81%D9%8A%D9%83
403 Forbidden,Non trouvé,Non trouvé,Non trouvé,Aucun avis,Inconnu,Inconnu,Aucun tag,https://khamsat.com/business/file-conversion/3489946-%D8%AA%D8%AD%D9%88%D9%8A%D9%84-%D8%A3%D9%8A-pdf-%D8%A3%D9%88-%D9%85%D9%84%D9%81-%D8%A5%D9%84%D9%89-latex-%D8%A8%D8%B4%D9%83%D9%84-%D8%A7%D8%AD%D8%AA%D8%B1%D8%A7%D9%81%D9%8A
403 Forbidden,Non trouvé,Non trouvé,Non trouvé,Aucun avis,Inconnu,Inconnu,Aucun tag,https://khamsat.com/business/financial-statements/2546069-%D8%AA%D9%82%D8%AF%D9%8A%D9%85-%D8%AE%D8%AF%D9%85%D8%A7%D8%AA-%D8%A7%D9%84%D8%B1%D9%82%D8%A7%D8%A8%D8%A9-%D9%88%D8%A7%D9%84%D9%85%D8%B1%D8%A7%D8%AC%D8%B9%D8%A9-%D8%A7%D9%84%D8%AF%D8%A7%D8%AE%D9%84%D9%8A%D8%A9-%D9%88%D8%A7%D9%84%D8%AE%D8%A7%D8%B1%D8%AC%D9%8A%D8%A9
403 Forbidden,Non trouvé,Non trouvé,Non trouvé,Aucun avis,Inconnu,Inconnu,Aucun tag,https://khamsat.com/business/accounting-bookkeeping/2374124-%D9%85%D8%AA%D8%A7%D8%A8%D8%B9%D8%A9-%D9%85%D8%AD%D8%A7%D8%B3%D8%A8%D9%8A%D8%A9-%D8%B4%D9%87%D8%B1%D9%8A%D8%A9-%D9%84%D9%84%D8%B4%D8%B1%D9%83%D8%A7%D8%AA-%D9%88%D8%A7%D9%84%D9%85%D8%AD%D8%A7%D9%84-%D8%A7%D9%84%D8%AA%D8%AC%D8%A7%D8%B1%D9%8A%D8%A9
403 Forbidden,Non trouvé,Non trouvé,Non trouvé,Aucun avis,Inconnu,Inconnu,Aucun tag,https://khamsat.com/business/recruiting/3073209-%D8%A5%D8%B9%D8%AF%D8%A7%D8%AF-%D9%88%D8%AA%D8%B5%D9%85%D9%8A%D9%85-%D9%85%D9%84%D9%81-%D8%A7%D9%84%D9%88%D8%B5%D9%81-%D8%A7%D9%84%D9%88%D8%B8%D9%8A%D9%81%D9%89-function-statement
403 Forbidden,Non trouvé,Non trouvé,Non trouvé,Aucun avis,Inconnu,Inconnu,Aucun tag,https://khamsat.com/business/file-conversion/3303108-%D8%AA%D8%AD%D9%88%D9%8A%D9%84-%D9%88%D8%AA%D8%B9%D8%AF%D9%8A%D9%84-%D9%85%D9%84%D9%81%D8%A7%D8%AA-pdf-%D8%A8%D8%A7%D8%AD%D8%AA%D8%B1%D8%A7%D9%81%D9%8A%D8%A9-%D8%AF%D9%85%D8%AC-%D8%B6%D8%BA%D8%B7-%D8%AA%D8%AD%D9%88%D9%8A%D9%84-%D8%AA%D8%B9%D8%AF%D9%8A%D9%84
403 Forbidden,Non trouvé,Non trouvé,Non trouvé,Aucun avis,Inconnu,Inconnu,Aucun tag,https://khamsat.com/business/financial-statements/2242767-%D8%AA%D8%AD%D9%84%D9%8A%D9%84-%D9%85%D8%A7%D9%84%D9%8A-%D9%84%D9%84%D9%82%D9%88%D8%A7%D8%A6%D9%85-%D8%A7%D9%84%D9%85%D8%A7%D9%84%D9%8A%D8%A9-%D8%B9%D9%85%D9%88%D8%AF%D9%8A-%D8%A7%D9%81%D9%82%D9%8A
403 Forbidden,Non trouvé,Non trouvé,Non trouvé,Aucun avis,Inconnu,Inconnu,Aucun tag,https://khamsat.com/business/tax/2650744-%D9%85%D8%AD%D8%A7%D8%B3%D8%A8-%D9%85%D8%A7%D9%84%D9%8A-%D9%88%D8%B6%D8%B1%D9%8A%D8%A8%D9%8A-%D8%B9%D9%84%D9%89-%D8%A8%D8%B1%D9%86%D8%A7%D9%85%D8%AC-%D9%82%D9%8A%D9%88%D8%AF
403 Forbidden,Non trouvé,Non trouvé,Non trouvé,Aucun avis,Inconnu,Inconnu,Aucun tag,https://khamsat.com/business/human-resources-systems/2785308-%D9%86%D8%B8%D8%A7%D9%85-%D9%85%D9%88%D8%A7%D8%B1%D8%AF-%D8%A7%D9%84%D8%A8%D8%B4%D8%B1%D9%8A%D8%A9-%D9%84%D9%84%D9%85%D9%88%D8%B8%D9%81%D9%8A%D9%86-%D8%A8%D8%A7%D8%B3%D8%AA%D8%AE%D8%AF%D8%A7%D9%85-google-sheet
403 Forbidden,Non trouvé,Non trouvé,Non trouvé,Aucun avis,Inconnu,Inconnu,Aucun tag,https://khamsat.com/business/file-conversion/2856024-%D8%AA%D8%AD%D9%88%D9%8A%D9%84-%D8%A7%D9%84%D9%85%D9%84%D9%81%D8%A7%D8%AA-%D9%85%D9%86-%D8%B5%D9%8A%D8%BA%D8%A9-pdf-%D8%A5%D9%84%D9%89-word-excel-powerpoint
403 Forbidden,Non trouvé,Non trouvé,Non trouvé,Aucun avis,Inconnu,Inconnu,Aucun tag,https://khamsat.com/business/financial-statements/2363284-%D8%A5%D8%B9%D8%AF%D8%A7%D8%AF-%D8%A7%D9%84%D9%82%D9%88%D8%A7%D8%A6%D9%85-%D8%A7%D9%84%D9%85%D8%A7%D9%84%D9%8A%D8%A9-%D8%A5%D9%82%D8%B1%D8%A7%D8%B1-%D8%A7%D9%84%D9%82%D9%8A%D9%85%D8%A9-%D8%A7%D9%84%D9%85%D8%B6%D8%A7%D9%81%D8%A9-erp-system
403 Forbidden,Non trouvé,Non trouvé,Non trouvé,Aucun avis,Inconnu,Inconnu,Aucun tag,https://khamsat.com/business/accounting-bookkeeping/3711972-%D9%85%D8%AD%D8%A7%D8%B3%D8%A8%D8%A9-%D9%88%D8%A7%D8%B9%D8%AF%D8%A7%D8%AF-%D9%82%D9%88%D8%A7%D8%A6%D9%85-%D9%85%D8%A7%D9%84%D9%8A%D8%A9-%D9%88%D8%B6%D8%B1%D9%8A%D8%A8%D9%8A%D8%A9-%D9%88%D9%85%D8%AA%D8%A7%D8%A8%D8%B9%D8%A9-%D9%85%D8%AD%D8%A7%D8%B3%D8%A8%D9%8A%D9%86
403 Forbidden,Non trouvé,Non trouvé,Non trouvé,Aucun avis,Inconnu,Inconnu,Aucun tag,https://khamsat.com/business/performance-management/2880970-%D9%86%D9%85%D9%88%D8%B0%D8%AC-%D8%AA%D9%82%D9%8A%D9%8A%D9%85-%D8%A7%D9%84%D8%A7%D8%AF%D8%A7%D8%A1-%D8%A7%D9%84%D9%85%D8%AD%D8%AA%D8%B1%D9%81
403 Forbidden,Non trouvé,Non trouvé,Non trouvé,Aucun avis,Inconnu,Inconnu,Aucun tag,https://khamsat.com/business/file-conversion/3688377-%D8%AA%D8%AD%D9%88%D9%8A%D9%84-%D9%85%D9%84%D9%81%D8%A7%D8%AA-word-%D8%A5%D9%84%D9%89-pdf-%D8%A3%D9%88-%D8%A7%D9%84%D8%B9%D9%83%D8%B3-%D8%A8%D8%B3%D8%B1%D8%B9%D8%A9
403 Forbidden,Non trouvé,Non trouvé,Non trouvé,Aucun avis,Inconnu,Inconnu,Aucun tag,https://khamsat.com/business/financial-statements/3329311-%D8%A7%D8%B9%D8%AF%D8%A7%D8%AF-%D9%82%D9%88%D8%A7%D8%A6%D9%85-%D9%85%D8%A7%D9%84%D9%8A%D8%A9-%D8%AE%D8%AA%D8%A7%D9%85%D9%8A%D8%A9-%D9%84%D9%84%D8%B9%D8%A7%D9%85-2024
403 Forbidden,Non trouvé,Non trouvé,Non trouvé,Aucun avis,Inconnu,Inconnu,Aucun tag,https://khamsat.com/business/accounting-bookkeeping/2474530-%D9%85%D8%AD%D8%A7%D8%B3%D8%A8%D8%A9-%D9%88%D8%A7%D8%B9%D8%AF%D8%A7%D8%AF-%D9%82%D9%88%D8%A7%D8%A6%D9%85-%D9%88%D8%AA%D9%82%D8%A7%D8%B1%D9%8A%D8%B1-%D9%85%D8%A7%D9%84%D9%8A%D8%A9
403 Forbidden,Non trouvé,Non trouvé,Non trouvé,Aucun avis,Inconnu,Inconnu,Aucun tag,https://khamsat.com/business/performance-management/2873758-%D8%AA%D9%82%D9%8A%D9%8A%D9%85-%D8%A7%D9%84%D8%A7%D8%AF%D8%A7%D8%A1-%D9%84%D8%AC%D9%85%D9%8A%D8%B9-%D9%85%D9%88%D8%B8%D9%81%D9%8A-%D8%A7%D9%84%D8%B4%D8%B1%D9%83%D8%A7%D8%AA
403 Forbidden,Non trouvé,Non trouvé,Non trouvé,Aucun avis,Inconnu,Inconnu,Aucun tag,https://khamsat.com/business/file-conversion/3820974-%D8%AA%D8%AD%D9%88%D9%8A%D9%84-%D9%85%D9%84%D9%81%D8%A7%D8%AA-pdf-%D8%A5%D9%84%D9%89-word-%D9%88%D8%A7%D9%84%D8%B9%D9%83%D8%B3-%D9%85%D8%B9-%D8%AA%D9%86%D8%B3%D9%8A%D9%82-%D8%A7%D8%AD%D8%AA%D8%B1%D8%A7%D9%81%D9%8A-%D9%88%D8%B3%D8%B1%D9%8A%D8%B9
403 Forbidden,Non trouvé,Non trouvé,Non trouvé,Aucun avis,Inconnu,Inconnu,Aucun tag,https://khamsat.com/business/financial-statements/1801525-%D8%AA%D8%AD%D9%88%D9%8A%D9%84-%D9%84%D8%BA%D8%A9-%D8%A7%D9%84%D9%82%D9%88%D8%A7%D8%A6%D9%85-%D8%A7%D9%84%D9%85%D8%A7%D9%84%D9%8A%D8%A9-%D8%A5%D9%84%D9%89-%D8%A7%D9%84%D9%84%D8%BA%D8%A9-%D8%A7%D9%84%D8%B9%D8%B1%D8%A8%D9%8A%D8%A9-%D8%A7%D9%84%D8%A5%D9%86%D8%AC%D9%84%D9%8A%D8%B2%D9%8A%D8%A9
403 Forbidden,Non trouvé,Non trouvé,Non trouvé,Aucun avis,Inconnu,Inconnu,Aucun tag,https://khamsat.com/business/accounting-bookkeeping/2807287-%D9%85%D8%AD%D8%A7%D8%B3%D8%A8%D8%A9-%D9%88%D8%A5%D8%B9%D8%AF%D8%A7%D8%AF-%D8%A7%D9%84%D9%82%D9%88%D8%A7%D8%A6%D9%85-%D8%A7%D9%84%D9%85%D8%A7%D9%84%D9%8A%D8%A9-%D9%88%D8%A7%D9%84%D8%AA%D9%82%D8%A7%D8%B1%D9%8A%D8%B1
403 Forbidden,Non trouvé,Non trouvé,Non trouvé,Aucun avis,Inconnu,Inconnu,Aucun tag,https://khamsat.com/business/organizational-development/1690150-%D8%A7%D8%B9%D8%AF%D8%A7%D8%AF-%D9%85%D8%B5%D9%81%D9%88%D9%81%D8%A9-%D8%AA%D8%AF%D8%B1%D8%AC-%D8%A7%D9%84%D8%B5%D9%84%D8%A7%D8%AD%D9%8A%D8%A7%D8%AA-%D9%88%D8%A7%D9%84%D9%85%D8%B3%D8%A4%D9%88%D9%84%D9%8A%D8%A7%D8%AA-%D8%A8%D8%A7%D9%84%D8%B4%D8%B1%D9%83%D8%A7%D8%AA
403 Forbidden,Non trouvé,Non trouvé,Non trouvé,Aucun avis,Inconnu,Inconnu,Aucun tag,https://khamsat.com/business/file-conversion/3822494-%D8%AA%D8%AD%D9%88%D9%8A%D9%84-%D9%85%D9%86-pdf-%D8%A7%D9%84%D9%89-word-%D9%88%D8%A7%D9%84%D8%B9%D9%83%D8%B3
403 Forbidden,Non trouvé,Non trouvé,Non trouvé,Aucun avis,Inconnu,Inconnu,Aucun tag,https://khamsat.com/business/financial-statements/3596433-%D8%A5%D8%B9%D8%AF%D8%A7%D8%AF-%D9%88%D8%B9%D9%85%D9%84-%D8%A7%D9%84%D9%82%D9%88%D8%A7%D8%A6%D9%85-%D8%A7%D9%84%D9%85%D8%A7%D9%84%D9%8A%D8%A9-%D8%A8%D8%AF%D9%82%D8%A9
403 Forbidden,Non trouvé,Non trouvé,Non trouvé,Aucun avis,Inconnu,Inconnu,Aucun tag,https://khamsat.com/business/tax/2866520-%D8%A5%D8%B9%D8%AF%D8%A7%D8%AF-%D8%A7%D9%82%D8%B1%D8%A7%D8%B1%D8%A7%D8%AA-%D8%B6%D8%B1%D9%8A%D8%A8%D8%A9-%D8%A7%D9%84%D9%82%D9%8A%D9%85%D8%A9-%D8%A7%D9%84%D9%85%D8%B6%D8%A7%D9%81%D8%A9-%D8%A8%D8%A7%D9%84%D8%B3%D8%B9%D9%88%D8%AF%D9%8A%D9%87-vat
403 Forbidden,Non trouvé,Non trouvé,Non trouvé,Aucun avis,Inconnu,Inconnu,Aucun tag,https://khamsat.com/business/recruiting/2930999-%D8%AA%D8%B5%D9%85%D9%8A%D9%85-%D8%A8%D8%B7%D8%A7%D9%82%D8%A9-%D8%A7%D9%84%D9%88%D8%B5%D9%81-%D8%A7%D9%84%D9%88%D8%B8%D9%8A%D9%81%D9%8A-job-description-%D9%84%D9%84%D8%B4%D8%B1%D9%83%D8%A7%D8%AA
403 Forbidden,Non trouvé,Non trouvé,Non trouvé,Aucun avis,Inconnu,Inconnu,Aucun tag,https://khamsat.com/business/file-conversion/3765769-%D8%AA%D8%AD%D9%88%D9%8A%D9%84-%D8%B5%D9%81%D8%AD%D8%A7%D8%AA-pdf-%D8%A3%D9%88-%D8%B5%D9%88%D8%B1-%D8%A5%D9%84%D9%89-wordexcel-%D8%A8%D8%AF%D9%82%D8%A9-%D8%B9%D8%A7%D9%84%D9%8A%D8%A9
403 Forbidden,Non trouvé,Non trouvé,Non trouvé,Aucun avis,Inconnu,Inconnu,Aucun tag,https://khamsat.com/business/financial-statements/3534807-%D8%A5%D8%B9%D8%AF%D8%A7%D8%AF-%D9%85%D9%8A%D8%B2%D8%A7%D9%86%D9%8A%D8%A9-%D8%B9%D9%85%D9%88%D9%85%D9%8A%D8%A9-%D9%88%D9%82%D8%A7%D8%A6%D9%85%D8%A9-%D8%AF%D8%AE%D9%84-%D8%A7%D8%AD%D8%AA%D8%B1%D8%A7%D9%81%D9%8A%D8%A9-%D9%84%D8%B4%D8%B1%D9%83%D8%AA%D9%83-%D8%A7%D9%84%D8%B5%D8%BA%D9%8A%D8%B1%D8%A9
403 Forbidden,Non trouvé,Non trouvé,Non trouvé,Aucun avis,Inconnu,Inconnu,Aucun tag,https://khamsat.com/business/accounting-bookkeeping/2131573-%D9%85%D8%AD%D8%A7%D8%B3%D8%A8-%D8%B9%D8%A7%D9%85-%D9%84%D8%A5%D9%86%D8%AC%D8%A7%D8%B2-%D8%A7%D8%B9%D9%85%D8%A7%D9%84%D9%83-%D8%A7%D9%84%D9%85%D8%AD%D8%A7%D8%B3%D8%A8%D9%8A%D8%A9-%D8%B9%D9%86-%D8%A8%D8%B9%D8%AF
403 Forbidden,Non trouvé,Non trouvé,Non trouvé,Aucun avis,Inconnu,Inconnu,Aucun tag,https://khamsat.com/business/salary/2914815-%D8%A8%D8%B1%D9%86%D8%A7%D9%85%D8%AC-%D8%A7%D8%AD%D8%AA%D8%B3%D8%A7%D8%A8-%D8%A7%D9%84%D8%AF%D9%88%D8%B1%D8%A7%D9%86-%D8%A7%D9%84%D9%88%D8%B8%D9%8A%D9%81%D9%8A-%D8%B4%D9%87%D8%B1%D9%8A%D8%A7
403 Forbidden,Non trouvé,Non trouvé,Non trouvé,Aucun avis,Inconnu,Inconnu,Aucun tag,https://khamsat.com/business/file-conversion/3840415-%D8%AA%D8%AD%D9%88%D9%8A%D9%84-%D8%A3%D9%8A-%D9%85%D9%84%D9%81-pdf-%D8%A3%D9%88-%D8%B5%D9%88%D8%B1%D8%A9-%D8%A5%D9%84%D9%89-%D9%85%D9%84%D9%81-%D9%88%D9%88%D8%B1%D8%AF-%D9%85%D9%86%D8%B3%D9%82-%D8%A8%D8%AF%D9%82%D8%A9-%D9%88%D8%A7%D8%AD%D8%AA%D8%B1%D8%A7%D9%81%D9%8A%D8%A9
403 Forbidden,Non trouvé,Non trouvé,Non trouvé,Aucun avis,Inconnu,Inconnu,Aucun tag,https://khamsat.com/business/financial-statements/3564119-%D8%A5%D8%B9%D8%AF%D8%A7%D8%AF-%D8%A7%D9%84%D9%82%D9%88%D8%A7%D8%A6%D9%85-%D8%A7%D9%84%D9%85%D8%A7%D9%84%D9%8A%D8%A9-%D9%88%D8%A7%D9%84%D8%AA%D8%AD%D9%84%D9%8A%D9%84-%D8%A7%D9%84%D9%85%D8%A7%D9%84%D9%8A-%D9%85%D8%B9-%D8%AA%D9%82%D8%A7%D8%B1%D9%8A%D8%B1-%D9%88%D9%86%D8%B3%D8%A8-%D8%A7%D8%AD%D8%AA%D8%B1%D8%A7%D9%81%D9%8A
403 Forbidden,Non trouvé,Non trouvé,Non trouvé,Aucun avis,Inconnu,Inconnu,Aucun tag,https://khamsat.com/business/accounting-bookkeeping/2844717-%D9%85%D8%AD%D8%A7%D8%B3%D8%A8%D9%87-%D9%88%D8%A5%D8%B9%D8%AF%D8%A7%D8%AF-%D8%AA%D9%82%D8%A7%D8%B1%D9%8A%D8%B1-%D8%A7%D9%84%D8%B9%D9%85%D9%84%D8%A7%D8%A1-%D9%88%D8%A7%D9%84%D9%85%D9%88%D8%B1%D8%AF%D9%8A%D9%86-%D9%88%D8%A7%D9%84%D9%82%D9%8A%D9%88%D8%AF-%D9%88%D8%A7%D9%84%D9%82%D9%88%D8%A7%D8%A6%D9%85
403 Forbidden,Non trouvé,Non trouvé,Non trouvé,Aucun avis,Inconnu,Inconnu,Aucun tag,https://khamsat.com/business/recruiting/3036640-%D8%A5%D8%B9%D8%AF%D8%A7%D8%AF-%D8%A7%D9%84%D8%A3%D9%88%D8%B5%D8%A7%D9%81-%D8%A7%D9%84%D9%88%D8%B8%D9%8A%D9%81%D9%8A%D8%A9-job-description
403 Forbidden,Non trouvé,Non trouvé,Non trouvé,Aucun avis,Inconnu,Inconnu,Aucun tag,https://khamsat.com/business/file-conversion/3735172-%D8%AA%D8%AD%D9%88%D9%8A%D9%84-%D8%A7%D9%84%D9%85%D9%84%D9%81%D8%A7%D8%AA-%D9%85%D9%86-pdf-%D8%A5%D9%84%D9%89-word-excel-powerpoint-%D9%88%D8%A7%D9%84%D8%B9%D9%83%D8%B3
403 Forbidden,Non trouvé,Non trouvé,Non trouvé,Aucun avis,Inconnu,Inconnu,Aucun tag,https://khamsat.com/business/financial-statements/3642831-%D8%A5%D8%B9%D8%AF%D8%A7%D8%AF-%D8%A7%D9%84%D9%82%D9%88%D8%A7%D8%A6%D9%85-%D8%A7%D9%84%D9%85%D8%A7%D9%84%D9%8A%D8%A9-%D9%88%D8%A7%D9%84%D8%AA%D9%82%D8%A7%D8%B1%D9%8A%D8%B1-%D8%A7%D9%84%D9%85%D8%AD%D8%A7%D8%B3%D8%A8%D9%8A%D8%A9-%D8%A8%D8%AF%D9%82%D8%A9
403 Forbidden,Non trouvé,Non trouvé,Non trouvé,Aucun avis,Inconnu,Inconnu,Aucun tag,https://khamsat.com/business/tax/3058165-%D8%A5%D8%B9%D8%AF%D8%A7%D8%AF-%D8%AA%D9%82%D8%B1%D9%8A%D8%B1-%D8%A7%D9%84%D8%B1%D8%A8%D8%B9%D9%8A-%D9%84%D8%B6%D8%B1%D9%8A%D8%A8%D8%A9-%D8%A7%D9%84%D9%82%D9%8A%D9%85%D8%A9-%D8%A7%D9%84%D9%85%D8%B6%D8%A7%D9%81%D8%A9-vat-%D9%81%D9%8A-%D8%A7%D9%84%D8%B3%D8%B9%D9%88%D8%AF%D9%8A%D8%A9
403 Forbidden,Non trouvé,Non trouvé,Non trouvé,Aucun avis,Inconnu,Inconnu,Aucun tag,https://khamsat.com/business/organizational-development/1606089-%D8%B5%D9%8A%D8%A7%D8%BA%D8%A9-%D8%A7%D9%84%D8%AF%D9%84%D9%8A%D9%84-%D8%A7%D9%84%D8%B4%D8%A7%D9%85%D9%84-%D9%84%D8%B3%D9%8A%D8%A7%D8%B3%D8%A7%D8%AA-%D9%88%D8%A7%D8%AC%D8%B1%D8%A7%D8%A1%D8%A7%D8%AA-%D8%A7%D9%84%D9%85%D9%88%D8%A7%D8%B1%D8%AF-%D8%A7%D9%84%D8%A8%D8%B4%D8%B1%D9%8A%D8%A9
403 Forbidden,Non trouvé,Non trouvé,Non trouvé,Aucun avis,Inconnu,Inconnu,Aucun tag,https://khamsat.com/business/file-conversion/3792053-%D8%AA%D8%AD%D9%88%D9%8A%D9%84-%D9%85%D9%84%D9%81%D8%A7%D8%AA-pdf-%D8%A5%D9%84%D9%89-word-%D9%88%D8%AA%D9%86%D8%B3%D9%8A%D9%82-%D9%85%D9%84%D9%81-%D9%88%D9%88%D8%B1%D8%AF-%D8%A8%D8%A7%D8%AD%D8%AA%D8%B1%D8%A7%D9%81%D9%8A%D8%A9
403 Forbidden,Non trouvé,Non trouvé,Non trouvé,Aucun avis,Inconnu,Inconnu,Aucun tag,https://khamsat.com/business/financial-statements/3482227-%D8%AA%D8%AD%D9%84%D9%8A%D9%84-%D9%85%D8%A7%D9%84%D9%8A-%D9%84%D9%84%D9%82%D9%88%D8%A7%D8%A6%D9%85-%D8%A7%D9%84%D9%85%D8%A7%D9%84%D9%8A%D8%A9
403 Forbidden,Non trouvé,Non trouvé,Non trouvé,Aucun avis,Inconnu,Inconnu,Aucun tag,https://khamsat.com/business/tax/3496006-%D8%A7%D8%B9%D8%AF%D8%A7%D8%AF-%D8%A7%D9%84%D8%A3%D9%82%D8%B1%D8%A7%D8%B1-%D8%A7%D9%84%D8%B6%D8%B1%D9%8A%D8%A8%D9%8A-vat
403 Forbidden,Non trouvé,Non trouvé,Non trouvé,Aucun avis,Inconnu,Inconnu,Aucun tag,https://khamsat.com/business/organizational-development/3587292-%D8%AA%D8%B5%D9%85%D9%8A%D9%85-%D9%86%D9%85%D8%A7%D8%B0%D8%AC-excel-%D8%B0%D9%83%D9%8A%D8%A9-%D9%88%D8%A7%D8%AD%D8%AA%D8%B1%D8%A7%D9%81%D9%8A%D8%A9-%D8%AA%D9%86%D8%A7%D8%B3%D8%A8-%D8%B7%D8%A8%D9%8A%D8%B9%D8%A9-%D8%B9%D9%85%D9%84%D9%83-%D8%A8%D8%AF%D9%82%D8%A9
403 Forbidden,Non trouvé,Non trouvé,Non trouvé,Aucun avis,Inconnu,Inconnu,Aucun tag,https://khamsat.com/business/file-conversion/3780303-%D8%AE%D8%AF%D9%85%D8%A9-%D8%AA%D8%AD%D9%88%D9%8A%D9%84-%D9%85%D9%84%D9%81-%D9%85%D9%86-pdf-%D9%84-word
403 Forbidden,Non trouvé,Non trouvé,Non trouvé,Aucun avis,Inconnu,Inconnu,Aucun tag,https://khamsat.com/business/financial-statements/3526704-%D8%AD%D9%84%D9%88%D9%84-%D9%85%D8%AD%D8%A7%D8%B3%D8%A8%D9%8A%D8%A9-%D9%85%D8%AA%D9%83%D8%A7%D9%85%D9%84%D8%A9-%D8%AA%D9%86%D8%B8%D9%8A%D9%85-%D8%A7%D9%84%D8%AF%D9%81%D8%A7%D8%AA%D8%B1-%D9%88%D8%A5%D8%B9%D8%AF%D8%A7%D8%AF-%D8%AA%D9%82%D8%A7%D8%B1%D9%8A%D8%B1-%D9%85%D8%A7%D9%84%D9%8A%D8%A9
403 Forbidden,Non trouvé,Non trouvé,Non trouvé,Aucun avis,Inconnu,Inconnu,Aucun tag,https://khamsat.com/business/tax/3051883-%D8%B9%D9%85%D9%84-%D8%A7%D9%84%D8%A5%D9%82%D8%B1%D8%A7%D8%B1-%D8%A7%D9%84%D8%B6%D8%B1%D9%8A%D8%A8%D9%8A-%D9%84%D8%B6%D8%B1%D9%8A%D8%A8%D8%A9-%D8%A7%D9%84%D9%82%D9%8A%D9%85%D8%A9-%D8%A7%D9%84%D9%85%D8%B6%D8%A7%D9%81%D8%A9
403 Forbidden,Non trouvé,Non trouvé,Non trouvé,Aucun avis,Inconnu,Inconnu,Aucun tag,https://khamsat.com/business/performance-management/3094635-%D8%A5%D8%B9%D8%AF%D8%A7%D8%AF-%D9%86%D9%85%D8%A7%D8%B0%D8%AC-%D8%AA%D9%82%D9%8A%D9%8A%D9%85-%D8%A3%D8%AF%D8%A7%D8%A1-%D9%88%D8%B8%D9%8A%D9%81%D9%8A-%D8%A7%D8%AD%D8%AA%D8%B1%D8%A7%D9%81%D9%8A%D8%A9-%D8%A8%D9%85%D8%A4%D8%B4%D8%B1%D8%A7%D8%AA-%D9%82%D9%8A%D8%A7%D8%B3-%D8%AF%D9%82%D9%8A%D9%82%D8%A9
403 Forbidden,Non trouvé,Non trouvé,Non trouvé,Aucun avis,Inconnu,Inconnu,Aucun tag,https://khamsat.com/business/file-conversion/3697080-%D8%AA%D8%AD%D9%88%D9%8A%D9%84-pdf-%D8%A7%D9%84%D9%89-word-%D8%A8%D8%AF%D9%82%D8%A9-%D8%B9%D8%A7%D9%84%D9%8A%D8%A9
403 Forbidden,Non trouvé,Non trouvé,Non trouvé,Aucun avis,Inconnu,Inconnu,Aucun tag,https://khamsat.com/business/financial-statements/3766708-%D8%A7%D8%B9%D8%AF%D8%A7%D8%AF-%D8%A7%D9%84%D9%82%D9%88%D8%A7%D8%A6%D9%85-%D8%A7%D9%84%D9%85%D8%A7%D9%84%D9%8A%D8%A9-%D8%A7%D9%84%D8%AF%D8%AE%D9%84-%D9%88%D8%A7%D9%84%D9%85%D9%8A%D8%B2%D8%A7%D9%86%D9%8A%D8%A9-%D8%A8%D8%AF%D9%82%D8%A9-%D8%B9%D8%A7%D9%84%D9%8A%D8%A9
403 Forbidden,Non trouvé,Non trouvé,Non trouvé,Aucun avis,Inconnu,Inconnu,Aucun tag,https://khamsat.com/business/accounting-bookkeeping/2102573-%D9%85%D8%AD%D8%A7%D8%B3%D8%A8%D8%A9-%D9%88%D8%A5%D8%B9%D8%AF%D8%A7%D8%AF-%D8%A7%D9%84%D9%82%D9%88%D8%A7%D8%A6%D9%85-%D8%A7%D9%84%D9%85%D8%A7%D9%84%D9%8A%D8%A9-%D9%88%D8%A7%D9%84%D8%AA%D9%82%D8%A7%D8%B1%D9%8A%D8%B1
403 Forbidden,Non trouvé,Non trouvé,Non trouvé,Aucun avis,Inconnu,Inconnu,Aucun tag,https://khamsat.com/business/organizational-development/2931145-%D8%B1%D8%B3%D9%85-%D9%85%D8%AE%D8%B7%D8%B7-%D8%B3%D9%8A%D8%B1-%D8%A7%D9%84%D8%B9%D9%85%D9%84-flow-%D8%A7%D9%84%D9%87%D9%8A%D9%83%D9%84-%D8%A7%D9%84%D8%AA%D9%86%D8%B8%D9%8A%D9%85%D9%8A-visio-professional
403 Forbidden,Non trouvé,Non trouvé,Non trouvé,Aucun avis,Inconnu,Inconnu,Aucun tag,https://khamsat.com/business/file-conversion/3632230-%D8%AA%D8%AD%D9%88%D9%8A%D9%84-%D9%85%D9%84%D9%81%D8%A7%D8%AA-pdf-%D8%A7%D9%84%D9%89-excel-%D8%A7%D9%88-word
403 Forbidden,Non trouvé,Non trouvé,Non trouvé,Aucun avis,Inconnu,Inconnu,Aucun tag,https://khamsat.com/business/financial-statements/3588975-%D8%A7%D8%B9%D8%AF%D8%A7%D8%AF-%D9%88%D9%85%D8%B1%D8%A7%D8%AC%D8%B9%D8%A9-%D8%A7%D9%84%D9%82%D9%88%D8%A7%D8%A6%D9%85-%D8%A7%D9%84%D9%85%D8%A7%D9%84%D9%8A%D8%A9-%D8%A7%D9%84%D8%B3%D9%86%D9%88%D9%8A%D8%A9-%D9%83%D8%A7%D9%85%D9%84%D8%A9-%D8%A8%D8%AC%D9%85%D9%8A%D8%B9-%D9%85%D8%B1%D9%81%D9%82%D8%A7%D8%AA%D9%87%D8%A7
403 Forbidden,Non trouvé,Non trouvé,Non trouvé,Aucun avis,Inconnu,Inconnu,Aucun tag,https://khamsat.com/business/financial-analysis/2417678-%D8%A7%D9%84%D8%AA%D8%AD%D9%84%D9%8A%D9%84-%D8%A7%D9%84%D9%85%D8%A7%D9%84%D9%89-%D8%A8%D8%A7%D8%B3%D8%AA%D8%AE%D8%AF%D8%A7%D9%85-%D8%A7%D9%84%D8%A7%D9%83%D8%B3%D9%8A%D9%84-%D8%A8%D8%A7%D9%84%D8%A7%D9%86%D8%AC%D9%84%D9%8A%D8%B2%D9%8A%D8%A9-%D9%88-%D8%A7%D9%84%D8%B9%D8%B1%D8%A8%D9%8A%D8%A9
403 Forbidden,Non trouvé,Non trouvé,Non trouvé,Aucun avis,Inconnu,Inconnu,Aucun tag,https://khamsat.com/business/organizational-development/2787850-%D8%AA%D8%B7%D9%88%D9%8A%D8%B1-%D8%A5%D8%AC%D8%B1%D8%A7%D8%A1%D8%A7%D8%AA-%D8%B4%D8%B1%D9%83%D8%AA%D9%83-%D9%88%D8%A7%D9%84%D8%AA%D9%88%D8%B8%D9%8A%D9%81-%D9%84%D8%B4%D8%B1%D9%83%D8%AA%D9%83-%D8%A5%D8%AC%D8%B1%D8%A7%D8%A1%D8%A7%D8%AA-%D8%B9%D9%85%D9%84%D9%83-%D9%85%D9%88%D8%AB%D9%82%D8%A9-%D8%A7%D8%A8%D8%B3%D8%B7
403 Forbidden,Non trouvé,Non trouvé,Non trouvé,Aucun avis,Inconnu,Inconnu,Aucun tag,https://khamsat.com/business/file-conversion/3615076-%D8%B3%D8%A3%D9%82%D9%88%D9%85-%D8%A8%D8%AA%D8%AD%D9%88%D9%8A%D9%84-%D9%85%D9%84%D9%81%D8%A7%D8%AA-pdf-%D8%A5%D9%84%D9%89-word-%D8%A3%D9%88-excel-%D9%8A%D8%AF%D9%88%D9%8A%D8%A7-%D9%88%D8%A8%D8%AF%D9%82%D8%A9-%D8%B9%D8%A7%D9%84%D9%8A%D8%A9
403 Forbidden,Non trouvé,Non trouvé,Non trouvé,Aucun avis,Inconnu,Inconnu,Aucun tag,https://khamsat.com/business/accounting-bookkeeping/2747562-%D8%A3%D8%B9%D9%85%D8%A7%D9%84-%D9%85%D8%AD%D8%A7%D8%B3%D8%A8%D9%8A%D8%A9-%D9%88-%D8%A7%D8%AF%D8%AE%D8%A7%D9%84-%D9%82%D9%8A%D9%88%D8%AF-%D8%B9%D9%84%D9%89-%D8%A8%D8%B1%D9%86%D8%A7%D9%85%D8%AC-%D8%AF%D9%81%D8%AA%D8%B1%D8%A9-%D8%A7%D9%84%D9%85%D8%AD%D8%A7%D8%B3%D8%A8%D9%8A
403 Forbidden,Non trouvé,Non trouvé,Non trouvé,Aucun avis,Inconnu,Inconnu,Aucun tag,https://khamsat.com/business/financial-statements/3099360-%D9%85%D8%AD%D8%A7%D8%B3%D8%A8-%D9%85%D8%A7%D9%84%D9%8A-%D8%A3%D8%B3%D8%AA%D8%B7%D9%8A%D8%B9-%D8%A7%D9%84%D9%82%D9%8A%D8%A7%D9%85-%D8%A8%D9%83%D8%A7%D9%81%D8%A9-%D8%A7%D9%84%D8%AE%D8%AF%D9%85%D8%A7%D8%AA-%D8%A7%D9%84%D9%85%D8%AD%D8%A7%D8%B3%D8%A8%D9%8A%D8%A9-erp-%D9%88%D8%A7%D9%83%D8%B3%D9%84
403 Forbidden,Non trouvé,Non trouvé,Non trouvé,Aucun avis,Inconnu,Inconnu,Aucun tag,https://khamsat.com/business/recruiting/2574978-%D8%A7%D9%86%D8%B4%D8%A7%D8%A1-%D8%A7%D9%84%D8%A2%D9%88%D8%B5%D8%A7%D9%81-%D8%A7%D9%84%D9%88%D8%B8%D9%8A%D9%81%D9%8A%D8%A9-%D9%84%D8%B4%D8%B1%D9%83%D8%AA%D9%83-%D9%88%D8%AA%D9%82%D9%8A%D9%8A%D9%85-%D9%85%D9%88%D8%B8%D9%81%D9%8A%D9%83-job-description
403 Forbidden,Non trouvé,Non trouvé,Non trouvé,Aucun avis,Inconnu,Inconnu,Aucun tag,https://khamsat.com/business/file-conversion/3553754-%D8%AA%D8%AD%D9%88%D9%8A%D9%84-%D8%B5%D9%88%D8%B1-%D8%A3%D9%88%D9%85%D9%84%D9%81%D8%A7%D8%AA-pdf-%D8%A5%D9%84%D9%89-word
403 Forbidden,Non trouvé,Non trouvé,Non trouvé,Aucun avis,Inconnu,Inconnu,Aucun tag,https://khamsat.com/business/financial-statements/2746449-%D8%A7%D8%B9%D8%AF%D8%A7%D8%AF-%D8%A7%D9%84%D9%82%D9%88%D8%A7%D8%A6%D9%85-%D8%A7%D9%84%D9%85%D8%A7%D9%84%D9%8A%D8%A9-%D9%84%D9%84%D8%B4%D8%B1%D9%83%D8%A7%D8%AA-%D8%A7%D9%84%D8%B5%D8%BA%D9%8A%D8%B1%D8%A9
403 Forbidden,Non trouvé,Non trouvé,Non trouvé,Aucun avis,Inconnu,Inconnu,Aucun tag,https://khamsat.com/business/tax/2894383-%D8%AA%D9%82%D8%AF%D9%8A%D9%85-%D8%A7%D9%84%D8%A7%D9%82%D8%B1%D8%A7%D8%B1-%D8%A7%D9%84%D8%B2%D9%83%D9%88%D9%8A-%D9%88%D8%B6%D8%B1%D9%8A%D8%A8%D8%A9-%D8%A7%D9%84%D9%82%D9%8A%D9%85%D8%A9-%D8%A7%D9%84%D9%85%D8%B6%D8%A7%D9%81%D8%A9-vat-15
403 Forbidden,Non trouvé,Non trouvé,Non trouvé,Aucun avis,Inconnu,Inconnu,Aucun tag,https://khamsat.com/business/file-conversion/3115227-%D8%AA%D8%AD%D9%88%D9%8A%D9%84-%D8%A7%D9%84%D8%B5%D9%88%D8%B1-%D8%A5%D9%84%D9%89-%D9%85%D9%84%D9%81%D8%A7%D8%AA-pdf
403 Forbidden,Non trouvé,Non trouvé,Non trouvé,Aucun avis,Inconnu,Inconnu,Aucun tag,https://khamsat.com/business/organizational-development/1605297-%D8%B5%D9%8A%D8%A7%D8%BA%D8%A9-%D8%A7%D9%84%D9%87%D9%8A%D9%83%D9%84-%D8%A7%D9%84%D8%AA%D9%86%D8%B8%D9%8A%D9%85%D9%8A-%D9%88%D9%81%D9%82-%D8%A7%D9%84%D8%AA%D8%AF%D8%B1%D8%AC-%D8%A7%D9%84%D9%88%D8%B8%D9%8A%D9%81%D9%8A-%D9%88%D8%A7%D9%84%D8%B5%D9%84%D8%A7%D8%AD%D9%8A%D8%A7%D8%AA-%D8%A7%D9%84%D8%A7%D8%AF%D8%A7%D8%B1%D9%8A%D8%A9
403 Forbidden,Non trouvé,Non trouvé,Non trouvé,Aucun avis,Inconnu,Inconnu,Aucun tag,https://khamsat.com/business/financial-statements/2560649-%D8%AC%D8%AF%D9%88%D9%84-%D8%AD%D8%B3%D8%A7%D8%A8%D8%A7%D8%AA-%D8%B2%D9%85%D9%86%D9%8A-%D8%B9%D9%84%D9%89-excel
403 Forbidden,Non trouvé,Non trouvé,Non trouvé,Aucun avis,Inconnu,Inconnu,Aucun tag,https://khamsat.com/business/accounting-bookkeeping/2430083-%D8%A7%D8%B3%D8%AA%D8%B4%D8%A7%D8%B1%D8%A7%D8%AA-%D9%88%D8%AA%D8%B9%D8%AF%D9%8A%D9%84%D8%A7%D8%AA-%D9%85%D8%AD%D8%A7%D8%B3%D8%A8%D9%8A%D8%A9
403 Forbidden,Non trouvé,Non trouvé,Non trouvé,Aucun avis,Inconnu,Inconnu,Aucun tag,https://khamsat.com/business/file-conversion/3084103-%D8%AA%D8%AD%D9%88%D9%8A%D9%84-%D9%85%D9%84%D9%81-pdf-%D8%A5%D9%84%D9%89-word-%D8%A8%D9%85%D9%86%D8%AA%D9%87%D9%89-%D8%A7%D9%84%D8%A7%D8%AD%D8%AA%D8%B1%D8%A7%D9%81%D9%8A%D8%A9-%D9%88%D8%A7%D9%84%D8%A5%D8%AA%D9%82%D8%A7%D9%86
403 Forbidden,Non trouvé,Non trouvé,Non trouvé,Aucun avis,Inconnu,Inconnu,Aucun tag,https://khamsat.com/business/human-resources-consulting/2062674-%D8%A8%D8%B1%D9%86%D8%A7%D9%85%D8%AC-%D9%84%D9%85%D8%AA%D8%A7%D8%A8%D8%B9%D8%A9-%D9%88%D8%AA%D9%86%D8%B8%D9%8A%D9%85-%D8%AE%D8%B7%D8%A9-%D8%AA%D8%AF%D8%B1%D9%8A%D8%A8-%D8%A7%D9%84%D9%85%D9%88%D8%B8%D9%81%D9%8A%D9%86-%D9%88%D8%A7%D9%84%D8%AF%D9%88%D8%B1%D8%A7%D8%AA-%D8%A7%D9%84%D8%AA%D8%AF%D8%B1%D9%8A%D8%A8%D9%8A%D8%A9
403 Forbidden,Non trouvé,Non trouvé,Non trouvé,Aucun avis,Inconnu,Inconnu,Aucun tag,https://khamsat.com/business/financial-statements/2035857-%D8%AA%D8%AD%D9%84%D9%8A%D9%84-%D8%B4%D8%A7%D9%85%D9%84-%D9%84%D9%84%D9%82%D9%88%D8%A7%D8%A6%D9%85-%D8%A7%D9%84%D9%85%D8%A7%D9%84%D9%8A%D8%A9-%D9%88%D8%AA%D8%AD%D9%84%D9%8A%D9%84-%D8%A7%D9%84%D9%86%D8%B3%D8%A8-%D8%A7%D9%84%D9%85%D8%A7%D9%84%D9%8A%D8%A9
403 Forbidden,Non trouvé,Non trouvé,Non trouvé,Aucun avis,Inconnu,Inconnu,Aucun tag,https://khamsat.com/business/accounting-bookkeeping/2659025-%D9%85%D8%AD%D8%A7%D8%B3%D8%A8%D8%A9-%D8%A7%D9%84%D9%82%D9%88%D8%A7%D8%A6%D9%85-%D8%A7%D9%84%D9%85%D8%A7%D9%84%D9%8A%D8%A9-%D9%88%D8%A7%D9%84%D8%AA%D9%82%D8%A7%D8%B1%D9%8A%D8%B1%D9%85%D8%AD%D8%A7%D8%B3%D8%A8-%D8%B9%D9%86-%D8%A8%D8%B9%D8%AF-%D9%84%D8%AA%D9%86%D8%B8%D9%8A%D9%85-%D8%A7%D8%B9%D9%85%D8%A7%D9%84%D9%83
403 Forbidden,Non trouvé,Non trouvé,Non trouvé,Aucun avis,Inconnu,Inconnu,Aucun tag,https://khamsat.com/business/file-conversion/3543714-%D8%AA%D8%AD%D9%88%D9%8A%D9%84-%D9%85%D9%84%D9%81-word-%D8%A7%D9%84%D9%89-pdf-%D9%88%D8%A7%D9%84%D8%B9%D9%83%D8%B3
403 Forbidden,Non trouvé,Non trouvé,Non trouvé,Aucun avis,Inconnu,Inconnu,Aucun tag,https://khamsat.com/business/recruiting/2964864-%D8%A5%D8%B9%D8%AF%D8%A7%D8%AF-%D8%A7%D9%84%D8%A3%D9%88%D8%B5%D8%A7%D9%81-%D8%A7%D9%84%D9%88%D8%B8%D9%8A%D9%81%D9%8A%D8%A9-%D8%A7%D9%84%D8%A5%D8%AF%D8%A7%D8%B1%D9%8A%D8%A9-%D9%88%D8%A7%D9%84%D9%81%D9%86%D9%8A%D8%A9-job-description
403 Forbidden,Non trouvé,Non trouvé,Non trouvé,Aucun avis,Inconnu,Inconnu,Aucun tag,https://khamsat.com/business/financial-statements/3126841-%D8%AA%D8%AD%D9%84%D9%8A%D9%84-%D9%85%D8%A7%D9%84%D9%89-%D9%88%D8%A7%D8%B9%D8%AF%D8%A7%D8%AF-%D9%82%D9%88%D8%A7%D8%A6%D9%85-%D9%85%D8%A7%D9%84%D9%8A%D8%A9
403 Forbidden,Non trouvé,Non trouvé,Non trouvé,Aucun avis,Inconnu,Inconnu,Aucun tag,https://khamsat.com/business/financial-analysis/3135895-%D8%AA%D8%AD%D9%84%D9%8A%D9%84-%D9%85%D8%A7%D9%84%D9%8A-%D9%84%D9%84%D9%82%D9%88%D8%A7%D8%A6%D9%85-%D8%A7%D9%84%D9%85%D8%A7%D9%84%D9%8A%D8%A9
403 Forbidden,Non trouvé,Non trouvé,Non trouvé,Aucun avis,Inconnu,Inconnu,Aucun tag,https://khamsat.com/business/file-conversion/3535510-%D8%AE%D8%AF%D9%85%D8%A9-%D8%B3%D8%B1%D9%8A%D8%B9%D8%A9-%D9%88%D8%A2%D9%85%D9%86%D8%A9-%D9%84%D8%AA%D8%AD%D9%88%D9%8A%D9%84-%D9%85%D9%84%D9%81%D8%A7%D8%AA-pdf-%D8%A5%D9%84%D9%89-word-%D9%88excel
403 Forbidden,Non trouvé,Non trouvé,Non trouvé,Aucun avis,Inconnu,Inconnu,Aucun tag,https://khamsat.com/business/organizational-development/2317251-%D8%AA%D8%B5%D9%85%D9%8A%D9%85-%D9%87%D9%8A%D9%83%D9%84%D9%8A%D8%A9-%D8%AA%D9%86%D8%B8%D9%8A%D9%85%D9%8A%D8%A9-%D9%84%D9%85%D8%A4%D8%B3%D8%B3%D8%AA%D9%83-%D9%85%D9%86%D9%87%D8%AC%D9%8A%D8%A9-%D9%88%D8%A7%D8%B6%D8%AD%D8%A9-%D9%88%D9%85%D9%85%D9%8A%D8%B2%D8%A9
403 Forbidden,Non trouvé,Non trouvé,Non trouvé,Aucun avis,Inconnu,Inconnu,Aucun tag,https://khamsat.com/business/financial-statements/3889492-%D8%B9%D9%85%D9%84-%D8%A7%D9%84%D9%82%D9%88%D8%A7%D8%A6%D9%85-%D8%A7%D9%84%D9%85%D8%A7%D9%84%D9%8A%D8%A9-%D9%88%D8%B1%D9%81%D8%B9%D9%87%D8%A7-%D8%B9%D9%84%D9%8A-%D9%85%D9%86%D8%B5%D8%A9-%D9%82%D9%88%D8%A7%D8%A6%D9%85
403 Forbidden,Non trouvé,Non trouvé,Non trouvé,Aucun avis,Inconnu,Inconnu,Aucun tag,https://khamsat.com/business/accounting-bookkeeping/2569820-%D8%AA%D9%82%D8%AF%D9%8A%D9%85-%D8%A7%D8%B9%D9%85%D8%A7%D9%84-%D9%85%D8%AD%D8%A7%D8%B3%D8%A8%D9%8A%D8%A9
403 Forbidden,Non trouvé,Non trouvé,Non trouvé,Aucun avis,Inconnu,Inconnu,Aucun tag,https://khamsat.com/business/file-conversion/3268500-%D8%AA%D8%AD%D9%88%D9%8A%D9%84-%D9%85%D9%84%D9%81%D8%A7%D8%AA-pdf-%D9%88%D8%A7%D9%84%D8%B5%D9%88%D8%B1-%D8%A7%D9%84%D9%85%D9%85%D8%B3%D9%88%D8%AD%D8%A9-%D8%B6%D9%88%D8%A6%D9%8A%D8%A7-%D8%A7%D9%84%D9%89-word-%D8%A8%D8%AF%D9%82%D8%A9-%D8%B9%D8%A7%D9%84%D9%8A%D8%A9
403 Forbidden,Non trouvé,Non trouvé,Non trouvé,Aucun avis,Inconnu,Inconnu,Aucun tag,https://khamsat.com/business/human-resources-consulting/1809624-%D8%AE%D8%B7%D8%A9-%D9%85%D9%88%D8%A7%D8%B1%D8%AF-%D8%A8%D8%B4%D8%B1%D9%8A%D8%A9-%D8%A5%D8%B3%D8%AA%D8%B1%D8%A7%D8%AA%D9%8A%D8%AC%D9%8A%D8%A9
403 Forbidden,Non trouvé,Non trouvé,Non trouvé,Aucun avis,Inconnu,Inconnu,Aucun tag,https://khamsat.com/business/financial-consulting/765184-%D9%85%D8%B3%D8%AA%D8%B4%D8%A7%D8%B1%D9%83-%D8%A7%D9%84%D9%85%D8%AD%D8%A7%D8%B3%D8%A8%D9%8A
403 Forbidden,Non trouvé,Non trouvé,Non trouvé,Aucun avis,Inconnu,Inconnu,Aucun tag,https://khamsat.com/business/financial-statements/2229414-%D8%A7%D8%B9%D8%AF%D8%A7%D8%AF-%D9%82%D9%88%D8%A7%D8%A6%D9%85-%D9%85%D8%A7%D9%84%D9%8A%D8%A9-%D9%88%D9%85%D9%8A%D8%B2%D8%A7%D9%86%D9%8A%D8%A9-%D9%85%D8%B1%D8%A7%D8%AC%D8%B9%D8%A9-%D9%88-%D8%A7%D9%86%D8%B4%D8%A7%D8%A1-%D9%82%D9%8A%D8%AF-%D9%85%D8%AD%D8%A7%D8%B3%D8%A8%D9%8A-%D9%83%D8%A7%D9%85%D9%84
403 Forbidden,Non trouvé,Non trouvé,Non trouvé,Aucun avis,Inconnu,Inconnu,Aucun tag,https://khamsat.com/business/file-conversion/3522383-%D8%AA%D8%B9%D8%AF%D9%8A%D9%84-%D9%85%D9%84%D9%81%D8%A7%D8%AA-%D9%88%D9%85%D8%B3%D8%AA%D9%86%D8%AF%D8%A7%D8%AA-%D9%88%D8%A8%D9%8A%D8%A7%D9%86%D8%A7%D8%AA-%D9%85%D9%84%D9%81-%D8%A8%D9%8A-%D8%AF%D9%8A-%D8%A7%D9%81-pdf
403 Forbidden,Non trouvé,Non trouvé,Non trouvé,Aucun avis,Inconnu,Inconnu,Aucun tag,https://khamsat.com/business/organizational-development/2967689-%D8%AA%D9%86%D8%B8%D9%8A%D9%85-%D9%87%D9%8A%D9%83%D9%84-%D8%AA%D9%86%D8%B8%D9%8A%D9%85%D9%8A-%D9%88%D9%81%D9%82-%D8%B3%D9%8A%D8%A7%D8%B3%D8%A9-%D8%A7%D9%84%D9%85%D9%88%D8%A7%D8%B1%D8%AF-%D8%A7%D9%84%D8%A8%D8%B4%D8%B1%D9%8A%D8%A9
403 Forbidden,Non trouvé,Non trouvé,Non trouvé,Aucun avis,Inconnu,Inconnu,Aucun tag,https://khamsat.com/business/financial-statements/2594730-%D9%85%D8%B1%D8%A7%D8%AC%D8%B9%D8%A9-%D8%A7%D9%84%D8%A8%D9%8A%D8%A7%D9%86%D8%A7%D8%AA-%D8%A7%D9%84%D9%85%D8%A7%D9%84%D9%8A%D8%A9-%D9%88%D9%85%D8%B9%D8%A7%D9%84%D8%AC%D8%AA%D9%87%D8%A7-%D9%88%D8%A7%D8%B5%D8%AF%D8%A7%D8%B1-%D8%A7%D9%84%D9%82%D9%88%D8%A7%D8%A6%D9%85-%D8%A7%D9%84%D9%85%D8%A7%D9%84%D9%8A%D8%A9
403 Forbidden,Non trouvé,Non trouvé,Non trouvé,Aucun avis,Inconnu,Inconnu,Aucun tag,https://khamsat.com/business/financial-analysis/2735644-%D8%A8%D8%B1%D9%86%D8%A7%D9%85%D8%AC-%D8%AF%D8%B1%D8%A7%D8%B3%D8%A9-%D8%A7%D9%84%D8%AC%D8%AF%D9%88%D9%89-%D8%A7%D9%84%D9%85%D8%A7%D9%84%D9%8A%D8%A9
403 Forbidden,Non trouvé,Non trouvé,Non trouvé,Aucun avis,Inconnu,Inconnu,Aucun tag,https://khamsat.com/business/file-conversion/3029522-%D8%AA%D8%AD%D9%88%D9%8A%D9%84-%D9%85%D9%84%D9%81%D8%A7%D8%AA-%D9%85%D9%86-word-%D8%A7%D9%84%D9%89pdf-%D9%88%D9%83%D8%AA%D8%A7%D8%A8%D8%A9-%D9%85%D9%84%D9%81%D8%A7%D8%AA-word
403 Forbidden,Non trouvé,Non trouvé,Non trouvé,Aucun avis,Inconnu,Inconnu,Aucun tag,https://khamsat.com/business/organizational-development/2452089-%D8%B5%D9%8A%D8%A7%D8%BA%D8%A9-%D8%A7%D9%84%D8%B3%D9%8A%D8%A7%D8%B3%D8%A7%D8%AA-%D9%88%D8%A7%D9%84%D8%A5%D8%AC%D8%B1%D8%A7%D8%A1%D8%A7%D8%AA-%D9%88%D8%A7%D9%84%D9%84%D9%88%D8%A7%D8%A6%D8%AD-%D8%A7%D9%84%D8%AA%D9%86%D8%B8%D9%8A%D9%85%D9%8A%D8%A9-%D8%A7%D9%84%D8%AF%D8%A7%D8%AE%D9%84%D9%8A%D8%A9
403 Forbidden,Non trouvé,Non trouvé,Non trouvé,Aucun avis,Inconnu,Inconnu,Aucun tag,https://khamsat.com/business/financial-statements/1775665-%D9%86%D9%85%D9%88%D8%B0%D8%AC-%D8%A7%D9%83%D8%B3%D9%84-%D9%84%D8%AA%D8%AD%D9%84%D9%8A%D9%84-%D8%A7%D9%84%D9%82%D9%88%D8%A7%D8%A6%D9%85-%D8%A7%D9%84%D9%85%D8%A7%D9%84%D9%8A%D8%A9
403 Forbidden,Non trouvé,Non trouvé,Non trouvé,Aucun avis,Inconnu,Inconnu,Aucun tag,https://khamsat.com/business/accounting-bookkeeping/2986207-%D9%85%D8%AD%D8%A7%D8%B3%D8%A8-%D8%AE%D8%A8%D9%8A%D8%B1-%D8%B9%D9%86-%D8%A8%D8%B9%D8%AF-%D9%84%D8%AA%D9%86%D8%B8%D9%8A%D9%85-%D8%A3%D8%B9%D9%85%D8%A7%D9%84%D9%83-%D8%A7%D9%84%D9%85%D8%A7%D9%84%D9%8A%D8%A9-%D9%82%D9%88%D8%A7%D8%A6%D9%85-%D9%88-%D8%AA%D9%82%D8%A7%D8%B1%D9%8A%D8%B1-%D9%85%D8%A7%D9%84%D9%8A%D8%A9
403 Forbidden,Non trouvé,Non trouvé,Non trouvé,Aucun avis,Inconnu,Inconnu,Aucun tag,https://khamsat.com/business/file-conversion/3274100-%D8%B3%D8%A3%D8%AD%D9%88%D9%84-%D9%85%D9%84%D9%81%D8%A7%D8%AA%D9%83-%D9%85%D9%86-pdf%D8%A7%D9%84%D9%89-word-%D9%85%D8%B9-%D8%A7%D9%84%D8%AD%D9%81%D8%A7%D8%B8-%D8%B9%D9%84%D9%89-%D8%A7%D9%84%D8%AA%D9%86%D8%B3%D9%8A%D9%82-%D8%A7%D9%84%D8%A3%D8%B5%D9%84%D9%8A
403 Forbidden,Non trouvé,Non trouvé,Non trouvé,Aucun avis,Inconnu,Inconnu,Aucun tag,https://khamsat.com/business/recruiting/2820540-%D8%A5%D8%B9%D8%AF%D8%A7%D8%AF-%D8%A7%D9%84%D8%A3%D9%88%D8%B5%D8%A7%D9%81-%D8%A7%D9%84%D9%88%D8%B8%D9%8A%D9%81%D9%8A%D8%A9-%D9%84%D9%84%D9%85%D8%B3%D9%85%D9%8A%D8%A7%D8%AA-%D8%A7%D9%84%D9%88%D8%B8%D9%8A%D9%81%D9%8A%D8%A9-job-description
403 Forbidden,Non trouvé,Non trouvé,Non trouvé,Aucun avis,Inconnu,Inconnu,Aucun tag,https://khamsat.com/business/financial-statements/1328973-%D8%A7%D9%84%D8%AA%D8%AD%D9%84%D9%8A%D9%84-%D8%A7%D9%84%D9%85%D8%A7%D9%84%D9%89-%D9%84%D9%84%D9%82%D9%88%D8%A7%D8%A6%D9%85-%D8%A7%D9%84%D9%85%D8%A7%D9%84%D9%8A%D8%A9
403 Forbidden,Non trouvé,Non trouvé,Non trouvé,Aucun avis,Inconnu,Inconnu,Aucun tag,https://khamsat.com/business/financial-analysis/2996815-%D8%AC%D8%B1%D8%AF-%D9%85%D8%AD%D8%A7%D8%B3%D8%A8%D9%8A-%D9%84%D9%84%D9%81%D9%88%D8%A7%D8%AA%D9%8A%D8%B1-%D9%88%D8%A7%D9%84%D9%85%D8%A8%D9%8A%D8%B9%D8%A7%D8%AA-%D9%88%D8%A7%D9%84%D9%85%D8%B4%D8%AA%D8%B1%D9%8A%D8%A7%D8%AA
403 Forbidden,Non trouvé,Non trouvé,Non trouvé,Aucun avis,Inconnu,Inconnu,Aucun tag,https://khamsat.com/business/file-conversion/3223291-%D8%AA%D8%AD%D9%88%D9%8A%D9%84-%D9%85%D8%B3%D8%AA%D9%86%D8%AF-pdf-%D9%85%D9%85%D8%B3%D9%88%D8%AD-%D8%B6%D9%88%D8%A6%D9%8A%D8%A7-%D8%A5%D9%84%D9%89-word
403 Forbidden,Non trouvé,Non trouvé,Non trouvé,Aucun avis,Inconnu,Inconnu,Aucun tag,https://khamsat.com/business/organizational-development/3625215-%D9%83%D8%AA%D8%A7%D8%A8%D8%A9-%D8%A7%D9%84%D8%B3%D9%8A%D8%A7%D8%B3%D8%A7%D8%AA-%D9%88%D8%A7%D9%84%D8%A5%D8%AC%D8%B1%D8%A7%D8%A1%D8%A7%D8%AA-%D9%84%D9%84%D8%B4%D8%B1%D9%83%D8%A9-policies-and-procedures
403 Forbidden,Non trouvé,Non trouvé,Non trouvé,Aucun avis,Inconnu,Inconnu,Aucun tag,https://khamsat.com/business/tax/3592056-%D9%85%D8%AD%D8%A7%D8%B3%D8%A8-%D9%85%D8%AA%D8%AE%D8%B5%D8%B5-%D9%81%D9%8A-%D8%AA%D8%B3%D8%AC%D9%8A%D9%84-%D8%AD%D8%B3%D8%A7%D8%A8%D8%A7%D8%AA-%D9%85%D8%AA%D8%AC%D8%B1-%D8%B3%D9%84%D8%A9
403 Forbidden,Non trouvé,Non trouvé,Non trouvé,Aucun avis,Inconnu,Inconnu,Aucun tag,https://khamsat.com/business/accounting-bookkeeping/1224410-%D8%B9%D9%85%D9%84-%D8%A7%D9%84%D9%85%D9%8A%D8%B2%D8%A7%D9%86%D9%8A%D8%A9-%D9%88%D8%A7%D9%84%D9%82%D9%88%D8%A7%D8%A6%D9%85-%D8%A7%D9%84%D9%85%D8%A7%D9%84%D9%8A%D8%A9
403 Forbidden,Non trouvé,Non trouvé,Non trouvé,Aucun avis,Inconnu,Inconnu,Aucun tag,https://khamsat.com/business/file-conversion/3709476-%D8%AA%D8%AD%D9%88%D9%8A%D9%84-%D9%85%D8%B3%D8%AA%D9%86%D8%AF%D8%A7%D8%AA%D9%83-%D9%88%D9%85%D9%84%D9%81%D8%A7%D8%AA%D9%83-%D8%A5%D9%84%D9%89-%D8%A7%D9%84%D8%B5%D9%8A%D8%BA-%D8%A7%D9%84%D8%AA%D9%8A-%D8%AA%D8%B1%D9%8A%D8%AF%D9%87%D8%A7-%D8%A8%D8%AC%D9%88%D8%AF%D8%A9-%D8%B9%D8%A7%D9%84%D9%8A%D8%A9
403 Forbidden,Non trouvé,Non trouvé,Non trouvé,Aucun avis,Inconnu,Inconnu,Aucun tag,https://khamsat.com/business/salary/3583412-%D8%AA%D8%B5%D9%85%D9%8A%D9%85-%D9%85%D9%84%D9%81-excel-%D9%84%D8%AD%D8%B3%D8%A7%D8%A8-%D8%A7%D9%84%D8%B1%D9%88%D8%A7%D8%AA%D8%A8-%D9%88%D8%A7%D9%84%D8%AA%D8%A3%D9%85%D9%8A%D9%86%D8%A7%D8%AA-%D9%88%D8%AD%D8%B6%D9%88%D8%B1-%D9%88%D8%A7%D9%86%D8%B5%D8%B1%D8%A7%D9%81
403 Forbidden,Non trouvé,Non trouvé,Non trouvé,Aucun avis,Inconnu,Inconnu,Aucun tag,https://khamsat.com/business/tax/2924372-%D9%85%D8%B3%D8%AA%D8%B4%D8%A7%D8%B1%D9%83-%D8%A7%D9%84%D9%85%D8%AD%D8%A7%D8%B3%D8%A8%D9%89-%D9%84%D8%AA%D9%82%D8%AF%D9%8A%D9%85-%D8%A7%D9%84%D8%A5%D9%82%D8%B1%D8%A7%D8%B1-%D8%A7%D9%84%D8%B2%D9%83%D9%88%D9%89
403 Forbidden,Non trouvé,Non trouvé,Non trouvé,Aucun avis,Inconnu,Inconnu,Aucun tag,https://khamsat.com/business/trading-stock-analysis/2699217-%D8%A7%D8%B3%D8%AA%D8%B4%D8%A7%D8%B1%D8%A7%D8%AA-%D9%81%D9%8A-%D8%A7%D9%84%D8%AA%D8%AF%D8%A7%D9%88%D9%84-%D9%88%D8%A7%D9%84%D8%A7%D8%B3%D9%88%D8%A7%D9%82-%D8%A7%D9%84%D9%85%D8%A7%D9%84%D9%8A%D8%A9
403 Forbidden,Non trouvé,Non trouvé,Non trouvé,Aucun avis,Inconnu,Inconnu,Aucun tag,https://khamsat.com/business/file-conversion/3579319-%D9%86%D9%82%D8%AF%D9%85-%D8%AE%D8%AF%D9%85%D8%A9-%D8%AA%D8%AD%D9%88%D9%8A%D9%84-%D9%85%D9%84%D9%81%D8%A7%D8%AA-word-%D8%A5%D9%84%D9%89-pdf-%D9%82%D8%A7%D8%A8%D9%84%D8%A9-%D9%84%D9%84%D8%AA%D8%B9%D8%A8%D8%A6%D8%A9-%D8%A8%D8%B4%D9%83%D9%84-%D9%85%D8%A8%D8%B3%D8%B7
403 Forbidden,Non trouvé,Non trouvé,Non trouvé,Aucun avis,Inconnu,Inconnu,Aucun tag,https://khamsat.com/business/recruiting/3350678-%D8%A5%D8%B9%D8%AF%D8%A7%D8%AF-%D9%88%D8%B5%D9%81-%D9%88%D8%B8%D9%8A%D9%81%D9%8A-%D8%A5%D8%AD%D8%AA%D8%B1%D8%A7%D9%81%D9%8A-%D9%84%D8%A3%D9%8A-%D9%88%D8%B8%D9%8A%D9%81%D8%A9-%D8%AF%D8%A7%D8%AE%D9%84-%D8%B4%D8%B1%D9%83%D8%AA%D9%83
403 Forbidden,Non trouvé,Non trouvé,Non trouvé,Aucun avis,Inconnu,Inconnu,Aucun tag,https://khamsat.com/business/tax/3050445-%D9%82%D8%AF%D9%85-%D8%A5%D9%82%D8%B1%D8%A7%D8%B1%D9%83-%D8%A7%D9%84%D8%B6%D8%B1%D9%8A%D8%A8%D9%8A-%D8%A8%D8%B3%D9%87%D9%88%D9%84%D8%A9-%D9%88%D8%B1%D8%A7%D8%AD%D8%A9
403 Forbidden,Non trouvé,Non trouvé,Non trouvé,Aucun avis,Inconnu,Inconnu,Aucun tag,https://khamsat.com/business/accounting-bookkeeping/3156553-%D9%85%D8%AD%D8%A7%D8%B3%D8%A8-%D8%AE%D8%A8%D8%B1%D8%A9-%D9%84%D8%B6%D8%A8%D8%B7-%D8%AD%D8%B3%D8%A7%D8%A8%D8%A7%D8%AA%D9%83-%D8%B9%D9%86-%D8%A8%D8%B9%D8%AF-%D9%88%D8%A7%D8%AF%D8%A7%D8%B1%D8%A9-%D8%A7%D8%B9%D9%85%D8%A7%D9%84%D9%83
403 Forbidden,Non trouvé,Non trouvé,Non trouvé,Aucun avis,Inconnu,Inconnu,Aucun tag,https://khamsat.com/business/file-conversion/3622114-%D8%AA%D8%AD%D9%88%D9%8A%D9%84-%D9%85%D9%84%D9%81%D8%A7%D8%AA-pdf-%D8%A5%D9%84%D9%89-word-%D9%85%D8%B9-%D8%AA%D9%86%D8%B3%D9%8A%D9%82-%D8%A7%D8%AD%D8%AA%D8%B1%D8%A7%D9%81%D9%8A-%D9%88%D8%AF%D9%82%D8%A9-%D8%B9%D8%A7%D9%84%D9%8A%D8%A9
403 Forbidden,Non trouvé,Non trouvé,Non trouvé,Aucun avis,Inconnu,Inconnu,Aucun tag,https://khamsat.com/business/organizational-development/3478187-%D8%AA%D8%B5%D9%85%D9%8A%D9%85-%D8%B3%D9%84%D9%85-%D9%88%D8%B8%D9%8A%D9%81%D9%8A-%D8%A7%D8%AD%D8%AA%D8%B1%D8%A7%D9%81%D9%8A-%D9%84%D9%84%D9%85%D8%A4%D8%B3%D8%B3%D8%A7%D8%AA-career-path-%D9%84%D9%85%D8%B3%D8%A7%D8%B1%D8%A7%D8%AA-%D8%A7%D9%84%D8%AA%D8%B1%D9%82%D9%8A%D8%A9
403 Forbidden,Non trouvé,Non trouvé,Non trouvé,Aucun avis,Inconnu,Inconnu,Aucun tag,https://khamsat.com/business/tax/3535276-%D8%AA%D9%82%D8%AF%D9%8A%D9%85-%D8%A7%D9%82%D8%B1%D8%A7%D8%B1%D8%A7%D8%AA-%D8%A7%D9%84%D9%82%D9%8A%D9%85%D8%A9-%D8%A7%D9%84%D9%85%D8%B6%D8%A7%D9%81%D8%A9-vat-%D8%A7%D9%84%D9%85%D9%85%D9%84%D9%83%D8%A9-%D8%A7%D9%84%D8%B9%D8%B1%D8%A8%D9%8A%D8%A9-%D8%A7%D9%84%D8%B3%D8%B9%D9%88%D8%AF%D9%8A%D8%A9
403 Forbidden,Non trouvé,Non trouvé,Non trouvé,Aucun avis,Inconnu,Inconnu,Aucun tag,https://khamsat.com/business/financial-consulting/3731312-%D8%AA%D8%B5%D9%85%D9%8A%D9%85-%D8%AF%D8%A7%D8%B4-%D8%A8%D9%88%D8%B1%D8%AF-%D8%B9%D9%84%D9%8A-%D8%A8%D8%B1%D9%86%D8%A7%D9%85%D8%AC-%D8%A7%D9%84%D8%A8%D8%A7%D9%88-%D8%A8%D9%8A-%D8%A7%D9%8A-%D9%85%D8%B9-%D8%A7%D9%84%D8%A7%D8%B3%D8%AA%D8%B4%D8%A7%D8%B1%D8%A7%D8%AA-%D8%A7%D9%84%D9%85%D8%A7%D9%84%D9%8A%D8%A9
403 Forbidden,Non trouvé,Non trouvé,Non trouvé,Aucun avis,Inconnu,Inconnu,Aucun tag,https://khamsat.com/business/file-conversion/3800052-%D8%AA%D8%AD%D9%88%D9%8A%D9%84-%D9%85%D9%84%D9%81-pdf-%D8%A7%D9%84%D9%89-word-%D8%A7%D9%88-excel
403 Forbidden,Non trouvé,Non trouvé,Non trouvé,Aucun avis,Inconnu,Inconnu,Aucun tag,https://khamsat.com/business/human-resources-consulting/3835300-%D8%A5%D8%AF%D8%A7%D8%B1%D8%A9-%D9%88%D8%AD%D9%84-%D9%85%D8%B4%D8%A7%D9%83%D9%84-%D9%85%D9%86%D8%B5%D8%A7%D8%AA-%D8%A7%D9%84%D8%B9%D9%85%D9%84-%D8%A7%D9%84%D8%B3%D8%B9%D9%88%D8%AF%D9%8A-%D9%88%D8%B9%D9%84%D9%89-%D8%B1%D8%A3%D8%B3%D9%87%D8%A7-%D9%85%D9%86%D8%B5%D8%A9-%D9%82%D9%88%D9%89
403 Forbidden,Non trouvé,Non trouvé,Non trouvé,Aucun avis,Inconnu,Inconnu,Aucun tag,https://khamsat.com/business/tax/3806593-%D8%A5%D8%B9%D8%AF%D8%A7%D8%AF-%D9%88%D8%AA%D9%82%D8%AF%D9%8A%D9%85-%D8%A7%D9%84%D8%A5%D9%82%D8%B1%D8%A7%D8%B1-%D8%A7%D9%84%D8%B6%D8%B1%D9%8A%D8%A8%D9%8A%D8%B6.%D9%82.%D9%85-%D9%84%D9%85%D8%B4%D8%B1%D9%88%D8%B9%D9%83-%D8%A8%D8%AF%D9%82%D8%A9-%D9%88%D8%B3%D8%B1%D8%B9%D8%A9-vat
403 Forbidden,Non trouvé,Non trouvé,Non trouvé,Aucun avis,Inconnu,Inconnu,Aucun tag,https://khamsat.com/business/financial-consulting/2228646-%D8%A7%D8%B9%D8%AF%D8%A7%D8%AF-%D8%A7%D9%84%D8%AA%D9%82%D8%A7%D8%B1%D9%8A%D8%B1-%D8%A7%D9%84%D9%85%D8%A7%D9%84%D9%8A%D8%A9-%D8%A7%D9%84%D8%AE%D8%AA%D8%A7%D9%85%D9%8A%D9%87
403 Forbidden,Non trouvé,Non trouvé,Non trouvé,Aucun avis,Inconnu,Inconnu,Aucun tag,https://khamsat.com/business/file-conversion/3822064-%D8%AA%D8%AD%D9%88%D9%8A%D9%84-%D9%85%D9%84%D9%81%D8%A7%D8%AA-word-%D8%A5%D9%84%D9%89-pdf-%D8%A8%D8%A7%D8%AD%D8%AA%D8%B1%D8%A7%D9%81%D9%8A%D8%A9
403 Forbidden,Non trouvé,Non trouvé,Non trouvé,Aucun avis,Inconnu,Inconnu,Aucun tag,https://khamsat.com/business/human-resources-systems/2789814-%D8%AA%D8%A3%D8%B3%D9%8A%D8%B3-%D9%86%D8%B8%D8%A7%D9%85-%D9%85%D8%AA%D9%83%D8%A7%D9%85%D9%84-%D9%84%D8%AA%D8%AA%D8%A8%D8%B9-%D8%A7%D9%84%D9%85%D9%87%D8%A7%D9%85-%D8%B9%D9%84%D9%89-%D8%A8%D8%B1%D9%86%D8%A7%D9%85%D8%AC-%D9%83%D9%84%D9%8A%D9%83-%D8%A7%D8%A8-clickup
403 Forbidden,Non trouvé,Non trouvé,Non trouvé,Aucun avis,Inconnu,Inconnu,Aucun tag,https://khamsat.com/business/tax/3909893-%D8%A7%D8%B9%D8%AF%D8%A7%D8%AF-%D9%88-%D8%B1%D9%81%D8%B9-%D8%A7%D9%84%D8%A5%D9%82%D8%B1%D8%A7%D8%B1-%D8%A7%D9%84%D8%B6%D8%B1%D9%8A%D8%A8%D9%8A-%D9%88-%D8%A5%D9%82%D8%B1%D8%A7%D8%B1-%D8%A7%D9%84%D8%B2%D9%83%D8%A7%D8%A9-%D9%84%D9%84%D9%85%D8%A4%D8%B3%D8%B3%D8%A7%D8%AA-%D8%A8%D8%A7%D9%84%D9%85%D9%85%D9%84%D9%83%D9%87
403 Forbidden,Non trouvé,Non trouvé,Non trouvé,Aucun avis,Inconnu,Inconnu,Aucun tag,https://khamsat.com/business/trading-stock-analysis/3052988-%D8%A7%D9%81%D8%B6%D9%84-%D9%85%D8%A4%D8%B4%D8%B1%D8%A7%D8%AA-%D8%AA%D8%AF%D8%A7%D9%88%D9%84-%D9%85%D8%AF%D9%85%D8%AC%D8%A9-%D8%B9%D9%84%D9%89-%D8%AA%D8%B1%D9%8A%D8%AF%D9%86%D8%AC-%D9%81%D9%8A%D9%88-tradingview
403 Forbidden,Non trouvé,Non trouvé,Non trouvé,Aucun avis,Inconnu,Inconnu,Aucun tag,https://khamsat.com/business/file-conversion/3826417-%D8%AA%D8%AD%D9%88%D9%8A%D9%84-%D9%85%D9%84%D9%81%D8%A7%D8%AA-pdf-%D8%A7%D9%88-%D8%B5%D9%88%D8%B1-%D8%A7%D9%84%D9%8A-word-%D8%A7%D9%88-excel-%D8%A8%D8%B3%D8%B1%D8%B9%D8%A9-%D9%88%D8%AF%D9%82%D8%A9
403 Forbidden,Non trouvé,Non trouvé,Non trouvé,Aucun avis,Inconnu,Inconnu,Aucun tag,https://khamsat.com/business/salary/3908904-%D8%B9%D9%85%D9%84-%D9%85%D9%84%D9%81%D8%A7%D8%AA-%D8%A7%D9%83%D8%B3%D9%84-%D8%AA%D8%AE%D8%AF%D9%85%D9%83-%D9%81%D9%8A-%D8%A7%D8%B9%D9%85%D8%A7%D9%84%D9%83-%D9%88%D8%AD%D8%B3%D8%A7%D8%A8%D8%A7%D8%AA%D9%83-%D8%A7%D9%84%D9%8A%D9%88%D9%85%D9%8A%D8%A9
403 Forbidden,Non trouvé,Non trouvé,Non trouvé,Aucun avis,Inconnu,Inconnu,Aucun tag,https://khamsat.com/business/tax/3027628-%D8%AE%D8%AF%D9%85%D8%A9-%D8%B1%D9%81%D8%B9-%D8%A7%D9%82%D8%B1%D8%A7%D8%B1-%D8%B6%D8%B1%D9%8A%D8%A8%D8%A9-%D8%A7%D9%84%D9%82%D9%8A%D9%85%D8%A9-%D8%A7%D9%84%D9%85%D8%B6%D8%A7%D9%81%D8%A9-vat
403 Forbidden,Non trouvé,Non trouvé,Non trouvé,Aucun avis,Inconnu,Inconnu,Aucun tag,https://khamsat.com/business/accounting-bookkeeping/3049442-%D9%85%D8%B3%D9%83-%D8%A7%D9%84%D8%AF%D9%81%D8%A7%D8%AA%D8%B1-%D9%88%D8%AA%D8%B3%D8%AC%D9%8A%D9%84-%D8%AC%D9%85%D9%8A%D8%B9-%D8%A7%D9%84%D8%B9%D9%85%D9%84%D9%8A%D8%A7%D8%AA-%D8%A7%D9%84%D9%85%D8%AD%D8%A7%D8%B3%D8%A8%D9%8A%D8%A9-%D8%B9%D9%84%D9%8A-%D9%85%D9%88%D9%82%D8%B9-odoo
403 Forbidden,Non trouvé,Non trouvé,Non trouvé,Aucun avis,Inconnu,Inconnu,Aucun tag,https://khamsat.com/business/file-conversion/3113996-%D8%A5%D8%B9%D8%A7%D8%AF%D8%A9-%D9%88%D8%AA%D8%AD%D9%88%D9%8A%D9%84-%D8%B5%D9%8A%D8%BA-%D8%A7%D9%84%D9%85%D9%84%D9%81%D8%A7%D8%AA-%D9%85%D9%86-pdf-%D8%A7%D9%84%D9%89word-%D8%A8%D8%A7%D8%AD%D8%AA%D8%B1%D8%A7%D9%81%D9%8A%D8%A9
403 Forbidden,Non trouvé,Non trouvé,Non trouvé,Aucun avis,Inconnu,Inconnu,Aucun tag,https://khamsat.com/business/salary/2292533-%D8%B3%D8%A3%D8%B9%D8%B7%D9%8A%D9%83-%D8%A8%D8%B1%D9%86%D8%A7%D9%85%D8%AC-%D8%AE%D8%B7%D8%A9-%D8%A7%D8%AC%D8%A7%D8%B2%D8%A7%D8%AA-%D8%A7%D9%84%D9%85%D9%88%D8%B8%D9%81%D9%8A%D9%86-%D8%A7%D9%84%D8%A7%D8%AD%D8%AA%D8%B1%D8%A7%D9%81%D9%8A
403 Forbidden,Non trouvé,Non trouvé,Non trouvé,Aucun avis,Inconnu,Inconnu,Aucun tag,https://khamsat.com/business/tax/3289407-%D8%A7%D8%B9%D8%AF%D8%A7%D8%AF-%D8%A7%D9%84%D8%AA%D9%82%D8%B1%D9%8A%D8%B1-%D8%A7%D9%84%D8%B1%D8%A8%D8%B9-%D8%B3%D9%86%D9%88%D9%8A-%D9%84%D8%B6%D8%B1%D9%8A%D8%A8%D8%A9-%D8%A7%D9%84%D9%82%D9%8A%D9%85%D8%A9-%D8%A7%D9%84%D9%85%D8%B6%D8%A7%D9%81%D8%A9-%D9%81%D9%8A-%D8%A7%D9%84%D8%B3%D8%B9%D9%88%D8%AF%D9%8A%D8%A9
403 Forbidden,Non trouvé,Non trouvé,Non trouvé,Aucun avis,Inconnu,Inconnu,Aucun tag,https://khamsat.com/business/accounting-bookkeeping/3119750-%D8%A5%D8%B9%D8%AF%D8%A7%D8%AF-%D8%AA%D9%82%D8%A7%D8%B1%D9%8A%D8%B1-%D8%A7%D9%84%D8%B9%D9%85%D9%84%D8%A7%D8%A1-%D9%88%D8%A7%D9%84%D9%85%D9%88%D8%B1%D8%AF%D9%8A%D9%86-%D9%88%D8%A7%D9%84%D9%82%D9%8A%D9%88%D8%AF-%D9%88%D8%A7%D9%84%D9%82%D9%88%D8%A7%D8%A6%D9%85-%D8%A8%D8%AF%D9%82%D8%A9-%D9%88%D8%A7%D8%AD%D8%AA%D8%B1%D8%A7%D9%81
403 Forbidden,Non trouvé,Non trouvé,Non trouvé,Aucun avis,Inconnu,Inconnu,Aucun tag,https://khamsat.com/business/file-conversion/3761065-%D8%AA%D8%AD%D9%88%D9%8A%D9%84-%D9%85%D9%84%D9%81%D8%A7%D8%AA-pdf-%D8%A5%D9%84%D9%89-word-%D9%88%D8%A7%D9%84%D8%B9%D9%83%D8%B3-%D9%85%D8%B9-%D8%A7%D9%84%D8%AD%D9%81%D8%A7%D8%B8-%D8%B9%D9%84%D9%89-%D8%A7%D9%84%D8%AA%D9%86%D8%B3%D9%8A%D9%82
403 Forbidden,Non trouvé,Non trouvé,Non trouvé,Aucun avis,Inconnu,Inconnu,Aucun tag,https://khamsat.com/business/salary/2620731-%D8%B9%D9%85%D9%84-%D9%87%D9%8A%D9%83%D9%84-%D8%A7%D8%AC%D9%88%D8%B1-%D9%88%D8%B1%D9%88%D8%A7%D8%AA%D8%A8-%D9%85%D8%AA%D9%83%D8%A7%D9%85%D9%84-market-salary-survey
403 Forbidden,Non trouvé,Non trouvé,Non trouvé,Aucun avis,Inconnu,Inconnu,Aucun tag,https://khamsat.com/business/tax/2715940-%D8%A3%D8%B9%D8%AF%D8%A7%D8%AF-%D8%A7%D9%84%D8%A7%D9%82%D8%B1%D8%A7%D8%B1-%D8%A7%D9%84%D8%B6%D8%B1%D9%8A%D8%A8%D9%8A-%D8%A7%D9%84%D8%B1%D8%A8%D8%B9%D9%8A-%D8%A7%D9%84%D8%AE%D8%A7%D8%B5-%D8%A8%D8%B4%D8%B1%D9%83%D8%AA%D9%83-%D8%A7%D9%88-%D9%85%D8%A4%D8%B3%D8%B3%D8%AA%D9%83
403 Forbidden,Non trouvé,Non trouvé,Non trouvé,Aucun avis,Inconnu,Inconnu,Aucun tag,https://khamsat.com/business/accounting-bookkeeping/3125241-%D8%A7%D9%85%D8%B3%D8%A7%D9%83-%D8%A7%D9%84%D8%AF%D9%81%D8%A7%D8%AA%D8%B1-%D8%A8%D8%A7%D8%B3%D8%AA%D8%AE%D8%AF%D8%A7%D9%85-%D9%83%D9%88%D9%8A%D9%83-%D8%A8%D9%88%D9%83%D8%B3
403 Forbidden,Non trouvé,Non trouvé,Non trouvé,Aucun avis,Inconnu,Inconnu,Aucun tag,https://khamsat.com/business/file-conversion/3746127-%D8%AA%D8%AD%D9%88%D9%8A%D9%84-%D9%85%D9%84%D9%81-word-%D8%A7%D9%84%D9%8A-pdf-%D9%88%D8%A7%D9%84%D8%B9%D9%83%D8%B3
403 Forbidden,Non trouvé,Non trouvé,Non trouvé,Aucun avis,Inconnu,Inconnu,Aucun tag,https://khamsat.com/business/human-resources-consulting/3777196-%D8%A7%D8%B3%D8%AA%D8%B4%D8%A7%D8%B1%D8%A7%D8%AA-%D9%85%D8%AA%D8%AE%D8%B5%D8%B5%D8%A9-%D9%81%D9%8A-%D8%A7%D9%84%D9%85%D9%88%D8%A7%D8%B1%D8%AF-%D8%A7%D9%84%D8%A8%D8%B4%D8%B1%D9%8A%D8%A9-%D9%88-%D8%AA%D8%B7%D9%88%D9%8A%D8%B1-%D9%88-%D8%AA%D9%86%D8%B8%D9%8A%D9%85-%D8%A8%D9%8A%D8%A6%D8%A9-%D8%A7%D9%84%D8%B9%D9%85%D9%84
403 Forbidden,Non trouvé,Non trouvé,Non trouvé,Aucun avis,Inconnu,Inconnu,Aucun tag,https://khamsat.com/business/tax/3885916-%D8%AA%D9%82%D8%AF%D9%8A%D9%85-%D8%A5%D9%82%D8%B1%D8%A7%D8%B1-%D8%A7%D9%84%D9%82%D9%8A%D9%85%D8%A9-%D8%A7%D9%84%D9%85%D8%B6%D8%A7%D9%81%D8%A9-%D9%88%D9%86%D9%85%D9%88%D8%B2%D8%AC41-%D9%88%D9%83%D8%B3%D8%A8-%D8%A7%D9%84%D8%B9%D9%85%D9%84-%D9%884%D9%88%D8%A7%D9%84%D8%AA%D8%B3%D9%88%D9%8A%D8%A9
403 Forbidden,Non trouvé,Non trouvé,Non trouvé,Aucun avis,Inconnu,Inconnu,Aucun tag,https://khamsat.com/business/accounting-bookkeeping/3442635-%D8%A3%D8%B9%D9%85%D8%A7%D9%84-%D9%85%D8%AD%D8%A7%D8%B3%D8%A8%D9%8A%D8%A9-%D9%88-%D8%A5%D8%AF%D8%AE%D8%A7%D9%84-%D9%82%D9%8A%D9%88%D8%AF-%D8%B9%D9%84%D9%89-%D8%A8%D8%B1%D9%86%D8%A7%D9%85%D8%AC-%D9%82%D9%8A%D9%88%D8%AF-%D8%A7%D9%84%D9%85%D8%AD%D8%A7%D8%B3%D8%A8%D9%8A
403 Forbidden,Non trouvé,Non trouvé,Non trouvé,Aucun avis,Inconnu,Inconnu,Aucun tag,https://khamsat.com/business/file-conversion/3644888-%D8%AA%D8%AD%D9%88%D9%8A%D9%84-%D9%85%D9%84%D9%81-%D9%85%D9%86-word-%D8%A7%D9%84%D9%8A-pdf-%D9%88-%D8%A7%D9%84%D8%B9%D9%83%D8%B3
403 Forbidden,Non trouvé,Non trouvé,Non trouvé,Aucun avis,Inconnu,Inconnu,Aucun tag,https://khamsat.com/business/human-resources-consulting/3714677-%D8%AF%D9%84%D9%8A%D9%84-%D8%A7%D8%B3%D8%AA%D8%AE%D8%AF%D8%A7%D9%85-%D9%86%D8%B8%D8%A7%D9%85-%D8%A5%D8%AF%D8%A7%D8%B1%D8%A9-%D8%A7%D9%84%D9%85%D9%88%D8%A7%D8%B1%D8%AF-%D8%A7%D9%84%D8%A8%D8%B4%D8%B1%D9%8A%D8%A9-erp-msd
403 Forbidden,Non trouvé,Non trouvé,Non trouvé,Aucun avis,Inconnu,Inconnu,Aucun tag,https://khamsat.com/business/accounting-bookkeeping/2853585-%D8%AE%D8%AF%D9%85%D8%A9-%D9%85%D8%B3%D9%83-%D8%A7%D9%84%D8%AF%D9%81%D8%A7%D8%AA%D8%B1-%D8%A7%D9%84%D9%85%D8%AD%D8%A7%D8%B3%D8%A8%D9%8A%D8%A9
403 Forbidden,Non trouvé,Non trouvé,Non trouvé,Aucun avis,Inconnu,Inconnu,Aucun tag,https://khamsat.com/business/tax/2853581-%D8%AE%D8%AF%D9%85%D8%A9-%D8%B6%D8%B1%D9%8A%D8%A8%D8%A9-%D8%A7%D9%84%D9%82%D9%8A%D9%85%D8%A9-%D8%A7%D9%84%D9%85%D8%B6%D8%A7%D9%81%D8%A9-%D8%A7%D9%84%D8%A7%D9%85%D8%A7%D8%B1%D8%A7%D8%AA
403 Forbidden,Non trouvé,Non trouvé,Non trouvé,Aucun avis,Inconnu,Inconnu,Aucun tag,https://khamsat.com/business/file-conversion/3575858-%D8%AA%D8%AD%D9%88%D9%8A%D9%84-%D9%85%D9%84%D9%81%D8%A7%D8%AA-word-%D8%A5%D9%84%D9%8A-%D9%85%D9%84%D9%81%D8%A7%D8%AA-pdf-%D8%A8%D8%B4%D9%83%D9%84-%D8%B3%D8%B1%D9%8A%D8%B9-%D9%88%D8%A7%D8%AD%D8%AA%D8%B1%D8%A7%D9%81%D9%8A
403 Forbidden,Non trouvé,Non trouvé,Non trouvé,Aucun avis,Inconnu,Inconnu,Aucun tag,https://khamsat.com/business/recruiting/3196762-%D8%A7%D9%84%D8%A3%D9%88%D8%B5%D8%A7%D9%81-%D8%A7%D9%84%D9%88%D8%B8%D9%8A%D9%81%D9%8A%D8%A9-job-description
403 Forbidden,Non trouvé,Non trouvé,Non trouvé,Aucun avis,Inconnu,Inconnu,Aucun tag,https://khamsat.com/business/accounting-bookkeeping/1910357-%D9%85%D8%AD%D8%A7%D8%B3%D8%A8-%D9%85%D8%A7%D9%84%D9%89-%D9%84%D8%AA%D9%86%D9%81%D9%8A%D8%B0-%D8%A7%D9%84%D9%85%D9%87%D8%A7%D9%85-%D8%A7%D9%84%D9%85%D8%AD%D8%A7%D8%B3%D8%A8%D9%8A%D9%87
403 Forbidden,Non trouvé,Non trouvé,Non trouvé,Aucun avis,Inconnu,Inconnu,Aucun tag,https://khamsat.com/business/tax/3701721-%D8%AD%D8%B3%D8%A7%D8%A8-%D8%B6%D8%B1%D9%8A%D8%A8%D8%A9-%D8%A7%D9%84%D9%82%D9%8A%D9%85%D8%A9-%D8%A7%D9%84%D9%85%D8%B6%D8%A7%D9%81%D8%A9-%D9%88%D8%A5%D8%B9%D8%AF%D8%A7%D8%AF-%D8%A7%D9%84%D8%A5%D9%82%D8%B1%D8%A7%D8%B1-%D8%A7%D9%84%D8%B6%D8%B1%D9%8A%D8%A8%D9%8A
403 Forbidden,Non trouvé,Non trouvé,Non trouvé,Aucun avis,Inconnu,Inconnu,Aucun tag,https://khamsat.com/business/file-conversion/3511956-%D8%B3%D8%A3%D9%82%D9%88%D9%85-%D8%A8%D8%AA%D8%AD%D9%88%D9%8A%D9%84-%D8%A7%D9%84%D9%86%D8%B5%D9%88%D8%B5-%D9%85%D9%86-%D8%A7%D9%84%D8%B5%D9%88%D8%B1-%D8%A3%D9%88-pdf-%D8%A5%D9%84%D9%89-%D9%85%D9%84%D9%81-word-%D8%A8%D8%AF%D9%82%D8%A9-%D8%B9%D8%A7%D9%84%D9%8A%D8%A9
403 Forbidden,Non trouvé,Non trouvé,Non trouvé,Aucun avis,Inconnu,Inconnu,Aucun tag,https://khamsat.com/business/organizational-development/3139905-%D8%A5%D8%B9%D8%AF%D8%A7%D8%AF-%D8%AE%D8%B1%D8%A7%D8%A6%D8%B7-%D8%AA%D8%AF%D9%81%D9%82-%D8%A7%D9%84%D8%B9%D9%85%D9%84%D9%8A%D8%A7%D8%AA-%D9%88%D8%A7%D9%84%D9%87%D9%8A%D8%A7%D9%83%D9%84-%D8%A7%D9%84%D8%AA%D9%86%D8%B8%D9%8A%D9%85%D9%8A%D8%A9-visio
403 Forbidden,Non trouvé,Non trouvé,Non trouvé,Aucun avis,Inconnu,Inconnu,Aucun tag,https://khamsat.com/business/tax/2931674-%D8%B1%D9%81%D8%B9-%D8%A7%D9%82%D8%B1%D8%A7%D8%B1-%D8%B6%D8%B1%D9%8A%D8%A8%D9%87-%D8%A7%D9%84%D9%82%D9%8A%D9%85%D8%A9-%D8%A7%D9%84%D9%85%D8%B6%D8%A7%D9%81%D8%A9-%D9%88%D8%B6%D8%B1%D9%8A%D8%A8%D8%A9-%D8%A7%D9%84%D8%AE%D8%B5%D9%85-%D9%88%D8%A7%D9%84%D8%A7%D8%B6%D8%A7%D9%81%D8%A9
403 Forbidden,Non trouvé,Non trouvé,Non trouvé,Aucun avis,Inconnu,Inconnu,Aucun tag,https://khamsat.com/business/financial-consulting/1771794-%D8%AF%D9%84%D9%8A%D9%84%D9%83-%D8%A7%D9%84%D8%A7%D9%83%D9%8A%D8%AF-%D9%84%D8%AA%D8%A3%D8%B3%D9%8A%D8%B3-%D8%A7%D9%84%D9%82%D8%B3%D9%85-%D8%A7%D9%84%D9%85%D8%A7%D9%84%D9%8A-%D9%84%D8%B4%D8%B1%D9%83%D8%AA%D9%83-%D9%88%D8%AA%D8%AC%D9%87%D9%8A%D8%B2-%D8%B4%D8%AC%D8%B1%D8%A9-%D8%A7%D9%84%D8%AD%D8%B3%D8%A7%D8%A8%D8%A7%D8%AA
403 Forbidden,Non trouvé,Non trouvé,Non trouvé,Aucun avis,Inconnu,Inconnu,Aucun tag,https://khamsat.com/business/file-conversion/3515360-%D8%AA%D8%AD%D9%88%D9%8A%D9%84-%D9%85%D9%84%D9%81%D8%A7%D8%AA-pdf-%D8%A5%D9%84%D9%89-word-%D8%A8%D8%A7%D9%84%D9%84%D8%BA%D8%AA%D9%8A%D9%86-%D8%A7%D9%84%D8%B9%D8%B1%D8%A8%D9%8A%D8%A9-%D9%88%D8%A7%D9%84%D8%A5%D9%86%D8%AC%D9%84%D9%8A%D8%B2%D9%8A%D8%A9-%D9%85%D8%B9-%D8%B6%D8%A8%D8%B7
403 Forbidden,Non trouvé,Non trouvé,Non trouvé,Aucun avis,Inconnu,Inconnu,Aucun tag,https://khamsat.com/business/organizational-development/1869871-%D8%A5%D8%B9%D8%AF%D8%A7%D8%AF-%D9%88%D8%B5%D9%8A%D8%A7%D8%BA%D8%A9-%D8%A7%D9%84%D9%87%D9%8A%D8%A7%D9%83%D9%84-%D8%A7%D9%84%D8%AA%D9%86%D8%B8%D9%8A%D9%85%D9%8A%D8%A9-%D9%88%D8%A7%D9%84%D8%A3%D9%88%D8%B5%D8%A7%D9%81-%D8%A7%D9%84%D9%88%D8%B8%D9%8A%D9%81%D9%8A%D8%A9
403 Forbidden,Non trouvé,Non trouvé,Non trouvé,Aucun avis,Inconnu,Inconnu,Aucun tag,https://khamsat.com/business/tax/3909248-%D8%A5%D8%B9%D8%AF%D8%A7%D8%AF-%D9%88%D8%AA%D9%82%D8%AF%D9%8A%D9%85-%D8%A5%D9%82%D8%B1%D8%A7%D8%B1-%D8%B6%D8%B1%D9%8A%D8%A8%D8%A9-%D8%A7%D9%84%D9%82%D9%8A%D9%85%D8%A9-%D8%A7%D9%84%D9%85%D8%B6%D8%A7%D9%81%D8%A9-%D8%B4%D9%87%D8%B1%D9%8A-%D8%A3%D9%88-%D8%B1%D8%A8%D8%B9-%D8%B3%D9%86%D9%88%D9%8A
403 Forbidden,Non trouvé,Non trouvé,Non trouvé,Aucun avis,Inconnu,Inconnu,Aucun tag,https://khamsat.com/business/accounting-bookkeeping/3465904-%D8%A3%D8%B9%D9%85%D8%A7%D9%84-%D9%85%D8%AD%D8%A7%D8%B3%D8%A8%D9%8A%D8%A9-%D8%A5%D8%AF%D8%AE%D8%A7%D9%84-%D9%82%D9%8A%D9%88%D8%AF-%D8%B9%D9%84%D9%89-%D8%A8%D8%B1%D9%86%D8%A7%D9%85%D8%AC-%D8%AF%D9%81%D8%AA%D8%B1%D8%A9-%D8%A7%D9%84%D9%85%D8%AD%D8%A7%D8%B3%D8%A8%D9%8A
403 Forbidden,Non trouvé,Non trouvé,Non trouvé,Aucun avis,Inconnu,Inconnu,Aucun tag,https://khamsat.com/business/file-conversion/3206874-%D8%AA%D8%AD%D9%88%D9%8A%D9%84-%D8%A7%D9%84%D9%85%D9%82%D8%A7%D8%B7%D8%B9-%D8%A7%D9%84%D8%B5%D9%88%D8%AA%D9%8A%D8%A9-%D8%A7%D9%84%D9%89-%D9%85%D9%84%D9%81%D8%A7%D8%AA-pdf-%D8%A7%D9%88-word
403 Forbidden,Non trouvé,Non trouvé,Non trouvé,Aucun avis,Inconnu,Inconnu,Aucun tag,https://khamsat.com/business/organizational-development/3249982-%D8%A5%D8%B9%D8%AF%D8%A7%D8%AF-%D8%A5%D8%AC%D8%B1%D8%A7%D8%A1%D8%A7%D8%AA-%D8%AA%D8%B4%D8%BA%D9%8A%D9%84-%D9%82%D9%8A%D8%A7%D8%B3%D9%8A%D8%A9-sops-%D9%85%D8%B9-%D8%A7%D9%84%D9%86%D9%85%D8%A7%D8%B0%D8%AC-%D8%A7%D9%84%D9%84%D8%A7%D8%B2%D9%85%D8%A9-%D9%84%D9%84%D9%85%D8%B5%D8%A7%D9%86%D8%B9
403 Forbidden,Non trouvé,Non trouvé,Non trouvé,Aucun avis,Inconnu,Inconnu,Aucun tag,https://khamsat.com/business/tax/1773323-%D8%A5%D9%82%D8%B1%D8%A7%D8%B1-%D8%B6%D8%B1%D9%8A%D8%A8%D9%8A-%D8%B6%D8%B1%D9%8A%D8%A8%D8%A9-%D8%A7%D9%84%D9%82%D9%8A%D9%85%D8%A9-%D8%A7%D9%84%D9%85%D8%B6%D8%A7%D9%81%D8%A9-%D8%A7%D9%84%D9%87%D9%8A%D8%A6%D8%A9-%D8%A7%D9%84%D8%B9%D8%A7%D9%85%D8%A9-%D9%84%D9%84%D8%B2%D9%83%D8%A7%D8%A9
403 Forbidden,Non trouvé,Non trouvé,Non trouvé,Aucun avis,Inconnu,Inconnu,Aucun tag,https://khamsat.com/business/accounting-bookkeeping/2801818-%D8%B9%D9%85%D9%84-%D8%B4%D8%AC%D8%B1%D8%A9-%D8%A7%D9%84%D8%AD%D8%B3%D8%A7%D8%A8%D8%A7%D8%AA-%D8%A7%D9%84%D8%AE%D8%A7%D8%B5%D8%A9-%D8%A8%D8%A7%D9%84%D9%85%D9%86%D8%B4%D8%A7%D8%AA-%D8%A7%D9%84%D9%85%D8%AE%D8%AA%D9%84%D9%81%D8%A9
403 Forbidden,Non trouvé,Non trouvé,Non trouvé,Aucun avis,Inconnu,Inconnu,Aucun tag,https://khamsat.com/business/file-conversion/3017185-%D8%AA%D8%AD%D9%88%D9%8A%D9%84-%D8%A7%D9%84%D9%85%D9%84%D9%81%D8%A7%D8%AA-%D8%A7%D9%84-pdf-%D8%A5%D9%84%D9%89-%D9%88%D8%B1%D8%AF-%D9%88%D8%A7%D9%84%D8%B9%D9%83%D8%B3
403 Forbidden,Non trouvé,Non trouvé,Non trouvé,Aucun avis,Inconnu,Inconnu,Aucun tag,https://khamsat.com/business/salary/2749454-%D8%A8%D8%B1%D9%86%D8%A7%D9%85%D8%AC-%D8%A5%D8%AF%D8%A7%D8%B1%D8%A9-%D8%A7%D9%84%D8%A7%D8%AC%D8%A7%D8%B2%D8%A7%D8%AA-%D8%A7%D9%84%D8%B3%D9%86%D9%88%D9%8A%D8%A9-%D8%A7%D9%83%D8%B3%D9%8A%D9%84-%D8%AE%D9%84%D8%A7%D9%84-%D8%A7%D9%84%D8%B9%D8%A7%D9%85
403 Forbidden,Non trouvé,Non trouvé,Non trouvé,Aucun avis,Inconnu,Inconnu,Aucun tag,https://khamsat.com/business/tax/2833173-%D9%85%D8%AD%D8%A7%D8%B3%D8%A8%D8%A9-%D8%B6%D8%B1%D8%A7%D8%A6%D8%A8-%D9%88%D8%B9%D9%85%D9%84-%D8%A7%D9%84%D8%A8%D9%88%D8%B1%D8%AA%D8%A7%D9%84-%D9%88%D8%A7%D8%AF%D8%AE%D8%A7%D9%84-%D8%A7%D9%84%D9%81%D9%88%D8%A7%D8%AA%D9%8A%D8%B1-%D8%A7%D9%84%D8%A7%D9%84%D9%83%D8%AA%D8%B1%D9%88%D9%86%D9%8A%D8%A9
403 Forbidden,Non trouvé,Non trouvé,Non trouvé,Aucun avis,Inconnu,Inconnu,Aucun tag,https://khamsat.com/business/accounting-bookkeeping/2417701-%D9%85%D8%B1%D8%A7%D8%AC%D8%B9%D8%A9-%D8%A3%D8%B1%D8%B5%D8%AF%D8%A9-%D8%A7%D9%84%D8%B9%D9%85%D9%84%D8%A7%D8%A1-%D9%88-%D8%A7%D9%84%D9%85%D9%88%D8%B1%D8%AF%D9%8A%D9%86-%D9%88-%D8%A7%D9%84%D8%A8%D9%86%D9%88%D9%83
403 Forbidden,Non trouvé,Non trouvé,Non trouvé,Aucun avis,Inconnu,Inconnu,Aucun tag,https://khamsat.com/business/file-conversion/3507675-%D8%AA%D8%AD%D9%88%D9%8A%D9%84-%D9%85%D9%84%D9%81%D8%A7%D8%AA-pdf-%D8%A5%D9%84%D9%8A-word-%D9%85%D8%B9-%D8%A7%D9%84%D8%AD%D9%81%D8%A7%D8%B8-%D8%B9%D9%84%D9%8A-%D8%A7%D9%84%D8%AA%D9%86%D8%B3%D9%8A%D9%82
403 Forbidden,Non trouvé,Non trouvé,Non trouvé,Aucun avis,Inconnu,Inconnu,Aucun tag,https://khamsat.com/business/organizational-development/3907532-%D8%AA%D8%B5%D9%85%D9%8A%D9%85-dashboard-%D8%A8%D8%B3%D9%8A%D8%B7%D8%A9-%D9%81%D9%8A-excelsheets-%D9%84%D8%A8%D9%8A%D8%A7%D9%86%D8%A7%D8%AA%D9%83
403 Forbidden,Non trouvé,Non trouvé,Non trouvé,Aucun avis,Inconnu,Inconnu,Aucun tag,https://khamsat.com/business/tax/1720987-%D8%B9%D9%85%D9%84-%D8%A8%D8%B1%D9%86%D8%A7%D9%85%D8%AC-%D9%84%D8%AA%D8%B3%D8%AC%D9%8A%D9%84-%D8%A7%D9%84%D9%81%D9%88%D8%A7%D8%AA%D9%8A%D8%B1-%D8%A7%D9%84%D8%B6%D8%B1%D9%8A%D8%A8%D9%8A%D8%A9-%D9%85%D8%B9-%D8%A7%D9%84%D8%A7%D9%82%D8%B1%D8%A7%D8%B1
403 Forbidden,Non trouvé,Non trouvé,Non trouvé,Aucun avis,Inconnu,Inconnu,Aucun tag,https://khamsat.com/business/accounting-bookkeeping/2924300-%D9%85%D8%B3%D9%83-%D8%A7%D9%84%D8%AF%D9%81%D8%A7%D8%AA%D8%B1-%D8%A7%D9%84%D9%85%D8%AD%D8%A7%D8%B3%D8%A8%D9%8A%D8%A9-%D9%88%D8%A7%D8%B9%D8%AF%D8%A7%D8%AF-%D8%A7%D9%84%D9%82%D9%88%D8%A7%D8%A6%D9%85-%D8%A7%D9%84%D9%85%D8%A7%D9%84%D9%8A%D8%A9
403 Forbidden,Non trouvé,Non trouvé,Non trouvé,Aucun avis,Inconnu,Inconnu,Aucun tag,https://khamsat.com/business/file-conversion/3539665-%D8%AA%D8%AD%D9%88%D9%8A%D9%84-%D9%85%D9%84%D9%81%D8%A7%D8%AA-pdf-%D8%A5%D9%84%D9%89-word-%D9%85%D9%86%D8%B3%D9%82-%D8%A8%D8%A7%D8%AD%D8%AA%D8%B1%D8%A7%D9%81%D9%8A%D8%A9-%D9%88%D8%AE%D8%A7%D9%84-%D9%85%D9%86-%D8%A7%D9%84%D8%A3%D8%AE%D8%B7%D8%A7%D8%A1
403 Forbidden,Non trouvé,Non trouvé,Non trouvé,Aucun avis,Inconnu,Inconnu,Aucun tag,https://khamsat.com/business/recruiting/3814209-%D8%A5%D8%B9%D8%AF%D8%A7%D8%AF-%D8%A7%D9%84%D8%A3%D9%88%D8%B5%D8%A7%D9%81-%D8%A7%D9%84%D9%88%D8%B8%D9%8A%D9%81%D9%8A%D8%A9-%D8%A7%D9%84%D8%A5%D8%AF%D8%A7%D8%B1%D9%8A%D8%A9-%D9%88%D8%A7%D9%84%D9%81%D9%86%D9%8A%D8%A9-job-description
403 Forbidden,Non trouvé,Non trouvé,Non trouvé,Aucun avis,Inconnu,Inconnu,Aucun tag,https://khamsat.com/business/tax/3172472-%D8%A5%D8%B9%D8%AF%D8%A7%D8%AF-%D8%AA%D9%82%D8%B1%D9%8A%D8%B1-%D8%B6%D8%B1%D9%8A%D8%A8%D8%A9-%D8%A7%D9%84%D9%82%D9%8A%D9%85%D8%A9-%D8%A7%D9%84%D9%85%D8%B6%D8%A7%D9%81%D8%A9-%D8%A8%D8%AF%D9%82%D8%A9-%D9%88-%D8%A5%D8%AD%D8%AA%D8%B1%D8%A7%D9%81%D9%8A%D8%A9
403 Forbidden,Non trouvé,Non trouvé,Non trouvé,Aucun avis,Inconnu,Inconnu,Aucun tag,https://khamsat.com/business/accounting-bookkeeping/2614334-%D9%85%D8%AD%D8%A7%D8%B3%D8%A8-%D8%B9%D9%86-%D8%A8%D8%B9%D8%AF%D9%82%D9%88%D8%A7%D8%A6%D9%85-%D9%85%D8%A7%D9%84%D9%8A%D8%A9-%D9%85%D8%B3%D9%83-%D8%AF%D9%81%D8%A7%D8%AA%D8%B1
403 Forbidden,Non trouvé,Non trouvé,Non trouvé,Aucun avis,Inconnu,Inconnu,Aucun tag,https://khamsat.com/business/file-conversion/3674345-%D8%B3%D8%A3%D9%82%D9%88%D9%85-%D8%A8%D8%AA%D8%AD%D9%88%D9%8A%D9%84-%D9%85%D9%84%D9%81%D8%A7%D8%AA-pdf-%D8%A3%D9%88-%D8%B5%D9%88%D8%B1-%D8%A5%D9%84%D9%89-word-%D8%A3%D9%88-excel-%D8%A8%D8%AF%D9%82%D8%A9-%D9%88%D8%B3%D8%B1%D8%B9%D8%A9
403 Forbidden,Non trouvé,Non trouvé,Non trouvé,Aucun avis,Inconnu,Inconnu,Aucun tag,https://khamsat.com/business/organizational-development/2756523-%D8%AA%D8%B7%D9%88%D9%8A%D8%B1-%D8%B3%D9%8A%D8%A7%D8%B3%D8%A9-policy-%D9%84%D9%84%D8%B4%D8%B1%D9%83%D8%A7%D8%AA-%D9%88-%D8%A7%D9%84%D8%A3%D8%B9%D9%85%D8%A7%D9%84-%D8%AD%D8%B3%D8%A8-%D8%A7%D9%84%D9%85%D8%B9%D8%A7%D9%8A%D9%8A%D8%B1-%D8%A7%D9%84%D8%B9%D8%A7%D9%84%D9%85%D9%8A%D8%A9
403 Forbidden,Non trouvé,Non trouvé,Non trouvé,Aucun avis,Inconnu,Inconnu,Aucun tag,https://khamsat.com/business/tax/1915065-%D8%A7%D8%B9%D8%AF%D8%A7%D8%AF-%D8%A7%D9%84%D8%A7%D9%82%D8%B1%D8%A7%D8%B1-%D8%A7%D9%84%D8%B6%D8%B1%D9%8A%D8%A8%D9%8A-vat
403 Forbidden,Non trouvé,Non trouvé,Non trouvé,Aucun avis,Inconnu,Inconnu,Aucun tag,https://khamsat.com/business/accounting-bookkeeping/3031048-%D9%85%D8%B3%D9%83-%D8%A7%D9%84%D8%B3%D8%AC%D9%84%D8%A7%D8%AA-%D9%85%D8%AD%D8%A7%D8%B3%D8%A8-%D8%B9%D9%86-%D8%A8%D8%B9%D8%AF
403 Forbidden,Non trouvé,Non trouvé,Non trouvé,Aucun avis,Inconnu,Inconnu,Aucun tag,https://khamsat.com/business/file-conversion/3677242-%D8%AA%D8%AD%D9%88%D9%8A%D9%84-%D9%85%D9%84%D9%81%D8%A7%D8%AA-pdf-%D8%A5%D9%84%D9%89-word-%D8%A8%D8%A7%D9%84%D9%84%D8%BA%D8%AA%D9%8A%D9%86-%D8%A7%D9%84%D8%B9%D8%B1%D8%A8%D9%8A%D8%A9-%D9%88%D8%A7%D9%84%D8%A5%D9%86%D8%AC%D9%84%D9%8A%D8%B2%D9%8A%D8%A9
403 Forbidden,Non trouvé,Non trouvé,Non trouvé,Aucun avis,Inconnu,Inconnu,Aucun tag,https://khamsat.com/business/salary/3730578-%D8%A5%D8%AF%D8%A7%D8%B1%D8%A9-%D8%A7%D9%84%D9%85%D8%B1%D8%AA%D8%A8%D8%A7%D8%AA-%D8%A7%D9%84%D8%B4%D9%87%D8%B1%D9%8A%D8%A9-%D9%84%D9%84%D9%85%D9%88%D8%B8%D9%81%D9%8A%D9%86-%D8%A8%D8%A7%D8%AD%D8%AA%D8%B1%D8%A7%D9%81%D9%8A%D8%A9-payroll
403 Forbidden,Non trouvé,Non trouvé,Non trouvé,Aucun avis,Inconnu,Inconnu,Aucun tag,https://khamsat.com/business/tax/2637739-%D8%A7%D8%B9%D8%AF%D8%A7%D8%AF-%D9%88-%D9%85%D8%B1%D8%A7%D8%AC%D8%B9%D8%A9-%D8%A7%D9%84%D8%A7%D9%82%D8%B1%D8%A7%D8%B1-%D8%A7%D9%84%D8%B6%D8%B1%D9%8A%D8%A8%D9%8A-%D9%84%D9%84%D8%B4%D8%B1%D9%83%D8%A7%D8%AA-%D8%A8%D8%AF%D9%82%D8%A9
403 Forbidden,Non trouvé,Non trouvé,Non trouvé,Aucun avis,Inconnu,Inconnu,Aucun tag,https://khamsat.com/business/accounting-bookkeeping/3910476-%D9%85%D8%AD%D8%A7%D8%B3%D8%A8-%D8%B9%D9%86-%D8%A8%D8%B9%D8%AF-%D9%84%D8%AA%D9%86%D8%B8%D9%8A%D9%85-%D8%A7%D8%B9%D9%85%D8%A7%D9%84%D9%83-%D8%A7%D9%84%D9%85%D8%AD%D8%A7%D8%B3%D8%A8%D9%8A%D8%A9
403 Forbidden,Non trouvé,Non trouvé,Non trouvé,Aucun avis,Inconnu,Inconnu,Aucun tag,https://khamsat.com/business/file-conversion/3629256-%D8%AA%D8%AD%D9%88%D9%8A%D9%84-%D9%85%D9%84%D9%81%D8%A7%D8%AA-pdf-%D8%A5%D9%84%D9%89-word-%D9%88%D8%A7%D9%84%D8%B9%D9%83%D8%B3-%D8%A8%D8%AF%D9%82%D8%A9-%D8%B9%D8%A7%D9%84%D9%8A%D8%A9-%D9%88%D8%B3%D8%B1%D8%B9%D8%A9-%D9%81%D8%A7%D8%A6%D9%82%D8%A9
403 Forbidden,Non trouvé,Non trouvé,Non trouvé,Aucun avis,Inconnu,Inconnu,Aucun tag,https://khamsat.com/business/recruiting/2894534-%D8%A5%D8%B9%D8%AF%D8%A7%D8%AF-%D8%A8%D8%B7%D8%A7%D9%82%D8%A9-%D8%A7%D9%84%D9%88%D8%B5%D9%81-%D8%A7%D9%84%D9%88%D8%B8%D9%8A%D9%81%D9%8A-jd
403 Forbidden,Non trouvé,Non trouvé,Non trouvé,Aucun avis,Inconnu,Inconnu,Aucun tag,https://khamsat.com/business/tax/3677795-%D8%AA%D9%82%D8%AF%D9%8A%D9%85-%D8%B1%D9%81%D8%B9-%D8%A5%D9%82%D8%B1%D8%A7%D8%B1-%D8%B6%D8%B1%D9%8A%D8%A8%D8%A9-%D8%A7%D9%84%D9%82%D9%8A%D9%85%D8%A9-%D8%A7%D9%84%D9%85%D8%B6%D8%A7%D9%81%D8%A9-vat-%D8%A7%D9%84%D8%B3%D8%B9%D9%88%D8%AF%D9%8A%D8%A9
403 Forbidden,Non trouvé,Non trouvé,Non trouvé,Aucun avis,Inconnu,Inconnu,Aucun tag,https://khamsat.com/business/accounting-bookkeeping/3897907-%D8%AA%D9%86%D8%B8%D9%8A%D9%85-%D8%AD%D8%B3%D8%A7%D8%A8%D8%A7%D8%AA%D9%83-%D9%88-%D8%A5%D8%B9%D8%AF%D8%A7%D8%AF-%D8%AA%D9%82%D8%A7%D8%B1%D9%8A%D8%B1-%D9%85%D8%A7%D9%84%D9%8A%D8%A9-%D8%A8%D8%B4%D9%83%D9%84-%D8%AF%D9%82%D9%8A%D9%82-%D9%88%D8%A5%D8%AD%D8%AA%D8%B1%D8%A7%D9%81%D9%8A
403 Forbidden,Non trouvé,Non trouvé,Non trouvé,Aucun avis,Inconnu,Inconnu,Aucun tag,https://khamsat.com/business/file-conversion/2655182-%D8%AA%D8%AD%D9%88%D9%8A%D9%84-%D8%A7%D9%84pdf-%D8%A5%D9%84%D9%89-word-%D8%A8%D8%AF%D9%88%D9%86-%D8%A3%D8%AE%D8%B7%D8%A7%D8%A1
403 Forbidden,Non trouvé,Non trouvé,Non trouvé,Aucun avis,Inconnu,Inconnu,Aucun tag,https://khamsat.com/business/recruiting/2787751-%D8%A8%D9%86%D8%A7%D8%A1-%D9%81%D9%88%D8%B1%D9%85-%D8%A7%D9%84%D8%AA%D9%88%D8%B8%D9%8A%D9%81-%D9%84%D9%83%D8%A7%D9%81%D8%A9-%D8%A7%D9%84%D9%85%D9%86%D8%B5%D8%A8-%D8%A7%D9%84%D9%85%D8%B1%D8%A7%D8%AF%D8%A9-%D8%B9%D9%84%D9%89-google-form
403 Forbidden,Non trouvé,Non trouvé,Non trouvé,Aucun avis,Inconnu,Inconnu,Aucun tag,https://khamsat.com/business/accounting-bookkeeping/3849450-%D9%85%D9%84%D9%81-%D8%A5%D8%AF%D8%A7%D8%B1%D8%A9-%D8%A7%D9%84%D9%86%D9%81%D9%82%D8%A7%D8%AA-%D9%88%D8%A7%D9%84%D8%AA%D9%83%D8%A7%D9%84%D9%8A%D9%81-%D9%88%D8%A7%D9%84%D8%B1%D9%88%D8%A7%D8%AA%D8%A8-%D9%84%D9%84%D9%85%D8%B4%D8%A7%D8%B1%D9%8A%D8%B9-%D8%A7%D9%84%D8%B5%D8%BA%D9%8A%D8%B1%D8%A9
403 Forbidden,Non trouvé,Non trouvé,Non trouvé,Aucun avis,Inconnu,Inconnu,Aucun tag,https://khamsat.com/business/tax/3539553-%D8%B1%D9%81%D8%B9-%D8%A7%D9%84%D8%A5%D9%82%D8%B1%D8%A7%D8%B1-%D8%A7%D9%84%D8%B6%D8%B1%D9%8A%D8%A8%D9%8A-%D8%B9%D9%84%D9%8A-%D9%87%D9%8A%D8%A6%D8%A9-%D8%A7%D9%84%D8%B2%D9%83%D8%A7%D8%A9-%D9%88%D8%A7%D9%84%D8%AF%D8%AE%D9%84
403 Forbidden,Non trouvé,Non trouvé,Non trouvé,Aucun avis,Inconnu,Inconnu,Aucun tag,https://khamsat.com/business/file-conversion/2465233-%D8%AA%D8%AD%D9%88%D9%8A%D9%84-pdf-%D8%A3%D9%88-power-point-%D8%A3%D9%88-%D8%B5%D9%88%D8%B1%D8%A9-%D8%A5%D9%84%D9%89-word
403 Forbidden,Non trouvé,Non trouvé,Non trouvé,Aucun avis,Inconnu,Inconnu,Aucun tag,https://khamsat.com/business/recruiting/3822540-%D9%82%D8%A7%D9%84%D8%A8-%D8%A7%D9%83%D8%B3%D9%84-%D9%83%D8%B4%D9%81-%D8%B1%D8%A7%D8%AA%D8%A8-%D8%B4%D9%8A%D8%AA-%D8%AD%D8%B3%D8%A8-%D8%A7%D9%84%D9%85%D8%B9%D8%A7%D9%8A%D9%8A%D8%B1-%D8%A7%D9%84%D9%85%D8%AD%D8%A7%D8%B3%D8%A8%D9%8A%D9%87-%D8%A7%D9%84%D9%85%D8%B9%D8%AA%D9%85%D8%AF
403 Forbidden,Non trouvé,Non trouvé,Non trouvé,Aucun avis,Inconnu,Inconnu,Aucun tag,https://khamsat.com/business/financial-consulting/3888086-%D8%A7%D8%B3%D8%AA%D8%B4%D8%A7%D8%B1%D8%A7%D8%AA-%D8%AD%D9%83%D9%88%D9%85%D9%8A%D8%A9-%D9%81%D9%8A-%D8%A7%D9%84%D8%AE%D8%AF%D9%85%D8%A7%D8%AA-%D9%88%D8%A7%D9%84%D8%B4%D9%83%D8%A7%D9%88%D9%89-%D9%88%D8%BA%D9%8A%D8%B1%D9%87%D8%A7
403 Forbidden,Non trouvé,Non trouvé,Non trouvé,Aucun avis,Inconnu,Inconnu,Aucun tag,https://khamsat.com/business/tax/3734501-%D8%A5%D8%B9%D8%AF%D8%A7%D8%AF-%D9%88%D8%B1%D9%81%D8%B9-%D8%B6%D8%B1%D9%8A%D8%A8%D8%A9-%D8%A7%D9%84%D9%82%D9%8A%D9%85%D8%A9-%D8%A7%D9%84%D9%85%D8%B6%D8%A7%D9%81%D8%A9-15
403 Forbidden,Non trouvé,Non trouvé,Non trouvé,Aucun avis,Inconnu,Inconnu,Aucun tag,https://khamsat.com/business/file-conversion/3262053-%D8%AA%D8%AD%D9%88%D9%8A%D9%84-%D8%A7%D9%84%D9%85%D9%82%D8%A7%D9%84%D8%A7%D8%AA-%D9%85%D9%86-pdf-%D8%A3%D9%88-%D8%B5%D9%88%D8%B1-%D8%A5%D9%84%D9%89-word-%D8%A8%D8%AC%D9%88%D8%AF%D8%A9-%D8%B9%D8%A7%D9%84%D9%8A%D8%A9
403 Forbidden,Non trouvé,Non trouvé,Non trouvé,Aucun avis,Inconnu,Inconnu,Aucun tag,https://khamsat.com/business/salary/3118917-%D8%B4%D9%8A%D8%AA-%D9%85%D8%AA%D8%A7%D8%A8%D8%B9%D8%A9-%D8%A7%D9%84%D8%AD%D8%B6%D9%88%D8%B1-%D9%88%D8%A7%D9%84%D8%A7%D9%86%D8%B5%D8%B1%D8%A7%D9%81-%D9%88%D8%AD%D8%B3%D8%A7%D8%A8-%D8%A7%D9%84%D8%B1%D8%A7%D8%AA%D8%A8
403 Forbidden,Non trouvé,Non trouvé,Non trouvé,Aucun avis,Inconnu,Inconnu,Aucun tag,https://khamsat.com/business/accounting-bookkeeping/3770278-%D9%85%D8%AD%D8%A7%D8%B3%D8%A8-%D8%A7%D9%88%D9%86-%D9%84%D8%A7%D9%8A%D9%86-%D9%85%D8%AA%D9%81%D8%B1%D8%B9-%D9%84%D8%AE%D8%AF%D9%85%D9%87-%D8%A7%D9%84%D8%B4%D8%B1%D9%83%D8%A7%D8%AA-%D9%88%D8%A7%D9%84%D9%85%D8%A4%D8%B3%D8%B3%D8%A7%D8%AA
403 Forbidden,Non trouvé,Non trouvé,Non trouvé,Aucun avis,Inconnu,Inconnu,Aucun tag,https://khamsat.com/business/tax/2712327-%D8%A7%D8%B9%D8%AF%D8%A7%D8%AF-%D8%A7%D9%84%D8%A7%D9%82%D8%B1%D8%A7%D8%B1-%D8%A7%D9%84%D8%B6%D8%B1%D9%8A%D8%A8%D9%8A-%D9%84%D9%84%D9%85%D8%A4%D8%B3%D8%B3%D8%A7%D8%AA-%D9%88%D8%A7%D9%84%D8%B4%D8%B1%D9%83%D8%A7%D8%AA-%D8%B4%D9%87%D8%B1%D9%8A-%D8%A7%D9%88-%D8%B1%D8%A8%D8%B9-%D8%B3%D9%86%D9%88%D9%8A
403 Forbidden,Non trouvé,Non trouvé,Non trouvé,Aucun avis,Inconnu,Inconnu,Aucun tag,https://khamsat.com/business/file-conversion/3081623-%D9%83%D8%AA%D8%A7%D8%A8%D8%A9-%D9%88%D8%AA%D8%AD%D9%88%D9%8A%D9%84-%D9%85%D9%84%D9%81%D8%A7%D8%AA-pdf-%D8%B9%D9%84%D9%89-%D8%A8%D8%B1%D9%86%D8%A7%D9%85%D8%AC-word
403 Forbidden,Non trouvé,Non trouvé,Non trouvé,Aucun avis,Inconnu,Inconnu,Aucun tag,https://khamsat.com/business/performance-management/2819738-%D9%86%D9%85%D9%88%D8%B0%D8%AC-%D8%AA%D9%82%D9%8A%D9%8A%D9%85-%D8%A3%D8%AF%D8%A7%D8%A1-%D8%A7%D9%84%D9%85%D9%88%D8%B8%D9%81%D9%8A%D9%86-%D9%84%D9%85%D8%B3%D9%85%D9%8A%D8%A7%D8%AA-%D9%88%D8%B8%D9%8A%D9%81%D9%8A%D8%A9-%D9%85%D8%AE%D8%AA%D9%84%D9%81%D8%A9
403 Forbidden,Non trouvé,Non trouvé,Non trouvé,Aucun avis,Inconnu,Inconnu,Aucun tag,https://khamsat.com/business/accounting-bookkeeping/3897239-%D8%A5%D8%B9%D8%AF%D8%A7%D8%AF-%D8%A7%D9%84%D9%82%D9%8A%D9%88%D8%AF-%D8%A7%D9%84%D9%85%D8%AD%D8%A7%D8%B3%D8%A8%D9%8A%D8%A9-%D9%88%D9%85%D8%B3%D9%83-%D8%A7%D9%84%D8%AF%D9%81%D8%A7%D8%AA%D8%B1-%D8%A8%D8%AF%D9%82%D8%A9
403 Forbidden,Non trouvé,Non trouvé,Non trouvé,Aucun avis,Inconnu,Inconnu,Aucun tag,https://khamsat.com/business/tax/1760359-%D8%A7%D8%B9%D8%AF%D8%A7%D8%AF-%D8%A7%D9%84%D8%A7%D9%82%D8%B1%D8%A7%D8%B1-%D8%A7%D9%84%D8%B6%D8%B1%D9%8A%D8%A8%D9%8A-%D9%84%D9%84%D8%B4%D8%B1%D9%83%D8%A7%D8%AA-%D9%88%D8%A7%D9%84%D9%85%D8%A4%D8%B3%D8%B3%D8%A7%D8%AA-%D9%81%D9%8A-%D8%A7%D9%84%D8%B3%D8%B9%D9%88%D8%AF%D9%8A%D8%A9
403 Forbidden,Non trouvé,Non trouvé,Non trouvé,Aucun avis,Inconnu,Inconnu,Aucun tag,https://khamsat.com/business/file-conversion/3106029-%D8%AA%D8%AD%D9%88%D9%8A%D9%84-%D9%85%D9%84%D9%81%D8%A7%D8%AA-pdf-%D8%A5%D9%84%D9%89-%D9%88%D9%88%D8%B1%D8%AF-word
403 Forbidden,Non trouvé,Non trouvé,Non trouvé,Aucun avis,Inconnu,Inconnu,Aucun tag,https://khamsat.com/business/salary/3855917-%D9%86%D8%B8%D8%A7%D9%85-%D9%85%D8%AD%D8%A7%D8%B3%D8%A8%D9%8A-%D9%85%D8%AA%D9%83%D8%A7%D9%85%D9%84-%D9%84%D9%85%D8%B5%D9%86%D8%B9-%D8%A3%D9%88-%D9%88%D8%B1%D8%B4%D8%A9-%D8%A8%D8%A7%D8%B3%D8%AA%D8%AE%D8%AF%D8%A7%D9%85-excel-%D8%A8%D8%B4%D9%83%D9%84-%D8%A7%D8%AD%D8%AA%D8%B1%D8%A7%D9%81%D9%8A
403 Forbidden,Non trouvé,Non trouvé,Non trouvé,Aucun avis,Inconnu,Inconnu,Aucun tag,https://khamsat.com/business/financial-analysis/3893370-%D8%AA%D8%B5%D9%85%D9%8A%D9%85-%D9%85%D9%84%D9%81-excel-%D9%84%D8%AA%D8%AA%D8%A8%D8%B9-%D8%A7%D9%84%D9%85%D9%8A%D8%B2%D8%A7%D9%86%D9%8A%D8%A9-%D8%A7%D9%84%D8%B4%D9%87%D8%B1%D9%8A%D8%A9-%D8%A8%D8%A7%D9%84%D9%84%D8%BA%D8%A9-%D8%A7%D9%84%D9%81%D8%B1%D9%86%D8%B3%D9%8A%D8%A9
403 Forbidden,Non trouvé,Non trouvé,Non trouvé,Aucun avis,Inconnu,Inconnu,Aucun tag,https://khamsat.com/business/tax/3032915-%D8%A7%D8%B9%D8%AF%D8%A7%D8%AF-%D8%A7%D9%82%D8%B1%D8%A7%D8%B1-%D8%B6%D8%B1%D9%8A%D8%A8%D8%A9-%D8%A7%D9%84%D9%82%D9%8A%D9%85%D8%A9-%D8%A7%D9%84%D9%85%D8%B6%D8%A7%D9%81%D8%A9-%D9%84%D9%84%D8%B4%D8%B1%D9%83%D8%A7%D8%AA-%D9%88%D8%A7%D9%84%D9%85%D8%A4%D8%B3%D8%B3%D8%A7%D8%AA
403 Forbidden,Non trouvé,Non trouvé,Non trouvé,Aucun avis,Inconnu,Inconnu,Aucun tag,https://khamsat.com/business/file-conversion/3026964-%D8%AA%D8%AD%D9%88%D9%8A%D9%84-%D9%85%D9%86-pdf-%D8%A7%D9%84%D9%8A-word-%D9%88%D9%85%D9%86-word-%D8%A7%D9%84%D9%8A-pdf
403 Forbidden,Non trouvé,Non trouvé,Non trouvé,Aucun avis,Inconnu,Inconnu,Aucun tag,https://khamsat.com/business/human-resources-consulting/1615494-%D8%B5%D9%8A%D8%A7%D8%BA%D8%A9-%D8%B9%D9%82%D9%88%D8%AF-%D8%A7%D9%84%D8%B9%D9%85%D9%84-%D9%88%D8%A7%D9%84%D9%88%D8%B5%D9%81-%D8%A7%D9%84%D9%88%D8%B8%D9%8A%D9%81%D9%8A-%D9%88%D9%86%D9%85%D8%A7%D8%B0%D8%AC-%D8%A7%D9%84%D9%85%D9%88%D8%A7%D8%B1%D8%AF-%D8%A7%D9%84%D8%A8%D8%B4%D8%B1%D9%8A%D8%A9
403 Forbidden,Non trouvé,Non trouvé,Non trouvé,Aucun avis,Inconnu,Inconnu,Aucun tag,https://khamsat.com/business/financial-analysis/3690431-%D8%AA%D8%AD%D9%84%D9%8A%D9%84-%D9%85%D8%A7%D9%84%D9%8A-%D8%A7%D8%AD%D8%AA%D8%B1%D8%A7%D9%81%D9%8A-%D9%84%D9%84%D9%82%D9%88%D8%A7%D8%A6%D9%85-%D8%A7%D9%84%D9%85%D8%A7%D9%84%D9%8A%D8%A9
403 Forbidden,Non trouvé,Non trouvé,Non trouvé,Aucun avis,Inconnu,Inconnu,Aucun tag,https://khamsat.com/business/tax/3818382-%D8%B6%D8%B1%D9%8A%D8%A8%D8%A9-%D8%A7%D9%84%D9%82%D9%8A%D9%85%D8%A9-%D8%A7%D9%84%D9%85%D8%B6%D8%A7%D9%81%D8%A9-%D8%A7%D9%84%D9%86%D8%B8%D8%A7%D9%85-%D8%A7%D9%84%D8%B3%D8%B9%D9%88%D8%AF%D9%8A
403 Forbidden,Non trouvé,Non trouvé,Non trouvé,Aucun avis,Inconnu,Inconnu,Aucun tag,https://khamsat.com/business/file-conversion/3200778-%D8%AA%D8%B9%D8%AF%D9%8A%D9%84-%D9%85%D9%84%D9%81%D8%A7%D8%AA-pdf-%D9%84%D8%AA%D9%84%D8%A8%D9%8A%D8%A9-%D8%AC%D9%85%D9%8A%D8%B9-%D8%A5%D8%AD%D8%AA%D9%8A%D8%A7%D8%AC%D8%A7%D8%AA%D9%83
403 Forbidden,Non trouvé,Non trouvé,Non trouvé,Aucun avis,Inconnu,Inconnu,Aucun tag,https://khamsat.com/business/organizational-development/2649840-%D8%A7%D8%B9%D8%AF%D8%A7%D8%AF-%D8%AE%D8%B1%D8%A7%D8%A6%D8%B7-%D8%A7%D9%84%D8%AA%D8%AF%D9%81%D9%82-%D9%84%D9%83%D9%84-%D8%A7%D9%84%D8%A7%D8%AC%D8%B1%D8%A7%D8%A1%D8%A7%D8%AA-%D9%81%D9%8A-%D8%A7%D9%84%D9%85%D8%A4%D8%B3%D8%B3%D8%A9-%D9%88%D8%A3%D8%AF%D9%84%D8%A9-%D8%A7%D9%84%D8%A7%D8%AC%D8%B1%D8%A7%D8%A1%D8%A7%D8%AA
403 Forbidden,Non trouvé,Non trouvé,Non trouvé,Aucun avis,Inconnu,Inconnu,Aucun tag,https://khamsat.com/business/accounting-bookkeeping/3770221-%D9%85%D8%AD%D8%A7%D8%B3%D8%A8-%D8%B9%D9%86-%D8%A8%D8%B9%D8%AF-%D9%84%D8%AA%D9%86%D8%B8%D9%8A%D9%85-%D8%A7%D8%B9%D9%85%D8%A7%D9%84%D9%83-%D8%A7%D9%84%D9%85%D8%A7%D9%84%D9%8A%D8%A9-%D9%82%D9%8A%D9%88%D8%AF-%D9%85%D8%A7%D9%84%D9%8A%D8%A9-%D8%AA%D9%82%D8%A7%D8%B1%D9%8A%D8%B1
403 Forbidden,Non trouvé,Non trouvé,Non trouvé,Aucun avis,Inconnu,Inconnu,Aucun tag,https://khamsat.com/business/tax/3286426-%D8%A5%D8%AF%D8%AE%D8%A7%D9%84-%D8%A7%D9%84%D9%81%D9%88%D8%A7%D8%AA%D9%8A%D8%B1-%D8%A8%D8%AF%D9%82%D8%A9-%D8%B9%D9%84%D9%89-%D9%86%D8%B8%D8%A7%D9%85-%D8%A7%D9%84%D9%81%D9%88%D8%AA%D8%B1%D8%A9-%D8%A7%D9%84%D8%A5%D9%84%D9%83%D8%AA%D8%B1%D9%88%D9%86%D9%8A-%D8%AD%D8%B3%D8%A8-%D9%85%D8%AA%D8%B7%D9%84%D8%A8%D8%A7%D8%AA%D9%83
403 Forbidden,Non trouvé,Non trouvé,Non trouvé,Aucun avis,Inconnu,Inconnu,Aucun tag,https://khamsat.com/business/file-conversion/3206139-%D8%AA%D8%AD%D9%88%D9%8A%D9%84-%D8%A7%D9%84%D9%85%D9%84%D9%81%D8%A7%D8%AA-%D9%85%D9%86-%D9%88%D9%88%D8%B1%D8%AF-%D8%A5%D9%84%D9%89-%D8%A8%D8%AF%D9%81-%D9%88%D8%A7%D9%84%D8%B9%D9%83%D8%B3
403 Forbidden,Non trouvé,Non trouvé,Non trouvé,Aucun avis,Inconnu,Inconnu,Aucun tag,https://khamsat.com/business/human-resources-consulting/3308528-%D8%B3%D8%A3%D8%B5%D9%85%D9%85-%D9%84%D9%83-%D9%86%D9%85%D8%A7%D8%B0%D8%AC-%D9%85%D9%88%D8%A7%D8%B1%D8%AF-%D8%A8%D8%B4%D8%B1%D9%8A%D8%A9-%D8%A7%D8%AD%D8%AA%D8%B1%D8%A7%D9%81%D9%8A%D8%A9-%D8%A8%D8%B5%D9%8A%D8%BA%D8%A9-%D9%82%D8%A7%D8%A8%D9%84%D8%A9-%D9%84%D9%84%D8%AA%D8%B9%D8%AF%D9%8A%D9%84
403 Forbidden,Non trouvé,Non trouvé,Non trouvé,Aucun avis,Inconnu,Inconnu,Aucun tag,https://khamsat.com/business/tax/2725819-%D8%AA%D9%82%D8%AF%D9%8A%D9%85-%D8%B1%D9%81%D8%B9-%D8%A5%D9%82%D8%B1%D8%A7%D8%B1-%D8%B6%D8%B1%D9%8A%D8%A8%D8%A9-%D8%A7%D9%84%D9%82%D9%8A%D9%85%D8%A9-%D8%A7%D9%84%D9%85%D8%B6%D8%A7%D9%81%D8%A9-vat-%D8%A7%D9%84%D8%B3%D8%B9%D9%88%D8%AF%D9%8A%D8%A9
403 Forbidden,Non trouvé,Non trouvé,Non trouvé,Aucun avis,Inconnu,Inconnu,Aucun tag,https://khamsat.com/business/accounting-bookkeeping/3130851-%D8%A7%D9%85%D8%B3%D8%A7%D9%83-%D8%AD%D8%B3%D8%A7%D8%A8%D8%A7%D8%AA%D9%83-%D8%B9%D9%86-%D8%A8%D8%B9%D8%AF-%D8%AA%D9%86%D8%B8%D9%8A%D9%85-%D8%A7%D8%B9%D9%85%D8%A7%D9%84%D9%83
403 Forbidden,Non trouvé,Non trouvé,Non trouvé,Aucun avis,Inconnu,Inconnu,Aucun tag,https://khamsat.com/business/file-conversion/3531176-%D8%AA%D8%AD%D9%88%D9%8A%D9%84-%D9%85%D9%84%D9%81%D8%A7%D8%AA-pdf-%D8%A5%D9%84%D9%89-excel
403 Forbidden,Non trouvé,Non trouvé,Non trouvé,Aucun avis,Inconnu,Inconnu,Aucun tag,https://khamsat.com/business/organizational-development/3037077-%D8%A5%D8%B9%D8%AF%D8%A7%D8%AF-%D8%AF%D9%84%D9%8A%D9%84-%D8%B3%D9%8A%D8%A7%D8%B3%D8%A7%D8%AA-%D9%88%D8%A5%D8%AC%D8%B1%D8%A7%D8%A1%D8%A7%D8%AA-%D8%A7%D8%AD%D8%AA%D8%B1%D8%A7%D9%81%D9%8A-%D9%84%D8%AA%D9%86%D8%B8%D9%8A%D9%85-%D8%A3%D8%B9%D9%85%D8%A7%D9%84-%D9%85%D8%A4%D8%B3%D8%B3%D8%AA%D9%83
403 Forbidden,Non trouvé,Non trouvé,Non trouvé,Aucun avis,Inconnu,Inconnu,Aucun tag,https://khamsat.com/business/tax/3054510-%D8%AA%D8%AC%D9%87%D9%8A%D8%B2-%D8%A7%D9%84%D8%A7%D9%82%D8%B1%D8%A7%D8%B1-%D8%A7%D9%84%D8%B6%D8%B1%D9%8A%D8%A8%D9%8A-%D8%A7%D9%84%D8%AE%D8%A7%D8%B5-%D8%A8%D8%A7%D9%84%D9%82%D9%8A%D9%85%D8%A9-%D8%A7%D9%84%D9%85%D8%B6%D8%A7%D9%81%D8%A9
403 Forbidden,Non trouvé,Non trouvé,Non trouvé,Aucun avis,Inconnu,Inconnu,Aucun tag,https://khamsat.com/business/accounting-bookkeeping/3759038-%D9%85%D8%B1%D8%A7%D8%AC%D8%B9%D8%A9-%D9%88%D8%A7%D8%AF%D8%AE%D8%A7%D9%84-%D9%85%D8%B9%D8%A7%D9%85%D9%84%D8%A7%D8%AA-%D9%85%D8%A7%D9%84%D9%8A%D8%A9-%D9%81%D9%88%D8%A7%D8%AA%D9%8A%D8%B1-%D8%A8%D9%8A%D8%B9-%D8%B4%D8%B1%D8%A7%D8%A1-%D8%A5%D8%AB%D8%A8%D8%A7%D8%AA-%D9%82%D9%8A%D9%88%D8%AF
403 Forbidden,Non trouvé,Non trouvé,Non trouvé,Aucun avis,Inconnu,Inconnu,Aucun tag,https://khamsat.com/business/file-conversion/3676188-%D8%AA%D8%AD%D9%88%D9%8A%D9%84-%D9%85%D9%84%D9%81%D8%A7%D8%AA-%D9%88%D9%88%D8%B1%D8%AF-%D8%A5%D9%84%D9%89-%D8%A5%D9%83%D8%B3%D9%84
403 Forbidden,Non trouvé,Non trouvé,Non trouvé,Aucun avis,Inconnu,Inconnu,Aucun tag,https://khamsat.com/business/recruiting/2258025-%D8%A3%D9%82%D8%AF%D9%85-%D8%AA%D8%B5%D9%85%D9%8A%D9%85-%D8%A8%D8%B7%D8%A7%D9%82%D8%A7%D8%AA-%D9%88%D8%B5%D9%81-%D9%88%D8%B8%D9%8A%D9%81%D9%8A-%D9%84%D9%84%D9%88%D8%B8%D8%A7%D8%A6%D9%81-%D9%88%D8%A7%D9%84%D9%85%D9%87%D9%86
403 Forbidden,Non trouvé,Non trouvé,Non trouvé,Aucun avis,Inconnu,Inconnu,Aucun tag,https://khamsat.com/business/tax/1407177-%D8%A7%D8%B3%D8%AA%D8%B4%D8%A7%D8%B1%D8%A9-%D8%B6%D8%B1%D9%8A%D8%A8%D9%8A%D9%87-%D8%A7%D9%84%D9%82%D9%8A%D9%85%D9%87-%D8%A7%D9%84%D9%85%D8%B6%D8%A7%D9%81%D9%87-%D9%81%D9%8A-%D8%A7%D9%84%D9%85%D9%85%D9%84%D9%83%D8%A9-%D8%A7%D9%84%D8%B9%D8%B1%D8%A8%D9%8A%D9%87-%D8%A7%D9%84%D8%B3%D8%B9%D9%88%D8%AF%D9%8A%D8%A9
403 Forbidden,Non trouvé,Non trouvé,Non trouvé,Aucun avis,Inconnu,Inconnu,Aucun tag,https://khamsat.com/business/accounting-bookkeeping/3759118-%D8%AA%D8%B5%D9%85%D9%8A%D9%85-%D9%88%D8%B1%D9%82%D8%A9-%D8%B9%D9%85%D9%84-excel-%D9%84%D8%AD%D8%B3%D8%A7%D8%A8-%D8%A7%D9%84%D9%85%D8%B9%D8%A7%D9%85%D9%84%D8%A7%D8%AA-%D8%A7%D9%84%D9%85%D8%A7%D9%84%D9%8A%D8%A9-%D9%84%D9%85%D8%AD%D8%B7%D8%A9-%D8%A7%D9%84%D9%88%D9%82%D9%88%D8%AF
403 Forbidden,Non trouvé,Non trouvé,Non trouvé,Aucun avis,Inconnu,Inconnu,Aucun tag,https://khamsat.com/business/file-conversion/1170197-%D8%AA%D8%AD%D9%88%D9%8A%D9%84-%D8%A7%D9%84%D9%86%D8%B5%D9%88%D8%B5-%D8%A5%D9%84%D9%89-%D9%85%D8%AE%D8%AA%D9%84%D9%81-%D8%A7%D9%84%D8%B5%D9%8A%D8%BA-pgp.pdf.-word
403 Forbidden,Non trouvé,Non trouvé,Non trouvé,Aucun avis,Inconnu,Inconnu,Aucun tag,https://khamsat.com/business/salary/2900204-%D8%A8%D8%B1%D9%86%D8%A7%D9%85%D8%AC-%D8%A5%D9%83%D8%B3%D9%84-%D9%84%D8%AD%D8%B3%D8%A7%D8%A8-%D8%A7%D9%84%D8%B1%D9%88%D8%A7%D8%AA%D8%A8-%D9%88-%D8%A7%D9%84%D8%AD%D8%B6%D9%88%D8%B1-%D9%88-%D8%A7%D9%84%D8%BA%D9%8A%D8%A7%D8%A8
403 Forbidden,Non trouvé,Non trouvé,Non trouvé,Aucun avis,Inconnu,Inconnu,Aucun tag,https://khamsat.com/business/accounting-bookkeeping/2936717-%D9%85%D8%AD%D8%A7%D8%B3%D8%A8%D8%A9-%D9%85%D9%88%D8%A7%D8%AF-%D9%88%D8%AD%D8%B1%D9%83%D8%A9-%D8%A7%D9%84%D9%85%D8%B3%D8%AA%D9%88%D8%AF%D8%B9%D8%A7%D8%AA
403 Forbidden,Non trouvé,Non trouvé,Non trouvé,Aucun avis,Inconnu,Inconnu,Aucun tag,https://khamsat.com/business/tax/2577514-%D8%A5%D8%B9%D8%AF%D8%A7%D8%AF-%D9%88-%D9%85%D8%B1%D8%A7%D8%AC%D8%B9%D8%A9-%D8%A5%D9%82%D8%B1%D8%A7%D8%B1%D8%A7%D8%AA-%D8%B6%D8%B1%D9%8A%D8%A8%D8%A9-%D8%A7%D9%84%D9%82%D9%8A%D9%85%D8%A9-%D8%A7%D9%84%D9%85%D8%B6%D8%A7%D9%81%D8%A9-vat
403 Forbidden,Non trouvé,Non trouvé,Non trouvé,Aucun avis,Inconnu,Inconnu,Aucun tag,https://khamsat.com/business/file-conversion/3559999-%D8%B3%D8%A3%D9%83%D9%88%D9%86-%D8%B3%D9%83%D8%B1%D8%AA%D9%8A%D8%B1%D9%83-%D8%A7%D9%84%D8%A5%D8%AF%D8%A7%D8%B1%D9%8A-%D9%84%D8%A5%D8%AF%D8%A7%D8%B1%D8%A9-%D9%85%D9%87%D8%A7%D9%85%D9%83-%D8%A7%D9%84%D9%8A%D9%88%D9%85%D9%8A%D8%A9
403 Forbidden,Non trouvé,Non trouvé,Non trouvé,Aucun avis,Inconnu,Inconnu,Aucun tag,https://khamsat.com/business/salary/1636883-%D8%AA%D8%B5%D9%85%D9%8A%D9%85-%D8%B4%D9%8A%D8%AA-%D9%85%D8%B1%D8%AA%D8%A8%D8%A7%D8%AA-payroll-%D9%85%D8%AE%D8%B5%D8%B5
403 Forbidden,Non trouvé,Non trouvé,Non trouvé,Aucun avis,Inconnu,Inconnu,Aucun tag,https://khamsat.com/business/accounting-bookkeeping/2793901-%D9%85%D8%AD%D8%A7%D8%B3%D8%A8-%D8%B9%D9%86-%D8%A8%D8%B9%D8%AF-%D9%84%D9%85%D8%AA%D8%A7%D8%A8%D8%B9%D8%A9-%D8%A7%D8%B9%D9%85%D8%A7%D9%84-%D8%A7%D9%84%D8%B4%D8%B1%D9%83%D8%A7%D8%AA-%D8%A7%D9%84%D9%85%D8%AD%D8%A7%D8%B3%D8%A8%D9%8A%D8%A9
403 Forbidden,Non trouvé,Non trouvé,Non trouvé,Aucun avis,Inconnu,Inconnu,Aucun tag,https://khamsat.com/business/tax/3760249-%D8%AA%D9%82%D8%AF%D9%8A%D9%85-%D8%A7%D9%82%D8%B1%D8%A7%D8%B1-%D8%B6%D8%B1%D9%8A%D8%A8%D8%A9-%D8%A7%D9%84%D9%82%D9%8A%D9%85%D8%A9-%D8%A7%D9%84%D9%85%D8%B6%D8%A7%D9%81%D8%A9-%D9%81%D9%8A-%D8%A7%D9%84%D8%A7%D9%85%D8%A7%D8%B1%D8%A7%D8%AA-5-vat
403 Forbidden,Non trouvé,Non trouvé,Non trouvé,Aucun avis,Inconnu,Inconnu,Aucun tag,https://khamsat.com/business/file-conversion/3779015-%D8%AA%D8%AD%D9%88%D9%8A%D9%84-%D9%85%D9%84%D9%81%D8%A7%D8%AA-pdf-%D8%A5%D9%84%D9%89-%D9%85%D9%84%D9%81%D8%A7%D8%AA-word
403 Forbidden,Non trouvé,Non trouvé,Non trouvé,Aucun avis,Inconnu,Inconnu,Aucun tag,https://khamsat.com/business/human-resources-systems/3795610-%D8%AA%D8%B5%D9%85%D9%8A%D9%85-%D9%86%D8%B8%D8%A7%D9%85-%D9%85%D8%AA%D8%A7%D8%A8%D8%B9%D8%A9-kpis-%D9%88%D8%AA%D9%82%D9%8A%D9%8A%D9%85-%D8%A3%D8%AF%D8%A7%D8%A1-%D8%A7%D9%84%D9%85%D9%88%D8%B8%D9%81%D9%8A%D9%86-%D9%81%D9%8A-%D9%85%D9%84%D9%81-%D8%A5%D9%83%D8%B3%D9%84-%D9%85%D8%AA%D9%82%D8%AF
403 Forbidden,Non trouvé,Non trouvé,Non trouvé,Aucun avis,Inconnu,Inconnu,Aucun tag,https://khamsat.com/business/tax/3822103-%D8%A7%D8%B9%D8%AF%D8%A7%D8%AF-%D8%A7%D9%82%D8%B1%D8%A7%D8%B1%D8%A7%D8%AA-%D8%A7%D9%84%D9%82%D9%8A%D9%85%D8%A9-%D8%A7%D9%84%D9%85%D8%B6%D8%A7%D9%81%D8%A9-%D9%88%D8%A7%D9%84%D8%A8%D9%8A%D8%B1%D9%88%D9%84-%D9%88%D8%A7%D9%84%D8%AE%D8%B5%D9%85-%D9%88%D8%A7%D9%84%D8%A7%D8%B6%D8%A7%D9%81%D8%A9
403 Forbidden,Non trouvé,Non trouvé,Non trouvé,Aucun avis,Inconnu,Inconnu,Aucun tag,https://khamsat.com/business/accounting-bookkeeping/3759075-%D8%AA%D8%B5%D9%85%D9%8A%D9%85-%D9%88%D8%B1%D9%82%D8%A9-%D8%B9%D9%85%D9%84-excel-%D9%84%D8%AD%D8%B3%D8%A7%D8%A8-%D9%88%D8%AA%D8%AD%D9%84%D9%8A%D9%84-%D8%AA%D9%83%D9%84%D9%81%D8%A9-%D8%A7%D9%84%D9%85%D8%B7%D8%B9%D9%85-%D8%A3%D9%88-%D8%A7%D9%84%D9%83%D8%A7%D9%81%D8%AA%D8%B1%D9%8A%D8%A7
403 Forbidden,Non trouvé,Non trouvé,Non trouvé,Aucun avis,Inconnu,Inconnu,Aucun tag,https://khamsat.com/business/file-conversion/3096309-%D8%AA%D8%AD%D9%88%D9%8A%D9%84-%D8%A7%D9%84%D9%85%D9%84%D9%81%D8%A7%D8%AA-%D9%85%D9%86-pdf-%D8%A5%D9%84%D9%89-word-%D9%88%D8%A7%D9%84%D8%B9%D9%83%D8%B3
403 Forbidden,Non trouvé,Non trouvé,Non trouvé,Aucun avis,Inconnu,Inconnu,Aucun tag,https://khamsat.com/business/performance-management/3273276-%D9%86%D9%85%D9%88%D8%B0%D8%AC-%D9%82%D9%8A%D8%A7%D8%B3-%D8%A7%D9%84%D8%A3%D8%AF%D8%A7%D8%A1-%D8%A7%D9%84%D9%88%D8%B8%D9%8A%D9%81%D9%8A
403 Forbidden,Non trouvé,Non trouvé,Non trouvé,Aucun avis,Inconnu,Inconnu,Aucun tag,https://khamsat.com/business/accounting-bookkeeping/3882961-%D8%AA%D9%82%D9%81%D9%8A%D9%84-%D8%AD%D8%B3%D8%A7%D8%A8%D8%A7%D8%AA-%D8%B4%D9%87%D8%B1%D9%8A%D8%A9-%D9%88%D8%AA%D8%AD%D9%84%D9%8A%D9%84-%D9%85%D8%A8%D9%8A%D8%B9%D8%A7%D8%AA-%D8%A7%D8%AD%D8%AA%D8%B1%D8%A7%D9%81%D9%8A-%D8%A8%D8%A7%D8%B3%D8%AA%D8%AE%D8%AF%D8%A7%D9%85-excel
403 Forbidden,Non trouvé,Non trouvé,Non trouvé,Aucun avis,Inconnu,Inconnu,Aucun tag,https://khamsat.com/business/tax/3510507-%D8%B9%D9%85%D9%84-%D8%A7%D9%84%D8%A7%D9%82%D8%B1%D8%A7%D8%B1%D8%A7%D8%AA-%D8%A7%D9%84%D8%B6%D8%B1%D9%8A%D8%A8%D9%8A%D8%A9-%D9%88-%D8%A7%D9%84%D8%AD%D8%B3%D8%A7%D8%A8%D8%A7%D8%AA-%D8%A7%D9%84%D9%8A%D9%88%D9%85%D9%8A%D8%A9
403 Forbidden,Non trouvé,Non trouvé,Non trouvé,Aucun avis,Inconnu,Inconnu,Aucun tag,https://khamsat.com/business/file-conversion/3155070-%D8%AA%D8%AD%D9%88%D9%8A%D9%84-%D9%85%D9%84%D9%81%D8%A7%D8%AA-pdf-%D8%A5%D9%84%D9%89-word-%D9%88%D8%A7%D9%84%D8%B9%D9%83%D8%B3-%D8%A8%D8%B3%D9%87%D9%88%D9%84%D8%A9-%D9%88%D8%B3%D8%B1%D8%B9%D8%A9-%D9%81%D8%A7%D8%A6%D9%82%D8%A9
403 Forbidden,Non trouvé,Non trouvé,Non trouvé,Aucun avis,Inconnu,Inconnu,Aucun tag,https://khamsat.com/business/human-resources-consulting/3903795-%D8%A5%D8%AF%D8%A7%D8%B1%D8%A9-%D8%A7%D9%84%D9%85%D9%88%D8%A7%D8%B1%D8%AF-%D8%A7%D9%84%D8%A8%D8%B4%D8%B1%D9%8A%D8%A9-%D9%84%D8%B4%D8%B1%D9%83%D8%AA%D9%83-%D8%A3%D9%88%D9%86%D9%84%D8%A7%D9%8A%D9%86
403 Forbidden,Non trouvé,Non trouvé,Non trouvé,Aucun avis,Inconnu,Inconnu,Aucun tag,https://khamsat.com/business/financial-analysis/3052081-%D8%AF%D8%A7%D8%B4-%D8%A8%D9%88%D8%B1%D8%AF-%D9%88%D8%AA%D9%82%D8%A7%D8%B1%D9%8A%D8%B1-%D9%88%D9%82%D9%88%D8%A7%D8%A6%D9%85-%D9%85%D8%A7%D9%84%D9%8A%D8%A9-dashboard
403 Forbidden,Non trouvé,Non trouvé,Non trouvé,Aucun avis,Inconnu,Inconnu,Aucun tag,https://khamsat.com/business/tax/3012099-%D9%85%D8%AD%D8%A7%D8%B3%D8%A8%D8%A9-%D9%88%D8%B6%D8%B1%D8%A7%D8%A6%D8%A8-%D8%AC%D9%85%D9%8A%D8%B9-%D8%A7%D9%84%D8%A7%D9%82%D8%B1%D8%A7%D8%B1%D8%A7%D8%AA-%D8%A7%D9%84%D8%B6%D8%B1%D9%8A%D8%A8%D9%8A%D8%A9
403 Forbidden,Non trouvé,Non trouvé,Non trouvé,Aucun avis,Inconnu,Inconnu,Aucun tag,https://khamsat.com/business/file-conversion/3287176-%D8%AA%D8%AD%D9%88%D9%8A%D9%84-%D9%85%D9%84%D9%81%D8%A7%D8%AA-pdf-%D8%A5%D9%84%D9%89-word-%D8%A8%D8%AF%D9%82%D8%A9-%D9%88%D8%A7%D8%AD%D8%AA%D8%B1%D8%A7%D9%81%D9%8A%D8%A9
403 Forbidden,Non trouvé,Non trouvé,Non trouvé,Aucun avis,Inconnu,Inconnu,Aucun tag,https://khamsat.com/business/salary/2819872-%D9%84%D8%A7%D8%A6%D8%AD%D8%A9-%D8%A7%D9%84%D8%B1%D9%88%D8%A7%D8%AA%D8%A8-%D9%88%D8%A7%D9%84%D8%A3%D8%AC%D9%88%D8%B1-%D9%84%D9%84%D8%B4%D8%B1%D9%83%D8%A7%D8%AA-%D9%88%D8%A7%D9%84%D9%85%D8%AA%D9%88%D8%A7%D9%81%D9%82%D8%A9-%D9%85%D8%B9-%D8%A7%D9%84%D9%82%D8%A7%D9%86%D9%88%D9%86-%D8%A7%D9%84%D8%B3%D8%B9%D9%88%D8%AF%D9%8A
403 Forbidden,Non trouvé,Non trouvé,Non trouvé,Aucun avis,Inconnu,Inconnu,Aucun tag,https://khamsat.com/business/tax/3679092-%D8%A7%D9%84%D8%AA%D8%B9%D8%A7%D9%85%D9%84-%D9%85%D8%B9-%D8%A7%D9%84%D9%85%D9%86%D8%B8%D9%88%D9%85%D8%A9-%D8%A7%D9%84%D8%B6%D8%B1%D9%8A%D8%A8%D9%8A%D8%A9-%D8%A7%D9%84%D8%A7%D9%84%D9%83%D8%AA%D8%B1%D9%88%D9%86%D9%8A%D8%A9
403 Forbidden,Non trouvé,Non trouvé,Non trouvé,Aucun avis,Inconnu,Inconnu,Aucun tag,https://khamsat.com/business/accounting-bookkeeping/3815501-%D8%AA%D9%82%D8%AF%D9%8A%D9%85-%D8%AE%D8%AF%D9%85%D8%A7%D8%AA-%D8%A7%D9%84%D9%85%D8%AD%D8%A7%D8%B3%D8%A8%D8%A9-%D8%A7%D9%84%D9%85%D8%A7%D9%84%D9%8A%D8%A9-%D9%88%D8%A5%D8%B9%D8%AF%D8%A7%D8%AF-%D8%A7%D9%84%D8%AA%D9%82%D8%A7%D8%B1%D9%8A%D8%B1-%D8%A8%D8%AF%D9%82%D8%A9-%D9%88%D8%A7%D8%AD%D8%AA%D8%B1%D8%A7%D9%81%D9%8A%D8%A9
403 Forbidden,Non trouvé,Non trouvé,Non trouvé,Aucun avis,Inconnu,Inconnu,Aucun tag,https://khamsat.com/business/file-conversion/3618492-%D8%AA%D8%AD%D9%88%D9%8A%D9%84-%D9%85%D9%84%D9%81%D8%A7%D8%AA%D9%83-%D9%85%D9%86-pdf-%D8%A5%D9%84%D9%89-word-%D9%85%D8%B9-%D8%AA%D9%86%D8%B3%D9%8A%D9%82-%D8%A7%D8%AD%D8%AA%D8%B1%D8%A7%D9%81%D9%8A-100
403 Forbidden,Non trouvé,Non trouvé,Non trouvé,Aucun avis,Inconnu,Inconnu,Aucun tag,https://khamsat.com/business/salary/3818425-%D8%A7%D8%B9%D8%AF%D8%A7%D8%AF-%D9%88%D8%B1%D9%81%D8%B9-%D8%A7%D9%84%D8%B1%D9%88%D8%A7%D8%AA%D8%A8-%D9%88%D9%85%D9%84%D9%81%D8%A7-%D8%AD%D9%85%D8%A7%D9%8A%D8%A9-%D8%A7%D9%84%D8%A7%D8%AC%D9%88%D8%B1
403 Forbidden,Non trouvé,Non trouvé,Non trouvé,Aucun avis,Inconnu,Inconnu,Aucun tag,https://khamsat.com/business/financial-analysis/3658172-%D8%A7%D8%B9%D8%AF%D8%A7%D8%AF-%D8%B4%D9%8A%D8%AA-excel-%D9%85%D8%AD%D8%A7%D8%B3%D8%A8%D9%8A-%D9%84%D9%85%D8%B9%D8%B1%D9%81%D9%87-%D8%A7%D8%B1%D8%A8%D8%A7%D8%AD%D9%83-%D9%88%D8%AE%D8%B3%D8%A7%D8%A6%D8%B1%D9%83
403 Forbidden,Non trouvé,Non trouvé,Non trouvé,Aucun avis,Inconnu,Inconnu,Aucun tag,https://khamsat.com/business/tax/3582032-%D8%A5%D8%B9%D8%AF%D8%A7%D8%AF-%D8%A7%D9%84%D9%82%D9%8A%D9%88%D8%AF-%D8%A7%D9%84%D9%85%D8%AD%D8%A7%D8%B3%D8%A8%D9%8A%D8%A9-%D9%88%D8%A7%D9%84%D8%AA%D9%82%D8%A7%D8%B1%D9%8A%D8%B1-%D8%A7%D9%84%D9%85%D8%A7%D9%84%D9%8A%D8%A9-%D8%A8%D8%A7%D8%AD%D8%AA%D8%B1%D8%A7%D9%81
403 Forbidden,Non trouvé,Non trouvé,Non trouvé,Aucun avis,Inconnu,Inconnu,Aucun tag,https://khamsat.com/business/file-conversion/3774888-%D8%AA%D8%AD%D9%88%D9%8A%D9%84-%D8%A7%D9%84%D9%85%D9%84%D9%81%D8%A7%D8%AA-pdf-%D8%A5%D9%84%D9%89-word-excel-%D8%A8%D8%AF%D9%82%D8%A9-%D8%B9%D8%A7%D9%84%D9%8A%D8%A9
403 Forbidden,Non trouvé,Non trouvé,Non trouvé,Aucun avis,Inconnu,Inconnu,Aucun tag,https://khamsat.com/business/human-resources-systems/3893423-%D8%AD%D9%84-%D9%85%D8%B4%D8%A7%D9%83%D9%84-%D8%A7%D9%84%D9%85%D9%88%D8%B8%D9%81%D9%8A%D9%86-%D9%88%D8%A7%D9%84%D8%AD%D8%B6%D9%88%D8%B1-%D9%88%D8%A7%D9%84%D8%A7%D9%86%D8%B5%D8%B1%D8%A7%D9%81-%D8%B9%D8%A8%D8%B1-%D8%AA%D8%B1%D8%B4%D9%8A%D8%AD-%D9%88%D8%B4%D8%B1%D8%AD-%D9%86%D8%B8%D8%A7%D9%85-hr
403 Forbidden,Non trouvé,Non trouvé,Non trouvé,Aucun avis,Inconnu,Inconnu,Aucun tag,https://khamsat.com/business/financial-analysis/3536287-%D8%A7%D8%B9%D8%AF%D8%A7%D8%AF-%D9%88%D8%AA%D8%AD%D9%84%D9%8A%D9%84-%D8%A7%D9%84%D8%AA%D9%82%D8%A7%D8%B1%D9%8A%D8%B1-%D8%A7%D9%84%D9%85%D8%A7%D9%84%D9%8A%D8%A9-%D9%88%D8%A7%D9%84%D9%85%D8%AD%D8%A7%D8%B3%D8%A8%D9%8A%D8%A9-%D8%A8%D8%A7%D8%AD%D8%AA%D8%B1%D8%A7%D9%81
403 Forbidden,Non trouvé,Non trouvé,Non trouvé,Aucun avis,Inconnu,Inconnu,Aucun tag,https://khamsat.com/business/tax/3343769-%D8%A5%D8%B9%D8%AF%D8%A7%D8%AF-%D8%A7%D9%84%D8%A5%D9%82%D8%B1%D8%A7%D8%B1-%D8%A7%D9%84%D8%B6%D8%B1%D9%8A%D8%A8%D9%8A-%D9%84%D8%B6%D8%B1%D9%8A%D8%A8%D8%A9-%D8%A7%D9%84%D9%82%D9%8A%D9%85%D8%A9-%D8%A7%D9%84%D9%85%D8%B6%D8%A7%D9%81%D8%A9
403 Forbidden,Non trouvé,Non trouvé,Non trouvé,Aucun avis,Inconnu,Inconnu,Aucun tag,https://khamsat.com/business/file-conversion/3686643-%D8%A7%D9%84%D8%AA%D8%AD%D9%88%D9%8A%D9%84-%D9%85%D9%86-%D9%85%D9%84%D9%81-pdf-%D8%A7%D9%88-%D8%B5%D9%88%D8%B1-%D8%A7%D9%84%D9%89-word-%D8%A8%D8%A7%D8%AD%D8%AA%D8%B1%D8%A7%D9%81%D9%8A%D8%A9
403 Forbidden,Non trouvé,Non trouvé,Non trouvé,Aucun avis,Inconnu,Inconnu,Aucun tag,https://khamsat.com/business/recruiting/3686571-%D8%A8%D8%B7%D8%A7%D9%82%D8%A9-%D9%88%D8%B5%D9%81-%D9%88%D8%B8%D9%8A%D9%81%D9%89-%D8%A7%D8%AD%D8%AA%D8%B1%D8%A7%D9%81%D9%8A%D8%A9-%D9%84%D8%AC%D9%85%D9%8A%D8%B9-%D8%A7%D9%84%D9%88%D8%B8%D8%A7%D8%A6%D9%81
403 Forbidden,Non trouvé,Non trouvé,Non trouvé,Aucun avis,Inconnu,Inconnu,Aucun tag,https://khamsat.com/business/tax/3544591-vat-%D8%A5%D8%B9%D8%AF%D8%A7%D8%AF-%D8%A7%D9%82%D8%B1%D8%A7%D8%B1-%D8%B6%D8%B1%D9%8A%D8%A8%D8%A9-%D8%A7%D9%84%D9%82%D9%8A%D9%85%D8%A9-%D8%A7%D9%84%D9%85%D8%B6%D8%A7%D9%81%D8%A9
403 Forbidden,Non trouvé,Non trouvé,Non trouvé,Aucun avis,Inconnu,Inconnu,Aucun tag,https://khamsat.com/business/accounting-bookkeeping/3454186-%D9%85%D8%AD%D8%A7%D8%B3%D8%A8-%D9%85%D8%AD%D8%AA%D8%B1%D9%81-%D9%84%D9%85%D8%AA%D8%AC%D8%B1-%D8%B3%D9%84%D8%A9-%D9%85%D8%B7%D8%A7%D8%A8%D9%82%D8%A9-%D8%A7%D9%84%D9%85%D8%A8%D9%8A%D8%B9%D8%A7%D8%AA-%D9%85%D8%B7%D8%A7%D8%A8%D9%82%D8%A9-%D8%A7%D9%84%D9%85%D8%AD%D8%A7%D9%81%D8%B8
403 Forbidden,Non trouvé,Non trouvé,Non trouvé,Aucun avis,Inconnu,Inconnu,Aucun tag,https://khamsat.com/business/file-conversion/3055482-%D8%AA%D8%AD%D9%88%D9%8A%D9%84-%D9%85%D9%84%D9%81%D8%A7%D8%AA-%D9%88%D9%85%D8%B3%D8%AA%D9%86%D8%AF%D8%A7%D8%AA-pdf-%D8%A7%D9%84%D9%89-word
403 Forbidden,Non trouvé,Non trouvé,Non trouvé,Aucun avis,Inconnu,Inconnu,Aucun tag,https://khamsat.com/business/human-resources-consulting/1660719-%D8%AA%D9%82%D8%AF%D9%8A%D9%85-%D8%A7%D9%84%D8%A7%D8%B3%D8%AA%D8%B4%D8%A7%D8%B1%D8%A7%D8%AA-%D8%A7%D9%84%D8%A7%D8%AF%D8%A7%D8%B1%D9%8A%D8%A9-%D9%88%D8%A7%D9%84%D9%85%D9%88%D8%A7%D8%B1%D8%AF-%D8%A7%D9%84%D8%A8%D8%B4%D8%B1%D9%8A%D8%A9-%D9%88%D9%81%D9%82%D8%A7-%D9%84%D9%86%D8%B8%D8%A7%D9%85-%D8%A7%D9%84%D8%B9%D9%85%D9%84
403 Forbidden,Non trouvé,Non trouvé,Non trouvé,Aucun avis,Inconnu,Inconnu,Aucun tag,https://khamsat.com/business/tax/3686711-%D8%AA%D9%82%D8%AF%D9%8A%D9%85-%D8%A7%D9%82%D8%B1%D8%A7%D8%B1-%D8%A7%D9%84%D9%82%D9%8A%D9%85%D8%A9-%D8%A7%D9%84%D9%85%D8%B6%D8%A7%D9%81%D8%A9-vat-declaration
403 Forbidden,Non trouvé,Non trouvé,Non trouvé,Aucun avis,Inconnu,Inconnu,Aucun tag,https://khamsat.com/business/accounting-bookkeeping/3704386-%D8%A7%D8%AF%D8%A7%D8%B1%D8%A9-%D8%A7%D9%84%D8%AD%D8%B3%D8%A7%D8%A8%D8%A7%D8%AA-%D8%A8%D8%A5%D8%B3%D8%AA%D8%AE%D8%AF%D8%A7%D9%85-%D8%A7%D9%84%D8%A8%D8%B1%D8%A7%D9%85%D8%AC-%D8%A7%D9%84%D9%85%D8%AD%D8%A7%D8%B3%D8%A8%D9%8A%D8%A9-%D8%A7%D9%84%D8%B3%D8%AD%D8%A7%D8%A8%D9%8A%D8%A9
403 Forbidden,Non trouvé,Non trouvé,Non trouvé,Aucun avis,Inconnu,Inconnu,Aucun tag,https://khamsat.com/business/file-conversion/2667762-%D8%AA%D8%AD%D9%88%D9%8A%D9%84-%D8%A7%D9%84%D9%85%D9%84%D9%81%D8%A7%D8%AA-%D9%85%D9%86-pdf-%D8%A3%D9%88-word-%D9%88%D9%83%D8%AA%D8%A7%D8%A8%D8%AA%D9%87%D8%A7-%D8%A8%D8%B5%D9%8A%D8%BA%D8%A9-latex
403 Forbidden,Non trouvé,Non trouvé,Non trouvé,Aucun avis,Inconnu,Inconnu,Aucun tag,https://khamsat.com/business/human-resources-consulting/2991883-%D8%A3%D8%B7%D9%85%D8%A6%D9%86-%D8%B9%D9%84%D9%8A-%D8%AD%D9%88%D9%83%D9%85%D8%A9-%D8%B4%D8%B1%D9%83%D8%AA%D9%83-%D8%AA%D8%AF%D9%82%D9%8A%D9%82-%D9%88%D9%85%D8%B1%D8%A7%D8%AC%D8%B9%D8%A9-%D8%A7%D9%84%D9%85%D9%88%D8%A7%D8%B1%D8%AF-%D8%A7%D9%84%D8%A8%D8%B4%D8%B1%D9%8A%D8%A9
403 Forbidden,Non trouvé,Non trouvé,Non trouvé,Aucun avis,Inconnu,Inconnu,Aucun tag,https://khamsat.com/business/tax/3009495-%D8%AA%D9%82%D8%AF%D9%8A%D9%85-%D9%88%D8%B1%D9%81%D8%B9-%D8%A5%D9%82%D8%B1%D8%A7%D8%B1-%D8%B6%D8%B1%D9%8A%D8%A8%D8%A9-%D8%A7%D9%84%D9%82%D9%8A%D9%85%D8%A9-%D8%A7%D9%84%D9%85%D8%B6%D8%A7%D9%81%D8%A9-15-%D8%B9%D9%84%D9%89-%D9%85%D9%88%D9%82%D8%B9-%D8%A7%D9%84%D9%87%D9%8A%D8%A6%D8%A9
403 Forbidden,Non trouvé,Non trouvé,Non trouvé,Aucun avis,Inconnu,Inconnu,Aucun tag,https://khamsat.com/business/accounting-bookkeeping/3787886-%D9%85%D8%B3%D9%83-%D8%A7%D9%84%D8%AF%D9%81%D8%A7%D8%AA%D8%B1-%D8%A7%D9%84%D9%85%D8%AD%D8%A7%D8%B3%D8%A8%D9%8A%D8%A9-%D8%A8%D8%A7%D8%B3%D8%AA%D8%AE%D8%AF%D8%A7%D9%85-%D8%A8%D8%B1%D9%86%D8%A7%D9%85%D8%AC-%D8%A7%D9%84%D8%A7%D9%83%D8%B3%D9%84-%D9%88%D8%AA%D8%AD%D9%84%D9%8A%D9%84-%D8%A7%D9%84%D9%86%D8%AA%D8%A7%D8%A6%D8%AC
403 Forbidden,Non trouvé,Non trouvé,Non trouvé,Aucun avis,Inconnu,Inconnu,Aucun tag,https://khamsat.com/business/file-conversion/3194568-%D8%AA%D8%AD%D9%88%D9%8A%D9%84-%D8%B3%D8%B1%D9%8A%D8%B9-%D9%84%D9%85%D9%84%D9%81%D8%A7%D8%AA-%D8%A7%D9%84pdf-%D9%88-%D8%A7%D9%84-word-%D8%A8%D8%A7%D9%86%D8%AC%D8%A7%D8%B2-%D9%88-%D8%B3%D8%B1%D8%B9%D8%A9
403 Forbidden,Non trouvé,Non trouvé,Non trouvé,Aucun avis,Inconnu,Inconnu,Aucun tag,https://khamsat.com/business/recruiting/3110926-%D8%AA%D9%88%D8%B8%D9%8A%D9%81-%D9%88%D8%A7%D8%B3%D8%AA%D9%82%D8%AF%D8%A7%D9%85-%D9%85%D8%AF%D9%8A%D8%B1%D9%8A-%D9%85%D9%88%D8%A7%D8%B1%D8%AF-%D8%A8%D8%B4%D8%B1%D9%8A%D8%A9-%D9%85%D8%A8%D8%AF%D8%B9%D9%8A%D9%86-%D8%B4%D8%B1%D9%8A%D9%83%D9%83-%D8%A7%D9%84%D8%A5%D8%B3%D8%AA%D8%B1%D8%A7%D8%AA%D9%8A%D8%AC%D9%8A
403 Forbidden,Non trouvé,Non trouvé,Non trouvé,Aucun avis,Inconnu,Inconnu,Aucun tag,https://khamsat.com/business/tax/3350449-%D8%A7%D8%B9%D8%AF%D8%A7%D8%AF-%D9%88%D9%85%D8%B1%D8%A7%D8%AC%D8%B9%D8%A9-%D8%A7%D9%84%D8%A5%D9%82%D8%B1%D8%A7%D8%B1%D8%A7%D8%AA-%D8%A7%D9%84%D8%B6%D8%B1%D9%8A%D8%A8%D9%8A%D8%A9-%D9%81%D9%8A-%D8%A7%D9%84%D8%A3%D8%B1%D8%AF%D9%86-%D9%84%D9%84%D8%A3%D9%81%D8%B1%D8%A7%D8%AF-%D9%88%D8%A7%D9%84%D8%B4%D8%B1%D9%83%D8%A7%D8%AA
403 Forbidden,Non trouvé,Non trouvé,Non trouvé,Aucun avis,Inconnu,Inconnu,Aucun tag,https://khamsat.com/business/accounting-bookkeeping/3791145-%D9%85%D8%AD%D8%A7%D8%B3%D8%A8-%D9%85%D8%A7%D9%84%D9%8A-%D9%85%D8%AD%D8%AA%D8%B1%D9%81-%D9%84%D9%85%D8%B3%D9%83-%D8%A7%D9%84%D8%AF%D9%81%D8%A7%D8%AA%D8%B1-%D9%88%D8%A5%D8%AF%D8%AE%D8%A7%D9%84-%D8%A7%D9%84%D8%A8%D9%8A%D8%A7%D9%86%D8%A7%D8%AA-%D8%A8%D8%AF%D9%82%D8%A9-%D9%88%D8%B3%D8%B1%D8%B9%D8%A9
403 Forbidden,Non trouvé,Non trouvé,Non trouvé,Aucun avis,Inconnu,Inconnu,Aucun tag,https://khamsat.com/business/file-conversion/3386768-%D8%AA%D8%AD%D9%88%D9%8A%D9%84-%D9%85%D9%84%D9%81%D8%A7%D8%AA-pdf-%D8%A5%D9%84%D9%89-word-%D9%88%D8%A7%D9%84%D8%B9%D9%83%D8%B3-%D9%85%D8%B9-%D8%A7%D9%84%D8%AD%D9%81%D8%A7%D8%B8-%D8%B9%D9%84%D9%89-%D8%A7%D9%84%D8%AA%D9%86%D8%B3%D9%8A%D9%82
403 Forbidden,Non trouvé,Non trouvé,Non trouvé,Aucun avis,Inconnu,Inconnu,Aucun tag,https://khamsat.com/business/recruiting/2873137-%D8%A5%D8%B9%D9%84%D8%A7%D9%86-%D8%AA%D9%88%D8%B8%D9%8A%D9%81-%D8%A5%D8%AD%D8%AA%D8%B1%D8%A7%D9%81%D9%8A-%D9%8A%D8%AC%D8%B0%D8%A8-%D9%84%D9%83-%D8%A3%D9%81%D8%B6%D9%84-%D8%A7%D9%84%D8%B9%D9%86%D8%A7%D8%B5%D8%B1-%D8%A7%D9%84%D8%A8%D8%B4%D8%B1%D9%8A%D8%A9-%D8%A7%D9%84%D8%A7%D8%AD%D8%AA%D8%B1%D8%A7%D9%81%D9%8A%D8%A9
403 Forbidden,Non trouvé,Non trouvé,Non trouvé,Aucun avis,Inconnu,Inconnu,Aucun tag,https://khamsat.com/business/tax/3628116-%D8%A7%D8%B9%D8%AF%D8%A7%D8%AF-%D9%88%D8%B1%D9%81%D8%B9-%D8%A7%D9%84%D8%A7%D9%82%D8%B1%D8%A7%D8%B1-%D8%A7%D9%84%D8%B6%D8%B1%D9%8A%D8%A8%D9%89
403 Forbidden,Non trouvé,Non trouvé,Non trouvé,Aucun avis,Inconnu,Inconnu,Aucun tag,https://khamsat.com/business/accounting-bookkeeping/3767030-%D9%85%D9%84%D9%81-%D8%A5%D9%83%D8%B3%D9%84-%D9%83%D8%A7%D9%85%D9%84-%D9%84%D8%AD%D8%B3%D8%A7%D8%A8%D8%A7%D8%AA-%D8%A7%D9%84%D9%85%D9%88%D8%B1%D8%AF%D9%8A%D9%86-%D9%85%D8%B9-%D8%AA%D8%AD%D9%84%D9%8A%D9%84%D8%A7%D8%AA-%D9%88%D9%85%D9%8A%D8%B2%D8%A7%D9%86-%D8%B4%D9%87%D8%B1%D9%8A-%D9%88%D8%B3%D9%86%D9%88%D9%8A
403 Forbidden,Non trouvé,Non trouvé,Non trouvé,Aucun avis,Inconnu,Inconnu,Aucun tag,https://khamsat.com/business/file-conversion/3673163-%D8%AA%D8%AD%D9%88%D9%8A%D9%84-%D9%85%D9%84%D9%81%D8%A7%D8%AA-pdf-%D8%A5%D9%84%D9%89-word-%D9%82%D8%A7%D8%A8%D9%84-%D9%84%D9%84%D8%AA%D8%B9%D8%AF%D9%8A%D9%84-%D8%A8%D8%A7%D8%AD%D8%AA%D8%B1%D8%A7%D9%81%D9%8A%D8%A9
403 Forbidden,Non trouvé,Non trouvé,Non trouvé,Aucun avis,Inconnu,Inconnu,Aucun tag,https://khamsat.com/business/organizational-development/3065998-%D8%AF%D9%84%D9%8A%D9%84-%D8%A7%D9%84%D8%B3%D9%8A%D8%A7%D8%B3%D8%A7%D8%AA-%D9%88%D8%A7%D9%84%D8%A5%D8%AC%D8%B1%D8%A7%D8%A1%D8%A7%D8%AA-%D9%84%D8%B4%D8%B1%D9%83%D8%AA%D9%83-%D8%A7%D8%B5%D8%A8%D8%AD-%D8%A8%D9%8A%D9%86-%D9%8A%D8%AF%D9%8A%D9%83-%D9%88%D8%AD%D9%88%D9%83%D9%85%D8%A9-%D8%B4%D8%B1%D9%83%D8%AA%D9%83
403 Forbidden,Non trouvé,Non trouvé,Non trouvé,Aucun avis,Inconnu,Inconnu,Aucun tag,https://khamsat.com/business/tax/3367724-%D8%AE%D8%AF%D9%85%D8%A9-%D8%A7%D9%84%D9%85%D8%B1%D8%A7%D8%AC%D8%B9%D8%A9-%D9%88-%D8%A7%D9%84%D8%B6%D8%B1%D8%A7%D8%A6%D8%A8-%D9%88-%D8%A7%D8%B9%D8%AF%D8%A7%D8%AF-%D8%A7%D9%84%D8%AA%D9%82%D8%A7%D8%B1%D9%8A%D8%B1-%D8%A7%D9%84%D9%85%D8%A7%D9%84%D9%8A%D8%A9
403 Forbidden,Non trouvé,Non trouvé,Non trouvé,Aucun avis,Inconnu,Inconnu,Aucun tag,https://khamsat.com/business/accounting-bookkeeping/3060006-%D8%AA%D8%A3%D8%B3%D9%8A%D8%B3-%D8%A7%D9%84%D8%AD%D8%B3%D8%A7%D8%A8%D8%A7%D8%AA-%D9%88%D8%B9%D9%85%D9%84-%D8%AA%D9%82%D8%A7%D8%B1%D9%8A%D8%B1-%D9%88%D8%AA%D8%AD%D9%84%D9%8A%D9%84%D8%A7%D8%AA-%D9%85%D8%A7%D9%84%D9%8A%D8%A9-%D8%AF%D9%88%D8%B1%D9%8A%D8%A9
403 Forbidden,Non trouvé,Non trouvé,Non trouvé,Aucun avis,Inconnu,Inconnu,Aucun tag,https://khamsat.com/business/file-conversion/3157566-%D8%AA%D8%AD%D9%88%D9%8A%D9%84-%D9%85%D9%84%D9%81-pdf-%D8%A7%D9%84%D9%89-word-%D9%88%D8%A7%D9%84%D8%B9%D9%83%D8%B3
403 Forbidden,Non trouvé,Non trouvé,Non trouvé,Aucun avis,Inconnu,Inconnu,Aucun tag,https://khamsat.com/business/organizational-development/2396744-%D8%B9%D9%85%D9%84-%D9%84%D8%A7%D8%A6%D8%AD%D8%A9-%D9%85%D8%B5%D9%81%D9%88%D9%81%D8%A9-%D8%A7%D9%84%D8%B5%D9%84%D8%A7%D8%AD%D9%8A%D8%A7%D8%AA
403 Forbidden,Non trouvé,Non trouvé,Non trouvé,Aucun avis,Inconnu,Inconnu,Aucun tag,https://khamsat.com/business/tax/2852955-%D8%A7%D8%B9%D8%AF%D8%A7%D8%AF-%D8%A7%D9%84%D8%A7%D9%82%D8%B1%D8%A7%D8%B1%D8%A7%D8%AA-%D8%A7%D9%84%D8%B6%D8%B1%D9%8A%D8%A8%D9%8A%D8%A9-%D9%88%D8%B1%D9%81%D8%B9%D9%87%D8%A7-%D8%B9%D9%84%D9%89-%D8%A7%D9%84%D8%A8%D9%88%D8%A7%D8%A8%D8%A9-%D8%A7%D9%84%D8%A7%D9%84%D9%83%D8%AA%D8%B1%D9%88%D9%86%D9%8A%D8%A9-vat
403 Forbidden,Non trouvé,Non trouvé,Non trouvé,Aucun avis,Inconnu,Inconnu,Aucun tag,https://khamsat.com/business/financial-consulting/787230-%D9%85%D8%B3%D8%AA%D8%B4%D8%A7%D8%B1%D9%83-%D8%A7%D9%84%D9%85%D8%AD%D8%A7%D8%B3%D8%A8%D9%8A-%D8%A7%D8%B3%D8%AA%D8%B4%D8%A7%D8%B1%D9%87-%D9%88%D8%A7%D8%AD%D8%AF%D9%87
403 Forbidden,Non trouvé,Non trouvé,Non trouvé,Aucun avis,Inconnu,Inconnu,Aucun tag,https://khamsat.com/business/file-conversion/3517354-%D8%AA%D8%AD%D9%88%D9%8A%D9%84-%D8%A7%D9%84%D9%85%D8%B9%D9%84%D9%88%D9%85%D8%A7%D8%AA-%D9%85%D9%86-pdf-%D8%A3%D9%88-word-%D8%A3%D9%88-%D8%B5%D9%88%D8%B1%D8%A9-%D8%A5%D9%84%D9%89-excel
403 Forbidden,Non trouvé,Non trouvé,Non trouvé,Aucun avis,Inconnu,Inconnu,Aucun tag,https://khamsat.com/business/human-resources-consulting/3375393-%D9%82%D8%A7%D9%84%D8%A8-%D8%A7%D9%83%D8%B3%D9%8A%D9%84-%D9%84%D9%84%D8%AA%D8%AF%D9%82%D9%8A%D9%82-%D8%A7%D9%84%D9%85%D8%A4%D8%B3%D8%B3%D9%8A-%D9%88%D9%81%D9%82%D8%A7-%D9%84%D9%85%D9%86%D9%87%D8%AC%D9%8A%D8%A9-%D8%A7%D9%84%D8%AA%D8%AF%D9%82%D9%8A%D9%82-5s
403 Forbidden,Non trouvé,Non trouvé,Non trouvé,Aucun avis,Inconnu,Inconnu,Aucun tag,https://khamsat.com/business/tax/3127245-%D8%B9%D9%85%D9%84-%D8%A7%D9%84%D8%A5%D9%82%D8%B1%D8%A7%D8%B1-%D8%A7%D9%84%D8%B6%D8%B1%D9%8A%D8%A8%D9%8A-%D8%A8%D8%AF%D9%82%D8%A9-%D9%88-%D9%83%D9%81%D8%A7%D8%A1%D8%A9
403 Forbidden,Non trouvé,Non trouvé,Non trouvé,Aucun avis,Inconnu,Inconnu,Aucun tag,https://khamsat.com/business/financial-consulting/3061947-%D8%A7%D8%B3%D8%AA%D8%B4%D8%A7%D8%B1%D8%A7%D8%AA-%D9%88%D8%AA%D8%AD%D9%84%D9%8A%D9%84%D8%A7%D8%AA-%D9%88%D8%AD%D9%84%D9%88%D9%84-%D9%85%D8%A7%D9%84%D9%8A%D8%A9-%D9%88%D8%AA%D9%86%D8%B8%D9%8A%D9%85-%D8%A7%D9%84%D8%AD%D8%B3%D8%A7%D8%A8%D8%A7%D8%AA
403 Forbidden,Non trouvé,Non trouvé,Non trouvé,Aucun avis,Inconnu,Inconnu,Aucun tag,https://khamsat.com/business/file-conversion/3483425-%D8%AA%D8%AD%D9%88%D9%8A%D9%84-%D8%A7%D9%84%D9%85%D9%84%D9%81%D8%A7%D8%AA-%D8%A7%D9%84%D9%85%D9%83%D8%AA%D9%88%D8%A8%D8%A9-%D9%8A%D8%AF%D9%88%D9%8A%D8%A7-%D9%88%D9%85%D9%84%D9%81%D8%A7%D8%AA-%D8%A7%D9%84pdf-%D8%A5%D9%84%D9%89-%D9%85%D9%84%D9%81%D8%A7%D8%AA-word
403 Forbidden,Non trouvé,Non trouvé,Non trouvé,Aucun avis,Inconnu,Inconnu,Aucun tag,https://khamsat.com/business/organizational-development/3384520-%D9%82%D8%A7%D9%84%D8%A8-%D9%85%D8%AE%D8%B7%D8%B7-%D9%87%D9%8A%D9%83%D9%84-%D8%A7%D9%84%D8%B3%D9%85%D9%83%D8%A9-%D9%84%D8%AA%D8%AD%D9%84%D9%8A%D9%84-%D8%A7%D9%84%D9%85%D8%B4%D9%83%D9%84%D8%A7%D8%AA
403 Forbidden,Non trouvé,Non trouvé,Non trouvé,Aucun avis,Inconnu,Inconnu,Aucun tag,https://khamsat.com/business/tax/2901374-%D8%A5%D8%B9%D8%AF%D8%A7%D8%AF-%D9%88-%D9%85%D8%B1%D8%A7%D8%AC%D8%B9%D8%A9-%D8%A5%D9%82%D8%B1%D8%A7%D8%B1-%D8%B6%D8%B1%D9%8A%D8%A8%D8%A9-%D8%A7%D9%84%D9%82%D9%8A%D9%85%D8%A9-%D8%A7%D9%84%D9%85%D8%B6%D8%A7%D9%81%D8%A9-vat-%D8%B4%D9%87%D8%B1%D9%8A-%D9%88%D8%B1%D8%A8%D8%B9-%D8%B3%D9%86%D9%88%D9%8A
403 Forbidden,Non trouvé,Non trouvé,Non trouvé,Aucun avis,Inconnu,Inconnu,Aucun tag,https://khamsat.com/business/financial-consulting/3622292-%D8%A7%D8%B3%D8%AA%D8%B7%D9%8A%D8%B9-%D8%AA%D9%82%D8%AF%D9%8A%D9%85-%D8%A7%D8%B3%D8%AA%D8%B4%D8%A7%D8%B1%D8%A9-%D9%85%D8%A7%D9%84%D9%8A%D8%A9-%D9%84%D9%83-%D9%84%D9%88-%D9%83%D9%86%D8%AA-%D8%B5%D8%A7%D8%AD%D8%A8-%D9%86%D8%B4%D8%A7%D8%B7-%D8%B5%D8%BA%D9%8A%D8%B1-%D8%A7%D9%88-%D9%85%D8%AA%D9%88%D8%B3%D8%B7
403 Forbidden,Non trouvé,Non trouvé,Non trouvé,Aucun avis,Inconnu,Inconnu,Aucun tag,https://khamsat.com/business/file-conversion/3485574-%D8%AA%D8%AD%D9%88%D9%8A%D9%84-%D9%85%D9%84%D9%81-%D9%85%D9%83%D8%AA%D9%88%D8%A8-%D9%8A%D8%AF%D9%88%D9%8A%D8%A7-%D8%A3%D9%88-%D8%A7%D9%84%D9%86%D8%B5-%D8%AF%D8%A7%D8%AE%D9%84-%D8%B5%D9%88%D8%B1%D8%A9-%D8%A7%D9%84%D9%89-word
403 Forbidden,Non trouvé,Non trouvé,Non trouvé,Aucun avis,Inconnu,Inconnu,Aucun tag,https://khamsat.com/business/salary/2230992-%D9%86%D9%85%D9%88%D8%B0%D8%AC-%D8%B1%D9%88%D8%A7%D8%AA%D8%A8-%D9%88%D8%A7%D8%AC%D9%88%D8%B1-%D9%85%D8%A4%D8%B8%D9%81%D9%8A%D9%86-%D8%A8%D8%B9%D8%AF%D8%AF-%D9%85%D9%81%D8%AA%D9%88%D8%AD-%D9%85%D8%B9-%D8%B3%D9%87%D9%88%D9%84%D8%A9-%D8%A7%D9%84%D8%A7%D8%B3%D8%AA%D8%AE%D8%AF%D8%A7%D9%85
403 Forbidden,Non trouvé,Non trouvé,Non trouvé,Aucun avis,Inconnu,Inconnu,Aucun tag,https://khamsat.com/business/tax/2326987-%D8%A7%D9%84%D9%85%D8%AD%D8%A7%D8%B3%D8%A8%D8%A9-%D8%A7%D9%84%D9%85%D8%A7%D9%84%D9%8A%D8%A9-%D9%88%D8%A7%D9%84%D9%82%D9%88%D8%A7%D8%A6%D9%85-%D8%A7%D9%84%D9%85%D8%A7%D9%84%D9%8A%D8%A9-%D9%88%D8%A7%D9%84%D8%A7%D9%82%D8%B1%D8%A7%D8%B1%D8%A7%D8%AA-%D8%A7%D9%84%D8%B6%D8%B1%D9%8A%D8%A8%D9%8A%D8%A9
403 Forbidden,Non trouvé,Non trouvé,Non trouvé,Aucun avis,Inconnu,Inconnu,Aucun tag,https://khamsat.com/business/financial-consulting/3308947-%D8%AA%D8%B5%D9%85%D9%8A%D9%85-%D9%85%D9%84%D9%81-%D8%AA%D8%AE%D8%B7%D9%8A%D8%B7-%D8%A7%D9%84%D9%85%D9%8A%D8%B2%D8%A7%D9%86%D9%8A%D8%A9-%D8%A7%D9%84%D8%B4%D9%87%D8%B1%D9%8A%D8%A9-pdf-%D9%82%D8%A7%D8%A8%D9%84-%D9%84%D9%84%D8%B7%D8%A8%D8%A7%D8%B9%D8%A9-%D8%A8%D8%A7%D9%84%D9%84%D8%BA%D8%AA%D9%8A%D9%86
403 Forbidden,Non trouvé,Non trouvé,Non trouvé,Aucun avis,Inconnu,Inconnu,Aucun tag,https://khamsat.com/business/file-conversion/3393978-%D8%AA%D8%AD%D9%88%D9%8A%D9%84-%D8%A7%D9%84%D8%B5%D9%88%D8%B1-%D8%A3%D9%88-pdf-%D8%A5%D9%84%D9%89-%D9%85%D9%84%D9%81-word-%D8%A8%D8%AF%D9%82%D8%A9-%D9%88%D8%A7%D8%AD%D8%AA%D8%B1%D8%A7%D9%81
403 Forbidden,Non trouvé,Non trouvé,Non trouvé,Aucun avis,Inconnu,Inconnu,Aucun tag,https://khamsat.com/business/salary/1367445-excel-%D8%A7%D9%84%D9%85%D9%88%D8%B8%D9%81%D9%8A%D9%86-%D9%88%D8%A7%D9%84%D9%85%D8%B1%D8%AA%D8%A8%D8%A7%D8%AA-%D9%88%D8%A8%D8%B1%D8%A7%D9%85%D8%AC-%D8%A7%D9%84%D8%AD%D8%B3%D8%A7%D8%A8%D8%A7%D8%AA-%D9%88%D8%BA%D9%8A%D8%B1%D9%87%D8%A7-%D8%A8%D8%B6%D8%BA%D8%B7%D8%A9-%D8%B2%D8%B1
403 Forbidden,Non trouvé,Non trouvé,Non trouvé,Aucun avis,Inconnu,Inconnu,Aucun tag,https://khamsat.com/business/tax/2327080-%D8%AA%D9%82%D8%AF%D9%8A%D9%85-%D8%A7%D9%84%D8%A7%D9%82%D8%B1%D8%A7%D8%B1%D8%A7%D8%AA-%D8%A7%D9%84%D8%B6%D8%B1%D9%8A%D8%A8%D9%8A%D8%A9-%D9%84%D9%87%D9%8A%D8%A6%D8%A9-%D8%A7%D9%84%D8%B2%D9%83%D8%A7%D8%A9-%D9%88%D8%A7%D9%84%D8%AF%D8%AE%D9%84-%D8%A7%D9%84%D8%B3%D8%B9%D9%88%D8%AF%D9%8A%D8%A9
403 Forbidden,Non trouvé,Non trouvé,Non trouvé,Aucun avis,Inconnu,Inconnu,Aucun tag,https://khamsat.com/business/financial-analysis/2416351-%D8%AA%D8%AD%D9%84%D9%8A%D9%84-%D8%A7%D9%84%D9%85%D8%B5%D8%B1%D9%88%D9%81%D8%A7%D8%AA-%D9%88-%D8%A7%D9%84%D9%81%D9%88%D8%A7%D8%A6%D8%AF-%D8%A7%D9%84%D8%A8%D9%86%D9%83%D9%8A%D8%A9-%D8%A8%D8%A7%D8%B3%D8%AA%D8%AE%D8%AF%D8%A7%D9%85-%D8%A7%D9%84%D8%A7%D9%83%D8%B3%D9%8A%D9%84
403 Forbidden,Non trouvé,Non trouvé,Non trouvé,Aucun avis,Inconnu,Inconnu,Aucun tag,https://khamsat.com/business/file-conversion/3633085-%D8%AA%D8%AD%D9%88%D9%8A%D9%84-%D8%A7%D9%84%D9%85%D9%84%D9%81-%D9%85%D9%86-%D9%88%D8%B1%D8%AF-word-%D8%A7%D9%84%D9%89-%D9%85%D9%84%D9%81-pdf
403 Forbidden,Non trouvé,Non trouvé,Non trouvé,Aucun avis,Inconnu,Inconnu,Aucun tag,https://khamsat.com/business/human-resources-consulting/2375955-%D8%A7%D8%B3%D8%AA%D8%B4%D8%A7%D8%B1%D8%A7%D8%AA-%D9%81%D9%8A-%D8%AC%D9%85%D9%8A%D8%B9-%D8%A7%D8%B3%D8%AA%D8%B1%D8%A7%D8%AA%D9%8A%D8%AC%D9%8A%D8%A7%D8%AA-%D8%A7%D9%84%D9%85%D9%88%D8%A7%D8%B1%D8%AF-%D8%A7%D9%84%D8%A8%D8%B4%D8%B1%D9%8A%D8%A9-%D8%A7%D9%84%D8%AD%D8%AF%D9%8A%D8%AB%D8%A9
403 Forbidden,Non trouvé,Non trouvé,Non trouvé,Aucun avis,Inconnu,Inconnu,Aucun tag,https://khamsat.com/business/tax/2104556-%D8%A7%D9%84%D9%85%D8%B3%D8%A7%D8%B9%D8%AF%D8%A9-%D9%84%D8%AA%D9%82%D8%AF%D9%8A%D9%85-%D8%A7%D9%82%D8%B1%D8%A7%D8%B1%D8%A7%D8%AA-%D8%A7%D9%84%D9%82%D9%8A%D9%85%D8%A9-%D8%A7%D9%84%D9%85%D8%B6%D8%A7%D9%81%D8%A9-%D9%85%D9%86-%D9%85%D9%88%D9%82%D8%B9-%D8%A7%D9%84%D9%87%D9%8A%D8%A6%D8%A9-%D9%84%D9%84%D8%B2%D9%83%D8%A7%D8%A9
403 Forbidden,Non trouvé,Non trouvé,Non trouvé,Aucun avis,Inconnu,Inconnu,Aucun tag,https://khamsat.com/business/accounting-bookkeeping/2898255-%D8%AD%D8%B3%D8%A7%D8%A8%D8%A7%D8%AA-%D9%88%D8%A7%D9%85%D8%B3%D8%A7%D9%83-%D8%AF%D9%81%D8%A7%D8%AA%D8%B1-%D8%B9%D9%84%D9%8A-%D8%AC%D9%85%D9%8A%D8%B9-%D8%A7%D9%84%D8%A8%D8%B1%D8%A7%D9%85%D8%AC-%D8%A7%D9%84%D9%85%D8%AD%D8%A7%D8%B3%D8%A8%D9%8A%D8%A9
403 Forbidden,Non trouvé,Non trouvé,Non trouvé,Aucun avis,Inconnu,Inconnu,Aucun tag,https://khamsat.com/business/file-conversion/3759688-%D8%AA%D8%AD%D9%88%D9%8A%D9%84-pdf%D8%B5%D9%88%D8%B1-%D8%A5%D9%84%D9%89-word-%D8%A3%D9%88-excel-%D8%A8%D9%85%D8%AE%D8%B1%D8%AC%D8%A7%D8%AA-%D9%82%D8%A7%D8%A8%D9%84%D8%A9-%D9%84%D9%84%D8%AA%D8%B9%D8%AF%D9%8A%D9%84
403 Forbidden,Non trouvé,Non trouvé,Non trouvé,Aucun avis,Inconnu,Inconnu,Aucun tag,https://khamsat.com/business/human-resources-consulting/3521079-%D8%A5%D8%AF%D8%A7%D8%B1%D8%A9-%D8%A7%D9%84%D9%85%D9%88%D8%A7%D8%B1%D8%AF-%D8%A7%D9%84%D8%A8%D8%B4%D8%B1%D9%8A%D8%A9-%D9%88%D8%AB%D8%A7%D8%A6%D9%82-%D9%88%D8%A5%D8%B1%D8%B4%D8%A7%D8%AF%D8%A7%D8%AA-%D8%A7%D9%84%D8%AA%D9%88%D8%B8%D9%8A%D9%81-%D8%A3%D9%8A%D8%B2%D9%88-iso-30405
403 Forbidden,Non trouvé,Non trouvé,Non trouvé,Aucun avis,Inconnu,Inconnu,Aucun tag,https://khamsat.com/business/financial-analysis/3739426-%D8%AA%D8%B5%D9%85%D9%8A%D9%85-%D9%82%D9%88%D8%A7%D9%84%D8%A8-excel-%D8%AC%D8%A7%D9%87%D8%B2%D8%A9-%D9%84%D8%A5%D8%AF%D8%A7%D8%B1%D8%A9-%D9%85%D8%B4%D8%A7%D8%B1%D9%8A%D8%B9%D9%83-%D8%A3%D9%88-%D9%85%D8%AA%D8%A7%D8%A8%D8%B9%D8%A9-%D8%A3%D8%B9%D9%85%D8%A7%D9%84%D9%83
403 Forbidden,Non trouvé,Non trouvé,Non trouvé,Aucun avis,Inconnu,Inconnu,Aucun tag,https://khamsat.com/business/accounting-bookkeeping/2874624-%D8%A3%D8%B9%D9%85%D8%A7%D9%84-%D9%85%D8%AD%D8%A7%D8%B3%D8%A8%D9%8A%D8%A9-%D9%88%D8%A5%D8%AF%D8%AE%D8%A7%D9%84-%D9%82%D9%8A%D9%88%D8%AF-%D8%B9%D9%84%D9%89-%D8%A8%D8%B1%D9%86%D8%A7%D9%85%D8%AC-%D9%83%D9%88%D9%8A%D9%83-%D8%A8%D9%88%D9%83%D8%B3-quickbooks
403 Forbidden,Non trouvé,Non trouvé,Non trouvé,Aucun avis,Inconnu,Inconnu,Aucun tag,https://khamsat.com/business/file-conversion/3711580-%D8%AA%D8%AD%D9%88%D9%8A%D9%84-%D9%85%D9%84%D9%81%D8%A7%D8%AA-pdf-%D8%A5%D9%84%D9%89-word-%D8%A8%D8%AC%D9%88%D8%AF%D8%A9-%D8%B9%D8%A7%D9%84%D9%8A%D8%A9-%D9%88%D8%A8%D8%AF%D9%88%D9%86-%D8%A3%D8%AE%D8%B7%D8%A7%D8%A1
403 Forbidden,Non trouvé,Non trouvé,Non trouvé,Aucun avis,Inconnu,Inconnu,Aucun tag,https://khamsat.com/business/organizational-development/2344593-%D8%AA%D8%B5%D9%85%D9%8A%D9%85-%D8%A7%D9%84%D9%87%D9%8A%D9%83%D9%84-%D8%A7%D9%84%D8%AA%D9%86%D8%B8%D9%8A%D9%85%D9%8A-%D9%88%D8%A8%D8%B7%D8%A7%D9%82%D8%A9-%D9%88%D8%B5%D9%81-%D9%88%D8%B8%D9%8A%D9%81%D9%8A-%D8%A8%D8%A3%D8%B3%D9%84%D9%88%D8%A8-%D8%A7%D8%AD%D8%AA%D8%B1%D8%A7%D9%81%D9%8A
403 Forbidden,Non trouvé,Non trouvé,Non trouvé,Aucun avis,Inconnu,Inconnu,Aucun tag,https://khamsat.com/business/financial-analysis/3863586-%D8%A7%D9%84%D8%AA%D9%82%D9%8A%D9%8A%D9%85-%D8%A7%D9%84%D8%B9%D8%A7%D8%AF%D9%84-%D9%84%D8%A7%D8%B3%D9%87%D9%85-%D8%A7%D9%84%D8%A8%D9%88%D8%B1%D8%B5%D8%A9-%D8%A7%D9%84%D9%85%D8%B5%D8%B1%D9%8A%D8%A9
403 Forbidden,Non trouvé,Non trouvé,Non trouvé,Aucun avis,Inconnu,Inconnu,Aucun tag,https://khamsat.com/business/accounting-bookkeeping/2702456-%D8%A3%D8%B9%D9%85%D8%A7%D9%84-%D9%85%D8%AD%D8%A7%D8%B3%D8%A8%D9%8A%D8%A9-%D9%88%D8%A5%D8%AF%D8%AE%D8%A7%D9%84-%D9%82%D9%8A%D9%88%D8%AF-%D8%B9%D9%84%D9%89-%D8%A8%D8%B1%D9%86%D8%A7%D9%85%D8%AC-%D8%A7%D9%84%D8%A3%D9%85%D9%8A%D9%86
403 Forbidden,Non trouvé,Non trouvé,Non trouvé,Aucun avis,Inconnu,Inconnu,Aucun tag,https://khamsat.com/business/file-conversion/3083920-%D8%AA%D8%AD%D9%88%D9%8A%D9%84-%D8%A7%D9%8A-pdf-%D8%A7%D9%84%D9%8A-word-%D9%81%D9%8A-%D8%A7%D9%82%D9%84-%D9%88%D9%82%D8%AA-%D9%88%D8%A7%D8%B9%D9%84%D9%8A-%D8%AC%D9%88%D8%AF%D9%87
403 Forbidden,Non trouvé,Non trouvé,Non trouvé,Aucun avis,Inconnu,Inconnu,Aucun tag,https://khamsat.com/business/human-resources-consulting/3194308-%D8%AF%D8%B1%D8%A7%D8%B3%D8%A9-%D8%B4%D8%A7%D9%85%D9%84%D8%A9-%D9%84%D9%84%D9%82%D9%88%D9%89-%D8%A7%D9%84%D8%B9%D8%A7%D9%85%D9%84%D8%A9-%D8%A7%D9%84%D9%85%D9%88%D8%A7%D8%B1%D8%AF-%D8%A7%D9%84%D8%A8%D8%B4%D8%B1%D9%8A%D8%A9-%D9%84%D9%84%D8%B4%D8%B1%D9%83%D8%A7%D8%AA
403 Forbidden,Non trouvé,Non trouvé,Non trouvé,Aucun avis,Inconnu,Inconnu,Aucun tag,https://khamsat.com/business/financial-analysis/3677464-%D8%AA%D9%86%D8%B8%D9%8A%D9%81-%D9%88%D8%AA%D8%AD%D9%84%D9%8A%D9%84-%D8%A7%D9%84%D8%A8%D9%8A%D8%A7%D9%86%D8%A7%D8%AA-%D9%88%D8%A5%D9%86%D8%B4%D8%A7%D8%A1-%D8%AA%D9%82%D8%A7%D8%B1%D9%8A%D8%B1-%D8%AA%D9%81%D8%A7%D8%B9%D9%84%D9%8A%D8%A9-%D8%B9%D8%A8%D8%B1-excel-%D9%88power
403 Forbidden,Non trouvé,Non trouvé,Non trouvé,Aucun avis,Inconnu,Inconnu,Aucun tag,https://khamsat.com/business/accounting-bookkeeping/3734971-%D8%A5%D8%AF%D8%AE%D8%A7%D9%84-%D9%81%D9%88%D8%A7%D8%AA%D9%8A%D8%B1-%D9%81%D9%8A-%D9%86%D8%B8%D8%A7%D9%85-%D8%A3%D9%88%D8%AF%D9%88%D9%88-%D9%85%D9%88%D8%AF%D9%8A%D9%88%D9%84-%D8%A7%D9%84%D8%AD%D8%B3%D8%A7%D8%A8%D8%A7%D8%AA
403 Forbidden,Non trouvé,Non trouvé,Non trouvé,Aucun avis,Inconnu,Inconnu,Aucun tag,https://khamsat.com/business/file-conversion/3044808-%D8%AA%D8%AD%D9%88%D9%8A%D9%84-%D9%85%D9%84%D9%81%D8%A7%D8%AA-%D8%A8%D8%A7%D9%84%D9%84%D8%BA%D8%A9-%D8%A7%D9%84%D8%B9%D8%B1%D8%A8%D9%8A%D8%A9-%D9%85%D9%86-%D8%B5%D9%8A%D8%BA%D8%A9-%D8%A7%D9%84-pdf-%D8%A5%D9%84%D9%89-%D8%B5%D9%8A%D8%BA%D9%87-%D8%A7%D9%84%D9%88%D9%88%D8%B1%D8%AF
403 Forbidden,Non trouvé,Non trouvé,Non trouvé,Aucun avis,Inconnu,Inconnu,Aucun tag,https://khamsat.com/business/performance-management/2396391-%D8%AA%D9%82%D9%8A%D9%8A%D9%85-%D8%A7%D9%84%D8%A7%D8%AF%D8%A7%D8%A1-%D8%A7%D9%84%D9%88%D8%B8%D9%8A%D9%81%D9%8A-360-%D8%AF%D8%B1%D8%AC%D8%A9
403 Forbidden,Non trouvé,Non trouvé,Non trouvé,Aucun avis,Inconnu,Inconnu,Aucun tag,https://khamsat.com/business/financial-analysis/2131951-%D9%86%D9%85%D9%88%D8%B0%D8%AC-%D8%A3%D9%83%D8%B3%D9%84-%D8%AC%D8%A7%D9%87%D8%B2-%D9%85%D8%A8%D8%B1%D9%85%D8%AC-%D8%B9%D9%86-%D8%A7%D9%84%D8%AA%D8%AD%D9%84%D9%8A%D9%84-%D8%A7%D9%84%D9%85%D8%A7%D9%84%D9%8A-%D9%88%D8%AA%D8%AD%D9%84%D9%8A%D9%84-%D8%A7%D9%84%D9%86%D8%B3%D8%A8-%D8%A7%D9%84%D9%85%D8%A7%D9%84%D9%8A%D8%A9
403 Forbidden,Non trouvé,Non trouvé,Non trouvé,Aucun avis,Inconnu,Inconnu,Aucun tag,https://khamsat.com/business/accounting-bookkeeping/3319092-%D8%A5%D8%AF%D8%A7%D8%B1%D8%A9-%D8%AD%D8%B3%D8%A7%D8%A8%D8%A7%D8%AA%D9%83-%D8%A8%D8%A7%D8%AD%D8%AA%D8%B1%D8%A7%D9%81-%D8%B9%D9%84%D9%89-%D8%A8%D8%B1%D9%86%D8%A7%D9%85%D8%AC-vom-%D9%88%D9%85-%D8%A7%D9%84%D9%85%D8%AD%D8%A7%D8%B3%D8%A8%D9%8A-%D8%A7%D9%84%D8%B3%D8%AD%D8%A7%D8%A8%D9%8A
403 Forbidden,Non trouvé,Non trouvé,Non trouvé,Aucun avis,Inconnu,Inconnu,Aucun tag,https://khamsat.com/business/file-conversion/3188856-%D8%AA%D8%AD%D9%88%D9%8A%D9%84-%D9%85%D9%84%D9%81%D9%83-pdf-%D8%A5%D9%84%D9%89-%D8%B9%D9%85%D9%84-%D9%85%D8%AA%D9%82%D9%86-%D8%B9%D9%84%D9%89-word
403 Forbidden,Non trouvé,Non trouvé,Non trouvé,Aucun avis,Inconnu,Inconnu,Aucun tag,https://khamsat.com/business/salary/3561100-%D9%85%D9%84%D9%81-excel-%D9%84%D8%AD%D8%B3%D8%A7%D8%A8-%D8%A7%D9%84%D8%B1%D9%88%D8%A7%D8%AA%D8%A8-%D9%88%D8%A7%D9%84%D8%AA%D8%A3%D9%85%D9%8A%D9%86%D8%A7%D8%AA-%D8%AA%D9%84%D9%82%D8%A7%D8%A6%D9%8A%D8%A7-%D8%A8%D8%A7%D8%AD%D8%AA%D8%B1%D8%A7%D9%81-%D9%88-%D8%A8%D8%AF%D9%82%D8%A9
403 Forbidden,Non trouvé,Non trouvé,Non trouvé,Aucun avis,Inconnu,Inconnu,Aucun tag,https://khamsat.com/business/financial-analysis/1965976-%D8%A7%D9%84%D8%AA%D8%AD%D9%84%D9%8A%D9%84-%D8%A7%D9%84%D9%85%D8%A7%D9%84%D9%8A-%D9%84%D9%84%D9%82%D9%88%D8%A7%D8%A6%D9%85-%D8%A7%D9%84%D9%85%D8%A7%D9%84%D9%8A%D8%A9-financial-statement-analysis
403 Forbidden,Non trouvé,Non trouvé,Non trouvé,Aucun avis,Inconnu,Inconnu,Aucun tag,https://khamsat.com/business/accounting-bookkeeping/3363523-%D8%A5%D8%AF%D8%A7%D8%B1%D8%A9-%D8%AD%D8%B3%D8%A7%D8%A8%D8%A7%D8%AA-%D9%85%D9%86%D8%B4%D8%A3%D8%AA%D9%83-%D8%B9%D9%86-%D8%A8%D8%B9%D8%AF-%D8%B9%D9%84%D9%89-%D8%A8%D8%B1%D9%86%D8%A7%D9%85%D8%AC-%D9%85%D8%A7%D9%86%D8%AC%D8%B1-%D8%A7%D9%84%D9%85%D8%AD%D8%A7%D8%B3%D8%A8%D9%8A
403 Forbidden,Non trouvé,Non trouvé,Non trouvé,Aucun avis,Inconnu,Inconnu,Aucun tag,https://khamsat.com/business/file-conversion/2379234-%D8%AA%D8%AD%D9%88%D9%8A%D9%84-%D9%85%D9%84%D9%81-%D9%85%D9%86-%D8%B5%D9%8A%D8%BA%D8%A9-%D9%88%D9%88%D8%B1%D8%AF-%D8%A5%D9%84%D9%89-%D8%B5%D9%8A%D8%BA%D8%A9-pdf
403 Forbidden,Non trouvé,Non trouvé,Non trouvé,Aucun avis,Inconnu,Inconnu,Aucun tag,https://khamsat.com/business/recruiting/2672150-%D9%83%D8%AA%D8%A7%D8%A8%D8%A9-%D8%A8%D8%B7%D8%A7%D9%82%D8%A9-%D8%A7%D9%84%D9%88%D8%B5%D9%81-%D8%A7%D9%84%D9%88%D8%B8%D9%8A%D9%81%D9%8A-job-description
403 Forbidden,Non trouvé,Non trouvé,Non trouvé,Aucun avis,Inconnu,Inconnu,Aucun tag,https://khamsat.com/business/financial-analysis/3843634-%D8%AA%D8%AD%D9%84%D9%8A%D9%84-%D8%A7%D9%84%D8%A8%D9%8A%D8%A7%D9%86%D8%A7%D8%AA-%D9%88%D8%A5%D9%86%D8%B4%D8%A7%D8%A1-%D9%84%D9%88%D8%AD%D8%A7%D8%AA-%D8%AA%D8%AD%D9%83%D9%85-%D8%AA%D9%81%D8%A7%D8%B9%D9%84%D9%8A%D8%A9-%D8%A8%D8%A7%D8%B3%D8%AA%D8%AE%D8%AF%D8%A7%D9%85powerbi
403 Forbidden,Non trouvé,Non trouvé,Non trouvé,Aucun avis,Inconnu,Inconnu,Aucun tag,https://khamsat.com/business/financial-consulting/2793893-%D8%A7%D8%B3%D8%AA%D8%B4%D8%A7%D8%B1%D8%A7%D8%AA-%D9%85%D8%A7%D9%84%D9%8A%D8%A9-%D9%88%D9%85%D8%AD%D8%A7%D8%B3%D8%A8%D9%8A%D8%A9
403 Forbidden,Non trouvé,Non trouvé,Non trouvé,Aucun avis,Inconnu,Inconnu,Aucun tag,https://khamsat.com/business/file-conversion/3421157-%D8%AA%D8%AD%D9%88%D9%8A%D9%84-%D9%85%D9%84%D9%81%D8%A7%D8%AA-pdf-%D8%A7%D9%84%D9%8A-%D9%85%D9%84%D9%81-word-%D9%88%D8%A7%D9%84%D8%B9%D9%83%D8%B3
403 Forbidden,Non trouvé,Non trouvé,Non trouvé,Aucun avis,Inconnu,Inconnu,Aucun tag,https://khamsat.com/business/recruiting/3715878-%D8%A7%D9%82%D8%AF%D9%85-%D9%84%D9%83-%D8%B4%D9%8A%D8%AA-%D8%A7%D9%83%D8%B3%D9%8A%D9%84-%D9%85%D8%AA%D9%83%D8%A7%D9%85%D9%84-%D9%84%D9%85%D8%AA%D8%A7%D8%A8%D8%B9%D8%A9-%D8%A7%D9%84%D8%AD%D8%B6%D9%88%D8%B1-%D9%88%D8%A7%D9%84%D8%BA%D9%8A%D8%A7%D8%A8-%D9%84%D9%84%D9%85%D9%88%D8%B8%D9%81%D9%8A%D9%86
403 Forbidden,Non trouvé,Non trouvé,Non trouvé,Aucun avis,Inconnu,Inconnu,Aucun tag,https://khamsat.com/business/financial-analysis/3845543-%D8%AA%D8%AD%D9%84%D9%8A%D9%84-%D9%81%D9%86%D9%8A-%D9%88%D8%A7%D8%B3%D8%AA%D8%AB%D9%85%D8%A7%D8%B1%D9%8A-%D8%AF%D9%82%D9%8A%D9%82-%D9%84%D8%A3%D9%8A-%D8%B2%D9%88%D8%AC%D8%B9%D9%85%D9%84%D8%A9-%D8%A7%D8%B3%D8%AA%D8%B1%D8%A7%D8%AA%D9%8A%D8%AC%D9%8A%D8%A9-smc
403 Forbidden,Non trouvé,Non trouvé,Non trouvé,Aucun avis,Inconnu,Inconnu,Aucun tag,https://khamsat.com/business/accounting-bookkeeping/3125011-%D9%86%D8%B8%D8%A7%D9%85-%D9%85%D8%AD%D8%A7%D8%B3%D8%A8%D9%8A-%D9%84%D8%B4%D8%B1%D9%83%D8%A9-%D9%85%D9%82%D8%A7%D9%88%D9%84%D8%A7%D8%AA
403 Forbidden,Non trouvé,Non trouvé,Non trouvé,Aucun avis,Inconnu,Inconnu,Aucun tag,https://khamsat.com/business/file-conversion/3510662-%D8%AA%D8%AD%D9%88%D9%8A%D9%84-%D9%85%D9%84%D9%81-word-%D8%A7%D9%84%D9%89-pdf-%D8%A8%D8%B3%D8%B1%D8%B9%D8%A9-%D9%88%D8%AF%D9%82%D9%87-%D8%B9%D8%A7%D9%84%D9%8A%D8%AA%D8%A7%D9%86
403 Forbidden,Non trouvé,Non trouvé,Non trouvé,Aucun avis,Inconnu,Inconnu,Aucun tag,https://khamsat.com/business/organizational-development/2361690-%D8%A8%D9%86%D8%A7%D8%A1-%D9%86%D8%B8%D8%A7%D9%85-%D8%A7%D8%AF%D8%A7%D8%B1%D9%89-%D9%85%D8%AA%D9%83%D8%A7%D9%85%D9%84-%D9%84%D8%A5%D8%AF%D8%A7%D8%B1%D8%A9-%D8%A7%D9%84%D9%85%D9%88%D8%A7%D8%B1%D8%AF-%D8%A7%D9%84%D8%A8%D8%B4%D8%B1%D9%8A%D8%A9
403 Forbidden,Non trouvé,Non trouvé,Non trouvé,Aucun avis,Inconnu,Inconnu,Aucun tag,https://khamsat.com/business/financial-analysis/2442584-%D8%A5%D8%B9%D8%AF%D8%A7%D8%AF-%D8%A7%D9%84%D8%AA%D8%AD%D9%84%D9%8A%D9%84-%D8%A7%D9%84%D9%85%D8%A7%D9%84%D9%8A-%D9%88%D8%A7%D9%84%D8%AF%D9%88%D8%B1%D8%A7%D8%AA-%D8%A7%D9%84%D9%85%D8%AD%D8%A7%D8%B3%D8%A8%D9%8A%D8%A9-%D8%A8%D9%88%D8%A7%D8%B3%D8%B7%D8%A9-%D8%A8%D8%B1%D9%86%D8%A7%D9%85%D8%AC-excel
403 Forbidden,Non trouvé,Non trouvé,Non trouvé,Aucun avis,Inconnu,Inconnu,Aucun tag,https://khamsat.com/business/accounting-bookkeeping/3025712-%D9%85%D8%AD%D8%A7%D8%B3%D8%A8-%D9%85%D8%A7%D9%84%D9%8A-%D8%AA%D8%B3%D8%AC%D9%8A%D9%84-%D8%AC%D9%85%D9%8A%D8%B9-%D8%A7%D9%84%D8%B9%D9%85%D9%84%D9%8A%D8%A7%D8%AA-%D8%A7%D9%84%D9%85%D8%AD%D8%A7%D8%B3%D8%A8%D9%8A%D8%A9
403 Forbidden,Non trouvé,Non trouvé,Non trouvé,Aucun avis,Inconnu,Inconnu,Aucun tag,https://khamsat.com/business/file-conversion/3418142-%D8%AA%D8%AD%D9%88%D9%8A%D9%84-%D9%85%D9%84%D9%81%D8%A7%D8%AA-word-%D8%A3%D9%88-%D9%85%D9%84%D9%81%D8%A7%D8%AA-pdf-%D9%88%D8%A7%D9%84%D8%B9%D9%83%D8%B3
403 Forbidden,Non trouvé,Non trouvé,Non trouvé,Aucun avis,Inconnu,Inconnu,Aucun tag,https://khamsat.com/business/human-resources-consulting/2894039-%D8%AE%D8%AF%D9%85%D8%A7%D8%AA-%D9%81%D9%8A-%D8%A5%D8%AF%D8%A7%D8%B1%D8%A9-%D9%85%D9%88%D8%A7%D8%B1%D8%AF-%D8%A8%D8%B4%D8%B1%D9%8A%D8%A9
403 Forbidden,Non trouvé,Non trouvé,Non trouvé,Aucun avis,Inconnu,Inconnu,Aucun tag,https://khamsat.com/business/financial-analysis/3556774-%D8%AA%D8%AD%D9%84%D9%8A%D9%84-%D9%85%D8%A7%D9%84%D9%8A-%D8%A7%D8%AD%D8%AA%D8%B1%D8%A7%D9%81%D9%8A-%D8%A8%D8%A7%D8%B3%D8%AA%D8%AE%D8%AF%D8%A7%D9%85-excel-%D9%85%D8%B9-%D8%AA%D8%B5%D9%85%D9%8A%D9%85-dashboard-%D8%AC%D8%B0%D8%A7%D8%A8
403 Forbidden,Non trouvé,Non trouvé,Non trouvé,Aucun avis,Inconnu,Inconnu,Aucun tag,https://khamsat.com/business/accounting-bookkeeping/3724354-%D8%A5%D8%B9%D8%AF%D8%A7%D8%AF-%D8%A7%D9%84%D8%AF%D9%81%D8%A7%D8%AA%D8%B1-%D8%A7%D9%84%D9%85%D8%AD%D8%A7%D8%B3%D8%A8%D9%8A%D8%A9-%D9%88%D8%A5%D8%AE%D8%B1%D8%A7%D8%AC-%D8%AA%D9%82%D8%A7%D8%B1%D9%8A%D8%B1-%D9%85%D8%A7%D9%84%D9%8A%D8%A9-%D8%A7%D8%AD%D8%AA%D8%B1%D8%A7%D9%81%D9%8A%D8%A9-%D9%84%D8%B4%D8%B1%D9%83%D8%AA%D9%83
403 Forbidden,Non trouvé,Non trouvé,Non trouvé,Aucun avis,Inconnu,Inconnu,Aucun tag,https://khamsat.com/business/file-conversion/2539583-%D9%83%D8%AA%D8%A7%D8%A8%D8%A9-%D9%86%D8%B5%D9%88%D8%B5-%D8%A8%D8%B5%D9%8A%D8%BA%D8%A9-word-%D9%88%D8%AA%D8%AD%D9%88%D9%8A%D9%84%D9%87%D8%A7-%D8%A5%D9%84%D9%89-pdf
403 Forbidden,Non trouvé,Non trouvé,Non trouvé,Aucun avis,Inconnu,Inconnu,Aucun tag,https://khamsat.com/business/salary/3161807-%D8%A8%D8%B1%D9%86%D8%A7%D9%85%D8%AC-excel-%D9%84%D8%A5%D8%AF%D8%A7%D8%B1%D8%A9-%D8%B3%D8%A7%D8%B9%D8%A7%D8%AA-%D8%A7%D9%84%D8%B9%D9%85%D9%84-%D9%88%D8%A7%D9%84%D9%85%D8%B3%D8%AA%D8%AD%D9%82%D8%A7%D8%AA
403 Forbidden,Non trouvé,Non trouvé,Non trouvé,Aucun avis,Inconnu,Inconnu,Aucun tag,https://khamsat.com/business/financial-analysis/3432529-%D8%A5%D8%B9%D8%AF%D8%A7%D8%AF-%D8%AA%D9%82%D8%A7%D8%B1%D9%8A%D8%B1-%D9%85%D8%AA%D9%82%D8%AF%D9%85%D8%A9-%D9%84%D9%85%D8%A8%D9%8A%D8%B9%D8%A7%D8%AA%D9%83-%D9%81%D9%8A-%D8%AA%D8%A7%D8%A8%D9%8A-%D9%88%D8%AA%D9%85%D8%A7%D8%B1%D8%A7
403 Forbidden,Non trouvé,Non trouvé,Non trouvé,Aucun avis,Inconnu,Inconnu,Aucun tag,https://khamsat.com/business/accounting-bookkeeping/3918405-%D9%85%D8%AD%D8%A7%D8%B3%D8%A8-%D9%85%D8%A7%D9%84%D9%8A-%D8%B9%D9%84%D9%89-%D8%A8%D8%B1%D9%86%D8%A7%D9%85%D8%AC-%D8%A7%D9%83%D8%B3%D9%84-%D9%88%D8%A7%D8%B9%D8%AF%D8%A7%D8%AF-%D8%A7%D9%84%D9%82%D9%8A%D9%88%D8%AF-%D8%A7%D9%84%D9%8A%D9%88%D9%85%D9%8A%D8%A9
403 Forbidden,Non trouvé,Non trouvé,Non trouvé,Aucun avis,Inconnu,Inconnu,Aucun tag,https://khamsat.com/business/file-conversion/3675158-%D8%AA%D8%AD%D9%88%D9%8A%D9%84-%D8%A8%D9%8A%D9%86-%D8%A7%D9%84%D9%85%D9%84%D9%81%D8%A7%D8%AA-%D9%8A%D8%AF%D9%88%D9%8A%D8%A7-%D8%A8%D8%AF%D9%88%D9%86-%D8%A3%D8%AE%D8%B7%D8%A7%D8%A1
403 Forbidden,Non trouvé,Non trouvé,Non trouvé,Aucun avis,Inconnu,Inconnu,Aucun tag,https://khamsat.com/business/performance-management/3369628-%D9%82%D8%A7%D9%84%D8%A8-%D9%85%D9%82%D8%A7%D9%8A%D9%8A%D8%B3-%D8%A7%D9%84%D9%85%D9%88%D8%A7%D8%B1%D8%AF-%D8%A7%D9%84%D8%A8%D8%B4%D8%B1%D9%8A%D8%A9-%D8%B9%D9%84%D9%89-%D8%A7%D9%84%D8%A7%D9%83%D8%B3%D9%8A%D9%84
403 Forbidden,Non trouvé,Non trouvé,Non trouvé,Aucun avis,Inconnu,Inconnu,Aucun tag,https://khamsat.com/business/financial-analysis/2919192-%D8%AD%D8%B3%D8%A7%D8%A8%D8%A7%D8%AA%D9%83-%D9%81%D9%89-%D8%A7%D9%85%D8%A7%D9%86-%D8%A7%D8%B3%D8%AA%D8%B4%D8%A7%D8%B1%D9%8A-%D9%88-%D9%85%D8%AD%D9%84%D9%84-%D8%A7%D9%84%D9%85%D8%A7%D9%84%D9%8A-%D9%85%D9%86-%D8%A7%D9%84%D9%82%D9%8A%D9%88%D8%AF-%D9%84%D9%84%D9%85%D9%8A%D8%B2%D8%A7%D9%86%D9%8A%D8%A9
403 Forbidden,Non trouvé,Non trouvé,Non trouvé,Aucun avis,Inconnu,Inconnu,Aucun tag,https://khamsat.com/business/accounting-bookkeeping/3615625-%D9%85%D8%AD%D8%A7%D8%B3%D8%A8%D8%A9-%D8%A7%D9%84%D9%82%D9%88%D8%A7%D8%A6%D9%85-%D8%A7%D9%84%D9%85%D8%A7%D9%84%D9%8A%D8%A9-%D9%88%D8%A7%D9%84%D8%AA%D9%82%D8%A7%D8%B1%D9%8A%D8%B1-%D9%85%D8%AD%D8%A7%D8%B3%D8%A8-%D8%B9%D9%86-%D8%A8%D8%B9%D8%AF-%D9%84%D8%AA%D9%86%D8%B8%D9%8A%D9%85-%D8%A7%D8%B9%D9%85%D8%A7%D9%84%D9%83
403 Forbidden,Non trouvé,Non trouvé,Non trouvé,Aucun avis,Inconnu,Inconnu,Aucun tag,https://khamsat.com/business/file-conversion/2086861-%D8%AA%D9%86%D8%B3%D9%8A%D9%82-pdf-%D9%88%D8%AA%D8%AD%D9%88%D9%8A%D9%84-%D8%A5%D9%84%D9%89-word-%D8%A7%D9%88-%D8%A7%D9%84%D8%B9%D9%83%D8%B3-%D9%88%D8%B9%D9%85%D9%84-%D8%AA%D9%81%D8%B1%D9%8A%D8%BA%D8%A7%D8%AA-%D9%84%D8%B5%D9%88%D8%B1
403 Forbidden,Non trouvé,Non trouvé,Non trouvé,Aucun avis,Inconnu,Inconnu,Aucun tag,https://khamsat.com/business/organizational-development/1220112-%D8%A3%D8%B9%D8%AF-%D9%84%D9%83-%D9%84%D8%A7%D8%A6%D8%AD%D8%A9-%D8%B9%D9%85%D9%84-%D9%85%D8%AC%D9%84%D8%B3-%D8%A7%D9%84%D8%A5%D8%AF%D8%A7%D8%B1%D8%A9
403 Forbidden,Non trouvé,Non trouvé,Non trouvé,Aucun avis,Inconnu,Inconnu,Aucun tag,https://khamsat.com/business/financial-analysis/3469842-%D8%AA%D8%AD%D9%84%D9%8A%D9%84-%D9%85%D8%A7%D9%84%D9%8A-%D8%A7%D8%AD%D8%AA%D8%B1%D8%A7%D9%81%D9%8A-%D9%8A%D9%86%D9%82%D8%B0%D9%83-%D9%85%D9%86-%D8%B6%D8%A8%D8%A7%D8%A8-%D8%A7%D9%84%D8%A3%D8%B1%D9%82%D8%A7%D9%85-%D8%A5%D9%84%D9%89-%D8%A7%D9%84%D9%88%D8%B6%D9%88%D8%AD
403 Forbidden,Non trouvé,Non trouvé,Non trouvé,Aucun avis,Inconnu,Inconnu,Aucun tag,https://khamsat.com/business/financial-consulting/2046727-%D8%A7%D8%B3%D8%AA%D8%B4%D8%A7%D8%B1%D8%A9-%D9%85%D8%A7%D9%84%D9%8A%D8%A9-%D9%84%D9%84%D8%A3%D9%81%D8%B1%D8%A7%D8%AF
403 Forbidden,Non trouvé,Non trouvé,Non trouvé,Aucun avis,Inconnu,Inconnu,Aucun tag,https://khamsat.com/business/file-conversion/1347037-%D8%AA%D8%AD%D9%88%D9%8A%D9%84-word-%D8%A7%D9%84%D9%89-%D9%85%D9%84%D9%81-pdf
403 Forbidden,Non trouvé,Non trouvé,Non trouvé,Aucun avis,Inconnu,Inconnu,Aucun tag,https://khamsat.com/business/human-resources-consulting/3413922-%D8%A7%D8%B3%D8%AA%D8%B4%D8%A7%D8%B1%D8%A9-%D8%A7%D8%B9%D8%AF%D8%A7%D8%AF-%D9%85%D9%88%D8%A7%D8%B2%D9%86%D8%A9-%D8%A7%D9%84%D9%85%D9%88%D8%A7%D8%B1%D8%AF-%D8%A7%D9%84%D8%A8%D8%B4%D8%B1%D9%8A%D8%A9
403 Forbidden,Non trouvé,Non trouvé,Non trouvé,Aucun avis,Inconnu,Inconnu,Aucun tag,https://khamsat.com/business/financial-analysis/2369190-%D8%AA%D8%AD%D9%84%D9%8A%D9%84-%D9%83%D8%B4%D9%81-%D8%AD%D8%B3%D8%A7%D8%A8-%D8%A8%D9%86%D9%83%D9%8A-%D9%88%D8%AA%D8%AD%D8%AF%D9%8A%D8%AF-%D8%A7%D9%84%D8%A8%D9%86%D9%88%D8%AF-%D8%A7%D9%84%D8%A7%D9%83%D8%AB%D8%B1-%D9%87%D8%AF%D8%B1%D8%A7-%D9%85%D8%B9-%D8%AA%D9%88%D8%B5%D9%8A%D8%A7%D8%AA
403 Forbidden,Non trouvé,Non trouvé,Non trouvé,Aucun avis,Inconnu,Inconnu,Aucun tag,https://khamsat.com/business/accounting-bookkeeping/3827905-%D8%A7%D8%B9%D8%AF%D8%A7%D8%AF-%D8%A7%D9%84%D9%82%D9%88%D8%A7%D8%A6%D9%85-%D8%A7%D9%84%D9%85%D8%A7%D9%84%D9%8A%D8%A9-%D8%A8%D8%B4%D9%83%D9%84-%D8%A7%D8%AD%D8%AA%D8%B1%D8%A7%D9%81%D9%8A
403 Forbidden,Non trouvé,Non trouvé,Non trouvé,Aucun avis,Inconnu,Inconnu,Aucun tag,https://khamsat.com/business/file-conversion/3785662-%D8%AA%D8%AD%D9%88%D9%8A%D9%84-%D9%85%D9%84%D9%81%D8%A7%D8%AA-pdf-%D8%A5%D9%84%D9%89-word-%D8%A3%D9%88-excel-%D8%A3%D9%88-powerpoint
403 Forbidden,Non trouvé,Non trouvé,Non trouvé,Aucun avis,Inconnu,Inconnu,Aucun tag,https://khamsat.com/business/recruiting/1948726-%D8%AF%D9%84%D9%8A%D9%84%D9%83-%D8%A8%D8%A7%D9%84%D8%AA%D9%88%D8%B8%D9%8A%D9%81-%D9%8A%D8%B9%D8%AA%D8%A8%D8%B1-%D9%85%D8%B1%D8%B4%D8%AF-%D9%84%D9%88%D8%B6%D8%B9-%D9%88%D8%AA%D9%86%D9%81%D9%8A%D8%B0-%D8%AE%D8%B7%D8%A9-%D8%A7%D9%84%D8%AA%D9%88%D8%B8%D9%8A%D9%81-%D8%AE%D8%B7%D9%88%D8%A9-%D8%A8%D8%AE%D8%B7%D9%88%D8%A9
403 Forbidden,Non trouvé,Non trouvé,Non trouvé,Aucun avis,Inconnu,Inconnu,Aucun tag,https://khamsat.com/business/financial-analysis/3609022-%D8%AA%D8%B5%D9%85%D9%8A%D9%85-%D9%85%D9%84%D9%81-excel-%D8%B0%D9%83%D9%8A-%D9%84%D8%AA%D8%AA%D8%A8%D8%B9-%D8%A7%D9%84%D9%85%D8%B5%D8%B1%D9%88%D9%81%D8%A7%D8%AA-%D9%88%D8%A7%D9%84%D8%A7%D8%AF%D8%AE%D8%A7%D8%B1
403 Forbidden,Non trouvé,Non trouvé,Non trouvé,Aucun avis,Inconnu,Inconnu,Aucun tag,https://khamsat.com/business/accounting-bookkeeping/3912403-%D8%AA%D9%86%D8%B8%D9%8A%D9%85-%D9%85%D8%B9%D8%A7%D9%85%D9%84%D8%A7%D8%AA%D9%83-%D8%A7%D9%84%D9%85%D8%A7%D9%84%D9%8A%D8%A9-%D8%A8%D8%AF%D9%88%D8%B1%D8%A9-%D9%85%D8%AD%D8%A7%D8%B3%D8%A8%D9%8A%D8%A9-%D9%83%D8%A7%D9%85%D9%84%D8%A9-%D8%B9%D8%A8%D8%B1-%D8%A7%D9%84%D8%A7%D9%83%D8%B3%D9%8A%D9%84
403 Forbidden,Non trouvé,Non trouvé,Non trouvé,Aucun avis,Inconnu,Inconnu,Aucun tag,https://khamsat.com/business/file-conversion/2846846-%D8%AA%D8%AD%D9%88%D9%8A%D9%84-%D9%85%D9%84%D9%81%D8%A7%D8%AA-pdf-%D8%A5%D9%84%D9%8A-%D9%85%D9%84%D9%81%D8%A7%D8%AA-word
403 Forbidden,Non trouvé,Non trouvé,Non trouvé,Aucun avis,Inconnu,Inconnu,Aucun tag,https://khamsat.com/business/human-resources-consulting/3411236-%D8%A7%D8%B3%D8%AA%D8%B4%D8%A7%D8%B1%D8%A7%D8%AA-%D9%85%D8%AA%D8%AE%D8%B5%D8%B5%D8%A9-%D9%81%D9%8A-%D8%A8%D9%86%D8%A7%D8%A1-%D9%88%D8%AA%D8%B7%D9%88%D9%8A%D8%B1-%D8%A5%D8%AF%D8%A7%D8%B1%D8%A9-%D8%A7%D9%84%D9%85%D9%88%D8%A7%D8%B1%D8%AF-%D8%A7%D9%84%D8%A8%D8%B4%D8%B1%D9%8A%D8%A9
403 Forbidden,Non trouvé,Non trouvé,Non trouvé,Aucun avis,Inconnu,Inconnu,Aucun tag,https://khamsat.com/business/financial-analysis/2890425-%D8%B9%D9%85%D9%84-%D8%AE%D8%B7%D8%A9-%D9%85%D8%A7%D9%84%D9%8A%D9%87-%D8%AA%D9%81%D8%B5%D9%8A%D9%84%D9%8A%D9%87-detailed-financial-plan
403 Forbidden,Non trouvé,Non trouvé,Non trouvé,Aucun avis,Inconnu,Inconnu,Aucun tag,https://khamsat.com/business/accounting-bookkeeping/2521600-%D8%AE%D8%AF%D9%85%D8%A7%D8%AA-%D9%85%D8%AD%D8%A7%D8%B3%D8%A8%D8%A9-%D8%A7%D9%84%D9%85%D8%AE%D8%B2%D9%88%D9%86-%D9%81%D9%8A-%D8%A7%D9%84%D9%85%D9%86%D8%B4%D8%A2%D8%AA-%D8%A7%D9%84%D8%B5%D8%BA%D9%8A%D8%B1%D8%A9-%D9%88-%D8%A7%D9%84%D9%85%D8%AA%D9%88%D8%B3%D8%B7%D8%A9-%D9%88-%D8%A7%D9%84%D9%85%D8%AA%D8%A7%D8%AC%D8%B1
403 Forbidden,Non trouvé,Non trouvé,Non trouvé,Aucun avis,Inconnu,Inconnu,Aucun tag,https://khamsat.com/business/file-conversion/2904090-%D8%AA%D8%AD%D9%88%D9%8A%D9%84-%D8%A7%D9%84%D9%86%D8%B5%D9%88%D8%B5-%D8%A5%D9%84%D9%89-%D9%85%D9%84%D9%81%D8%A7%D8%AA-word
403 Forbidden,Non trouvé,Non trouvé,Non trouvé,Aucun avis,Inconnu,Inconnu,Aucun tag,https://khamsat.com/business/organizational-development/3403752-%D8%AA%D8%B5%D9%85%D9%8A%D9%85-%D8%A7%D9%84%D9%87%D9%8A%D8%A7%D9%83%D9%84-%D8%A7%D9%84%D8%AA%D9%86%D8%B8%D9%8A%D9%85%D9%8A-%D8%A8%D8%A7%D8%AD%D8%AA%D8%B1%D8%A7%D9%81%D9%8A%D8%A9
403 Forbidden,Non trouvé,Non trouvé,Non trouvé,Aucun avis,Inconnu,Inconnu,Aucun tag,https://khamsat.com/business/financial-analysis/3655589-%D8%AA%D8%AD%D9%84%D9%8A%D9%84-%D9%85%D8%A7%D9%84%D9%8A-%D9%84%D9%84%D9%82%D9%88%D8%A7%D8%A6%D9%85-%D8%A7%D9%84%D9%85%D8%A7%D9%84%D9%8A%D8%A9-%D9%88%D8%A7%D9%84%D8%AA%D8%B9%D9%84%D9%8A%D9%82-%D8%B9%D9%84%D9%8A%D9%87%D8%A7-%D9%84%D9%84%D8%AA%D8%B7%D9%88%D9%8A%D8%B1
403 Forbidden,Non trouvé,Non trouvé,Non trouvé,Aucun avis,Inconnu,Inconnu,Aucun tag,https://khamsat.com/business/accounting-bookkeeping/3112884-%D8%AE%D8%AF%D9%85%D8%A7%D8%AA-%D8%A7%D9%84%D9%85%D8%AD%D8%A7%D8%B3%D8%A8%D8%A9-%D9%84%D9%84%D8%B4%D8%B1%D9%83%D8%A7%D8%AA-%D8%A7%D9%84%D8%B5%D8%BA%D9%8A%D8%B1%D8%A9-%D9%88%D8%A7%D9%84%D9%85%D8%AA%D9%88%D8%B3%D8%B7%D8%A9
403 Forbidden,Non trouvé,Non trouvé,Non trouvé,Aucun avis,Inconnu,Inconnu,Aucun tag,https://khamsat.com/business/file-conversion/1733479-%D8%AA%D8%AD%D9%88%D9%8A%D9%84-%D9%85%D9%84%D9%81%D8%A7%D8%AA-%D9%85%D9%86-word-%D8%A7%D9%84%D9%89-pdf-%D9%88%D8%A7%D9%84%D8%B9%D9%83%D8%B3
403 Forbidden,Non trouvé,Non trouvé,Non trouvé,Aucun avis,Inconnu,Inconnu,Aucun tag,https://khamsat.com/business/salary/2980463-%D9%85%D8%AD%D8%A7%D8%B3%D8%A8%D8%A9-%D8%B9%D9%86-%D8%A8%D8%B9%D8%AF-%D9%84%D8%A7%D8%AF%D8%A7%D8%B1%D8%A9-%D8%A7%D9%84%D8%B1%D9%88%D8%A7%D8%AA%D8%A8-%D9%88%D8%A7%D9%84%D8%A7%D8%AC%D9%88%D8%B1
403 Forbidden,Non trouvé,Non trouvé,Non trouvé,Aucun avis,Inconnu,Inconnu,Aucun tag,https://khamsat.com/business/financial-analysis/3888805-%D8%A5%D8%B9%D8%AF%D8%A7%D8%AF-%D9%88%D9%85%D8%B1%D8%A7%D8%AC%D8%B9%D8%A9-%D8%A7%D9%84%D8%AA%D9%82%D8%A7%D8%B1%D9%8A%D8%B1-%D8%A7%D9%84%D9%85%D8%A7%D9%84%D9%8A%D8%A9-%D9%88%D8%A7%D9%84%D9%85%D8%AD%D8%A7%D8%B3%D8%A8%D9%8A%D8%A9-%D8%A8%D8%A7%D8%AD%D8%AA%D8%B1%D8%A7%D9%81-%D8%B9%D9%84%D9%89-excel
403 Forbidden,Non trouvé,Non trouvé,Non trouvé,Aucun avis,Inconnu,Inconnu,Aucun tag,https://khamsat.com/business/accounting-bookkeeping/2816773-%D9%85%D8%AD%D8%A7%D8%B3%D8%A8%D8%A9-%D9%88%D8%A7%D9%85%D8%B3%D8%A7%D9%83-%D8%A7%D9%84%D8%AF%D9%81%D8%A7%D8%AA%D8%B1-%D9%88%D8%A7%D8%B9%D8%AF%D8%A7%D8%AF-%D8%A7%D9%84%D9%82%D9%8A%D9%88%D8%AF-%D8%A7%D9%84%D9%8A%D9%88%D9%85%D9%8A%D8%A9-%D8%A8%D8%A7%D9%84%D8%A7%D9%83%D8%B3%D9%8A%D9%84
403 Forbidden,Non trouvé,Non trouvé,Non trouvé,Aucun avis,Inconnu,Inconnu,Aucun tag,https://khamsat.com/business/file-conversion/3444509-%D8%AA%D8%AD%D9%88%D9%8A%D9%84-%D9%85%D9%84%D9%81%D8%A7%D8%AA-pdf-%D9%88-word-%D9%88-%D8%B5%D9%88%D8%B1-%D8%A8%D9%83%D9%84-%D8%A7%D9%84%D8%B5%D9%8A%D8%BA-%D8%A8%D8%B3%D8%B1%D8%B9%D8%A9-%D9%88%D8%A7%D8%AD%D8%AA%D8%B1%D8%A7%D9%81%D9%8A%D8%A9
403 Forbidden,Non trouvé,Non trouvé,Non trouvé,Aucun avis,Inconnu,Inconnu,Aucun tag,https://khamsat.com/business/human-resources-consulting/3151942-%D8%A7%D8%B9%D8%AF%D8%A7%D8%AF-%D9%88%D8%B5%D9%81-%D9%88%D8%B8%D9%8A%D9%81%D9%8A-job-description
403 Forbidden,Non trouvé,Non trouvé,Non trouvé,Aucun avis,Inconnu,Inconnu,Aucun tag,https://khamsat.com/business/financial-analysis/3037845-%D8%A5%D9%86%D8%B4%D8%A7%D8%A1-%D9%85%D9%84%D9%81-%D8%A7%D9%83%D8%B3%D9%84-%D9%8A%D8%B3%D8%A7%D8%B9%D8%AF%D9%83-%D9%81%D9%8A-%D8%AA%D8%B3%D9%87%D9%8A%D9%84-%D8%A7%D8%B9%D9%85%D8%A7%D9%84%D9%83
403 Forbidden,Non trouvé,Non trouvé,Non trouvé,Aucun avis,Inconnu,Inconnu,Aucun tag,https://khamsat.com/business/accounting-bookkeeping/3910369-%D8%A5%D8%B9%D8%AF%D8%A7%D8%AF-%D8%A7%D9%84%D9%82%D9%8A%D9%88%D8%AF-%D8%A7%D9%84%D9%8A%D9%88%D9%85%D9%8A%D8%A9-%D9%88%D8%A7%D9%84%D9%85%D8%B7%D8%A7%D8%A8%D9%82%D8%A7%D8%AA-%D9%88%D8%A7%D9%84%D8%AA%D9%82%D8%A7%D8%B1%D9%8A%D8%B1-%D8%A7%D9%84%D9%85%D8%A7%D9%84%D9%8A%D8%A9-%D9%84%D8%B4%D8%B1%D9%83%D8%AA%D9%83
403 Forbidden,Non trouvé,Non trouvé,Non trouvé,Aucun avis,Inconnu,Inconnu,Aucun tag,https://khamsat.com/business/file-conversion/1641147-%D8%AA%D8%AD%D9%88%D9%8A%D9%84-%D9%85%D9%84%D9%81%D8%A7%D8%AA-pdf-%D8%A7%D9%84%D9%8A-word
403 Forbidden,Non trouvé,Non trouvé,Non trouvé,Aucun avis,Inconnu,Inconnu,Aucun tag,https://khamsat.com/business/human-resources-consulting/3447870-%D8%B3%D8%A3%D9%82%D9%88%D9%85-%D8%A8%D9%83%D8%AA%D8%A7%D8%A8%D8%A9-%D8%B3%D9%8A%D8%B1%D8%A9-%D8%B0%D8%A7%D8%AA%D9%8A%D8%A9-%D8%A7%D8%AD%D8%AA%D8%B1%D8%A7%D9%81%D9%8A%D8%A9-cv-%D8%AA%D9%88%D8%B5%D9%84%D9%83-%D9%84%D8%A3%D9%81%D8%B6%D9%84-%D8%A7%D9%84%D9%88%D8%B8%D8%A7%D8%A6%D9%81
403 Forbidden,Non trouvé,Non trouvé,Non trouvé,Aucun avis,Inconnu,Inconnu,Aucun tag,https://khamsat.com/business/financial-analysis/3637744-%D8%AA%D9%86%D9%81%D9%8A%D8%B0-%D8%B4%D9%8A%D8%AA%D8%A7%D8%AA-excel-%D8%A7%D8%AD%D8%AA%D8%B1%D8%A7%D9%81%D9%8A%D8%A9-%D9%85%D8%B9-vba-%D9%88%D8%AA%D9%86%D8%B3%D9%8A%D9%82-%D9%85%D9%84%D9%81%D8%A7%D8%AA-word
403 Forbidden,Non trouvé,Non trouvé,Non trouvé,Aucun avis,Inconnu,Inconnu,Aucun tag,https://khamsat.com/business/accounting-bookkeeping/3805668-%D8%A5%D8%B9%D8%AF%D8%A7%D8%AF-%D9%88%D8%B5%D9%8A%D8%A7%D8%BA%D8%A9-%D8%A7%D9%84%D8%AA%D8%B3%D9%88%D9%8A%D8%A9-%D8%A7%D9%84%D8%A8%D9%86%D9%83%D9%8A%D8%A9-%D8%A8%D8%A7%D8%AD%D8%AA%D8%B1%D8%A7%D9%81%D9%8A%D8%A9
403 Forbidden,Non trouvé,Non trouvé,Non trouvé,Aucun avis,Inconnu,Inconnu,Aucun tag,https://khamsat.com/business/file-conversion/2153897-%D9%83%D8%AA%D8%A7%D8%A8%D8%A9-%D9%88%D8%AA%D8%AD%D9%88%D9%8A%D9%84-%D8%A3%D8%B1%D9%82%D8%A7%D9%85-%D8%A7%D9%84%D9%85%D8%AD%D9%85%D9%88%D9%84-%D9%85%D9%86-%D8%A3%D9%83%D8%B3%D9%84-%D8%A5%D9%84%D9%8A-%D8%A7%D9%84%D9%87%D8%A7%D8%AA%D9%81-%D8%A7%D9%84%D9%85%D8%AD%D9%85%D9%88%D9%84
403 Forbidden,Non trouvé,Non trouvé,Non trouvé,Aucun avis,Inconnu,Inconnu,Aucun tag,https://khamsat.com/business/human-resources-consulting/1878372-%D8%AA%D9%82%D8%AF%D9%8A%D9%85-%D8%A7%D9%84%D8%AE%D8%AF%D9%85%D8%A7%D8%AA-%D8%A7%D9%84%D8%A7%D8%B3%D8%AA%D8%B4%D8%A7%D8%B1%D9%8A%D8%A9-%D9%81%D9%8A-%D9%85%D8%AC%D8%A7%D9%84-%D8%A5%D8%AF%D8%A7%D8%B1%D8%A9-%D8%A7%D9%84%D9%85%D9%88%D8%A7%D8%B1%D8%AF-%D8%A7%D9%84%D8%A8%D8%B4%D8%B1%D9%8A%D8%A9
403 Forbidden,Non trouvé,Non trouvé,Non trouvé,Aucun avis,Inconnu,Inconnu,Aucun tag,https://khamsat.com/business/financial-analysis/3662290-%D8%AA%D8%AD%D9%84%D9%8A%D9%84-%D9%88%D8%A5%D8%B9%D8%AF%D8%A7%D8%AF-%D8%A7%D9%84%D9%82%D9%88%D8%A7%D8%A6%D9%85-%D8%A7%D9%84%D9%85%D8%A7%D9%84%D9%8A%D8%A9-%D9%88%D8%A7%D9%84%D8%AA%D9%82%D8%A7%D8%B1%D9%8A%D8%B1-%D8%A8%D8%A7%D8%B3%D8%AA%D8%AE%D8%AF%D8%A7%D9%85-excel
403 Forbidden,Non trouvé,Non trouvé,Non trouvé,Aucun avis,Inconnu,Inconnu,Aucun tag,https://khamsat.com/business/accounting-bookkeeping/3807439-%D8%AA%D8%B5%D9%85%D9%8A%D9%85-%D8%B3%D8%AC%D9%84-%D8%A7%D9%83%D8%B3%D9%84-%D9%84%D9%85%D8%AA%D8%A7%D8%A8%D8%B9%D9%87-%D9%83%D9%85%D9%8A%D8%A7%D8%AA-%D8%A7%D9%84%D9%85%D8%AE%D8%B2%D9%88%D9%86
403 Forbidden,Non trouvé,Non trouvé,Non trouvé,Aucun avis,Inconnu,Inconnu,Aucun tag,https://khamsat.com/business/file-conversion/2744665-%D8%AA%D8%AD%D9%88%D9%8A%D9%84-%D8%A7%D9%84%D9%86%D8%B5%D9%88%D8%B5-%D8%A7%D9%84%D9%8A-%D9%85%D9%84%D9%81%D8%A7%D8%AA-%D9%88%D9%88%D8%B1%D8%AF-%D8%A7%D9%88-%D8%A8%D9%8A-%D8%AF%D9%8A-%D8%A3%D9%81
403 Forbidden,Non trouvé,Non trouvé,Non trouvé,Aucun avis,Inconnu,Inconnu,Aucun tag,https://khamsat.com/business/human-resources-consulting/2997139-%D8%AA%D8%AE%D8%B5%D9%8A%D8%B5-%D8%A5%D8%B9%D8%AF%D8%A7%D8%AF%D8%A7%D8%AA-%D8%A7%D9%84%D8%B4%D8%B1%D9%83%D8%A7%D8%AA-%D8%B9%D9%84%D9%8A-%D9%85%D9%86%D8%B5%D8%A9-deexe-%D9%84%D8%A5%D8%AF%D8%A7%D8%B1%D8%A9-%D8%A7%D9%84%D9%85%D9%88%D8%A7%D8%B1%D8%AF-%D8%A7%D9%84%D8%A8%D8%B4%D8%B1%D9%8A%D8%A9
403 Forbidden,Non trouvé,Non trouvé,Non trouvé,Aucun avis,Inconnu,Inconnu,Aucun tag,https://khamsat.com/business/accounting-bookkeeping/3668044-%D8%AA%D8%B3%D8%B9%D9%8A%D8%B1-%D8%B1%D8%B3%D8%A7%D8%A6%D9%84-%D8%A7%D8%B3%D8%AA%D9%8A%D8%B1%D8%A7%D8%AF%D9%8A%D8%A9-%D8%A7%D9%83%D8%B3%D9%84
403 Forbidden,Non trouvé,Non trouvé,Non trouvé,Aucun avis,Inconnu,Inconnu,Aucun tag,https://khamsat.com/business/financial-analysis/3583956-%D8%AA%D8%AD%D9%84%D9%8A%D9%84-%D9%85%D8%A7%D9%84%D9%8A-%D9%84%D9%84%D9%82%D9%88%D8%A7%D8%A6%D9%85-%D8%A7%D9%84%D9%85%D8%A7%D9%84%D9%8A%D8%A9-%D8%A8%D8%A7%D8%AD%D8%AA%D8%B1%D8%A7%D9%81%D9%8A%D8%A9-%D9%88%D8%AF%D9%82%D8%A9-%D8%B9%D8%A7%D9%84%D9%8A%D8%A9
403 Forbidden,Non trouvé,Non trouvé,Non trouvé,Aucun avis,Inconnu,Inconnu,Aucun tag,https://khamsat.com/business/file-conversion/2820670-%D8%AA%D8%AD%D9%88%D9%8A%D9%84-%D8%A7%D9%84%D9%85%D9%84%D9%81%D8%A7%D8%AA-%D8%A8%D9%83%D9%81%D8%A7%D8%A1%D8%A9-%D9%85%D9%86-pdf-%D8%A5%D9%84%D9%89-word-%D8%A8%D8%B3%D9%87%D9%88%D9%84%D8%A9-%D9%88%D8%AF%D9%82%D8%A9-%D8%B9%D8%A7%D9%84%D9%8A%D8%A9
403 Forbidden,Non trouvé,Non trouvé,Non trouvé,Aucun avis,Inconnu,Inconnu,Aucun tag,https://khamsat.com/business/organizational-development/1966225-%D8%B9%D9%85%D9%84-%D9%87%D9%8A%D9%83%D9%84-%D8%AA%D9%86%D8%B8%D9%8A%D9%85%D9%8A-organizational-chart-%D9%84%D8%B4%D8%B1%D9%83%D8%A9-%D8%A8%D8%A7%D8%B3%D8%AA%D8%AE%D8%AF%D8%A7%D9%85-visio
403 Forbidden,Non trouvé,Non trouvé,Non trouvé,Aucun avis,Inconnu,Inconnu,Aucun tag,https://khamsat.com/business/financial-analysis/3540241-%D8%B3%D8%A3%D9%82%D9%88%D9%85-%D8%A8%D8%A5%D8%B9%D8%AF%D8%A7%D8%AF-%D9%88%D8%AA%D8%AD%D9%84%D9%8A%D9%84-%D8%AC%D8%AF%D8%A7%D9%88%D9%84-excel-%D9%85%D8%A7%D9%84%D9%8A%D8%A9-%D9%88%D9%85%D9%8A%D8%B2%D8%A7%D9%86%D9%8A%D8%A7%D8%AA-%D8%A8%D8%A7%D8%AD%D8%AA%D8%B1%D8%A7%D9%81%D9%8A%D8%A9
403 Forbidden,Non trouvé,Non trouvé,Non trouvé,Aucun avis,Inconnu,Inconnu,Aucun tag,https://khamsat.com/business/trading-stock-analysis/3014536-%D9%83%D9%8A%D9%81%D9%8A%D8%A9-%D8%A8%D9%86%D8%A7%D8%A1-%D8%AE%D8%B7%D8%A9-%D8%AA%D8%AF%D8%A7%D9%88%D9%84-%D8%B4%D8%AE%D8%B5%D9%8A%D8%A9-%D8%AF%D9%84%D9%8A%D9%84-%D8%B4%D8%A7%D9%85%D9%84-%D9%84%D8%AA%D8%AF%D8%A7%D9%88%D9%84
403 Forbidden,Non trouvé,Non trouvé,Non trouvé,Aucun avis,Inconnu,Inconnu,Aucun tag,https://khamsat.com/business/file-conversion/3158869-%D8%AA%D8%AD%D9%88%D9%8A%D9%84-%D9%85%D9%84%D9%81%D8%A7%D8%AA-pdf-%D8%A7%D9%84%D9%8A-%D9%85%D9%84%D9%81%D8%A7%D8%AA-word
403 Forbidden,Non trouvé,Non trouvé,Non trouvé,Aucun avis,Inconnu,Inconnu,Aucun tag,https://khamsat.com/business/salary/3518413-%D8%B3%D8%A3%D8%B9%D8%AF-%D9%84%D9%83-%D9%86%D8%B8%D8%A7%D9%85-%D8%B1%D9%88%D8%A7%D8%AA%D8%A8-%D9%83%D8%A7%D9%85%D9%84-%D8%B9%D9%84%D9%89-excel-%D9%8A%D8%B4%D9%85%D9%84-%D8%B5%D8%A7%D9%81%D9%8A-%D8%A7%D9%84%D9%85%D8%B1%D8%AA%D8%A8-%D9%88%D8%A7%D9%84%D8%AE%D8%B5%D9%88%D9%85%D8%A7%D8%AA
403 Forbidden,Non trouvé,Non trouvé,Non trouvé,Aucun avis,Inconnu,Inconnu,Aucun tag,https://khamsat.com/business/financial-consulting/2075821-%D8%A7%D8%B3%D8%AA%D8%B4%D8%A7%D8%B1%D8%A7%D8%AA-%D9%85%D8%A7%D9%84%D9%8A%D8%A9-%D9%88-%D8%A7%D8%AF%D8%A7%D8%B1%D9%8A%D8%A9-%D9%85%D8%AA%D8%AE%D8%B5%D8%B5%D8%A9
403 Forbidden,Non trouvé,Non trouvé,Non trouvé,Aucun avis,Inconnu,Inconnu,Aucun tag,https://khamsat.com/business/financial-analysis/3477263-%D8%A5%D8%B9%D8%AF%D8%A7%D8%AF-%D8%AA%D9%82%D8%A7%D8%B1%D9%8A%D8%B1-%D9%85%D8%A7%D9%84%D9%8A%D8%A9-%D9%88%D9%85%D9%8A%D8%B2%D8%A7%D9%86%D9%8A%D8%A7%D8%AA-%D8%A7%D8%AD%D8%AA%D8%B1%D8%A7%D9%81%D9%8A%D8%A9-%D8%B9%D9%84%D9%89-excel
403 Forbidden,Non trouvé,Non trouvé,Non trouvé,Aucun avis,Inconnu,Inconnu,Aucun tag,https://khamsat.com/business/file-conversion/2536308-%D8%AA%D8%AD%D9%88%D9%8A%D9%84-bdf-%D8%A7%D9%84%D9%8A-word-%D9%88-%D8%A7%D9%84%D8%B9%D9%83%D8%B3
403 Forbidden,Non trouvé,Non trouvé,Non trouvé,Aucun avis,Inconnu,Inconnu,Aucun tag,https://khamsat.com/business/organizational-development/3596692-%D8%AA%D8%B5%D9%85%D9%8A%D9%85-%D9%88%D8%AA%D9%88%D8%AB%D9%8A%D9%82-%D8%A7%D9%84%D8%B9%D9%85%D9%84%D9%8A%D8%A7%D8%AA-%D8%A7%D9%84%D9%85%D8%A4%D8%B3%D8%B3%D9%8A%D8%A9
403 Forbidden,Non trouvé,Non trouvé,Non trouvé,Aucun avis,Inconnu,Inconnu,Aucun tag,https://khamsat.com/business/financial-analysis/3786293-%D8%AA%D8%AD%D9%84%D9%8A%D9%84-%D9%85%D8%A7%D9%84%D9%8A-%D8%A8%D8%A7%D8%B3%D8%AA%D8%AE%D8%AF%D8%A7%D9%85-powerbi
403 Forbidden,Non trouvé,Non trouvé,Non trouvé,Aucun avis,Inconnu,Inconnu,Aucun tag,https://khamsat.com/business/trading-stock-analysis/3083380-%D8%AA%D8%AD%D9%84%D9%8A%D9%84-%D8%A7%D8%AD%D8%AA%D8%B1%D8%A7%D9%81%D9%8A-%D9%84%D9%84%D8%A3%D8%B3%D9%87%D9%85-%D8%AA%D9%82%D8%B1%D9%8A%D8%B1-%D8%B4%D8%A7%D9%85%D9%84-%D9%88%D8%B1%D8%A4%D9%8A%D8%A9-%D8%A7%D8%B3%D8%AA%D8%AB%D9%85%D8%A7%D8%B1%D9%8A%D8%A9-%D9%85%D8%AA%D9%82%D8%AF%D9%85%D8%A9
403 Forbidden,Non trouvé,Non trouvé,Non trouvé,Aucun avis,Inconnu,Inconnu,Aucun tag,https://khamsat.com/business/recruiting/3136760-%D9%83%D8%AA%D8%A7%D8%A8%D8%A9-%D8%A8%D8%B7%D8%A7%D9%82%D8%A9-%D8%A7%D9%84%D9%88%D8%B5%D9%81-%D8%A7%D9%84%D9%88%D8%B8%D9%8A%D9%81%D9%8A
403 Forbidden,Non trouvé,Non trouvé,Non trouvé,Aucun avis,Inconnu,Inconnu,Aucun tag,https://khamsat.com/business/file-conversion/1218936-%D8%AA%D8%AD%D9%88%D9%8A%D9%84-%D9%85%D9%84%D9%81%D8%A7%D8%AA-pdf-%D8%A5%D9%84%D9%89-word-%D8%A8%D8%AF%D9%82%D8%A9-%D8%B9%D8%A7%D9%84%D9%8A%D8%A9
403 Forbidden,Non trouvé,Non trouvé,Non trouvé,Aucun avis,Inconnu,Inconnu,Aucun tag,https://khamsat.com/business/financial-analysis/1696580-%D8%A5%D8%B9%D8%AF%D8%A7%D8%AF-%D8%AA%D8%AD%D9%84%D9%8A%D9%84-%D9%85%D8%A7%D9%84%D9%8A-%D9%88%D8%AA%D8%AD%D9%84%D9%8A%D9%84-%D9%84%D9%84%D8%A8%D9%8A%D8%A7%D9%86%D8%A7%D8%AA
403 Forbidden,Non trouvé,Non trouvé,Non trouvé,Aucun avis,Inconnu,Inconnu,Aucun tag,https://khamsat.com/business/financial-consulting/2335207-%D8%AD%D8%B3%D8%A7%D8%A8-%D8%AA%D9%83%D9%84%D9%81%D8%A9-%D8%A7%D9%84%D9%85%D9%86%D8%AA%D8%AC%D8%A7%D8%AA-%D9%88%D8%A7%D8%B9%D8%AF%D8%A7%D8%AF-%D8%A7%D9%84%D8%AA%D9%82%D8%A7%D8%B1%D9%8A%D8%B1-%D8%A7%D9%84%D9%84%D8%A7%D8%B2%D9%85%D8%A9
403 Forbidden,Non trouvé,Non trouvé,Non trouvé,Aucun avis,Inconnu,Inconnu,Aucun tag,https://khamsat.com/business/human-resources-systems/3815811-%D9%85%D8%AA%D8%A7%D8%A8%D8%B9%D8%A9-%D8%AD%D8%B6%D9%88%D8%B1-%D9%88%D8%A7%D9%86%D8%B5%D8%B1%D8%A7%D9%81-%D8%A7%D9%84%D9%85%D9%88%D8%B8%D9%81%D9%8A%D9%86
403 Forbidden,Non trouvé,Non trouvé,Non trouvé,Aucun avis,Inconnu,Inconnu,Aucun tag,https://khamsat.com/business/file-conversion/3124220-%D8%AE%D8%AF%D9%85%D8%A9-%D8%AA%D8%AD%D9%88%D9%8A%D9%84-%D9%85%D9%84%D9%81%D8%A7%D8%AA-pdf-%D8%A5%D9%84%D9%89-word-%D9%88excel-%D8%A8%D8%A7%D8%AD%D8%AA%D8%B1%D8%A7%D9%81%D9%8A%D8%A9-%D8%B9%D8%A7%D9%84%D9%8A%D8%A9
403 Forbidden,Non trouvé,Non trouvé,Non trouvé,Aucun avis,Inconnu,Inconnu,Aucun tag,https://khamsat.com/business/financial-analysis/2251604-%D8%AA%D8%AD%D9%84%D9%8A%D9%84-%D8%A7%D8%A6%D8%AA%D9%85%D8%A7%D9%86%D9%8A-%D9%84%D9%84%D9%82%D8%B1%D9%88%D8%B6-%D8%AA%D8%B3%D9%87%D9%8A%D9%84%D8%A7%D8%AA-%D8%A7%D8%A6%D8%AA%D9%85%D8%A7%D9%86%D9%8A%D8%A9-%D8%A8%D9%86%D9%83%D9%8A%D8%A9
403 Forbidden,Non trouvé,Non trouvé,Non trouvé,Aucun avis,Inconnu,Inconnu,Aucun tag,https://khamsat.com/business/trading-stock-analysis/3119288-%D9%86%D8%B5%D8%A7%D8%A6%D8%AD-%D8%B4%D8%AE%D8%B5%D9%8A%D9%87-%D9%84%D9%84%D8%A7%D8%B3%D8%AA%D8%AB%D9%85%D8%A7%D8%B1%D8%A7%D8%AA-%D8%A7%D9%84%D9%85%D8%A7%D9%84%D9%8A%D9%87-%D9%88-%D8%A7%D9%84%D8%AA%D8%AF%D8%A7%D9%88%D9%84
403 Forbidden,Non trouvé,Non trouvé,Non trouvé,Aucun avis,Inconnu,Inconnu,Aucun tag,https://khamsat.com/business/recruiting/1350135-%D8%A5%D8%B9%D8%AF%D8%A7%D8%AF-%D8%A8%D8%B7%D8%A7%D9%82%D8%A9-%D8%A7%D9%84%D9%88%D8%B5%D9%81-%D8%A7%D9%84%D9%88%D8%B8%D9%8A%D9%81%D9%8A-job-description
403 Forbidden,Non trouvé,Non trouvé,Non trouvé,Aucun avis,Inconnu,Inconnu,Aucun tag,https://khamsat.com/business/file-conversion/643954-%D8%AA%D8%AD%D9%88%D9%8A%D9%84-%D9%85%D8%AD%D8%AA%D9%88%D9%8A%D8%A7%D8%AA-%D8%A7%D9%84%D8%B5%D9%88%D8%B1-%D8%A5%D9%84%D9%89-%D9%85%D9%84%D9%81%D8%A7%D8%AA-%D8%A5%D9%83%D8%B3%D9%8A%D9%84
403 Forbidden,Non trouvé,Non trouvé,Non trouvé,Aucun avis,Inconnu,Inconnu,Aucun tag,https://khamsat.com/business/financial-analysis/369751-%D8%AA%D8%AD%D8%AF%D9%8A%D8%AF-%D9%86%D9%82%D8%B7%D9%87-%D8%A7%D9%84%D8%AA%D8%B9%D8%A7%D8%AF%D9%84-%D9%84%D9%85%D8%B4%D8%B1%D9%88%D8%B9%D9%83-%D9%88%D9%83%D9%8A%D9%81%D9%8A%D9%87-%D8%AA%D8%AD%D9%82%D9%8A%D9%82-%D8%B1%D8%A8%D8%AD-%D9%85%D8%B3%D8%AA%D9%87%D8%AF%D9%81
403 Forbidden,Non trouvé,Non trouvé,Non trouvé,Aucun avis,Inconnu,Inconnu,Aucun tag,https://khamsat.com/business/trading-stock-analysis/3228596-%D8%AD%D8%B3%D8%A7%D8%A8-%D8%B9%D8%AF%D8%AF-%D8%A7%D9%84%D8%A3%D8%B3%D9%87%D9%85-%D8%A7%D9%84%D9%85%D9%85%D9%84%D9%88%D9%83%D8%A9-%D9%88%D8%A7%D9%84%D8%B1%D8%A8%D8%AD-%D8%A8%D8%B7%D8%B1%D9%8A%D9%82%D8%A9-%D8%A7%D9%84%D8%A7%D9%82%D8%AA%D8%B7%D8%A7%D8%B9-%D8%A7%D9%84%D8%B4%D9%87%D8%B1%D9%8A
403 Forbidden,Non trouvé,Non trouvé,Non trouvé,Aucun avis,Inconnu,Inconnu,Aucun tag,https://khamsat.com/business/organizational-development/3117833-%D8%A5%D8%B9%D8%AF%D8%A7%D8%AF-%D8%A5%D8%AC%D8%B1%D8%A7%D8%A1%D8%A7%D8%AA-%D8%A7%D9%84%D8%AA%D8%B4%D8%BA%D9%8A%D9%84-%D8%A7%D9%84%D9%82%D9%8A%D8%A7%D8%B3%D9%8A%D8%A9-%D9%84%D9%85%D8%B3%D8%A7%D8%B9%D8%AF%D8%AA%D9%83-%D8%B9%D9%84%D9%89-%D8%AA%D9%88%D8%AB%D9%8A%D9%82-%D8%B9%D9%85%D9%84%D9%8A%D8%A7%D8%AA%D9%83
403 Forbidden,Non trouvé,Non trouvé,Non trouvé,Aucun avis,Inconnu,Inconnu,Aucun tag,https://khamsat.com/business/file-conversion/1741858-%D8%AA%D8%AD%D9%88%D9%8A%D9%84-%D9%85%D9%84%D9%81%D8%A7%D8%AA-pdf-%D9%84%D9%85%D9%84%D9%81-office-word
403 Forbidden,Non trouvé,Non trouvé,Non trouvé,Aucun avis,Inconnu,Inconnu,Aucun tag,https://khamsat.com/business/financial-analysis/1942612-%D8%AA%D8%AD%D9%84%D9%8A%D9%84-%D8%A7%D9%84%D8%A8%D9%8A%D8%A7%D9%86%D8%A7%D8%AA-%D8%A8%D8%A3%D8%B3%D8%AA%D8%AE%D8%AF%D8%A7%D9%85-microsoft-power-bi
403 Forbidden,Non trouvé,Non trouvé,Non trouvé,Aucun avis,Inconnu,Inconnu,Aucun tag,https://khamsat.com/business/financial-consulting/2910102-%D8%B9%D9%85%D9%84-%D8%B9%D8%B1%D8%B6-%D9%81%D9%86%D9%8A-%D9%88%D9%85%D8%A7%D9%84%D9%8A-%D9%84%D9%84%D9%85%D9%86%D8%A7%D9%82%D8%B5%D8%A7%D8%AA
403 Forbidden,Non trouvé,Non trouvé,Non trouvé,Aucun avis,Inconnu,Inconnu,Aucun tag,https://khamsat.com/business/salary/2457107-%D8%B4%D9%8A%D8%AA-%D8%A7%D9%83%D8%B3%D9%84-%D8%A7%D9%84%D8%A7%D8%AF%D8%A7%D8%B1%D8%A9-%D8%AD%D8%B6%D9%88%D8%B1-%D9%88%D8%BA%D9%8A%D8%A7%D8%A8-%D8%A7%D9%84%D8%B9%D9%85%D8%A7%D9%84-%D9%85%D8%B9-%D8%A7%D9%84%D8%B3%D9%84%D9%81-%D9%88%D8%A7%D9%84%D8%AE%D8%B5%D9%88%D9%85%D8%A7%D8%AA
403 Forbidden,Non trouvé,Non trouvé,Non trouvé,Aucun avis,Inconnu,Inconnu,Aucun tag,https://khamsat.com/business/file-conversion/1058381-%D8%AA%D8%AD%D9%88%D9%8A%D9%84-%D8%A3%D8%B1%D9%82%D8%A7%D9%85-%D8%A7%D9%84%D9%87%D9%88%D8%A7%D8%AA%D9%81-%D9%85%D9%86-%D9%85%D9%84%D9%81-%D8%A5%D9%83%D8%B3%D9%84-%D8%A5%D9%84%D9%89-%D8%AC%D9%87%D8%A7%D8%AA-%D8%A7%D8%AA%D8%B5%D8%A7%D9%84-vcf
403 Forbidden,Non trouvé,Non trouvé,Non trouvé,Aucun avis,Inconnu,Inconnu,Aucun tag,https://khamsat.com/business/financial-analysis/1258971-%D8%AA%D8%B5%D9%85%D9%8A%D9%85-%D8%A8%D8%B1%D9%86%D8%A7%D9%85%D8%AC-%D8%B2%D9%85%D9%86%D9%89-%D9%84%D9%85%D8%B4%D8%B1%D9%88%D8%B9%D9%83-%D9%88%D8%B9%D9%85%D9%84-%D8%A7%D9%84%D9%85%D9%88%D8%A7%D8%B1%D8%AF-%D9%88-%D8%AD%D8%B3%D8%A7%D8%A8-%D8%A7%D9%84%D8%AA%D9%83%D8%A7%D9%84%D9%8A%D9%81
403 Forbidden,Non trouvé,Non trouvé,Non trouvé,Aucun avis,Inconnu,Inconnu,Aucun tag,https://khamsat.com/business/trading-stock-analysis/3279186-%D8%AA%D8%B9%D9%84%D9%85-%D8%A3%D8%B3%D8%B1%D8%A7%D8%B1-%D8%A7%D9%84%D8%AA%D8%AF%D8%A7%D9%88%D9%84-%D8%A7%D9%84%D9%86%D8%A7%D8%AC%D8%AD-%D8%A8%D8%AC%D9%84%D8%B3%D8%A9-%D8%A7%D8%B3%D8%AA%D8%B4%D8%A7%D8%B1%D9%8A%D8%A9-%D8%AE%D8%A7%D8%B5%D8%A9-%D9%84%D8%AA%D8%AF%D8%A7%D9%88%D9%84-%D9%85%D8%B1%D8%A8%D8%AD
403 Forbidden,Non trouvé,Non trouvé,Non trouvé,Aucun avis,Inconnu,Inconnu,Aucun tag,https://khamsat.com/business/recruiting/3325999-%D8%A7%D8%AE%D8%AA%D8%A8%D8%A7%D8%B1-%D9%86%D9%81%D8%B3%D9%8A-%D9%88%D8%B3%D9%8A%D9%83%D9%88%D9%85%D8%AA%D8%B1%D9%8A-%D8%A7%D8%AD%D8%AA%D8%B1%D8%A7%D9%81%D9%8A-%D9%84%D8%AA%D8%AD%D9%84%D9%8A%D9%84-%D9%88%D8%AA%D9%82%D9%8A%D9%8A%D9%85-%D9%85%D9%88%D8%B8%D9%81-%D9%82%D8%A8%D9%84-%D8%AA%D8%B9%D9%8A%D9%8A%D9%86%D9%87
403 Forbidden,Non trouvé,Non trouvé,Non trouvé,Aucun avis,Inconnu,Inconnu,Aucun tag,https://khamsat.com/business/file-conversion/2279319-%D8%AA%D8%AD%D9%88%D9%8A%D9%84-%D9%85%D9%84%D9%81-pdf-%D8%A7%D9%84%D9%8A-word-%D8%A7%D9%88-powerpoint-%D9%8A%D8%AF%D9%88%D9%8A%D8%A7-%D8%A8%D8%A5%D8%AD%D8%AA%D8%B1%D8%A7%D9%81%D9%8A%D8%A9
403 Forbidden,Non trouvé,Non trouvé,Non trouvé,Aucun avis,Inconnu,Inconnu,Aucun tag,https://khamsat.com/business/financial-analysis/2188988-%D8%A7%D9%84%D8%AA%D8%AD%D9%84%D9%8A%D9%84-%D8%A7%D9%84%D9%85%D8%A7%D9%84%D9%8A-%D8%A7%D9%84%D9%85%D8%AA%D9%82%D8%AF%D9%85-%D9%88%D8%A8%D9%86%D8%A7%D8%A1-%D8%A7%D9%84%D9%86%D9%85%D8%A7%D8%B0%D8%AC-%D8%A7%D9%84%D9%85%D8%A7%D9%84%D9%8A%D8%A9
403 Forbidden,Non trouvé,Non trouvé,Non trouvé,Aucun avis,Inconnu,Inconnu,Aucun tag,https://khamsat.com/business/financial-consulting/1727951-%D8%A7%D8%B3%D8%AA%D8%B4%D8%A7%D8%B1%D8%A9-%D9%81%D9%8A-%D9%85%D8%AC%D8%A7%D9%84-%D8%A7%D9%84%D8%A7%D8%B9%D9%85%D8%A7%D9%84-%D8%A7%D9%84%D9%85%D8%A7%D9%84%D9%8A%D8%A9-%D8%A7%D9%84%D8%A7%D8%AF%D8%A7%D8%B1%D9%8A%D8%A9
403 Forbidden,Non trouvé,Non trouvé,Non trouvé,Aucun avis,Inconnu,Inconnu,Aucun tag,https://khamsat.com/business/human-resources-consulting/2857840-%D8%A7%D8%B3%D8%AA%D8%B4%D8%A7%D8%B1%D9%8A-%D9%85%D9%88%D8%A7%D8%B1%D8%AF-%D8%A8%D8%B4%D8%B1%D9%8A%D8%A9-%D9%88%D9%85%D8%AA%D8%AE%D8%B5%D8%B5-%D9%81%D9%8A-%D8%AD%D9%88%D9%83%D9%85%D8%A9-%D8%A7%D9%84%D8%B4%D8%B1%D9%83%D8%A7%D8%AA
403 Forbidden,Non trouvé,Non trouvé,Non trouvé,Aucun avis,Inconnu,Inconnu,Aucun tag,https://khamsat.com/business/file-conversion/1288194-%D8%AA%D8%AD%D9%88%D9%8A%D9%84-pdf-%D8%A7%D9%84%D9%8A-word-%D8%A7%D9%88-excel-%D8%A7%D9%88-power-point
403 Forbidden,Non trouvé,Non trouvé,Non trouvé,Aucun avis,Inconnu,Inconnu,Aucun tag,https://khamsat.com/business/financial-analysis/2775265-%D9%86%D9%85%D8%B0%D8%AC%D8%A9-%D9%85%D8%A7%D9%84%D9%8A%D8%A9-%D9%88%D8%AA%D8%AD%D9%84%D9%8A%D9%84-%D8%B3%D9%8A%D9%86%D8%A7%D8%B1%D9%8A%D9%88%D9%87%D8%A7%D8%AA-%D8%A7%D8%B3%D8%AA%D8%AB%D9%85%D8%A7%D8%B1%D9%8A%D8%A9-%D8%AA%D9%85%D9%88%D9%8A%D9%84%D9%8A%D8%A9-%D8%A7%D8%A6%D8%AA%D9%85%D8%A7%D9%86%D9%8A%D8%A9
403 Forbidden,Non trouvé,Non trouvé,Non trouvé,Aucun avis,Inconnu,Inconnu,Aucun tag,https://khamsat.com/business/financial-consulting/2131166-%D9%85%D8%B3%D8%AA%D8%B4%D8%A7%D8%B1-%D9%85%D8%A7%D9%84%D9%8A-%D9%88%D8%A5%D8%AF%D8%A7%D8%B1%D9%8A-%D9%84%D9%83%D8%A7%D9%81%D8%A9-%D8%A7%D8%B9%D9%85%D8%A7%D9%84%D9%83-%D8%A7%D9%84%D9%85%D8%A7%D9%84%D9%8A%D8%A9-%D9%88%D8%A7%D9%84%D9%85%D8%AD%D8%A7%D8%B3%D8%A8%D9%8A%D8%A9-%D9%88%D8%A7%D9%84%D8%A5%D8%AF%D8%A7%D8%B1%D9%8A%D8%A9
403 Forbidden,Non trouvé,Non trouvé,Non trouvé,Aucun avis,Inconnu,Inconnu,Aucun tag,https://khamsat.com/business/file-conversion/2260140-%D8%AA%D8%AD%D9%88%D9%8A%D9%84-%D9%85%D9%86-%D9%85%D9%84%D9%81-word-%D8%A7%D9%84%D9%89-pdf-%D8%A7%D9%88-%D8%A7%D9%84%D8%B9%D9%83%D8%B3
403 Forbidden,Non trouvé,Non trouvé,Non trouvé,Aucun avis,Inconnu,Inconnu,Aucun tag,https://khamsat.com/business/human-resources-consulting/3467967-%D9%86%D9%85%D8%A7%D8%B0%D8%AC-%D8%A7%D9%84%D9%85%D9%88%D8%A7%D8%B1%D8%AF-%D8%A7%D9%84%D8%A8%D8%B4%D8%B1%D9%8A%D8%A9-%D9%84%D9%84%D8%B4%D8%B1%D9%83%D8%A7%D8%AA-%D9%85%D8%AA%D8%B1%D8%AC%D9%85%D8%A9-%D9%84%D9%84%D8%BA%D8%AA%D9%8A%D9%86
403 Forbidden,Non trouvé,Non trouvé,Non trouvé,Aucun avis,Inconnu,Inconnu,Aucun tag,https://khamsat.com/business/financial-analysis/2775275-%D8%AA%D8%AD%D9%84%D9%8A%D9%84-%D8%A7%D9%84%D8%A8%D9%8A%D8%A7%D9%86%D8%A7%D8%AA-%D8%A7%D9%84%D8%A7%D8%AD%D8%AA%D8%B1%D8%A7%D9%81%D9%8A-%D8%A8%D8%A7%D8%B3%D8%AA%D8%AE%D8%AF%D8%A7%D9%85-%D8%AF%D8%A7%D8%B4-%D8%A8%D9%88%D8%B1%D8%AF-%D8%A7%D9%84%D8%A5%D9%83%D8%B3%D9%8A%D9%84-%D8%A7%D9%84%D9%85%D8%AA%D9%82%D8%AF%D9%85
403 Forbidden,Non trouvé,Non trouvé,Non trouvé,Aucun avis,Inconnu,Inconnu,Aucun tag,https://khamsat.com/business/trading-stock-analysis/3425604-%D8%A7%D8%B3%D8%B1%D8%A7%D8%B1-%D8%AA%D8%AF%D8%A7%D9%88%D9%84-%D8%B9%D9%82%D9%88%D8%AF-%D8%A7%D9%84%D8%AE%D9%8A%D8%A7%D8%B1%D8%A7%D8%AA-%D9%84%D8%A7%D8%B3%D9%87%D9%85-%D9%88%D9%85%D8%A4%D8%B4%D8%B1%D8%A7%D8%AA-%D8%A7%D9%84%D8%B3%D9%88%D9%82-%D8%A7%D9%84%D8%A7%D9%85%D8%B1%D9%8A%D9%83%D9%8A
403 Forbidden,Non trouvé,Non trouvé,Non trouvé,Aucun avis,Inconnu,Inconnu,Aucun tag,https://khamsat.com/business/file-conversion/3821322-%D8%AA%D8%B9%D8%AF%D9%8A%D9%84-%D9%88%D8%A5%D8%B9%D8%A7%D8%AF%D8%A9-%D8%AA%D9%86%D8%B3%D9%8A%D9%82-%D9%85%D9%84%D9%81%D8%A7%D8%AA-%D8%A7%D9%84%D9%80-pdf
403 Forbidden,Non trouvé,Non trouvé,Non trouvé,Aucun avis,Inconnu,Inconnu,Aucun tag,https://khamsat.com/business/human-resources-consulting/2153641-%D8%A7%D8%B3%D8%AA%D9%82%D8%B7%D8%A7%D8%A8-%D9%85%D9%88%D8%B8%D9%81%D9%8A%D9%86-attracting-employees
403 Forbidden,Non trouvé,Non trouvé,Non trouvé,Aucun avis,Inconnu,Inconnu,Aucun tag,https://khamsat.com/business/financial-analysis/2833020-%D8%AA%D8%B7%D8%A8%D9%8A%D9%82%D8%A7%D8%AA-%D8%A7%D9%84%D9%86%D9%85%D8%B0%D8%AC%D8%A9-%D8%A7%D9%84%D8%A5%D8%AD%D8%B5%D8%A7%D8%A6%D9%8A%D8%A9-%D9%88%D8%A7%D9%84%D9%85%D8%A7%D9%84%D9%8A%D8%A9-%D9%84%D9%84%D8%AA%D9%82%D9%8A%D9%8A%D9%85-%D8%A7%D9%84%D8%A5%D8%A6%D8%AA%D9%85%D8%A7%D9%86%D9%8A-%D9%84%D9%84%D8%B9%D9%85%D9%84%D8%A7%D8%A1
403 Forbidden,Non trouvé,Non trouvé,Non trouvé,Aucun avis,Inconnu,Inconnu,Aucun tag,https://khamsat.com/business/trading-stock-analysis/3067864-%D8%A7%D8%B3%D8%AA%D8%B4%D8%A7%D8%B1%D8%A9-%D9%81%D9%8A-%D8%A7%D9%84%D8%B9%D9%85%D9%84%D8%A7%D8%AA-%D8%A7%D9%84%D8%B1%D9%82%D9%85%D9%8A%D8%A9-%D9%88%D9%83%D9%84-%D9%85%D8%A7-%D9%8A%D8%AE%D8%B5-%D8%A7%D9%84%D8%A8%D9%84%D9%88%D9%83-%D8%AA%D8%B4%D9%8A%D9%86
403 Forbidden,Non trouvé,Non trouvé,Non trouvé,Aucun avis,Inconnu,Inconnu,Aucun tag,https://khamsat.com/business/file-conversion/2906717-%D8%AA%D8%AD%D9%88%D9%8A%D9%84-%D9%85%D9%84%D9%81%D8%A7%D8%AA-pdf-%D8%A7%D9%84%D9%8A-%D9%85%D9%84%D9%81%D8%A7%D8%AAword
403 Forbidden,Non trouvé,Non trouvé,Non trouvé,Aucun avis,Inconnu,Inconnu,Aucun tag,https://khamsat.com/business/human-resources-consulting/1567816-%D9%86%D9%85%D8%A7%D8%B0%D8%AC-%D8%A5%D8%AF%D8%A7%D8%B1%D8%A9-%D8%A7%D9%84%D9%85%D9%88%D8%A7%D8%B1%D8%AF-%D8%A7%D9%84%D8%A8%D8%B4%D8%B1%D9%8A%D8%A9
403 Forbidden,Non trouvé,Non trouvé,Non trouvé,Aucun avis,Inconnu,Inconnu,Aucun tag,https://khamsat.com/business/financial-consulting/3386420-%D8%A7%D8%B3%D8%AA%D8%B4%D8%A7%D8%B1%D8%A9-%D9%85%D8%A7%D9%84%D9%8A%D8%A9-%D8%A3%D9%88-%D9%85%D8%AD%D8%A7%D8%B3%D8%A8%D9%8A%D8%A9
403 Forbidden,Non trouvé,Non trouvé,Non trouvé,Aucun avis,Inconnu,Inconnu,Aucun tag,https://khamsat.com/business/trading-stock-analysis/2045875-%D9%83%D9%8A%D9%81-%D8%AA%D8%A8%D8%AF%D8%A7-%D9%81%D9%8A-%D8%B3%D9%88%D9%82-%D8%A7%D9%84%D8%A7%D8%B3%D9%87%D9%85-%D8%A7%D9%84%D8%B3%D8%B9%D9%88%D8%AF%D9%8A-%D9%88%D8%A7%D9%84%D8%A7%D9%85%D8%B1%D9%8A%D9%83%D9%8A
403 Forbidden,Non trouvé,Non trouvé,Non trouvé,Aucun avis,Inconnu,Inconnu,Aucun tag,https://khamsat.com/business/file-conversion/1774615-%D8%AA%D8%AD%D9%88%D9%8A%D9%84-%D9%85%D9%84%D9%81%D8%A7%D8%AA-%D9%85%D9%86-pdf-%D8%A7%D9%84%D9%8A-word-%D9%88%D8%A7%D9%84%D8%B9%D9%83%D8%B3
403 Forbidden,Non trouvé,Non trouvé,Non trouvé,Aucun avis,Inconnu,Inconnu,Aucun tag,https://khamsat.com/business/organizational-development/3748935-%D8%A5%D8%B9%D8%AF%D8%A7%D8%AF-%D9%85%D9%84%D9%81-%D8%AC%D9%88%D8%A7%D8%A6%D8%B2-%D8%A7%D9%84%D8%AA%D9%85%D9%8A%D8%B2-%D9%85%D8%B7%D8%A7%D8%A8%D9%82-%D9%84%D9%85%D8%B9%D8%A7%D9%8A%D9%8A%D8%B1-efqm-%D8%A8%D8%A7%D8%AD%D8%AA%D8%B1%D8%A7%D9%81%D9%8A%D8%A9
403 Forbidden,Non trouvé,Non trouvé,Non trouvé,Aucun avis,Inconnu,Inconnu,Aucun tag,https://khamsat.com/business/financial-consulting/2348189-%D9%85%D8%B3%D8%AA%D8%B4%D8%A7%D8%B1%D9%83-%D8%A7%D9%84%D8%AE%D8%A7%D8%B5-%D9%84%D9%84%D9%85%D8%AD%D8%A7%D8%B3%D8%A8%D9%8A%D9%86-%D9%88%D9%85%D8%AF%D9%82%D9%82%D9%8A-%D8%A7%D9%84%D8%AD%D8%B3%D8%A7%D8%A8%D8%A7%D8%AA-%D9%88%D8%A7%D9%84%D9%85%D8%B1%D8%A7%D8%AC%D8%B9%D9%8A%D9%86-%D8%A7%D9%84%D8%AF%D8%A7%D8%AE%D9%84%D9%8A%D9%8A%D9%86
403 Forbidden,Non trouvé,Non trouvé,Non trouvé,Aucun avis,Inconnu,Inconnu,Aucun tag,https://khamsat.com/business/financial-consulting/2348189-%D9%85%D8%B3%D8%AA%D8%B4%D8%A7%D8%B1%D9%83-%D8%A7%D9%84%D8%AE%D8%A7%D8%B5-%D9%84%D9%84%D9%85%D8%AD%D8%A7%D8%B3%D8%A8%D9%8A%D9%86-%D9%88%D9%85%D8%AF%D9%82%D9%82%D9%8A-%D8%A7%D9%84%D8%AD%D8%B3%D8%A7%D8%A8%D8%A7%D8%AA-%D9%88%D8%A7%D9%84%D9%85%D8%B1%D8%A7%D8%AC%D8%B9%D9%8A%D9%86-%D8%A7%D9%84%D8%AF%D8%A7%D8%AE%D9%84%D9%8A%D9%8A%D9%86
403 Forbidden,Non trouvé,Non trouvé,Non trouvé,Aucun avis,Inconnu,Inconnu,Aucun tag,https://khamsat.com/business/file-conversion/1153114-%D8%AA%D8%AD%D9%88%D9%8A%D9%84-%D8%A7%D9%88%D8%B1%D8%A7%D9%82-pdf-%D8%A7%D9%88-%D8%B5%D9%88%D8%B1-%D8%A7%D9%84%D9%89-%D9%85%D9%84%D9%81%D8%A7%D8%AA-%D9%88%D8%B1%D8%AF-word-%D8%A7%D9%88-txt
403 Forbidden,Non trouvé,Non trouvé,Non trouvé,Aucun avis,Inconnu,Inconnu,Aucun tag,https://khamsat.com/business/human-resources-consulting/1525187-%D8%A7%D8%B3%D8%AA%D8%B4%D8%A7%D8%B1%D8%A9-%D9%81%D9%8A-%D8%A7%D9%84%D9%85%D9%88%D8%A7%D8%B1%D8%AF-%D8%A7%D9%84%D8%A8%D8%B4%D8%B1%D9%8A%D8%A9
403 Forbidden,Non trouvé,Non trouvé,Non trouvé,Aucun avis,Inconnu,Inconnu,Aucun tag,https://khamsat.com/business/financial-consulting/2067239-%D8%A3%D9%82%D8%AF%D9%85-%D9%84%D9%83%D9%85-%D8%A5%D8%B3%D8%AA%D8%B4%D8%A7%D8%B1%D8%A7%D8%AA-%D9%85%D8%A7%D9%84%D9%8A%D8%A9-%D9%88%D8%A5%D8%AF%D8%A7%D8%B1%D9%8A%D8%A9
403 Forbidden,Non trouvé,Non trouvé,Non trouvé,Aucun avis,Inconnu,Inconnu,Aucun tag,https://khamsat.com/business/financial-consulting/2135459-%D8%AA%D8%AD%D8%AF%D9%8A%D8%AF-%D8%A3%D8%B1%D8%A8%D8%A7%D8%AD-%D8%A7%D9%84%D9%85%D8%AA%D8%AC%D8%B1-%D8%A7%D9%84%D8%A7%D9%84%D9%83%D8%AA%D8%B1%D9%88%D9%86%D9%8A-%D9%88-%D8%B9%D9%85%D9%84-%D8%A7%D9%84%D8%AA%D9%82%D8%A7%D8%B1%D9%8A%D8%B1-%D8%A7%D9%84%D9%85%D8%A7%D9%84%D9%8A%D8%A9
403 Forbidden,Non trouvé,Non trouvé,Non trouvé,Aucun avis,Inconnu,Inconnu,Aucun tag,https://khamsat.com/business/file-conversion/1398400-%D8%AA%D8%AD%D9%88%D9%8A%D9%84-%D9%86%D8%B5%D9%88%D8%B5-%D8%B5%D9%88%D8%B1%D9%85%D8%B3%D8%AA%D9%86%D8%AF%D8%A7%D8%AA-%D9%85%D9%86-pdf-%D8%A5%D9%84%D9%89-word-%D8%A3%D9%88-%D8%A5%D9%83%D8%B3%D9%8A%D9%84.-%D9%88%D8%A7%D9%84%D8%B9%D9%83%D8%B3
403 Forbidden,Non trouvé,Non trouvé,Non trouvé,Aucun avis,Inconnu,Inconnu,Aucun tag,https://khamsat.com/business/organizational-development/1966206-%D8%B9%D9%85%D9%84-%D9%85%D8%AE%D8%B7%D8%B7-%D8%B3%D9%8A%D8%B1-%D8%B9%D9%85%D9%84%D9%8A%D8%A7%D8%AA-work-flow-diagram-%D9%84%D8%B9%D9%85%D9%84%D9%8A%D8%A9-%D8%A8%D8%A7%D8%B3%D8%AA%D8%AE%D8%AF%D8%A7%D9%85-visio
