Titre,Vendeur,Acheteurs,Notes,Date Dernier Avis,Catégorie,Sous-Catégorie,Mots Clés,Lien
403 Forbidden,Non trouvé,Non trouvé,Non trouvé,Aucun avis,Inconnu,Inconnu,Aucun tag,https://khamsat.com/data/data-dashboards/3774614-%D8%AA%D8%B5%D9%85%D9%8A%D9%85-%D8%AF%D8%A7%D8%B4%D8%A8%D9%88%D8%B1%D8%AF-%D9%88%D8%AA%D9%82%D8%A7%D8%B1%D9%8A%D8%B1-%D8%A5%D9%83%D8%B3%D9%8A%D9%84-%D8%AA%D9%81%D8%A7%D8%B9%D9%84%D9%8A%D8%A9-%D9%84%D8%A5%D8%AF%D8%A7%D8%B1%D8%A9-%D8%A3%D8%B9%D9%85%D8%A7%D9%84%D9%83-%D8%A8%D8%B0%D9%83%D8%A7%D8%A1
403 Forbidden,Non trouvé,Non trouvé,Non trouvé,Aucun avis,Inconnu,Inconnu,Aucun tag,https://khamsat.com/data/data-analytics/3725555-%D8%AA%D8%AD%D9%84%D9%8A%D9%84-%D8%A7%D9%84%D8%A8%D9%8A%D8%A7%D9%86%D8%A7%D8%AA-%D9%88%D8%AA%D9%86%D9%81%D9%8A%D8%B0-%D9%84%D9%88%D8%AD%D8%A7%D8%AA-%D9%85%D8%B9%D9%84%D9%88%D9%85%D8%A7%D8%AA-%D8%AA%D9%81%D8%A7%D8%B9%D9%84%D9%8A%D8%A9-%D8%A8%D8%A7%D8%B3%D8%AA%D8%AE%D8%AF%D8%A7%D9%85-excel
403 Forbidden,Non trouvé,Non trouvé,Non trouvé,Aucun avis,Inconnu,Inconnu,Aucun tag,https://khamsat.com/data/data-processing/3821487-%D8%AA%D9%86%D8%B8%D9%8A%D9%81-%D9%88%D8%AA%D8%AD%D8%B6%D9%8A%D8%B1-%D8%A8%D9%8A%D8%A7%D9%86%D8%A7%D8%AA-excel-%D8%A3%D9%88-csv-%D8%A8%D8%A7%D8%AD%D8%AA%D8%B1%D8%A7%D9%81-%D8%A8%D8%A7%D8%B3%D8%AA%D8%AE%D8%AF%D8%A7%D9%85-python
403 Forbidden,Non trouvé,Non trouvé,Non trouvé,Aucun avis,Inconnu,Inconnu,Aucun tag,https://khamsat.com/data/data-entry/3774734-%D8%A5%D8%AF%D8%AE%D8%A7%D9%84-%D9%88%D8%AA%D9%86%D8%B8%D9%8A%D9%85-%D8%A8%D9%8A%D8%A7%D9%86%D8%A7%D8%AA%D9%83-%D9%81%D9%8A-excel-%D8%A8%D8%AF%D9%82%D8%A9-%D9%88%D8%A7%D8%AD%D8%AA%D8%B1%D8%A7%D9%81%D9%8A%D8%A9
403 Forbidden,Non trouvé,Non trouvé,Non trouvé,Aucun avis,Inconnu,Inconnu,Aucun tag,https://khamsat.com/data/data-entry/3894808-%D8%A5%D8%AF%D8%AE%D8%A7%D9%84-%D8%A8%D9%8A%D8%A7%D9%86%D8%A7%D8%AA-%D8%B3%D8%B1%D9%8A%D8%B9-%D9%88%D8%AF%D9%82%D9%8A%D9%82-%D9%81%D9%8A-word-excel
403 Forbidden,Non trouvé,Non trouvé,Non trouvé,Aucun avis,Inconnu,Inconnu,Aucun tag,https://khamsat.com/data/data-processing/3865254-%D8%A7%D9%86%D8%B4%D8%A7%D8%A1-%D9%85%D9%84%D9%81-excel-%D8%AA%D8%AD%D9%84%D9%8A%D9%84-%D8%AA%D9%86%D8%B8%D9%8A%D9%85-%D8%AA%D9%86%D8%B3%D9%8A%D9%82-%D9%82%D9%88%D8%A7%D9%84%D8%A8-%D9%84%D9%84%D9%85%D9%87%D8%A7%D9%85-%D8%A7%D9%84%D9%8A%D9%88%D9%85%D9%8A%D8%A9
403 Forbidden,Non trouvé,Non trouvé,Non trouvé,Aucun avis,Inconnu,Inconnu,Aucun tag,https://khamsat.com/data/data-dashboards/3687957-%D8%AA%D8%AD%D9%84%D9%8A%D9%84-%D8%A7%D9%84%D8%A8%D9%8A%D8%A7%D9%86%D8%A7%D8%AA-%D9%88%D8%A8%D9%86%D8%A7%D8%A1-%D8%AA%D9%82%D8%A7%D8%B1%D9%8A%D8%B1-%D8%AA%D9%81%D8%A7%D8%B9%D9%84%D9%8A%D8%A9-%D8%B9%D8%A8%D8%B1-power-bi
403 Forbidden,Non trouvé,Non trouvé,Non trouvé,Aucun avis,Inconnu,Inconnu,Aucun tag,https://khamsat.com/data/data-analytics/2477521-%D8%A7%D9%84%D8%AA%D8%AD%D9%84%D9%8A%D9%84-%D8%A7%D9%84%D8%A7%D8%AD%D8%B5%D8%A7%D8%A6%D9%8A-%D8%A8%D8%A7%D8%B3%D8%AA%D8%AE%D8%AF%D8%A7%D9%85-%D8%A8%D8%B1%D9%86%D8%A7%D9%85%D8%AC-spss-eviews
403 Forbidden,Non trouvé,Non trouvé,Non trouvé,Aucun avis,Inconnu,Inconnu,Aucun tag,https://khamsat.com/data/data-entry/2607202-%D8%A7%D8%AF%D8%AE%D8%A7%D9%84-%D9%88%D8%AA%D9%86%D8%B3%D9%8A%D9%82-%D8%A8%D9%8A%D8%A7%D9%86%D8%A7%D8%AA-%D8%B9%D9%84%D9%89-wordexcel-%D8%B9%D8%B1%D8%A8%D9%8A-%D9%88-%D8%A7%D9%86%D8%AC%D9%84%D9%8A%D8%B2%D9%8A
403 Forbidden,Non trouvé,Non trouvé,Non trouvé,Aucun avis,Inconnu,Inconnu,Aucun tag,https://khamsat.com/data/data-dashboards/3723782-%D8%A8%D9%86%D8%A7%D8%A1-%D9%84%D9%88%D8%AD%D8%A9-%D8%B1%D9%82%D9%85%D9%8A%D8%A9-%D8%AA%D9%81%D8%A7%D8%B9%D9%84%D9%8A%D8%A9-dashboard-%D8%A7%D8%AD%D8%AA%D8%B1%D8%A7%D9%81%D9%8A%D8%A9
403 Forbidden,Non trouvé,Non trouvé,Non trouvé,Aucun avis,Inconnu,Inconnu,Aucun tag,https://khamsat.com/data/data-processing/3920296-%D8%AA%D9%86%D8%B8%D9%8A%D9%81-%D9%88%D8%AA%D9%87%D9%8A%D8%A6%D8%A9-%D8%A7%D9%84%D8%A8%D9%8A%D8%A7%D9%86%D8%A7%D8%AA-%D8%A8%D8%A7%D8%B3%D8%AA%D8%AE%D8%AF%D8%A7%D9%85-python-%D9%88pandas-%D8%A8%D8%A7%D8%AD%D8%AA%D8%B1%D8%A7%D9%81%D9%8A%D8%A9-%D8%B9%D8%A7%D9%84%D9%8A%D8%A9
403 Forbidden,Non trouvé,Non trouvé,Non trouvé,Aucun avis,Inconnu,Inconnu,Aucun tag,https://khamsat.com/data/data-analytics/3121559-%D8%A5%D9%86%D8%B4%D8%A7%D8%A1-%D9%84%D9%88%D8%AD%D8%A7%D8%AA-%D8%AA%D8%AD%D9%83%D9%85-%D8%AA%D9%81%D8%A7%D8%B9%D9%84%D9%8A%D8%A9-%D9%84%D8%AA%D9%82%D8%AF%D9%8A%D9%85-%D8%B1%D8%A4%D9%8A%D8%A9-%D9%88%D8%A7%D8%B6%D8%AD%D8%A9-%D9%84%D9%84%D8%A8%D9%8A%D8%A7%D9%86%D8%A7%D8%AA
403 Forbidden,Non trouvé,Non trouvé,Non trouvé,Aucun avis,Inconnu,Inconnu,Aucun tag,https://khamsat.com/data/data-entry/3290697-%D8%A7%D9%86%D8%B4%D8%A7%D8%A1-%D9%88%D8%A7%D8%AF%D8%AE%D8%A7%D9%84-%D8%A8%D9%8A%D8%A7%D9%86%D8%A7%D8%AA-%D9%81%D9%8A-%D8%A7%D9%83%D8%B3%D9%8A%D9%84-%D9%88%D8%AA%D9%86%D8%B3%D9%8A%D9%82%D9%87%D8%A7
403 Forbidden,Non trouvé,Non trouvé,Non trouvé,Aucun avis,Inconnu,Inconnu,Aucun tag,https://khamsat.com/data/data-dashboards/3832589-%D8%A5%D9%86%D8%B4%D8%A7%D8%A1-%D9%84%D9%88%D8%AD%D8%A9-%D8%A8%D9%8A%D8%A7%D9%86%D8%A7%D8%AA-%D8%AA%D9%81%D8%A7%D8%B9%D9%84%D9%8A%D8%A9-dashboard-%D8%A8%D8%A7%D8%B3%D8%AA%D8%AE%D8%AF%D8%A7%D9%85-power-bi
403 Forbidden,Non trouvé,Non trouvé,Non trouvé,Aucun avis,Inconnu,Inconnu,Aucun tag,https://khamsat.com/data/data-processing/3818245-%D8%AA%D9%86%D8%B8%D9%8A%D9%81-%D8%A7%D9%84%D8%A8%D9%8A%D8%A7%D9%86%D8%A7%D8%AA-%D8%A8%D8%A7%D8%B3%D8%AA%D8%AE%D8%AF%D8%A7%D9%85-%D8%A8%D8%A7%D9%8A%D8%AB%D9%88%D9%86
403 Forbidden,Non trouvé,Non trouvé,Non trouvé,Aucun avis,Inconnu,Inconnu,Aucun tag,https://khamsat.com/data/data-analytics/3781505-%D8%AA%D8%B5%D9%85%D9%8A%D9%85-%D9%82%D9%88%D8%A7%D8%B9%D8%AF-%D8%A7%D9%84%D8%A8%D9%8A%D8%A7%D9%86%D8%A7%D8%AA-sql-database
403 Forbidden,Non trouvé,Non trouvé,Non trouvé,Aucun avis,Inconnu,Inconnu,Aucun tag,https://khamsat.com/data/data-entry/2916601-%D8%B3%D9%88%D9%81-%D8%A3%D9%82%D9%88%D9%85-%D8%A8%D8%B9%D9%85%D9%84-%D8%AC%D8%AF%D9%88%D9%84-%D8%A7%D9%84%D9%85%D8%AD%D8%AA%D9%88%D9%8A%D8%A7%D8%AA-%D9%88%D8%A7%D9%84%D8%A3%D8%B4%D9%83%D8%A7%D9%84-%D9%88%D8%A7%D9%84%D8%AC%D8%AF%D8%A7%D9%88%D9%84-%D8%A7%D9%88%D8%AA%D9%88%D9%85%D8%A7%D8%AA%D9%8A%D9%83%D9%8A%D8%A7
403 Forbidden,Non trouvé,Non trouvé,Non trouvé,Aucun avis,Inconnu,Inconnu,Aucun tag,https://khamsat.com/data/data-dashboards/3617455-%D8%AA%D8%B5%D9%85%D9%8A%D9%85-%D8%AF%D8%A7%D8%B4%D8%A8%D9%88%D8%B1%D8%AF-%D8%AA%D9%81%D8%A7%D8%B9%D9%84%D9%8A-%D8%A7%D8%AD%D8%AA%D8%B1%D8%A7%D9%81%D9%8A-%D8%A8%D8%A7%D8%B3%D8%AA%D8%AE%D8%AF%D8%A7%D9%85-excel-%D8%A3%D9%88-power-bi-%D9%84%D8%B9%D8%B1%D8%B6
403 Forbidden,Non trouvé,Non trouvé,Non trouvé,Aucun avis,Inconnu,Inconnu,Aucun tag,https://khamsat.com/data/data-processing/3647960-%D8%A7%D9%86%D8%B4%D8%A7%D8%A1-%D9%85%D9%84%D9%81-%D8%A7%D9%83%D8%B3%D9%84-%D8%A7%D8%AD%D8%AA%D8%B1%D8%A7%D9%81%D9%8A-excel
403 Forbidden,Non trouvé,Non trouvé,Non trouvé,Aucun avis,Inconnu,Inconnu,Aucun tag,https://khamsat.com/data/data-analytics/3232346-%D8%AA%D8%B5%D9%85%D9%8A%D9%85-%D8%AF%D8%A7%D8%B4%D8%A8%D9%88%D8%B1%D8%AF-%D8%AA%D9%81%D8%A7%D8%B9%D9%84%D9%8A-%D8%A8%D8%A8%D8%B1%D9%86%D8%A7%D9%85%D8%AC-%D8%A7%D9%83%D8%B3%D9%8A%D9%84-excel-dashboard
403 Forbidden,Non trouvé,Non trouvé,Non trouvé,Aucun avis,Inconnu,Inconnu,Aucun tag,https://khamsat.com/data/data-entry/3770260-%D8%A5%D8%AF%D8%AE%D8%A7%D9%84-%D8%A7%D9%84%D8%A8%D9%8A%D8%A7%D9%86%D8%A7%D8%AA-%D9%85%D8%B9-%D8%AA%D9%86%D8%B8%D9%8A%D9%81%D9%87%D8%A7-%D9%88%D8%AA%D8%AD%D9%84%D9%8A%D9%84%D9%87%D8%A7-%D8%A8%D8%A7%D8%AD%D8%AA%D8%B1%D8%A7%D9%81%D9%8A%D8%A9-%D8%A8%D8%A7%D8%B3%D8%AA%D8%AE%D8%AF%D8%A7%D9%85-excel
403 Forbidden,Non trouvé,Non trouvé,Non trouvé,Aucun avis,Inconnu,Inconnu,Aucun tag,https://khamsat.com/data/data-dashboards/3679369-%D8%AA%D8%B5%D9%85%D9%8A%D9%85-%D9%84%D9%88%D8%AD%D8%A7%D8%AA-%D8%AA%D8%AD%D9%83%D9%85-dashboards-%D8%AA%D9%81%D8%A7%D8%B9%D9%84%D9%8A%D8%A9-%D9%84%D8%AA%D8%AD%D9%88%D9%8A%D9%84-%D8%A8%D9%8A%D8%A7%D9%86%D8%A7%D8%AA%D9%83-%D8%A5%D9%84%D9%89-%D8%B1%D8%A4%D9%89
403 Forbidden,Non trouvé,Non trouvé,Non trouvé,Aucun avis,Inconnu,Inconnu,Aucun tag,https://khamsat.com/data/data-analytics/3810303-%D8%AA%D8%AD%D9%84%D9%8A%D9%84-%D8%A7%D9%84%D8%A8%D9%8A%D8%A7%D9%86%D8%A7%D8%AA-%D8%A8%D8%A7%D8%B3%D8%AA%D8%AE%D8%AF%D8%A7%D9%85-power-bi
403 Forbidden,Non trouvé,Non trouvé,Non trouvé,Aucun avis,Inconnu,Inconnu,Aucun tag,https://khamsat.com/data/data-processing/3836854-%D8%AA%D8%B5%D9%85%D9%8A%D9%85-%D9%85%D9%84%D9%81-excel-%D8%A7%D8%AD%D8%AA%D8%B1%D8%A7%D9%81%D9%8A-%D9%84%D8%A5%D8%AF%D8%A7%D8%B1%D8%A9-%D8%A7%D9%84%D9%85%D8%AE%D8%B2%D9%88%D9%86-%D9%88%D8%AA%D8%AA%D8%A8%D8%B9-%D8%AD%D8%B1%D9%83%D8%A9-%D8%A7%D9%84%D8%A3%D8%B5%D9%86%D8%A7%D9%81
403 Forbidden,Non trouvé,Non trouvé,Non trouvé,Aucun avis,Inconnu,Inconnu,Aucun tag,https://khamsat.com/data/data-dashboards/3802809-%D8%B9%D9%85%D9%84-%D8%AF%D8%A7%D8%B4%D8%A8%D9%88%D8%B1%D8%AF-%D8%AA%D9%81%D8%A7%D8%B9%D9%84%D9%8A%D9%87-interactive-dashboard-%D8%A8%D8%A7%D8%B3%D8%AA%D8%AE%D8%AF%D8%A7%D9%85-power-bi
403 Forbidden,Non trouvé,Non trouvé,Non trouvé,Aucun avis,Inconnu,Inconnu,Aucun tag,https://khamsat.com/data/data-entry/3138515-%D8%A7%D8%AF%D8%AE%D8%A7%D9%84-%D8%A8%D9%8A%D8%A7%D9%86%D8%A7%D8%AA-excel-%D9%88%D9%81%D9%82%D8%A7-%D9%84%D8%A7%D8%AD%D8%AA%D9%8A%D8%A7%D8%AC%D8%A7%D8%AA%D9%83
403 Forbidden,Non trouvé,Non trouvé,Non trouvé,Aucun avis,Inconnu,Inconnu,Aucun tag,https://khamsat.com/data/data-analytics/3544727-%D8%AA%D8%AD%D9%84%D9%8A%D9%84-%D8%A7%D9%84%D8%A8%D9%8A%D8%A7%D9%86%D8%A7%D8%AA-%D9%88%D8%AA%D9%86%D8%B8%D9%8A%D9%85%D9%87%D8%A7-%D8%A8%D8%A7%D8%AD%D8%AA%D8%B1%D8%A7%D9%81-%D8%A8%D8%A7%D8%B3%D8%AA%D8%AE%D8%AF%D8%A7%D9%85-excel-%D9%88power-query
403 Forbidden,Non trouvé,Non trouvé,Non trouvé,Aucun avis,Inconnu,Inconnu,Aucun tag,https://khamsat.com/data/data-processing/3689169-%D8%AD%D9%84%D9%88%D9%84-%D8%A7%D8%AD%D8%AA%D8%B1%D8%A7%D9%81%D9%8A%D8%A9-%D9%84%D8%AA%D9%86%D8%B8%D9%8A%D9%85-%D9%88%D8%AA%D8%A8%D8%B3%D9%8A%D8%B7-%D8%A8%D9%8A%D8%A7%D9%86%D8%A7%D8%AA%D9%83-%D9%85%D9%87%D9%85%D8%A7-%D9%83%D8%A7%D9%86%D8%AA-%D9%85%D8%B9%D9%82%D8%AF%D8%A9
403 Forbidden,Non trouvé,Non trouvé,Non trouvé,Aucun avis,Inconnu,Inconnu,Aucun tag,https://khamsat.com/data/data-entry/3026143-%D8%A5%D8%AF%D8%AE%D8%A7%D9%84-%D8%A8%D9%86%D9%88%D9%83-%D8%A7%D9%84%D8%A3%D8%B3%D8%A6%D9%84%D8%A9-%D8%B9%D9%84%D9%8A-%D8%A7%D9%84%D8%A8%D9%88%D8%A7%D8%A8%D8%A9-%D8%A7%D9%84%D8%B0%D9%83%D9%8A%D8%A9-%D9%84%D9%84%D8%AA%D8%B9%D9%84%D9%8A%D9%85-%D9%81%D9%8A-%D8%A7%D9%84%D8%A5%D9%85%D8%A7%D8%B1%D8%A7%D8%AA
403 Forbidden,Non trouvé,Non trouvé,Non trouvé,Aucun avis,Inconnu,Inconnu,Aucun tag,https://khamsat.com/data/data-dashboards/2621721-%D8%AA%D8%B5%D9%85%D9%8A%D9%85-%D9%88-%D8%A5%D9%86%D8%B4%D8%A7%D8%A1-%D8%AF%D8%A7%D8%B4%D8%A8%D9%88%D8%B1%D8%AF%D8%A7%D8%AA-%D9%88-%D8%AA%D9%82%D8%A7%D8%B1%D9%8A%D8%B1-%D8%A7%D8%AD%D8%AA%D8%B1%D8%A7%D9%81%D9%8A%D8%A9-%D8%A8%D8%A7%D8%B3%D8%AA%D8%AE%D8%AF%D8%A7%D9%85-powerbi
403 Forbidden,Non trouvé,Non trouvé,Non trouvé,Aucun avis,Inconnu,Inconnu,Aucun tag,https://khamsat.com/data/data-processing/3814242-%D8%AA%D8%B7%D9%88%D9%8A%D8%B1-%D8%AA%D9%86%D8%B3%D9%8A%D9%82-%D8%AA%D8%B1%D8%AA%D9%8A%D8%A8-%D9%85%D9%84%D9%81%D8%A7%D8%AA-%D8%A7%D9%84%D8%A5%D9%83%D8%B3%D9%8A%D9%84
403 Forbidden,Non trouvé,Non trouvé,Non trouvé,Aucun avis,Inconnu,Inconnu,Aucun tag,https://khamsat.com/data/data-analytics/2725053-%D8%AA%D8%AD%D9%84%D9%8A%D9%84-%D8%A7%D9%84%D8%A8%D9%8A%D8%A7%D9%86%D8%A7%D8%AA-%D8%A8%D8%A7%D8%B3%D8%AA%D8%AE%D8%AF%D8%A7%D9%85-power-bi
403 Forbidden,Non trouvé,Non trouvé,Non trouvé,Aucun avis,Inconnu,Inconnu,Aucun tag,https://khamsat.com/data/data-entry/2275143-%D8%A5%D8%AF%D8%AE%D8%A7%D9%84-%D8%A7%D9%84%D8%A8%D9%8A%D8%A7%D9%86%D8%A7%D8%AA-%D8%B9%D9%84%D9%89-excel-powerpoint-word
403 Forbidden,Non trouvé,Non trouvé,Non trouvé,Aucun avis,Inconnu,Inconnu,Aucun tag,https://khamsat.com/data/data-dashboards/3792340-%D8%A7%D9%86%D8%B4%D8%A7%D8%A1-%D9%85%D8%AE%D8%B7%D8%B7%D8%A7%D8%AA-%D9%88%D8%B1%D8%B3%D9%88%D9%85-%D8%A8%D9%8A%D8%A7%D9%86%D9%8A%D8%A9-%D8%A7%D8%AD%D8%AA%D8%B1%D8%A7%D9%81%D9%8A%D8%A9-%D9%85%D9%86-%D8%A8%D9%8A%D8%A7%D9%86%D8%A7%D8%AA%D9%83-csvexcel
403 Forbidden,Non trouvé,Non trouvé,Non trouvé,Aucun avis,Inconnu,Inconnu,Aucun tag,https://khamsat.com/data/data-analytics/3689333-%D8%AA%D8%AD%D9%84%D9%8A%D9%84-%D8%A8%D9%8A%D8%A7%D9%86%D8%A7%D8%AA-%D9%88-%D8%B9%D9%85%D9%84-%D8%AF%D8%A7%D8%B4%D8%A8%D9%88%D8%B1%D8%AF-%D8%AA%D9%81%D8%A7%D8%B9%D9%84%D9%89-%D8%A7%D8%AD%D8%AA%D8%B1%D8%A7%D9%81%D9%89
403 Forbidden,Non trouvé,Non trouvé,Non trouvé,Aucun avis,Inconnu,Inconnu,Aucun tag,https://khamsat.com/data/data-processing/3846862-%D9%85%D8%B9%D8%A7%D9%84%D8%AC%D8%A9-%D8%A8%D9%8A%D8%A7%D9%86%D8%A7%D8%AA-%D8%A7%D9%84%D8%A7%D8%B3%D8%AA%D8%A8%D9%8A%D8%A7%D9%86-%D9%88%D8%AA%D8%AD%D9%84%D9%8A%D9%84%D9%87-%D9%88%D9%81%D9%82-%D8%A7%D8%B3%D8%B3-%D8%B9%D9%84%D9%85%D9%8A%D8%A9-%D8%B3%D9%84%D9%8A%D9%85%D8%A9-%D9%88%D8%AF%D9%82%D9%8A%D9%82%D8%A9
403 Forbidden,Non trouvé,Non trouvé,Non trouvé,Aucun avis,Inconnu,Inconnu,Aucun tag,https://khamsat.com/data/data-entry/3609602-%D8%A5%D8%AF%D8%AE%D8%A7%D9%84-%D8%A8%D9%8A%D8%A7%D9%86%D8%A7%D8%AA-%D8%A7%D8%AD%D8%AA%D8%B1%D8%A7%D9%81%D9%8A-%D8%A8%D8%AF%D9%82%D8%A9-%D9%88%D8%B3%D8%B1%D8%B9%D8%A9-%D8%B9%D9%84%D9%89-excel-%D8%A3%D9%88-word
403 Forbidden,Non trouvé,Non trouvé,Non trouvé,Aucun avis,Inconnu,Inconnu,Aucun tag,https://khamsat.com/data/data-dashboards/3021530-%D8%AA%D8%B5%D9%85%D9%8A%D9%85-%D8%AF%D8%A7%D8%B4%D8%A8%D9%88%D8%B1%D8%AF-excel-%D8%AA%D9%81%D8%A7%D8%B9%D9%84%D9%8A%D8%A9-%D9%88%D8%AA%D8%AD%D9%84%D9%8A%D9%84-%D8%A8%D9%8A%D8%A7%D9%86%D8%A7%D8%AA-%D8%AF%D9%82%D9%8A%D9%82-%D9%84%D8%A3%D8%B9%D9%85%D8%A7%D9%84%D9%83
403 Forbidden,Non trouvé,Non trouvé,Non trouvé,Aucun avis,Inconnu,Inconnu,Aucun tag,https://khamsat.com/data/data-processing/3854267-%D8%AA%D9%86%D8%B8%D9%8A%D9%81-%D8%A7%D9%84%D8%A8%D9%8A%D8%A7%D9%86%D8%A7%D8%AA-%D8%A8%D8%A7%D8%B3%D8%AA%D8%AE%D8%AF%D8%A7%D9%85-%D8%A8%D8%A7%D9%8A%D8%AB%D9%88%D9%86-data-cleaning-with-python
403 Forbidden,Non trouvé,Non trouvé,Non trouvé,Aucun avis,Inconnu,Inconnu,Aucun tag,https://khamsat.com/data/data-analytics/3736477-%D8%AA%D8%B5%D9%85%D9%8A%D9%85-%D8%AF%D8%A7%D8%B4%D8%A8%D9%88%D8%B1%D8%AF-%D8%AA%D9%81%D8%A7%D8%B9%D9%84%D9%8A%D8%A9-%D9%88%D8%A7%D8%AD%D8%AA%D8%B1%D8%A7%D9%81%D9%8A%D8%A9-%D8%A8%D8%A7%D8%B3%D8%AA%D8%AE%D8%AF%D8%A7%D9%85-power-bi
403 Forbidden,Non trouvé,Non trouvé,Non trouvé,Aucun avis,Inconnu,Inconnu,Aucun tag,https://khamsat.com/data/data-entry/3799064-%D8%A5%D8%AF%D8%AE%D8%A7%D9%84-%D8%A7%D9%84%D8%A8%D9%8A%D8%A7%D9%86%D8%A7%D8%AA-%D8%A5%D9%84%D9%89-excel-%D9%85%D9%86-%D9%85%D8%B5%D8%A7%D8%AF%D8%B1-%D9%85%D8%AE%D8%AA%D9%84%D9%81%D8%A9-%D9%88%D8%AA%D9%86%D8%B3%D9%8A%D9%82%D9%87%D8%A7
403 Forbidden,Non trouvé,Non trouvé,Non trouvé,Aucun avis,Inconnu,Inconnu,Aucun tag,https://khamsat.com/data/data-dashboards/3928147-%D8%AA%D8%B5%D9%85%D9%8A%D9%85-dashboard-%D8%A7%D8%AD%D8%AA%D8%B1%D8%A7%D9%81%D9%8A%D8%A9-%D9%88%D8%AA%D8%AD%D9%84%D9%8A%D9%84-%D8%A8%D9%8A%D8%A7%D9%86%D8%A7%D8%AA-%D9%85%D8%AA%D9%82%D8%AF%D9%85-power-biexcel
403 Forbidden,Non trouvé,Non trouvé,Non trouvé,Aucun avis,Inconnu,Inconnu,Aucun tag,https://khamsat.com/data/data-processing/3801250-%D8%AA%D9%86%D8%B8%D9%8A%D9%81-%D8%A8%D9%8A%D8%A7%D9%86%D8%A7%D8%AA-%D9%85%D9%86-%D8%A7%D9%84%D8%A3%D8%AE%D8%B7%D8%A7%D8%A1-%D9%88%D8%A7%D9%84%D9%82%D9%8A%D9%85-%D8%A7%D9%84%D9%85%D9%81%D9%82%D9%88%D8%AF%D8%A9-%D8%A8%D8%A7%D8%B3%D8%AA%D8%AE%D8%AF%D8%A7%D9%85-power-query
403 Forbidden,Non trouvé,Non trouvé,Non trouvé,Aucun avis,Inconnu,Inconnu,Aucun tag,https://khamsat.com/data/data-analytics/3319418-%D8%A5%D9%86%D8%B4%D8%A7%D8%A1-%D9%85%D9%84%D9%81-%D8%A7%D9%83%D8%B3%D9%8A%D9%84-%D8%A7%D8%AD%D8%AA%D8%B1%D8%A7%D9%81%D9%8A-%D9%85%D9%86-%D8%A7%D9%84%D8%A8%D8%AF%D8%A7%D9%8A%D8%A9-%D8%A8%D8%A7%D8%B3%D8%AA%D8%AE%D8%AF%D8%A7%D9%85-%D9%85%D8%B9%D8%A7%D8%AF%D9%84%D8%A7%D8%AA-%D9%85%D8%AA%D9%82%D8%AF%D9%85%D8%A9
403 Forbidden,Non trouvé,Non trouvé,Non trouvé,Aucun avis,Inconnu,Inconnu,Aucun tag,https://khamsat.com/data/data-dashboards/3730331-%D8%AA%D8%B5%D9%85%D9%8A%D9%85-%D8%AF%D8%A7%D8%B4%D8%A8%D9%88%D8%B1%D8%AF-%D8%AA%D9%81%D8%A7%D8%B9%D9%84%D9%8A%D8%A9-%D9%84%D8%AA%D8%AD%D9%84%D9%8A%D9%84-%D8%A8%D9%8A%D8%A7%D9%86%D8%AA%D9%83-%D8%B9%D9%84%D9%8A-power-bi
403 Forbidden,Non trouvé,Non trouvé,Non trouvé,Aucun avis,Inconnu,Inconnu,Aucun tag,https://khamsat.com/data/data-entry/658955-%D9%85%D8%AF%D8%AE%D9%84-%D8%A8%D9%8A%D8%A7%D9%86%D8%A7%D8%AA
403 Forbidden,Non trouvé,Non trouvé,Non trouvé,Aucun avis,Inconnu,Inconnu,Aucun tag,https://khamsat.com/data/data-processing/3329919-%D8%A7%D8%AF%D8%AE%D8%A7%D9%84-%D8%A7%D9%84%D8%A8%D9%8A%D8%A7%D9%86%D8%A7%D8%AA-%D9%81%D9%8A-excel-%D8%A3%D9%88-google-sheets-%D9%85%D8%B9-%D8%A7%D9%84%D8%AA%D9%86%D8%B3%D9%8A%D9%82-%D9%88%D8%A7%D9%84%D8%AA%D8%AD%D9%84%D9%8A%D9%84
403 Forbidden,Non trouvé,Non trouvé,Non trouvé,Aucun avis,Inconnu,Inconnu,Aucun tag,https://khamsat.com/data/data-analytics/3882560-excel-dashboard-%D8%A5%D9%83%D8%B3%D9%84-%D8%AF%D8%A7%D8%B4%D8%A8%D9%88%D8%B1%D8%AF
403 Forbidden,Non trouvé,Non trouvé,Non trouvé,Aucun avis,Inconnu,Inconnu,Aucun tag,https://khamsat.com/data/data-entry/3838463-%D8%AE%D8%AF%D9%85%D8%A9-%D8%A5%D8%AF%D8%AE%D8%A7%D9%84-%D9%88%D8%AA%D9%86%D8%B8%D9%8A%D9%85-%D8%A7%D9%84%D8%A8%D9%8A%D8%A7%D9%86%D8%A7%D8%AA-%D8%B9%D9%84%D9%89-excel-%D9%88google-sheets-%D8%A8%D8%A7%D8%AD%D8%AA%D8%B1%D8%A7%D9%81
403 Forbidden,Non trouvé,Non trouvé,Non trouvé,Aucun avis,Inconnu,Inconnu,Aucun tag,https://khamsat.com/data/data-dashboards/3877155-%D8%AA%D8%B5%D9%85%D9%8A%D9%85-%D9%84%D9%88%D8%AD%D8%A7%D8%AA-%D8%A8%D9%8A%D8%A7%D9%86%D8%A7%D8%AA-%D8%AA%D9%81%D8%A7%D8%B9%D9%84%D9%8A%D8%A9-%D8%A7%D8%AD%D8%AA%D8%B1%D8%A7%D9%81%D9%8A%D8%A9-%D9%88%D8%B3%D9%87%D9%84%D8%A9-%D8%A7%D9%84%D9%81%D9%87%D9%85
403 Forbidden,Non trouvé,Non trouvé,Non trouvé,Aucun avis,Inconnu,Inconnu,Aucun tag,https://khamsat.com/data/data-analytics/3045544-%D8%AA%D8%AD%D9%84%D9%8A%D9%84-%D8%A7%D9%84%D8%A8%D9%8A%D8%A7%D9%86%D8%A7%D8%AA-%D8%A8%D9%88%D8%A7%D8%B3%D8%B7%D8%A9-microsoft-power-bi
403 Forbidden,Non trouvé,Non trouvé,Non trouvé,Aucun avis,Inconnu,Inconnu,Aucun tag,https://khamsat.com/data/data-processing/3829865-%D8%AA%D9%86%D8%B8%D9%8A%D9%81-%D9%88%D9%85%D8%B9%D8%A7%D9%84%D8%AC%D8%A9-%D8%A7%D9%84%D8%A8%D9%8A%D8%A7%D9%86%D8%A7%D8%AA-%D8%A8%D8%A7%D8%B3%D8%AA%D8%AE%D8%AF%D8%A7%D9%85-python-excel-power-query
403 Forbidden,Non trouvé,Non trouvé,Non trouvé,Aucun avis,Inconnu,Inconnu,Aucun tag,https://khamsat.com/data/data-entry/3906250-%D8%A5%D8%AF%D8%AE%D8%A7%D9%84-%D8%A7%D9%84%D8%A8%D9%8A%D8%A7%D9%86%D8%A7%D8%AA-%D8%A5%D9%84%D9%89-%D9%85%D9%84%D9%81-%D8%A3%D9%83%D8%B3%D9%84-excel-%D9%88%D8%AA%D9%86%D8%B3%D9%8A%D9%82%D9%87%D8%A7
403 Forbidden,Non trouvé,Non trouvé,Non trouvé,Aucun avis,Inconnu,Inconnu,Aucun tag,https://khamsat.com/data/data-dashboards/3696414-%D8%A7%D8%B9%D8%AF%D8%A7%D8%AF-%D8%AA%D9%82%D8%A7%D8%B1%D9%8A%D8%B1-%D9%88-dashboards-%D8%AA%D9%81%D8%A7%D8%B9%D9%84%D9%8A%D8%A9-%D8%A8%D8%A7%D8%B3%D8%AA%D8%AE%D8%AF%D8%A7%D9%85-powerbi
403 Forbidden,Non trouvé,Non trouvé,Non trouvé,Aucun avis,Inconnu,Inconnu,Aucun tag,https://khamsat.com/data/data-analytics/2967171-%D8%AF%D8%A7%D8%B4-%D8%A8%D9%88%D8%B1%D8%AF-dashboard-%D8%AF%D9%8A%D9%86%D8%A7%D9%85%D9%8A%D9%83%D9%8A-%D9%88%D8%AA%D9%81%D8%A7%D8%B9%D9%84%D9%8A-%D8%B9%D9%84%D9%89-%D8%A8%D8%B1%D9%86%D8%A7%D9%85%D8%AC-power-bi
403 Forbidden,Non trouvé,Non trouvé,Non trouvé,Aucun avis,Inconnu,Inconnu,Aucun tag,https://khamsat.com/data/data-processing/3432004-%D8%A5%D8%B9%D8%AF%D8%A7%D8%AF-%D8%AA%D9%82%D8%A7%D8%B1%D9%8A%D8%B1-%D9%85%D8%A7%D9%84%D9%8A%D8%A9-%D8%B4%D9%87%D8%B1%D9%8A%D8%A9-%D8%A7%D8%AD%D8%AA%D8%B1%D8%A7%D9%81%D9%8A%D8%A9-%D8%B9%D9%84%D9%89-excel
403 Forbidden,Non trouvé,Non trouvé,Non trouvé,Aucun avis,Inconnu,Inconnu,Aucun tag,https://khamsat.com/data/data-entry/3080146-%D8%A7%D8%AD%D8%B5%D9%84-%D8%B9%D9%84%D9%89-%D9%85%D9%84%D9%81-excel-%D8%A7%D8%AD%D8%AA%D8%B1%D8%A7%D9%81%D9%8A-%D8%A8%D9%83%D9%84-%D9%85%D8%A7-%D8%AA%D8%AD%D8%AA%D8%A7%D8%AC%D9%87
403 Forbidden,Non trouvé,Non trouvé,Non trouvé,Aucun avis,Inconnu,Inconnu,Aucun tag,https://khamsat.com/data/data-dashboards/3262669-%D8%B9%D9%85%D9%84-%D8%AF%D8%A7%D8%B4%D8%A8%D9%88%D8%B1%D8%AF-%D8%AA%D9%81%D8%A7%D8%B9%D9%84%D9%89-interactive-dashboard-%D8%A8%D8%A7%D8%B3%D8%AA%D8%AE%D8%AF%D8%A7%D9%85-power-bi
403 Forbidden,Non trouvé,Non trouvé,Non trouvé,Aucun avis,Inconnu,Inconnu,Aucun tag,https://khamsat.com/data/data-processing/3780393-%D8%AA%D9%86%D8%B8%D9%8A%D9%81-%D9%88%D9%85%D8%B9%D8%A7%D9%84%D8%AC%D8%A9-%D8%A7%D9%84%D8%A8%D9%8A%D8%A7%D9%86%D8%A7%D8%AA-data-cleaning-%D9%88-preprocessing
403 Forbidden,Non trouvé,Non trouvé,Non trouvé,Aucun avis,Inconnu,Inconnu,Aucun tag,https://khamsat.com/data/data-analytics/2234654-%D9%85%D8%B9%D8%A7%D9%84%D8%AC%D8%A9-%D9%88%D8%AA%D8%B5%D9%86%D9%8A%D9%81-%D9%88%D8%AA%D8%AD%D9%84%D9%8A%D9%84-%D8%A7%D9%84%D8%A8%D9%8A%D8%A7%D9%86%D8%A7%D8%AA-%D9%88%D8%AE%D8%AF%D9%85%D8%A7%D8%AA-%D9%81%D8%A7%D9%84%D8%AA%D8%B3%D9%88%D9%8A%D9%82-%D8%A7%D9%84%D8%A7%D9%84%D9%83%D8%AA%D8%B1%D9%88%D9%86%D9%8A
403 Forbidden,Non trouvé,Non trouvé,Non trouvé,Aucun avis,Inconnu,Inconnu,Aucun tag,https://khamsat.com/data/data-analytics/3878264-%D8%AA%D8%AD%D9%84%D9%8A%D9%84-%D8%A8%D9%8A%D8%A7%D9%86%D8%A7%D8%AA-%D8%A8%D8%A7%D8%B3%D8%AA%D8%AE%D8%AF%D8%A7%D9%85-%D8%AF%D8%A7%D8%B4%D8%A8%D9%88%D8%B1%D8%AF-%D8%A7%D9%83%D8%B3%D9%8A%D9%84
403 Forbidden,Non trouvé,Non trouvé,Non trouvé,Aucun avis,Inconnu,Inconnu,Aucun tag,https://khamsat.com/data/data-processing/3121705-%D9%85%D8%B9%D8%A7%D9%84%D8%AC%D9%87-%D9%88%D8%AA%D9%86%D8%B8%D9%8A%D9%81-%D8%A7%D9%84%D8%A8%D9%8A%D8%A7%D9%86%D8%A7%D8%AA-%D9%88-%D8%AA%D8%AD%D9%88%D9%8A%D9%84%D9%87%D8%A7-%D8%A5%D9%84%D9%89-%D8%B1%D8%A4%D9%8A%D8%A9-%D9%88%D8%A7%D8%B6%D8%AD%D8%A9
403 Forbidden,Non trouvé,Non trouvé,Non trouvé,Aucun avis,Inconnu,Inconnu,Aucun tag,https://khamsat.com/data/data-dashboards/3679441-%D8%A8%D9%86%D8%A7%D8%A1-dashboard-%D8%A7%D8%AD%D8%AA%D8%B1%D8%A7%D9%81%D9%8A-%D9%81%D9%8A-power-bi-%D9%84%D8%B9%D8%B1%D8%B6-%D9%88%D8%AA%D8%AD%D9%84%D9%8A%D9%84-%D8%A8%D9%8A%D8%A7%D9%86%D8%A7%D8%AA%D9%83
403 Forbidden,Non trouvé,Non trouvé,Non trouvé,Aucun avis,Inconnu,Inconnu,Aucun tag,https://khamsat.com/data/data-entry/3914192-%D8%B3%D8%A3%D9%82%D9%88%D9%85-%D8%A8%D8%A5%D8%AF%D8%AE%D8%A7%D9%84-%D8%A7%D9%84%D8%A8%D9%8A%D8%A7%D9%86%D8%A7%D8%AA-%D8%A8%D8%A7%D8%AD%D8%AA%D8%B1%D8%A7%D9%81%D9%8A%D8%A9-%D9%88%D8%AA%D9%86%D8%B8%D9%8A%D9%85%D9%87%D8%A7-%D8%B9%D9%84%D9%89-word-%D8%A3%D9%88-excel
403 Forbidden,Non trouvé,Non trouvé,Non trouvé,Aucun avis,Inconnu,Inconnu,Aucun tag,https://khamsat.com/data/data-processing/3737067-%D8%AA%D9%86%D8%B8%D9%8A%D9%81-%D9%88%D9%85%D8%B9%D8%A7%D9%84%D8%AC%D8%A9-%D8%A7%D9%84%D8%A8%D9%8A%D8%A7%D9%86%D8%A7%D8%AA-data-cleaning-and-reprocessing
403 Forbidden,Non trouvé,Non trouvé,Non trouvé,Aucun avis,Inconnu,Inconnu,Aucun tag,https://khamsat.com/data/data-dashboards/3679598-%D8%AA%D8%B5%D9%85%D9%8A%D9%85-%D8%AF%D8%A7%D8%B4%D8%A8%D9%88%D8%B1%D8%AF-%D8%A7%D8%AD%D8%AA%D8%B1%D8%A7%D9%81%D9%8A-%D9%88%D8%AA%D8%AD%D9%84%D9%8A%D9%84%D9%8A-%D9%84%D9%84%D8%A8%D9%8A%D8%A7%D9%86%D8%A7%D8%AA-%D9%85%D8%B9-%D9%85%D8%A4%D8%B4%D8%B1%D8%A7%D8%AA-%D8%A3%D8%AF%D8%A7%D8%A1-%D8%AA%D9%81%D8%A7%D8%B9%D9%84%D9%8A
403 Forbidden,Non trouvé,Non trouvé,Non trouvé,Aucun avis,Inconnu,Inconnu,Aucun tag,https://khamsat.com/data/data-analytics/3045621-%D8%AA%D8%AD%D9%84%D9%8A%D9%84-%D8%A7%D9%84%D8%A8%D9%8A%D8%A7%D9%86%D8%A7%D8%AA-%D8%A8%D9%88%D8%A7%D8%B3%D8%B7%D9%87-excel-and-google-sheet
403 Forbidden,Non trouvé,Non trouvé,Non trouvé,Aucun avis,Inconnu,Inconnu,Aucun tag,https://khamsat.com/data/data-entry/3845355-%D8%A5%D8%AF%D8%AE%D8%A7%D9%84-%D9%88%D8%AA%D9%86%D8%B8%D9%8A%D9%85-%D8%A7%D9%84%D8%A8%D9%8A%D8%A7%D9%86%D8%A7%D8%AA-%D8%A8%D8%AF%D9%82%D8%A9-%D9%88%D8%A7%D8%AD%D8%AA%D8%B1%D8%A7%D9%81%D9%8A%D8%A9-%D8%B9%D8%A7%D9%84%D9%8A%D8%A9-%D9%85%D8%B9-%D8%AA%D9%86%D8%B3%D9%8A%D9%82-%D8%A7%D9%84%D9%85%D9%84%D9%81%D8%A7%D8%AA
403 Forbidden,Non trouvé,Non trouvé,Non trouvé,Aucun avis,Inconnu,Inconnu,Aucun tag,https://khamsat.com/data/data-processing/1588933-%D9%83%D8%AA%D8%A7%D8%A8%D8%A9-%D9%85%D8%B9%D8%A7%D8%AF%D9%84%D8%A7%D8%AA-%D8%B1%D9%8A%D8%A7%D8%B6%D9%8A%D8%A9-%D8%A8%D9%85%D9%86%D8%AA%D9%87%D9%89-%D8%A7%D9%84%D8%AF%D9%82%D8%A9
403 Forbidden,Non trouvé,Non trouvé,Non trouvé,Aucun avis,Inconnu,Inconnu,Aucun tag,https://khamsat.com/data/data-analytics/2499842-%D8%AA%D8%AD%D9%84%D9%8A%D9%84-%D8%A7%D9%84%D8%A8%D9%8A%D8%A7%D9%86%D8%A7%D8%AA-%D8%A7%D8%AD%D8%AA%D8%B1%D8%A7%D9%81%D9%8A-%D8%A8%D8%A7%D8%B3%D8%AA%D8%AE%D8%AF%D8%A7%D9%85-spss
403 Forbidden,Non trouvé,Non trouvé,Non trouvé,Aucun avis,Inconnu,Inconnu,Aucun tag,https://khamsat.com/data/data-entry/1573844-%D8%A7%D8%AF%D8%AE%D9%84-50-%D9%85%D9%86%D8%AA%D8%AC-%D8%A7%D9%88-%D8%AF%D8%A7%D8%AA%D8%A7-%D9%85%D8%AE%D8%AA%D9%84%D9%81%D8%A9-%D8%B9%D9%84%D9%89-%D9%85%D9%88%D9%82%D8%B9%D9%83
403 Forbidden,Non trouvé,Non trouvé,Non trouvé,Aucun avis,Inconnu,Inconnu,Aucun tag,https://khamsat.com/data/data-dashboards/2097315-%D9%84%D9%88%D8%AD%D8%A9-%D8%AA%D8%AD%D9%83%D9%85-%D8%A3%D8%AD%D8%AA%D8%B1%D8%A7%D9%81%D9%8A%D8%A9-%D9%88%D8%AF%D9%8A%D9%86%D8%A7%D9%85%D9%8A%D9%83%D9%8A%D8%A9-%D8%A8%D8%A3%D8%B3%D8%AA%D8%AE%D8%AF%D8%A7%D9%85-laravel-livewire
403 Forbidden,Non trouvé,Non trouvé,Non trouvé,Aucun avis,Inconnu,Inconnu,Aucun tag,https://khamsat.com/data/data-processing/3381201-%D8%B9%D9%85%D9%84-%D8%AA%D9%86%D8%B8%D9%8A%D9%81-%D9%88-%D8%AA%D9%87%D9%8A%D8%A6%D9%87-%D8%A7%D9%84%D8%A8%D9%8A%D8%A7%D9%86%D8%A7%D8%AA-data-cleansing
403 Forbidden,Non trouvé,Non trouvé,Non trouvé,Aucun avis,Inconnu,Inconnu,Aucun tag,https://khamsat.com/data/data-entry/3896243-%D8%AE%D8%AF%D9%85%D8%A9-%D8%A5%D8%AF%D8%AE%D8%A7%D9%84-%D8%A8%D9%8A%D8%A7%D9%86%D8%A7%D8%AA-%D8%A7%D8%AD%D8%AA%D8%B1%D8%A7%D9%81%D9%8A%D8%A9-%D8%B9%D9%84%D9%89-%D8%A7%D9%84%D9%88%D9%88%D8%B1%D8%AF-word-%D8%A8%D8%B3%D8%B1%D8%B9%D8%A9-%D9%88%D8%AF%D9%82%D8%A9-%D8%B9%D8%A7%D9%84%D9%8A%D8%A9
403 Forbidden,Non trouvé,Non trouvé,Non trouvé,Aucun avis,Inconnu,Inconnu,Aucun tag,https://khamsat.com/data/data-analytics/3663939-%D8%AA%D8%AD%D9%84%D9%8A%D9%84-%D9%88-%D8%AA%D8%B5%D9%88%D9%8A%D8%B1-%D8%A7%D9%84%D8%A8%D9%8A%D8%A7%D9%86%D8%A7%D8%AA-data-visualization-%D9%88-dashboard
403 Forbidden,Non trouvé,Non trouvé,Non trouvé,Aucun avis,Inconnu,Inconnu,Aucun tag,https://khamsat.com/data/data-dashboards/3723732-%D8%AA%D8%AD%D9%84%D9%8A%D9%84-%D8%A3%D8%AF%D8%A7%D8%A1-%D8%A7%D9%84%D9%85%D8%A8%D9%8A%D8%B9%D8%A7%D8%AA-%D9%88%D8%AA%D8%B5%D9%85%D9%8A%D9%85-%D9%84%D9%88%D8%AD%D8%A7%D8%AA-%D8%AA%D8%AD%D9%83%D9%85-%D8%AA%D9%81%D8%A7%D8%B9%D9%84%D9%8A%D8%A9-%D8%A8%D8%A7%D8%B3%D8%AA%D8%AE%D8%AF%D8%A7%D9%85-excel
403 Forbidden,Non trouvé,Non trouvé,Non trouvé,Aucun avis,Inconnu,Inconnu,Aucun tag,https://khamsat.com/data/data-processing/3813879-%D8%AE%D8%AF%D9%85%D8%A9-%D8%AA%D9%86%D8%B8%D9%8A%D9%81-%D9%88%D8%AA%D9%86%D8%B8%D9%8A%D9%85-%D9%85%D9%84%D9%81%D8%A7%D8%AA-excel-%D8%A8%D8%A7%D8%AD%D8%AA%D8%B1%D8%A7%D9%81%D9%8A%D8%A9
403 Forbidden,Non trouvé,Non trouvé,Non trouvé,Aucun avis,Inconnu,Inconnu,Aucun tag,https://khamsat.com/data/data-entry/3926874-%D8%A7%D8%AF%D8%AE%D8%A7%D9%84-%D9%88%D8%AA%D9%81%D8%B1%D9%8A%D8%BA-%D9%88%D8%AA%D9%86%D8%B8%D9%8A%D9%85-%D8%A7%D9%84%D8%A8%D9%8A%D8%A7%D9%86%D8%A7%D8%AA-%D9%81%D9%8A-excel-%D8%A8%D8%B3%D8%B1%D8%B9%D8%A9%D9%88%D8%AF%D9%82%D8%A9
403 Forbidden,Non trouvé,Non trouvé,Non trouvé,Aucun avis,Inconnu,Inconnu,Aucun tag,https://khamsat.com/data/data-dashboards/3820650-%D8%AA%D8%B5%D9%85%D9%8A%D9%85-%D9%84%D9%88%D8%AD%D8%A9-%D8%AA%D8%AD%D9%83%D9%85-%D8%A7%D8%AD%D8%AA%D8%B1%D8%A7%D9%81%D9%8A%D8%A9-%D9%81%D9%8A-excel-%D9%84%D8%AA%D8%AD%D9%84%D9%8A%D9%84-%D9%88%D8%B9%D8%B1%D8%B6-%D8%A7%D9%84%D8%A8%D9%8A%D8%A7%D9%86%D8%A7%D8%AA
403 Forbidden,Non trouvé,Non trouvé,Non trouvé,Aucun avis,Inconnu,Inconnu,Aucun tag,https://khamsat.com/data/data-analytics/3078567-%D8%AA%D8%AD%D9%84%D9%8A%D9%84-%D8%A7%D9%84%D8%A8%D9%8A%D8%A7%D9%86%D8%A7%D8%AA-%D9%81%D9%8A-%D8%A7%D9%83%D8%B3%D9%84-%D9%85%D8%B9-%D8%B9%D9%85%D9%84-%D8%AA%D9%82%D8%B1%D9%8A%D8%B1-%D9%84%D9%87%D8%A7-%D9%84%D9%88%D8%AD%D8%A9-%D8%AA%D9%81%D8%A7%D8%B9%D9%84%D9%8A%D8%A9
403 Forbidden,Non trouvé,Non trouvé,Non trouvé,Aucun avis,Inconnu,Inconnu,Aucun tag,https://khamsat.com/data/data-entry/3853687-%D8%A5%D8%AF%D8%AE%D8%A7%D9%84-%D9%88%D8%AA%D9%86%D8%B8%D9%8A%D9%85-%D8%A7%D9%84%D8%A8%D9%8A%D8%A7%D9%86%D8%A7%D8%AA-%D8%A8%D8%A7%D8%AD%D8%AA%D8%B1%D8%A7%D9%81-%D8%A8%D8%A7%D8%B3%D8%AA%D8%AE%D8%AF%D8%A7%D9%85-excel-%D9%88-google-sheets
403 Forbidden,Non trouvé,Non trouvé,Non trouvé,Aucun avis,Inconnu,Inconnu,Aucun tag,https://khamsat.com/data/data-processing/3112189-%D8%AA%D8%AD%D9%84%D9%8A%D9%84-%D8%A8%D9%8A%D8%A7%D9%86%D8%A7%D8%AA-eda-%D9%85%D8%B9-%D8%AA%D8%B5%D9%88%D9%8A%D8%B1-%D8%A8%D9%8A%D8%A7%D9%86%D9%8A-%D8%A8%D8%A7%D8%B3%D8%AA%D8%AE%D8%AF%D8%A7%D9%85-python
403 Forbidden,Non trouvé,Non trouvé,Non trouvé,Aucun avis,Inconnu,Inconnu,Aucun tag,https://khamsat.com/data/data-analytics/3078430-%D8%B9%D9%85%D9%84-%D8%AF%D8%A7%D8%B4%D8%A8%D9%88%D8%B1%D8%AF-%D8%AA%D9%81%D8%A7%D8%B9%D9%84%D9%8A-excel-dashboard-%D8%A8%D8%B4%D9%83%D9%84-%D8%A7%D8%AD%D8%AA%D8%B1%D8%A7%D9%81%D9%8A
403 Forbidden,Non trouvé,Non trouvé,Non trouvé,Aucun avis,Inconnu,Inconnu,Aucun tag,https://khamsat.com/data/data-dashboards/3820811-%D8%A5%D9%86%D8%B4%D8%A7%D8%A1-%D9%84%D9%88%D8%AD%D8%A9-%D8%AA%D8%AD%D9%83%D9%85-%D8%AA%D9%81%D8%A7%D8%B9%D9%84%D9%8A%D8%A9-%D9%81%D9%8A-python-%D9%84%D8%B9%D8%B1%D8%B6-%D9%88%D8%AA%D8%AD%D9%84%D9%8A%D9%84-%D8%A7%D9%84%D8%A8%D9%8A%D8%A7%D9%86%D8%A7%D8%AA
403 Forbidden,Non trouvé,Non trouvé,Non trouvé,Aucun avis,Inconnu,Inconnu,Aucun tag,https://khamsat.com/data/data-entry/3926333-%D8%AA%D9%86%D8%B3%D9%8A%D9%82-%D9%88%D9%83%D8%AA%D8%A7%D8%A8%D8%A9-%D9%85%D9%84%D9%81%D8%A7%D8%AA-word-%D8%A8%D8%A7%D8%AD%D8%AA%D8%B1%D8%A7%D9%81%D9%8A%D8%A9-%D8%B9%D8%A7%D9%84%D9%8A%D8%A9
403 Forbidden,Non trouvé,Non trouvé,Non trouvé,Aucun avis,Inconnu,Inconnu,Aucun tag,https://khamsat.com/data/data-processing/3084626-%D8%A5%D9%86%D8%B4%D8%A7%D8%A1-%D9%85%D9%84%D9%81-excel-%D9%88%D8%B9%D9%85%D9%84-dashboard
403 Forbidden,Non trouvé,Non trouvé,Non trouvé,Aucun avis,Inconnu,Inconnu,Aucun tag,https://khamsat.com/data/data-analytics/3069113-%D8%B9%D9%85%D9%84-%D8%AA%D8%AD%D9%84%D9%8A%D9%84-%D9%85%D9%83%D8%A7%D9%86%D9%8A-%D9%84%D9%84-data-%D9%88%D8%A5%D8%AE%D8%B1%D8%A7%D8%AC%D9%87%D8%A7-%D8%A8%D8%B5%D9%8A%D8%BA%D8%A9-%D9%85%D9%84%D9%81-kml-%D9%88%D8%B5%D9%88%D8%B1%D8%A9-jpg
403 Forbidden,Non trouvé,Non trouvé,Non trouvé,Aucun avis,Inconnu,Inconnu,Aucun tag,https://khamsat.com/data/data-dashboards/3808167-%D8%AA%D8%B5%D9%85%D9%8A%D9%85-%D9%84%D9%88%D8%AD%D8%A7%D8%AA-%D8%AA%D8%AD%D9%83%D9%85-%D8%AA%D9%81%D8%A7%D8%B9%D9%84%D9%8A%D8%A9-%D8%A7%D8%AD%D8%AA%D8%B1%D8%A7%D9%81%D9%8A%D8%A9-%D8%B9%D9%84%D9%89-power-bi-%D9%88excel
403 Forbidden,Non trouvé,Non trouvé,Non trouvé,Aucun avis,Inconnu,Inconnu,Aucun tag,https://khamsat.com/data/data-processing/3044683-%D9%85%D8%B9%D8%A7%D9%84%D8%AC%D8%A9-%D9%88%D8%AA%D9%86%D8%B8%D9%8A%D9%81-%D8%A7%D9%84%D8%A8%D9%8A%D8%A7%D9%86%D8%A7%D8%AA-%D8%A8%D8%A7%D8%B3%D8%AA%D8%AE%D8%AF%D8%A7%D9%85-python-%D9%88power-query
403 Forbidden,Non trouvé,Non trouvé,Non trouvé,Aucun avis,Inconnu,Inconnu,Aucun tag,https://khamsat.com/data/data-entry/1196511-%D9%83%D8%AA%D8%A7%D8%A8%D8%A9-%D9%88%D8%AA%D9%81%D8%B1%D9%8A%D8%BA-%D9%85%D9%84%D9%81%D8%A7%D8%AA-%D8%A8%D8%B5%D9%8A%D8%BA%D8%A9-pdf%D8%A7%D9%84%D9%83%D8%AA%D8%A8%D8%B5%D9%88%D8%B1-%D8%B3%D9%83%D8%A7%D9%86%D8%B1-%D9%88%D8%A8%D8%A7%D9%84%D9%81%D9%88%D9%86%D8%AE%D8%B7-%D8%A7%D9%84%D9%8A%D8%AF
403 Forbidden,Non trouvé,Non trouvé,Non trouvé,Aucun avis,Inconnu,Inconnu,Aucun tag,https://khamsat.com/data/data-analytics/3060432-%D8%A7%D9%84%D8%AA%D8%AD%D9%84%D9%8A%D9%84-%D8%A7%D9%84%D8%A7%D8%AD%D8%B5%D8%A7%D8%A6%D9%8A-%D8%A8%D8%A7%D8%B3%D8%AA%D8%AE%D8%AF%D8%A7%D9%85-%D8%A8%D8%B1%D9%86%D8%A7%D9%85%D8%AC-spss
403 Forbidden,Non trouvé,Non trouvé,Non trouvé,Aucun avis,Inconnu,Inconnu,Aucun tag,https://khamsat.com/data/data-dashboards/3801002-%D8%B9%D9%85%D9%84-%D9%84%D9%88%D8%AD%D9%87-%D8%A8%D9%8A%D8%A7%D9%86%D8%A7%D8%AA-dashboard-%D8%A8%D8%A7%D8%B3%D8%AA%D8%AE%D8%AF%D8%A7%D9%85-%D8%A7%D9%84%D8%A7%D9%83%D8%B3%D9%8A%D9%84
403 Forbidden,Non trouvé,Non trouvé,Non trouvé,Aucun avis,Inconnu,Inconnu,Aucun tag,https://khamsat.com/data/data-processing/3916807-%D8%AA%D9%86%D8%B8%D9%8A%D9%85-%D8%AA%D9%86%D8%B8%D9%8A%D9%81-%D9%88%D8%AA%D9%86%D8%B3%D9%8A%D9%82-%D8%AC%D8%AF%D8%A7%D9%88%D9%84-excel-%D8%A8%D8%B4%D9%83%D9%84-%D8%A7%D8%AD%D8%AA%D8%B1%D8%A7%D9%81%D9%8A
403 Forbidden,Non trouvé,Non trouvé,Non trouvé,Aucun avis,Inconnu,Inconnu,Aucun tag,https://khamsat.com/data/data-entry/3137259-%D9%83%D8%AA%D8%A7%D8%A8%D8%A9-%D9%88%D8%AA%D9%86%D8%B3%D9%8A%D9%82-%D9%85%D8%B3%D8%AA%D9%86%D8%AF%D8%A7%D8%AA-word-%D8%A8%D8%A7%D9%84%D8%A5%D9%86%D8%AC%D9%84%D9%8A%D8%B2%D9%8A%D8%A9%D9%88%D8%A7%D9%84%D8%B9%D8%B1%D8%A8%D9%8A%D8%A9
403 Forbidden,Non trouvé,Non trouvé,Non trouvé,Aucun avis,Inconnu,Inconnu,Aucun tag,https://khamsat.com/data/data-analytics/3012924-%D8%A7%D9%84%D8%AA%D8%AD%D9%84%D9%8A%D9%84-%D8%A8%D8%A7%D8%B3%D8%AA%D8%AE%D8%AF%D8%A7%D9%85-%D9%84%D8%BA%D9%87-%D8%A7%D9%84%D8%A8%D8%A7%D9%8A%D8%AB%D9%88%D9%86-python-analysis
403 Forbidden,Non trouvé,Non trouvé,Non trouvé,Aucun avis,Inconnu,Inconnu,Aucun tag,https://khamsat.com/data/data-dashboards/3782917-%D8%AA%D8%B5%D9%85%D9%8A%D9%85-%D9%84%D9%88%D8%AD%D8%A9-%D9%85%D8%B9%D9%84%D9%88%D9%85%D8%A7%D8%AA-%D8%AA%D9%81%D8%A7%D8%B9%D9%84%D9%8A%D8%A9-%D8%A7%D8%AD%D8%AA%D8%B1%D8%A7%D9%81%D9%8A%D8%A9-%D8%A8%D8%A7%D8%B3%D8%AA%D8%AE%D8%AF%D8%A7%D9%85-power-bi
403 Forbidden,Non trouvé,Non trouvé,Non trouvé,Aucun avis,Inconnu,Inconnu,Aucun tag,https://khamsat.com/data/data-processing/3259657-%D8%AA%D9%86%D8%B8%D9%8A%D9%81-%D9%88%D8%AA%D8%AC%D9%87%D9%8A%D8%B2-%D8%A7%D9%84%D8%A8%D9%8A%D8%A7%D9%86%D8%A7%D8%AA-%D8%A8%D8%A7%D8%B3%D8%AA%D8%AE%D8%AF%D8%A7%D9%85-python
403 Forbidden,Non trouvé,Non trouvé,Non trouvé,Aucun avis,Inconnu,Inconnu,Aucun tag,https://khamsat.com/data/data-entry/3469974-%D8%A7%D8%B6%D8%A7%D9%81%D8%A9-%D9%88%D8%AA%D8%B9%D8%A8%D8%A6%D8%A9-%D8%A7%D9%84%D8%B1%D8%AF%D9%88%D8%AF-%D9%84%D9%84%D8%A7%D8%B3%D8%AA%D8%A8%D9%8A%D8%A7%D9%86%D8%A7%D8%AA
403 Forbidden,Non trouvé,Non trouvé,Non trouvé,Aucun avis,Inconnu,Inconnu,Aucun tag,https://khamsat.com/data/data-analytics/2919150-%D8%A7%D9%84%D8%AA%D8%AD%D9%84%D9%8A%D9%84-%D8%A7%D9%84%D8%A7%D8%AD%D8%B5%D8%A7%D8%A6%D9%8A-%D8%B9%D8%A8%D8%B1-%D8%A8%D8%B1%D9%86%D8%A7%D9%85%D8%AC-spss
403 Forbidden,Non trouvé,Non trouvé,Non trouvé,Aucun avis,Inconnu,Inconnu,Aucun tag,https://khamsat.com/data/data-dashboards/3592527-%D8%A7%D9%86%D8%B4%D8%A7%D8%A1-%D8%AF%D8%A7%D8%B4-%D8%A8%D9%88%D8%B1%D8%AF-%D9%84%D8%B9%D8%B1%D8%B6-%D8%AA%D8%AD%D9%84%D9%8A%D9%84-%D8%A7%D9%84%D8%A8%D9%8A%D8%A7%D9%86%D8%A7%D8%AA
403 Forbidden,Non trouvé,Non trouvé,Non trouvé,Aucun avis,Inconnu,Inconnu,Aucun tag,https://khamsat.com/data/data-processing/3928063-%D8%A5%D8%AF%D8%AE%D8%A7%D9%84-%D8%AA%D9%86%D8%B3%D9%8A%D9%82-%D9%88%D8%AA%D8%B1%D8%AA%D9%8A%D8%A8-%D8%A7%D9%84%D8%A8%D9%8A%D8%A7%D9%86%D8%A7%D8%AA-excel-%D8%A8%D8%B4%D9%83%D9%84-%D8%A7%D8%AD%D8%AA%D8%B1%D8%A7%D9%81%D9%8A
403 Forbidden,Non trouvé,Non trouvé,Non trouvé,Aucun avis,Inconnu,Inconnu,Aucun tag,https://khamsat.com/data/data-entry/3711117-%D8%A5%D8%AF%D8%AE%D8%A7%D9%84-%D8%A7%D9%84%D8%A8%D9%8A%D8%A7%D9%86%D8%A7%D8%AA-%D9%88%D8%AA%D9%86%D8%B8%D9%8A%D9%85%D9%87%D8%A7-%D8%B9%D9%84%D9%89-excel-%D9%88word-%D8%A8%D8%A7%D8%AD%D8%AA%D8%B1%D8%A7%D9%81%D9%8A%D8%A9
403 Forbidden,Non trouvé,Non trouvé,Non trouvé,Aucun avis,Inconnu,Inconnu,Aucun tag,https://khamsat.com/data/data-dashboards/3762322-%D8%AA%D8%AD%D9%84%D9%8A%D9%84-%D8%A7%D9%84%D8%A8%D9%8A%D8%A7%D9%86%D8%A7%D8%AA-%D9%88%D8%A7%D9%86%D8%B4%D8%A7%D8%A1-dashboard-%D8%AA%D9%81%D8%A7%D8%B9%D9%84%D9%8A%D8%A9-%D8%B9%D9%84%D9%89-%D8%A8%D8%B1%D9%86%D8%A7%D9%85%D8%AC-powerbi
403 Forbidden,Non trouvé,Non trouvé,Non trouvé,Aucun avis,Inconnu,Inconnu,Aucun tag,https://khamsat.com/data/data-analytics/3048412-%D8%AA%D8%AD%D9%84%D9%8A%D9%84-%D8%A7%D9%84%D8%A8%D9%8A%D8%A7%D9%86%D8%A7%D8%AA-%D8%A8%D8%A7%D8%B3%D8%AA%D8%AE%D8%AF%D8%A7%D9%85-r-spss-eviews-%D9%88-sas
403 Forbidden,Non trouvé,Non trouvé,Non trouvé,Aucun avis,Inconnu,Inconnu,Aucun tag,https://khamsat.com/data/data-entry/3773285-%D9%85%D8%B3%D8%A7%D8%B9%D8%AF-%D8%A7%D9%81%D8%AA%D8%B1%D8%A7%D8%B6%D9%8A-%D9%84%D8%A5%D8%AF%D8%A7%D8%B1%D8%A9-%D8%A7%D9%84%D9%85%D8%B4%D8%A7%D8%B1%D9%8A%D8%B9-%D9%88-%D8%B3%D9%83%D8%B1%D8%AA%D9%8A%D8%B1-%D8%A7%D9%81%D8%AA%D8%B1%D8%A7%D8%B6%D9%8A
403 Forbidden,Non trouvé,Non trouvé,Non trouvé,Aucun avis,Inconnu,Inconnu,Aucun tag,https://khamsat.com/data/data-processing/3344040-%D8%AA%D9%86%D8%B8%D9%8A%D9%81-%D9%88%D8%AA%D9%87%D9%8A%D8%A6%D8%A9-%D8%A7%D9%84%D8%A8%D9%8A%D8%A7%D9%86%D8%A7%D8%AA-%D9%85%D9%86-%D8%AE%D9%84%D8%A7%D9%84-%D8%A7%D9%84%D8%A7%D9%83%D8%B3%D9%84-%D9%88%D8%A8%D8%A7%D9%88%D8%B1-%D8%A8%D9%8A-%D8%A2%D9%8A
403 Forbidden,Non trouvé,Non trouvé,Non trouvé,Aucun avis,Inconnu,Inconnu,Aucun tag,https://khamsat.com/data/data-analytics/2375201-%D8%AA%D8%AD%D9%84%D9%8A%D9%84-%D8%A7%D9%84%D8%A8%D9%8A%D8%A7%D9%86%D8%A7%D8%AA-%D8%A8%D8%A7%D8%B3%D8%AA%D8%AE%D8%AF%D8%A7%D9%85-%D8%A8%D8%A7%D9%8A%D8%AB%D9%88%D9%86
403 Forbidden,Non trouvé,Non trouvé,Non trouvé,Aucun avis,Inconnu,Inconnu,Aucun tag,https://khamsat.com/data/data-dashboards/3816178-%D8%A5%D9%86%D8%B4%D8%A7%D8%A1-%D8%AF%D8%A7%D8%B4%D8%A8%D9%88%D8%B1%D8%AF-%D8%A7%D8%AD%D8%AA%D8%B1%D8%A7%D9%81%D9%8A-%D8%A8%D8%A5%D8%B3%D8%AA%D8%AE%D8%AF%D8%A7%D9%85-power-bi
403 Forbidden,Non trouvé,Non trouvé,Non trouvé,Aucun avis,Inconnu,Inconnu,Aucun tag,https://khamsat.com/data/data-processing/3819901-%D8%AA%D9%86%D8%B8%D9%8A%D9%81-%D8%A8%D9%8A%D8%A7%D9%86%D8%A7%D8%AA-excel-%D9%88-csv-%D8%A8%D8%AF%D9%82%D8%A9-%D9%85%D8%AD%D8%AA%D8%B1%D9%81%D8%A9
403 Forbidden,Non trouvé,Non trouvé,Non trouvé,Aucun avis,Inconnu,Inconnu,Aucun tag,https://khamsat.com/data/data-entry/3682994-%D8%A5%D8%AF%D8%AE%D8%A7%D9%84-%D9%88%D8%AA%D9%86%D8%B8%D9%8A%D9%81-%D8%A8%D9%8A%D8%A7%D9%86%D8%A7%D8%AA-%D9%81%D9%8A-excel
403 Forbidden,Non trouvé,Non trouvé,Non trouvé,Aucun avis,Inconnu,Inconnu,Aucun tag,https://khamsat.com/data/data-dashboards/3450884-%D8%AA%D8%B5%D9%88%D9%8A%D8%B1-%D8%A7%D9%84%D8%A8%D9%8A%D8%A7%D9%86%D8%A7%D8%AA-%D8%A8%D8%A7%D8%B3%D8%AA%D8%AE%D8%AF%D8%A7%D9%85-%D8%A7%D9%84%D8%A7%D9%83%D8%B3%D9%84-excel-dashboard
403 Forbidden,Non trouvé,Non trouvé,Non trouvé,Aucun avis,Inconnu,Inconnu,Aucun tag,https://khamsat.com/data/data-analytics/3699182-%D8%AA%D8%AD%D9%84%D9%8A%D9%84-%D8%A8%D9%8A%D8%A7%D9%86%D8%A7%D8%AA-%D8%A8%D8%A7%D8%B3%D8%AA%D8%AE%D8%AF%D8%A7%D9%85-%D9%85%D8%A7%D9%8A%D9%83%D8%B1%D9%88%D8%B3%D9%88%D9%81%D8%AA-%D8%A7%D9%83%D8%B3%D9%84
403 Forbidden,Non trouvé,Non trouvé,Non trouvé,Aucun avis,Inconnu,Inconnu,Aucun tag,https://khamsat.com/data/data-entry/3670326-%D8%AA%D9%86%D8%B3%D9%8A%D9%82-%D9%88%D8%AA%D8%AD%D8%B1%D9%8A%D8%B1-%D9%85%D8%B3%D8%AA%D9%86%D8%AF%D8%A7%D8%AA-%D9%88%D8%AA%D9%82%D8%A7%D8%B1%D9%8A%D8%B1
403 Forbidden,Non trouvé,Non trouvé,Non trouvé,Aucun avis,Inconnu,Inconnu,Aucun tag,https://khamsat.com/data/data-processing/3815881-%D8%AA%D9%86%D8%B8%D9%8A%D9%81-%D8%A7%D9%84%D8%A8%D9%8A%D8%A7%D9%86%D8%A7%D8%AA-%D9%88-%D8%AA%D8%AD%D8%B6%D9%8A%D8%B1%D9%87%D8%A7-data-cleaning-preprocessing
403 Forbidden,Non trouvé,Non trouvé,Non trouvé,Aucun avis,Inconnu,Inconnu,Aucun tag,https://khamsat.com/data/data-analytics/3045609-%D8%AA%D8%AD%D9%84%D9%8A%D9%84-%D8%A7%D9%84%D8%A8%D9%8A%D8%A7%D9%86%D8%A7%D8%AA-%D8%A8%D9%88%D8%A7%D8%B3%D8%B7%D9%87-tableau
403 Forbidden,Non trouvé,Non trouvé,Non trouvé,Aucun avis,Inconnu,Inconnu,Aucun tag,https://khamsat.com/data/data-dashboards/3577834-%D8%AA%D8%B5%D9%85%D9%8A%D9%85-%D8%AF%D8%A7%D8%B4%D8%A8%D9%88%D8%B1%D8%AF-%D8%A7%D8%AD%D8%AA%D8%B1%D8%A7%D9%81%D9%8A-%D8%B9%D9%84%D9%89-power-bi
403 Forbidden,Non trouvé,Non trouvé,Non trouvé,Aucun avis,Inconnu,Inconnu,Aucun tag,https://khamsat.com/data/data-processing/3704685-%D8%AA%D8%B5%D9%85%D9%8A%D9%85-%D9%88%D8%AA%D9%86%D8%B8%D9%8A%D9%85-%D8%AC%D8%AF%D8%A7%D9%88%D9%84-%D8%A7%D9%84excel-%D9%88%D8%AC%D8%A8%D8%A7%D8%AA-%D9%85%D9%8A%D8%B2%D8%A7%D9%86%D9%8A%D8%A9-%D8%AD%D8%B6%D9%88%D8%B1-%D9%88%D8%AA%D9%86%D8%B8%D9%8A%D9%85
403 Forbidden,Non trouvé,Non trouvé,Non trouvé,Aucun avis,Inconnu,Inconnu,Aucun tag,https://khamsat.com/data/data-entry/2897021-%D8%A5%D8%AF%D8%AE%D8%A7%D9%84-%D8%A7%D9%84%D8%A8%D9%8A%D8%A7%D9%86%D8%A7%D8%AA-%D8%B9%D9%84%D9%89-%D8%A8%D8%B1%D9%86%D8%A7%D9%85%D8%AC-%D8%A7%D9%83%D8%B3%D9%8A%D9%84-%D8%A8%D8%AF%D9%88%D9%86-%D8%A3%D8%AE%D8%B7%D8%A7%D8%A1
403 Forbidden,Non trouvé,Non trouvé,Non trouvé,Aucun avis,Inconnu,Inconnu,Aucun tag,https://khamsat.com/data/data-dashboards/3473514-%D8%AA%D8%B5%D9%85%D9%8A%D9%85-%D8%AF%D8%A7%D8%B4-%D8%A8%D9%88%D8%B1%D8%AF-dashboard-%D9%84%D9%88%D8%AD%D8%A7%D8%AA-%D8%AA%D9%81%D8%A7%D8%B9%D9%84%D9%8A%D8%A9-%D8%A8%D8%A7%D8%B3%D8%AA%D8%AE%D8%AF%D8%A7%D9%85-power-bi
403 Forbidden,Non trouvé,Non trouvé,Non trouvé,Aucun avis,Inconnu,Inconnu,Aucun tag,https://khamsat.com/data/data-analytics/2750180-%D8%A7%D9%84%D8%AA%D8%AD%D9%84%D9%8A%D9%84-%D8%A7%D9%84%D8%A5%D8%AD%D8%B5%D8%A7%D8%A6%D9%8A-%D8%A8%D8%A7%D8%B3%D8%AA%D8%AE%D8%AF%D8%A7%D9%85-%D8%A8%D8%B1%D9%86%D8%A7%D9%85%D8%AC-spss-mintab-jasp
403 Forbidden,Non trouvé,Non trouvé,Non trouvé,Aucun avis,Inconnu,Inconnu,Aucun tag,https://khamsat.com/data/data-entry/3694167-%D8%A5%D8%AF%D8%AE%D8%A7%D9%84-%D8%A7%D9%84%D8%A8%D9%8A%D8%A7%D9%86%D8%A7%D8%AA-%D8%A7%D9%84%D9%85%D8%AD%D8%A7%D8%B3%D8%A8%D9%8A%D8%A9-%D8%A8%D8%A7%D8%AD%D8%AA%D8%B1%D8%A7%D9%81%D9%8A%D8%A9-%D9%88%D8%B3%D8%B1%D8%B9%D8%A9-%D8%B9%D8%A7%D9%84%D9%8A%D8%A9
403 Forbidden,Non trouvé,Non trouvé,Non trouvé,Aucun avis,Inconnu,Inconnu,Aucun tag,https://khamsat.com/data/data-processing/3837731-%D8%A5%D9%83%D8%B3%D9%84-%D8%AD%D9%84%D9%88%D9%84-%D9%85%D8%AA%D9%83%D8%A7%D9%85%D9%84%D8%A9-%D9%84%D8%A5%D8%AF%D8%A7%D8%B1%D8%A9-%D8%A7%D9%84%D8%AC%D8%AF%D8%A7%D9%88%D9%84-%D9%88%D8%A7%D9%84%D8%A8%D9%8A%D8%A7%D9%86%D8%A7%D8%AA-%D8%A8%D8%B3%D9%87%D9%88%D9%84%D8%A9-excel
403 Forbidden,Non trouvé,Non trouvé,Non trouvé,Aucun avis,Inconnu,Inconnu,Aucun tag,https://khamsat.com/data/data-dashboards/3678244-%D8%A5%D9%86%D8%B4%D8%A7%D8%A1-%D8%AA%D9%82%D8%A7%D8%B1%D9%8A%D8%B1-%D9%88%D9%84%D9%88%D8%AD%D8%A7%D8%AA-%D8%AA%D8%AD%D9%83%D9%85-%D8%AA%D9%81%D8%A7%D8%B9%D9%84%D9%8A%D8%A9
403 Forbidden,Non trouvé,Non trouvé,Non trouvé,Aucun avis,Inconnu,Inconnu,Aucun tag,https://khamsat.com/data/data-analytics/3194635-%D8%A7%D9%84%D8%AA%D8%AD%D9%84%D9%8A%D9%84-%D8%A7%D9%84%D8%A5%D8%AD%D8%B5%D8%A7%D8%A6%D9%8A-%D8%A7%D9%84%D9%85%D8%AA%D9%82%D8%AF%D9%85-%D8%A8%D8%A7%D8%B3%D8%AA%D8%AE%D8%AF%D8%A7%D9%85-spss
403 Forbidden,Non trouvé,Non trouvé,Non trouvé,Aucun avis,Inconnu,Inconnu,Aucun tag,https://khamsat.com/data/data-entry/1654477-%D8%A7%D8%AF%D8%AE%D8%A7%D9%84-%D8%A8%D9%8A%D8%A7%D9%86%D8%A7%D8%AA-%D9%88%D9%85%D8%AD%D8%AA%D9%88%D9%89-%D8%B9%D9%84%D9%89-%D8%AC%D8%AF%D8%A7%D9%88%D9%84-%D8%A7%D9%83%D8%B3%D9%84
403 Forbidden,Non trouvé,Non trouvé,Non trouvé,Aucun avis,Inconnu,Inconnu,Aucun tag,https://khamsat.com/data/data-processing/3808460-%D8%AA%D9%86%D8%B8%D9%8A%D9%81-%D9%88%D8%AA%D8%AC%D9%87%D9%8A%D8%B2-%D9%85%D9%84%D9%81%D8%A7%D8%AA-excel-data-cleaning
403 Forbidden,Non trouvé,Non trouvé,Non trouvé,Aucun avis,Inconnu,Inconnu,Aucun tag,https://khamsat.com/data/data-dashboards/3723454-%D8%B9%D9%85%D9%84-%D9%84%D9%88%D8%AD%D8%A9-%D8%AA%D8%AD%D9%83%D9%85-%D8%A8%D8%A7%D8%B3%D8%AA%D8%AE%D8%AF%D8%A7%D9%85-power-bi
403 Forbidden,Non trouvé,Non trouvé,Non trouvé,Aucun avis,Inconnu,Inconnu,Aucun tag,https://khamsat.com/data/data-analytics/3600325-%D8%AA%D8%AD%D9%84%D9%8A%D9%84-%D8%A7%D9%84%D8%A8%D9%8A%D8%A7%D9%86%D8%A7%D8%AA-%D8%A8%D8%A7%D8%B3%D8%AA%D8%AE%D8%AF%D8%A7%D9%85-tableau-%D9%88%D9%83%D8%AA%D8%A7%D8%A8%D8%A9-insights-%D8%AA%D9%81%D9%8A%D8%AF-%D8%A7%D9%84%D8%B9%D9%85%D9%84
403 Forbidden,Non trouvé,Non trouvé,Non trouvé,Aucun avis,Inconnu,Inconnu,Aucun tag,https://khamsat.com/data/data-entry/2789526-%D8%A5%D8%AF%D8%AE%D8%A7%D9%84-%D8%A7%D9%84%D8%A8%D9%8A%D8%A7%D9%86%D8%A7%D8%AA-%D8%A7%D9%84%D9%89-%D8%A7%D9%84%D8%A7%D9%83%D8%B3%D9%84-%D8%A8%D8%AF%D9%82%D8%A9-%D9%88%D8%B3%D8%B1%D8%B9%D8%A9-%D9%88%D8%A8%D8%AA%D9%86%D8%B3%D9%8A%D9%82%D8%A7%D8%AA-%D9%85%D9%86%D8%A7%D8%B3%D8%A8%D8%A9
403 Forbidden,Non trouvé,Non trouvé,Non trouvé,Aucun avis,Inconnu,Inconnu,Aucun tag,https://khamsat.com/data/data-processing/3648751-%D8%AA%D9%86%D8%B8%D9%8A%D9%81-%D9%88-%D9%85%D8%B9%D8%A7%D9%84%D8%AC%D8%A9-%D8%A7%D9%84%D8%A8%D9%8A%D8%A7%D9%86%D8%A7%D8%AA-%D8%A8%D8%A7%D8%B3%D8%AA%D8%AE%D8%AF%D8%A7%D9%85-sql
403 Forbidden,Non trouvé,Non trouvé,Non trouvé,Aucun avis,Inconnu,Inconnu,Aucun tag,https://khamsat.com/data/data-dashboards/3817138-%D8%A8%D9%86%D8%A7%D8%A1-dashboard-%D8%AA%D9%81%D8%A7%D8%B9%D9%84%D9%8A-%D9%84%D8%B9%D8%B1%D8%B6-%D8%A5%D9%86%D8%B3%D8%A7%D9%8A%D8%AA%D8%B3
403 Forbidden,Non trouvé,Non trouvé,Non trouvé,Aucun avis,Inconnu,Inconnu,Aucun tag,https://khamsat.com/data/data-analytics/3201150-%D8%AA%D8%AD%D9%84%D9%8A%D9%84-rfm-%D8%AF%D9%82%D9%8A%D9%82-%D9%84%D8%AA%D8%AD%D8%AF%D9%8A%D8%AF-%D8%A3%D9%81%D8%B6%D9%84-%D8%A7%D9%84%D8%B9%D9%85%D9%84%D8%A7%D8%A1-%D9%88%D8%AA%D8%AD%D8%B3%D9%8A%D9%86-%D8%A7%D9%84%D8%A3%D8%B1%D8%A8%D8%A7%D8%AD
403 Forbidden,Non trouvé,Non trouvé,Non trouvé,Aucun avis,Inconnu,Inconnu,Aucun tag,https://khamsat.com/data/data-entry/3830901-%D8%A7%D8%AF%D8%AE%D8%A7%D9%84-%D8%A8%D9%8A%D8%A7%D9%86%D8%A7%D8%AA-%D8%B9%D9%84%D9%8A-word-excel
403 Forbidden,Non trouvé,Non trouvé,Non trouvé,Aucun avis,Inconnu,Inconnu,Aucun tag,https://khamsat.com/data/data-processing/3808387-%D8%AA%D9%86%D8%B8%D9%8A%D9%81-%D9%88%D8%AA%D8%AC%D9%87%D9%8A%D8%B2-%D8%A8%D9%8A%D8%A7%D9%86%D8%A7%D8%AA%D9%83-%D9%81%D9%8A-excel-%D8%A3%D9%88-csv-%D8%A8%D8%AF%D9%82%D8%A9-%D9%88%D8%A7%D8%AD%D8%AA%D8%B1%D8%A7%D9%81%D9%8A%D8%A9
403 Forbidden,Non trouvé,Non trouvé,Non trouvé,Aucun avis,Inconnu,Inconnu,Aucun tag,https://khamsat.com/data/data-dashboards/2719463-%D8%AD%D9%88%D9%84-%D8%A8%D9%8A%D8%A7%D9%86%D8%A7%D8%AA%D9%83-%D8%A5%D9%84%D9%8A-%D8%AF%D8%A7%D8%B4%D8%A8%D9%88%D8%B1%D8%AF-%D8%A7%D9%83%D8%B3%D9%84-%D8%AA%D9%81%D8%A7%D8%B9%D9%84%D9%8A-excel-dashboard
403 Forbidden,Non trouvé,Non trouvé,Non trouvé,Aucun avis,Inconnu,Inconnu,Aucun tag,https://khamsat.com/data/data-analytics/2702345-%D8%A7%D9%84%D8%AA%D8%AD%D9%84%D9%8A%D9%84-%D8%A7%D9%84%D8%A7%D8%AD%D8%B5%D8%A7%D8%A6%D9%8A-%D8%A8%D8%A7%D8%B3%D8%AA%D8%AE%D8%AF%D8%A7%D9%85-%D8%A8%D8%B1%D9%86%D8%A7%D9%85%D8%AC-spss-%D9%88-%D8%A8%D8%B1%D9%86%D8%A7%D9%85%D8%AC-e-views
403 Forbidden,Non trouvé,Non trouvé,Non trouvé,Aucun avis,Inconnu,Inconnu,Aucun tag,https://khamsat.com/data/data-processing/3813784-%D8%AA%D9%86%D8%B8%D9%8A%D9%81-%D9%88%D8%AA%D8%AD%D9%84%D9%8A%D9%84-%D9%88%D8%AA%D9%87%D9%8A%D8%A6%D8%A9-%D8%A7%D9%84%D8%A8%D9%8A%D8%A7%D9%86%D8%A7%D8%AA-%D9%84%D9%85%D8%B4%D8%A7%D8%B1%D9%8A%D8%B9-%D8%AA%D8%B9%D9%84%D9%85-%D8%A7%D9%84%D8%A2%D9%84%D8%A9
403 Forbidden,Non trouvé,Non trouvé,Non trouvé,Aucun avis,Inconnu,Inconnu,Aucun tag,https://khamsat.com/data/data-entry/1259833-%D9%83%D8%AA%D8%A7%D8%A8%D8%A9-%D8%B9%D9%84%D9%89-%D8%A7%D9%84%D9%88%D8%B1%D8%AF-%D9%88%D8%AA%D8%AD%D9%88%D9%8A%D9%84-%D9%85%D9%84%D9%81-pdf-%D8%B9%D9%84%D9%89-%D9%88%D8%B1%D8%AF
403 Forbidden,Non trouvé,Non trouvé,Non trouvé,Aucun avis,Inconnu,Inconnu,Aucun tag,https://khamsat.com/data/data-analytics/3625029-%D8%AA%D8%B5%D9%85%D9%8A%D9%85-%D8%AF%D8%A7%D8%B4%D8%A8%D9%88%D8%B1%D8%AF-%D8%AA%D9%81%D8%A7%D8%B9%D9%84%D9%89-interactive-dashboard-%D8%A8%D8%A5%D8%B3%D8%AA%D8%AE%D8%AF%D8%A7%D9%85-power-bi
403 Forbidden,Non trouvé,Non trouvé,Non trouvé,Aucun avis,Inconnu,Inconnu,Aucun tag,https://khamsat.com/data/data-dashboards/2600788-%D8%AA%D8%B5%D9%85%D9%8A%D9%85-%D8%AA%D9%82%D8%A7%D8%B1%D9%8A%D8%B1-%D9%88%D8%B1%D8%B3%D9%88%D9%85%D8%A7%D8%AA-%D8%A8%D9%8A%D8%A7%D9%86%D9%8A%D8%A9-%D8%A8%D9%88%D8%A7%D8%B3%D8%B7%D8%A9-%D8%A8%D8%B1%D9%86%D8%A7%D9%85%D8%AC-power-bi
403 Forbidden,Non trouvé,Non trouvé,Non trouvé,Aucun avis,Inconnu,Inconnu,Aucun tag,https://khamsat.com/data/data-entry/2020744-%D8%A5%D8%AF%D8%AE%D8%A7%D9%84-%D8%A7%D9%84%D8%A8%D9%8A%D8%A7%D9%86%D8%A7%D8%AA-%D9%88%D8%A7%D9%84%D9%85%D9%86%D8%AA%D8%AC%D8%A7%D8%AA-%D8%A5%D9%84%D9%8A-%D8%A7%D9%84%D8%AA%D8%B7%D8%A8%D9%8A%D9%82%D8%A7%D8%AA-%D9%88%D8%A7%D9%84%D9%85%D9%88%D8%A7%D9%82%D8%B9-%D9%88%D8%A7%D9%84%D9%85%D8%AA%D8%A7%D8%AC%D8%B1
403 Forbidden,Non trouvé,Non trouvé,Non trouvé,Aucun avis,Inconnu,Inconnu,Aucun tag,https://khamsat.com/data/data-processing/3760631-%D8%AA%D9%86%D8%B8%D9%8A%D9%81-%D9%88%D9%85%D8%B9%D8%A7%D9%84%D8%AC%D8%A9-%D8%A7%D9%84%D8%A8%D9%8A%D8%A7%D9%86%D8%A7%D8%AA-%D9%85%D9%86-%D9%85%D9%84%D9%81%D8%A7%D8%AA-excelcsv
403 Forbidden,Non trouvé,Non trouvé,Non trouvé,Aucun avis,Inconnu,Inconnu,Aucun tag,https://khamsat.com/data/data-analytics/3503193-%D8%AA%D8%AD%D9%84%D9%8A%D9%84-%D8%A7%D9%84%D8%A8%D9%8A%D8%A7%D9%86%D8%A7%D8%AA-%D8%A8%D8%A7%D8%B3%D8%AA%D8%AE%D8%AF%D8%A7%D9%85-excel
403 Forbidden,Non trouvé,Non trouvé,Non trouvé,Aucun avis,Inconnu,Inconnu,Aucun tag,https://khamsat.com/data/data-dashboards/2945070-%D8%A5%D9%86%D8%B4%D8%A7%D8%A1-dashboard-%D8%B9%D9%84%D9%8A-%D8%A8%D8%B1%D9%86%D8%A7%D9%85%D8%AC-power-bi-%D9%84%D9%88%D8%AD%D8%A7%D8%AA-%D8%A7%D9%84%D8%A8%D9%8A%D8%A7%D9%86%D8%A7%D8%AA
403 Forbidden,Non trouvé,Non trouvé,Non trouvé,Aucun avis,Inconnu,Inconnu,Aucun tag,https://khamsat.com/data/data-processing/3333680-%D8%AA%D9%86%D8%B8%D9%8A%D9%81-%D8%A7%D9%84%D8%A8%D9%8A%D8%A7%D9%86%D8%A7%D8%AA-%D8%A8%D8%A7%D8%B3%D8%AA%D8%AE%D8%AF%D8%A7%D9%85-python-%D9%88%D8%A5%D8%B9%D8%AF%D8%A7%D8%AF%D9%87%D8%A7-%D9%84%D9%84%D8%AA%D8%AD%D9%84%D9%8A%D9%84
403 Forbidden,Non trouvé,Non trouvé,Non trouvé,Aucun avis,Inconnu,Inconnu,Aucun tag,https://khamsat.com/data/data-entry/3897961-%D8%A5%D8%B6%D8%A7%D9%81%D8%A9-%D8%A3%D8%B3%D8%A6%D9%84%D8%A9-%D9%81%D9%8A-%D9%86%D9%85%D8%A7%D8%B0%D8%AC-google-form
403 Forbidden,Non trouvé,Non trouvé,Non trouvé,Aucun avis,Inconnu,Inconnu,Aucun tag,https://khamsat.com/data/data-analytics/3741864-%D8%AA%D8%AD%D9%84%D9%8A%D9%84-%D8%A7%D9%84%D8%A8%D9%8A%D8%A7%D9%86%D8%A7%D8%AA-%D9%88%D8%A7%D8%B3%D8%AA%D8%AE%D8%B1%D8%A7%D8%AC-%D8%A7%D9%84%D8%AA%D9%82%D8%A7%D8%B1%D9%8A%D8%B1-%D8%A7%D9%84%D8%A7%D8%AD%D8%AA%D8%B1%D8%A7%D9%81%D9%8A%D8%A9excel%D9%88power-bi
403 Forbidden,Non trouvé,Non trouvé,Non trouvé,Aucun avis,Inconnu,Inconnu,Aucun tag,https://khamsat.com/data/data-dashboards/3902812-%D8%B1%D8%B3%D9%85-%D9%85%D8%AE%D8%B7%D8%B7-erd-%D8%A7%D8%AD%D8%AA%D8%B1%D8%A7%D9%81%D9%8A-%D9%84%D9%82%D9%88%D8%A7%D8%B9%D8%AF-%D8%A7%D9%84%D8%A8%D9%8A%D8%A7%D9%86%D8%A7%D8%AA-database-design
403 Forbidden,Non trouvé,Non trouvé,Non trouvé,Aucun avis,Inconnu,Inconnu,Aucun tag,https://khamsat.com/data/data-processing/3221992-%D8%AD%D9%88%D9%84-%D9%81%D9%88%D8%B6%D9%89-%D8%A8%D9%8A%D8%A7%D9%86%D8%A7%D8%AA%D9%83-%D8%A5%D9%84%D9%89-%D8%AC%D8%AF%D8%A7%D9%88%D9%84-excel-%D8%A7%D8%AD%D8%AA%D8%B1%D8%A7%D9%81%D9%8A%D8%A9-%D8%A8%D9%86%D9%82%D8%B1%D8%A9-%D9%88%D8%A7%D8%AD%D8%AF%D8%A9
403 Forbidden,Non trouvé,Non trouvé,Non trouvé,Aucun avis,Inconnu,Inconnu,Aucun tag,https://khamsat.com/data/data-entry/3731840-%D8%A7%D8%AF%D8%AE%D8%A7%D9%84-%D8%A8%D9%8A%D8%A7%D9%86%D8%A7%D8%AA-%D8%A8%D8%A7%D8%AD%D8%AA%D8%B1%D8%A7%D9%81%D9%8A%D8%A9-%D9%81%D9%8A-excel
403 Forbidden,Non trouvé,Non trouvé,Non trouvé,Aucun avis,Inconnu,Inconnu,Aucun tag,https://khamsat.com/data/data-analytics/3790347-%D8%AA%D8%AD%D9%84%D9%8A%D9%84-%D8%A8%D9%8A%D8%A7%D9%86%D8%A7%D8%AA-%D8%A8%D8%A7%D8%B3%D8%AA%D8%AE%D8%AF%D8%A7%D9%85-power-bi-excel-%D8%AF%D8%A7%D8%B4%D8%A8%D9%88%D8%B1%D8%AF
403 Forbidden,Non trouvé,Non trouvé,Non trouvé,Aucun avis,Inconnu,Inconnu,Aucun tag,https://khamsat.com/data/data-dashboards/3800779-%D8%AF%D8%A7%D8%B4%D8%A8%D9%88%D8%B1%D8%AF-%D8%AA%D9%81%D8%A7%D8%B9%D9%84%D9%8A-%D8%A8%D8%A7%D8%B3%D8%AA%D8%AE%D8%AF%D8%A7%D9%85-power-bi
403 Forbidden,Non trouvé,Non trouvé,Non trouvé,Aucun avis,Inconnu,Inconnu,Aucun tag,https://khamsat.com/data/data-processing/3111022-%D8%AA%D9%86%D8%B3%D9%8A%D9%82-%D9%85%D9%84%D9%81%D8%A7%D8%AA-word-%D8%A8%D8%AF%D9%82%D8%A9-%D9%88%D8%A7%D8%AD%D8%AA%D8%B1%D8%A7%D9%81%D9%8A%D8%A9
403 Forbidden,Non trouvé,Non trouvé,Non trouvé,Aucun avis,Inconnu,Inconnu,Aucun tag,https://khamsat.com/data/data-entry/3865268-%D8%A7%D8%AF%D8%AE%D8%A7%D9%84-%D8%A7%D9%84%D8%A8%D9%8A%D8%A7%D9%86%D8%A7%D8%AA-%D9%88-%D8%AA%D9%86%D8%B8%D9%8A%D9%85%D9%87%D8%A7-%D8%A8%D8%A7%D8%AD%D8%AA%D8%B1%D8%A7%D9%81-%D8%B9%D9%84%D9%89-excel-%D9%88-google-sheets
403 Forbidden,Non trouvé,Non trouvé,Non trouvé,Aucun avis,Inconnu,Inconnu,Aucun tag,https://khamsat.com/data/data-analytics/2725542-%D8%AA%D8%AD%D9%84%D9%8A%D9%84-%D8%A7%D9%84%D8%A8%D9%8A%D8%A7%D9%86%D8%A7%D8%AA-%D8%A8%D8%A7%D8%B3%D8%AA%D8%AE%D8%AF%D8%A7%D9%85-tableau
403 Forbidden,Non trouvé,Non trouvé,Non trouvé,Aucun avis,Inconnu,Inconnu,Aucun tag,https://khamsat.com/data/data-dashboards/3819303-%D8%AA%D8%B5%D9%85%D9%8A%D9%85-%D9%84%D9%88%D8%AD%D8%A9-%D8%A8%D9%8A%D8%A7%D9%86%D8%A7%D8%AA-%D8%AA%D9%81%D8%A7%D8%B9%D9%84%D9%8A%D8%A9-%D8%A8%D8%A7%D8%B3%D8%AA%D8%AE%D8%AF%D8%A7%D9%85-power-bi
403 Forbidden,Non trouvé,Non trouvé,Non trouvé,Aucun avis,Inconnu,Inconnu,Aucun tag,https://khamsat.com/data/data-processing/3784646-%D8%AA%D9%86%D8%B8%D9%8A%D9%81-%D9%88%D8%AA%D9%86%D8%B8%D9%8A%D9%85-%D8%A7%D9%84%D8%A8%D9%8A%D8%A7%D9%86%D8%A7%D8%AA-%D9%84%D8%AA%D8%B5%D8%A8%D8%AD-%D8%AC%D8%A7%D9%87%D8%B2%D8%A9-%D9%84%D9%84%D8%AA%D8%AD%D9%84%D9%8A%D9%84
403 Forbidden,Non trouvé,Non trouvé,Non trouvé,Aucun avis,Inconnu,Inconnu,Aucun tag,https://khamsat.com/data/data-analytics/3119665-%D8%AA%D8%AD%D9%84%D9%8A%D9%84-%D8%A7%D9%84%D8%A8%D9%8A%D9%86%D8%A7%D8%AA-%D8%A8%D8%B3%D8%AA%D8%AE%D8%AF%D8%A7%D9%85-excel-powerbi-sql
403 Forbidden,Non trouvé,Non trouvé,Non trouvé,Aucun avis,Inconnu,Inconnu,Aucun tag,https://khamsat.com/data/data-entry/742832-%D8%A7%D8%AF%D8%AE%D8%A7%D9%84-%D8%A8%D9%8A%D8%A7%D9%86%D8%A7%D8%AA-%D8%B9%D9%84%D9%89-%D8%A7%D9%84%D9%88%D9%88%D8%B1%D8%AF-%D9%88%D8%AC%D8%AF%D8%A7%D9%88%D9%84-%D8%B9%D9%84%D9%89-%D8%A7%D9%84%D8%A7%D9%83%D8%B3%D9%84
403 Forbidden,Non trouvé,Non trouvé,Non trouvé,Aucun avis,Inconnu,Inconnu,Aucun tag,https://khamsat.com/data/data-dashboards/3737539-%D8%A7%D9%86%D8%B4%D8%A7%D8%A1-dashboards-%D8%AA%D9%81%D8%A7%D8%B9%D9%84%D9%8A%D8%A9-%D8%B9%D9%84%D9%89-excel-%D9%85%D8%B9-pivot-tables-%D9%88-charts
403 Forbidden,Non trouvé,Non trouvé,Non trouvé,Aucun avis,Inconnu,Inconnu,Aucun tag,https://khamsat.com/data/data-processing/3778207-%D9%85%D8%B9%D8%A7%D9%84%D8%AC%D8%A9-%D8%A7%D9%84%D8%A8%D9%8A%D8%A7%D9%86%D8%A7%D8%AA-%D8%A7%D9%84%D8%AC%D9%8A%D9%88%D9%81%D9%8A%D8%B2%D9%8A%D8%A7%D8%A6%D9%8A%D8%A9
403 Forbidden,Non trouvé,Non trouvé,Non trouvé,Aucun avis,Inconnu,Inconnu,Aucun tag,https://khamsat.com/data/data-analytics/2434927-%D8%AA%D8%AD%D9%84%D9%8A%D9%84-%D8%A7%D9%84%D8%A8%D9%8A%D8%A7%D9%86%D8%A7%D8%AA-%D9%88%D8%B9%D9%85%D9%84-%D8%AF%D8%A7%D8%B4%D8%A8%D9%88%D8%B1%D8%AF-%D8%AA%D9%81%D8%A7%D8%B9%D9%84%D9%8A%D8%A9-%D8%A8%D8%A5%D8%B3%D8%AA%D8%AE%D8%AF%D8%A7%D9%85-%D8%A7%D9%84%D8%A3%D9%83%D8%B3%D9%84-excel
403 Forbidden,Non trouvé,Non trouvé,Non trouvé,Aucun avis,Inconnu,Inconnu,Aucun tag,https://khamsat.com/data/data-entry/3739353-%D8%A5%D8%AF%D8%AE%D8%A7%D9%84-%D8%A8%D9%8A%D8%A7%D9%86%D8%A7%D8%AA-%D8%A7%D8%AD%D8%AA%D8%B1%D8%A7%D9%81%D9%8A-%D9%88%D8%AF%D9%82%D9%8A%D9%82-%D8%B9%D9%84%D9%89-%D9%85%D9%84%D9%81%D8%A7%D8%AA-excel-%D9%88word
403 Forbidden,Non trouvé,Non trouvé,Non trouvé,Aucun avis,Inconnu,Inconnu,Aucun tag,https://khamsat.com/data/data-dashboards/1958389-%D8%AA%D8%AD%D9%84%D9%8A%D9%84-%D8%A8%D9%8A%D8%A7%D9%86%D8%A7%D8%AA-%D9%85%D9%84%D9%81-%D8%A7%D9%83%D8%B3%D9%84-excel-%D9%85%D8%B9-%D8%AF%D8%A7%D8%B4%D8%A8%D9%88%D8%B1%D8%AF-dashboard-%D8%AA%D9%81%D8%A7%D8%B9%D9%84%D9%8A
403 Forbidden,Non trouvé,Non trouvé,Non trouvé,Aucun avis,Inconnu,Inconnu,Aucun tag,https://khamsat.com/data/data-processing/3908008-%D8%AA%D9%86%D8%B3%D9%8A%D9%82-%D8%A8%D9%8A%D8%A7%D9%86%D8%A7%D8%AA-excel-%D9%88%D8%A5%D8%B9%D8%AF%D8%A7%D8%AF-%D8%A7%D9%84%D8%AA%D9%82%D8%A7%D8%B1%D9%8A%D8%B1
403 Forbidden,Non trouvé,Non trouvé,Non trouvé,Aucun avis,Inconnu,Inconnu,Aucun tag,https://khamsat.com/data/data-analytics/3717670-%D8%AA%D8%AD%D9%84%D9%8A%D9%84-%D8%A7%D9%84%D8%A8%D9%8A%D8%A7%D9%86%D8%A7%D8%AA-%D9%88%D8%A7%D8%B3%D8%AA%D8%B9%D8%B1%D8%A7%D8%B6%D9%87%D8%A7-%D8%A8%D8%A7%D8%B3%D8%AA%D8%AE%D8%AF%D8%A7%D9%85-power-bi
403 Forbidden,Non trouvé,Non trouvé,Non trouvé,Aucun avis,Inconnu,Inconnu,Aucun tag,https://khamsat.com/data/data-entry/3591281-%D8%AA%D9%86%D8%B3%D9%8A%D9%82-%D9%88%D9%83%D8%AA%D8%A7%D8%A8%D8%A9-%D8%B9%D9%84%D9%8A-%D8%A7%D9%84%D9%88%D9%88%D8%B1%D8%AF-%D9%88%D8%AA%D9%86%D8%B8%D9%8A%D9%85-%D8%AC%D8%AF%D8%A7%D9%88%D9%84-%D8%AF%D9%82%D9%8A%D9%82%D8%A9-%D8%B9%D9%84%D9%8A-%D8%A7%D9%84%D8%A7%D9%83%D8%B3%D9%84
403 Forbidden,Non trouvé,Non trouvé,Non trouvé,Aucun avis,Inconnu,Inconnu,Aucun tag,https://khamsat.com/data/data-dashboards/3808211-%D8%A7%D9%86%D8%B4%D8%A7%D8%A1-dashboard-%D8%A8%D8%A7%D8%B3%D8%AA%D8%AE%D8%AF%D8%A7%D9%85-power-bi
403 Forbidden,Non trouvé,Non trouvé,Non trouvé,Aucun avis,Inconnu,Inconnu,Aucun tag,https://khamsat.com/data/data-processing/2516486-%D9%85%D9%84%D9%81-excel-%D8%A7%D8%AD%D8%AA%D8%B1%D8%A7%D9%81%D9%8A-%D8%A8%D9%85%D8%A7-%D9%8A%D8%AA%D9%88%D8%A7%D9%81%D9%82-%D9%85%D8%B9-%D9%85%D8%AA%D8%B7%D9%84%D8%A8%D8%A7%D8%AA%D9%83
403 Forbidden,Non trouvé,Non trouvé,Non trouvé,Aucun avis,Inconnu,Inconnu,Aucun tag,https://khamsat.com/data/data-analytics/3732663-%D8%AA%D8%AD%D9%84%D9%8A%D9%84-%D8%A8%D9%8A%D8%A7%D9%86%D8%A7%D8%AA-%D8%A7%D8%AD%D8%AA%D8%B1%D8%A7%D9%81%D9%8A-%D8%A8%D8%A7%D8%B3%D8%AA%D8%AE%D8%AF%D8%A7%D9%85-%D8%AA%D9%82%D8%A7%D8%B1%D9%8A%D8%B1-%D9%88%D9%84%D9%88%D8%AD%D8%A7%D8%AA-%D9%85%D8%B9%D9%84%D9%88%D9%85%D8%A7%D8%AA-%D8%AA%D9%81%D8%A7%D8%B9%D9%84%D9%8A%D8%A9
403 Forbidden,Non trouvé,Non trouvé,Non trouvé,Aucun avis,Inconnu,Inconnu,Aucun tag,https://khamsat.com/data/data-entry/3118128-%D8%A7%D8%AD%D8%AA%D8%B1%D8%A7%D9%81%D9%8A%D8%A9-%D8%A7%D9%84%D8%A5%D8%AF%D8%AE%D8%A7%D9%84-%D9%84%D9%84%D8%A8%D9%8A%D8%A7%D9%86%D8%A7%D8%AA-%D8%B9%D9%84%D9%89-excel-%D8%A8%D8%AF%D9%82%D8%A9-%D9%88%D8%B3%D8%B1%D8%B9%D8%A9
403 Forbidden,Non trouvé,Non trouvé,Non trouvé,Aucun avis,Inconnu,Inconnu,Aucun tag,https://khamsat.com/data/data-dashboards/3102766-%D8%AA%D8%B5%D9%85%D9%8A%D9%85-%D8%AF%D8%A7%D8%B4%D8%A8%D9%88%D8%B1%D8%AF-%D8%AA%D9%81%D8%A7%D8%B9%D9%84%D9%8A%D8%A9-%D8%A8%D8%B4%D9%83%D9%84-%D8%A7%D8%AD%D8%AA%D8%B1%D8%A7%D9%81%D9%8A-power-bi-dashboard
403 Forbidden,Non trouvé,Non trouvé,Non trouvé,Aucun avis,Inconnu,Inconnu,Aucun tag,https://khamsat.com/data/data-processing/2743694-%D8%B9%D9%85%D9%84-%D8%AA%D9%82%D8%A7%D8%B1%D9%8A%D8%B1-%D9%88%D9%85%D8%B9%D8%A7%D9%84%D8%AC%D8%A9-%D8%A7%D9%84%D8%A8%D9%8A%D8%A7%D9%86%D8%A7%D8%AA-%D8%A8%D8%A7%D8%B3%D8%AA%D8%AE%D8%AF%D8%A7%D9%85-%D8%A3%D8%AF%D8%A7%D9%87-knime
403 Forbidden,Non trouvé,Non trouvé,Non trouvé,Aucun avis,Inconnu,Inconnu,Aucun tag,https://khamsat.com/data/data-analytics/3766212-%D8%AA%D8%AD%D9%84%D9%8A%D9%84-%D8%A5%D8%AD%D8%B5%D8%A7%D8%A6%D9%89-%D8%A8%D8%A8%D8%B1%D9%86%D8%A7%D9%85%D8%ACibm-spss
403 Forbidden,Non trouvé,Non trouvé,Non trouvé,Aucun avis,Inconnu,Inconnu,Aucun tag,https://khamsat.com/data/data-entry/3897029-%D8%A5%D8%AF%D8%AE%D8%A7%D9%84-%D8%A8%D9%8A%D8%A7%D9%86%D8%A7%D8%AA-%D9%88%D8%AA%D9%86%D8%B8%D9%8A%D9%85-%D8%AC%D8%AF%D8%A7%D9%88%D9%84-google-sheets-%D8%A8%D8%B3%D8%B1%D8%B9%D8%A9-%D9%88%D8%AF%D9%82%D8%A9
403 Forbidden,Non trouvé,Non trouvé,Non trouvé,Aucun avis,Inconnu,Inconnu,Aucun tag,https://khamsat.com/data/data-dashboards/3774440-%D8%AA%D9%87%D9%8A%D8%A6%D8%A9-%D9%88%D8%AA%D8%AD%D9%84%D9%8A%D9%84-%D8%A7%D9%84%D8%A8%D9%8A%D8%A7%D9%86%D8%A7%D8%AA-%D8%A8%D8%A7%D8%B3%D8%AA%D8%AE%D8%AF%D8%A7%D9%85-power-bi-%D9%88%D8%AA%D8%B5%D9%85%D9%8A%D9%85-%D9%84%D9%88%D8%AD%D8%A7%D8%AA-%D8%AA%D9%81%D8%A7%D8%B9%D9%84%D9%8A%D8%A9
403 Forbidden,Non trouvé,Non trouvé,Non trouvé,Aucun avis,Inconnu,Inconnu,Aucun tag,https://khamsat.com/data/data-processing/3821997-%D8%AA%D9%86%D8%B8%D9%8A%D9%81-%D8%AA%D9%86%D8%B8%D9%8A%D9%85-%D9%88-%D8%AA%D8%B9%D8%AF%D9%8A%D9%84-%D8%B4%D9%83%D9%84-%D9%88-%D8%B5%D9%8A%D8%BA%D8%A9-%D8%A7%D9%84%D8%A8%D9%8A%D8%A7%D9%86%D8%A7%D8%AA-format-%D8%B9%D9%84%D9%8A-%D8%A7%D9%83%D8%B3%D9%8A%D9%84
403 Forbidden,Non trouvé,Non trouvé,Non trouvé,Aucun avis,Inconnu,Inconnu,Aucun tag,https://khamsat.com/data/data-analytics/3683391-%D8%AA%D8%AD%D9%84%D9%8A%D9%84-%D8%A8%D9%8A%D8%A7%D9%86%D8%A7%D8%AA%D9%83-%D9%81%D9%8A-excel-%D9%85%D8%B9-%D8%AA%D9%82%D8%A7%D8%B1%D9%8A%D8%B1-%D9%88%D8%B1%D8%B3%D9%88%D9%85-%D8%A8%D9%8A%D8%A7%D9%86%D9%8A%D8%A9-dashboards
403 Forbidden,Non trouvé,Non trouvé,Non trouvé,Aucun avis,Inconnu,Inconnu,Aucun tag,https://khamsat.com/data/data-entry/3866613-%D9%85%D8%AF%D8%AE%D9%84-%D8%A8%D9%8A%D8%A7%D9%86%D8%A7%D8%AA-excel-.pdf-.word
403 Forbidden,Non trouvé,Non trouvé,Non trouvé,Aucun avis,Inconnu,Inconnu,Aucun tag,https://khamsat.com/data/data-dashboards/3795725-%D8%AF%D8%A7%D8%B4%D8%A8%D9%88%D8%B1%D8%AF-%D8%A7%D8%AD%D8%AA%D8%B1%D8%A7%D9%81%D9%8A-%D8%A8%D8%A7%D8%B3%D8%AA%D8%AE%D8%AF%D8%A7%D9%85-powerbi
403 Forbidden,Non trouvé,Non trouvé,Non trouvé,Aucun avis,Inconnu,Inconnu,Aucun tag,https://khamsat.com/data/data-processing/3825781-%D8%AA%D8%B5%D9%85%D9%8A%D9%85-%D9%88%D8%AA%D9%86%D9%81%D9%8A%D8%B0-%D9%85%D8%B4%D8%B1%D9%88%D8%B9-data-warehouse-%D9%83%D8%A7%D9%85%D9%84-%D9%84%D8%AA%D8%AD%D9%84%D9%8A%D9%84-%D8%A8%D9%8A%D8%A7%D9%86%D8%A7%D8%AA-%D8%A7%D9%84%D9%85%D8%A8%D9%8A%D8%B9%D8%A7
403 Forbidden,Non trouvé,Non trouvé,Non trouvé,Aucun avis,Inconnu,Inconnu,Aucun tag,https://khamsat.com/data/data-analytics/3793869-%D8%AA%D8%AD%D9%84%D9%8A%D9%84-%D8%A7%D9%84%D8%A8%D9%8A%D8%A7%D9%86%D8%A7%D8%AA-%D9%88%D8%AA%D8%B5%D9%85%D9%8A%D9%85-%D8%AF%D8%A7%D8%B4%D8%A8%D9%88%D8%B1%D8%AF-%D8%A8%D8%A7%D8%B3%D8%AA%D8%AE%D8%AF%D8%A7%D9%85-power-bi
403 Forbidden,Non trouvé,Non trouvé,Non trouvé,Aucun avis,Inconnu,Inconnu,Aucun tag,https://khamsat.com/data/data-entry/3490364-%D8%AA%D8%B9%D8%AF%D9%8A%D9%84-%D9%85%D9%84%D9%81%D8%A7%D8%AA-pdf-%D8%B9%D8%B1%D8%A8%D9%8A-%D8%A3%D9%88-%D8%A7%D9%86%D8%AC%D9%84%D9%8A%D8%B2%D9%8A
403 Forbidden,Non trouvé,Non trouvé,Non trouvé,Aucun avis,Inconnu,Inconnu,Aucun tag,https://khamsat.com/data/data-dashboards/3831604-%D8%AA%D8%B5%D9%85%D9%8A%D9%85-%D8%AF%D8%A7%D8%B4%D8%A8%D9%88%D8%B1%D8%AF-%D8%A8%D8%A7%D8%B3%D8%AA%D8%AE%D8%AF%D8%A7%D9%85-%D8%A7%D9%83%D8%B3%D9%8A%D9%84-%D9%88-power-bi
403 Forbidden,Non trouvé,Non trouvé,Non trouvé,Aucun avis,Inconnu,Inconnu,Aucun tag,https://khamsat.com/data/data-processing/3685424-%D8%AA%D9%86%D8%B8%D9%8A%D9%81-%D9%88%D8%AA%D8%B1%D8%AA%D9%8A%D8%A8-%D8%A7%D9%84%D8%A8%D9%8A%D8%A7%D9%86%D8%A7%D8%AA-%D8%A8%D8%A7%D8%AD%D8%AA%D8%B1%D8%A7%D9%81%D9%8A%D8%A9-%D8%A5%D8%B2%D8%A7%D9%84%D8%A9-%D8%A7%D9%84%D8%AA%D9%83%D8%B1%D8%A7%D8%B1-%D9%88%D8%AA%D8%B5%D8%AD%D9%8A%D8%AD-%D8%A7%D9%84%D8%A3%D8%AE%D8%B7%D8%A7%D8%A1
403 Forbidden,Non trouvé,Non trouvé,Non trouvé,Aucun avis,Inconnu,Inconnu,Aucun tag,https://khamsat.com/data/data-entry/1317759-%D8%A5%D9%86%D8%B4%D8%A7%D8%A1-%D8%AC%D8%AF%D8%A7%D9%88%D9%84-%D9%88%D8%B1%D8%B3%D9%88%D9%85-%D8%A8%D9%8A%D8%A7%D9%86%D9%8A%D8%A9-excel
403 Forbidden,Non trouvé,Non trouvé,Non trouvé,Aucun avis,Inconnu,Inconnu,Aucun tag,https://khamsat.com/data/data-analytics/3317025-%D8%AA%D8%AD%D9%84%D9%8A%D9%84-%D8%A7%D9%84%D8%A8%D9%8A%D8%A7%D9%86%D8%A7%D8%AA-%D9%88%D8%AA%D8%B5%D9%85%D9%8A%D9%85-%D8%AF%D8%A7%D8%B4%D8%A8%D9%88%D8%B1%D8%AF-%D8%A8%D8%A7%D8%B3%D8%AA%D8%AE%D8%AF%D8%A7%D9%85-%D8%A8%D8%A7%D9%88%D8%B1-%D8%A8%D9%8A-%D8%A7%D9%8A
403 Forbidden,Non trouvé,Non trouvé,Non trouvé,Aucun avis,Inconnu,Inconnu,Aucun tag,https://khamsat.com/data/data-dashboards/3735079-%D8%A5%D9%86%D8%B4%D8%A7%D8%A1-%D9%84%D9%88%D8%AD%D8%A9-%D8%AA%D8%AD%D9%83%D9%85-%D8%AA%D9%81%D8%A7%D8%B9%D9%84%D9%8A%D8%A9-%D9%84%D8%B9%D8%B1%D8%B6-%D9%88%D8%AA%D8%AD%D9%84%D9%8A%D9%84-%D9%85%D8%A8%D9%8A%D8%B9%D8%A7%D8%AA-%D9%83%D9%86%D8%AF%D8%A7-%D8%A8%D8%A7%D8%AD%D8%AA%D8%B1%D8%A7%D9%81%D9%8A%D8%A9
403 Forbidden,Non trouvé,Non trouvé,Non trouvé,Aucun avis,Inconnu,Inconnu,Aucun tag,https://khamsat.com/data/data-processing/1969071-%D8%AA%D8%AD%D9%84%D9%8A%D9%84-%D9%88%D8%AA%D8%B7%D9%88%D9%8A%D8%B1-%D9%85%D8%B4%D8%B1%D9%88%D8%B9%D9%83-%D8%A8%D8%A7%D8%B3%D8%AA%D8%AE%D8%AF%D8%A7%D9%85-%D8%A7%D9%84%D8%A7%D9%83%D8%B3%D9%8A%D9%84
403 Forbidden,Non trouvé,Non trouvé,Non trouvé,Aucun avis,Inconnu,Inconnu,Aucun tag,https://khamsat.com/data/data-entry/3482613-%D8%A5%D8%AF%D8%AE%D8%A7%D9%84-%D8%A7%D9%84%D8%A8%D9%8A%D8%A7%D9%86%D8%A7%D8%AA-%D9%81%D9%8A-%D8%A7%D9%83%D8%B3%D9%8A%D9%84-%D8%A8%D8%A7%D8%AD%D8%AA%D8%B1%D8%A7%D9%81%D9%8A%D8%A9
403 Forbidden,Non trouvé,Non trouvé,Non trouvé,Aucun avis,Inconnu,Inconnu,Aucun tag,https://khamsat.com/data/data-analytics/3119641-%D8%AA%D8%AD%D9%84%D9%8A%D9%84-%D8%A8%D9%8A%D8%A7%D9%86%D8%A7%D8%AA-%D8%A8%D8%A7%D8%B3%D8%AA%D8%AE%D8%AF%D8%A7%D9%85-power-bi
403 Forbidden,Non trouvé,Non trouvé,Non trouvé,Aucun avis,Inconnu,Inconnu,Aucun tag,https://khamsat.com/data/data-dashboards/2812845-%D8%AF%D8%A7%D8%B4-%D8%A8%D9%88%D8%B1%D8%AF-dashboard-%D8%B9%D9%84%D9%89-%D8%A8%D8%B1%D9%86%D8%A7%D9%85%D8%AC-power-bi
403 Forbidden,Non trouvé,Non trouvé,Non trouvé,Aucun avis,Inconnu,Inconnu,Aucun tag,https://khamsat.com/data/data-processing/1816125-%D8%AA%D8%B5%D9%85%D9%8A%D9%85-%D9%85%D9%84%D9%81-%D8%A3%D8%AD%D8%AA%D8%B1%D8%A7%D9%81%D9%8A-%D8%B9%D9%84%D9%8A-%D8%A8%D8%B1%D9%86%D8%A7%D9%85%D8%AC-%D8%A7%D9%84%D8%A3%D9%83%D8%B3%D9%84-%D9%8A%D9%86%D8%A7%D8%B3%D8%A8-%D8%A7%D8%AE%D8%AA%D8%B5%D8%A7%D8%B5%D9%83-%D9%88%D8%A7%D8%AD%D8%AA%D9%8A%D8%A7%D8%AC%D9%83-
403 Forbidden,Non trouvé,Non trouvé,Non trouvé,Aucun avis,Inconnu,Inconnu,Aucun tag,https://khamsat.com/data/data-entry/3608602-%D8%A7%D8%AF%D8%AE%D8%A7%D9%84-%D8%A8%D9%8A%D8%A7%D9%86%D8%A7%D8%AA-%D9%88%D9%88%D8%B1%D8%AF-%D9%88%D8%A7%D9%83%D8%B3%D9%8A%D9%84-%D8%A8%D8%A7%D8%AD%D8%AA%D8%B1%D8%A7%D9%81%D9%8A%D8%A9-%D8%B9%D8%A7%D9%84%D9%8A%D8%A9-%D9%88%D8%AA%D9%86%D8%B3%D9%8A%D9%82%D8%A7%D8%AA
403 Forbidden,Non trouvé,Non trouvé,Non trouvé,Aucun avis,Inconnu,Inconnu,Aucun tag,https://khamsat.com/data/data-analytics/2841677-%D8%A7%D9%86%D8%B4%D8%A7%D8%A1-%D8%AF%D8%A7%D8%B4%D8%A8%D9%88%D8%B1%D8%AF-%D8%AA%D9%81%D8%A7%D8%B9%D9%84%D9%8A-excel-dashboard-%D8%A8%D8%B4%D9%83%D9%84-%D8%A7%D8%AD%D8%AA%D8%B1%D8%A7%D9%81%D9%8A
403 Forbidden,Non trouvé,Non trouvé,Non trouvé,Aucun avis,Inconnu,Inconnu,Aucun tag,https://khamsat.com/data/data-dashboards/3731604-%D9%84%D9%88%D8%AD%D8%A7%D8%AA-%D8%AA%D9%81%D8%A7%D8%B9%D9%84%D9%8A%D8%A9-%D8%A8%D8%A7%D8%B3%D8%AA%D8%AE%D8%AF%D8%A7%D9%85-power-bi
403 Forbidden,Non trouvé,Non trouvé,Non trouvé,Aucun avis,Inconnu,Inconnu,Aucun tag,https://khamsat.com/data/data-processing/2193933-%D8%AA%D8%B5%D9%85%D9%8A%D9%85-%D8%AC%D8%AF%D8%A7%D9%88%D9%84-%D9%88%D8%AA%D8%A8%D8%B3%D9%8A%D8%B7%D9%87%D8%A7-%D9%81%D9%8A-%D8%B1%D8%B3%D9%88%D9%85-%D8%A8%D9%8A%D8%A7%D9%86%D9%8A%D8%A9-%D9%88%D8%A7%D8%B6%D8%AD%D8%A9-excel
403 Forbidden,Non trouvé,Non trouvé,Non trouvé,Aucun avis,Inconnu,Inconnu,Aucun tag,https://khamsat.com/data/data-analytics/2273084-%D8%AA%D8%AD%D9%84%D9%8A%D9%84-%D8%A7%D8%AD%D8%B5%D8%A7%D8%A6%D9%8A-%D9%84%D9%84%D8%A7%D8%B3%D8%AA%D8%A8%D9%8A%D8%A7%D9%86-%D8%A8%D8%A7%D8%B3%D8%AA%D8%AE%D8%AF%D8%A7%D9%85-spss
403 Forbidden,Non trouvé,Non trouvé,Non trouvé,Aucun avis,Inconnu,Inconnu,Aucun tag,https://khamsat.com/data/data-entry/3714048-%D8%A5%D8%AF%D8%AE%D8%A7%D9%84-%D8%A8%D9%8A%D8%A7%D9%86%D8%A7%D8%AA-%D9%85%D9%86-%D9%85%D9%84%D9%81%D8%A7%D8%AA-pdf-%D8%A5%D9%84%D9%8A-%D9%85%D9%84%D9%81%D8%A7%D8%AA-word
403 Forbidden,Non trouvé,Non trouvé,Non trouvé,Aucun avis,Inconnu,Inconnu,Aucun tag,https://khamsat.com/data/data-dashboards/3843120-%D8%AA%D8%B5%D9%85%D9%8A%D9%85-%D9%84%D9%88%D8%AD%D8%A9-%D8%AA%D8%AD%D9%83%D9%85-%D8%A7%D8%AD%D8%AA%D8%B1%D8%A7%D9%81%D9%8A%D8%A9-%D8%AA%D9%81%D8%A7%D8%B9%D9%84%D9%8A%D8%A9-%D8%B9%D9%84%D9%89-power-bi-%D9%84%D8%AA%D8%AD%D9%84%D9%8A%D9%84-%D8%A8%D9%8A%D8%A7%D9%86%D8%A7%D8%AA
403 Forbidden,Non trouvé,Non trouvé,Non trouvé,Aucun avis,Inconnu,Inconnu,Aucun tag,https://khamsat.com/data/data-processing/2008201-%D8%AA%D8%B5%D9%85%D9%8A%D9%85%D8%B1%D8%B3%D9%85-%D8%A8%D9%8A%D8%A7%D9%86%D9%89-%D9%85%D8%B9%D8%A7%D8%AF%D9%84%D8%A7%D8%AA-%D8%AD%D8%B3%D8%A7%D8%A8-%D9%83%D8%A7%D8%B4-%D9%81%D9%84%D9%88-%D8%B9%D8%A8%D8%B1-%D8%A8%D8%B1%D9%86%D8%A7%D9%85%D8%AC-%D8%A7%D9%83%D8%B3%D9%8A%D9%84
403 Forbidden,Non trouvé,Non trouvé,Non trouvé,Aucun avis,Inconnu,Inconnu,Aucun tag,https://khamsat.com/data/data-entry/3908681-%D8%A5%D8%AF%D8%AE%D8%A7%D9%84-%D9%88%D8%AA%D9%81%D8%B1%D9%8A%D8%BA-%D8%A7%D9%84%D8%A8%D9%8A%D8%A7%D9%86%D8%A7%D8%AA-%D8%B9%D9%84%D9%89-excel-%D9%88-word-%D8%A8%D8%AF%D9%82%D8%A9-%D9%88%D8%A7%D8%AD%D8%AA%D8%B1%D8%A7%D9%81%D9%8A%D8%A9
403 Forbidden,Non trouvé,Non trouvé,Non trouvé,Aucun avis,Inconnu,Inconnu,Aucun tag,https://khamsat.com/data/data-analytics/3227682-%D8%AA%D8%AD%D9%84%D9%8A%D9%84-%D8%A7%D9%84%D8%A8%D9%8A%D8%A7%D9%86%D8%A7%D8%AA-%D8%A8%D8%A7%D8%B3%D8%AA%D8%AE%D8%AF%D8%A7%D9%85-%D8%A8%D8%A7%D9%8A%D8%AB%D9%88%D9%86
403 Forbidden,Non trouvé,Non trouvé,Non trouvé,Aucun avis,Inconnu,Inconnu,Aucun tag,https://khamsat.com/data/data-dashboards/3810419-%D8%B9%D8%B1%D8%B6-%D9%85%D8%B1%D8%A6%D9%8A-%D9%84%D9%84%D8%A8%D9%8A%D8%A7%D9%86%D8%A7%D8%AA-%D8%A8%D8%A7%D8%B3%D8%AA%D8%AE%D8%AF%D8%A7%D9%85-%D8%AA%D8%B5%D9%88%D8%B1-%D8%A7%D9%84%D8%A8%D9%8A%D8%A7%D9%86%D8%A7%D8%AA-%D9%81%D9%8A-%D8%A8%D8%A7%D9%8A%D8%AB%D9%88%D9%86-plotly
403 Forbidden,Non trouvé,Non trouvé,Non trouvé,Aucun avis,Inconnu,Inconnu,Aucun tag,https://khamsat.com/data/data-processing/3740697-%D8%AA%D8%B5%D9%85%D9%8A%D9%85-%D8%AC%D8%AF%D8%A7%D9%88%D9%84-excel-%D8%A7%D8%AD%D8%AA%D8%B1%D8%A7%D9%81%D9%8A%D8%A9-%D8%AD%D8%B3%D8%A8-%D8%A7%D9%84%D8%B7%D9%84%D8%A8
403 Forbidden,Non trouvé,Non trouvé,Non trouvé,Aucun avis,Inconnu,Inconnu,Aucun tag,https://khamsat.com/data/data-analytics/3599594-%D8%AA%D8%AD%D9%84%D9%8A%D9%84-%D8%A7%D9%84%D8%A8%D9%8A%D8%A7%D9%86%D8%A7%D8%AA-%D9%88%D8%B9%D8%B1%D8%B6%D9%87%D8%A7-%D8%A8%D8%A7%D8%B3%D8%AA%D8%AE%D8%AF%D8%A7%D9%85-%D8%A8%D8%A7%D9%8A%D8%AB%D9%88%D9%86python
403 Forbidden,Non trouvé,Non trouvé,Non trouvé,Aucun avis,Inconnu,Inconnu,Aucun tag,https://khamsat.com/data/data-entry/3550456-%D8%A3%D8%AF%D8%AE%D9%84-%D8%A8%D9%8A%D8%A7%D9%86%D8%A7%D8%AA%D9%83-%D9%81%D9%8A-%D8%A7%D9%83%D8%B3%D9%84-power-bi-%D9%88%D9%85%D9%8A%D8%B2%D9%87%D8%A7-%D8%A8%D8%A7%D9%84%D8%B1%D8%B3%D9%88%D9%85-%D8%A7%D9%84%D8%A5%D8%AD%D8%AA%D8%B1%D8%A7%D9%81%D9%8A%D8%A9
403 Forbidden,Non trouvé,Non trouvé,Non trouvé,Aucun avis,Inconnu,Inconnu,Aucun tag,https://khamsat.com/data/data-dashboards/3886776-%D8%AA%D8%B5%D9%85%D9%8A%D9%85-%D8%AF%D8%A7%D8%B4%D8%A8%D9%88%D8%B1%D8%AF-%D8%AA%D9%81%D8%A7%D8%B9%D9%84%D9%8A-%D8%A8%D8%A7%D8%B3%D8%AA%D8%AE%D8%AF%D8%A7%D9%85-power-bi
403 Forbidden,Non trouvé,Non trouvé,Non trouvé,Aucun avis,Inconnu,Inconnu,Aucun tag,https://khamsat.com/data/data-processing/3823549-%D8%AA%D8%AC%D9%87%D9%8A%D8%B2-%D8%A7%D9%84%D8%A8%D9%8A%D8%A7%D9%86%D8%A7%D8%AA-%D9%84%D9%84%D9%86%D9%85%D8%A7%D8%B0%D8%AC-data-cleaning-preprocessing
403 Forbidden,Non trouvé,Non trouvé,Non trouvé,Aucun avis,Inconnu,Inconnu,Aucun tag,https://khamsat.com/data/data-entry/2929618-%D8%A5%D8%AF%D8%AE%D8%A7%D9%84-%D8%A8%D9%8A%D8%A7%D9%86%D8%A7%D8%AA-%D8%B9%D9%84%D9%89-%D8%A7%D9%84%D8%A7%D9%83%D8%B3%D9%84
403 Forbidden,Non trouvé,Non trouvé,Non trouvé,Aucun avis,Inconnu,Inconnu,Aucun tag,https://khamsat.com/data/data-analytics/3680341-%D8%A5%D8%B9%D8%AF%D8%A7%D8%AF-%D8%AA%D9%82%D8%A7%D8%B1%D9%8A%D8%B1-%D8%AA%D9%81%D8%A7%D8%B9%D9%84%D9%8A%D8%A9-%D8%A8%D8%A7%D8%B3%D8%AA%D8%AE%D8%AF%D8%A7%D9%85-power-bi
403 Forbidden,Non trouvé,Non trouvé,Non trouvé,Aucun avis,Inconnu,Inconnu,Aucun tag,https://khamsat.com/data/data-dashboards/3571604-%D8%AA%D8%B5%D9%85%D9%8A%D9%85-interactive-dashboard-%D8%A8%D8%A7%D8%B3%D8%AA%D8%AE%D8%AF%D8%A7%D9%85-power-bi
403 Forbidden,Non trouvé,Non trouvé,Non trouvé,Aucun avis,Inconnu,Inconnu,Aucun tag,https://khamsat.com/data/data-processing/3663897-%D9%85%D8%B9%D8%A7%D9%84%D8%AC%D9%87-%D8%A7%D9%84%D8%A8%D9%8A%D8%A7%D9%86%D8%A7%D8%AA-%D8%A8%D8%B4%D9%83%D9%84-%D8%A5%D8%AD%D8%AA%D8%B1%D8%A7%D9%81%D9%8A
403 Forbidden,Non trouvé,Non trouvé,Non trouvé,Aucun avis,Inconnu,Inconnu,Aucun tag,https://khamsat.com/data/data-entry/3380756-%D8%A7%D8%AF%D8%AE%D8%A7%D9%84-%D8%A8%D9%8A%D8%A7%D9%86%D8%A7%D8%AA-%D9%88%D8%AA%D9%86%D8%B3%D9%8A%D9%82%D9%87%D8%A7-%D9%88%D8%AA%D8%AD%D9%88%D9%8A%D9%84-%D8%A7%D9%84%D9%85%D9%84%D9%81%D8%A7%D8%AA-%D8%A7%D9%84%D9%88%D9%88%D8%B1%D8%AF-%D9%84pdf
403 Forbidden,Non trouvé,Non trouvé,Non trouvé,Aucun avis,Inconnu,Inconnu,Aucun tag,https://khamsat.com/data/data-analytics/3034616-%D8%AA%D8%AD%D9%84%D9%8A%D9%84-%D8%A8%D9%8A%D8%A7%D9%86%D8%A7%D8%AA-%D8%A7%D9%84%D8%A3%D8%A8%D8%AD%D8%A7%D8%AB-%D8%A8%D8%A7%D8%B3%D8%AA%D8%AE%D8%AF%D8%A7%D9%85-%D8%A7%D9%84spss-%D8%A3%D9%88-jamovi
403 Forbidden,Non trouvé,Non trouvé,Non trouvé,Aucun avis,Inconnu,Inconnu,Aucun tag,https://khamsat.com/data/data-dashboards/3845892-%D8%A7%D8%AC%D9%8A%D8%AF-%D8%B9%D9%85%D9%84-%D8%AA%D8%B5%D9%85%D9%8A%D9%85-%D8%AF%D8%A7%D8%B4%D8%A8%D9%88%D8%B1%D8%AF-%D8%A7%D8%AD%D8%AA%D8%B1%D8%A7%D9%81%D9%8A%D8%A9-%D9%88%D9%85%D9%86%D8%B8%D9%85%D8%A9-%D8%B9%D9%86-%D8%A7%D9%84%D8%A8%D9%8A%D8%A7%D9%86%D8%A7%D8%AA
403 Forbidden,Non trouvé,Non trouvé,Non trouvé,Aucun avis,Inconnu,Inconnu,Aucun tag,https://khamsat.com/data/data-processing/3868075-%D9%86%D8%B8%D8%A7%D9%85-google-sheets-%D8%B0%D9%83%D9%8A-%D9%85%D8%B9-%D8%A3%D8%AA%D9%85%D8%AA%D8%A9-%D9%83%D8%A7%D9%85%D9%84%D8%A9
403 Forbidden,Non trouvé,Non trouvé,Non trouvé,Aucun avis,Inconnu,Inconnu,Aucun tag,https://khamsat.com/data/data-entry/869429-%D8%AA%D9%86%D8%B3%D9%8A%D9%82-%D9%85%D9%84%D9%81%D8%A7%D8%AA-%D8%A7%D9%84%D9%88%D8%B1%D8%AF-%D9%88%D8%B6%D8%A8%D8%B7-%D8%A7%D9%84%D8%AA%D9%88%D8%AB%D9%8A%D9%82-%D9%88%D9%81%D9%82%D8%A7-%D9%84%D9%84%D9%85%D8%B9%D8%A7%D9%8A%D9%8A%D8%B1-%D8%A7%D9%84%D8%B9%D9%84%D9%85%D9%8A%D8%A9-%D9%84%D9%84%D8%A3%D8%A8%D8%AD%D8%A7%D8%AB-20-%D8%B5%D9%81%D8%AD%D8%A9
403 Forbidden,Non trouvé,Non trouvé,Non trouvé,Aucun avis,Inconnu,Inconnu,Aucun tag,https://khamsat.com/data/data-dashboards/3803527-%D8%AA%D8%B5%D9%85%D9%8A%D9%85-%D9%84%D9%88%D8%AD%D8%A9-%D8%A8%D9%8A%D8%A7%D9%86%D8%A7%D8%AA-%D8%AA%D9%81%D8%A7%D8%B9%D9%84%D9%8A%D8%A9-%D8%A7%D8%AD%D8%AA%D8%B1%D8%A7%D9%81%D9%8A%D8%A9-dashboard-%D8%A8%D9%80-power-bi
403 Forbidden,Non trouvé,Non trouvé,Non trouvé,Aucun avis,Inconnu,Inconnu,Aucun tag,https://khamsat.com/data/data-analytics/3793734-%D8%AA%D8%AD%D9%84%D9%8A%D9%84-%D8%A7%D9%84%D8%A8%D9%8A%D8%A7%D9%86%D8%A7%D8%AA-%D9%88%D9%83%D8%AA%D8%A7%D8%A8%D8%A9-%D8%A7%D9%84%D8%AA%D8%AD%D9%84%D9%8A%D9%84%D8%A7%D8%AA-%D8%A7%D9%84%D8%A7%D9%83%D8%A7%D8%AF%D9%8A%D9%85%D9%8A%D8%A9-%D8%A8%D8%A7%D8%B3%D8%AA%D8%AE%D8%AF%D8%A7%D9%85-spss
403 Forbidden,Non trouvé,Non trouvé,Non trouvé,Aucun avis,Inconnu,Inconnu,Aucun tag,https://khamsat.com/data/data-processing/3694791-%D8%AA%D9%86%D8%B8%D9%8A%D9%81-%D9%88%D8%AA%D9%86%D8%B8%D9%8A%D9%85-%D8%A7%D9%84%D8%A8%D9%8A%D8%A7%D9%86%D8%A7%D8%AA-%D9%88%D8%AA%D8%AD%D9%88%D9%8A%D9%84%D9%87%D8%A7-%D9%84%D8%AC%D8%AF%D8%A7%D9%88%D9%84-%D9%88%D8%B1%D8%B3%D9%88%D9%85-%D8%A8%D9%8A%D8%A7%D9%86%D9%8A%D8%A9
403 Forbidden,Non trouvé,Non trouvé,Non trouvé,Aucun avis,Inconnu,Inconnu,Aucun tag,https://khamsat.com/data/data-entry/3513493-%D8%A5%D8%AF%D8%AE%D8%A7%D9%84-%D8%A7%D9%84%D8%A8%D9%8A%D8%A7%D9%86%D8%A7%D8%AA-%D8%A8%D8%AF%D9%82%D8%A9-%D9%88%D8%B3%D8%B1%D8%B9%D8%A9-%D8%A8%D8%A7%D8%B3%D8%AA%D8%AE%D8%AF%D8%A7%D9%85-excel-%D9%88word
403 Forbidden,Non trouvé,Non trouvé,Non trouvé,Aucun avis,Inconnu,Inconnu,Aucun tag,https://khamsat.com/data/data-analytics/3051752-%D8%AA%D8%AD%D9%84%D9%8A%D9%84-%D8%A7%D9%84%D8%A8%D9%8A%D8%A7%D9%86%D8%A7%D8%AA-%D8%A8%D8%A5%D8%B3%D8%AA%D8%AE%D8%AF%D8%A7%D9%85-power-bi
403 Forbidden,Non trouvé,Non trouvé,Non trouvé,Aucun avis,Inconnu,Inconnu,Aucun tag,https://khamsat.com/data/data-dashboards/3841060-%D8%B9%D9%85%D9%84-%D8%AF%D8%A7%D8%B4%D8%A8%D9%88%D8%B1%D8%AF-%D8%A8%D9%88%D8%A7%D8%B3%D8%B7%D8%A9-%D8%A8%D8%A7%D9%88%D8%B1-%D8%A8%D9%8A-%D8%A7%D9%8A-power-bi-dashboard
403 Forbidden,Non trouvé,Non trouvé,Non trouvé,Aucun avis,Inconnu,Inconnu,Aucun tag,https://khamsat.com/data/data-processing/3775082-%D8%AA%D9%86%D8%B8%D9%8A%D9%81-%D9%88%D8%AA%D8%AC%D9%87%D9%8A%D8%B2-%D8%A7%D9%84%D8%A8%D9%8A%D8%A7%D9%86%D8%A7%D8%AA-%D9%84%D9%84%D8%AA%D8%AD%D9%84%D9%8A%D9%84-excel-csv-sql
403 Forbidden,Non trouvé,Non trouvé,Non trouvé,Aucun avis,Inconnu,Inconnu,Aucun tag,https://khamsat.com/data/data-entry/3736715-data-entry-%D8%A7%D8%AF%D8%AE%D8%A7%D9%84-%D8%A7%D9%84%D8%A8%D9%8A%D8%A7%D9%86%D8%A7%D8%AA
403 Forbidden,Non trouvé,Non trouvé,Non trouvé,Aucun avis,Inconnu,Inconnu,Aucun tag,https://khamsat.com/data/data-analytics/2393206-%D8%AA%D8%AD%D9%84%D9%8A%D9%84-%D8%A7%D9%84%D8%A8%D9%8A%D8%A7%D9%86%D8%A7%D8%AA-%D9%88%D9%83%D8%AA%D8%A7%D8%A8%D8%A9-%D8%AA%D9%82%D8%A7%D8%B1%D9%8A%D8%B1-%D8%A8%D8%A7%D8%B3%D8%AA%D8%AE%D8%AF%D8%A7%D9%85-%D8%A7%D9%83%D8%B3%D9%8A%D9%84
403 Forbidden,Non trouvé,Non trouvé,Non trouvé,Aucun avis,Inconnu,Inconnu,Aucun tag,https://khamsat.com/data/data-dashboards/3749264-%D8%AA%D8%B5%D9%85%D9%8A%D9%85-%D9%88%D8%AA%D8%B7%D9%88%D9%8A%D8%B1-dashboards-%D8%AA%D9%81%D8%A7%D8%B9%D9%84%D9%8A%D8%A9-%D9%84%D8%B9%D8%B1%D8%B6-%D9%88%D8%AA%D8%AD%D9%84%D9%8A%D9%84-%D8%A7%D9%84%D8%A8%D9%8A%D8%A7%D9%86%D8%A7%D8%AA
403 Forbidden,Non trouvé,Non trouvé,Non trouvé,Aucun avis,Inconnu,Inconnu,Aucun tag,https://khamsat.com/data/data-processing/3878951-%D8%A8%D8%B1%D9%85%D8%AC%D8%A9-%D9%88%D8%AA%D8%AD%D9%84%D9%8A%D9%84-%D8%A8%D9%8A%D8%A7%D9%86%D8%A7%D8%AA-%D8%A8%D8%A7%D9%8A%D8%AB%D9%88%D9%86
403 Forbidden,Non trouvé,Non trouvé,Non trouvé,Aucun avis,Inconnu,Inconnu,Aucun tag,https://khamsat.com/data/data-entry/3471565-%D8%A5%D8%AF%D8%AE%D8%A7%D9%84-%D8%A7%D9%84%D8%A8%D9%8A%D8%A7%D9%86%D8%A7%D8%AA-%D8%B9%D9%84%D9%8A-%D8%A8%D8%B1%D8%A7%D9%85%D8%AC-%D8%A7%D9%84%D9%88%D9%88%D8%B1%D8%AF
403 Forbidden,Non trouvé,Non trouvé,Non trouvé,Aucun avis,Inconnu,Inconnu,Aucun tag,https://khamsat.com/data/data-analytics/3410007-dashboard-%D9%84%D9%88%D8%AD%D8%A7%D8%AA-%D8%AA%D9%81%D8%A7%D8%B9%D9%84%D9%8A%D8%A9-%D8%B9%D9%84%D9%89-%D8%A8%D8%B1%D9%86%D8%A7%D9%85%D8%AC-power-bi
403 Forbidden,Non trouvé,Non trouvé,Non trouvé,Aucun avis,Inconnu,Inconnu,Aucun tag,https://khamsat.com/data/data-dashboards/3480555-%D8%AA%D9%82%D8%A7%D8%B1%D9%8A%D8%B1-%D9%88%D9%84%D9%88%D8%AD%D8%A7%D8%AA-%D8%AA%D9%81%D8%A7%D8%B9%D9%84%D9%8A%D8%A9-%D8%A7%D8%AD%D8%AA%D8%B1%D8%A7%D9%81%D9%8A%D8%A9-%D8%A8%D8%A7%D8%B3%D8%AA%D8%AE%D8%AF%D8%A7%D9%85-power-bi
403 Forbidden,Non trouvé,Non trouvé,Non trouvé,Aucun avis,Inconnu,Inconnu,Aucun tag,https://khamsat.com/data/data-processing/3694482-%D8%AA%D9%86%D8%B8%D9%8A%D9%81-%D9%88%D9%85%D8%B9%D8%A7%D9%84%D8%AC%D8%A9-%D9%85%D9%84%D9%81%D8%A7%D8%AA-excel-%D8%A3%D9%88-csv-%D8%A8%D8%A7%D8%B3%D8%AA%D8%AE%D8%AF%D8%A7%D9%85-pythonpandas
403 Forbidden,Non trouvé,Non trouvé,Non trouvé,Aucun avis,Inconnu,Inconnu,Aucun tag,https://khamsat.com/data/data-entry/3498548-%D8%AA%D8%B9%D8%AF%D9%8A%D9%84-%D8%B9%D9%84%D9%89-%D9%85%D9%84%D9%81%D8%A7%D8%AA-pdf-%D9%88%D8%A7%D9%84%D8%AA%D8%B9%D8%A7%D9%85%D9%84-%D9%85%D8%B9%D9%87%D8%A7
403 Forbidden,Non trouvé,Non trouvé,Non trouvé,Aucun avis,Inconnu,Inconnu,Aucun tag,https://khamsat.com/data/data-analytics/3196435-%D8%AA%D8%AD%D9%84%D9%8A%D9%84-%D8%A7%D9%84%D8%A8%D9%8A%D8%A7%D9%86%D8%A7%D8%AA-%D9%88%D8%B9%D9%85%D9%84-%D8%AF%D8%A7%D8%B4%D8%A8%D9%88%D8%B1%D8%AF-%D8%A8%D8%A5%D8%B3%D8%AA%D8%AE%D8%AF%D8%A7%D9%85-power-bi
403 Forbidden,Non trouvé,Non trouvé,Non trouvé,Aucun avis,Inconnu,Inconnu,Aucun tag,https://khamsat.com/data/data-dashboards/3151702-%D8%AA%D8%B5%D9%85%D9%8A%D9%85-%D8%AF%D8%A7%D8%B4-%D8%A8%D9%88%D8%B1%D8%AF-%D9%85%D9%85%D9%8A%D8%B2-%D9%88%D8%A7%D8%AD%D8%AA%D8%B1%D8%A7%D9%81%D9%8A-%D9%84%D8%B9%D8%B1%D8%B6-%D9%88%D8%A5%D8%AF%D8%A7%D8%B1%D8%A9-%D8%A7%D9%84%D9%85%D9%86%D8%AA%D8%AC%D8%A7%D8%AA
403 Forbidden,Non trouvé,Non trouvé,Non trouvé,Aucun avis,Inconnu,Inconnu,Aucun tag,https://khamsat.com/data/data-processing/3748182-%D9%85%D8%B9%D8%A7%D9%84%D8%AC%D8%A9-%D9%88%D8%AA%D8%B5%D9%88%D9%8A%D8%B1-%D8%A7%D9%84%D8%A8%D9%8A%D8%A7%D9%86%D8%A7%D8%AA-data-cleaning-visualization
403 Forbidden,Non trouvé,Non trouvé,Non trouvé,Aucun avis,Inconnu,Inconnu,Aucun tag,https://khamsat.com/data/data-entry/3775657-%D8%A7%D8%AF%D8%AE%D8%A7%D9%84-%D8%A8%D9%8A%D8%A7%D9%86%D8%A7%D8%AA-data-entry
403 Forbidden,Non trouvé,Non trouvé,Non trouvé,Aucun avis,Inconnu,Inconnu,Aucun tag,https://khamsat.com/data/data-analytics/3059333-%D8%AA%D8%AD%D9%84%D9%8A%D9%84-%D8%A7%D9%84%D8%A8%D9%8A%D8%A7%D9%86%D8%A7%D8%AA-%D9%88%D8%A7%D9%86%D8%B4%D8%A7%D8%A1-dashboard-%D8%AA%D9%81%D8%A7%D8%B9%D9%84%D9%8A%D8%A9-%D8%A8%D8%A7%D8%B3%D8%AA%D8%AE%D8%AF%D8%A7%D9%85-excel
403 Forbidden,Non trouvé,Non trouvé,Non trouvé,Aucun avis,Inconnu,Inconnu,Aucun tag,https://khamsat.com/data/data-dashboards/3856746-%D8%A5%D9%86%D8%B4%D8%A7%D8%A1-%D8%AF%D8%A7%D8%B4%D8%A8%D9%88%D8%B1%D8%AF-%D8%AA%D9%81%D8%A7%D8%B9%D9%84%D9%8A-%D8%A8%D8%A7%D8%B3%D8%AA%D8%AE%D8%AF%D8%A7%D9%85-excel-%D8%A3%D9%88-power-bi-%D8%A3%D9%88-tableau
403 Forbidden,Non trouvé,Non trouvé,Non trouvé,Aucun avis,Inconnu,Inconnu,Aucun tag,https://khamsat.com/data/data-processing/2820837-%D8%AD%D8%B3%D8%A7%D8%A8-%D8%A7%D9%84%D9%86%D8%B3%D8%A8%D8%A9-%D8%A7%D9%84%D9%85%D8%A6%D9%88%D9%8A%D8%A9-%D9%84%D8%AA%D9%83%D8%B1%D8%A7%D8%B1%D8%A7%D8%AA-%D8%AA%D8%AD%D9%84%D9%8A%D9%84-%D8%A7%D9%84%D9%85%D8%B6%D9%85%D9%88%D9%86-%D8%A8%D8%B3%D8%B1%D8%B9%D8%A9-%D9%88%D8%AF%D9%82%D8%A9
403 Forbidden,Non trouvé,Non trouvé,Non trouvé,Aucun avis,Inconnu,Inconnu,Aucun tag,https://khamsat.com/data/data-entry/931996-%D8%A7%D8%AF%D8%AE%D8%A7%D9%84-%D8%A8%D9%8A%D8%A7%D9%86%D8%A7%D8%AA-%D8%A7%D9%84%D9%89-%D8%A7%D9%84%D9%85%D9%88%D8%A7%D9%82%D8%B9-%D9%88%D9%84%D9%88%D8%AD%D8%A9-%D8%A7%D9%84%D8%AA%D8%AD%D9%83%D9%85-%D8%A7%D9%84%D8%AE%D8%A7%D8%B5%D8%A9-%D8%A8%D8%A7%D9%84%D8%AA%D8%B7%D8%A8%D9%8A%D9%82%D8%A7%D8%AA-%D9%84%D9%83%D9%84-100-%D9%85%D9%86%D8%AA%D8%AC-%D9%85%D9%86-%D8%A7%D9%84%D8%A8%D9%8A%D8%A7%D9%86%D8%A7%D8%AA
403 Forbidden,Non trouvé,Non trouvé,Non trouvé,Aucun avis,Inconnu,Inconnu,Aucun tag,https://khamsat.com/data/data-dashboards/3847512-%D8%A5%D9%86%D8%B4%D8%A7%D8%A1-%D9%84%D9%88%D8%AD%D8%A9-%D8%AA%D8%AD%D9%83%D9%85-%D8%A7%D8%AD%D8%AA%D8%B1%D8%A7%D9%81%D9%8A%D8%A9-%D9%81%D9%8A-power-bi-%D9%84%D8%AA%D8%AD%D9%84%D9%8A%D9%84-%D8%A8%D9%8A%D8%A7%D9%86%D8%A7%D8%AA-%D9%85%D8%B4%D8%B1%D9%88%D8%B9%D9%83
403 Forbidden,Non trouvé,Non trouvé,Non trouvé,Aucun avis,Inconnu,Inconnu,Aucun tag,https://khamsat.com/data/data-analytics/3110496-%D8%AA%D8%AD%D9%84%D9%8A%D9%84-%D8%A8%D9%8A%D8%A7%D9%86%D8%A7%D8%AA-%D8%A7%D8%AD%D8%AA%D8%B1%D8%A7%D9%81%D9%8A-%D9%88%D8%A8%D8%AF%D9%82%D8%A9-%D8%A8%D8%A7%D8%B3%D8%AA%D8%AE%D8%AF%D8%A7%D9%85-microsoft-power-bi
403 Forbidden,Non trouvé,Non trouvé,Non trouvé,Aucun avis,Inconnu,Inconnu,Aucun tag,https://khamsat.com/data/data-processing/2020802-%D8%AA%D8%B5%D9%85%D9%8A%D9%85-%D9%88%D8%A5%D9%86%D8%B4%D8%A7%D8%A1-%D8%A7%D9%84%D8%AC%D8%AF%D8%A7%D9%88%D9%84-%D8%A7%D9%84%D8%B2%D9%85%D9%86%D9%8A%D8%A9-%D9%84%D9%84%D9%85%D8%B4%D8%A7%D8%B1%D9%8A%D8%B9-%D8%A8%D8%A7%D8%B3%D8%AA%D8%AE%D8%AF%D8%A7%D9%85-ms-projects
403 Forbidden,Non trouvé,Non trouvé,Non trouvé,Aucun avis,Inconnu,Inconnu,Aucun tag,https://khamsat.com/data/data-entry/2893354-%D8%AA%D8%B5%D9%85%D9%8A%D9%85-%D8%A7%D9%84%D8%A7%D8%AE%D8%AA%D8%A8%D8%A7%D8%B1%D8%A7%D8%AA-%D9%88%D8%A7%D9%84%D8%A7%D8%B3%D8%AA%D8%A8%D9%8A%D8%A7%D9%86%D8%A7%D8%AA-%D8%A7%D9%84%D8%A7%D9%84%D9%83%D8%AA%D8%B1%D9%88%D9%86%D9%8A%D9%87-google-forms
403 Forbidden,Non trouvé,Non trouvé,Non trouvé,Aucun avis,Inconnu,Inconnu,Aucun tag,https://khamsat.com/data/data-analytics/2450869-%D8%AA%D8%AD%D9%84%D9%8A%D9%84-%D8%A8%D9%8A%D8%A7%D9%86%D8%A7%D8%AA-%D8%A7%D9%84%D8%A8%D8%AD%D9%88%D8%AB-%D8%A7%D9%84%D8%A3%D9%83%D8%A7%D8%AF%D9%8A%D9%85%D9%8A%D8%A9-%D8%A8%D8%A7%D8%B3%D8%AA%D8%B9%D9%85%D8%A7%D9%84-%D8%A7%D9%84%D9%80-spss
403 Forbidden,Non trouvé,Non trouvé,Non trouvé,Aucun avis,Inconnu,Inconnu,Aucun tag,https://khamsat.com/data/data-dashboards/3157883-%D8%A5%D9%86%D8%B4%D8%A7%D8%A1-%D9%84%D9%88%D8%AD%D8%A7%D8%AA-%D8%A8%D9%8A%D8%A7%D9%86%D8%A7%D8%AA-%D8%AA%D9%81%D8%A7%D8%B9%D9%84%D9%8A%D8%A9-%D8%A7%D8%AD%D8%AA%D8%B1%D8%A7%D9%81%D9%8A%D8%A9-%D8%A8%D8%A7%D8%B3%D8%AA%D8%AE%D8%AF%D8%A7%D9%85-power-bi-%D9%88exce
403 Forbidden,Non trouvé,Non trouvé,Non trouvé,Aucun avis,Inconnu,Inconnu,Aucun tag,https://khamsat.com/data/data-entry/3671455-%D8%A5%D8%AF%D8%AE%D8%A7%D9%84-%D8%A8%D9%8A%D8%A7%D9%86%D8%A7%D8%AA-%D8%A8%D8%A7%D8%AD%D8%AA%D8%B1%D8%A7%D9%81%D9%8A%D8%A9-%D9%88%D8%B3%D8%B1%D8%B9%D8%A9-%D9%81%D9%8A-excel-%D8%A3%D9%88-word
403 Forbidden,Non trouvé,Non trouvé,Non trouvé,Aucun avis,Inconnu,Inconnu,Aucun tag,https://khamsat.com/data/data-processing/3856423-%D8%AA%D8%B5%D9%85%D9%8A%D9%85-%D8%AC%D8%AF%D8%A7%D9%88%D9%84-excel-%D8%A7%D8%AD%D8%AA%D8%B1%D8%A7%D9%81%D9%8A%D8%A9-%D9%84%D8%A5%D8%AF%D8%A7%D8%B1%D8%A9-%D8%A3%D8%B9%D9%85%D8%A7%D9%84%D9%83-%D8%A8%D8%B3%D9%87%D9%88%D9%84%D8%A9-%D9%88%D8%B3%D8%B1%D8%B9%D8%A9
403 Forbidden,Non trouvé,Non trouvé,Non trouvé,Aucun avis,Inconnu,Inconnu,Aucun tag,https://khamsat.com/data/data-analytics/2899689-%D8%AA%D8%AD%D9%84%D9%8A%D9%84-%D8%A7%D9%84%D8%A8%D9%8A%D8%A7%D9%86%D8%A7%D8%AA-%D8%A8%D8%A7%D8%B3%D8%AA%D8%AE%D8%AF%D8%A7%D9%85-excel
403 Forbidden,Non trouvé,Non trouvé,Non trouvé,Aucun avis,Inconnu,Inconnu,Aucun tag,https://khamsat.com/data/data-dashboards/3685054-%D8%AF%D8%A7%D8%B4%D8%A8%D9%88%D8%B1%D8%AF-%D9%85%D8%B5%D9%85%D9%85%D8%A9-%D8%AE%D8%B5%D9%8A%D8%B5%D8%A7-%D9%84%D8%A5%D8%AD%D8%AA%D9%8A%D8%A7%D8%AC%D8%A7%D8%AA-%D8%B9%D9%85%D9%84%D9%83
403 Forbidden,Non trouvé,Non trouvé,Non trouvé,Aucun avis,Inconnu,Inconnu,Aucun tag,https://khamsat.com/data/data-entry/2292137-%D8%AE%D8%AF%D9%85%D8%A7%D8%AA-excel-%D8%A7%D8%AF%D8%AE%D8%A7%D9%84-%D8%A7%D9%84%D8%A8%D9%8A%D8%A7%D9%86%D8%A7%D8%AA-data-entry-%D9%88-%D8%A7%D9%86%D8%B4%D8%A7%D8%A1-%D8%A7%D9%84%D8%AC%D8%AF%D8%A7%D9%88%D9%84
403 Forbidden,Non trouvé,Non trouvé,Non trouvé,Aucun avis,Inconnu,Inconnu,Aucun tag,https://khamsat.com/data/data-processing/3851652-%D8%AE%D8%AF%D9%85%D8%A9-%D8%A8%D8%B1%D9%85%D8%AC%D8%A9-vba-%D9%88%D8%AA%D8%B7%D9%88%D9%8A%D8%B1-%D8%AD%D9%84%D9%88%D9%84-excel
403 Forbidden,Non trouvé,Non trouvé,Non trouvé,Aucun avis,Inconnu,Inconnu,Aucun tag,https://khamsat.com/data/data-analytics/2714094-%D8%A7%D9%84%D8%AA%D8%AD%D9%84%D9%8A%D9%84-%D8%A7%D9%84%D8%A3%D8%AD%D8%B5%D8%A7%D8%A6%D9%89-%D8%A8%D8%A7%D8%B3%D8%AA%D8%AE%D8%AF%D8%A7%D9%85-%D8%A8%D8%B1%D9%86%D8%A7%D9%85%D8%AC-spss-%D8%A7%D9%88-%D8%A8%D8%B1%D9%86%D8%A7%D9%85%D8%AC-amos
403 Forbidden,Non trouvé,Non trouvé,Non trouvé,Aucun avis,Inconnu,Inconnu,Aucun tag,https://khamsat.com/data/data-dashboards/3869211-%D8%AA%D8%B5%D9%85%D9%8A%D9%85-%D8%AF%D8%A7%D8%B4%D8%A8%D9%88%D8%B1%D8%AF-%D8%AA%D9%81%D8%A7%D8%B9%D9%84%D9%8A%D8%A9-%D8%A8%D8%B4%D9%83%D9%84-%D8%A7%D8%AD%D8%AA%D8%B1%D8%A7%D9%81%D9%8A-excel-power-bi
403 Forbidden,Non trouvé,Non trouvé,Non trouvé,Aucun avis,Inconnu,Inconnu,Aucun tag,https://khamsat.com/data/data-entry/1089405-%D8%A7%D8%AF%D8%AE%D8%A7%D9%84-%D8%A7%D9%84%D8%A8%D9%8A%D8%A7%D9%86%D8%A7%D8%AA-%D8%A7%D9%84%D9%89-%D8%A7%D9%83%D8%B3%D9%84-excel-%D8%A8%D8%A7%D8%AD%D8%AA%D8%B1%D8%A7%D9%81%D9%8A%D8%A9-%D9%88%D8%A8%D8%AF%D9%82%D8%A9-%D8%B9%D8%A7%D9%84%D9%8A%D8%A9
403 Forbidden,Non trouvé,Non trouvé,Non trouvé,Aucun avis,Inconnu,Inconnu,Aucun tag,https://khamsat.com/data/data-processing/3753189-%D8%AA%D9%86%D8%B8%D9%8A%D9%81-%D9%88%D8%AA%D8%B1%D8%AA%D9%8A%D8%A8-%D8%A7%D9%84%D8%A8%D9%8A%D8%A7%D9%86%D8%A7%D8%AA-%D9%81%D9%8A-%D9%85%D9%84%D9%81-excel-%D8%A3%D9%88-csv-%D8%A8%D8%A7%D8%AD%D8%AA%D8%B1%D8%A7%D9%81%D9%8A%D8%A9
403 Forbidden,Non trouvé,Non trouvé,Non trouvé,Aucun avis,Inconnu,Inconnu,Aucun tag,https://khamsat.com/data/data-analytics/3891953-dashboard-%D9%84%D9%88%D8%AD%D8%A7%D8%AA-%D8%AA%D9%81%D8%A7%D8%B9%D9%84%D9%8A%D8%A9-%D8%B9%D9%84%D9%89-%D8%A8%D8%B1%D9%86%D8%A7%D9%85%D8%AC-power-bi
403 Forbidden,Non trouvé,Non trouvé,Non trouvé,Aucun avis,Inconnu,Inconnu,Aucun tag,https://khamsat.com/data/data-dashboards/3752245-%D8%A7%D9%86%D8%B4%D8%A7%D8%A1-%D8%AF%D8%A7%D8%B4%D8%A8%D9%88%D8%A7%D8%B1%D8%AF-%D8%A7%D8%AD%D8%AA%D8%B1%D8%A7%D9%81%D9%8A-%D8%A8%D8%A7%D8%B3%D8%AA%D8%AE%D8%AF%D8%A7%D9%85-%D8%A7%D9%83%D8%B3%D9%8A%D9%84
403 Forbidden,Non trouvé,Non trouvé,Non trouvé,Aucun avis,Inconnu,Inconnu,Aucun tag,https://khamsat.com/data/data-processing/3829541-%D8%AA%D9%86%D8%B8%D9%8A%D9%81-%D9%88%D8%AA%D8%AD%D8%B6%D9%8A%D8%B1-%D9%85%D9%84%D9%81%D8%A7%D8%AA-%D8%A7%D9%84%D8%A8%D9%8A%D8%A7%D9%86%D8%A7%D8%AA-excel-%D8%A3%D9%88-csv
403 Forbidden,Non trouvé,Non trouvé,Non trouvé,Aucun avis,Inconnu,Inconnu,Aucun tag,https://khamsat.com/data/data-entry/3857633-%D8%A5%D8%AF%D8%AE%D8%A7%D9%84-%D9%88%D8%AA%D9%86%D8%B8%D9%8A%D9%85-%D8%A7%D9%84%D8%A8%D9%8A%D8%A7%D9%86%D8%A7%D8%AA-%D9%81%D9%8A-excel-%D8%A3%D9%88-google-sheets-%D8%A8%D8%AF%D9%82%D8%A9-%D8%B9%D8%A7%D9%84%D9%8A%D8%A9
403 Forbidden,Non trouvé,Non trouvé,Non trouvé,Aucun avis,Inconnu,Inconnu,Aucun tag,https://khamsat.com/data/data-analytics/3182390-%D8%AA%D8%AD%D9%84%D9%8A%D9%84-%D8%A7%D9%84%D8%A8%D9%8A%D8%A7%D9%86%D8%A7%D8%AA-%D8%A8%D8%A7%D8%B3%D8%AA%D8%AE%D8%AF%D8%A7%D9%85-%D8%A7%D9%84%D8%A7%D9%83%D8%B3%D9%84excel
403 Forbidden,Non trouvé,Non trouvé,Non trouvé,Aucun avis,Inconnu,Inconnu,Aucun tag,https://khamsat.com/data/data-dashboards/3759749-%D8%AA%D8%AD%D9%84%D9%8A%D9%84-%D8%A7%D9%84%D8%A8%D9%8A%D8%A7%D9%86%D8%A7%D8%AA-%D8%A8%D8%A7%D8%B3%D8%AA%D8%AE%D8%AF%D8%A7%D9%85-power-bi
403 Forbidden,Non trouvé,Non trouvé,Non trouvé,Aucun avis,Inconnu,Inconnu,Aucun tag,https://khamsat.com/data/data-entry/3883915-%D8%A7%D9%82%D8%AF%D9%85-%D8%AE%D8%AF%D9%85%D8%A9-%D9%88%D9%88%D8%B1%D8%AF-%D9%88%D8%A7%D9%83%D8%B3%D9%84-%D8%B3%D9%88%D8%A7%D8%A1-%D8%A8%D8%A7%D9%84%D9%84%D8%BA%D8%A9-%D8%A7%D9%84%D8%B9%D8%B1%D8%A8%D9%8A%D8%A9-%D9%88%D8%A7%D9%84%D8%A7%D9%86%D8%AC%D9%84%D9%8A%D8%B2%D9%8A%D8%A9
403 Forbidden,Non trouvé,Non trouvé,Non trouvé,Aucun avis,Inconnu,Inconnu,Aucun tag,https://khamsat.com/data/data-processing/3846389-%D8%AA%D9%86%D8%B8%D9%8A%D9%81-%D9%88-%D9%85%D8%B9%D8%A7%D9%84%D8%AC%D9%87-%D8%A7%D9%84%D8%A8%D9%8A%D8%A7%D9%86%D8%A7%D8%AA-data-cleaning-preprocessing
403 Forbidden,Non trouvé,Non trouvé,Non trouvé,Aucun avis,Inconnu,Inconnu,Aucun tag,https://khamsat.com/data/data-analytics/3798728-%D8%AA%D8%AD%D9%84%D9%8A%D9%84-%D8%A8%D9%8A%D8%A7%D9%86%D8%A7%D8%AA-%D8%A8%D8%A7%D8%B3%D8%AA%D8%AE%D8%AF%D8%A7%D9%85-%D8%A8%D8%A7%D9%8A%D8%AB%D9%88%D9%86
403 Forbidden,Non trouvé,Non trouvé,Non trouvé,Aucun avis,Inconnu,Inconnu,Aucun tag,https://khamsat.com/data/data-dashboards/3252766-%D8%AA%D8%B5%D9%85%D9%8A%D9%85-%D9%84%D9%88%D8%AD%D8%A9-%D8%AA%D8%AD%D9%83%D9%85-%D8%A7%D8%AD%D8%AA%D8%B1%D8%A7%D9%81%D9%8A%D8%A9-%D9%84%D8%AA%D8%AD%D9%84%D9%8A%D9%84-%D8%A7%D9%84%D9%85%D8%A8%D9%8A%D8%B9%D8%A7%D8%AA-%D8%A8%D8%A7%D8%B3%D8%AA%D8%AE%D8%AF%D8%A7%D9%85-excel
403 Forbidden,Non trouvé,Non trouvé,Non trouvé,Aucun avis,Inconnu,Inconnu,Aucun tag,https://khamsat.com/data/data-processing/3692420-%D8%AA%D9%86%D8%B8%D9%8A%D9%81-%D9%88%D9%85%D8%B9%D8%A7%D9%84%D8%AC%D8%A9-%D8%A7%D9%84%D8%A8%D9%8A%D8%A7%D9%86%D8%A7%D8%AA-%D9%84%D8%A5%D8%B2%D8%A7%D9%84%D8%A9-%D9%83%D9%84-%D8%A7%D9%84%D9%85%D8%B4%D8%A7%D9%83%D9%84-%D9%88%D8%AA%D8%AD%D8%B6%D9%8A%D8%B1%D9%87%D8%A7-%D9%84%D9%84%D8%A7%D8%B3%D8%AA%D8%AE%D8%AF%D8%A7%D9%85
403 Forbidden,Non trouvé,Non trouvé,Non trouvé,Aucun avis,Inconnu,Inconnu,Aucun tag,https://khamsat.com/data/data-entry/3648866-%D8%A7%D8%AF%D8%AE%D8%A7%D9%84-%D8%A7%D9%84%D8%A8%D9%8A%D8%A7%D9%86%D8%A7%D8%AA-%D8%A8%D8%AF%D9%82%D8%A9-%D8%B9%D8%A7%D9%84%D9%8A%D8%A9
403 Forbidden,Non trouvé,Non trouvé,Non trouvé,Aucun avis,Inconnu,Inconnu,Aucun tag,https://khamsat.com/data/data-dashboards/3124139-%D8%AA%D8%B5%D9%85%D9%8A%D9%85-dashboards-%D9%84%D8%B9%D8%B1%D8%B6-%D8%A8%D9%8A%D8%A7%D9%86%D8%A7%D8%AA-%D8%B9%D9%85%D9%84%D9%83-%D9%88%D8%AA%D9%82%D9%8A%D9%8A%D9%85%D9%87%D8%A7-%D9%88%D8%B9%D8%B1%D8%B6-%D8%A7%D9%84%D8%B1%D8%A4%D9%89-%D8%A7%D9%84%D9%85%D9%87%D9%85%D8%A9
403 Forbidden,Non trouvé,Non trouvé,Non trouvé,Aucun avis,Inconnu,Inconnu,Aucun tag,https://khamsat.com/data/data-analytics/3846696-%D8%AE%D8%AF%D9%85%D8%A9-%D8%AA%D8%AD%D9%84%D9%8A%D9%84-%D8%A7%D9%84%D8%A8%D9%8A%D8%A7%D9%86%D8%A7%D8%AA-%D8%A8-%D8%A5%D9%83%D8%B3%D9%84-excel-%D9%88-%D8%A5%D9%86%D8%B4%D8%A7%D8%A1-%D8%AF%D8%A7%D8%B4%D8%A8%D9%88%D8%B1%D8%AF-%D8%A7%D8%AD%D8%AA%D8%B1%D8%A7%D9%81%D9%8A%D8%A9
403 Forbidden,Non trouvé,Non trouvé,Non trouvé,Aucun avis,Inconnu,Inconnu,Aucun tag,https://khamsat.com/data/data-processing/3748748-%D8%AA%D9%86%D8%B8%D9%8A%D9%81-%D9%88%D9%85%D8%B9%D8%A7%D9%84%D8%AC%D8%A9-%D8%A7%D9%84%D8%A8%D9%8A%D8%A7%D9%86%D8%A7%D8%AA-excel-csv-sql-google-sheets
403 Forbidden,Non trouvé,Non trouvé,Non trouvé,Aucun avis,Inconnu,Inconnu,Aucun tag,https://khamsat.com/data/data-entry/3579901-%D8%A7%D8%AF%D8%AE%D8%A7%D9%84-%D8%A8%D9%8A%D8%A7%D9%86%D8%A7%D8%AA-%D8%A8%D8%A7%D8%AD%D8%AA%D8%B1%D8%A7%D9%81%D9%8A%D8%A9-%D9%88%D8%B3%D8%B1%D8%B9%D8%A9
403 Forbidden,Non trouvé,Non trouvé,Non trouvé,Aucun avis,Inconnu,Inconnu,Aucun tag,https://khamsat.com/data/data-analytics/3141327-%D8%AA%D8%AD%D9%84%D9%8A%D9%84-%D8%A8%D9%8A%D8%A7%D9%86%D8%A7%D8%AA-%D9%88%D8%B9%D9%85%D9%84-%D8%AF%D8%A7%D8%B4%D8%A8%D9%88%D8%B1%D8%AF-%D8%AA%D9%81%D8%A7%D8%B9%D9%84%D9%8A%D8%A9
403 Forbidden,Non trouvé,Non trouvé,Non trouvé,Aucun avis,Inconnu,Inconnu,Aucun tag,https://khamsat.com/data/data-dashboards/3739918-%D8%B9%D9%85%D9%84-dashboard-%D8%A7%D8%AD%D8%AA%D8%B1%D8%A7%D9%81%D9%8A-%D8%A8%D8%A7%D8%B3%D8%AA%D8%AE%D8%AF%D8%A7%D9%85-power-bi
403 Forbidden,Non trouvé,Non trouvé,Non trouvé,Aucun avis,Inconnu,Inconnu,Aucun tag,https://khamsat.com/data/data-entry/3877837-%D8%AA%D8%AD%D9%84%D9%8A%D9%84-%D9%88-%D8%A5%D8%AF%D8%AE%D8%A7%D9%84-%D9%88%D8%AA%D9%86%D8%B8%D9%8A%D9%85-%D8%A8%D9%8A%D8%A7%D9%86%D8%A7%D8%AA%D9%83-%D8%A8%D8%AF%D9%82%D8%A9-%D8%B9%D9%84%D9%89-excel-%D8%A3%D9%88-word
403 Forbidden,Non trouvé,Non trouvé,Non trouvé,Aucun avis,Inconnu,Inconnu,Aucun tag,https://khamsat.com/data/data-processing/3680493-%D8%AA%D9%86%D8%B8%D9%8A%D9%81-%D9%88%D8%AA%D8%B1%D8%AA%D9%8A%D8%A8-%D8%A7%D9%84%D8%A8%D9%8A%D8%A7%D9%86%D8%A7%D8%AA-%D8%A8%D8%A7%D8%AD%D8%AA%D8%B1%D8%A7%D9%81-%D8%A8%D8%A7%D8%B3%D8%AA%D8%AE%D8%AF%D8%A7%D9%85-python-%D9%88sql-%D9%88excel
403 Forbidden,Non trouvé,Non trouvé,Non trouvé,Aucun avis,Inconnu,Inconnu,Aucun tag,https://khamsat.com/data/data-dashboards/2939196-%D8%B9%D9%85%D9%84-%D9%84%D9%88%D8%AD%D9%87-%D8%AA%D8%AD%D9%83%D9%85-%D8%AA%D9%81%D8%A7%D8%B9%D9%84%D9%8A%D9%87-%D8%A8%D8%A7%D8%B3%D8%AA%D8%AE%D8%AF%D8%A7%D9%85-power-pi
403 Forbidden,Non trouvé,Non trouvé,Non trouvé,Aucun avis,Inconnu,Inconnu,Aucun tag,https://khamsat.com/data/data-analytics/3830379-%D8%AA%D8%AD%D9%84%D9%8A%D9%84-%D9%84%D9%84%D8%A8%D9%8A%D8%A7%D9%86%D8%A7%D8%AA-%D9%85%D8%B9-%D8%AA%D9%82%D8%A7%D8%B1%D9%8A%D8%B1-%D9%88-dashboards-%D8%A8%D8%B7%D8%B1%D9%8A%D9%82%D8%A9-%D8%A7%D8%AD%D8%AA%D8%B1%D8%A7%D9%81%D9%8A%D8%A9
403 Forbidden,Non trouvé,Non trouvé,Non trouvé,Aucun avis,Inconnu,Inconnu,Aucun tag,https://khamsat.com/data/data-entry/3842800-%D9%85%D8%AF%D8%AE%D9%84-%D8%A8%D9%8A%D8%A7%D9%86%D8%A7%D8%AA-%D9%88%D9%82%D9%88%D8%A7%D8%B9%D8%AF-%D8%A8%D9%8A%D8%A7%D9%86%D8%A7%D8%AA
403 Forbidden,Non trouvé,Non trouvé,Non trouvé,Aucun avis,Inconnu,Inconnu,Aucun tag,https://khamsat.com/data/data-processing/3815735-%D8%AA%D8%AD%D9%84%D9%8A%D9%84-%D8%A7%D8%B3%D8%AA%D9%83%D8%B4%D8%A7%D9%81%D9%8A-%D8%B4%D8%A7%D9%85%D9%84-%D9%88%D8%AA%D9%86%D8%B8%D9%8A%D9%81-%D8%A7%D8%AD%D8%AA%D8%B1%D8%A7%D9%81%D9%8A-%D9%84%D8%A8%D9%8A%D8%A7%D9%86%D8%A7%D8%AA%D9%83-eda
403 Forbidden,Non trouvé,Non trouvé,Non trouvé,Aucun avis,Inconnu,Inconnu,Aucun tag,https://khamsat.com/data/data-analytics/3798091-%D8%A5%D9%86%D8%B4%D8%A7%D8%A1-%D9%84%D9%88%D8%AD%D8%A9-%D8%AA%D8%AD%D9%83%D9%85-%D8%AA%D9%81%D8%A7%D8%B9%D9%84%D9%8A%D8%A9-dashboard-%D9%88%D8%AA%D8%AD%D9%84%D9%8A%D9%84-%D8%A8%D9%8A%D8%A7%D9%86%D8%A7%D8%AA%D9%83-%D8%A8%D8%A7%D8%AD%D8%AA%D8%B1%D8%A7%D9%81
403 Forbidden,Non trouvé,Non trouvé,Non trouvé,Aucun avis,Inconnu,Inconnu,Aucun tag,https://khamsat.com/data/data-dashboards/2605166-%D8%AF%D8%A7%D8%B4-%D8%A8%D9%88%D8%B1%D8%AF-dynamic-dashboard-%D9%84%D9%88%D8%AD%D8%A7%D8%AA-%D8%AA%D9%81%D8%A7%D8%B9%D9%84%D9%8A%D8%A9-%D8%B9%D9%84%D9%89-%D8%A8%D8%B1%D9%86%D8%A7%D9%85%D8%AC-tableau
403 Forbidden,Non trouvé,Non trouvé,Non trouvé,Aucun avis,Inconnu,Inconnu,Aucun tag,https://khamsat.com/data/data-entry/3716093-%D8%A5%D8%AF%D8%AE%D8%A7%D9%84-%D8%A7%D9%84%D8%A8%D9%8A%D8%A7%D9%86%D8%A7%D8%AA-%D9%88%D8%AA%D9%86%D8%B8%D9%8A%D9%85%D9%87%D8%A7-%D9%88%D8%AA%D9%86%D8%B3%D9%8A%D9%82%D9%87%D8%A7-%D9%81%D9%8A-%D8%AC%D8%AF%D8%A7%D9%88%D9%84-%D8%A5%D9%83%D8%B3%D9%84-%D8%A7%D8%AD%D8%AA%D8%B1%D8%A7%D9%81%D9%8A%D8%A9
403 Forbidden,Non trouvé,Non trouvé,Non trouvé,Aucun avis,Inconnu,Inconnu,Aucun tag,https://khamsat.com/data/data-processing/3770659-%D8%AA%D9%86%D8%B8%D9%8A%D9%85-%D9%88-%D8%A8%D8%B9%D8%AF-%D8%B0%D9%84%D9%83-%D8%AA%D8%AD%D9%84%D9%8A%D9%84-%D9%88-%D8%AA%D9%86%D8%B8%D9%8A%D9%85-%D8%A7%D9%84%D8%A8%D9%8A%D8%A7%D9%86%D8%A7%D8%AA
403 Forbidden,Non trouvé,Non trouvé,Non trouvé,Aucun avis,Inconnu,Inconnu,Aucun tag,https://khamsat.com/data/data-dashboards/2939240-%D8%B9%D9%85%D9%84-%D9%84%D9%88%D8%AD%D9%87-%D8%AA%D8%AD%D9%83%D9%85-%D8%AA%D9%81%D8%A7%D8%B9%D9%84%D9%8A%D9%87-%D8%A7%D8%AD%D8%AA%D8%B1%D8%A7%D9%81%D9%8A%D9%87-%D8%A8%D8%A7%D8%B3%D8%AA%D8%AE%D8%AF%D8%A7%D9%85-excal
403 Forbidden,Non trouvé,Non trouvé,Non trouvé,Aucun avis,Inconnu,Inconnu,Aucun tag,https://khamsat.com/data/data-analytics/3059993-%D9%86%D8%B8%D8%A7%D9%85-%D8%A7%D9%84%D9%81%D9%88%D8%A7%D8%AA%D9%8A%D8%B1-%D9%88%D8%A7%D9%84%D9%85%D8%AE%D8%B2%D9%88%D9%86-%D9%88%D8%AD%D8%B3%D8%A7%D8%A8-%D8%A7%D9%84%D8%A3%D8%B1%D8%A8%D8%A7%D8%AD-%D9%84%D9%84%D9%85%D8%B4%D8%B1%D9%88%D8%B9%D8%A7%D8%AA-%D8%A7%D9%84%D8%AA%D8%AC%D8%A7%D8%B1%D9%8A%D8%A9
403 Forbidden,Non trouvé,Non trouvé,Non trouvé,Aucun avis,Inconnu,Inconnu,Aucun tag,https://khamsat.com/data/data-entry/3791946-%D8%A7%D8%AF%D8%AE%D8%A7%D9%84-%D8%A7%D9%84%D8%A8%D9%8A%D8%A7%D9%86%D8%A7%D8%AA-data-entry
403 Forbidden,Non trouvé,Non trouvé,Non trouvé,Aucun avis,Inconnu,Inconnu,Aucun tag,https://khamsat.com/data/data-processing/3828975-%D8%AA%D9%86%D8%B8%D9%8A%D9%85-%D9%88%D9%85%D8%B9%D8%A7%D9%84%D8%AC%D8%A9-%D8%A7%D9%84%D8%A8%D9%8A%D8%A7%D9%86%D8%A7%D8%AA-%D8%A8%D8%A7%D8%B3%D8%AA%D8%AE%D8%AF%D8%A7%D9%85-%D8%A8%D8%A7%D9%8A%D8%AB%D9%88%D9%86
403 Forbidden,Non trouvé,Non trouvé,Non trouvé,Aucun avis,Inconnu,Inconnu,Aucun tag,https://khamsat.com/data/data-dashboards/3108492-%D8%A8%D8%A7%D9%88%D8%B1-%D8%A8%D9%8A-%D8%A2%D9%8A-%D8%AF%D8%A7%D8%B4-%D8%A8%D9%88%D8%B1%D8%AF-%D8%AA%D9%81%D8%A7%D8%B9%D9%84%D9%8A-power-bi-dashboard
403 Forbidden,Non trouvé,Non trouvé,Non trouvé,Aucun avis,Inconnu,Inconnu,Aucun tag,https://khamsat.com/data/data-analytics/3796892-%D8%AA%D8%AD%D9%84%D9%8A%D9%84-%D8%A8%D9%8A%D8%A7%D9%86%D8%A7%D8%AA-%D8%A8%D8%A7%D8%B3%D8%AA%D8%AE%D8%AF%D8%A7%D9%85-sql
403 Forbidden,Non trouvé,Non trouvé,Non trouvé,Aucun avis,Inconnu,Inconnu,Aucun tag,https://khamsat.com/data/data-entry/3590802-%D8%A5%D8%AF%D8%AE%D8%A7%D9%84-%D8%A8%D9%8A%D8%A7%D9%86%D8%A7%D8%AA-%D8%B9%D9%84%D9%89-%D8%A7%D9%84%D9%88%D9%88%D8%B1%D8%AF-%D9%88%D8%A7%D9%84%D8%A5%D9%83%D8%B3%D9%8A%D9%84
403 Forbidden,Non trouvé,Non trouvé,Non trouvé,Aucun avis,Inconnu,Inconnu,Aucun tag,https://khamsat.com/data/data-processing/3907473-%D9%86%D8%B8%D9%8A%D9%81-%D9%88%D8%AA%D9%86%D8%B3%D9%8A%D9%82-%D8%A8%D9%8A%D8%A7%D9%86%D8%A7%D8%AA-sqlsheets-%D8%A8%D8%AF%D9%82%D8%A9-%D8%B9%D8%A7%D9%84%D9%8A%D8%A9-%D9%85%D9%86-%D9%85%D8%AD%D9%84%D9%84-%D8%A8%D9%8A%D8%A7%D9%86%D8%A7%D8%AA
403 Forbidden,Non trouvé,Non trouvé,Non trouvé,Aucun avis,Inconnu,Inconnu,Aucun tag,https://khamsat.com/data/data-analytics/3794272-%D8%AA%D8%B5%D9%85%D9%8A%D9%85-%D9%84%D9%88%D8%AD%D8%A7%D8%AA-%D8%AA%D8%AD%D9%83%D9%85-%D8%AA%D9%81%D8%A7%D8%B9%D9%84%D9%8A%D8%A9-dashboard-%D8%A7%D8%AD%D8%AA%D8%B1%D8%A7%D9%81%D9%8A%D8%A9
403 Forbidden,Non trouvé,Non trouvé,Non trouvé,Aucun avis,Inconnu,Inconnu,Aucun tag,https://khamsat.com/data/data-dashboards/3117338-%D8%AA%D8%B5%D9%85%D9%8A%D9%85-interactive-dashboard-%D8%A8%D8%A7%D8%B3%D8%AA%D8%AE%D8%AF%D8%A7%D9%85-%D8%A8%D8%B1%D9%86%D8%A7%D9%85%D8%AC-power-bi
403 Forbidden,Non trouvé,Non trouvé,Non trouvé,Aucun avis,Inconnu,Inconnu,Aucun tag,https://khamsat.com/data/data-processing/3211702-%D8%AA%D9%86%D8%B8%D9%8A%D9%81-%D8%A7%D9%84%D8%A8%D9%8A%D8%A7%D9%86%D8%A7%D8%AA-%D9%88%D9%88%D8%B6%D8%B9%D9%87%D8%A7-%D9%81%D9%8A-%D9%85%D9%84%D9%81%D8%A7%D8%AA-%D8%A7%D9%83%D8%B3%D9%8A%D9%84-%D9%85%D9%86%D8%B8%D9%85%D8%A9
403 Forbidden,Non trouvé,Non trouvé,Non trouvé,Aucun avis,Inconnu,Inconnu,Aucun tag,https://khamsat.com/data/data-entry/3809555-%D8%B3%D8%A3%D9%82%D9%88%D9%85-%D8%A8%D8%A5%D8%AF%D8%AE%D8%A7%D9%84-%D9%88%D8%AA%D9%86%D8%B3%D9%8A%D9%82-%D8%A7%D9%84%D8%A8%D9%8A%D8%A7%D9%86%D8%A7%D8%AA-%D9%81%D9%89-excel-%D8%A3%D9%88-word
403 Forbidden,Non trouvé,Non trouvé,Non trouvé,Aucun avis,Inconnu,Inconnu,Aucun tag,https://khamsat.com/data/data-dashboards/3055474-%D8%A7%D9%86%D8%B4%D8%A7%D8%A1-dashboard-%D8%AA%D9%81%D8%A7%D8%B9%D9%84%D9%8A%D8%A9-%D8%A8%D8%A7%D8%B3%D8%AA%D8%AE%D8%AF%D8%A7%D9%85-%D8%A8%D8%B1%D9%86%D8%A7%D9%85%D8%AC-excel
403 Forbidden,Non trouvé,Non trouvé,Non trouvé,Aucun avis,Inconnu,Inconnu,Aucun tag,https://khamsat.com/data/data-analytics/3690438-%D8%AA%D8%AD%D9%84%D9%8A%D9%84-%D9%88%D8%AA%D8%B5%D9%88%D9%8A%D8%B1-%D8%A7%D9%84%D8%A8%D9%8A%D8%A7%D9%86%D8%A7%D8%AA-data-analysis-visualization
403 Forbidden,Non trouvé,Non trouvé,Non trouvé,Aucun avis,Inconnu,Inconnu,Aucun tag,https://khamsat.com/data/data-processing/3792759-%D9%85%D8%B9%D8%A7%D9%84%D8%AC%D8%A9-%D8%A7%D9%84%D8%A8%D9%8A%D8%A7%D9%86%D8%A7%D8%AA-data-preprocessing-%D9%88%D8%AA%D9%86%D8%B8%D9%8A%D9%81%D9%87%D8%A7-%D8%A8%D8%B4%D9%83%D9%84-%D8%A7%D8%AD%D8%AA%D8%B1%D8%A7%D9%81%D9%8A
403 Forbidden,Non trouvé,Non trouvé,Non trouvé,Aucun avis,Inconnu,Inconnu,Aucun tag,https://khamsat.com/data/data-entry/3911234-%D8%A5%D8%AF%D8%AE%D8%A7%D9%84-%D8%A8%D9%8A%D8%A7%D9%86%D8%A7%D8%AA-%D8%A8%D8%AF%D9%82%D8%A9-%D8%B9%D8%A7%D9%84%D9%8A%D8%A9
403 Forbidden,Non trouvé,Non trouvé,Non trouvé,Aucun avis,Inconnu,Inconnu,Aucun tag,https://khamsat.com/data/data-analytics/3706083-%D8%AA%D8%AD%D9%84%D9%8A%D9%84-%D8%A7%D9%84%D8%A8%D9%8A%D8%A7%D9%86%D8%A7%D8%AA-%D8%A8%D8%A7%D8%B3%D8%AA%D8%AE%D8%AF%D8%A7%D9%85-power-bi
403 Forbidden,Non trouvé,Non trouvé,Non trouvé,Aucun avis,Inconnu,Inconnu,Aucun tag,https://khamsat.com/data/data-dashboards/3898419-%D8%AA%D8%B5%D9%85%D9%8A%D9%85-dashboard-%D8%AA%D9%81%D8%A7%D8%B9%D9%84%D9%8A%D8%A9-%D8%A7%D8%AD%D8%AA%D8%B1%D8%A7%D9%81%D9%8A%D8%A9-%D8%AC%D8%A7%D9%87%D8%B2%D9%87-%D9%84%D9%84%D8%A7%D8%B3%D8%AA%D8%AE%D8%AF%D8%A7%D9%85-%D9%88-%D8%A7%D9%84%D8%B9%D8%B1%D8%B6
403 Forbidden,Non trouvé,Non trouvé,Non trouvé,Aucun avis,Inconnu,Inconnu,Aucun tag,https://khamsat.com/data/data-processing/2026005-%D8%AA%D8%B1%D8%AA%D9%8A%D8%A8-%D9%88%D8%AA%D9%86%D8%B3%D9%8A%D9%82-%D9%88%D8%AA%D8%B9%D8%AF%D9%8A%D9%84-%D9%85%D9%84%D9%81%D8%A7%D8%AA-%D8%A7%D9%84%D8%A3%D9%83%D8%B3%D9%84-excel
403 Forbidden,Non trouvé,Non trouvé,Non trouvé,Aucun avis,Inconnu,Inconnu,Aucun tag,https://khamsat.com/data/data-entry/3874895-%D8%A3%D9%82%D8%AF%D9%85-%D8%AE%D8%AF%D9%85%D8%A7%D8%AA-%D8%A7%D8%AD%D8%AA%D8%B1%D8%A7%D9%81%D9%8A%D8%A9-%D9%81%D9%8A-%D8%A5%D8%AF%D8%AE%D8%A7%D9%84-%D8%A7%D9%84%D8%A8%D9%8A%D8%A7%D9%86%D8%A7%D8%AA-%D8%B9%D9%84%D9%89-%D9%85%D9%84%D9%81%D8%A7%D8%AA-word-%D9%88-excel
403 Forbidden,Non trouvé,Non trouvé,Non trouvé,Aucun avis,Inconnu,Inconnu,Aucun tag,https://khamsat.com/data/data-dashboards/3735697-%D8%B9%D9%85%D9%84-%D8%AF%D8%A7%D8%B4%D8%A8%D9%88%D8%B1%D8%AF-dashboard-%D8%AA%D9%81%D8%A7%D8%B9%D9%84%D9%8A%D8%A9-%D8%A8%D9%88%D8%A7%D8%B3%D8%B7%D8%A9-%D8%A7%D9%83%D8%B3%D9%8A%D9%84-excel
403 Forbidden,Non trouvé,Non trouvé,Non trouvé,Aucun avis,Inconnu,Inconnu,Aucun tag,https://khamsat.com/data/data-analytics/3777547-%D8%AA%D8%AD%D9%84%D9%8A%D9%84-%D8%A8%D9%8A%D8%A7%D9%86%D8%A7%D8%AA-%D9%88%D8%A5%D9%86%D8%B4%D8%A7%D8%A1-%D8%AF%D8%A7%D8%B4%D8%A8%D9%88%D8%B1%D8%AF-%D8%AA%D9%81%D8%A7%D8%B9%D9%84%D9%89-%D8%A8%D8%A7%D8%B3%D8%AA%D8%AE%D8%AF%D8%A7%D9%85-%D8%A5%D9%83%D8%B3%D9%84
403 Forbidden,Non trouvé,Non trouvé,Non trouvé,Aucun avis,Inconnu,Inconnu,Aucun tag,https://khamsat.com/data/data-entry/3596594-%D8%A7%D8%AF%D8%AE%D8%A7%D9%84-%D8%A8%D9%8A%D8%A7%D9%86%D8%A7%D8%AA-%D8%B9%D9%84%D9%89-%D9%88%D9%88%D8%B1%D8%AF-%D9%88-%D8%A7%D9%83%D8%B3%D9%8A%D9%84
403 Forbidden,Non trouvé,Non trouvé,Non trouvé,Aucun avis,Inconnu,Inconnu,Aucun tag,https://khamsat.com/data/data-processing/1655415-%D8%AA%D8%AC%D9%87%D9%8A%D8%B2-%D9%85%D9%84%D9%81-%D8%A7%D9%83%D8%B3%D9%84-%D8%A8%D8%A7%D8%B3%D8%AA%D8%AE%D8%AF%D8%A7%D9%85-%D8%A8%D8%A7%D9%88%D8%B1-%D9%83%D9%88%D9%8A%D8%B1%D9%8A-%D9%8A%D8%AA%D9%85-%D8%AA%D8%AD%D8%AF%D9%8A%D8%AB%D9%87-%D8%AA%D9%84%D9%82%D8%A7%D8%A6%D9%8A%D8%A7
403 Forbidden,Non trouvé,Non trouvé,Non trouvé,Aucun avis,Inconnu,Inconnu,Aucun tag,https://khamsat.com/data/data-dashboards/3840846-%D8%AA%D8%B5%D9%85%D9%8A%D9%85-%D8%AF%D8%A7%D8%B4-%D8%A8%D9%88%D8%B1%D8%AF-dashboard-%D9%84%D9%88%D8%AD%D8%A7%D8%AA-%D8%AA%D9%81%D8%A7%D8%B9%D9%84%D9%8A%D8%A9-%D8%B9%D9%84%D9%89-%D8%A8%D8%B1%D9%86%D8%A7%D9%85%D8%AC-power-bi
403 Forbidden,Non trouvé,Non trouvé,Non trouvé,Aucun avis,Inconnu,Inconnu,Aucun tag,https://khamsat.com/data/data-analytics/3701056-%D8%AA%D8%AD%D9%84%D9%8A%D9%84-%D9%88%D9%85%D8%B9%D8%A7%D9%84%D8%AC%D8%A9-%D8%A7%D9%84%D8%A8%D9%8A%D8%A7%D9%86%D8%A7%D8%AA-%D9%88%D8%B9%D8%B1%D8%B6-%D8%A7%D9%84%D9%86%D8%AA%D8%A7%D8%A6%D8%AC-%D8%A8%D8%B7%D8%B1%D9%8A%D9%82%D8%A9-%D9%85%D8%A8%D8%B3%D8%B7%D8%A9-%D9%88%D9%88%D8%A7%D8%B6%D8%AD%D8%A9
403 Forbidden,Non trouvé,Non trouvé,Non trouvé,Aucun avis,Inconnu,Inconnu,Aucun tag,https://khamsat.com/data/data-processing/3855914-%D9%85%D8%B9%D8%A7%D9%84%D8%AC%D8%A9-%D9%88%D8%AA%D8%AD%D9%88%D9%8A%D9%84-%D9%88%D8%AA%D9%86%D8%B8%D9%8A%D9%85-%D9%88%D8%A5%D8%AF%D8%A7%D8%B1%D8%A9-%D8%A7%D9%84%D8%A8%D9%8A%D8%A7%D9%86%D8%A7%D8%AA
403 Forbidden,Non trouvé,Non trouvé,Non trouvé,Aucun avis,Inconnu,Inconnu,Aucun tag,https://khamsat.com/data/data-entry/3725483-%D8%A5%D8%AF%D8%AE%D8%A7%D9%84-%D8%A8%D9%8A%D8%A7%D9%86%D8%A7%D8%AA-%D9%81%D9%8A-excel-%D8%A3%D9%88-google-sheets-%D8%A8%D8%AF%D9%82%D8%A9-%D9%88%D8%B3%D8%B1%D8%B9%D8%A9
403 Forbidden,Non trouvé,Non trouvé,Non trouvé,Aucun avis,Inconnu,Inconnu,Aucun tag,https://khamsat.com/data/data-analytics/3225320-%D8%AA%D8%AD%D9%84%D9%8A%D9%84-%D9%84%D9%88%D8%AD%D8%A9-%D8%AA%D8%AD%D9%83%D9%85-%D8%A7%D9%84%D9%85%D9%88%D8%A7%D8%B1%D8%AF-%D8%A7%D9%84%D8%A8%D8%B4%D8%B1%D9%8A%D8%A9-%D9%88%D9%85%D8%B9%D8%AF%D9%84-%D8%AF%D9%88%D8%B1%D8%A7%D9%86-%D8%A7%D9%84%D9%85%D9%88%D8%B8%D9%81%D9%8A%D9%86
403 Forbidden,Non trouvé,Non trouvé,Non trouvé,Aucun avis,Inconnu,Inconnu,Aucun tag,https://khamsat.com/data/data-dashboards/3844063-%D8%AA%D8%AD%D9%84%D9%8A%D9%84-%D8%A7%D8%AD%D8%AA%D8%B1%D8%A7%D9%81-%D9%84%D8%A8%D9%8A%D8%A7%D9%86%D8%A7%D8%AA-%D8%A7%D9%84%D9%85%D8%AA%D8%A7%D8%AC%D8%B1-%D8%A7%D9%84%D8%A5%D9%84%D9%83%D8%AA%D8%B1%D9%88%D9%86%D9%8A%D8%A9-dashboard-%D8%AA%D9%81%D8%A7%D8%B9%D9%84%D9%8A%D8%A9
403 Forbidden,Non trouvé,Non trouvé,Non trouvé,Aucun avis,Inconnu,Inconnu,Aucun tag,https://khamsat.com/data/data-entry/3842235-%D8%A5%D8%AF%D8%AE%D8%A7%D9%84-%D8%A8%D9%8A%D8%A7%D9%86%D8%A7%D8%AA-word-excel-powerpoint
403 Forbidden,Non trouvé,Non trouvé,Non trouvé,Aucun avis,Inconnu,Inconnu,Aucun tag,https://khamsat.com/data/data-processing/3860940-%D8%AA%D9%86%D8%B8%D9%8A%D9%81-%D9%88%D9%85%D8%B9%D8%A7%D9%84%D8%AC%D8%A9-%D8%A7%D9%84%D8%A8%D9%8A%D9%86%D8%A7%D8%AA-data-cleaning
403 Forbidden,Non trouvé,Non trouvé,Non trouvé,Aucun avis,Inconnu,Inconnu,Aucun tag,https://khamsat.com/data/data-analytics/2386061-%D8%AA%D8%AD%D9%84%D9%8A%D9%84-%D8%A7%D8%AD%D8%B5%D8%A7%D8%A6%D9%8A%D8%A9-%D9%88-%D8%AA%D9%82%D8%A7%D8%B1%D9%8A%D8%B1-%D8%AA%D9%81%D8%A7%D8%B9%D9%84%D9%8A%D8%A9-%D8%A8%D8%A7%D8%B3%D8%AA%D8%AE%D8%AF%D8%A7%D9%85-tableau-power-bi
403 Forbidden,Non trouvé,Non trouvé,Non trouvé,Aucun avis,Inconnu,Inconnu,Aucun tag,https://khamsat.com/data/data-dashboards/3790105-%D8%B3%D8%A3%D8%B5%D9%85%D9%85-%D9%84%D9%83-%D8%AF%D8%A7%D8%B4-%D8%A8%D9%88%D8%B1%D8%AF-%D8%AA%D9%81%D8%A7%D8%B9%D9%84%D9%8A%D8%A9-%D8%A7%D8%AD%D8%AA%D8%B1%D8%A7%D9%81%D9%8A%D8%A9-%D8%B9%D9%84%D9%89-sheets-%D9%84%D9%85%D8%AA%D8%A7%D8%A8%D8%B9%D8%A9-%D8%A3%D8%B9%D9%85%D8%A7%D9%84%D9%83
403 Forbidden,Non trouvé,Non trouvé,Non trouvé,Aucun avis,Inconnu,Inconnu,Aucun tag,https://khamsat.com/data/data-processing/3795270-%D8%A5%D8%B3%D8%AA%D8%AE%D8%B1%D8%A7%D8%AC-%D8%A7%D9%84%D8%A8%D9%8A%D8%A7%D9%86%D8%A7%D8%AA-%D9%88%D9%85%D8%B9%D8%A7%D9%84%D8%AC%D8%AA%D9%87%D8%A7
403 Forbidden,Non trouvé,Non trouvé,Non trouvé,Aucun avis,Inconnu,Inconnu,Aucun tag,https://khamsat.com/data/data-entry/3745597-%D8%B9%D9%85%D9%84-%D9%81%D8%A7%D8%AA%D9%88%D8%B1%D9%87-%D8%A8%D8%B4%D9%83%D9%84-%D8%A7%D8%AD%D8%AA%D8%B1%D8%A7%D9%81%D9%8A-%D8%B9%D9%84%D9%8A-%D8%A7%D9%84%D8%A7%D9%83%D8%B3%D9%8A%D9%84
403 Forbidden,Non trouvé,Non trouvé,Non trouvé,Aucun avis,Inconnu,Inconnu,Aucun tag,https://khamsat.com/data/data-dashboards/3692124-%D8%B9%D9%85%D9%84-%D9%84%D9%88%D8%AD%D8%A9-%D8%AA%D8%AD%D9%84%D9%8A%D9%84-%D8%A8%D9%8A%D8%A7%D9%86%D8%A7%D8%AA-%D8%AA%D9%81%D8%A7%D8%B9%D9%84%D9%8A%D8%A9-%D8%A8%D8%A5%D9%83%D8%B3%D9%84-interactive-dashboard
403 Forbidden,Non trouvé,Non trouvé,Non trouvé,Aucun avis,Inconnu,Inconnu,Aucun tag,https://khamsat.com/data/data-analytics/3821989-%D8%AA%D8%AD%D9%84%D9%8A%D9%84-%D8%A8%D9%8A%D8%A7%D9%86%D8%A7%D8%AA-%D8%A7%D8%AD%D8%AA%D8%B1%D8%A7%D9%81%D9%8A-%D9%88%D8%AA%D8%B5%D9%85%D9%8A%D9%85-%D8%AA%D9%82%D8%A7%D8%B1%D9%8A%D8%B1-%D8%A8%D8%B5%D8%B1%D9%8A%D8%A9
403 Forbidden,Non trouvé,Non trouvé,Non trouvé,Aucun avis,Inconnu,Inconnu,Aucun tag,https://khamsat.com/data/data-processing/3677982-%D8%AA%D9%86%D8%B8%D9%8A%D9%81-%D9%88%D9%85%D8%B9%D8%A7%D9%84%D8%AC%D8%A9-%D8%A7%D9%84%D8%A8%D9%8A%D8%A7%D9%86%D8%A7%D8%AA-%D9%85%D9%86-%D9%85%D9%84%D9%81%D8%A7%D8%AA-%D8%A7%D9%84%D8%A7%D9%83%D8%B3%D9%8A%D9%84-%D8%A7%D9%88-%D8%A7%D9%8A-%D9%82%D9%88%D8%A7%D8%B9%D8%AF-%D8%A8%D9%8A%D8%A7%D9%86%D8%A7%D8%AA
403 Forbidden,Non trouvé,Non trouvé,Non trouvé,Aucun avis,Inconnu,Inconnu,Aucun tag,https://khamsat.com/data/data-entry/3897445-%D8%A5%D8%AF%D8%AE%D8%A7%D9%84-%D8%A8%D9%8A%D8%A7%D9%86%D8%A7%D8%AA-%D9%88%D8%AA%D9%86%D8%B8%D9%8A%D9%85-%D9%85%D9%84%D9%81%D8%A7%D8%AA-word-%D9%88excel-%D8%A8%D8%B3%D8%B1%D8%B9%D8%A9-%D9%88%D8%AF%D9%82%D8%A9
403 Forbidden,Non trouvé,Non trouvé,Non trouvé,Aucun avis,Inconnu,Inconnu,Aucun tag,https://khamsat.com/data/data-analytics/3097761-%D8%A7%D9%84%D8%AA%D8%AD%D9%84%D9%8A%D9%84-%D8%A7%D9%84%D8%A7%D8%AD%D8%B5%D8%A7%D8%A6%D9%89-%D9%84%D9%84%D8%B1%D8%B3%D8%A7%D8%A6%D9%84-%D8%A7%D9%84%D8%B9%D9%85%D9%84%D9%8A%D8%A9-%D8%A8%D8%A7%D8%B3%D8%AA%D8%AE%D8%AF%D8%A7%D9%85-sas-jmp
403 Forbidden,Non trouvé,Non trouvé,Non trouvé,Aucun avis,Inconnu,Inconnu,Aucun tag,https://khamsat.com/data/data-dashboards/3412837-%D8%AF%D8%A7%D8%B4%D8%A8%D9%88%D8%B1%D8%AF-%D8%A7%D8%AD%D8%AA%D8%B1%D8%A7%D9%81%D9%8A-%D8%A8-%D8%A7%D8%B3%D8%AA%D8%AE%D8%AF%D8%A7%D9%85-power-pi
403 Forbidden,Non trouvé,Non trouvé,Non trouvé,Aucun avis,Inconnu,Inconnu,Aucun tag,https://khamsat.com/data/data-entry/1851558-%D8%A7%D8%AF%D8%AE%D8%A7%D9%84-%D8%A7%D9%84%D8%A8%D9%8A%D8%A7%D9%86%D8%A7%D8%AA-excel-%D9%88%D8%AA%D9%86%D8%B3%D9%8A%D9%82%D9%87%D8%A7-%D8%A8%D8%B7%D8%B1%D9%8A%D9%82%D8%A9-%D8%A7%D8%AD%D8%AA%D8%B1%D8%A7%D9%81%D9%8A%D8%A9
403 Forbidden,Non trouvé,Non trouvé,Non trouvé,Aucun avis,Inconnu,Inconnu,Aucun tag,https://khamsat.com/data/data-processing/3811013-%D8%AA%D9%86%D8%B8%D9%8A%D9%81-%D9%88%D9%85%D8%B9%D8%A7%D9%84%D8%AC%D8%A9-%D8%A8%D9%8A%D8%A7%D9%86%D8%A7%D8%AA%D9%83-%D8%A8%D8%A7%D8%AD%D8%AA%D8%B1%D8%A7%D9%81%D9%8A%D8%A9-%D9%84%D8%AA%D8%B5%D8%A8%D8%AD-%D8%AC%D8%A7%D9%87%D8%B2%D8%A9-%D9%84%D9%84%D8%AA%D8%AD%D9%84%D9%8A%D9%84
403 Forbidden,Non trouvé,Non trouvé,Non trouvé,Aucun avis,Inconnu,Inconnu,Aucun tag,https://khamsat.com/data/data-dashboards/3699961-%D8%AA%D8%B5%D9%85%D9%8A%D9%85-%D9%84%D9%88%D8%AD%D8%A9-%D8%AA%D8%AD%D9%83%D9%85-dashboard-%D8%A7%D8%AD%D8%AA%D8%B1%D8%A7%D9%81%D9%8A%D8%A9-%D8%B9%D9%84%D9%89-excel-%D9%84%D8%B9%D8%B1%D8%B6-%D8%A8%D9%8A%D8%A7%D9%86%D8%A7%D8%AA%D9%83
403 Forbidden,Non trouvé,Non trouvé,Non trouvé,Aucun avis,Inconnu,Inconnu,Aucun tag,https://khamsat.com/data/data-analytics/3640770-%D8%AA%D8%AD%D9%84%D9%8A%D9%84-%D8%A8%D9%8A%D8%A7%D9%86%D8%A7%D8%AA-%D8%A8%D8%A7%D8%B3%D8%AA%D8%AE%D8%AF%D8%A7%D9%85-%D8%A8%D8%A7%D9%8A%D8%AB%D9%88%D9%86-%D8%AA%D9%86%D8%B8%D9%8A%D9%81-%D8%A7%D8%B3%D8%AA%D9%83%D8%B4%D8%A7%D9%81-%D9%88%D8%A7%D8%B3%D8%AA%D8%AE%D8%B1%D8%A7%D8%AC-%D8%B1%D8%A4%D9%89
403 Forbidden,Non trouvé,Non trouvé,Non trouvé,Aucun avis,Inconnu,Inconnu,Aucun tag,https://khamsat.com/data/data-entry/2238516-%D8%A7%D8%AF%D8%AE%D8%A7%D9%84-%D9%88%D8%AA%D9%86%D8%B3%D9%8A%D9%82-%D9%85%D9%84%D9%81%D8%A7%D8%AA-%D8%B9%D9%84%D9%8A-%D8%A7%D9%84%D9%88%D8%B1%D8%AF-%D9%88-%D8%A7%D9%84%D8%A7%D9%83%D8%B3%D9%84-%D9%88-%D8%A7%D9%84%D8%A8%D8%A7%D9%88%D8%B1%D8%A8%D9%88%D9%8A%D9%86%D8%AA
403 Forbidden,Non trouvé,Non trouvé,Non trouvé,Aucun avis,Inconnu,Inconnu,Aucun tag,https://khamsat.com/data/data-processing/3887861-%D8%AA%D9%86%D8%B8%D9%8A%D9%81-%D9%88%D9%85%D8%B9%D8%A7%D9%84%D8%AC%D8%A9-%D8%A7%D9%84%D8%A8%D9%8A%D8%A7%D9%86%D8%A7%D8%AA-%D9%84%D9%84%D8%AA%D8%AD%D9%84%D9%8A%D9%84-%D9%88%D8%A7%D9%84%D8%AA%D8%B9%D9%84%D9%85-%D8%A7%D9%84%D8%A7%D9%84%D9%89
403 Forbidden,Non trouvé,Non trouvé,Non trouvé,Aucun avis,Inconnu,Inconnu,Aucun tag,https://khamsat.com/data/data-dashboards/3375777-%D8%AD%D9%88%D9%84-%D8%A8%D9%8A%D8%A7%D9%86%D8%A7%D8%AA%D9%83-%D8%A5%D9%84%D9%8A-%D8%AF%D8%A7%D8%B4%D8%A8%D9%88%D8%B1%D8%AF-%D8%A8%D8%A7%D9%88%D8%B1-%D8%A8%D9%8A-%D8%A7%D9%8A-%D8%AA%D9%81%D8%A7%D8%B9%D9%84%D9%8A-power-bi-dashboard
403 Forbidden,Non trouvé,Non trouvé,Non trouvé,Aucun avis,Inconnu,Inconnu,Aucun tag,https://khamsat.com/data/data-analytics/3858108-%D8%AA%D9%86%D8%B8%D9%8A%D9%81-%D9%88%D8%AA%D8%AC%D9%87%D9%8A%D8%B2-%D8%A8%D9%8A%D8%A7%D9%86%D8%A7%D8%AA-excel-%D8%A5%D9%83%D8%B3%D9%84-%D8%A7%D9%84%D9%85%D8%B9%D9%82%D8%AF%D8%A9-%D9%88%D8%AA%D8%AD%D9%84%D9%8A%D9%84%D9%87%D8%A7-%D8%A8%D8%AF%D9%82%D8%A9-%D8%B9%D8%A7%D9%84%D9%8A%D8%A9
403 Forbidden,Non trouvé,Non trouvé,Non trouvé,Aucun avis,Inconnu,Inconnu,Aucun tag,https://khamsat.com/data/data-processing/3913688-%D8%A7%D8%AF%D8%AE%D8%A7%D9%84-%D8%A7%D9%84%D8%A8%D9%8A%D8%A7%D9%86%D8%A7%D8%AA-%D9%8A%D8%AF%D9%88%D9%8A%D8%A7-%D9%88%D8%AA%D9%86%D8%B3%D9%8A%D9%82-%D9%85%D9%84%D9%81%D8%A7%D8%AA-word
403 Forbidden,Non trouvé,Non trouvé,Non trouvé,Aucun avis,Inconnu,Inconnu,Aucun tag,https://khamsat.com/data/data-entry/3701278-%D8%AE%D8%AF%D9%85%D9%87-%D8%A7%D8%AF%D8%AE%D8%A7%D9%84-%D8%A8%D9%8A%D8%A7%D9%86%D8%A7%D8%AA-exel-and-word
403 Forbidden,Non trouvé,Non trouvé,Non trouvé,Aucun avis,Inconnu,Inconnu,Aucun tag,https://khamsat.com/data/data-analytics/3052679-%D8%A5%D9%86%D8%B4%D8%A7%D8%A1-%D8%AA%D9%82%D8%A7%D8%B1%D9%8A%D8%B1-%D8%A8%D8%A7%D8%B3%D8%AA%D8%AE%D8%AF%D8%A7%D9%85-power-bi
403 Forbidden,Non trouvé,Non trouvé,Non trouvé,Aucun avis,Inconnu,Inconnu,Aucun tag,https://khamsat.com/data/data-dashboards/3812354-%D8%A5%D9%86%D8%B4%D8%A7%D8%A1-%D9%84%D9%88%D8%AD%D8%A9-%D8%A8%D9%8A%D8%A7%D9%86%D8%A7%D8%AA-%D8%A8excel%D8%A7%D9%88-power-bi-%D8%A7%D8%AD%D8%AA%D8%B1%D8%A7%D9%81%D9%8A%D8%A9-%D9%84%D8%AA%D8%AD%D9%84%D9%8A%D9%84
403 Forbidden,Non trouvé,Non trouvé,Non trouvé,Aucun avis,Inconnu,Inconnu,Aucun tag,https://khamsat.com/data/data-entry/3821238-%D8%A5%D8%AF%D8%AE%D8%A7%D9%84-%D8%A7%D9%84%D8%A8%D9%8A%D8%A7%D9%86%D8%A7%D8%AA-%D8%A5%D9%84%D9%89-%D9%85%D9%84%D9%81-%D8%A3%D9%83%D8%B3%D9%84-excel-%D9%88%D8%AA%D9%86%D8%B3%D9%8A%D9%82%D9%87%D8%A7
403 Forbidden,Non trouvé,Non trouvé,Non trouvé,Aucun avis,Inconnu,Inconnu,Aucun tag,https://khamsat.com/data/data-processing/3605892-%D8%AA%D9%86%D8%B8%D9%8A%D9%85-%D8%A8%D9%8A%D8%A7%D9%86%D8%A7%D8%AA-excel-%D8%A8%D8%A5%D8%AD%D8%AA%D8%B1%D8%A7%D9%81%D9%8A%D8%A9-%D9%85%D8%B9-%D8%A7%D9%84%D8%B1%D8%B3%D9%88%D9%85-%D8%A7%D9%84%D8%A8%D9%8A%D8%A7%D9%86%D9%8A%D8%A9-%D9%88%D8%A7%D9%84%D8%AC%D8%AF%D8%A7%D9%88%D9%84
403 Forbidden,Non trouvé,Non trouvé,Non trouvé,Aucun avis,Inconnu,Inconnu,Aucun tag,https://khamsat.com/data/data-analytics/3817766-%D8%AA%D8%AD%D9%84%D9%8A%D9%84-%D8%A8%D9%8A%D8%A7%D9%86%D8%A7%D8%AA-%D9%88%D8%AA%D8%B5%D9%85%D9%8A%D9%85-%D8%AF%D8%A7%D8%B4%D8%A8%D9%88%D8%B1%D8%AF-power-bi-excel-data-cleaning
403 Forbidden,Non trouvé,Non trouvé,Non trouvé,Aucun avis,Inconnu,Inconnu,Aucun tag,https://khamsat.com/data/data-dashboards/3752962-%D8%AA%D8%B5%D9%85%D9%8A%D9%85-%D8%AF%D8%A7%D8%B4%D8%A8%D9%88%D8%B1%D8%AF-%D8%B9%D9%84%D9%89-%D8%A7%D9%83%D8%B3%D9%8A%D9%84-%D9%84%D8%B9%D8%B1%D8%B6-%D9%88%D8%AA%D8%AD%D9%84%D9%8A%D9%84-%D8%A8%D9%8A%D8%A7%D9%86%D8%A7%D8%AA%D9%83-excel-dashboard
403 Forbidden,Non trouvé,Non trouvé,Non trouvé,Aucun avis,Inconnu,Inconnu,Aucun tag,https://khamsat.com/data/data-processing/3902375-%D8%AA%D9%86%D8%B8%D9%8A%D9%81-%D9%88%D8%AA%D8%AC%D9%87%D9%8A%D8%B2-%D8%A7%D9%84%D8%A8%D9%8A%D8%A7%D9%86%D8%A7%D8%AA-%D8%A8%D8%B7%D8%B1%D9%8A%D9%82%D8%A9-%D8%A7%D8%AD%D8%AA%D8%B1%D8%A7%D9%81%D9%8A%D8%A9-%D8%A8%D8%A7%D8%B3%D8%AA%D8%AE%D8%AF%D8%A7%D9%85-excel-pthon
403 Forbidden,Non trouvé,Non trouvé,Non trouvé,Aucun avis,Inconnu,Inconnu,Aucun tag,https://khamsat.com/data/data-entry/3916133-%D8%A5%D8%AF%D8%AE%D8%A7%D9%84-%D8%A8%D9%8A%D8%A7%D9%86%D8%A7%D8%AA-data-entry-%D8%A8%D8%AF%D9%82%D8%A9-%D8%B9%D8%A7%D9%84%D9%8A%D8%A9-%D8%B9%D9%84%D9%89-excel-%D9%88word
403 Forbidden,Non trouvé,Non trouvé,Non trouvé,Aucun avis,Inconnu,Inconnu,Aucun tag,https://khamsat.com/data/data-analytics/3763246-%D8%AA%D8%AD%D9%84%D9%8A%D9%84-%D8%A8%D9%8A%D8%A7%D9%86%D8%A7%D8%AA%D9%83-%D8%A8%D8%A7%D8%B3%D8%AA%D8%AE%D8%AF%D8%A7%D9%85-excel-%D9%88%D8%B1%D8%B3%D9%88%D9%85-%D8%A8%D9%8A%D8%A7%D9%86%D9%8A%D8%A9-dashboards
403 Forbidden,Non trouvé,Non trouvé,Non trouvé,Aucun avis,Inconnu,Inconnu,Aucun tag,https://khamsat.com/data/data-dashboards/3882209-%D8%AA%D8%AD%D9%84%D9%8A%D9%84-%D8%A8%D9%8A%D8%A7%D9%86%D8%A7%D8%AA-%D8%B4%D8%A7%D9%85%D9%84-%D9%88%D8%B9%D8%B1%D8%B6-%D8%A8%D8%B5%D8%B1%D9%8A-%D8%A7%D8%AD%D8%AA%D8%B1%D8%A7%D9%81%D9%8A-%D8%A8%D8%A7%D8%B3%D8%AA%D8%AE%D8%AF%D8%A7%D9%85-power-bi
403 Forbidden,Non trouvé,Non trouvé,Non trouvé,Aucun avis,Inconnu,Inconnu,Aucun tag,https://khamsat.com/data/data-processing/3806404-%D8%AA%D9%86%D8%B8%D9%8A%D9%81-%D8%A7%D9%84%D8%A8%D9%8A%D8%A7%D9%86%D8%A7%D8%AA-%D8%A8%D8%A7%D8%B3%D8%AA%D8%AE%D8%AF%D8%A7%D9%85-%D8%A7%D9%84%D8%A5%D9%83%D8%B3%D9%8A%D9%84
403 Forbidden,Non trouvé,Non trouvé,Non trouvé,Aucun avis,Inconnu,Inconnu,Aucun tag,https://khamsat.com/data/data-entry/2899081-%D8%A5%D8%AF%D8%AE%D8%A7%D9%84-%D8%A8%D9%8A%D8%A7%D9%86%D8%A7%D8%AA-%D8%A5%D9%84%D9%89-%D9%85%D9%88%D9%82%D8%B9-woocommerce
403 Forbidden,Non trouvé,Non trouvé,Non trouvé,Aucun avis,Inconnu,Inconnu,Aucun tag,https://khamsat.com/data/data-analytics/3074987-%D8%AA%D8%AD%D9%84%D9%8A%D9%84-%D8%A8%D9%8A%D8%A7%D9%86%D8%A7%D8%AA-%D8%A8%D8%A7%D8%B3%D8%AA%D8%AE%D8%AF%D8%A7%D9%85-excel-python-sql%D9%88-power-bi
403 Forbidden,Non trouvé,Non trouvé,Non trouvé,Aucun avis,Inconnu,Inconnu,Aucun tag,https://khamsat.com/data/data-dashboards/3715414-%D8%AA%D8%AD%D9%88%D9%8A%D9%84-%D8%A7%D9%84%D8%A8%D9%8A%D8%A7%D9%86%D8%A7%D8%AA-%D8%A5%D9%84%D9%89-%D9%84%D9%88%D8%AD%D8%A9-%D9%85%D8%B9%D9%84%D9%88%D9%85%D8%A7%D8%AA-%D8%AA%D9%81%D8%A7%D8%B9%D9%84%D9%8A%D8%A9-%D8%A8%D8%A7%D8%B3%D8%AA%D8%AE%D8%AF%D8%A7%D9%85-power-bi
403 Forbidden,Non trouvé,Non trouvé,Non trouvé,Aucun avis,Inconnu,Inconnu,Aucun tag,https://khamsat.com/data/data-entry/3798170-%D8%A5%D8%AF%D8%AE%D8%A7%D9%84-%D8%A7%D9%84%D8%A8%D9%8A%D8%A7%D9%86%D8%A7%D8%AA-%D9%88%D9%85%D8%B9%D8%A7%D9%84%D8%AC%D8%AA%D9%87%D8%A7-%D8%A8%D8%A7%D8%B3%D8%AA%D8%AE%D8%AF%D8%A7%D9%85-excel-%D9%88word-%D8%A8%D8%AF%D9%82%D8%A9
403 Forbidden,Non trouvé,Non trouvé,Non trouvé,Aucun avis,Inconnu,Inconnu,Aucun tag,https://khamsat.com/data/data-processing/3383905-%D8%A7%D9%86%D8%B4%D8%A7%D8%A1-%D9%85%D9%84%D9%81-%D8%A7%D9%83%D8%B3%D9%8A%D9%84-%D8%A8%D8%B4%D9%83%D9%84-%D8%A7%D8%AD%D8%AA%D8%B1%D8%A7%D9%81%D9%89-excel
403 Forbidden,Non trouvé,Non trouvé,Non trouvé,Aucun avis,Inconnu,Inconnu,Aucun tag,https://khamsat.com/data/data-analytics/3851922-%D8%AA%D8%AD%D9%84%D9%8A%D9%84-%D8%A7%D9%84%D8%A8%D9%8A%D8%A7%D9%86%D8%A7%D8%AA-%D9%88%D8%AA%D8%B5%D9%85%D9%8A%D9%85-%D8%AF%D8%A7%D8%B4%D8%A8%D9%88%D8%B1%D8%AF-%D8%AA%D9%81%D8%A7%D8%B9%D9%84%D9%8A-%D8%A8%D8%A7%D8%B3%D8%AA%D8%AE%D8%AF%D8%A7%D9%85-power-bi
403 Forbidden,Non trouvé,Non trouvé,Non trouvé,Aucun avis,Inconnu,Inconnu,Aucun tag,https://khamsat.com/data/data-dashboards/3796336-%D8%B9%D9%85%D9%84-%D9%84%D9%88%D8%AD%D8%A9-%D8%A8%D9%8A%D8%A7%D9%86%D8%A7%D8%AA-%D8%AA%D9%81%D8%A7%D8%B9%D9%84%D9%8A%D8%A9-%D8%A8%D8%A7%D8%B3%D8%AA%D8%AE%D8%AF%D8%A7%D9%85-%D8%A8%D8%B1%D9%86%D8%A7%D9%85%D8%AC-power-bi
403 Forbidden,Non trouvé,Non trouvé,Non trouvé,Aucun avis,Inconnu,Inconnu,Aucun tag,https://khamsat.com/data/data-entry/3195385-%D8%A5%D8%AF%D8%AE%D8%A7%D9%84-%D8%A7%D9%84%D8%A8%D9%8A%D8%A7%D9%86%D8%A7%D8%AA-%D8%A8%D8%A7%D8%AD%D8%AA%D8%B1%D8%A7%D9%81%D9%8A%D8%A9-%D9%88%D8%B3%D8%B1%D8%B9%D8%A9-%D8%B9%D8%A7%D9%84%D9%8A%D8%A9-%D9%86%D8%B3%D8%AE-%D9%88%D9%84%D8%B5%D9%82-%D8%AA%D9%86%D8%B3%D9%8A%D9%82-%D8%AF%D9%82%D9%8A%D9%82
403 Forbidden,Non trouvé,Non trouvé,Non trouvé,Aucun avis,Inconnu,Inconnu,Aucun tag,https://khamsat.com/data/data-processing/3808526-%D8%AA%D9%86%D8%B8%D9%8A%D9%81-%D9%88%D8%AA%D8%AD%D8%B6%D9%8A%D8%B1-%D8%A7%D9%84%D8%A8%D9%8A%D8%A7%D9%86%D8%A7%D8%AA-data-cleaning-%D8%A8%D8%A7%D8%AD%D8%AA%D8%B1%D8%A7%D9%81
403 Forbidden,Non trouvé,Non trouvé,Non trouvé,Aucun avis,Inconnu,Inconnu,Aucun tag,https://khamsat.com/data/data-analytics/2877148-%D8%A7%D9%84%D8%AA%D8%AD%D9%84%D9%8A%D9%84-%D8%A7%D9%84%D8%A7%D8%AD%D8%B5%D8%A7%D8%A6%D9%8A-%D9%84%D9%84%D8%A8%D9%8A%D8%A7%D9%86%D8%A7%D8%AA
403 Forbidden,Non trouvé,Non trouvé,Non trouvé,Aucun avis,Inconnu,Inconnu,Aucun tag,https://khamsat.com/data/data-dashboards/2839772-%D8%AA%D8%AD%D9%84%D9%8A%D9%84-%D8%A7%D9%84%D8%A8%D9%8A%D8%A7%D9%86%D8%A7%D8%AA-%D9%88%D8%B9%D9%85%D9%84-%D9%84%D9%88%D8%AD%D8%A7%D8%AA-%D8%AA%D9%81%D8%A7%D8%B9%D9%84%D9%8A%D8%A9
403 Forbidden,Non trouvé,Non trouvé,Non trouvé,Aucun avis,Inconnu,Inconnu,Aucun tag,https://khamsat.com/data/data-entry/2816102-%D8%A5%D8%AF%D8%AE%D8%A7%D9%84-%D8%A7%D9%84%D8%A8%D9%8A%D8%A7%D9%86%D8%A7%D8%AA-%D9%88-%D8%A7%D9%84%D9%85%D9%86%D8%AA%D8%AC%D8%A7%D8%AA
403 Forbidden,Non trouvé,Non trouvé,Non trouvé,Aucun avis,Inconnu,Inconnu,Aucun tag,https://khamsat.com/data/data-processing/3848222-%D9%85%D8%B3%D8%AA%D8%B4%D8%A7%D8%B1%D9%83-%D8%A7%D9%84%D9%85%D8%AE%D8%B5%D8%B5-%D9%84%D8%A5%D8%AA%D9%82%D8%A7%D9%86-%D9%88%D8%AA%D9%86%D8%B3%D9%8A%D9%82-%D8%AC%D8%AF%D8%A7%D9%88%D9%84-excel
403 Forbidden,Non trouvé,Non trouvé,Non trouvé,Aucun avis,Inconnu,Inconnu,Aucun tag,https://khamsat.com/data/data-dashboards/3853911-%D8%AA%D8%AD%D9%84%D9%8A%D9%84-%D8%A8%D9%8A%D8%A7%D9%86%D8%A7%D8%AA-%D8%A7%D8%AD%D8%AA%D8%B1%D8%A7%D9%81%D9%8A-%D9%88-%D9%84%D9%88%D8%AD%D8%A9-%D8%AA%D8%AD%D9%83%D9%85-%D8%A8%D8%B5%D8%B1%D9%8A%D8%A9-%D8%A8%D9%80-excel-%D9%88-power-bi
403 Forbidden,Non trouvé,Non trouvé,Non trouvé,Aucun avis,Inconnu,Inconnu,Aucun tag,https://khamsat.com/data/data-analytics/3676173-%D8%AA%D8%AD%D9%88%D9%8A%D9%84-%D9%85%D9%84%D9%81%D8%A7%D8%AA-word-%D8%A5%D9%84%D9%89-excel
403 Forbidden,Non trouvé,Non trouvé,Non trouvé,Aucun avis,Inconnu,Inconnu,Aucun tag,https://khamsat.com/data/data-entry/3218456-%D8%AA%D8%B5%D9%85%D9%8A%D9%85-%D8%AC%D8%AF%D8%A7%D9%88%D9%84-%D9%88%D8%A7%D8%AF%D8%AE%D8%A7%D9%84-%D8%A7%D9%84%D8%A8%D9%8A%D8%A7%D9%86%D8%A7%D8%AA-%D9%81%D9%8A-%D8%A7%D9%83%D8%B3%D9%84
403 Forbidden,Non trouvé,Non trouvé,Non trouvé,Aucun avis,Inconnu,Inconnu,Aucun tag,https://khamsat.com/data/data-processing/3251135-%D9%83%D8%AA%D8%A7%D8%A8%D8%A9-%D9%85%D9%84%D9%81%D8%A7%D8%AA-%D8%A7%D9%83%D8%B3%D9%84-%D8%A8%D8%B1%D9%85%D8%AC%D8%A9-%D9%85%D8%B9%D8%A7%D8%AF%D9%84%D8%A7%D8%AA-%D9%88%D9%85%D8%B9%D8%A7%D9%84%D8%AC%D8%A9-%D8%A8%D9%8A%D8%A7%D9%86%D8%A7%D8%AA-%D9%88%D8%B9%D8%B1%D8%B6-%D8%B1%D8%B3%D9%88%D9%85%D8%A7%D8%AA
403 Forbidden,Non trouvé,Non trouvé,Non trouvé,Aucun avis,Inconnu,Inconnu,Aucun tag,https://khamsat.com/data/data-dashboards/3745539-%D8%AA%D8%B5%D9%85%D9%8A%D9%85-%D9%84%D9%88%D8%AD%D8%A7%D8%AA-%D8%AA%D9%81%D8%A7%D8%B9%D9%84%D9%8A%D8%A9-%D8%B9%D9%84%D9%89-%D8%A8%D8%B1%D9%86%D8%A7%D9%85%D8%AC-power-bi-%D9%85%D8%B9-%D8%AA%D8%AD%D9%84%D9%8A%D9%84-%D9%84%D9%84%D8%A8%D9%8A%D8%A7%D9%86%D8%A7%D8%AA
403 Forbidden,Non trouvé,Non trouvé,Non trouvé,Aucun avis,Inconnu,Inconnu,Aucun tag,https://khamsat.com/data/data-analytics/3196179-%D8%A5%D9%86%D8%B4%D8%A7%D8%A1-%D9%88%D8%AA%D8%B5%D9%85%D9%8A%D9%85-%D9%85%D9%84%D9%81-%D8%A5%D9%83%D8%B3%D9%84-%D8%A7%D8%AD%D8%AA%D8%B1%D8%A7%D9%81%D9%8A-%D8%AA%D8%AD%D9%84%D9%8A%D9%84-%D9%85%D8%B9%D8%A7%D8%AF%D9%84%D8%A7%D8%AA-%D8%AC%D8%AF%D8%A7%D9%88%D9%84
403 Forbidden,Non trouvé,Non trouvé,Non trouvé,Aucun avis,Inconnu,Inconnu,Aucun tag,https://khamsat.com/data/data-processing/3844196-professional-data-cleaning-%D8%AA%D9%86%D8%B8%D9%8A%D9%81-%D8%A8%D9%8A%D8%A7%D9%86%D8%A7%D8%AA-%D8%A7%D8%AD%D8%AA%D8%B1%D8%A7%D9%81%D9%89
403 Forbidden,Non trouvé,Non trouvé,Non trouvé,Aucun avis,Inconnu,Inconnu,Aucun tag,https://khamsat.com/data/data-entry/2757367-%D8%A7%D9%86%D8%B4%D8%A7%D8%A1-%D9%88%D8%AA%D8%B9%D8%AF%D9%8A%D9%84-%D9%85%D9%84%D9%81%D8%A7%D8%AA-%D8%A7%D9%83%D8%B3%D9%84-excel
403 Forbidden,Non trouvé,Non trouvé,Non trouvé,Aucun avis,Inconnu,Inconnu,Aucun tag,https://khamsat.com/data/data-dashboards/3791663-%D8%AA%D8%B5%D9%85%D9%8A%D9%85-%D9%84%D9%88%D8%AD%D8%A7%D8%AA-%D8%A8%D9%8A%D8%A7%D9%86%D8%A7%D8%AA-%D8%A7%D8%AD%D8%AA%D8%B1%D8%A7%D9%81%D9%8A%D8%A9-%D8%A8%D8%A7%D8%B3%D8%AA%D8%AE%D8%AF%D8%A7%D9%85-tableau
403 Forbidden,Non trouvé,Non trouvé,Non trouvé,Aucun avis,Inconnu,Inconnu,Aucun tag,https://khamsat.com/data/data-analytics/3409103-%D8%AA%D8%B5%D9%85%D9%8A%D9%85-%D9%88%D8%A8%D8%B1%D9%85%D8%AC%D8%A9-%D8%B4%D9%8A%D8%AA%D8%A7%D8%AA-%D8%A5%D9%83%D8%B3%D9%8A%D9%84-%D8%A7%D8%AD%D8%AA%D8%B1%D8%A7%D9%81%D9%8A%D8%A9-%D9%84%D8%AA%D9%86%D8%B8%D9%8A%D9%85-%D8%A8%D9%8A%D8%A7%D9%86%D8%A7%D8%AA%D9%83-%D8%A8%D8%AF%D9%82%D8%A9-%D9%88%D8%B3%D9%87%D9%88%D9%84%D8%A9
403 Forbidden,Non trouvé,Non trouvé,Non trouvé,Aucun avis,Inconnu,Inconnu,Aucun tag,https://khamsat.com/data/data-processing/3886746-%D8%AA%D9%86%D8%B8%D9%8A%D9%81-%D8%A8%D9%8A%D8%A7%D9%86%D8%A7%D8%AA%D9%83-%D8%A8%D8%A7%D8%AD%D8%AA%D8%B1%D8%A7%D9%81-%D9%88%D8%AF%D9%82%D8%A9-%D8%B9%D8%A7%D9%84%D9%8A%D8%A9
403 Forbidden,Non trouvé,Non trouvé,Non trouvé,Aucun avis,Inconnu,Inconnu,Aucun tag,https://khamsat.com/data/data-entry/3894632-%D8%A7%D8%AF%D8%AE%D8%A7%D9%84-%D8%A8%D9%8A%D8%A7%D9%86%D8%A7%D8%AA-%D9%81%D9%8A-%D8%B4%D9%8A%D8%AA-excel
403 Forbidden,Non trouvé,Non trouvé,Non trouvé,Aucun avis,Inconnu,Inconnu,Aucun tag,https://khamsat.com/data/data-analytics/1020182-%D8%AA%D8%AD%D9%84%D9%8A%D9%84-%D8%A7%D9%84%D8%A8%D9%8A%D8%A7%D9%86%D8%A7%D8%AA-%D8%A7%D9%84%D8%A7%D8%AD%D8%B5%D8%A7%D8%A6%D9%8A%D8%A9
403 Forbidden,Non trouvé,Non trouvé,Non trouvé,Aucun avis,Inconnu,Inconnu,Aucun tag,https://khamsat.com/data/data-dashboards/3818754-%D8%AA%D8%B5%D9%88%D8%B1-%D8%A7%D9%84%D8%A8%D9%8A%D8%A7%D9%86%D8%A7%D8%AA-%D8%A8%D8%A7%D8%B3%D8%AA%D8%AE%D8%AF%D8%A7%D9%85-%D8%A8%D8%A7%D9%8A%D8%AB%D9%88%D9%86-tableu-powerbi
403 Forbidden,Non trouvé,Non trouvé,Non trouvé,Aucun avis,Inconnu,Inconnu,Aucun tag,https://khamsat.com/data/data-entry/3643588-%D8%A5%D8%AF%D8%AE%D8%A7%D9%84-%D8%A7%D9%84%D8%A8%D9%8A%D8%A7%D9%86%D8%A7%D8%AA-%D8%B9%D9%84%D9%89-excel-%D8%A3%D9%88-google-sheets-%D8%A8%D8%A7%D8%AD%D8%AA%D8%B1%D8%A7%D9%81%D9%8A%D8%A9-%D9%88%D8%AF%D9%82%D8%A9
403 Forbidden,Non trouvé,Non trouvé,Non trouvé,Aucun avis,Inconnu,Inconnu,Aucun tag,https://khamsat.com/data/data-processing/3843686-%D8%AA%D8%AD%D9%84%D9%8A%D9%84-%D9%88%D8%AA%D9%86%D8%B8%D9%8A%D9%81-%D8%A7%D9%84%D8%A8%D9%8A%D8%A7%D9%86%D8%A7%D8%AA-%D9%88%D8%A5%D9%86%D8%B4%D8%A7%D8%A1-%D8%B1%D8%B3%D9%88%D9%85-%D8%A8%D9%8A%D8%A7%D9%86%D9%8A%D8%A9
403 Forbidden,Non trouvé,Non trouvé,Non trouvé,Aucun avis,Inconnu,Inconnu,Aucun tag,https://khamsat.com/data/data-analytics/1510571-%D8%A7%D9%84%D8%AA%D8%AD%D9%84%D9%8A%D9%84-%D8%A7%D9%84%D8%A7%D8%AD%D8%B5%D8%A7%D8%A6%D9%8A-%D8%A8%D8%A7%D8%B3%D8%AA%D8%AE%D8%AF%D8%A7%D9%85-%D8%A8%D8%B1%D9%86%D8%A7%D9%85%D8%AC-amos
403 Forbidden,Non trouvé,Non trouvé,Non trouvé,Aucun avis,Inconnu,Inconnu,Aucun tag,https://khamsat.com/data/data-dashboards/3157389-%D8%B9%D9%85%D9%84-%D8%AF%D8%A7%D8%B4%D8%A8%D9%88%D8%B1%D8%AF-%D8%AA%D9%81%D8%A7%D8%B9%D9%84%D9%89-interactive-dashboard-%D8%A8%D8%A5%D8%B3%D8%AA%D8%AE%D8%AF%D8%A7%D9%85-power-bi
403 Forbidden,Non trouvé,Non trouvé,Non trouvé,Aucun avis,Inconnu,Inconnu,Aucun tag,https://khamsat.com/data/data-processing/2345071-%D9%85%D9%84%D9%81-%D8%A7%D9%83%D8%B3%D9%84-%D9%8A%D8%B3%D8%A7%D8%B9%D8%AF%D9%83-%D9%81%D9%8A-%D8%AA%D9%86%D9%81%D9%8A%D8%B0-%D9%85%D9%87%D8%A7%D9%85%D9%83-excel
403 Forbidden,Non trouvé,Non trouvé,Non trouvé,Aucun avis,Inconnu,Inconnu,Aucun tag,https://khamsat.com/data/data-entry/3735485-%D8%AA%D8%B5%D9%85%D9%8A%D9%85-%D9%88%D8%AA%D8%B9%D8%A8%D8%A6%D8%A9-%D8%AC%D8%AF%D8%A7%D9%88%D9%84-%D8%A7%D9%84%D8%A8%D9%8A%D8%A7%D9%86%D8%A7%D8%AA-%D8%A7%D9%84%D8%A5%D9%84%D9%83%D8%AA%D8%B1%D9%88%D9%86%D9%8A%D8%A9
403 Forbidden,Non trouvé,Non trouvé,Non trouvé,Aucun avis,Inconnu,Inconnu,Aucun tag,https://khamsat.com/data/data-dashboards/3876976-%D8%AA%D8%B5%D9%85%D9%8A%D9%85-%D8%AF%D8%A7%D8%B4%D8%A8%D9%88%D8%B1%D8%AF-%D8%A7%D9%83%D8%B3%D9%8A%D9%84-%D8%AF%D9%8A%D9%86%D8%A7%D9%85%D9%8A%D9%83%D9%8A
403 Forbidden,Non trouvé,Non trouvé,Non trouvé,Aucun avis,Inconnu,Inconnu,Aucun tag,https://khamsat.com/data/data-analytics/3776420-%D8%AA%D8%AD%D9%84%D9%8A%D9%84-%D8%A8%D9%8A%D8%A7%D9%86%D8%A7%D8%AA-%D9%88-%D8%AA%D8%B5%D9%85%D9%8A%D9%85-%D8%AF%D8%A7%D8%B4-%D8%A8%D9%88%D8%B1%D8%AF-%D8%A7%D8%AD%D8%AA%D8%B1%D8%A7%D9%81%D9%8A%D8%A9
403 Forbidden,Non trouvé,Non trouvé,Non trouvé,Aucun avis,Inconnu,Inconnu,Aucun tag,https://khamsat.com/data/data-processing/3679384-%D8%AA%D9%86%D8%B8%D9%8A%D9%81-%D9%88%D8%AA%D8%AC%D9%87%D9%8A%D8%B2-%D8%A7%D9%84%D8%A8%D9%8A%D8%A7%D9%86%D8%A7%D8%AA-%D9%85%D9%86-%D9%85%D9%84%D9%81%D8%A7%D8%AA-excel-%D9%88-csv-%D8%A8%D8%A7%D8%AD%D8%AA%D8%B1%D8%A7%D9%81%D9%8A%D8%A9
403 Forbidden,Non trouvé,Non trouvé,Non trouvé,Aucun avis,Inconnu,Inconnu,Aucun tag,https://khamsat.com/data/data-entry/3874667-%D8%A5%D8%AF%D8%AE%D8%A7%D9%84-%D8%A8%D9%8A%D8%A7%D9%86%D8%A7%D8%AA-%D8%B9%D9%84%D9%89-excel-%D8%A8%D8%AF%D9%82%D8%A9-%D9%88%D8%A7%D8%AD%D8%AA%D8%B1%D8%A7%D9%81
403 Forbidden,Non trouvé,Non trouvé,Non trouvé,Aucun avis,Inconnu,Inconnu,Aucun tag,https://khamsat.com/data/data-analytics/3048808-%D8%A7%D9%84%D8%AA%D8%AD%D9%84%D9%8A%D9%84-%D8%A7%D9%84%D8%A3%D8%AD%D8%B5%D8%A7%D8%A6%D9%8A-%D8%A8%D8%A7%D8%B3%D8%AA%D8%AE%D8%AF%D8%A7%D9%85-%D9%85%D9%8A%D9%83%D8%B1%D9%88%D8%B3%D9%88%D9%81%D8%AA-%D8%A7%D9%83%D8%B3%D9%8A%D9%84
403 Forbidden,Non trouvé,Non trouvé,Non trouvé,Aucun avis,Inconnu,Inconnu,Aucun tag,https://khamsat.com/data/data-dashboards/3736218-%D8%A5%D9%86%D8%B4%D8%A7%D8%A1-dashboard-%D9%85%D8%AE%D8%B5%D8%B5-%D9%84%D8%AA%D8%AD%D9%84%D9%8A%D9%84-%D9%88%D8%B9%D8%B1%D8%B6-%D8%A8%D9%8A%D8%A7%D9%86%D8%A7%D8%AA%D9%83
403 Forbidden,Non trouvé,Non trouvé,Non trouvé,Aucun avis,Inconnu,Inconnu,Aucun tag,https://khamsat.com/data/data-processing/3890421-%D9%83%D8%AA%D8%A7%D8%A8%D8%A9-%D8%A7%D8%B3%D8%AA%D8%B9%D9%84%D8%A7%D9%85%D8%A7%D8%AA-sql-%D8%A7%D8%AD%D8%AA%D8%B1%D8%A7%D9%81%D9%8A%D8%A9-%D9%84%D8%A7%D8%B3%D8%AA%D8%AE%D8%B1%D8%A7%D8%AC-%D8%A7%D9%84%D8%A8%D9%8A%D8%A7%D9%86%D8%A7%D8%AA-%D9%88%D8%A5%D8%AF%D8%A7%D8%B1%D8%A9-%D9%82%D9%88%D8%A7%D8%B9%D8%AF
403 Forbidden,Non trouvé,Non trouvé,Non trouvé,Aucun avis,Inconnu,Inconnu,Aucun tag,https://khamsat.com/data/data-entry/3726925-%D8%A7%D8%AF%D8%AE%D8%A7%D9%84-%D8%A8%D9%8A%D8%A7%D9%86%D8%A7%D8%AA-%D9%84%D8%A7%D9%83%D8%B3%D9%84-%D8%A8%D8%B4%D9%83%D9%84-%D8%A7%D8%AD%D8%AA%D8%B1%D8%A7%D9%81%D9%8A
403 Forbidden,Non trouvé,Non trouvé,Non trouvé,Aucun avis,Inconnu,Inconnu,Aucun tag,https://khamsat.com/data/data-analytics/2300984-%D8%AE%D8%AF%D9%85%D8%A9-%D8%A7%D9%84%D8%AA%D8%AD%D9%84%D9%8A%D9%84-%D8%A7%D9%84%D8%A7%D8%AD%D8%B5%D8%A7%D8%A6%D9%8A-%D8%A8%D9%88%D8%A7%D8%B3%D8%B7%D8%A9-%D8%A8%D8%B1%D9%86%D8%A7%D9%85%D8%AC-spss
403 Forbidden,Non trouvé,Non trouvé,Non trouvé,Aucun avis,Inconnu,Inconnu,Aucun tag,https://khamsat.com/data/data-dashboards/3750532-%D8%A5%D9%86%D8%B4%D8%A7%D8%A1-%D9%84%D9%88%D8%AD%D8%A9-%D9%85%D8%B9%D9%84%D9%88%D9%85%D8%A7%D8%AA-%D9%84%D8%AA%D8%AD%D9%84%D9%8A%D9%84-%D9%85%D8%AC%D9%85%D9%88%D8%B9%D8%A9-%D8%A7%D9%84%D8%A8%D9%8A%D8%A7%D9%86%D8%A7%D8%AA-dashboard
403 Forbidden,Non trouvé,Non trouvé,Non trouvé,Aucun avis,Inconnu,Inconnu,Aucun tag,https://khamsat.com/data/data-processing/3890386-%D8%A5%D8%B6%D8%A7%D9%81%D8%A9-%D8%A7%D9%84%D9%85%D8%B9%D8%A7%D8%AF%D9%84%D8%A7%D8%AA-%D9%88%D8%A7%D9%84%D8%AF%D9%88%D8%A7%D9%84-%D8%A7%D9%84%D8%AD%D8%B3%D8%A7%D8%A8%D9%8A%D8%A9-%D8%B9%D9%84%D9%89-%D9%85%D9%84%D9%81%D8%A7%D8%AA-excel-%D8%A8%D8%AF%D9%82%D8%A9-%D9%88%D8%A7%D8%AD%D8%AA%D8%B1%D8%A7%D9%81
403 Forbidden,Non trouvé,Non trouvé,Non trouvé,Aucun avis,Inconnu,Inconnu,Aucun tag,https://khamsat.com/data/data-entry/3878137-%D8%AA%D8%B5%D9%85%D9%8A%D9%85-%D8%A8%D8%B1%D8%A7%D9%85%D8%AC-%D8%B9%D9%84%D9%89-%D8%A8%D8%B1%D9%86%D8%A7%D9%85%D8%AC-%D8%A7%D9%84%D8%A3%D9%83%D8%B3%D9%84
403 Forbidden,Non trouvé,Non trouvé,Non trouvé,Aucun avis,Inconnu,Inconnu,Aucun tag,https://khamsat.com/data/data-analytics/3720234-%D8%AA%D8%AD%D9%84%D9%8A%D9%84-%D8%A7%D9%84%D8%A8%D9%8A%D8%A7%D9%86%D8%A7%D8%AA-%D9%88%D8%B9%D8%B1%D8%B6%D9%87%D8%A7-%D8%A8%D8%AA%D9%82%D8%A7%D8%B1%D9%8A%D8%B1-%D8%A7%D8%AD%D8%AA%D8%B1%D8%A7%D9%81%D9%8A%D8%A9-%D8%A8%D8%A7%D8%B3%D8%AA%D8%AE%D8%AF%D8%A7%D9%85-excel-%D9%88power
403 Forbidden,Non trouvé,Non trouvé,Non trouvé,Aucun avis,Inconnu,Inconnu,Aucun tag,https://khamsat.com/data/data-dashboards/3333242-%D9%84%D9%88%D8%AD%D8%A9-%D8%A8%D9%8A%D8%A7%D9%86%D8%A7%D8%AA-%D8%AA%D9%81%D8%A7%D8%B9%D9%84%D9%8A%D8%A9-%D8%A8%D8%A7%D9%84%D8%A8%D8%A7%D9%88%D8%B1-%D8%A8%D9%89-%D8%A7%D9%89
403 Forbidden,Non trouvé,Non trouvé,Non trouvé,Aucun avis,Inconnu,Inconnu,Aucun tag,https://khamsat.com/data/data-processing/3839774-%D8%AA%D9%86%D8%B8%D9%8A%D9%81-%D9%88%D8%AA%D8%AD%D9%84%D9%8A%D9%84-%D8%A7%D9%84%D8%A8%D9%8A%D8%A7%D9%86%D8%A7%D8%AA-%D8%A8%D8%A7%D8%B3%D8%AA%D8%AE%D8%AF%D8%A7%D9%85-excel-%D8%A8%D8%AF%D9%82%D8%A9-%D9%88%D8%B3%D8%B1%D8%B9%D8%A9
403 Forbidden,Non trouvé,Non trouvé,Non trouvé,Aucun avis,Inconnu,Inconnu,Aucun tag,https://khamsat.com/data/data-entry/3902030-%D8%AE%D8%AF%D9%85%D8%A9-%D8%A5%D8%AF%D8%AE%D8%A7%D9%84-%D8%A8%D9%8A%D8%A7%D9%86%D8%A7%D8%AA-%D8%A8%D8%B3%D8%B1%D8%B9%D8%A9-%D9%88%D8%AF%D9%82%D8%A9-%D8%B9%D8%A7%D9%84%D9%8A%D8%A9-%D8%A8%D8%A7%D8%B3%D8%AA%D8%AE%D8%AF%D8%A7%D9%85-excel
403 Forbidden,Non trouvé,Non trouvé,Non trouvé,Aucun avis,Inconnu,Inconnu,Aucun tag,https://khamsat.com/data/data-analytics/3294063-%D8%A5%D9%86%D8%B4%D8%A7%D8%A1-%D8%AF%D8%A7%D8%B4%D8%A8%D9%88%D8%B1%D8%AF-power-bi-%D8%A7%D8%AD%D8%AA%D8%B1%D8%A7%D9%81%D9%8A-%D9%84%D8%B9%D8%B1%D8%B6-%D9%88%D8%AA%D8%AD%D9%84%D9%8A%D9%84-%D8%A8%D9%8A%D8%A7%D9%86%D8%A7%D8%AA%D9%83
403 Forbidden,Non trouvé,Non trouvé,Non trouvé,Aucun avis,Inconnu,Inconnu,Aucun tag,https://khamsat.com/data/data-dashboards/3816011-%D8%AA%D8%B5%D9%85%D9%8A%D9%85-%D9%84%D9%88%D8%AD%D8%A9-%D8%A8%D9%8A%D8%A7%D9%86%D8%A7%D8%AA-%D8%A7%D8%AD%D8%AA%D8%B1%D8%A7%D9%81%D9%8A%D8%A9-dashboard-%D8%AA%D9%81%D8%A7%D8%B9%D9%84%D9%8A%D8%A9-%D8%B9%D9%84%D9%89-power-bi
403 Forbidden,Non trouvé,Non trouvé,Non trouvé,Aucun avis,Inconnu,Inconnu,Aucun tag,https://khamsat.com/data/data-processing/3803379-%D8%AA%D9%86%D8%B8%D9%8A%D9%81-%D9%88%D8%AA%D8%AC%D9%87%D9%8A%D8%B2-%D8%A7%D9%84%D8%A8%D9%8A%D8%A7%D9%86%D8%A7%D8%AA-%D9%84%D8%AA%D8%AD%D9%84%D9%8A%D9%84%D9%87%D8%A7-%D8%A8%D8%A7%D8%B3%D8%AA%D8%AE%D8%AF%D8%A7%D9%85-excel-%D8%A3%D9%88-power-bi
403 Forbidden,Non trouvé,Non trouvé,Non trouvé,Aucun avis,Inconnu,Inconnu,Aucun tag,https://khamsat.com/data/data-entry/3139812-%D8%A5%D8%AF%D8%AE%D8%A7%D9%84-%D8%A7%D9%84%D8%A8%D9%8A%D8%A7%D9%86%D8%A7%D8%AA-%D8%B9%D9%84%D9%89-excel-%D9%88-%D8%AA%D9%86%D8%B3%D9%8A%D9%82%D9%87%D8%A7
403 Forbidden,Non trouvé,Non trouvé,Non trouvé,Aucun avis,Inconnu,Inconnu,Aucun tag,https://khamsat.com/data/data-analytics/3296298-%D8%AF%D8%A7%D8%B4%D8%A8%D9%88%D8%B1%D8%AF-%D8%AA%D9%81%D8%A7%D8%B9%D9%84%D9%89-%D8%A8%D8%A7%D8%B3%D8%AA%D8%AE%D8%AF%D8%A7%D9%85-tableau-or-power-bi
403 Forbidden,Non trouvé,Non trouvé,Non trouvé,Aucun avis,Inconnu,Inconnu,Aucun tag,https://khamsat.com/data/data-dashboards/3787065-%D8%B9%D9%85%D9%84-%D8%AF%D8%A7%D8%B4%D8%A8%D9%88%D8%B1%D8%AF-dashboard-%D8%A5%D8%AF%D8%A7%D8%B1%D8%A9-%D8%A7%D9%84%D9%85%D8%AE%D8%B2%D9%88%D9%86-%D8%A8%D8%A5%D8%B3%D8%AA%D8%AE%D8%AF%D8%A7%D9%85-excel
403 Forbidden,Non trouvé,Non trouvé,Non trouvé,Aucun avis,Inconnu,Inconnu,Aucun tag,https://khamsat.com/data/data-processing/2952910-%D8%A8%D8%B1%D9%86%D8%A7%D9%85%D8%AC-%D8%AA%D9%86%D8%B8%D9%8A%D9%85-%D9%88%D9%85%D8%AA%D8%A7%D8%A8%D8%B9%D8%A9-%D8%A7%D9%84%D9%85%D9%87%D8%A7%D9%85-excel-smart-to-do-list
403 Forbidden,Non trouvé,Non trouvé,Non trouvé,Aucun avis,Inconnu,Inconnu,Aucun tag,https://khamsat.com/data/data-entry/3506915-%D8%A7%D8%AF%D8%AE%D8%A7%D9%84-%D8%A8%D9%8A%D8%A7%D9%86%D8%A7%D8%AA-%D8%B9%D9%84%D9%89-%D8%A8%D8%B1%D9%86%D8%A7%D9%85%D8%AC-%D8%A7%D9%84%D9%88%D9%88%D8%B1%D8%AF
403 Forbidden,Non trouvé,Non trouvé,Non trouvé,Aucun avis,Inconnu,Inconnu,Aucun tag,https://khamsat.com/data/data-analytics/3843574-%D9%85%D8%B9%D8%A7%D9%84%D8%AC%D9%87-%D8%AA%D8%AD%D9%84%D9%8A%D9%84-%D9%88-%D8%AA%D8%B5%D9%88%D8%B1-%D8%A7%D9%84%D8%A8%D9%8A%D8%A7%D9%86%D8%A7%D8%AA-%D8%A8%D8%A7%D8%B3%D8%AA%D8%AE%D8%AF%D8%A7%D9%85-%D8%A7%D9%83%D8%B3%D9%8A%D9%84
403 Forbidden,Non trouvé,Non trouvé,Non trouvé,Aucun avis,Inconnu,Inconnu,Aucun tag,https://khamsat.com/data/data-dashboards/3638299-%D8%AA%D8%B5%D9%85%D9%8A%D9%85-%D9%84%D9%88%D8%AD%D8%A7%D8%AA-%D8%AA%D8%AD%D9%83%D9%85-%D8%A7%D8%AD%D8%AA%D8%B1%D8%A7%D9%81%D9%8A%D8%A9-%D8%A8%D8%A7%D8%B3%D8%AA%D8%AE%D8%AF%D8%A7%D9%85-power-bi-%D9%84%D8%AA%D8%AD%D9%84%D9%8A%D9%84-%D8%A7%D9%84%D8%A8%D9%8A%D8%A7%D9%86%D8%A7%D8%AA
403 Forbidden,Non trouvé,Non trouvé,Non trouvé,Aucun avis,Inconnu,Inconnu,Aucun tag,https://khamsat.com/data/data-entry/3828635-%D8%AA%D8%AD%D9%84%D9%8A%D9%84-%D8%A8%D9%8A%D8%A7%D9%86%D8%A7%D8%AA-%D8%A8%D8%A7%D8%B3%D8%AA%D8%AE%D8%AF%D8%A7%D9%85-%D8%A7%D9%84%D8%A7%D9%83%D8%B3%D9%84
403 Forbidden,Non trouvé,Non trouvé,Non trouvé,Aucun avis,Inconnu,Inconnu,Aucun tag,https://khamsat.com/data/data-processing/3758245-%D8%A5%D9%86%D8%B4%D8%A7%D8%A1-%D9%88-%D8%AA%D8%B9%D8%AF%D9%8A%D9%84-%D9%88-%D8%AA%D8%B5%D9%85%D9%8A%D9%85-%D9%85%D9%84%D9%81-excel-%D8%A7%D8%AD%D8%AA%D8%B1%D8%A7%D9%81%D9%8A-%D9%84%D8%AA%D9%86%D8%B8%D9%8A%D9%85-%D9%88%D8%A5%D8%AF%D8%A7%D8%B1%D8%A9-%D9%85%D8%B4%D8%B1%D9%88%D8%B9%D9%83
403 Forbidden,Non trouvé,Non trouvé,Non trouvé,Aucun avis,Inconnu,Inconnu,Aucun tag,https://khamsat.com/data/data-analytics/3184545-%D8%AD%D9%88%D9%84-%D8%A8%D9%8A%D8%A7%D9%86%D8%A7%D8%AA%D9%83-%D8%A5%D9%84%D9%89-%D9%82%D8%B1%D8%A7%D8%B1%D8%A7%D8%AA-%D9%81%D8%B9%D8%A7%D9%84%D8%A9-%D9%85%D8%B9-%D8%AA%D9%82%D8%A7%D8%B1%D9%8A%D8%B1-power-bi-%D8%A7%D9%84%D8%AA%D9%81%D8%A7%D8%B9%D9%84%D9%8A%D8%A9
403 Forbidden,Non trouvé,Non trouvé,Non trouvé,Aucun avis,Inconnu,Inconnu,Aucun tag,https://khamsat.com/data/data-dashboards/3708730-%D8%A5%D9%86%D8%B4%D8%A7%D8%A1-%D9%84%D9%88%D8%AD%D8%A7%D8%AA-%D9%85%D8%B9%D9%84%D9%88%D9%85%D8%A7%D8%AA-dashboard-%D8%AA%D9%81%D8%A7%D8%B9%D9%84%D9%8A%D8%A9-%D8%A8%D9%80-power-bi
403 Forbidden,Non trouvé,Non trouvé,Non trouvé,Aucun avis,Inconnu,Inconnu,Aucun tag,https://khamsat.com/data/data-entry/3906638-%D8%A5%D8%AF%D8%AE%D8%A7%D9%84-%D8%A7%D9%84%D8%A8%D9%8A%D8%A7%D9%86%D8%A7%D8%AA-%D9%88%D8%AA%D9%86%D8%B3%D9%8A%D9%82-%D8%AC%D8%AF%D8%A7%D9%88%D9%84-excel-%D8%A8%D8%AF%D9%82%D8%A9-%D9%88%D8%A7%D8%AD%D8%AA%D8%B1%D8%A7%D9%81%D9%8A%D8%A9-%D8%B9%D8%A7%D9%84%D9%8A%D8%A9
403 Forbidden,Non trouvé,Non trouvé,Non trouvé,Aucun avis,Inconnu,Inconnu,Aucun tag,https://khamsat.com/data/data-processing/3305049-%D8%AA%D9%86%D8%B8%D9%8A%D9%81-%D9%88%D9%85%D8%B9%D8%A7%D9%84%D8%AC%D8%A9-%D8%A7%D9%84%D8%A8%D9%8A%D8%A7%D9%86%D8%A7%D8%AA-%D8%A8%D8%A7%D8%B3%D8%AA%D8%AE%D8%AF%D8%A7%D9%85-%D8%A7%D9%84%D8%A8%D8%A7%D9%8A%D8%AB%D9%88%D9%86
403 Forbidden,Non trouvé,Non trouvé,Non trouvé,Aucun avis,Inconnu,Inconnu,Aucun tag,https://khamsat.com/data/data-analytics/3527108-%D8%B1%D8%A8%D8%B7-%D8%A8%D9%8A%D9%86-odoo-powerbi-%D9%88%D8%A7%D9%86%D8%B4%D8%A7%D8%A1-%D8%AA%D9%82%D8%A7%D8%B1%D9%8A%D8%B1
403 Forbidden,Non trouvé,Non trouvé,Non trouvé,Aucun avis,Inconnu,Inconnu,Aucun tag,https://khamsat.com/data/data-dashboards/3809535-%D8%A5%D9%86%D8%B4%D8%A7%D8%A1-%D9%84%D9%88%D8%AD%D8%A7%D8%AA-%D8%AA%D8%AD%D9%83%D9%85-%D8%AA%D9%81%D8%A7%D8%B9%D9%84%D9%8A%D8%A9-%D8%A8%D8%A7%D8%B3%D8%AA%D8%AE%D8%AF%D8%A7%D9%85-power-bi
403 Forbidden,Non trouvé,Non trouvé,Non trouvé,Aucun avis,Inconnu,Inconnu,Aucun tag,https://khamsat.com/data/data-processing/3795994-%D9%85%D8%B9%D8%A7%D9%84%D8%AC%D8%A9-%D9%88%D8%AA%D9%86%D8%B8%D9%8A%D9%81-%D8%A7%D9%84%D8%A8%D9%8A%D8%A7%D9%86%D8%A7%D8%AA-data-cleaning-preprocessing
403 Forbidden,Non trouvé,Non trouvé,Non trouvé,Aucun avis,Inconnu,Inconnu,Aucun tag,https://khamsat.com/data/data-entry/3761241-%D8%A7%D8%AF%D8%AE%D8%A7%D9%84-%D8%A8%D9%8A%D8%A7%D9%86%D8%A7%D8%AA-%D8%B9%D9%84%D9%89-%D8%A8%D8%B1%D8%A7%D9%85%D8%AC-%D8%A7%D9%84%D8%A3%D9%88%D9%81%D9%8A%D8%B3
403 Forbidden,Non trouvé,Non trouvé,Non trouvé,Aucun avis,Inconnu,Inconnu,Aucun tag,https://khamsat.com/data/data-analytics/3693733-%D8%B9%D9%85%D9%84-%D8%AF%D8%A7%D8%B4%D8%A8%D9%88%D8%B1%D8%AF-%D8%AA%D9%81%D8%A7%D8%B9%D9%84%D9%89-interactive-dashboard-%D8%A8%D8%A5%D8%B3%D8%AA%D8%AE%D8%AF%D8%A7%D9%85-power-bi
403 Forbidden,Non trouvé,Non trouvé,Non trouvé,Aucun avis,Inconnu,Inconnu,Aucun tag,https://khamsat.com/data/data-dashboards/3843595-%D8%A7%D9%86%D8%B4%D8%A7%D8%A1-%D8%AF%D8%A7%D8%B4-%D8%A8%D9%88%D8%B1%D8%AF-%D8%A8%D9%88%D8%A7%D8%B3%D8%B7%D9%87-power-bi
403 Forbidden,Non trouvé,Non trouvé,Non trouvé,Aucun avis,Inconnu,Inconnu,Aucun tag,https://khamsat.com/data/data-processing/3699794-%D8%AA%D9%86%D8%B8%D9%8A%D9%81-%D9%88%D9%85%D8%B9%D8%A7%D9%84%D8%AC%D8%A9-%D8%A8%D9%8A%D8%A7%D9%86%D8%A7%D8%AA-%D8%AC%D8%AF%D8%A7%D9%88%D9%84-excel-%D8%A8%D8%A7%D8%AD%D8%AA%D8%B1%D8%A7%D9%81%D9%8A%D8%A9
403 Forbidden,Non trouvé,Non trouvé,Non trouvé,Aucun avis,Inconnu,Inconnu,Aucun tag,https://khamsat.com/data/data-entry/3783121-%D8%AE%D8%AF%D9%85%D8%A9-%D8%A7%D8%AF%D8%AE%D8%A7%D9%84-%D8%A8%D9%8A%D8%A7%D9%86%D8%A7%D8%AA-%D9%84%D9%85%D9%84%D9%81%D8%A7%D8%AA-%D8%A7%D9%83%D8%B3%D9%84
403 Forbidden,Non trouvé,Non trouvé,Non trouvé,Aucun avis,Inconnu,Inconnu,Aucun tag,https://khamsat.com/data/data-analytics/3234341-%D8%AA%D8%AD%D9%84%D9%8A%D9%84-%D8%A8%D9%8A%D8%A7%D9%86%D8%A7%D8%AA%D9%83-%D9%81%D9%8A-excel-%D9%88%D8%AA%D8%AD%D9%88%D9%8A%D9%84%D9%87%D8%A7-%D8%A5%D9%84%D9%89-%D8%AA%D9%82%D8%A7%D8%B1%D9%8A%D8%B1-%D9%88dashboards-%D8%AA%D9%81%D8%B5%D9%8A%D9%84
403 Forbidden,Non trouvé,Non trouvé,Non trouvé,Aucun avis,Inconnu,Inconnu,Aucun tag,https://khamsat.com/data/data-dashboards/3369975-%D9%86%D9%85%D9%88%D8%B0%D8%AC-%D8%A7%D9%83%D8%B3%D9%8A%D9%84-%D9%84%D8%AA%D9%82%D9%8A%D9%8A%D9%85-%D8%A7%D9%84%D9%85%D8%AE%D8%A7%D8%B7%D8%B1-%D8%A7%D9%84%D9%85%D8%A4%D8%B3%D8%B3%D9%8A%D8%A9
403 Forbidden,Non trouvé,Non trouvé,Non trouvé,Aucun avis,Inconnu,Inconnu,Aucun tag,https://khamsat.com/data/data-processing/3022331-%D8%AA%D8%B9%D8%AF%D9%8A%D9%84-%D9%88%D8%A7%D8%B6%D8%A7%D9%81%D8%A9-%D8%A8%D9%8A%D8%A7%D9%86%D8%A7%D8%AA-%D8%A7%D9%84%D9%8A-%D9%85%D9%84%D9%81%D8%A7%D8%AA-%D9%85%D9%8A%D9%83%D8%B1%D9%88%D8%B3%D9%88%D9%81%D8%AA-%D8%A7%D9%88%D9%81%D9%8A%D8%B3
403 Forbidden,Non trouvé,Non trouvé,Non trouvé,Aucun avis,Inconnu,Inconnu,Aucun tag,https://khamsat.com/data/data-entry/3639472-%D9%83%D8%AA%D8%A7%D8%A8%D8%A9-%D9%88%D9%85%D8%B9%D8%A7%D9%84%D8%AC%D8%A9-%D8%A7%D9%84%D8%A8%D9%8A%D8%A7%D9%86%D8%A7%D8%AA-%D8%B9%D9%84%D9%89-%D8%A8%D8%B1%D9%86%D8%A7%D9%85%D8%AC-ms-word
403 Forbidden,Non trouvé,Non trouvé,Non trouvé,Aucun avis,Inconnu,Inconnu,Aucun tag,https://khamsat.com/data/data-analytics/2544772-%D8%AA%D8%AD%D9%84%D9%8A%D9%84-%D8%A7%D9%84%D9%82%D9%88%D9%89-%D9%88%D8%A7%D9%84%D8%A7%D8%AC%D9%87%D8%A7%D8%AF%D8%A7%D8%AA-%D9%88%D8%AA%D8%AD%D8%B3%D9%8A%D9%86-%D8%A7%D8%AC%D8%B2%D8%A7%D8%A1-%D8%A7%D9%84%D9%85%D8%A7%D9%83%D9%8A%D9%86%D8%A7%D8%AA-%D8%A8%D8%A7%D8%B3%D8%AA%D8%AE%D8%AF%D8%A7%D9%85-ansys
403 Forbidden,Non trouvé,Non trouvé,Non trouvé,Aucun avis,Inconnu,Inconnu,Aucun tag,https://khamsat.com/data/data-dashboards/2924903-%D8%AA%D8%B5%D9%85%D9%8A%D9%85-%D8%AF%D8%A7%D8%B4%D8%A8%D9%88%D8%B1%D8%AF-dashboard-%D9%84%D9%88%D8%AD%D8%A7%D8%AA-%D8%AA%D9%81%D8%A7%D8%B9%D9%84%D9%8A%D8%A9-%D8%B9%D9%84%D9%89-%D8%A8%D8%B1%D9%86%D8%A7%D9%85%D8%AC-power-bi
403 Forbidden,Non trouvé,Non trouvé,Non trouvé,Aucun avis,Inconnu,Inconnu,Aucun tag,https://khamsat.com/data/data-processing/3881006-%D8%AA%D8%B5%D9%85%D9%8A%D9%85-excel-%D8%B0%D9%83%D9%8A-%D9%8A%D8%AD%D9%84%D9%84-%D8%A8%D9%8A%D8%A7%D9%86%D8%A7%D8%AA%D9%83-%D8%AA%D9%84%D9%82%D8%A7%D8%A6%D9%8A%D8%A7-%D8%A8%D9%85%D8%B9%D8%A7%D8%AF%D9%84%D8%A7%D8%AA-%D9%88%D8%B1%D8%B3%D9%88%D9%85-%D8%A8%D9%8A%D8%A7%D9%86%D9%8A%D8%A9
403 Forbidden,Non trouvé,Non trouvé,Non trouvé,Aucun avis,Inconnu,Inconnu,Aucun tag,https://khamsat.com/data/data-entry/3860250-%D8%A5%D8%AF%D8%AE%D8%A7%D9%84-%D8%A7%D9%84%D8%A8%D9%8A%D8%A7%D9%86%D8%A7%D8%AA-%D8%A5%D9%84%D9%89-%D9%85%D9%84%D9%81-%D8%A3%D9%83%D8%B3%D9%84-excel-%D9%88%D8%AA%D9%86%D8%B3%D9%8A%D9%82%D9%87%D8%A7
403 Forbidden,Non trouvé,Non trouvé,Non trouvé,Aucun avis,Inconnu,Inconnu,Aucun tag,https://khamsat.com/data/data-analytics/3249951-%D8%AA%D8%AD%D9%84%D9%8A%D9%84-%D8%A8%D9%8A%D8%A7%D9%86%D8%A7%D8%AA-%D9%88%D8%AA%D8%B5%D9%85%D9%8A%D9%85-%D8%AA%D9%82%D8%A7%D8%B1%D9%8A%D8%B1-%D8%AA%D9%81%D8%A7%D8%B9%D9%84%D9%8A%D8%A9-%D8%A8%D9%80-power-bi-%D9%88-excel
403 Forbidden,Non trouvé,Non trouvé,Non trouvé,Aucun avis,Inconnu,Inconnu,Aucun tag,https://khamsat.com/data/data-dashboards/3718371-%D8%AA%D8%B5%D9%85%D9%8A%D9%85-%D8%AF%D8%A7%D8%B4%D8%A8%D9%88%D8%B1%D8%AF-%D8%AA%D9%81%D8%A7%D8%B9%D9%84%D9%8A%D8%A9-%D8%A8%D8%B4%D9%83%D9%84-%D8%A7%D8%AD%D8%AA%D8%B1%D8%A7%D9%81%D9%8A-excel-dashboard
403 Forbidden,Non trouvé,Non trouvé,Non trouvé,Aucun avis,Inconnu,Inconnu,Aucun tag,https://khamsat.com/data/data-processing/3826966-%D8%AA%D9%86%D8%B8%D9%8A%D9%81-%D9%88%D8%AA%D8%AC%D9%87%D9%8A%D8%B2-%D8%A7%D9%84%D8%A8%D9%8A%D8%A7%D9%86%D8%A7%D8%AA-%D9%84%D9%84%D8%B9%D8%B1%D8%B6-%D9%88%D8%A7%D9%84%D8%AA%D8%AD%D9%84%D9%8A%D9%84
403 Forbidden,Non trouvé,Non trouvé,Non trouvé,Aucun avis,Inconnu,Inconnu,Aucun tag,https://khamsat.com/data/data-entry/1468173-%D8%AA%D9%82%D8%AF%D9%8A%D9%85-%D9%85%D9%84%D9%81-%D8%A5%D9%83%D8%B3%D9%84-%D8%A3%D9%88-%D9%88%D8%B1%D8%AF-%D8%A8%D8%AA%D9%86%D8%B3%D9%8A%D9%82-%D8%B1%D8%A7%D8%A6%D8%B9
403 Forbidden,Non trouvé,Non trouvé,Non trouvé,Aucun avis,Inconnu,Inconnu,Aucun tag,https://khamsat.com/data/data-analytics/3186706-%D8%AA%D8%AD%D9%84%D9%8A%D9%84-%D8%A7%D9%84%D8%A8%D9%8A%D8%A7%D9%86%D8%A7%D8%AA-%D8%A8%D8%A5%D8%B3%D8%AA%D8%AE%D8%AF%D8%A7%D9%85-%D8%A5%D9%83%D8%B3%D9%8A%D9%84
403 Forbidden,Non trouvé,Non trouvé,Non trouvé,Aucun avis,Inconnu,Inconnu,Aucun tag,https://khamsat.com/data/data-dashboards/2747225-%D8%A7%D9%86%D8%B4%D8%A7%D8%A1-%D8%AC%D8%AF%D8%A7%D9%88%D9%84-%D8%A7%D8%AD%D8%B5%D8%A7%D8%A6%D9%8A%D8%A9-%D9%85%D9%86%D8%B8%D9%85%D8%A9-%D9%88%D8%A8%D8%B3%D9%8A%D8%B7%D8%A9
403 Forbidden,Non trouvé,Non trouvé,Non trouvé,Aucun avis,Inconnu,Inconnu,Aucun tag,https://khamsat.com/data/data-entry/3573469-%D8%A5%D8%AF%D8%AE%D8%A7%D9%84-%D8%A8%D9%8A%D8%A7%D9%86%D8%A7%D8%AA-%D9%8A%D8%AF%D9%88%D9%8A-%D9%88%D9%85%D9%86%D8%B8%D9%85-%D8%B9%D9%84%D9%89-excel-%D8%A3%D9%88-%D9%85%D9%88%D8%A7%D9%82%D8%B9-%D8%A5%D9%84%D9%83%D8%AA%D8%B1%D9%88%D9%86%D9%8A%D8%A9
403 Forbidden,Non trouvé,Non trouvé,Non trouvé,Aucun avis,Inconnu,Inconnu,Aucun tag,https://khamsat.com/data/data-processing/3843460-%D8%AA%D9%86%D8%B8%D9%8A%D9%81-%D9%88%D8%AA%D8%AD%D9%84%D9%8A%D9%84-%D8%A7%D9%84%D8%A8%D9%8A%D8%A7%D9%86%D8%A7%D8%AA-%D8%A8%D8%A7%D8%AD%D8%AA%D8%B1%D8%A7%D9%81%D9%8A%D8%A9-%D8%A8%D8%A7%D8%B3%D8%AA%D8%AE%D8%AF%D8%A7%D9%85-python
403 Forbidden,Non trouvé,Non trouvé,Non trouvé,Aucun avis,Inconnu,Inconnu,Aucun tag,https://khamsat.com/data/data-analytics/3030102-%D8%AA%D8%AD%D9%84%D9%8A%D9%84-%D8%A7%D9%84%D8%A8%D9%8A%D8%A7%D9%86%D8%A7%D8%AA-%D8%A8%D8%A7%D8%B3%D8%AA%D8%AE%D8%AF%D8%A7%D9%85-power-bi
403 Forbidden,Non trouvé,Non trouvé,Non trouvé,Aucun avis,Inconnu,Inconnu,Aucun tag,https://khamsat.com/data/data-dashboards/3806976-%D8%AA%D8%AD%D9%84%D9%8A%D9%84-%D8%A8%D9%8A%D8%A7%D9%86%D8%A7%D8%AA-%D8%A8%D8%A7%D8%B3%D8%AA%D8%AE%D8%AF%D8%A7%D9%85-power-bi
403 Forbidden,Non trouvé,Non trouvé,Non trouvé,Aucun avis,Inconnu,Inconnu,Aucun tag,https://khamsat.com/data/data-entry/3891454-%D8%A5%D8%B6%D8%A7%D9%81%D8%A9-%D8%B2%D8%B1-%D8%AD%D9%81%D8%B8-%D8%AA%D9%84%D9%82%D8%A7%D8%A6%D9%8A-%D8%AF%D8%A7%D8%AE%D9%84-%D9%85%D9%84%D9%81-excel
403 Forbidden,Non trouvé,Non trouvé,Non trouvé,Aucun avis,Inconnu,Inconnu,Aucun tag,https://khamsat.com/data/data-processing/3826600-%D8%A8%D9%86%D8%A7%D8%A1-%D9%85%D8%B3%D8%AA%D9%88%D8%AF%D8%B9-%D8%A8%D9%8A%D8%A7%D9%86%D8%A7%D8%AA-data-warehouse-%D8%A8%D8%A7%D8%B3%D8%AA%D8%AE%D8%AF%D8%A7%D9%85-medallion
403 Forbidden,Non trouvé,Non trouvé,Non trouvé,Aucun avis,Inconnu,Inconnu,Aucun tag,https://khamsat.com/data/data-analytics/3063612-%D8%AA%D8%AD%D9%84%D9%8A%D9%84-%D8%A8%D9%8A%D8%A7%D9%86%D8%A7%D8%AA-%D9%88%D8%AF%D8%A7%D8%B4%D8%A8%D9%88%D8%B1%D8%AF-%D8%A8%D8%A7%D8%B3%D8%AA%D8%AE%D8%AF%D8%A7%D9%85-%D8%A7%D9%83%D8%B3%D9%84-excel-%D9%88-power-i
403 Forbidden,Non trouvé,Non trouvé,Non trouvé,Aucun avis,Inconnu,Inconnu,Aucun tag,https://khamsat.com/data/data-dashboards/3851434-%D8%AA%D8%B5%D9%85%D9%8A%D9%85-%D8%AF%D8%A7%D8%B4%D8%A8%D9%88%D8%B1%D8%AF-%D8%A7%D8%AD%D8%AA%D8%B1%D8%A7%D9%81%D9%8A%D8%A9-%D8%A8%D8%A7%D8%B3%D8%AA%D8%AE%D8%AF%D8%A7%D9%85-%D8%A8%D8%A7%D9%88%D8%B1-%D8%A8%D9%8A-%D8%A7%D9%8A
403 Forbidden,Non trouvé,Non trouvé,Non trouvé,Aucun avis,Inconnu,Inconnu,Aucun tag,https://khamsat.com/data/data-entry/3788527-%D8%B3%D8%A3%D9%82%D9%88%D9%85-%D8%A8%D8%A5%D8%AF%D8%AE%D8%A7%D9%84-%D8%A7%D9%84%D8%A8%D9%8A%D8%A7%D9%86%D8%A7%D8%AA-%D9%81%D9%8A-excel-%D8%A3%D9%88-google-sheets-%D8%A8%D8%AF%D9%82%D8%A9-%D9%88%D8%B3%D8%B1%D8%B9%D8%A9
403 Forbidden,Non trouvé,Non trouvé,Non trouvé,Aucun avis,Inconnu,Inconnu,Aucun tag,https://khamsat.com/data/data-processing/3769500-%D8%AA%D9%86%D8%B3%D9%8A%D9%82-%D9%88%D8%AA%D8%AD%D9%84%D9%8A%D9%84-%D9%85%D9%84%D9%81%D8%A7%D8%AA-excel-pivot-%D9%85%D8%B9%D8%A7%D8%AF%D9%84%D8%A7%D8%AA-%D8%AC%D8%AF%D8%A7%D9%88%D9%84-%D8%AA%D9%86%D8%B3%D9%8A%D9%82%D8%A7%D8%AA
403 Forbidden,Non trouvé,Non trouvé,Non trouvé,Aucun avis,Inconnu,Inconnu,Aucun tag,https://khamsat.com/data/data-analytics/2216751-%D8%AA%D8%AD%D9%84%D9%8A%D9%84-%D8%A7%D9%84%D8%A8%D9%8A%D8%A7%D9%86%D8%A7%D8%AA-%D8%A8%D8%A7%D8%B3%D8%AA%D8%AE%D8%AF%D8%A7%D9%85-%D9%84%D8%BA%D9%87-%D8%A8%D8%A7%D9%8A%D8%AB%D9%88%D9%86
403 Forbidden,Non trouvé,Non trouvé,Non trouvé,Aucun avis,Inconnu,Inconnu,Aucun tag,https://khamsat.com/data/data-dashboards/3847349-%D8%AA%D8%B5%D9%85%D9%8A%D9%85-%D9%88-%D8%AA%D9%86%D9%81%D9%8A%D8%B0-%D8%AF%D8%A7%D8%B4%D8%A8%D9%88%D8%B1%D8%AF-%D8%AA%D9%81%D8%A7%D8%B9%D9%84%D9%8A-dashboard-with-power-bi
403 Forbidden,Non trouvé,Non trouvé,Non trouvé,Aucun avis,Inconnu,Inconnu,Aucun tag,https://khamsat.com/data/data-processing/3162084-%D8%AA%D9%86%D8%B8%D9%8A%D9%81-%D9%88-%D9%85%D8%B9%D8%A7%D9%84%D8%AC%D8%A9-%D8%A7%D9%84%D8%A8%D9%8A%D8%A7%D9%86%D8%A7%D8%AA-%D8%A8%D8%A7%D8%AD%D8%AA%D8%B1%D8%A7%D9%81%D9%8A%D8%A9-%D8%A8%D8%A7%D8%B3%D8%AA%D8%AE%D8%AF%D8%A7%D9%85-sql
403 Forbidden,Non trouvé,Non trouvé,Non trouvé,Aucun avis,Inconnu,Inconnu,Aucun tag,https://khamsat.com/data/data-entry/3381917-%D8%AA%D8%B5%D9%85%D9%8A%D9%85-%D9%86%D9%85%D9%88%D8%B0%D8%AC-google-form-%D8%A7%D8%AD%D8%AA%D8%B1%D8%A7%D9%81
403 Forbidden,Non trouvé,Non trouvé,Non trouvé,Aucun avis,Inconnu,Inconnu,Aucun tag,https://khamsat.com/data/data-analytics/2977298-%D8%AA%D8%B5%D9%85%D9%8A%D9%85-%D8%AF%D8%A7%D8%B4%D8%A8%D9%88%D8%B1%D8%AF-%D8%A7%D8%AD%D8%AA%D8%B1%D8%A7%D9%81%D9%8A-%D8%A7%D9%85%D8%B1%D9%8A%D9%83%D9%8A-%D8%A7%D8%AD%D8%AA%D8%B1%D8%A7%D9%81%D9%8A-%D9%8A%D9%86%D8%A7%D8%B3%D8%A8-%D8%B9%D9%85%D9%84%D9%83
403 Forbidden,Non trouvé,Non trouvé,Non trouvé,Aucun avis,Inconnu,Inconnu,Aucun tag,https://khamsat.com/data/data-dashboards/3739587-%D9%84%D9%88%D8%AD%D8%A9-%D9%85%D8%B9%D9%84%D9%88%D9%85%D8%A7%D8%AA-%D8%AA%D9%81%D8%A7%D8%B9%D9%84%D9%8A%D8%A9-%D9%84%D8%AF%D8%B9%D9%85-%D8%A7%D8%AA%D8%AE%D8%A7%D8%B0-%D8%A7%D9%84%D9%82%D8%B1%D8%A7%D8%B1
403 Forbidden,Non trouvé,Non trouvé,Non trouvé,Aucun avis,Inconnu,Inconnu,Aucun tag,https://khamsat.com/data/data-entry/3896602-%D8%A7%D8%AF%D8%AE%D8%A7%D9%84-%D8%A7%D9%84%D8%A8%D9%8A%D8%A7%D9%86%D8%A7%D8%AA-%D8%A7%D9%84%D9%8A-%D8%A7%D9%84%D8%A7%D9%83%D8%B3%D9%8A%D9%84-%D8%A7%D9%88-%D8%A7%D9%84%D9%88%D8%B1%D8%AF
403 Forbidden,Non trouvé,Non trouvé,Non trouvé,Aucun avis,Inconnu,Inconnu,Aucun tag,https://khamsat.com/data/data-processing/3860557-%D9%85%D8%AA%D8%AE%D8%B5%D8%B5-%D8%A7%D8%B3%D8%AA%D8%AE%D8%B1%D8%A7%D8%AC-%D9%88%D8%AA%D8%AD%D9%84%D9%8A%D9%84-%D8%A7%D9%84%D8%A8%D9%8A%D8%A7%D9%86%D8%A7%D8%AA-%D9%88%D8%AA%D9%85%D8%AB%D9%8A%D9%84%D9%87%D8%A7-%D8%A8%D8%B5%D8%B1%D9%8A%D8%A7
403 Forbidden,Non trouvé,Non trouvé,Non trouvé,Aucun avis,Inconnu,Inconnu,Aucun tag,https://khamsat.com/data/data-analytics/3196536-%D8%AA%D8%AD%D9%84%D9%8A%D9%84-%D8%A7%D9%84%D8%A8%D9%8A%D8%A7%D9%86%D8%A7%D8%AA-%D8%A8%D8%A5%D8%B3%D8%AA%D8%AE%D8%AF%D8%A7%D9%85-%D8%A8%D8%A7%D9%8A%D8%AB%D9%88%D9%86
403 Forbidden,Non trouvé,Non trouvé,Non trouvé,Aucun avis,Inconnu,Inconnu,Aucun tag,https://khamsat.com/data/data-dashboards/3659115-%D8%AA%D8%B5%D9%85%D9%8A%D9%85-%D9%84%D9%88%D8%AD%D8%A7%D8%AA-%D8%AA%D8%AD%D9%83%D9%85-%D8%A7%D8%AD%D8%AA%D8%B1%D8%A7%D9%81%D9%8A%D8%A9-dashboards-%D9%81%D9%8A-excel
403 Forbidden,Non trouvé,Non trouvé,Non trouvé,Aucun avis,Inconnu,Inconnu,Aucun tag,https://khamsat.com/data/data-entry/1476329-%D8%A5%D9%86%D8%B4%D8%A7%D8%A1-%D9%88-%D8%AA%D8%B5%D9%85%D9%8A%D9%85-%D8%A3%D9%83%D8%B3%D9%84-%D9%88-%D8%A5%D8%AF%D8%AE%D8%A7%D9%84-%D8%A8%D9%8A%D8%A7%D9%86%D8%A7%D8%AA
403 Forbidden,Non trouvé,Non trouvé,Non trouvé,Aucun avis,Inconnu,Inconnu,Aucun tag,https://khamsat.com/data/data-processing/3198875-data-preprocessing-%D9%85%D8%B9%D8%A7%D9%84%D8%AC%D8%A9-%D8%A7%D9%84%D8%A8%D9%8A%D8%A7%D9%86%D8%A7%D8%AA-%D9%88%D8%AA%D9%86%D8%B8%D9%8A%D9%81%D9%87%D8%A7
403 Forbidden,Non trouvé,Non trouvé,Non trouvé,Aucun avis,Inconnu,Inconnu,Aucun tag,https://khamsat.com/data/data-analytics/3095994-%D8%AA%D8%AD%D9%84%D9%8A%D9%84-%D8%A8%D9%8A%D8%A7%D9%86%D8%A7%D8%AA-%D8%A8%D8%A7%D8%B3%D8%AA%D8%AE%D8%AF%D8%A7%D9%85-power-bi-and-excel
403 Forbidden,Non trouvé,Non trouvé,Non trouvé,Aucun avis,Inconnu,Inconnu,Aucun tag,https://khamsat.com/data/data-dashboards/3471173-%D8%AA%D8%AD%D9%84%D9%8A%D9%84-%D8%A7%D9%84%D8%A8%D9%8A%D8%A7%D9%86%D8%A7%D8%AA-%D9%88%D8%B9%D9%85%D9%84-%D9%84%D9%88%D8%AD%D8%A9-%D8%AA%D8%AD%D9%83%D9%85-%D8%A7%D8%AD%D8%AA%D8%B1%D8%A7%D9%81%D9%8A%D8%A9-dashboard-power-bi
403 Forbidden,Non trouvé,Non trouvé,Non trouvé,Aucun avis,Inconnu,Inconnu,Aucun tag,https://khamsat.com/data/data-processing/3806189-%D8%AA%D9%86%D8%B8%D9%8A%D9%81-%D9%88-%D9%85%D8%B9%D8%A7%D9%84%D8%AC%D8%A9-%D8%A7%D9%84%D8%A8%D9%8A%D8%A7%D9%86%D8%A7%D8%AA-data-cleaning-processing
403 Forbidden,Non trouvé,Non trouvé,Non trouvé,Aucun avis,Inconnu,Inconnu,Aucun tag,https://khamsat.com/data/data-entry/3544697-%D8%AA%D9%81%D8%B1%D9%8A%D8%BA-%D8%A5%D8%AD%D8%AA%D8%B1%D8%A7%D9%81%D9%8A-%D9%84%D9%84%D9%86%D8%B5%D9%88%D8%B5-%D9%81%D9%8A-%D8%A7%D9%84%D9%85%D9%82%D8%A7%D8%B7%D8%B9-%D8%A7%D9%84%D8%B5%D9%88%D8%AA%D9%8A%D8%A9-%D9%88%D8%A7%D9%84%D9%85%D8%B1%D8%A6%D9%8A%D8%A9-%D9%88%D8%A7%D9%84%D9%85%D9%84%D9%81%D8%A7%D8%AA
403 Forbidden,Non trouvé,Non trouvé,Non trouvé,Aucun avis,Inconnu,Inconnu,Aucun tag,https://khamsat.com/data/data-analytics/3146807-%D8%AA%D8%AD%D9%84%D9%8A%D9%84-%D8%A8%D9%8A%D8%A7%D9%86%D8%A7%D8%AA%D9%83-%D9%81%D9%8A-excel-%D9%88%D8%AA%D8%AD%D9%88%D9%8A%D9%84%D9%87%D8%A7-%D8%A5%D9%84%D9%89-%D8%AA%D9%82%D8%A7%D8%B1%D9%8A%D8%B1-%D9%88%D8%AF%D8%A7%D8%B4%D8%A8%D9%88%D8%B1%D8%AF-%D8%A7%D8%AD%D8%AA%D8%B1%D8%A7%D9%81%D9%8A%D8%A9
403 Forbidden,Non trouvé,Non trouvé,Non trouvé,Aucun avis,Inconnu,Inconnu,Aucun tag,https://khamsat.com/data/data-dashboards/3826451-%D8%A7%D9%86%D8%B4%D8%A7%D8%A1-%D8%AF%D8%A7%D8%B4-%D8%A8%D9%88%D8%B1%D8%AF-%D8%AA%D9%81%D8%A7%D8%B9%D9%84%D9%8A-%D8%A8%D8%A7%D8%B3%D8%AA%D8%AE%D8%AF%D8%A7%D9%85-power-bi
403 Forbidden,Non trouvé,Non trouvé,Non trouvé,Aucun avis,Inconnu,Inconnu,Aucun tag,https://khamsat.com/data/data-processing/3373106-%D9%82%D8%A7%D9%84%D8%A8-%D8%A7%D9%83%D8%B3%D9%8A%D9%84-%D9%84%D8%A5%D8%AF%D8%A7%D8%B1%D8%A9-%D8%A7%D9%84%D8%AF%D9%88%D8%B1%D9%8A%D8%A7%D8%AA-%D9%88%D8%A7%D9%84%D8%A8%D8%B7%D9%88%D9%84%D8%A7%D8%AA-%D8%A7%D9%84%D8%B1%D9%8A%D8%A7%D8%B6%D9%8A%D8%A9
403 Forbidden,Non trouvé,Non trouvé,Non trouvé,Aucun avis,Inconnu,Inconnu,Aucun tag,https://khamsat.com/data/data-entry/3722606-%D8%A5%D8%AF%D8%AE%D8%A7%D9%84-%D9%88%D8%AA%D9%86%D8%B3%D9%8A%D9%82-%D8%A8%D9%8A%D9%86%D8%A7%D8%AA-%D9%81%D9%8A-%D9%85%D9%84%D9%81-%D8%A5%D9%83%D8%B3%D9%84
403 Forbidden,Non trouvé,Non trouvé,Non trouvé,Aucun avis,Inconnu,Inconnu,Aucun tag,https://khamsat.com/data/data-analytics/3227973-%D8%AA%D8%AD%D9%84%D9%8A%D9%84-%D8%A7%D9%84%D8%A8%D9%8A%D8%A7%D9%86%D8%A7%D8%AA-%D9%88%D8%A5%D9%86%D8%B4%D8%A7%D8%A1-%D8%AA%D9%82%D8%A7%D8%B1%D9%8A%D8%B1-%D8%AA%D9%81%D8%A7%D8%B9%D9%84%D9%8A%D8%A9-%D8%A8%D8%A7%D8%B3%D8%AA%D8%AE%D8%AF%D8%A7%D9%85-tableau
403 Forbidden,Non trouvé,Non trouvé,Non trouvé,Aucun avis,Inconnu,Inconnu,Aucun tag,https://khamsat.com/data/data-dashboards/3280565-%D8%AF%D8%A7%D8%B4-%D8%A8%D9%88%D8%B1%D8%AF-dashboard-%D9%84%D9%88%D8%AD%D8%A7%D8%AA-%D8%AA%D9%81%D8%A7%D8%B9%D9%84%D9%8A%D8%A9-%D8%B9%D9%84%D9%89-%D8%A8%D8%B1%D9%86%D8%A7%D9%85%D8%AC-power-bi
403 Forbidden,Non trouvé,Non trouvé,Non trouvé,Aucun avis,Inconnu,Inconnu,Aucun tag,https://khamsat.com/data/data-entry/2988949-%D8%A5%D8%AF%D8%AE%D8%A7%D9%84-%D8%A8%D9%8A%D8%A7%D9%86%D8%A7%D8%AA-%D8%A8%D8%A7%D8%B3%D8%AA%D8%AE%D8%AF%D8%A7%D9%85-%D8%A7%D9%84%D8%A7%D9%83%D8%B3%D9%84-excel
403 Forbidden,Non trouvé,Non trouvé,Non trouvé,Aucun avis,Inconnu,Inconnu,Aucun tag,https://khamsat.com/data/data-processing/3676309-%D8%AA%D9%86%D8%B8%D9%8A%D9%81-%D8%A7%D9%84%D8%A8%D9%8A%D8%A7%D9%86%D8%A7%D8%AA-data-cleaning-preprocessing
403 Forbidden,Non trouvé,Non trouvé,Non trouvé,Aucun avis,Inconnu,Inconnu,Aucun tag,https://khamsat.com/data/data-analytics/3863721-%D8%AA%D8%AD%D9%84%D9%8A%D9%84-%D8%A8%D9%8A%D8%A7%D9%86%D8%A7%D8%AA-%D8%AA%D8%AD%D9%84%D9%8A%D9%84-%D9%88%D8%A7%D8%B3%D8%AA%D9%83%D8%B4%D8%A7%D9%81-%D8%A8%D9%8A%D8%A7%D9%86%D8%A7%D8%AA
403 Forbidden,Non trouvé,Non trouvé,Non trouvé,Aucun avis,Inconnu,Inconnu,Aucun tag,https://khamsat.com/data/data-dashboards/3796591-%D8%AA%D8%B5%D9%85%D9%8A%D9%85-%D8%AF%D8%A7%D8%B4%D8%A8%D9%88%D8%B1%D8%AF-%D8%A7%D8%AD%D8%AA%D8%B1%D8%A7%D9%81%D9%8A-%D8%B9%D9%84%D9%89-power-bi-%D9%84%D8%AA%D8%AD%D9%84%D9%8A%D9%84-%D8%A8%D9%8A%D8%A7%D9%86%D8%A7%D8%AA%D9%83
403 Forbidden,Non trouvé,Non trouvé,Non trouvé,Aucun avis,Inconnu,Inconnu,Aucun tag,https://khamsat.com/data/data-processing/1005430-%D8%AA%D8%B5%D9%85%D9%8A%D9%85-%D8%A8%D8%B1%D8%A7%D9%85%D8%AC-%D8%AD%D8%B3%D8%A7%D8%A8%D8%A7%D8%AA-%D8%AA%D8%AC%D8%A7%D8%B1%D9%8A%D8%A9-%D9%88%D9%85%D8%A7%D9%84%D9%8A%D8%A9-%D8%B9%D9%84%D9%8A-excel
403 Forbidden,Non trouvé,Non trouvé,Non trouvé,Aucun avis,Inconnu,Inconnu,Aucun tag,https://khamsat.com/data/data-entry/2441752-%D8%AE%D8%AF%D9%85%D8%A9-%D8%A7%D8%AF%D8%AE%D8%A7%D9%84-%D8%A8%D9%8A%D8%A7%D9%86%D8%A7%D8%AA-%D9%84%D9%85%D9%84%D9%81%D8%A7%D8%AA-%D8%A7%D9%83%D8%B3%D9%84
403 Forbidden,Non trouvé,Non trouvé,Non trouvé,Aucun avis,Inconnu,Inconnu,Aucun tag,https://khamsat.com/data/data-analytics/2547741-%D8%AA%D8%AD%D9%84%D9%8A%D9%84-%D8%A5%D8%AD%D8%B5%D8%A7%D8%A6%D9%8A-%D8%A8%D8%A7%D8%B3%D8%AA%D8%AE%D8%AF%D8%A7%D9%85-%D8%A8%D8%B1%D9%86%D8%A7%D9%85%D8%AC-spss-%D8%A8%D8%A7%D8%AD%D8%AA%D8%B1%D8%A7%D9%81%D9%8A%D8%A9
403 Forbidden,Non trouvé,Non trouvé,Non trouvé,Aucun avis,Inconnu,Inconnu,Aucun tag,https://khamsat.com/data/data-dashboards/3742967-%D8%AA%D8%B5%D9%85%D9%8A%D9%85-%D8%AF%D8%A7%D8%B4%D8%A8%D9%88%D8%B1%D8%AF-%D8%A7%D8%AD%D8%AA%D8%B1%D8%A7%D9%81%D9%8A%D8%A9-%D8%AA%D9%81%D8%A7%D8%B9%D9%84%D9%8A%D8%A9-%D8%A8%D8%A7%D9%84-excel
403 Forbidden,Non trouvé,Non trouvé,Non trouvé,Aucun avis,Inconnu,Inconnu,Aucun tag,https://khamsat.com/data/data-entry/3007763-%D9%83%D8%AA%D8%A7%D8%A8%D8%A9-%D9%88%D8%A7%D8%AF%D8%AE%D8%A7%D9%84-%D9%88-%D8%AA%D9%86%D8%B3%D9%8A%D9%82-%D8%A8%D9%8A%D8%A7%D9%86%D8%A7%D8%AA-%D9%84%D9%89-%D9%85%D9%84%D9%81-%D8%A7%D9%84%D8%A7%D9%8A%D9%83%D8%B3%D9%8A%D9%84
403 Forbidden,Non trouvé,Non trouvé,Non trouvé,Aucun avis,Inconnu,Inconnu,Aucun tag,https://khamsat.com/data/data-processing/3474882-%D8%AA%D9%86%D8%B3%D9%8A%D9%82-%D9%88-%D8%A7%D8%B9%D8%AF%D8%A7%D8%AF-%D8%A7%D9%84%D8%AA%D9%82%D8%A7%D8%B1%D9%8A%D8%B1-%D9%85%D9%86-%D8%B4%D9%8A%D8%AA%D8%A7%D8%AA-excel
403 Forbidden,Non trouvé,Non trouvé,Non trouvé,Aucun avis,Inconnu,Inconnu,Aucun tag,https://khamsat.com/data/data-analytics/3749767-%D8%AA%D8%AD%D9%84%D9%8A%D9%84-%D8%A7%D9%84%D8%A8%D9%8A%D8%A7%D9%86%D8%A7%D8%AA-%D8%A8%D8%A7%D8%B3%D8%AA%D8%AE%D8%AF%D8%A7%D9%85-excel-and-google-sheet
403 Forbidden,Non trouvé,Non trouvé,Non trouvé,Aucun avis,Inconnu,Inconnu,Aucun tag,https://khamsat.com/data/data-dashboards/3700860-%D8%AA%D8%B5%D9%85%D9%8A%D9%85-%D9%84%D9%88%D8%AD%D8%A7%D8%AA-%D9%85%D8%B9%D9%84%D9%88%D9%85%D8%A7%D8%AA-power-bi-%D8%AA%D9%81%D8%A7%D8%B9%D9%84%D9%8A%D8%A9-%D9%88%D8%AA%D8%AD%D9%84%D9%8A%D9%84-kpis
403 Forbidden,Non trouvé,Non trouvé,Non trouvé,Aucun avis,Inconnu,Inconnu,Aucun tag,https://khamsat.com/data/data-processing/3751162-%D8%A7%D9%86%D8%B4%D8%A7%D8%A1-%D9%85%D9%84%D9%81-%D8%A7%D9%83%D8%B3%D9%84-%D8%A7%D8%AD%D8%AA%D8%B1%D8%A7%D9%81%D9%8A-%D9%84%D8%AA%D9%86%D9%81%D9%8A%D8%B0-%D9%85%D9%87%D8%A7%D9%85-%D8%B9%D9%85%D9%84%D9%83-%D8%A8%D8%B4%D9%83%D9%84-%D8%AA%D9%84%D9%82%D8%A7%D8%A6%D9%8A-excel
403 Forbidden,Non trouvé,Non trouvé,Non trouvé,Aucun avis,Inconnu,Inconnu,Aucun tag,https://khamsat.com/data/data-entry/881094-%D8%AA%D8%B5%D9%85%D9%8A%D9%85-%D9%88%D8%AA%D9%81%D8%B1%D9%8A%D8%BA-%D9%88%D9%85%D8%B9%D8%A7%D8%AF%D9%84%D8%A7%D8%AA-%D8%B4%D9%8A%D8%AA%D8%A7%D8%AA-%D8%A3%D9%83%D8%B3%D9%84-%D8%A8%D8%B9%D8%AF%D8%AF-3-%D8%B5%D9%81%D8%AD%D8%A7%D8%AA
403 Forbidden,Non trouvé,Non trouvé,Non trouvé,Aucun avis,Inconnu,Inconnu,Aucun tag,https://khamsat.com/data/data-analytics/1491599-%D8%AA%D9%82%D8%B1%D9%8A%D8%B1-%D8%AA%D9%81%D8%A7%D8%B9%D9%84%D9%8A-%D9%85%D8%AD%D8%AA%D8%B1%D9%81-%D8%A8%D8%A7%D8%B3%D8%AA%D8%AE%D8%AF%D8%A7%D9%85-power-bi
403 Forbidden,Non trouvé,Non trouvé,Non trouvé,Aucun avis,Inconnu,Inconnu,Aucun tag,https://khamsat.com/data/data-dashboards/3667400-%D8%AA%D8%B5%D9%85%D9%8A%D9%85-%D9%84%D9%88%D8%AD%D8%A7%D8%AA-%D8%AA%D8%AD%D9%83%D9%85-%D8%AA%D9%81%D8%A7%D8%B9%D9%84%D9%8A%D8%A9-%D9%84%D8%AA%D8%AD%D9%84%D9%8A%D9%84-%D8%A8%D9%8A%D8%A7%D9%86%D8%A7%D8%AA-%D8%A7%D9%84%D9%85%D9%88%D8%B8%D9%81%D9%8A%D9%86-%D9%88%D8%A7%D9%84%D9%85%D8%B4%D8%A7%D8%B1%D9%8A%D8%B9
403 Forbidden,Non trouvé,Non trouvé,Non trouvé,Aucun avis,Inconnu,Inconnu,Aucun tag,https://khamsat.com/data/data-processing/3475284-%D8%A7%D9%86%D8%B4%D8%A7%D8%A1-%D8%B4%D9%8A%D8%AA-%D8%A7%D9%83%D8%B3%D9%8A%D9%84-%D9%84%D8%AA%D9%83%D9%88%D9%8A%D8%AF-%D8%A7%D9%84%D9%85%D9%86%D8%AA%D8%AC%D8%A7%D8%AA
403 Forbidden,Non trouvé,Non trouvé,Non trouvé,Aucun avis,Inconnu,Inconnu,Aucun tag,https://khamsat.com/data/data-entry/1243478-%D9%83%D8%AA%D8%A7%D8%A8%D8%A9-%D9%88%D8%AA%D9%86%D8%B3%D9%8A%D9%82-%D8%B9%D9%84%D9%89-%D8%A8%D8%B1%D9%86%D8%A7%D9%85%D8%AC-word-%D9%83%D9%84-10-%D8%B5%D9%81%D8%AD%D8%A7%D8%AA-%D8%A8-5-%D8%AF%D9%88%D9%84%D8%A7%D8%B1
403 Forbidden,Non trouvé,Non trouvé,Non trouvé,Aucun avis,Inconnu,Inconnu,Aucun tag,https://khamsat.com/data/data-analytics/3131507-%D8%AA%D9%86%D8%B8%D9%8A%D9%81-%D9%88%D8%AA%D8%AD%D8%B6%D9%8A%D8%B1-%D8%A7%D9%84%D8%A8%D9%8A%D8%A7%D9%86%D8%A7%D8%AA-%D8%A8%D8%AF%D9%82%D8%A9-%D9%88%D8%A7%D8%AD%D8%AA%D8%B1%D8%A7%D9%81%D9%8A%D8%A9-%D9%84%D8%AA%D8%AD%D9%84%D9%8A%D9%84-%D8%A3%D9%81%D8%B6%D9%84
403 Forbidden,Non trouvé,Non trouvé,Non trouvé,Aucun avis,Inconnu,Inconnu,Aucun tag,https://khamsat.com/data/data-dashboards/3860686-%D8%A5%D9%86%D8%B4%D8%A7%D8%A1-dashboard-%D8%AA%D9%81%D8%A7%D8%B9%D9%84%D9%8A%D8%A9-%D9%84%D8%A8%D9%8A%D8%A7%D9%86%D8%A7%D8%AA-%D8%A7%D9%84%D9%85%D8%A8%D9%8A%D8%B9%D8%A7%D8%AA-%D8%A3%D9%88-%D8%A7%D9%84%D8%A3%D8%AF%D8%A7%D8%A1-%D8%A8%D8%A7%D8%B3%D8%AA%D8%AE%D8%AF%D8%A7%D9%85
403 Forbidden,Non trouvé,Non trouvé,Non trouvé,Aucun avis,Inconnu,Inconnu,Aucun tag,https://khamsat.com/data/data-processing/3778954-%D8%AA%D9%86%D8%B8%D9%8A%D9%81-%D9%88%D9%85%D8%B9%D8%A7%D9%84%D8%AC%D8%A9-%D8%A7%D9%84%D8%A8%D9%8A%D8%A7%D9%86%D8%A7%D8%AA-data-cleaning-and-preprocessing
403 Forbidden,Non trouvé,Non trouvé,Non trouvé,Aucun avis,Inconnu,Inconnu,Aucun tag,https://khamsat.com/data/data-analytics/3036958-%D8%AA%D8%AD%D9%84%D9%8A%D9%84-%D8%A7%D9%84%D8%A8%D9%8A%D8%A7%D9%86%D8%A7%D8%AA-%D9%88-%D9%85%D8%B9%D8%A7%D9%84%D8%AC%D8%AA%D9%87%D8%A7-data-analysis
403 Forbidden,Non trouvé,Non trouvé,Non trouvé,Aucun avis,Inconnu,Inconnu,Aucun tag,https://khamsat.com/data/data-entry/738801-%D8%A5%D8%AF%D8%AE%D8%A7%D9%84-%D8%A8%D9%8A%D8%A7%D9%86%D8%A7%D8%AA-%D8%A8%D8%A5%D8%AD%D8%AA%D8%B1%D8%A7%D9%81%D9%8A%D8%A9-%D8%A8%D9%83%D9%84%D8%A7-%D8%A7%D9%84%D9%84%D8%BA%D8%AA%D9%8A%D9%86-%D8%A8%D9%83%D8%A7%D9%81%D8%A9-%D8%A7%D9%84%D9%85%D9%86%D8%B5%D8%A7%D8%AA-%D8%A7%D9%84%D9%85%D8%AE%D8%AA%D9%84%D9%81%D8%A9
403 Forbidden,Non trouvé,Non trouvé,Non trouvé,Aucun avis,Inconnu,Inconnu,Aucun tag,https://khamsat.com/data/data-dashboards/3005934-%D8%AF%D8%A7%D8%B4-%D8%A8%D9%88%D8%B1%D8%AF-dashboard-%D9%84%D9%88%D8%AD%D8%A7%D8%AA-%D8%AA%D9%81%D8%A7%D8%B9%D9%84%D9%8A%D8%A9-%D8%A8%D8%A7%D8%B3%D8%AA%D8%AE%D8%AF%D8%A7%D9%85-power-bi
403 Forbidden,Non trouvé,Non trouvé,Non trouvé,Aucun avis,Inconnu,Inconnu,Aucun tag,https://khamsat.com/data/data-processing/3751115-%D8%AA%D9%86%D8%B8%D9%8A%D9%81-%D8%A7%D9%84%D8%A8%D9%8A%D8%A7%D9%86%D8%A7%D8%AA-%D9%88%D8%B9%D8%B1%D8%B6%D9%87%D8%A7-%D8%A8%D8%A7%D8%B3%D8%AA%D8%AE%D8%AF%D8%A7%D9%85-%D8%A8%D8%A7%D9%8A%D8%AB%D9%88%D9%86
403 Forbidden,Non trouvé,Non trouvé,Non trouvé,Aucun avis,Inconnu,Inconnu,Aucun tag,https://khamsat.com/data/data-entry/2909215-%D8%AA%D9%81%D8%B1%D9%8A%D8%BA-%D8%A8%D9%8A%D8%A7%D9%86%D8%A7%D8%AA-%D8%B9%D9%84%D9%89-%D8%A8%D8%B1%D9%86%D8%A7%D9%85%D8%AC-excel
403 Forbidden,Non trouvé,Non trouvé,Non trouvé,Aucun avis,Inconnu,Inconnu,Aucun tag,https://khamsat.com/data/data-dashboards/3747439-%D8%AE%D8%A8%D9%8A%D8%B1-excel-%D9%88-power-bi-%D9%84%D8%AA%D8%AD%D9%88%D9%8A%D9%84-%D8%A8%D9%8A%D8%A7%D9%86%D8%A7%D8%AA%D9%83-%D9%84%D8%AF%D8%A7%D8%B4%D8%A8%D9%88%D8%B1%D8%AF-%D8%A7%D8%AD%D8%AA%D8%B1%D8%A7%D9%81%D9%8A%D8%A9
403 Forbidden,Non trouvé,Non trouvé,Non trouvé,Aucun avis,Inconnu,Inconnu,Aucun tag,https://khamsat.com/data/data-analytics/2796507-%D8%AA%D9%86%D8%B8%D9%8A%D9%85-%D9%88%D8%AA%D8%AD%D9%84%D9%8A%D9%84-%D8%A7%D9%84%D8%A8%D9%8A%D8%A7%D9%86%D8%A7%D8%AA-%D8%A8%D8%A8%D8%B1%D8%A7%D8%B9%D8%A9-%D8%A8%D8%A7%D8%B3%D8%AA%D8%AE%D8%AF%D8%A7%D9%85-excel
403 Forbidden,Non trouvé,Non trouvé,Non trouvé,Aucun avis,Inconnu,Inconnu,Aucun tag,https://khamsat.com/data/data-processing/3279400-%D9%85%D9%84%D9%81-excel-%D9%84%D8%A7%D8%AF%D8%A7%D8%B1%D8%A9-%D8%A7%D9%84%D8%A8%D9%8A%D8%B9-%D8%A8%D8%A7%D9%84%D8%AA%D9%82%D8%B3%D9%8A%D8%B7
403 Forbidden,Non trouvé,Non trouvé,Non trouvé,Aucun avis,Inconnu,Inconnu,Aucun tag,https://khamsat.com/data/data-entry/1184028-%D8%A5%D8%B9%D8%AF%D8%A7%D8%AF-%D8%A7%D9%84%D8%AA%D9%88%D8%B2%D9%8A%D8%B9-%D8%A7%D9%84%D8%A3%D8%B3%D8%A8%D9%88%D8%B9%D9%8A-%D9%84%D9%84%D9%85%D8%A4%D8%B3%D8%B3%D8%A7%D8%AA-%D9%88%D8%A7%D9%84%D8%AB%D8%A7%D9%86%D9%88%D9%8A%D8%A7%D8%AA-%D8%A7%D9%84%D8%B9%D8%A7%D9%85%D8%A9-%D9%88-%D8%A7%D9%84%D8%AC%D8%A7%D9%85%D8%B9%D8%A7%D8%AA
403 Forbidden,Non trouvé,Non trouvé,Non trouvé,Aucun avis,Inconnu,Inconnu,Aucun tag,https://khamsat.com/data/data-analytics/3688019-%D8%AA%D8%AD%D9%84%D9%8A%D9%84-%D8%A7%D9%84%D8%A8%D9%8A%D8%A7%D9%86%D8%A7%D8%AA-%D9%82%D8%B1%D8%A7%D8%B1%D8%A7%D8%AA-%D8%A3%D8%AF%D9%82-%D8%A3%D8%B1%D8%A8%D8%A7%D8%AD-%D8%A3%D9%83%D8%A8%D8%B1
403 Forbidden,Non trouvé,Non trouvé,Non trouvé,Aucun avis,Inconnu,Inconnu,Aucun tag,https://khamsat.com/data/data-dashboards/3785895-%D8%A7%D9%86%D8%B4%D8%A7%D8%A1-dashboard-%D8%A7%D8%AD%D8%AA%D8%B1%D8%A7%D9%81%D9%8A-%D8%B9%D9%84%D9%8A-bower-bi
403 Forbidden,Non trouvé,Non trouvé,Non trouvé,Aucun avis,Inconnu,Inconnu,Aucun tag,https://khamsat.com/data/data-processing/3786904-%D8%AA%D9%86%D8%B8%D9%8A%D9%81-%D9%88%D8%A5%D8%AF%D8%AE%D8%A7%D9%84-%D8%A7%D9%84%D8%A8%D9%8A%D8%A7%D9%86%D8%A7%D8%AA-data-cleaning
403 Forbidden,Non trouvé,Non trouvé,Non trouvé,Aucun avis,Inconnu,Inconnu,Aucun tag,https://khamsat.com/data/data-entry/3855463-%D8%A5%D8%AF%D8%AE%D8%A7%D9%84-%D8%A7%D9%84%D8%A8%D9%8A%D8%A7%D9%86%D8%A7%D8%AA-%D8%A5%D9%84%D9%89-%D9%85%D9%84%D9%81-excel-%D8%A8%D8%A7%D8%AD%D8%AA%D8%B1%D8%A7%D9%81-%D9%88%D8%AA%D9%86%D8%B8%D9%8A%D9%85-%D8%AF%D9%82%D9%8A%D9%82
403 Forbidden,Non trouvé,Non trouvé,Non trouvé,Aucun avis,Inconnu,Inconnu,Aucun tag,https://khamsat.com/data/data-analytics/3681544-%D8%AA%D8%AD%D9%84%D9%8A%D9%84-%D9%88-%D8%AA%D9%86%D8%B8%D9%8A%D9%81-%D8%A7%D9%84%D8%A8%D9%8A%D8%A7%D9%86%D8%A7%D8%AA-%D8%B9%D9%86-%D8%B7%D8%B1%D9%8A%D9%82-%D8%A8%D8%A7%D9%8A%D8%AB%D9%88%D9%86-python
403 Forbidden,Non trouvé,Non trouvé,Non trouvé,Aucun avis,Inconnu,Inconnu,Aucun tag,https://khamsat.com/data/data-dashboards/3086698-%D8%A7%D8%B3%D8%AA%D8%AE%D8%AF%D8%A7%D9%85-%D8%A8%D8%B1%D9%86%D8%A7%D9%85%D8%AC-power-bi-%D9%84%D8%AA%D8%B5%D9%85%D9%8A%D9%85-dashboard-%D8%AF%D8%A7%D8%B4%D9%88%D8%B1%D8%AF-%D9%81%D8%B9%D8%A7%D9%84%D9%87
403 Forbidden,Non trouvé,Non trouvé,Non trouvé,Aucun avis,Inconnu,Inconnu,Aucun tag,https://khamsat.com/data/data-processing/3806576-%D8%AA%D8%B7%D9%88%D9%8A%D8%B1-%D9%88%D8%AA%D8%AD%D8%B3%D9%8A%D9%86-%D9%85%D8%B9%D8%A7%D8%AF%D9%84%D8%A7%D8%AA-%D8%A7%D9%84%D8%A7%D9%83%D8%B3%D9%8A%D9%84-%D9%84%D9%8A%D9%83%D9%88%D9%86-%D8%A3%D9%83%D8%AB%D8%B1-%D8%A7%D8%AD%D8%AA%D8%B1%D8%A7%D9%81%D9%8A%D8%A9-%D9%88%D9%83%D9%81%D8%A7%D8%A1%D8%A9
403 Forbidden,Non trouvé,Non trouvé,Non trouvé,Aucun avis,Inconnu,Inconnu,Aucun tag,https://khamsat.com/data/data-entry/3783975-%D8%A5%D8%AF%D8%AE%D8%A7%D9%84-%D8%A8%D9%8A%D8%A7%D9%86%D8%A7%D8%AA-%D8%A8%D8%A3%D8%B9%D9%84%D9%89-%D8%AC%D9%88%D8%AF%D8%A9-%D9%88%D8%A8%D8%A7%D9%84%D9%88%D9%82%D8%AA-%D8%A7%D9%84%D9%85%D8%AD%D8%AF%D8%AF
403 Forbidden,Non trouvé,Non trouvé,Non trouvé,Aucun avis,Inconnu,Inconnu,Aucun tag,https://khamsat.com/data/data-analytics/3811801-%D8%AA%D9%86%D8%B8%D9%8A%D9%81-%D9%88%D8%AA%D9%86%D8%B8%D9%8A%D9%85-%D8%A7%D9%84%D8%A8%D9%8A%D8%A7%D9%86%D8%A7%D8%AA-%D8%A8%D8%A7%D8%B3%D8%AA%D8%AE%D8%AF%D8%A7%D9%85-excel
403 Forbidden,Non trouvé,Non trouvé,Non trouvé,Aucun avis,Inconnu,Inconnu,Aucun tag,https://khamsat.com/data/data-dashboards/3220919-%D8%AA%D8%AD%D9%84%D9%8A%D9%84-%D8%A7%D9%84%D8%A8%D9%8A%D8%A7%D9%86%D8%A7%D8%AA-%D9%88%D8%A5%D9%86%D8%B4%D8%A7%D8%A1-%D8%AA%D9%82%D8%A7%D8%B1%D9%8A%D8%B1-%D8%AA%D9%81%D8%A7%D8%B9%D9%84%D9%8A%D8%A9-%D8%A8%D8%A7%D8%B3%D8%AA%D8%AE%D8%AF%D8%A7%D9%85-%D8%A8%D9%88%D8%B1-%D8%A8%D9%89-%D8%A7%D9%89
403 Forbidden,Non trouvé,Non trouvé,Non trouvé,Aucun avis,Inconnu,Inconnu,Aucun tag,https://khamsat.com/data/data-processing/3772879-%D9%85%D8%B9%D8%A7%D9%84%D8%AC%D8%A9-%D8%A7%D9%84%D8%A8%D9%8A%D8%A7%D9%86%D8%A7%D8%AA-%D9%88%D8%A5%D9%86%D8%B4%D8%A7%D8%A1-%D8%AA%D9%82%D8%A7%D8%B1%D9%8A%D8%B1-%D9%88%D8%B1%D8%B3%D9%88%D9%85-%D8%A8%D9%8A%D8%A7%D9%86%D9%8A%D8%A9
403 Forbidden,Non trouvé,Non trouvé,Non trouvé,Aucun avis,Inconnu,Inconnu,Aucun tag,https://khamsat.com/data/data-entry/3624890-%D8%A7%D8%AF%D8%AE%D8%A7%D9%84-%D8%A7%D9%84%D8%A8%D9%8A%D8%A7%D9%86%D8%A7%D8%AA-%D8%B9%D9%84%D9%89-%D8%A7%D9%84%D9%88%D9%88%D8%B1%D8%AF-%D9%88-%D8%A7%D9%83%D8%B3%D9%84
403 Forbidden,Non trouvé,Non trouvé,Non trouvé,Aucun avis,Inconnu,Inconnu,Aucun tag,https://khamsat.com/data/data-analytics/3631650-%D8%AA%D8%AD%D9%84%D9%8A%D9%84-%D8%A8%D9%8A%D8%A7%D9%86%D8%A7%D8%AA-%D8%A8%D8%A5%D8%B3%D8%AA%D8%AE%D8%AF%D8%A7%D9%85-%D8%A8%D8%A7%D9%8A%D8%AB%D9%88%D9%86
403 Forbidden,Non trouvé,Non trouvé,Non trouvé,Aucun avis,Inconnu,Inconnu,Aucun tag,https://khamsat.com/data/data-dashboards/3799863-%D8%AA%D8%AD%D9%84%D9%8A%D9%84-%D8%A8%D9%8A%D8%A7%D9%86%D8%A7%D8%AA%D9%83-%D9%88%D8%AA%D8%B5%D9%85%D9%8A%D9%85-dashboard-%D8%AA%D9%88%D8%B6%D8%AD-%D8%A3%D9%87%D9%85-%D9%85%D8%A4%D8%B4%D8%B1%D8%A7%D8%AA-%D8%A7%D9%84%D8%A3%D8%AF%D8%A7%D8%A1-kpis
403 Forbidden,Non trouvé,Non trouvé,Non trouvé,Aucun avis,Inconnu,Inconnu,Aucun tag,https://khamsat.com/data/data-processing/3335991-%D8%B1%D8%B3%D9%85-%D9%81%D9%84%D9%88-%D8%B4%D8%A7%D8%B1%D8%AA-%D9%88%D9%85%D8%AE%D8%B7%D8%B7%D8%A7%D8%AA-%D8%A8%D9%8A%D8%A7%D9%86%D9%8A%D8%A9-%D8%A7%D8%AD%D8%AA%D8%B1%D8%A7%D9%81%D9%8A%D8%A9
403 Forbidden,Non trouvé,Non trouvé,Non trouvé,Aucun avis,Inconnu,Inconnu,Aucun tag,https://khamsat.com/data/data-entry/3831015-%D8%A5%D8%AF%D8%AE%D8%A7%D9%84-%D8%A7%D9%84%D8%A8%D9%8A%D8%A7%D9%86%D8%A7%D8%AA-%D9%88%D8%AA%D9%86%D8%B3%D9%8A%D9%82-%D8%A7%D9%84%D9%85%D9%84%D9%81%D8%A7%D8%AA-%D8%A8%D8%A7%D8%B3%D8%AA%D8%AE%D8%AF%D8%A7%D9%85-excel-word-%D8%A8%D8%AF%D9%82%D8%A9-%D8%B9%D8%A7%D9%84%D9%8A%D8%A9
403 Forbidden,Non trouvé,Non trouvé,Non trouvé,Aucun avis,Inconnu,Inconnu,Aucun tag,https://khamsat.com/data/data-dashboards/3510735-%D8%AA%D8%B5%D9%85%D9%8A%D9%85-%D8%AF%D8%A7%D8%B4-%D8%A8%D9%88%D8%B1%D8%AF-%D8%A8%D8%A7%D9%84%D8%A7%D9%83%D8%B3%D9%8A%D9%84-%D8%A8%D8%B4%D9%83%D9%84-%D8%A7%D8%AD%D8%AA%D8%B1%D8%A7%D9%81%D9%8A
403 Forbidden,Non trouvé,Non trouvé,Non trouvé,Aucun avis,Inconnu,Inconnu,Aucun tag,https://khamsat.com/data/data-analytics/3667019-%D8%AE%D8%AF%D9%85%D8%A9-%D8%AA%D8%B5%D9%85%D9%8A%D9%85-dashboard-%D8%A7%D8%AD%D8%AA%D8%B1%D8%A7%D9%81%D9%8A%D8%A9-%D8%A8%D8%A7%D8%B3%D8%AA%D8%AE%D8%AF%D8%A7%D9%85-power-bi-%D8%A3%D9%88-excel
403 Forbidden,Non trouvé,Non trouvé,Non trouvé,Aucun avis,Inconnu,Inconnu,Aucun tag,https://khamsat.com/data/data-processing/3247562-%D9%85%D8%B9%D8%A7%D9%84%D8%AC%D8%A9-%D9%88%D8%AA%D9%86%D8%B8%D9%8A%D9%81-%D8%A8%D9%8A%D8%A7%D9%86%D8%A7%D8%AA%D9%83-%D8%A8%D8%A7%D8%AD%D8%AA%D8%B1%D8%A7%D9%81-%D8%A8%D8%A7%D8%B3%D8%AA%D8%AE%D8%AF%D8%A7%D9%85-python
403 Forbidden,Non trouvé,Non trouvé,Non trouvé,Aucun avis,Inconnu,Inconnu,Aucun tag,https://khamsat.com/data/data-entry/3862468-%D8%A5%D8%AF%D8%AE%D8%A7%D9%84-%D9%88%D8%AA%D9%86%D8%B8%D9%8A%D9%85-%D8%A7%D9%84%D8%A8%D9%8A%D8%A7%D9%86%D8%A7%D8%AA-%D8%B9%D9%84%D9%89-excel-%D8%A8%D8%A7%D8%AD%D8%AA%D8%B1%D8%A7%D9%81%D9%8A%D8%A9
403 Forbidden,Non trouvé,Non trouvé,Non trouvé,Aucun avis,Inconnu,Inconnu,Aucun tag,https://khamsat.com/data/data-analytics/3132064-%D8%A7%D9%84%D8%AA%D8%AD%D9%84%D9%8A%D9%84-%D8%A7%D9%84%D8%A5%D8%AD%D8%B5%D8%A7%D8%A6%D9%8A-%D9%84%D9%84%D8%A8%D8%AD%D9%88%D8%AB-%D8%A8%D8%A7%D8%B3%D8%AA%D8%AE%D8%AF%D8%A7%D9%85-%D8%A8%D8%B1%D9%86%D8%A7%D9%85%D8%AC-spss
403 Forbidden,Non trouvé,Non trouvé,Non trouvé,Aucun avis,Inconnu,Inconnu,Aucun tag,https://khamsat.com/data/data-dashboards/3728971-%D8%AA%D8%B5%D9%85%D9%8A%D9%85-dashboard-%D8%AA%D9%81%D8%A7%D8%B9%D9%84%D9%8A-%D9%84%D8%B9%D8%B1%D8%B6-%D9%88%D8%AA%D8%AD%D9%84%D9%8A%D9%84-%D8%A8%D9%8A%D8%A7%D9%86%D8%A7%D8%AA%D9%83-%D8%A8%D8%A7%D8%AD%D8%AA%D8%B1%D8%A7%D9%81%D9%8A%D8%A9
403 Forbidden,Non trouvé,Non trouvé,Non trouvé,Aucun avis,Inconnu,Inconnu,Aucun tag,https://khamsat.com/data/data-processing/3857049-%D8%AA%D9%86%D8%B8%D9%8A%D9%81-%D9%88%D8%AA%D8%AD%D8%B6%D9%8A%D8%B1-%D8%A8%D9%8A%D8%A7%D9%86%D8%A7%D8%AA%D9%83-data-cleaning-%D8%A8%D8%A7%D8%AD%D8%AA%D8%B1%D8%A7%D9%81-%D8%A8%D8%A7%D8%B3%D8%AA%D8%AE%D8%AF%D8%A7%D9%85-python
403 Forbidden,Non trouvé,Non trouvé,Non trouvé,Aucun avis,Inconnu,Inconnu,Aucun tag,https://khamsat.com/data/data-entry/3804375-%D8%A5%D8%AF%D8%AE%D8%A7%D9%84-%D8%A7%D9%84%D8%A8%D9%8A%D8%A7%D9%86%D8%A7%D8%AA-%D9%84%D9%85%D9%84%D9%81-%D8%A7%D9%83%D8%B3%D9%8A%D9%84-excel
403 Forbidden,Non trouvé,Non trouvé,Non trouvé,Aucun avis,Inconnu,Inconnu,Aucun tag,https://khamsat.com/data/data-analytics/3842200-%D8%A7%D9%84%D8%AA%D8%AD%D9%84%D9%8A%D9%84-%D8%A7%D9%84%D8%A7%D8%AD%D8%B5%D8%A7%D8%A6%D9%8A-%D8%A8%D8%A7%D8%B3%D8%AA%D8%AE%D8%AF%D8%A7%D9%85-%D8%A8%D8%B1%D9%86%D8%A7%D9%85%D8%AC-spss
403 Forbidden,Non trouvé,Non trouvé,Non trouvé,Aucun avis,Inconnu,Inconnu,Aucun tag,https://khamsat.com/data/data-dashboards/3797036-%D8%AA%D8%B5%D9%85%D9%8A%D9%85-%D9%84%D9%88%D8%AD%D8%A7%D8%AA-%D8%A8%D9%8A%D8%A7%D9%86%D8%A7%D8%AA-%D8%AA%D9%81%D8%A7%D8%B9%D9%84%D9%8A%D8%A9-%D8%A7%D8%AD%D8%AA%D8%B1%D8%A7%D9%81%D9%8A%D8%A9-%D8%A8%D8%A7%D8%B3%D8%AA%D8%AE%D8%AF%D8%A7%D9%85-tableau
403 Forbidden,Non trouvé,Non trouvé,Non trouvé,Aucun avis,Inconnu,Inconnu,Aucun tag,https://khamsat.com/data/data-processing/3671244-%D8%AA%D9%86%D8%B8%D9%8A%D9%81-%D9%85%D9%84%D9%81%D8%A7%D8%AA-excel-%D8%A3%D9%88-csv-%D9%85%D9%86-%D8%A7%D9%84%D8%A3%D8%AE%D8%B7%D8%A7%D8%A1-%D9%88%D8%A7%D9%84%D8%AA%D9%83%D8%B1%D8%A7%D8%B1%D8%A7%D8%AA
403 Forbidden,Non trouvé,Non trouvé,Non trouvé,Aucun avis,Inconnu,Inconnu,Aucun tag,https://khamsat.com/data/data-entry/2879060-%D8%A7%D8%AF%D8%AE%D8%A7%D9%84-%D8%A8%D9%8A%D8%A7%D9%86%D8%A7%D8%AA-%D9%81%D9%8A-%D9%88%D9%88%D8%B1%D8%AF-%D8%A7%D9%88-%D8%A7%D9%84%D8%A7%D9%83%D8%B3%D9%84-%D9%88%D8%AA%D9%86%D8%B3%D9%8A%D9%82%D9%87%D8%A7-%D9%81%D9%8A-%D8%AC%D8%AF%D8%A7%D9%88%D9%84
403 Forbidden,Non trouvé,Non trouvé,Non trouvé,Aucun avis,Inconnu,Inconnu,Aucun tag,https://khamsat.com/data/data-analytics/3809712-%D8%B9%D9%85%D9%84-%D8%AF%D8%A7%D8%B4%D8%A8%D9%88%D8%B1%D8%AF-%D8%AA%D9%81%D8%A7%D8%B9%D9%84%D9%89-interactive-dashboard-%D8%A8%D8%A5%D8%B3%D8%AA%D8%AE%D8%AF%D8%A7%D9%85-power-bi
403 Forbidden,Non trouvé,Non trouvé,Non trouvé,Aucun avis,Inconnu,Inconnu,Aucun tag,https://khamsat.com/data/data-dashboards/3617446-%D8%A8%D9%8A%D8%A7%D9%86%D8%A7%D8%AA%D9%83-%D8%A8%D8%B4%D9%83%D9%84-%D9%84%D9%85-%D8%AA%D8%B1%D9%87-%D9%85%D9%86-%D9%82%D8%A8%D9%84-%D8%AA%D8%B5%D9%85%D9%8A%D9%85-dashboard-%D8%AA%D8%A8%D9%87%D8%B1%D9%83
403 Forbidden,Non trouvé,Non trouvé,Non trouvé,Aucun avis,Inconnu,Inconnu,Aucun tag,https://khamsat.com/data/data-processing/3838156-%D8%AA%D9%82%D9%81%D9%8A%D8%B0-%D9%85%D8%B4%D8%B1%D9%88%D8%B9-%D8%AF%D8%A7%D8%AA%D8%A7-%D9%88%D9%8A%D8%B1-%D9%87%D8%A7%D9%88%D8%B3-%D9%83%D8%A7%D9%85%D9%84
403 Forbidden,Non trouvé,Non trouvé,Non trouvé,Aucun avis,Inconnu,Inconnu,Aucun tag,https://khamsat.com/data/data-entry/3838485-%D8%A5%D8%AF%D8%AE%D8%A7%D9%84-%D8%A7%D9%84%D8%A8%D9%8A%D8%A7%D9%86%D8%A7%D8%AA-%D9%88%D8%AA%D9%86%D8%B8%D9%8A%D9%85%D9%87%D8%A7-%D8%A8%D8%AF%D9%82%D8%A9-%D9%88%D8%A7%D8%AD%D8%AA%D8%B1%D8%A7%D9%81%D9%8A%D8%A9-%D8%B9%D9%84%D9%89-excel-%D8%A3%D9%88-google-s
403 Forbidden,Non trouvé,Non trouvé,Non trouvé,Aucun avis,Inconnu,Inconnu,Aucun tag,https://khamsat.com/data/data-analytics/3667018-%D8%AA%D8%B5%D9%85%D9%8A%D9%85-dashboard-%D8%AA%D9%81%D8%A7%D8%B9%D9%84%D9%8A%D8%A9-%D8%A7%D8%AD%D8%AA%D8%B1%D8%A7%D9%81%D9%8A%D8%A9-%D9%84%D8%B9%D8%B1%D8%B6-%D9%88%D8%AA%D8%AD%D9%84%D9%8A%D9%84-%D8%A8%D9%8A%D8%A7%D9%86%D8%A7%D8%AA%D9%83
403 Forbidden,Non trouvé,Non trouvé,Non trouvé,Aucun avis,Inconnu,Inconnu,Aucun tag,https://khamsat.com/data/data-dashboards/3727845-%D8%AA%D8%B5%D9%85%D9%8A%D9%85-%D8%AF%D8%A7%D8%B4%D8%A8%D9%88%D8%B1%D8%AF-%D8%A8%D8%A7%D8%B3%D8%AA%D8%AE%D8%AF%D8%A7%D9%85-%D8%A8%D8%A7%D9%88%D8%B1-%D8%A8%D9%8A-%D8%A7%D9%8A-power-bi
403 Forbidden,Non trouvé,Non trouvé,Non trouvé,Aucun avis,Inconnu,Inconnu,Aucun tag,https://khamsat.com/data/data-processing/3794602-%D8%A8%D9%86%D8%A7%D8%A1-%D8%A8%D8%A7%D9%8A%D8%A8%D9%84%D8%A7%D9%8A%D9%86-%D8%A7%D8%AD%D8%AA%D8%B1%D8%A7%D9%81%D9%8A-%D9%84%D9%85%D8%B9%D8%A7%D9%84%D8%AC%D8%A9-%D9%88%D8%AA%D8%AD%D9%88%D9%8A%D9%84-%D8%A7%D9%84%D8%A8%D9%8A%D8%A7%D9%86%D8%A7%D8%AA-etl
403 Forbidden,Non trouvé,Non trouvé,Non trouvé,Aucun avis,Inconnu,Inconnu,Aucun tag,https://khamsat.com/data/data-entry/2205701-%D8%A5%D8%AF%D8%AE%D8%A7%D9%84-%D8%A7%D9%84%D8%A8%D9%8A%D8%A7%D9%86%D8%A7%D8%AA-%D8%A5%D9%84%D9%89-%D9%85%D9%84%D9%81-%D9%88%D9%88%D8%B1%D8%AF-%D8%A3%D9%88-%D8%A7%D9%83%D8%B3%D9%8A%D9%84-%D8%A3%D9%88-%D9%85%D9%88%D9%82%D8%B9-%D8%A8%D9%83%D9%84-%D8%A7%D8%AD%D8%AA%D8%B1%D8%A7%D9%81%D9%8A%D8%A9
403 Forbidden,Non trouvé,Non trouvé,Non trouvé,Aucun avis,Inconnu,Inconnu,Aucun tag,https://khamsat.com/data/data-analytics/2798494-%D8%AE%D8%AF%D9%85%D8%A7%D8%AA-%D8%A5%D8%AD%D8%AA%D8%B1%D8%A7%D9%81%D9%8A%D8%A9-%D9%81%D9%8A-%D8%AA%D8%AD%D9%84%D9%8A%D9%84-%D9%88%D8%AA%D9%86%D8%B3%D9%8A%D9%82-%D8%A8%D9%8A%D8%A7%D9%86%D8%A7%D8%AA-%D8%A7%D9%84%D8%A5%D9%83%D8%B3%D9%8A%D9%84-excel
403 Forbidden,Non trouvé,Non trouvé,Non trouvé,Aucun avis,Inconnu,Inconnu,Aucun tag,https://khamsat.com/data/data-dashboards/3779152-%D8%A5%D9%86%D8%B4%D8%A7%D8%A1-%D8%AA%D9%82%D8%A7%D8%B1%D9%8A%D8%B1-%D9%88%D9%84%D9%88%D8%AD%D8%A7%D8%AA-%D8%A8%D8%A7%D8%B3%D8%AA%D8%AE%D8%AF%D8%A7%D9%85-power-bi
403 Forbidden,Non trouvé,Non trouvé,Non trouvé,Aucun avis,Inconnu,Inconnu,Aucun tag,https://khamsat.com/data/data-processing/2557464-%D9%85%D9%84%D9%81%D8%A7%D8%AA-%D8%A7%D9%83%D8%B3%D9%84-excel-%D8%AC%D8%A7%D9%87%D8%B2%D8%A9-%D9%84%D9%84%D8%B9%D9%85%D9%84-%D9%88%D8%A7%D9%84%D8%AA%D8%B9%D8%AF%D9%8A%D9%84
403 Forbidden,Non trouvé,Non trouvé,Non trouvé,Aucun avis,Inconnu,Inconnu,Aucun tag,https://khamsat.com/data/data-entry/3874730-%D9%85%D8%AD%D8%A7%D8%B3%D8%A8%D8%A9-%D8%A7%D9%84%D9%85%D9%82%D8%A7%D9%88%D9%84%D8%A7%D8%AA-%D9%88%D8%A5%D8%AF%D8%AE%D8%A7%D9%84-%D8%A7%D9%84%D8%A8%D9%8A%D8%A7%D9%86%D8%A7%D8%AA-%D8%A7%D9%84%D9%85%D8%A7%D9%84%D9%8A%D8%A9-%D8%A8%D8%AF%D9%82%D8%A9-%D9%88%D8%A7%D8%AD%D8%AA%D8%B1%D8%A7%D9%81%D9%8A%D8%A9
403 Forbidden,Non trouvé,Non trouvé,Non trouvé,Aucun avis,Inconnu,Inconnu,Aucun tag,https://khamsat.com/data/data-dashboards/3820006-%D8%AA%D8%B5%D9%85%D9%8A%D9%85-%D9%84%D9%88%D8%AD%D8%A7%D8%AA-%D8%A8%D9%8A%D8%A7%D9%86%D8%A7%D8%AA-%D8%AA%D9%81%D8%A7%D8%B9%D9%84%D9%8A%D9%87-dashboards-%D8%A8%D8%A3%D8%B3%D8%AA%D8%AE%D8%AF%D8%A7%D9%85-power-bi
403 Forbidden,Non trouvé,Non trouvé,Non trouvé,Aucun avis,Inconnu,Inconnu,Aucun tag,https://khamsat.com/data/data-analytics/3513121-%D8%AA%D8%AD%D9%84%D9%8A%D9%84-%D8%A8%D9%8A%D8%A7%D9%86%D8%A7%D8%AA-%D9%85%D8%AA%D9%82%D8%AF%D9%85-%D9%88%D8%A5%D9%86%D8%B4%D8%A7%D8%A1-%D8%AF%D8%A7%D8%B4%D8%A8%D9%88%D8%B1%D8%AF-%D8%AA%D9%81%D8%A7%D8%B9%D9%84%D9%8A-excel-dashboard
403 Forbidden,Non trouvé,Non trouvé,Non trouvé,Aucun avis,Inconnu,Inconnu,Aucun tag,https://khamsat.com/data/data-processing/3167765-%D8%AA%D9%86%D8%B8%D9%8A%D9%81-%D9%88%D9%85%D8%B9%D8%A7%D9%84%D8%AC%D8%A9-%D8%A7%D9%84%D8%A8%D9%8A%D8%A7%D9%86%D8%A7%D8%AA-%D8%A7%D9%84%D9%83%D8%A8%D9%8A%D8%B1%D8%A9-%D9%88%D8%A7%D9%84%D9%85%D8%AA%D9%83%D8%B1%D8%B1%D8%A9
403 Forbidden,Non trouvé,Non trouvé,Non trouvé,Aucun avis,Inconnu,Inconnu,Aucun tag,https://khamsat.com/data/data-entry/3708936-%D8%A7%D8%AF%D8%AE%D8%A7%D9%84-%D8%A8%D9%8A%D8%A7%D9%86%D8%A7%D8%AA-%D8%B9%D9%86-%D8%B7%D8%B1%D9%8A%D9%82-%D8%A8%D8%B1%D8%A7%D9%85%D8%AC-%D8%A7%D9%84%D8%A3%D9%88%D9%81%D9%8A%D8%B3
403 Forbidden,Non trouvé,Non trouvé,Non trouvé,Aucun avis,Inconnu,Inconnu,Aucun tag,https://khamsat.com/data/data-analytics/3706091-%D8%AA%D8%B5%D9%85%D9%8A%D9%85-%D8%AF%D8%A7%D8%B4%D8%A8%D9%88%D8%B1%D8%AF-%D8%AA%D9%81%D8%A7%D8%B9%D9%84%D9%8A-%D8%A7%D8%AD%D8%AA%D8%B1%D8%A7%D9%81%D9%8A-%D9%84%D8%B1%D8%A4%D9%8A%D8%A9-%D9%88%D8%A7%D8%B6%D8%AD%D8%A9-%D9%88%D8%A7%D8%AA%D8%AE%D8%A7%D8%B0-%D9%82%D8%B1%D8%A7%D8%B1%D8%A7%D8%AA-%D8%AF%D9%82%D9%8A%D9%82%D8%A9
403 Forbidden,Non trouvé,Non trouvé,Non trouvé,Aucun avis,Inconnu,Inconnu,Aucun tag,https://khamsat.com/data/data-dashboards/3756832-%D8%AA%D8%B5%D9%85%D9%8A%D9%85-dashboard-%D8%B9%D9%84%D9%89-excel
403 Forbidden,Non trouvé,Non trouvé,Non trouvé,Aucun avis,Inconnu,Inconnu,Aucun tag,https://khamsat.com/data/data-processing/3860597-%D8%AA%D9%86%D8%B8%D9%8A%D9%85-%D8%A8%D9%8A%D8%A7%D9%86%D8%A7%D8%AA%D9%83-%D9%81%D9%8A-google-sheets-%D8%A3%D9%88-excel-%D8%A8%D8%AF%D9%82%D8%A9-%D9%88%D8%B3%D8%B1%D8%B9%D8%A9-%D8%B9%D8%A7%D9%84%D9%8A%D8%A9
403 Forbidden,Non trouvé,Non trouvé,Non trouvé,Aucun avis,Inconnu,Inconnu,Aucun tag,https://khamsat.com/data/data-entry/3861028-%D8%A7%D8%AF%D8%AE%D8%A7%D9%84-%D8%A8%D9%8A%D8%A7%D9%86%D8%A7%D8%AA%D9%83-%D8%A8%D8%AF%D9%82%D8%A9-%D9%88%D8%AA%D9%86%D9%81%D9%8A%D8%B0-%D8%A7%D9%84%D9%85%D8%B7%D9%84%D9%88%D8%A8-%D8%B9%D9%84%D9%89-%D8%A7%D9%89-%D8%A8%D8%B1%D9%86%D8%A7%D9%85%D8%AC
403 Forbidden,Non trouvé,Non trouvé,Non trouvé,Aucun avis,Inconnu,Inconnu,Aucun tag,https://khamsat.com/data/data-analytics/3801353-%D8%AA%D8%AD%D9%84%D9%8A%D9%84-%D8%A8%D9%8A%D8%A7%D9%86%D8%A7%D8%AA-%D9%88%D8%A5%D9%86%D8%B4%D8%A7%D8%A1-dashboard-%D8%AA%D9%81%D8%A7%D8%B9%D9%84%D9%8A-%D8%A8%D8%A7%D8%B3%D8%AA%D8%AE%D8%AF%D8%A7%D9%85-power-bi
403 Forbidden,Non trouvé,Non trouvé,Non trouvé,Aucun avis,Inconnu,Inconnu,Aucun tag,https://khamsat.com/data/data-dashboards/3825861-%D8%AA%D8%B5%D9%85%D9%8A%D9%85-%D9%84%D9%88%D8%AD%D8%A7%D8%AA-%D8%AA%D8%AD%D9%83%D9%85-%D8%AA%D9%81%D8%A7%D8%B9%D9%84%D9%8A%D8%A9-%D8%A7%D8%AD%D8%AA%D8%B1%D8%A7%D9%81%D9%8A%D8%A9-%D8%B9%D9%84%D9%89-power-bi
403 Forbidden,Non trouvé,Non trouvé,Non trouvé,Aucun avis,Inconnu,Inconnu,Aucun tag,https://khamsat.com/data/data-processing/3808912-%D8%AA%D9%86%D8%B8%D9%8A%D9%81-%D9%88%D9%85%D8%B9%D8%A7%D9%84%D8%AC%D8%A9-%D9%85%D9%84%D9%81%D8%A7%D8%AA-excel-%D8%A3%D9%88-csv-%D8%A8%D8%A7%D8%B3%D8%AA%D8%AE%D8%AF%D8%A7%D9%85-python-pandas
403 Forbidden,Non trouvé,Non trouvé,Non trouvé,Aucun avis,Inconnu,Inconnu,Aucun tag,https://khamsat.com/data/data-entry/3864724-%D8%B3%D8%A3%D9%82%D9%88%D9%85-%D8%A8%D8%AA%D8%B1%D8%AA%D9%8A%D8%A8-%D9%88%D8%AA%D9%86%D8%B8%D9%8A%D9%85-%D8%A8%D9%8A%D8%A7%D9%86%D8%A7%D8%AA%D9%83-%D9%81%D9%8A-%D8%AC%D8%AF%D9%88%D9%84-%D9%88%D8%A7%D8%B6%D8%AD-%D9%88%D8%A7%D8%AD%D8%AA%D8%B1%D8%A7%D9%81%D9%8A-%D9%85%D8%B9-%D8%AA%D9%86%D8%B3%D9%8A%D9%82
403 Forbidden,Non trouvé,Non trouvé,Non trouvé,Aucun avis,Inconnu,Inconnu,Aucun tag,https://khamsat.com/data/data-analytics/3834162-%D8%AA%D8%AD%D9%84%D9%8A%D9%84-%D8%A8%D9%8A%D8%A7%D9%86%D8%A7%D8%AA%D9%83-%D9%88%D8%A7%D8%B3%D8%AA%D8%AE%D8%B1%D8%A7%D8%AC-%D9%85%D8%A4%D8%B4%D8%B1%D8%A7%D8%AA-%D8%A7%D9%84%D8%A3%D8%AF%D8%A7%D8%A1-kpi-%D9%88%D8%AA%D9%82%D8%AF%D9%8A%D9%85-dashboard
403 Forbidden,Non trouvé,Non trouvé,Non trouvé,Aucun avis,Inconnu,Inconnu,Aucun tag,https://khamsat.com/data/data-dashboards/3706309-%D8%AA%D8%AD%D9%84%D9%8A%D9%84-%D8%A7%D9%84%D8%A8%D9%8A%D8%A7%D9%86%D8%A7%D8%AA-%D9%88%D8%B9%D8%B1%D8%B6%D9%87%D8%A7-%D8%A8%D8%A7%D8%B3%D8%AA%D8%AE%D8%AF%D8%A7%D9%85-%D8%B1%D8%B3%D9%88%D9%85-%D8%A8%D9%8A%D8%A7%D9%86%D9%8A%D8%A9-%D8%A7%D8%AD%D8%AA%D8%B1%D8%A7%D9%81%D9%8A%D8%A9
403 Forbidden,Non trouvé,Non trouvé,Non trouvé,Aucun avis,Inconnu,Inconnu,Aucun tag,https://khamsat.com/data/data-processing/3733023-%D8%AA%D9%86%D8%B8%D9%8A%D9%81-%D8%A7%D9%84%D8%A8%D9%8A%D8%A7%D9%86%D8%A7%D8%AA-%D9%88%D8%B9%D9%85%D9%84-%D8%AA%D8%B5%D9%88%D8%B1%D8%A7%D8%AA-%D8%A8%D9%8A%D8%A7%D9%86%D9%8A%D8%A9-%D8%A8%D8%A8%D8%A7%D9%8A%D8%AB%D9%88%D9%86
403 Forbidden,Non trouvé,Non trouvé,Non trouvé,Aucun avis,Inconnu,Inconnu,Aucun tag,https://khamsat.com/data/data-entry/3600482-%D8%A5%D8%AF%D8%AE%D8%A7%D9%84-%D8%A7%D9%84%D8%A8%D9%8A%D8%A7%D9%86%D8%A7%D8%AA-%D9%88%D8%AA%D9%86%D8%B8%D9%8A%D9%85%D9%87%D8%A7-%D8%B9%D9%84%D9%89-excel-%D9%88word-%D8%A8%D8%B3%D8%B1%D8%B9%D8%A9-%D9%88%D8%AF%D9%82%D8%A9
403 Forbidden,Non trouvé,Non trouvé,Non trouvé,Aucun avis,Inconnu,Inconnu,Aucun tag,https://khamsat.com/data/data-dashboards/1889403-%D8%A5%D9%86%D8%B4%D8%A7%D8%A1-%D9%84%D9%88%D8%AD-%D8%AA%D8%AD%D9%83%D9%85-%D9%84%D9%84%D9%85%D8%B4%D8%B1%D9%88%D8%B9%D8%A7%D8%AA-dashboards
403 Forbidden,Non trouvé,Non trouvé,Non trouvé,Aucun avis,Inconnu,Inconnu,Aucun tag,https://khamsat.com/data/data-analytics/2878510-%D8%A7%D9%84%D8%AA%D8%AD%D9%84%D9%8A%D9%84-%D8%A7%D9%84%D8%A7%D8%AD%D8%B5%D8%A7%D8%A6%D9%8A-%D9%84%D9%84%D8%B1%D8%B3%D8%A7%D8%A6%D9%84-%D8%A7%D9%84%D8%B9%D9%84%D9%85%D9%8A%D8%A9
403 Forbidden,Non trouvé,Non trouvé,Non trouvé,Aucun avis,Inconnu,Inconnu,Aucun tag,https://khamsat.com/data/data-processing/2699812-%D8%A7%D8%AF%D8%AE%D8%A7%D9%84-%D8%A8%D9%8A%D8%A7%D9%86%D8%A7%D8%AA-%D9%88%D8%B9%D9%85%D9%84-%D9%85%D8%A7%D9%83%D8%B1%D9%88-pivot-table-%D9%88%D8%A7%D9%86%D8%B4%D8%A7%D8%A1-%D8%A7%D8%B2%D8%B1%D8%A7%D8%B1-%D9%81%D9%8A-%D8%A7%D9%84%D8%A7%D9%83%D8%B3%D9%84
403 Forbidden,Non trouvé,Non trouvé,Non trouvé,Aucun avis,Inconnu,Inconnu,Aucun tag,https://khamsat.com/data/data-entry/3870663-%D8%AA%D9%81%D8%B1%D9%8A%D8%BA-%D8%A7%D9%84%D9%85%D9%84%D9%81%D8%A7%D8%AA-%D9%88%D8%AA%D9%86%D8%B8%D9%8A%D9%85-%D8%A7%D9%84%D8%A8%D9%8A%D8%A7%D9%86%D8%A7%D8%AA-%D8%B9%D9%84%D9%89-word-%D9%88-excel-%D8%A8%D8%B4%D9%83%D9%84-%D8%A7%D8%AD%D8%AA%D8%B1%D8%A7%D9%81%D9%8A
403 Forbidden,Non trouvé,Non trouvé,Non trouvé,Aucun avis,Inconnu,Inconnu,Aucun tag,https://khamsat.com/data/data-analytics/2336675-%D8%AA%D8%AD%D9%84%D9%8A%D9%84-%D8%A7%D9%84%D8%A8%D9%8A%D8%A7%D9%86%D8%A7%D8%AA-%D8%A8%D8%A7%D8%B3%D8%AA%D8%AE%D8%AF%D8%A7%D9%85-%D8%A7%D9%83%D8%B3%D9%8A%D9%84
403 Forbidden,Non trouvé,Non trouvé,Non trouvé,Aucun avis,Inconnu,Inconnu,Aucun tag,https://khamsat.com/data/data-dashboards/3746475-%D8%AA%D8%B5%D9%85%D9%8A%D9%85-%D8%AF%D8%A7%D8%B4%D8%A8%D9%88%D8%B1%D8%AF-%D8%AA%D9%81%D8%A7%D8%B9%D9%84%D9%8A-%D9%88%D8%AA%D8%AD%D9%84%D9%8A%D9%84-%D8%A8%D9%8A%D8%A7%D9%86%D8%A7%D8%AA%D9%83-%D8%A8%D8%AF%D9%82%D8%A9-%D8%A8%D8%A7%D8%B3%D8%AA%D8%AE%D8%AF%D8%A7%D9%85-excel
403 Forbidden,Non trouvé,Non trouvé,Non trouvé,Aucun avis,Inconnu,Inconnu,Aucun tag,https://khamsat.com/data/data-processing/3767752-%D8%AE%D8%AF%D9%85%D8%A9-%D8%AA%D9%86%D8%B8%D9%8A%D9%81-%D9%88%D9%85%D8%B9%D8%A7%D9%84%D8%AC%D8%A9-%D8%A7%D9%84%D8%A8%D9%8A%D8%A7%D9%86%D8%A7%D8%AA-data-cleaning-%D9%84%D9%85%D9%84%D9%81%D8%A7%D8%AA-csv-%D9%88exce
403 Forbidden,Non trouvé,Non trouvé,Non trouvé,Aucun avis,Inconnu,Inconnu,Aucun tag,https://khamsat.com/data/data-entry/3066659-%D8%A5%D8%AF%D8%AE%D8%A7%D9%84-%D8%A7%D9%84%D8%A8%D9%8A%D8%A7%D9%86%D8%A7%D8%AA-%D9%81%D9%89-%D9%85%D9%84%D9%81%D8%A7%D8%AA-%D8%A7%D9%84%D9%88%D9%88%D8%B1%D8%AF-%D9%88%D8%A7%D9%84%D8%A5%D9%83%D8%B3%D9%8A%D9%84-%D9%88%D8%A7%D9%84%D8%A8%D9%88%D8%B1%D8%A8%D9%88%D9%8A%D9%86%D8%AA%D8%B2
403 Forbidden,Non trouvé,Non trouvé,Non trouvé,Aucun avis,Inconnu,Inconnu,Aucun tag,https://khamsat.com/data/data-analytics/3660627-%D8%AA%D8%B5%D9%85%D9%8A%D9%85-%D9%88%D8%AA%D9%86%D9%81%D9%8A%D8%B0-%D9%84%D9%88%D8%AD%D8%A9-%D9%85%D8%B9%D9%84%D9%88%D9%85%D8%A7%D8%AA-%D8%AA%D9%81%D8%A7%D8%B9%D9%84%D9%8A%D8%A9-%D9%84%D8%AA%D8%AD%D9%84%D9%8A%D9%84-%D8%A7%D9%84%D9%85%D8%A8%D9%8A%D8%B9%D8%A7%D8%AA
403 Forbidden,Non trouvé,Non trouvé,Non trouvé,Aucun avis,Inconnu,Inconnu,Aucun tag,https://khamsat.com/data/data-dashboards/3800214-%D8%AA%D8%AD%D9%84%D9%8A%D9%84-%D8%A7%D9%84%D8%A8%D9%8A%D8%A7%D9%86%D8%A7%D8%AA-%D8%A8%D8%A7%D8%B3%D8%AA%D8%AE%D8%AF%D8%A7%D9%85-power-bi
403 Forbidden,Non trouvé,Non trouvé,Non trouvé,Aucun avis,Inconnu,Inconnu,Aucun tag,https://khamsat.com/data/data-processing/3811053-%D8%A5%D8%B9%D8%AF%D8%A7%D8%AF-%D9%88%D8%AA%D8%AD%D9%84%D9%8A%D9%84-%D8%A7%D9%84%D8%A8%D9%8A%D8%A7%D9%86%D8%A7%D8%AA-%D9%88%D8%AA%D9%86%D8%B8%D9%8A%D9%81%D9%87%D8%A7-%D9%84%D8%A5%D8%B9%D8%AF%D8%A7%D8%AF-%D8%AA%D9%82%D8%A7%D8%B1%D9%8A%D8%B1-%D8%A7%D8%AD%D8%AA%D8%B1%D8%A7%D9%81%D9%8A%D9%87
403 Forbidden,Non trouvé,Non trouvé,Non trouvé,Aucun avis,Inconnu,Inconnu,Aucun tag,https://khamsat.com/data/data-entry/3632561-%D8%A7%D8%AF%D8%AE%D8%A7%D9%84-%D8%A7%D9%84%D8%A8%D9%8A%D8%A7%D9%86%D8%A7%D8%AA-%D9%88%D8%AA%D9%86%D8%B3%D9%8A%D9%82%D9%87%D8%A7-%D9%81%D9%8A-%D9%85%D9%84%D9%81%D8%A7%D8%AA-word-%D9%88-excel-%D8%A8%D8%B3%D8%B1%D8%B9%D8%A9-%D9%88%D8%A7%D8%AD%D8%AA%D8%B1%D8%A7%D9%81%D9%8A
403 Forbidden,Non trouvé,Non trouvé,Non trouvé,Aucun avis,Inconnu,Inconnu,Aucun tag,https://khamsat.com/data/data-analytics/3196028-%D8%AA%D8%B5%D9%85%D9%8A%D9%85-dashboard-%D8%A7%D8%AD%D8%AA%D8%B1%D8%A7%D9%81%D9%8A%D8%A9-%D9%81%D9%8A-excel-%D8%A3%D9%88-power-bi
403 Forbidden,Non trouvé,Non trouvé,Non trouvé,Aucun avis,Inconnu,Inconnu,Aucun tag,https://khamsat.com/data/data-dashboards/3724322-%D8%AA%D8%B5%D9%85%D9%8A%D9%85%D9%85-%D8%AF%D8%A7%D8%B4%D8%A8%D9%88%D8%B1%D8%AF-%D8%AA%D9%81%D8%A7%D8%B9%D9%84%D9%8A-%D8%A3%D8%AD%D8%AA%D8%B1%D8%A7%D9%81%D9%8A-%D8%A8%D8%A5%D8%B3%D8%AA%D8%AE%D8%AF%D8%A7%D9%85-microsoft-power-bi
403 Forbidden,Non trouvé,Non trouvé,Non trouvé,Aucun avis,Inconnu,Inconnu,Aucun tag,https://khamsat.com/data/data-processing/1958504-%D8%AA%D8%B9%D9%84%D9%85-vlookup-%D9%81%D9%8A-%D8%A8%D8%B1%D9%86%D8%A7%D9%85%D8%AC-%D8%A7%D9%84%D8%A7%D9%83%D8%B3%D9%84
403 Forbidden,Non trouvé,Non trouvé,Non trouvé,Aucun avis,Inconnu,Inconnu,Aucun tag,https://khamsat.com/data/data-entry/3362443-%D8%A7%D8%AF%D8%AE%D8%A7%D9%84-%D8%A8%D9%8A%D8%A7%D9%86%D8%A7%D8%AA-excelword-system
403 Forbidden,Non trouvé,Non trouvé,Non trouvé,Aucun avis,Inconnu,Inconnu,Aucun tag,https://khamsat.com/data/data-analytics/3818526-%D8%AA%D8%AD%D9%84%D9%8A%D9%84-%D8%A8%D9%8A%D8%A7%D9%86%D8%A7%D8%AA-%D8%A7%D8%AD%D8%AA%D8%B1%D8%A7%D9%81%D9%8A-%D8%A8%D8%A7%D8%B3%D8%AA%D8%AE%D8%AF%D8%A7%D9%85-excel
403 Forbidden,Non trouvé,Non trouvé,Non trouvé,Aucun avis,Inconnu,Inconnu,Aucun tag,https://khamsat.com/data/data-dashboards/3785674-%D8%A5%D9%86%D8%B4%D8%A7%D8%A1-dashboard-%D9%88%D8%AA%D9%82%D8%A7%D8%B1%D9%8A%D8%B1-%D8%A7%D8%AD%D8%AA%D8%B1%D8%A7%D9%81%D9%8A%D8%A9-%D8%B9%D8%A8%D8%B1-excel-%D9%88power-bi
403 Forbidden,Non trouvé,Non trouvé,Non trouvé,Aucun avis,Inconnu,Inconnu,Aucun tag,https://khamsat.com/data/data-processing/3651512-%D8%A5%D8%AF%D8%AE%D8%A7%D9%84-%D9%88%D8%A7%D8%B3%D8%AA%D8%AE%D8%B1%D8%A7%D8%AC-%D8%A7%D9%84%D8%A8%D9%8A%D8%A7%D9%86%D8%A7%D8%AA-%D8%B9%D9%84%D9%89-%D8%A8%D8%B1%D9%86%D8%A7%D9%85%D8%AC-%D8%A7%D9%84%D8%A7%D9%83%D8%B3%D9%8A%D9%84
403 Forbidden,Non trouvé,Non trouvé,Non trouvé,Aucun avis,Inconnu,Inconnu,Aucun tag,https://khamsat.com/data/data-entry/3917581-%D8%A7%D8%AF%D8%AE%D8%A7%D9%84-%D9%88%D8%AA%D8%B1%D8%AA%D9%8A%D8%A8-%D8%A7%D9%84%D8%A8%D9%8A%D8%A7%D9%86%D8%A7%D8%AA-%D9%81%D9%8A-excel-%D8%A3%D9%88-google-sheets-%D8%A8%D8%AF%D9%82%D8%A9-%D8%B9%D8%A7%D9%84%D9%8A%D8%A9
403 Forbidden,Non trouvé,Non trouvé,Non trouvé,Aucun avis,Inconnu,Inconnu,Aucun tag,https://khamsat.com/data/data-analytics/3056907-%D8%AA%D8%AD%D9%84%D9%8A%D9%84-%D8%A7%D8%AD%D8%B5%D8%A7%D8%A6%D9%8A-%D8%A8%D8%A7%D8%B3%D8%AA%D8%AE%D8%AF%D8%A7%D9%85-e_views-spss-amos
403 Forbidden,Non trouvé,Non trouvé,Non trouvé,Aucun avis,Inconnu,Inconnu,Aucun tag,https://khamsat.com/data/data-dashboards/3008653-%D8%A7%D9%86%D8%B4%D8%A7%D8%A1-%D8%AF%D8%A7%D8%B4%D8%A8%D9%88%D8%B1%D8%AF-%D9%85%D8%AE%D8%B5%D8%B5%D8%A9-%D8%A7%D8%AD%D8%AA%D8%B1%D8%A7%D9%81%D9%8A%D8%A9-%D8%A8%D8%A7%D8%B3%D8%AA%D8%AE%D8%AF%D8%A7%D9%85-power-bi-%D8%A7%D9%88-tableau
403 Forbidden,Non trouvé,Non trouvé,Non trouvé,Aucun avis,Inconnu,Inconnu,Aucun tag,https://khamsat.com/data/data-processing/3842756-%D8%A5%D9%86%D8%B4%D8%A7%D8%A1-%D9%88%D9%85%D8%AA%D8%A7%D8%A8%D8%B9%D8%A9-%D8%A7%D9%84%D8%AC%D8%AF%D8%A7%D9%88%D9%84-%D8%A7%D9%84%D8%B2%D9%85%D9%86%D9%8A-%D9%84%D9%84%D9%85%D8%B4%D8%B1%D9%88%D8%B9%D8%A7%D8%AA-%D8%A8%D8%A7%D9%84%D8%A8%D8%B1%D8%A7%D9%85%D8%AC-%D8%A7%D9%84%D8%A7%D8%AD%D8%AA%D8%B1%D8%A7%D9%81%D9%8A%D8%A9
403 Forbidden,Non trouvé,Non trouvé,Non trouvé,Aucun avis,Inconnu,Inconnu,Aucun tag,https://khamsat.com/data/data-entry/3853278-%D8%A7%D8%AF%D8%AE%D8%A7%D9%84-%D9%88%D8%AA%D9%86%D8%B8%D9%8A%D9%85-%D8%A8%D9%8A%D8%A7%D9%86%D8%A7%D8%AA-%D8%B9%D9%84%D9%8A-%D8%A7%D9%84%D8%A7%D9%83%D8%B3%D9%8A%D9%84-%D8%A8%D8%AF%D9%82%D9%87-%D9%88%D8%A7%D8%AD%D8%AA%D8%B1%D8%A7%D9%81
403 Forbidden,Non trouvé,Non trouvé,Non trouvé,Aucun avis,Inconnu,Inconnu,Aucun tag,https://khamsat.com/data/data-analytics/2430112-%D8%AA%D8%AD%D9%84%D9%8A%D9%84-%D8%A5%D8%AD%D8%B5%D8%A7%D8%A6%D9%8A-%D8%A8%D8%A7%D8%B3%D8%AA%D8%AE%D8%AF%D8%A7%D9%85-%D8%A8%D8%B1%D9%86%D8%A7%D9%85%D8%AC-spss
403 Forbidden,Non trouvé,Non trouvé,Non trouvé,Aucun avis,Inconnu,Inconnu,Aucun tag,https://khamsat.com/data/data-dashboards/3530899-%D8%B3%D8%A3%D8%B5%D9%85%D9%85-%D9%84%D9%83-dashboard-%D8%A7%D8%AD%D8%AA%D8%B1%D8%A7%D9%81%D9%8A-%D9%85%D8%B9-visualizations-%D8%AC%D8%B0%D8%A7%D8%A8%D8%A9
403 Forbidden,Non trouvé,Non trouvé,Non trouvé,Aucun avis,Inconnu,Inconnu,Aucun tag,https://khamsat.com/data/data-processing/3803692-%D9%85%D8%B9%D8%A7%D9%84%D8%AC%D8%A9-%D9%88%D8%AA%D9%86%D8%B8%D9%8A%D9%81-%D8%A7%D9%84%D8%A8%D9%8A%D8%A7%D9%86%D8%A7%D8%AA-%D8%A8%D8%A7%D8%B3%D8%AA%D8%AE%D8%AF%D8%A7%D9%85-%D8%A8%D8%A7%D9%8A%D8%AB%D9%88%D9%86
403 Forbidden,Non trouvé,Non trouvé,Non trouvé,Aucun avis,Inconnu,Inconnu,Aucun tag,https://khamsat.com/data/data-entry/3205758-%D9%83%D8%AA%D8%A7%D8%A8%D8%A9-%D8%A7%D9%84%D9%85%D9%84%D9%81%D8%A7%D8%AA-%D8%B9%D9%84%D9%8A-%D8%A7%D9%84%D9%88%D9%88%D8%B1%D8%AF-%D9%88%D8%A7%D9%84%D8%A5%D9%83%D8%B3%D9%84-word-excel
403 Forbidden,Non trouvé,Non trouvé,Non trouvé,Aucun avis,Inconnu,Inconnu,Aucun tag,https://khamsat.com/data/data-analytics/3310624-%D8%AA%D9%86%D8%B8%D9%8A%D9%81-%D9%88%D8%AA%D8%AD%D9%84%D9%8A%D9%84-%D8%A7%D9%84%D8%A8%D9%8A%D8%A7%D9%86%D8%A7%D8%AA-%D8%A8%D8%A7%D8%B3%D8%AA%D8%AE%D8%AF%D8%A7%D9%85-%D8%A7%D9%84%D8%A7%D9%83%D8%B3%D9%84-%D8%A3%D9%88-%D8%A8%D8%A7%D9%8A%D8%AB%D9%88%D9%86
403 Forbidden,Non trouvé,Non trouvé,Non trouvé,Aucun avis,Inconnu,Inconnu,Aucun tag,https://khamsat.com/data/data-dashboards/3621849-%D8%AA%D8%B5%D9%85%D9%8A%D9%85-%D8%AF%D8%A7%D8%B4%D8%A8%D9%88%D8%B1%D8%AF-power-bi-%D8%A7%D8%AD%D8%AA%D8%B1%D8%A7%D9%81%D9%8A-%D8%AA%D9%81%D8%A7%D8%B9%D9%84%D9%8A-%D8%A8%D8%B3%D8%B9%D8%B1-%D8%B1%D9%85%D8%B2%D9%8A
403 Forbidden,Non trouvé,Non trouvé,Non trouvé,Aucun avis,Inconnu,Inconnu,Aucun tag,https://khamsat.com/data/data-processing/3721419-%D8%AA%D9%86%D8%B8%D9%8A%D9%81-%D8%A8%D9%8A%D8%A7%D9%86%D8%A7%D8%AA%D9%83-%D9%81%D9%8A-excel-%D9%88%D8%B9%D8%B1%D8%B6%D9%87%D8%A7-%D9%81%D9%8A-dashboard-%D8%AA%D9%81%D8%A7%D8%B9%D9%84%D9%8A%D8%A9-%D8%A8%D8%B3%D9%8A%D8%B7%D8%A9
403 Forbidden,Non trouvé,Non trouvé,Non trouvé,Aucun avis,Inconnu,Inconnu,Aucun tag,https://khamsat.com/data/data-entry/3767292-%D8%AA%D9%81%D8%B1%D9%8A%D8%BA-%D9%88%D8%AA%D9%86%D8%B3%D9%8A%D9%82-%D9%85%D9%84%D9%81%D8%A7%D8%AA-%D8%A8%D9%8A-%D8%AF%D9%8A-%D8%A7%D9%81-%D8%A3%D9%88-%D8%B5%D9%88%D8%B1-%D8%A3%D9%88-%D9%86%D8%B5%D9%88%D8%B5-%D9%8A%D8%AF%D9%88%D9%8A%D8%A9-%D9%81%D9%8A-%D9%85%D9%84%D9%81-%D9%88%D9%88%D8%B1%D8%AF
403 Forbidden,Non trouvé,Non trouvé,Non trouvé,Aucun avis,Inconnu,Inconnu,Aucun tag,https://khamsat.com/data/data-analytics/3841390-%D8%AA%D8%AD%D9%84%D9%8A%D9%84-%D8%A8%D9%8A%D8%A7%D9%86%D8%A7%D8%AA-%D8%A8%D8%A7%D8%B3%D8%AA%D8%AE%D8%AF%D8%A7%D9%85-%D8%A7%D9%83%D8%B3%D9%8A%D9%84-%D9%88-powerbi
403 Forbidden,Non trouvé,Non trouvé,Non trouvé,Aucun avis,Inconnu,Inconnu,Aucun tag,https://khamsat.com/data/data-dashboards/3244975-%D8%AA%D8%AD%D9%84%D9%8A%D9%84-%D8%A8%D9%8A%D8%A7%D9%86%D8%A7%D8%AA-%D8%A8%D8%A7%D8%B3%D8%AA%D8%AE%D8%AF%D8%A7%D9%85-power-bi-%D9%88%D8%AA%D8%B5%D9%85%D9%8A%D9%85-%D9%84%D9%88%D8%AD%D8%A7%D8%AA-%D8%AA%D9%81%D8%A7%D8%B9%D9%84%D9%8A%D8%A9
403 Forbidden,Non trouvé,Non trouvé,Non trouvé,Aucun avis,Inconnu,Inconnu,Aucun tag,https://khamsat.com/data/data-processing/3831508-%D8%AA%D9%86%D8%B8%D9%8A%D9%81-%D8%A8%D9%8A%D8%A7%D9%86%D8%A7%D8%AA-%D8%A8%D8%A5%D8%B3%D8%AA%D8%AE%D8%AF%D8%A7%D9%85-python-%D8%A7%D9%88-sql
403 Forbidden,Non trouvé,Non trouvé,Non trouvé,Aucun avis,Inconnu,Inconnu,Aucun tag,https://khamsat.com/data/data-entry/3657512-%D8%A5%D8%AF%D8%AE%D8%A7%D9%84-%D8%A7%D9%84%D8%A8%D9%8A%D8%A7%D9%86%D8%A7%D8%AA-%D9%88%D8%AA%D9%86%D8%B8%D9%8A%D9%85-%D8%A7%D9%84%D9%85%D8%B9%D9%84%D9%88%D9%85%D8%A7%D8%AA
403 Forbidden,Non trouvé,Non trouvé,Non trouvé,Aucun avis,Inconnu,Inconnu,Aucun tag,https://khamsat.com/data/data-analytics/2037323-%D8%A7%D9%84%D8%AA%D8%AD%D9%84%D9%8A%D9%84-%D8%A7%D9%84%D8%A5%D8%AD%D8%B5%D8%A7%D8%A6%D9%8A-%D9%84%D9%84%D8%A3%D8%A8%D8%AD%D8%A7%D8%AB-%D9%88%D8%A7%D9%84%D8%AF%D8%B1%D8%A7%D8%B3%D8%A7%D8%AA-%D8%A8%D8%A7%D8%B3%D8%AA%D8%AE%D8%AF%D8%A7%D9%85-%D8%A8%D8%B1%D9%86%D8%A7%D9%85%D8%AC-spss
403 Forbidden,Non trouvé,Non trouvé,Non trouvé,Aucun avis,Inconnu,Inconnu,Aucun tag,https://khamsat.com/data/data-dashboards/2829803-%D8%AA%D8%B5%D9%85%D9%8A%D9%85-%D9%88-%D8%B9%D9%85%D9%84-%D8%AF%D8%A7%D8%B4%D8%A8%D9%88%D8%B1%D8%AF-%D8%AA%D9%81%D8%A7%D8%B9%D9%84%D9%8A%D8%A9-%D8%A8%D8%A5%D8%B3%D8%AA%D8%AE%D8%AF%D8%A7%D9%85-tableau
403 Forbidden,Non trouvé,Non trouvé,Non trouvé,Aucun avis,Inconnu,Inconnu,Aucun tag,https://khamsat.com/data/data-processing/3336135-%D8%A5%D9%86%D8%B4%D8%A7%D8%A1-%D8%AF%D8%A7%D8%B4%D8%A8%D9%88%D8%B1%D8%AF-%D8%AA%D9%81%D8%A7%D8%B9%D9%84%D9%8A-%D8%A8%D8%A7%D8%B3%D8%AA%D8%AE%D8%AF%D8%A7%D9%85-power-bi
403 Forbidden,Non trouvé,Non trouvé,Non trouvé,Aucun avis,Inconnu,Inconnu,Aucun tag,https://khamsat.com/data/data-entry/3786634-%D8%A7%D8%AF%D8%AE%D8%A7%D9%84-%D8%A7%D9%84%D8%A8%D9%8A%D8%A7%D9%86%D8%A7%D8%AA-%D9%84%D9%85%D9%84%D9%81%D8%A7%D8%AA-%D8%A7%D9%83%D8%B3%D9%84
403 Forbidden,Non trouvé,Non trouvé,Non trouvé,Aucun avis,Inconnu,Inconnu,Aucun tag,https://khamsat.com/data/data-analytics/3811577-%D8%AA%D8%AD%D9%84%D9%8A%D9%84-%D8%A7%D9%84%D8%A8%D9%8A%D8%A7%D9%86%D8%A7%D8%AA-%D8%A8%D8%A7%D8%B3%D8%AA%D8%AE%D8%AF%D8%A7%D9%85-power-bi
403 Forbidden,Non trouvé,Non trouvé,Non trouvé,Aucun avis,Inconnu,Inconnu,Aucun tag,https://khamsat.com/data/data-dashboards/3836387-%D8%AA%D8%B5%D9%85%D9%8A%D9%85-%D9%84%D9%88%D8%AD%D8%A7%D8%AA-%D8%A8%D9%8A%D8%A7%D9%86%D8%A7%D8%AA-%D8%AA%D9%81%D8%A7%D8%B9%D9%84%D9%8A%D8%A9-%D8%A7%D8%AD%D8%AA%D8%B1%D8%A7%D9%81%D9%8A%D8%A9-%D8%A8%D8%A7%D8%B3%D8%AA%D8%AE%D8%AF%D8%A7%D9%85-power-bi-%D9%84%D8%AA%D8%AD%D9%84%D9%8A%D9%84
403 Forbidden,Non trouvé,Non trouvé,Non trouvé,Aucun avis,Inconnu,Inconnu,Aucun tag,https://khamsat.com/data/data-processing/618785-%D8%AA%D9%82%D8%AF%D9%8A%D9%85-%D8%AE%D8%AF%D9%85%D8%A7%D8%AA-excel
403 Forbidden,Non trouvé,Non trouvé,Non trouvé,Aucun avis,Inconnu,Inconnu,Aucun tag,https://khamsat.com/data/data-entry/2300403-%D8%AA%D8%B5%D9%85%D9%8A%D9%85-%D8%A7%D8%B3%D8%AA%D9%85%D8%A7%D8%B1%D8%A9-%D8%A5%D8%AF%D8%AE%D8%A7%D9%84-%D8%A8%D9%8A%D8%A7%D9%86%D8%A7%D8%AA-%D9%88%D8%B1%D9%82%D9%8A%D8%A9-10-%D8%A3%D8%B3%D8%A6%D9%84%D8%A9
403 Forbidden,Non trouvé,Non trouvé,Non trouvé,Aucun avis,Inconnu,Inconnu,Aucun tag,https://khamsat.com/data/data-analytics/3159385-%D8%AE%D8%AF%D9%85%D8%A7%D8%AA-%D8%AF%D8%A7%D8%B4%D8%A8%D9%88%D8%B1%D8%AF-%D8%A7%D8%AD%D8%AA%D8%B1%D8%A7%D9%81%D9%8A%D8%A9-%D8%A8%D8%A7%D9%84%D8%AA%D8%A7%D8%A8%D9%84%D9%88%D9%87-tableau-%D9%81%D9%89-%D8%AA%D8%AD%D9%84%D9%8A%D9%84-%D8%A7%D9%84%D8%A8%D9%8A%D8%A7%D9%86%D8%A7%D8%AA
403 Forbidden,Non trouvé,Non trouvé,Non trouvé,Aucun avis,Inconnu,Inconnu,Aucun tag,https://khamsat.com/data/data-dashboards/2622747-%D8%A8%D9%86%D8%A7%D8%A1-%D9%88%D8%AA%D8%B5%D9%85%D9%8A%D9%85-%D8%AF%D8%A7%D8%B4-%D8%A8%D9%88%D8%B1%D8%AF-dashboard-%D8%AA%D9%81%D8%A7%D8%B9%D9%84%D9%8A-%D8%B9%D9%84%D9%89-%D8%A7%D9%84%D8%A7%D9%83%D8%B3%D9%84
403 Forbidden,Non trouvé,Non trouvé,Non trouvé,Aucun avis,Inconnu,Inconnu,Aucun tag,https://khamsat.com/data/data-processing/3702125-%D8%AA%D9%86%D8%B8%D9%8A%D9%81-%D9%88%D8%AA%D8%B1%D8%AA%D9%8A%D8%A8-%D9%85%D9%84%D9%81%D8%A7%D8%AA-excel-csv-%D8%A8%D8%A7%D8%B3%D8%AA%D8%AE%D8%AF%D8%A7%D9%85-%D8%A8%D8%A7%D9%8A%D8%AB%D9%88%D9%86
403 Forbidden,Non trouvé,Non trouvé,Non trouvé,Aucun avis,Inconnu,Inconnu,Aucun tag,https://khamsat.com/data/data-entry/3820514-%D8%A5%D8%AF%D8%AE%D8%A7%D9%84-%D8%A8%D9%8A%D8%A7%D9%86%D8%A7%D8%AA-%D8%A8%D8%AF%D9%82%D8%A9-%D8%B9%D8%A7%D9%84%D9%8A%D8%A9-%D8%A5%D8%AF%D8%A7%D8%B1%D8%A9-%D9%88%D8%AA%D9%86%D8%B8%D9%8A%D9%85-%D8%A7%D9%84%D9%88%D8%AB%D8%A7%D8%A6%D9%82-%D8%A8%D8%A7%D8%AD%D8%AA%D8%B1%D8%A7%D9%81%D9%8A%D8%A9
403 Forbidden,Non trouvé,Non trouvé,Non trouvé,Aucun avis,Inconnu,Inconnu,Aucun tag,https://khamsat.com/data/data-analytics/1927926-%D8%B3%D8%A3%D9%82%D9%88%D9%85-%D8%A8%D8%AA%D8%AD%D9%84%D9%8A%D9%84-%D8%A7%D9%8A-%D9%86%D9%88%D8%B9-%D8%A8%D9%8A%D8%A7%D9%86%D8%A7%D8%AA-%D9%88%D8%A7%D8%B9%D8%B1%D8%B6%D9%87%D8%A7-%D9%81%D9%8A-%D8%AA%D9%82%D8%A7%D8%B1%D9%8A%D8%B1-%D9%88%D8%B4%D8%A7%D8%B4%D8%A7%D8%AA-%D8%AA%D9%81%D8%A7%D8%B9%D9%84%D9%8A%D8%A9
403 Forbidden,Non trouvé,Non trouvé,Non trouvé,Aucun avis,Inconnu,Inconnu,Aucun tag,https://khamsat.com/data/data-dashboards/3165395-%D8%B9%D9%85%D9%84-dashboard-%D8%A8%D8%A7%D8%B3%D8%AA%D8%AE%D8%AF%D8%A7%D9%85-%D8%A7%D9%84-tableau-%D9%84%D9%8A%D9%88%D8%B6%D8%AD-kpis-%D9%88%D9%85%D8%AE%D8%B7%D8%B7%D8%A7%D8%AA-%D8%A8%D9%8A%D8%A7%D9%86%D9%8A%D8%A9
403 Forbidden,Non trouvé,Non trouvé,Non trouvé,Aucun avis,Inconnu,Inconnu,Aucun tag,https://khamsat.com/data/data-processing/3881012-%D8%AA%D8%AF%D9%82%D9%8A%D9%82-%D8%AC%D9%88%D8%AF%D8%A9-%D8%A7%D9%84%D8%A8%D9%8A%D8%A7%D9%86%D8%A7%D8%AA-dqa-%D8%A5%D9%83%D8%B3%D9%84-%D9%84%D9%84%D9%85%D8%B4%D8%A7%D8%B1%D9%8A%D8%B9-%D8%A7%D9%84%D8%A5%D9%86%D8%B3%D8%A7%D9%86%D9%8A%D8%A9
403 Forbidden,Non trouvé,Non trouvé,Non trouvé,Aucun avis,Inconnu,Inconnu,Aucun tag,https://khamsat.com/data/data-entry/3837800-%D8%B3%D8%A3%D8%AD%D9%88%D9%84-%D9%84%D9%83-%D8%A3%D9%8A-%D9%85%D9%84%D9%81-%D9%88%D9%88%D8%B1%D8%AF-%D8%A5%D9%84%D9%89-pdf-%D9%85%D8%B9-%D8%A7%D9%84%D8%AD%D9%81%D8%A7%D8%B8-%D8%B9%D9%84%D9%89-%D8%A7%D9%84%D8%AA%D9%86%D8%B3%D9%8A%D9%82-%D8%A7%D9%84%D8%A3%D8%B5%D9%84%D9%8A
403 Forbidden,Non trouvé,Non trouvé,Non trouvé,Aucun avis,Inconnu,Inconnu,Aucun tag,https://khamsat.com/data/data-analytics/3111230-%D8%A7%D9%84%D8%AA%D8%AD%D9%84%D9%8A%D9%84-%D8%A7%D9%84%D8%A7%D8%AD%D8%B5%D8%A7%D8%A6%D9%8A-%D9%84%D9%84%D8%B1%D8%B3%D8%A7%D8%A6%D9%84-%D8%A7%D9%84%D8%B9%D9%84%D9%85%D9%8A%D8%A9-%D8%A8%D8%A5%D8%B3%D8%AA%D8%AE%D8%AF%D8%A7%D9%85-spss
403 Forbidden,Non trouvé,Non trouvé,Non trouvé,Aucun avis,Inconnu,Inconnu,Aucun tag,https://khamsat.com/data/data-dashboards/3784880-%D8%AA%D8%B5%D9%85%D9%8A%D9%85-%D9%88%D8%B9%D9%85%D9%84-%D8%AF%D8%A7%D8%B4%D8%A8%D9%88%D8%B1%D8%AF-%D8%AA%D9%81%D8%A7%D8%B9%D9%84%D9%8A%D8%A9-%D8%A8%D8%A7%D8%B3%D8%AA%D8%AE%D8%AF%D8%A7%D9%85-power-bi
403 Forbidden,Non trouvé,Non trouvé,Non trouvé,Aucun avis,Inconnu,Inconnu,Aucun tag,https://khamsat.com/data/data-processing/3832698-%D8%AA%D9%81%D8%B1%D9%8A%D8%BA-%D9%88%D8%AA%D9%86%D8%B8%D9%8A%D9%81-%D8%A8%D9%8A%D8%A7%D9%86%D8%A7%D8%AA%D9%83-%D9%85%D9%86-%D9%85%D9%84%D9%81%D8%A7%D8%AA-pdf-%D8%A3%D9%88-csv-%D8%A3%D9%88-word-%D8%A5%D9%84%D9%89-excel
403 Forbidden,Non trouvé,Non trouvé,Non trouvé,Aucun avis,Inconnu,Inconnu,Aucun tag,https://khamsat.com/data/data-entry/3740066-%D8%A5%D8%AF%D8%AE%D8%A7%D9%84-%D8%A8%D9%8A%D8%A7%D9%86%D8%A7%D8%AA-%D9%81%D9%8A-excel-%D9%85%D8%B9-%D8%AA%D9%86%D8%B3%D9%8A%D9%82-%D9%85%D8%B1%D8%AA%D8%A8-%D9%88%D9%88%D8%A7%D8%B6%D8%AD
403 Forbidden,Non trouvé,Non trouvé,Non trouvé,Aucun avis,Inconnu,Inconnu,Aucun tag,https://khamsat.com/data/data-analytics/3829526-%D8%AA%D8%AD%D9%84%D9%8A%D9%84-%D8%A7%D9%84%D8%A8%D9%8A%D8%A7%D9%86%D8%A7%D8%AA-%D8%A8%D9%88%D8%A7%D8%B3%D8%B7%D8%A9-microsoft-power-bi
403 Forbidden,Non trouvé,Non trouvé,Non trouvé,Aucun avis,Inconnu,Inconnu,Aucun tag,https://khamsat.com/data/data-dashboards/3087694-%D8%AA%D8%AD%D9%84%D9%8A%D9%84-%D9%88%D8%A7%D9%86%D8%B4%D8%A7%D8%A1-%D8%AA%D9%82%D8%A7%D8%B1%D9%8A%D8%B1-%D8%A8%D8%A7%D8%B3%D8%AA%D8%AE%D8%AF%D8%A7%D9%85-power-bi
403 Forbidden,Non trouvé,Non trouvé,Non trouvé,Aucun avis,Inconnu,Inconnu,Aucun tag,https://khamsat.com/data/data-processing/3476374-%D8%AA%D9%86%D8%B8%D9%8A%D9%81-%D8%A7%D9%84%D8%A8%D9%8A%D8%A7%D9%86%D8%A7%D8%AA-%D8%A7%D9%84%D8%AE%D8%A7%D9%85-%D9%85%D9%86-%D8%A7%D9%84%D8%A7%D8%AE%D8%B7%D8%A7%D8%A1-%D9%84%D8%AA%D8%B3%D8%AA%D8%AE%D8%AF%D9%85-%D9%81%D9%8A-%D8%A7%D9%84%D8%AA%D8%AD%D9%84%D9%8A%D9%84-%D9%88%D8%A7%D9%84%D8%AA%D9%82%D8%A7%D8%B1%D9%8A%D8%B1
403 Forbidden,Non trouvé,Non trouvé,Non trouvé,Aucun avis,Inconnu,Inconnu,Aucun tag,https://khamsat.com/data/data-entry/1699463-%D8%AA%D8%B5%D9%85%D9%8A%D9%85-%D9%88%D8%B9%D9%85%D9%84-%D9%86%D9%85%D8%A7%D8%B0%D8%AC-%D8%A7%D8%AD%D8%AA%D8%B1%D8%A7%D9%81%D9%8A%D8%A9-%D8%A8%D8%A7%D8%B3%D8%AA%D8%AE%D8%AF%D8%A7%D9%85-%D8%A8%D8%B1%D9%86%D8%A7%D9%85%D8%AC-%D8%A7%D9%84%D8%A5%D9%83%D8%B3%D9%84
403 Forbidden,Non trouvé,Non trouvé,Non trouvé,Aucun avis,Inconnu,Inconnu,Aucun tag,https://khamsat.com/data/data-analytics/3114876-%D8%A5%D8%AF%D8%AE%D8%A7%D9%84-%D8%A8%D9%8A%D8%A7%D9%86%D8%A7%D8%AA-%D9%88%D8%AA%D8%AC%D9%85%D9%8A%D8%B9-%D8%A8%D9%8A%D8%A7%D9%86%D8%A7%D8%AA-%D8%A8%D8%A8%D8%B1%D8%A7%D9%85%D8%AC-%D8%A7%D9%84%D8%A3%D9%88%D9%81%D9%8A%D8%B3-%D9%88%D8%A7%D9%84%D8%A7%D9%83%D8%B3%D9%84-%D9%88%D8%A7%D9%84%D8%A7%D9%83%D8%B3%D8%B3
403 Forbidden,Non trouvé,Non trouvé,Non trouvé,Aucun avis,Inconnu,Inconnu,Aucun tag,https://khamsat.com/data/data-dashboards/3808493-%D8%A5%D9%86%D8%B4%D8%A7%D8%A1-%D9%84%D9%88%D8%AD%D8%A7%D8%AA-%D8%AA%D9%81%D8%A7%D8%B9%D9%84%D9%8A%D8%A9-%D8%A7%D8%AD%D8%AA%D8%B1%D8%A7%D9%81%D9%8A%D8%A9-%D9%84%D8%AA%D8%AD%D9%84%D9%8A%D9%84-%D9%85%D8%AE%D8%AA%D9%84%D9%81-%D8%A3%D9%86%D9%88%D8%A7%D8%B9-%D8%A7%D9%84%D8%A8%D9%8A%D8%A7%D9%86%D8%A7%D8%AA
403 Forbidden,Non trouvé,Non trouvé,Non trouvé,Aucun avis,Inconnu,Inconnu,Aucun tag,https://khamsat.com/data/data-processing/3776768-%D8%AA%D9%86%D8%B8%D9%8A%D9%81-%D8%A7%D9%84%D8%A8%D9%8A%D8%A7%D9%86%D8%A7%D8%AA-%D9%88%D8%A7%D8%B3%D8%AA%D8%AE%D8%B1%D8%A7%D8%AC-%D8%A7%D9%84%D9%85%D8%A4%D8%B4%D8%B1%D8%A7%D8%AA-%D8%A8%D8%A7%D8%B3%D8%AA%D8%AE%D8%AF%D8%A7%D9%85-python
403 Forbidden,Non trouvé,Non trouvé,Non trouvé,Aucun avis,Inconnu,Inconnu,Aucun tag,https://khamsat.com/data/data-entry/3753331-%D8%A5%D8%B0%D8%A7-%D9%83%D9%86%D8%AA-%D8%AA%D8%A8%D8%AD%D8%AB-%D8%B9%D9%86-%D9%85%D8%AF%D8%AE%D9%84-%D8%A8%D9%8A%D8%A7%D9%86%D8%A7%D8%AA-%D9%85%D8%AD%D8%AA%D8%B1%D9%81-%D9%88%D8%AF%D9%82%D9%8A%D9%82
403 Forbidden,Non trouvé,Non trouvé,Non trouvé,Aucun avis,Inconnu,Inconnu,Aucun tag,https://khamsat.com/data/data-analytics/3228310-%D8%AA%D8%AD%D9%84%D9%8A%D9%84-%D8%A7%D9%84%D8%A8%D9%8A%D8%A7%D9%86%D8%A7%D8%AA-%D9%88%D8%A7%D9%84%D8%AA%D8%AD%D9%84%D9%8A%D9%84-%D8%A7%D9%84%D8%A5%D8%AD%D8%B5%D8%A7%D8%A6%D9%8A-%D8%A8%D8%A5%D8%B3%D8%AA%D8%AE%D8%AF%D8%A7%D9%85-spss
403 Forbidden,Non trouvé,Non trouvé,Non trouvé,Aucun avis,Inconnu,Inconnu,Aucun tag,https://khamsat.com/data/data-dashboards/3558563-%D8%B9%D9%85%D9%84-%D8%AF%D8%A7%D8%B4-%D8%A8%D9%88%D8%B1%D8%AF-dashboard-power-bi
403 Forbidden,Non trouvé,Non trouvé,Non trouvé,Aucun avis,Inconnu,Inconnu,Aucun tag,https://khamsat.com/data/data-processing/623596-%D8%AA%D9%82%D8%AF%D9%8A%D9%85-%D8%AE%D8%AF%D9%85%D8%A9-%D8%A7%D9%84%D8%A7%D8%B1%D8%B4%D9%81%D8%A9-%D8%A7%D9%84%D8%A7%D9%84%D9%83%D8%AA%D8%B1%D9%88%D9%86%D9%8A%D8%A9-%D8%B9%D9%84%D9%89-excel
403 Forbidden,Non trouvé,Non trouvé,Non trouvé,Aucun avis,Inconnu,Inconnu,Aucun tag,https://khamsat.com/data/data-entry/3075426-%D8%A7%D9%84%D9%83%D8%AA%D8%A7%D8%A8%D8%A9-%D8%B9%D9%84%D9%89-%D8%A7%D9%84%D9%88%D8%B1%D8%AF-%D8%A8%D8%AF%D9%88%D9%86-%D8%A7%D8%AE%D8%B7%D8%A7%D8%A1
403 Forbidden,Non trouvé,Non trouvé,Non trouvé,Aucun avis,Inconnu,Inconnu,Aucun tag,https://khamsat.com/data/data-analytics/1751581-%D8%AA%D8%AD%D9%84%D9%8A%D9%84-%D8%A7%D9%84%D8%A8%D9%8A%D8%A7%D9%86%D8%A7%D8%AA-%D8%A8%D8%A7%D8%B3%D8%AA%D8%AE%D8%AF%D8%A7%D9%85-python-%D9%88-jupyter-notebook
403 Forbidden,Non trouvé,Non trouvé,Non trouvé,Aucun avis,Inconnu,Inconnu,Aucun tag,https://khamsat.com/data/data-dashboards/3786788-%D8%AA%D8%B5%D9%85%D9%8A%D9%85-%D9%84%D9%88%D8%AD%D8%A7%D8%AA-%D8%AA%D8%AD%D9%83%D9%85-%D8%AA%D9%81%D8%A7%D8%B9%D9%84%D9%8A%D8%A9-%D8%A8%D8%A7%D8%B3%D8%AA%D8%AE%D8%AF%D8%A7%D9%85-plotly-%D9%88dash
403 Forbidden,Non trouvé,Non trouvé,Non trouvé,Aucun avis,Inconnu,Inconnu,Aucun tag,https://khamsat.com/data/data-processing/3808143-%D8%AA%D8%AD%D9%84%D9%8A%D9%84-%D9%88%D8%AA%D9%86%D8%B8%D9%8A%D9%81-%D8%A7%D9%84%D8%A8%D9%8A%D8%A7%D9%86%D8%A7%D8%AA-%D8%A8%D8%A7%D8%AD%D8%AA%D8%B1%D8%A7%D9%81-%D8%A8%D8%A7%D8%B3%D8%AA%D8%AE%D8%AF%D8%A7%D9%85-python-%D9%88pandas
403 Forbidden,Non trouvé,Non trouvé,Non trouvé,Aucun avis,Inconnu,Inconnu,Aucun tag,https://khamsat.com/data/data-entry/2600331-%D8%A7%D8%AF%D8%AE%D8%A7%D9%84-%D8%A8%D9%8A%D8%A7%D9%86%D8%A7%D8%AA-%D8%B9%D9%84%D9%8A-%D8%A8%D8%B1%D8%A7%D9%85%D8%AC-%D8%A7%D9%84%D8%A7%D9%88%D9%81%D9%8A%D8%B3
403 Forbidden,Non trouvé,Non trouvé,Non trouvé,Aucun avis,Inconnu,Inconnu,Aucun tag,https://khamsat.com/data/data-analytics/3673091-%D8%AA%D8%AD%D9%84%D9%8A%D9%84-%D8%A7%D9%84%D8%A8%D9%8A%D8%A7%D9%86%D8%A7%D8%AA-%D8%A7%D9%84%D8%B7%D8%A8%D9%8A%D8%A9-%D8%A8%D8%A7%D8%B3%D8%AA%D8%AE%D8%AF%D8%A7%D9%85-%D8%A7%D9%84%D8%B0%D9%83%D8%A7%D8%A1-%D8%A7%D9%84%D8%A7%D8%B5%D8%B7%D9%86%D8%A7%D8%B9%D9%8A-%D9%88%D8%A7%D9%84%D8%AA%D8%B9%D9%84%D9%85-%D8%A7%D9%84%D8%A2%D9%84%D9%8A
403 Forbidden,Non trouvé,Non trouvé,Non trouvé,Aucun avis,Inconnu,Inconnu,Aucun tag,https://khamsat.com/data/data-dashboards/3815429-%D8%A5%D9%86%D8%B4%D8%A7%D8%A1-%D9%84%D9%88%D8%AD%D8%A7%D8%AA-%D8%A8%D9%8A%D8%A7%D9%86%D8%A7%D8%AA-%D8%AA%D9%81%D8%A7%D8%B9%D9%84%D9%8A%D8%A9-%D8%A8%D8%A7%D8%B3%D8%AA%D8%AE%D8%AF%D8%A7%D9%85-python-%D8%A3%D9%88-power-bi
403 Forbidden,Non trouvé,Non trouvé,Non trouvé,Aucun avis,Inconnu,Inconnu,Aucun tag,https://khamsat.com/data/data-processing/3726072-%D9%85%D8%B9%D8%A7%D9%84%D8%AC%D8%A9-%D8%A7%D9%84%D8%A8%D9%8A%D8%A7%D9%86%D8%A7%D8%AA-%D9%88%D8%AA%D9%86%D8%B8%D9%8A%D9%81%D9%87%D8%A7-%D9%88%D8%AA%D8%AD%D9%84%D9%8A%D9%84%D9%87%D8%A7-%D8%A8%D8%A7%D8%B3%D8%AA%D8%AE%D8%AF%D8%A7%D9%85-python-%D9%88excel
403 Forbidden,Non trouvé,Non trouvé,Non trouvé,Aucun avis,Inconnu,Inconnu,Aucun tag,https://khamsat.com/data/data-entry/2901060-%D9%83%D8%AA%D8%A7%D8%A8%D8%A9-%D9%85%D8%B3%D8%AA%D9%86%D8%AF%D8%A7%D8%AA-word-%D8%A8%D8%A7%D9%84%D8%B9%D8%B1%D8%A8%D9%8A%D8%A9-%D8%A8%D8%AC%D9%88%D8%AF%D8%A9-%D8%B9%D8%A7%D9%84%D9%8A%D8%A9-%D9%88%D8%AA%D9%86%D8%B3%D9%8A%D9%82-%D9%85%D8%AA%D9%82%D9%86
403 Forbidden,Non trouvé,Non trouvé,Non trouvé,Aucun avis,Inconnu,Inconnu,Aucun tag,https://khamsat.com/data/data-analytics/2625414-%D8%A7%D9%84%D9%82%D9%8A%D8%A7%D9%85-%D8%A8%D8%AA%D8%AD%D9%84%D9%8A%D9%84-%D8%A7%D9%84%D8%A8%D9%8A%D8%A7%D9%86%D8%A7%D8%AA-%D9%81%D9%8A-%D8%A8%D8%A7%D9%8A%D8%AB%D9%88%D9%86-data-analysis-in-python
403 Forbidden,Non trouvé,Non trouvé,Non trouvé,Aucun avis,Inconnu,Inconnu,Aucun tag,https://khamsat.com/data/data-dashboards/3777873-%D8%AA%D8%B5%D9%85%D9%8A%D9%85-%D8%AF%D8%A7%D8%B4%D8%A8%D9%88%D8%B1%D8%AF-%D8%AA%D9%81%D8%A7%D8%B9%D9%84%D9%8A-%D9%8A%D9%88%D8%B6%D8%AD-%D8%A3%D8%AF%D8%A7%D8%A1-%D8%A3%D8%B9%D9%85%D8%A7%D9%84%D9%83-%D8%A8%D8%A7%D8%B3%D8%AA%D8%AE%D8%AF%D8%A7%D9%85-%D8%A7%D9%83%D8%B3%D9%84
403 Forbidden,Non trouvé,Non trouvé,Non trouvé,Aucun avis,Inconnu,Inconnu,Aucun tag,https://khamsat.com/data/data-entry/3762056-%D8%A5%D8%AF%D8%AE%D8%A7%D9%84-%D8%A8%D9%8A%D8%A7%D9%86%D8%A7%D8%AA-word-%D8%A8%D8%A7%D8%AD%D8%AA%D8%B1%D8%A7%D9%81%D9%8A%D8%A9-%D9%83%D8%A7%D9%85%D9%84%D8%A9
403 Forbidden,Non trouvé,Non trouvé,Non trouvé,Aucun avis,Inconnu,Inconnu,Aucun tag,https://khamsat.com/data/data-processing/3830929-%D8%AA%D9%86%D8%B8%D9%8A%D9%81-%D9%88%D9%85%D8%B9%D8%A7%D9%84%D8%AC%D8%A9-%D9%85%D8%B3%D8%A8%D9%82%D8%A9-%D9%84%D9%84%D8%A8%D9%8A%D8%A7%D9%86%D8%A7%D8%AA
403 Forbidden,Non trouvé,Non trouvé,Non trouvé,Aucun avis,Inconnu,Inconnu,Aucun tag,https://khamsat.com/data/data-analytics/3041146-%D8%AA%D8%AD%D9%84%D9%8A%D9%84-%D8%A7%D9%84%D8%A5%D8%B3%D8%AA%D8%A8%D9%8A%D8%A7%D9%86%D8%A7%D8%AA-%D8%A7%D9%84%D8%AE%D8%A7%D8%B5%D8%A9-%D8%A8%D8%A7%D9%84%D8%A8%D8%AD%D9%88%D8%AB-%D8%A7%D9%84%D8%B9%D9%84%D9%85%D9%8A%D8%A9-%D8%A8%D8%A7%D8%B3%D8%AA%D8%AE%D8%AF%D8%A7%D9%85-spss-25
403 Forbidden,Non trouvé,Non trouvé,Non trouvé,Aucun avis,Inconnu,Inconnu,Aucun tag,https://khamsat.com/data/data-dashboards/3742754-%D8%AA%D8%B5%D9%85%D9%8A%D9%85-%D8%AF%D8%A7%D8%B4%D8%A8%D9%88%D8%B1%D8%AF-power-bi-%D9%84%D8%AA%D8%AD%D9%84%D9%8A%D9%84-%D8%A7%D9%84%D8%A8%D9%8A%D8%A7%D9%86%D8%A7%D8%AA-%D9%88%D8%B9%D8%B1%D8%B6%D9%87%D8%A7-%D8%A8%D8%B5%D9%88%D8%B1%D8%A9-%D8%A7%D8%AD%D8%AA%D8%B1%D8%A7%D9%81%D9%8A%D8%A9
403 Forbidden,Non trouvé,Non trouvé,Non trouvé,Aucun avis,Inconnu,Inconnu,Aucun tag,https://khamsat.com/data/data-processing/3584692-%D8%A7%D9%86%D8%B4%D8%A7%D8%A1-%D8%AC%D8%AF%D9%88%D9%84-%D8%A7%D9%83%D8%B3%D9%84-%D9%8A%D8%AD%D8%AA%D9%88%D9%8A-%D8%AF%D9%88%D8%A7%D9%84-%D8%A7%D8%B3%D8%A7%D8%B3%D9%8A%D8%A9-%D9%88%D8%A7%D8%AD%D8%B5%D8%A7%D8%A6%D9%8A%D8%A9-%D8%A8%D8%A7%D9%84%D8%AA%D9%86%D8%B3%D9%8A%D9%82-%D8%A7%D9%84%D9%85%D9%86%D8%A7%D8%B3%D8%A8
403 Forbidden,Non trouvé,Non trouvé,Non trouvé,Aucun avis,Inconnu,Inconnu,Aucun tag,https://khamsat.com/data/data-entry/1615256-%D8%A7%D9%84%D8%AA%D8%B9%D8%A7%D9%85%D9%84-%D9%85%D8%B9-%D8%A7%D9%84%D8%A8%D9%8A%D8%A7%D9%86%D8%A7%D8%AA-%D9%88%D8%B3%D8%B1%D8%B9%D8%A9-%D9%81%D9%8A-%D8%A7%D8%AF%D8%AE%D8%A7%D9%84%D9%87%D8%A7-%D8%B9%D9%84%D9%89-%D9%85%D8%AE%D8%AA%D9%84%D9%81-%D8%A7%D9%84%D8%AA%D8%B7%D8%A8%D9%8A%D9%82%D8%A7%D8%AA
403 Forbidden,Non trouvé,Non trouvé,Non trouvé,Aucun avis,Inconnu,Inconnu,Aucun tag,https://khamsat.com/data/data-analytics/3711634-%D8%AA%D8%AD%D9%84%D9%8A%D9%84-%D8%A8%D9%8A%D8%A7%D9%86%D8%A7%D8%AA-%D8%A8%D9%88%D8%A7%D8%B3%D8%B7%D8%A9-power-bi
403 Forbidden,Non trouvé,Non trouvé,Non trouvé,Aucun avis,Inconnu,Inconnu,Aucun tag,https://khamsat.com/data/data-dashboards/2984020-%D9%83%D9%88%D8%AF-vba-%D8%A7%D9%83%D8%B3%D9%84-%D9%84%D8%AA%D9%86%D9%81%D9%8A%D8%B0-%D9%85%D9%87%D8%A7%D9%85-%D9%85%D9%83%D8%B1%D8%B1%D8%A9-%D9%81%D9%8A-%D8%A7%D9%84%D8%A7%D9%83%D8%B3%D9%84-%D8%A8%D8%B4%D9%83%D9%84-%D8%AA%D9%84%D9%82%D8%A7%D8%A6%D9%8A
403 Forbidden,Non trouvé,Non trouvé,Non trouvé,Aucun avis,Inconnu,Inconnu,Aucun tag,https://khamsat.com/data/data-entry/3890024-%D8%B9%D9%85%D9%84-%D8%A7%D8%B3%D8%AA%D8%A8%D9%8A%D8%A7%D9%86%D8%A7%D8%AA-%D9%88%D8%A7%D8%AE%D8%AA%D8%A8%D8%A7%D8%B1%D8%A7%D8%AA-%D8%B9%D9%84%D9%8A-google-form
403 Forbidden,Non trouvé,Non trouvé,Non trouvé,Aucun avis,Inconnu,Inconnu,Aucun tag,https://khamsat.com/data/data-processing/3818301-%D8%AA%D8%AD%D9%84%D9%8A%D9%84-%D9%88-%D8%AA%D9%86%D8%B8%D9%8A%D9%81-%D9%88-%D8%AA%D8%AD%D9%88%D9%8A%D9%84-%D8%A7%D9%84%D8%A8%D9%8A%D8%A7%D9%86%D8%A7%D8%AA-%D9%88-%D9%85%D8%B9%D8%A7%D9%84%D8%AC%D8%AA%D9%87%D8%A7
403 Forbidden,Non trouvé,Non trouvé,Non trouvé,Aucun avis,Inconnu,Inconnu,Aucun tag,https://khamsat.com/data/data-analytics/3112465-%D8%A5%D9%86%D8%B4%D8%A7%D8%A1-%D8%AA%D9%82%D8%A7%D8%B1%D9%8A%D8%B1-%D8%A8%D8%A7%D8%B3%D8%AA%D8%AE%D8%AF%D8%A7%D9%85-google-looker-studio
403 Forbidden,Non trouvé,Non trouvé,Non trouvé,Aucun avis,Inconnu,Inconnu,Aucun tag,https://khamsat.com/data/data-dashboards/2992160-%D8%AA%D8%B5%D9%85%D9%8A%D9%85-%D9%84%D9%88%D8%AD%D8%A9-%D8%AA%D9%81%D8%A7%D8%B9%D9%84%D9%8A%D8%A9-interactive-dashboard-%D8%A8%D8%A7%D8%B3%D8%AA%D8%AE%D8%AF%D8%A7%D9%85-power-bi
403 Forbidden,Non trouvé,Non trouvé,Non trouvé,Aucun avis,Inconnu,Inconnu,Aucun tag,https://khamsat.com/data/data-processing/3111583-%D8%AA%D9%86%D8%B8%D9%8A%D9%85-%D8%AC%D8%AF%D8%A7%D9%88%D9%84-%D8%A7%D9%84%D8%A7%D9%83%D8%B3%D9%84-%D8%A8%D8%AF%D9%82%D8%A9-%D8%A7%D8%AD%D8%AA%D8%B1%D8%A7%D9%81%D9%8A%D8%A9
403 Forbidden,Non trouvé,Non trouvé,Non trouvé,Aucun avis,Inconnu,Inconnu,Aucun tag,https://khamsat.com/data/data-entry/3032929-%D8%A7%D8%AF%D8%AE%D8%A7%D9%84-%D8%A7%D9%84%D8%A8%D9%8A%D8%A7%D9%86%D8%A7%D8%AA-%D9%88%D8%A7%D9%84%D8%AA%D9%86%D8%B3%D9%8A%D9%82-%D8%B9%D9%84%D9%89-%D8%A7%D9%83%D8%B3%D9%84
403 Forbidden,Non trouvé,Non trouvé,Non trouvé,Aucun avis,Inconnu,Inconnu,Aucun tag,https://khamsat.com/data/data-analytics/2542853-%D8%A7%D9%84%D8%AA%D8%AD%D9%84%D9%8A%D9%84-%D8%A7%D9%84%D9%85%D8%A7%D9%84%D9%8A-%D8%A8%D8%A7%D8%B3%D8%AA%D8%AE%D8%AF%D8%A7%D9%85-%D8%A7%D9%84%D9%86%D8%B3%D8%A8-%D8%A7%D9%84%D9%85%D8%A7%D9%84%D9%8A%D8%A9-%D8%B9%D9%84%D9%89-%D8%A8%D8%B1%D9%86%D8%A7%D9%85%D8%AC-%D8%A7%D9%84%D8%A7%D9%83%D8%B3%D9%84
403 Forbidden,Non trouvé,Non trouvé,Non trouvé,Aucun avis,Inconnu,Inconnu,Aucun tag,https://khamsat.com/data/data-dashboards/3733136-%D8%A7%D9%86%D8%B4%D8%A7%D8%A1-%D9%84%D9%88%D8%AD%D8%A7%D8%AA-%D8%A8%D9%8A%D8%A7%D9%86%D8%A7%D8%AA-dashboard-%D8%A8%D8%A7%D8%B3%D8%AA%D8%AE%D8%AF%D8%A7%D9%85-%D8%A7%D9%83%D8%B3%D9%8A%D9%84
403 Forbidden,Non trouvé,Non trouvé,Non trouvé,Aucun avis,Inconnu,Inconnu,Aucun tag,https://khamsat.com/data/data-processing/3014783-%D8%AA%D8%B5%D9%85%D9%8A%D9%85-%D8%AC%D8%AF%D9%88%D9%84-excel-%D9%85%D8%AE%D8%B5%D8%B5-%D9%84%D8%A7%D8%AD%D8%AA%D9%8A%D8%A7%D8%AC%D8%A7%D8%AA%D9%83
403 Forbidden,Non trouvé,Non trouvé,Non trouvé,Aucun avis,Inconnu,Inconnu,Aucun tag,https://khamsat.com/data/data-entry/2980042-%D8%A5%D8%AF%D8%AE%D8%A7%D9%84-%D8%A8%D9%8A%D8%A7%D9%86%D8%A7%D8%AA-%D8%B9%D9%84%D9%89-%D8%A8%D8%B1%D8%A7%D9%85%D8%AC-%D8%A7%D9%84%D9%88%D9%88%D8%B1%D8%AF-%D9%88%D8%A7%D9%84%D8%A5%D9%83%D8%B3%D9%84-%D9%88%D8%A7%D9%84%D8%A8%D9%88%D8%B1%D8%A8%D9%88%D9%8A%D9%86%D8%AA-%D8%A8%D8%AF%D9%82%D9%87-%D8%B9%D8%A7%D9%84%D9%8A%D9%87
403 Forbidden,Non trouvé,Non trouvé,Non trouvé,Aucun avis,Inconnu,Inconnu,Aucun tag,https://khamsat.com/data/data-analytics/3140629-%D8%AA%D8%AD%D9%84%D9%8A%D9%84-%D8%A7%D9%84%D8%A8%D9%8A%D9%86%D8%A7%D8%AA-%D8%A8%D8%A7%D8%B3%D8%AA%D8%AE%D8%AF%D8%A7%D9%85-excel-powerbi-sql
403 Forbidden,Non trouvé,Non trouvé,Non trouvé,Aucun avis,Inconnu,Inconnu,Aucun tag,https://khamsat.com/data/data-dashboards/3834435-%D8%AA%D8%B5%D9%85%D9%8A%D9%85-%D9%84%D9%88%D8%AD%D8%A7%D8%AA-%D8%A8%D9%8A%D8%A7%D9%86%D8%A7%D8%AA-%D8%AA%D9%81%D8%A7%D8%B9%D9%84%D9%8A%D8%A9-%D8%A8%D8%A7%D8%B3%D8%AA%D8%AE%D8%AF%D8%A7%D9%85-power-bi
403 Forbidden,Non trouvé,Non trouvé,Non trouvé,Aucun avis,Inconnu,Inconnu,Aucun tag,https://khamsat.com/data/data-processing/3860025-%D8%AA%D9%86%D8%B8%D9%8A%D9%81-%D9%88%D9%85%D8%B9%D8%A7%D9%84%D8%AC%D8%A9-%D8%A7%D9%84%D8%A8%D9%8A%D8%A7%D9%86%D8%A7%D8%AA-%D9%84%D8%A8%D9%86%D8%A7%D8%A1-%D9%86%D9%85%D9%88%D8%B0%D8%AC-%D8%B0%D9%83%D8%A7%D8%A1-%D8%A7%D8%B5%D8%B7%D9%86%D8%A7%D8%B9%D9%8A-%D8%A3%D9%83%D8%AB%D8%B1-%D8%AF%D9%82%D8%A9
403 Forbidden,Non trouvé,Non trouvé,Non trouvé,Aucun avis,Inconnu,Inconnu,Aucun tag,https://khamsat.com/data/data-entry/3747521-%D8%A5%D8%AF%D8%AE%D8%A7%D9%84-%D8%AC%D9%85%D9%8A%D8%B9-%D8%A3%D9%86%D9%88%D8%A7%D8%B9-%D8%A7%D9%84%D8%A8%D9%8A%D8%A7%D9%86%D8%A7%D8%AA-%D9%81%D9%8A-word-%D8%A3%D9%88-exel-%D8%A3%D9%88-latex-%D8%A8%D8%AF%D9%82%D8%A9
403 Forbidden,Non trouvé,Non trouvé,Non trouvé,Aucun avis,Inconnu,Inconnu,Aucun tag,https://khamsat.com/data/data-analytics/3920096-%D8%AA%D8%B5%D9%85%D9%8A%D9%85-dashboard-%D8%A7%D8%AD%D8%AA%D8%B1%D8%A7%D9%81%D9%8A%D8%A9-%D8%B9%D9%84%D9%89-power-bi-%D9%84%D8%AA%D8%AD%D9%84%D9%8A%D9%84-%D8%A8%D9%8A%D8%A7%D9%86%D8%A7%D8%AA%D9%83-%D8%A8%D8%AF%D9%82%D8%A9
403 Forbidden,Non trouvé,Non trouvé,Non trouvé,Aucun avis,Inconnu,Inconnu,Aucun tag,https://khamsat.com/data/data-dashboards/3819468-%D8%AA%D8%B5%D9%85%D9%8A%D9%85-%D9%84%D9%88%D8%AD%D8%A7%D8%AA-%D8%A8%D9%8A%D8%A7%D9%86%D8%A7%D8%AA-%D8%AA%D9%81%D8%A7%D8%B9%D9%84%D9%8A%D8%A9-%D8%A8%D8%A7%D8%B3%D8%AA%D8%AE%D8%AF%D8%A7%D9%85-excel
403 Forbidden,Non trouvé,Non trouvé,Non trouvé,Aucun avis,Inconnu,Inconnu,Aucun tag,https://khamsat.com/data/data-processing/3828929-%D8%AA%D8%AD%D9%84%D9%8A%D9%84-%D9%88%D8%AA%D9%86%D8%B8%D9%8A%D9%81-%D8%A7%D9%84%D8%A8%D9%8A%D8%A7%D9%86%D8%A7%D8%AA-exploratory-data-analysis
403 Forbidden,Non trouvé,Non trouvé,Non trouvé,Aucun avis,Inconnu,Inconnu,Aucun tag,https://khamsat.com/data/data-entry/2424973-%D8%A7%D8%AF%D8%AE%D8%A7%D9%84-%D8%A7%D9%84%D9%81%D9%88%D8%A7%D8%AA%D9%8A%D8%B1-%D9%88%D8%A7%D9%84%D8%A8%D9%8A%D8%A7%D9%86%D8%A7%D8%AA-%D8%A7%D9%84%D9%85%D8%A7%D9%84%D9%8A%D8%A9-%D9%88%D8%A7%D8%B9%D8%AF%D8%A7%D8%AF-%D8%A7%D9%84%D8%A7%D9%82%D8%B1%D8%A7%D8%B1%D8%A7%D8%AA-%D8%A7%D9%84%D8%B6%D8%B1%D9%8A%D8%A8%D9%8A%D8%A9
403 Forbidden,Non trouvé,Non trouvé,Non trouvé,Aucun avis,Inconnu,Inconnu,Aucun tag,https://khamsat.com/data/data-analytics/2994416-%D8%AF%D8%A7%D8%B4%D8%A8%D9%88%D8%B1%D8%AF-%D8%AA%D9%81%D8%A7%D8%B9%D9%84%D9%8A%D8%A9-%D8%A8%D8%A7%D8%B3%D8%AA%D8%AE%D8%AF%D8%A7%D9%85-power-bi-%D9%84%D8%AA%D8%AD%D9%84%D9%8A%D9%84-%D8%A7%D9%84%D8%A8%D9%8A%D8%A7%D9%86%D8%A7%D8%AA
403 Forbidden,Non trouvé,Non trouvé,Non trouvé,Aucun avis,Inconnu,Inconnu,Aucun tag,https://khamsat.com/data/data-dashboards/3792688-%D8%AA%D8%AD%D9%84%D9%8A%D9%84-%D8%A8%D9%8A%D8%A7%D9%86%D8%A7%D8%AA-%D9%88%D8%B9%D9%85%D9%84-dashboard-%D8%A8%D8%A7%D8%B3%D8%AA%D8%AE%D8%AF%D8%A7%D9%85-power-bi
403 Forbidden,Non trouvé,Non trouvé,Non trouvé,Aucun avis,Inconnu,Inconnu,Aucun tag,https://khamsat.com/data/data-processing/3330631-%D8%AA%D8%B5%D9%85%D9%8A%D9%85-%D8%AC%D8%AF%D8%A7%D9%88%D9%84-%D9%88%D8%A5%D8%AF%D8%AE%D8%A7%D9%84-%D8%A8%D9%8A%D8%A7%D9%86%D8%A7%D8%AA%D9%87%D8%A7-%D8%B9%D9%84%D9%89-%D8%A8%D8%B1%D9%86%D8%A7%D9%85%D8%AC-%D8%A7%D9%84%D8%A5%D9%83%D8%B3%D9%8A%D9%84
403 Forbidden,Non trouvé,Non trouvé,Non trouvé,Aucun avis,Inconnu,Inconnu,Aucun tag,https://khamsat.com/data/data-entry/2583099-%D8%A5%D8%AF%D8%AE%D8%A7%D9%84-%D8%A8%D9%8A%D8%A7%D9%86%D8%A7%D8%AA-%D8%B9%D9%84%D9%89-%D8%A5%D9%83%D8%B3%D9%84-%D9%88%D8%A7%D8%B3%D8%AA%D8%AE%D8%AF%D8%A7%D9%85-%D8%A7%D9%84%D9%85%D8%B9%D8%A7%D8%AF%D9%84%D8%A7%D8%AA-%D8%A7%D9%84%D9%85%D8%B7%D9%84%D9%88%D8%A8%D8%A9
403 Forbidden,Non trouvé,Non trouvé,Non trouvé,Aucun avis,Inconnu,Inconnu,Aucun tag,https://khamsat.com/data/data-analytics/3044813-%D8%AA%D8%AD%D9%84%D9%8A%D9%84-%D8%A7%D9%84%D8%A8%D9%8A%D8%A7%D9%86%D8%A7%D8%AA-%D8%A8%D8%A7%D8%B3%D8%AA%D8%AE%D8%AF%D8%A7%D9%85-power-bi-python-excel
403 Forbidden,Non trouvé,Non trouvé,Non trouvé,Aucun avis,Inconnu,Inconnu,Aucun tag,https://khamsat.com/data/data-dashboards/3803618-%D8%AA%D8%B5%D9%88%D9%8A%D8%B1-%D8%A7%D9%84%D8%A8%D9%8A%D8%A7%D9%86%D8%A7%D8%AA-%D8%A8%D8%A7%D8%B3%D8%AA%D8%AE%D8%AF%D8%A7%D9%85-%D8%A8%D8%A7%D9%8A%D8%AB%D9%88%D9%86
403 Forbidden,Non trouvé,Non trouvé,Non trouvé,Aucun avis,Inconnu,Inconnu,Aucun tag,https://khamsat.com/data/data-processing/3747332-%D9%85%D8%B9%D8%A7%D9%84%D8%AC%D8%A9-%D9%88%D8%AA%D9%86%D8%B8%D9%8A%D9%81-%D8%A8%D9%8A%D8%A7%D9%86%D8%A7%D8%AA%D9%83-%D8%A8%D8%A7%D8%AD%D8%AA%D8%B1%D8%A7%D9%81%D9%8A%D8%A9-%D8%A8%D8%A7%D8%B3%D8%AA%D8%AE%D8%AF%D8%A7%D9%85-python
403 Forbidden,Non trouvé,Non trouvé,Non trouvé,Aucun avis,Inconnu,Inconnu,Aucun tag,https://khamsat.com/data/data-entry/3772957-%D8%A3%D8%B3%D8%A7%D8%B9%D8%AF%D9%83-%D8%B9%D9%84%D9%89-%D8%AA%D8%AD%D9%84%D9%8A%D9%84-%D9%88%D8%AA%D9%86%D8%B8%D9%8A%D9%85-%D8%A8%D9%8A%D8%A7%D9%86%D8%A7%D8%AA%D9%83-%D9%81%D9%8A-%D8%AC%D8%AF%D8%A7%D9%88%D9%84-excel-%D8%A7%D8%AD%D8%AA%D8%B1%D8%A7%D9%81%D9%8A%D8%A9
403 Forbidden,Non trouvé,Non trouvé,Non trouvé,Aucun avis,Inconnu,Inconnu,Aucun tag,https://khamsat.com/data/data-analytics/3549078-%D8%AA%D8%AD%D9%84%D9%8A%D9%84-%D8%A8%D9%8A%D8%A7%D9%86%D8%A7%D8%AA-%D8%A7%D8%AD%D8%AA%D8%B1%D8%A7%D9%81%D9%8A-%D8%A8%D8%A7%D8%B3%D8%AA%D8%AE%D8%AF%D8%A7%D9%85-power-bi-%D9%85%D8%B9-%D8%AA%D9%82%D8%A7%D8%B1%D9%8A%D8%B1-%D8%AA%D9%81%D8%A7%D8%B9%D9%84%D9%8A%D8%A9
403 Forbidden,Non trouvé,Non trouvé,Non trouvé,Aucun avis,Inconnu,Inconnu,Aucun tag,https://khamsat.com/data/data-dashboards/3433585-%D8%A7%D9%86%D8%B4%D8%A7%D8%A1-%D8%AF%D8%A7%D8%B4%D8%A8%D9%88%D8%B1%D8%AF-%D8%A8%D8%A7%D8%B3%D8%AA%D8%AE%D8%AF%D8%A7%D9%85-%D8%A8%D8%A7%D9%88%D8%B1-%D8%A8%D9%8A-%D8%A7%D9%8A
403 Forbidden,Non trouvé,Non trouvé,Non trouvé,Aucun avis,Inconnu,Inconnu,Aucun tag,https://khamsat.com/data/data-processing/3791516-%D8%B3%D8%A3%D8%B3%D8%A7%D8%B9%D8%AF%D9%83-%D9%81%D9%8A-%D8%AA%D9%86%D8%B8%D9%8A%D9%85-%D9%88%D9%85%D8%B9%D8%A7%D9%84%D8%AC%D8%A9-%D8%A8%D9%8A%D8%A7%D9%86%D8%A7%D8%AA%D9%83-%D9%83%D9%85%D9%87%D9%86%D8%AF%D8%B3%D8%A9-%D8%A8%D9%8A%D8%A7%D9%86%D8%A7%D8%AA
403 Forbidden,Non trouvé,Non trouvé,Non trouvé,Aucun avis,Inconnu,Inconnu,Aucun tag,https://khamsat.com/data/data-entry/3866681-%D8%B3%D8%A3%D9%82%D9%88%D9%85-%D8%A8%D8%A5%D8%AF%D8%AE%D8%A7%D9%84-%D8%A8%D9%8A%D8%A7%D9%86%D8%A7%D8%AA%D9%83-%D8%A8%D8%AF%D9%82%D8%A9-%D9%88%D8%B3%D8%B1%D8%B9%D8%A9-%D8%B9%D9%84%D9%89-excel-%D8%A3%D9%88-google-sheets
403 Forbidden,Non trouvé,Non trouvé,Non trouvé,Aucun avis,Inconnu,Inconnu,Aucun tag,https://khamsat.com/data/data-analytics/3791469-%D8%AA%D8%AD%D9%84%D9%8A%D9%84-%D8%A7%D9%84%D8%A8%D9%8A%D8%A7%D9%86%D8%A7%D8%AA-%D9%88%D8%B9%D9%85%D9%84-%D8%AF%D8%A7%D8%B4%D8%A8%D9%88%D8%B1%D8%AF-%D8%A8%D8%A7%D8%B3%D8%AA%D8%AE%D8%AF%D8%A7%D9%85-power-bi
403 Forbidden,Non trouvé,Non trouvé,Non trouvé,Aucun avis,Inconnu,Inconnu,Aucun tag,https://khamsat.com/data/data-dashboards/2926302-%D8%AF%D8%A7%D8%B4-%D8%A8%D9%88%D8%B1%D8%AF-dashboard-%D9%84%D9%88%D8%AD%D8%A7%D8%AA-%D8%AA%D9%81%D8%A7%D8%B9%D9%84%D9%8A%D8%A9-%D8%B9%D9%84%D9%89-%D8%A8%D8%B1%D9%86%D8%A7%D9%85%D8%AC-power-bi
403 Forbidden,Non trouvé,Non trouvé,Non trouvé,Aucun avis,Inconnu,Inconnu,Aucun tag,https://khamsat.com/data/data-processing/3565027-%D8%A7%D8%B9%D8%AF%D8%A7%D8%AF-%D8%AC%D8%AF%D8%A7%D9%88%D9%84-%D9%88%D8%AA%D9%82%D8%A7%D8%B1%D9%8A%D8%B1-%D8%A7%D8%AD%D8%AA%D8%B1%D8%A7%D9%81%D9%8A%D8%A9-%D8%B9%D9%84%D9%89-excel
403 Forbidden,Non trouvé,Non trouvé,Non trouvé,Aucun avis,Inconnu,Inconnu,Aucun tag,https://khamsat.com/data/data-entry/3868396-%D8%A5%D8%AF%D8%AE%D8%A7%D9%84-%D9%88%D8%AA%D9%86%D8%B3%D9%8A%D9%82%D8%A7%D8%AA-%D8%A7%D8%AD%D8%AA%D8%B1%D8%A7%D9%81%D9%8A%D8%A9-%D9%81%D9%8A-%D8%A7%D9%84%D9%88%D9%88%D8%B1%D8%AF-%D9%88%D8%A7%D9%84%D8%A7%D9%83%D8%B3%D9%8A%D9%84
403 Forbidden,Non trouvé,Non trouvé,Non trouvé,Aucun avis,Inconnu,Inconnu,Aucun tag,https://khamsat.com/data/data-analytics/3014977-%D9%84%D9%88%D8%AD%D8%A7%D8%AA-%D8%AA%D8%AD%D9%83%D9%85-%D8%AA%D9%81%D8%A7%D8%B9%D9%84%D9%8A%D8%A9-%D8%B9%D9%84%D9%89-power-bi-%D9%84%D8%B9%D8%B1%D8%B6-%D8%A7%D9%84%D8%A8%D9%8A%D8%A7%D9%86%D8%A7%D8%AA-%D9%88%D8%AA%D8%AD%D9%84%D9%8A%D9%84-%D8%A7%D9%84%D8%A3%D8%AF%D8%A7%D8%A1
403 Forbidden,Non trouvé,Non trouvé,Non trouvé,Aucun avis,Inconnu,Inconnu,Aucun tag,https://khamsat.com/data/data-dashboards/3720556-%D8%AA%D8%B5%D9%85%D9%8A%D9%85-%D9%84%D9%88%D8%AD%D8%A7%D8%AA-%D8%A8%D9%8A%D8%A7%D9%86%D8%A7%D8%AA-%D8%AF%D8%A7%D8%B4%D8%A8%D9%88%D8%B1%D8%AF-%D8%AA%D9%81%D8%A7%D8%B9%D9%84%D9%8A%D8%A9-%D8%A8%D8%A7%D8%B3%D8%AA%D8%AE%D8%AF%D8%A7%D9%85-power-bi
403 Forbidden,Non trouvé,Non trouvé,Non trouvé,Aucun avis,Inconnu,Inconnu,Aucun tag,https://khamsat.com/data/data-processing/3697431-%D8%AA%D9%86%D8%B8%D9%8A%D9%81-%D8%A7%D9%84%D8%A8%D9%8A%D8%A7%D9%86%D8%A7%D8%AA-data-cleaning-%D9%85%D9%86-%D9%85%D9%84%D9%81%D8%A7%D8%AA-excel-csv-sql
403 Forbidden,Non trouvé,Non trouvé,Non trouvé,Aucun avis,Inconnu,Inconnu,Aucun tag,https://khamsat.com/data/data-entry/3872245-%D8%A5%D8%AF%D8%AE%D8%A7%D9%84-%D8%A8%D9%8A%D8%A7%D9%86%D8%A7%D8%AA-%D8%A7%D8%AD%D8%AA%D8%B1%D8%A7%D9%81%D9%8A-%D8%B9%D9%84%D9%89-excel-%D9%88word-%D8%A8%D8%AF%D9%82%D8%A9-%D9%88%D8%B3%D8%B1%D8%B9%D8%A9-%D8%B9%D8%A7%D9%84%D9%8A%D8%A9
403 Forbidden,Non trouvé,Non trouvé,Non trouvé,Aucun avis,Inconnu,Inconnu,Aucun tag,https://khamsat.com/data/data-analytics/3105220-%D9%85%D8%B4%D8%A7%D8%B1%D9%8A%D8%B9-%D8%AA%D8%AD%D9%84%D9%8A%D9%84-%D8%A8%D9%8A%D8%A7%D9%86%D8%A7%D8%AA-%D8%A8-%D8%A7%D8%B3%D8%AA%D8%AE%D8%AF%D8%A7%D9%85-%D8%A8%D8%A7%D9%8A%D8%AB%D9%88%D9%86-data-analysis-with-pyth
403 Forbidden,Non trouvé,Non trouvé,Non trouvé,Aucun avis,Inconnu,Inconnu,Aucun tag,https://khamsat.com/data/data-dashboards/3834816-%D8%AA%D8%B5%D9%85%D9%8A%D9%85-%D8%AF%D8%A7%D8%B4%D8%A8%D9%88%D8%B1%D8%AF-%D8%A7%D8%AD%D8%AA%D8%B1%D8%A7%D9%81%D9%8A-%D8%A8%D9%80-power-bi-%D9%88excel
403 Forbidden,Non trouvé,Non trouvé,Non trouvé,Aucun avis,Inconnu,Inconnu,Aucun tag,https://khamsat.com/data/data-processing/3131681-%D8%AA%D8%AD%D9%88%D9%8A%D9%84-%D8%A7%D9%84%D8%A8%D9%8A%D8%A7%D9%86%D8%A7%D8%AA-%D8%A5%D9%84%D9%89-%D8%AC%D8%AF%D8%A7%D9%88%D9%84-%D9%88%D8%B1%D8%B3%D9%88%D9%85-%D8%A8%D9%8A%D8%A7%D9%86%D9%8A%D8%A9-%D9%88%D8%A7%D8%B6%D8%AD%D8%A9-excel
403 Forbidden,Non trouvé,Non trouvé,Non trouvé,Aucun avis,Inconnu,Inconnu,Aucun tag,https://khamsat.com/data/data-entry/3702126-%D8%A5%D8%AF%D8%AE%D8%A7%D9%84-%D9%88%D8%AA%D9%86%D8%B8%D9%8A%D9%85-%D8%A7%D9%84%D8%A8%D9%8A%D8%A7%D9%86%D8%A7%D8%AA-%D8%B9%D9%84%D9%89-%D9%85%D8%B3%D8%AA%D9%86%D8%AF%D8%A7%D8%AA-%D9%88%D9%85%D9%84%D9%81%D8%A7%D8%AA-%D8%A5%D9%83%D8%B3%D9%84
403 Forbidden,Non trouvé,Non trouvé,Non trouvé,Aucun avis,Inconnu,Inconnu,Aucun tag,https://khamsat.com/data/data-analytics/2651090-%D8%A7%D9%84%D8%AA%D8%AD%D9%84%D9%8A%D9%84-%D8%A7%D9%84%D8%A7%D8%AD%D8%B5%D8%A7%D8%A6%D9%8A-%D8%A8%D8%A7%D8%B3%D8%AA%D8%AE%D8%AF%D8%A7%D9%85-%D8%A8%D8%B1%D9%86%D8%A7%D9%85%D8%AC-amos
403 Forbidden,Non trouvé,Non trouvé,Non trouvé,Aucun avis,Inconnu,Inconnu,Aucun tag,https://khamsat.com/data/data-dashboards/3665262-%D8%AA%D8%B5%D9%85%D9%8A%D9%85-dashboard-%D8%AF%D9%8A%D9%86%D8%A7%D9%85%D9%8A%D9%83%D9%8A-%D9%81%D9%8A-excel-%D9%84%D9%84%D9%85%D8%AA%D8%A7%D8%A8%D8%B9%D8%A9-%D9%88%D8%A7%D9%84%D8%AA%D8%AD%D9%84%D9%8A%D9%84
403 Forbidden,Non trouvé,Non trouvé,Non trouvé,Aucun avis,Inconnu,Inconnu,Aucun tag,https://khamsat.com/data/data-processing/3159554-%D8%AA%D9%86%D8%B8%D9%8A%D9%81-%D8%A7%D9%84%D8%A8%D9%8A%D8%A7%D9%86%D8%A7%D8%AA-%D8%A8%D8%A7%D8%B3%D8%AA%D8%AE%D8%AF%D8%A7%D9%85-sql
403 Forbidden,Non trouvé,Non trouvé,Non trouvé,Aucun avis,Inconnu,Inconnu,Aucun tag,https://khamsat.com/data/data-entry/3601465-%D8%AA%D9%86%D8%B3%D9%8A%D9%82-%D9%85%D9%84%D9%81%D8%A7%D8%AA-word-%D9%88%D8%A5%D8%AF%D8%AE%D8%A7%D9%84-%D8%A8%D9%8A%D8%A7%D9%86%D8%A7%D8%AA-%D8%A8%D8%AF%D9%82%D8%A9
403 Forbidden,Non trouvé,Non trouvé,Non trouvé,Aucun avis,Inconnu,Inconnu,Aucun tag,https://khamsat.com/data/data-analytics/3667192-%D8%B9%D9%85%D9%84-%D8%AF%D8%A7%D8%B4%D8%A8%D9%88%D8%B1%D8%AF-%D8%A8%D9%88%D8%A7%D8%B3%D8%B7%D8%A9-%D8%A8%D8%B1%D9%86%D8%A7%D9%85%D8%AC-%D8%A8%D8%A7%D9%88%D8%B1-%D8%A8%D9%8A-%D8%A7%D9%8A-power-bi
403 Forbidden,Non trouvé,Non trouvé,Non trouvé,Aucun avis,Inconnu,Inconnu,Aucun tag,https://khamsat.com/data/data-dashboards/3114381-%D8%AA%D8%B5%D9%85%D9%8A%D9%85-%D9%88%D8%AA%D8%B7%D9%88%D9%8A%D8%B1-%D9%84%D9%88%D8%AD%D8%A9-%D8%AA%D8%AD%D9%83%D9%85-%D8%AF%D8%A7%D8%B4-%D8%A8%D9%88%D8%B1%D8%AF-%D8%A7%D8%AD%D8%AA%D8%B1%D8%A7%D9%81%D9%8A%D8%A9
403 Forbidden,Non trouvé,Non trouvé,Non trouvé,Aucun avis,Inconnu,Inconnu,Aucun tag,https://khamsat.com/data/data-processing/753779-%D8%A7%D9%86%D8%B4%D8%A7%D8%A1-%D8%AC%D8%AF%D8%A7%D9%88%D9%84-%D8%A7%D9%83%D8%B3%D9%8A%D9%84-%D8%A8%D9%85%D8%B9%D8%A7%D8%AF%D9%84%D8%A7%D8%AA%D9%87%D8%A7-%D8%AD%D8%B3%D8%A8-%D8%A7%D9%84%D9%85%D8%B7%D9%84%D9%88%D8%A8
403 Forbidden,Non trouvé,Non trouvé,Non trouvé,Aucun avis,Inconnu,Inconnu,Aucun tag,https://khamsat.com/data/data-entry/3866727-%D8%A7%D8%AF%D8%AE%D8%A7%D9%84-%D8%A7%D9%84%D8%A8%D9%8A%D8%A7%D9%86%D8%A7%D8%AA-%D9%88%D8%A7%D9%84%D8%AA%D9%86%D8%B3%D9%8A%D9%82-%D8%B9%D9%84%D9%89-%D8%A7%D9%83%D8%B3%D9%84
403 Forbidden,Non trouvé,Non trouvé,Non trouvé,Aucun avis,Inconnu,Inconnu,Aucun tag,https://khamsat.com/data/data-analytics/3681564-%D8%AA%D8%AD%D9%84%D9%8A%D9%84-%D8%A7%D9%84%D8%A8%D9%8A%D8%A7%D9%86%D8%A7%D8%AA-%D8%A8%D8%A7%D8%B3%D8%AA%D8%AE%D8%AF%D8%A7%D9%85-%D8%A8%D8%A7%D9%8A%D8%AB%D9%88%D9%86
403 Forbidden,Non trouvé,Non trouvé,Non trouvé,Aucun avis,Inconnu,Inconnu,Aucun tag,https://khamsat.com/data/data-dashboards/3725226-dashboard-%D8%A8%D8%A7%D8%B3%D8%AA%D8%AE%D8%AF%D8%A7%D9%85-%D8%A7%D9%84-excel-%D9%88-power-bi
403 Forbidden,Non trouvé,Non trouvé,Non trouvé,Aucun avis,Inconnu,Inconnu,Aucun tag,https://khamsat.com/data/data-processing/3837133-%D8%B9%D9%85%D9%84-data-pipeline-%D9%83%D8%A7%D9%85%D9%84-%D9%84%D9%84%D8%A8%D9%8A%D8%A7%D9%86%D8%A7%D8%AA
403 Forbidden,Non trouvé,Non trouvé,Non trouvé,Aucun avis,Inconnu,Inconnu,Aucun tag,https://khamsat.com/data/data-entry/3869717-%D8%A7%D8%AF%D8%AE%D8%A7%D9%84-%D8%A8%D9%8A%D8%A7%D9%86%D8%A7%D8%AA-%D8%B9%D9%84%D9%89-%D8%AC%D8%AF%D8%A7%D9%88%D9%84-%D8%A7%D9%84%D8%A7%D9%83%D8%B3%D9%84
403 Forbidden,Non trouvé,Non trouvé,Non trouvé,Aucun avis,Inconnu,Inconnu,Aucun tag,https://khamsat.com/data/data-analytics/2267044-%D8%AA%D8%AD%D9%84%D9%8A%D9%84-%D8%A7%D9%84%D8%A8%D9%8A%D8%A7%D9%86%D8%A7%D8%AA-%D9%81%D9%8A-%D8%A7%D9%83%D8%B3%D9%84-excel-%D9%85%D8%B9-%D8%AA%D8%B1%D8%AC%D9%85%D8%AA%D9%87%D8%A7-%D9%84%D8%AA%D9%82%D8%A7%D8%B1%D9%8A%D8%B1-%D9%88%D8%AF%D8%A7%D8%B4%D8%A8%D9%88%D8%B1%D8%AF
403 Forbidden,Non trouvé,Non trouvé,Non trouvé,Aucun avis,Inconnu,Inconnu,Aucun tag,https://khamsat.com/data/data-dashboards/3823719-%D8%AA%D8%B5%D9%85%D9%8A%D9%85-%D9%84%D9%88%D8%AD%D8%A9-%D8%AA%D8%AD%D9%83%D9%85-%D8%AA%D9%81%D8%A7%D8%B9%D9%84%D9%8A%D8%A9-%D8%A7%D8%AD%D8%AA%D8%B1%D8%A7%D9%81%D9%8A%D8%A9-%D8%B9%D9%84%D9%8A-power-bi-%D9%84%D8%B9%D8%B1%D8%B6-%D8%A7%D9%84%D8%A8%D9%8A%D8%A7%D9%86%D8%A7%D8%AA
403 Forbidden,Non trouvé,Non trouvé,Non trouvé,Aucun avis,Inconnu,Inconnu,Aucun tag,https://khamsat.com/data/data-processing/3799858-%D8%AA%D9%86%D8%B8%D9%8A%D9%81-%D9%88%D9%85%D8%B9%D8%A7%D9%84%D8%AC%D8%A9-%D8%A7%D9%84%D8%A8%D9%8A%D8%A7%D9%86%D8%A7%D8%AA-%D9%84%D8%AA%D8%B5%D8%A8%D8%AD-%D8%AC%D8%A7%D9%87%D8%B2%D8%A9-%D9%84%D9%84%D8%AA%D8%AD%D9%84%D9%8A%D9%84-%D9%88%D8%A7%D9%84%D8%A5%D8%AD%D8%B5%D8%A7%D8%A1
403 Forbidden,Non trouvé,Non trouvé,Non trouvé,Aucun avis,Inconnu,Inconnu,Aucun tag,https://khamsat.com/data/data-entry/3702228-%D8%A5%D8%AF%D8%AE%D8%A7%D9%84-%D8%A7%D9%84%D8%A8%D9%8A%D8%A7%D9%86%D8%A7%D8%AA-%D8%B9%D9%84%D9%89-%D8%A8%D8%B1%D9%86%D8%A7%D9%85%D8%AC-%D8%A7%D9%84%D8%A7%D9%83%D8%B3%D9%84-%D9%85%D8%B9-%D8%A7%D9%84%D8%AA%D9%86%D8%B3%D9%8A%D9%82
403 Forbidden,Non trouvé,Non trouvé,Non trouvé,Aucun avis,Inconnu,Inconnu,Aucun tag,https://khamsat.com/data/data-analytics/3572830-%D8%AA%D8%AD%D9%84%D9%8A%D9%84-%D8%A8%D9%8A%D8%A7%D9%86%D8%A7%D8%AA-%D9%88%D8%B9%D9%85%D9%84-%D8%AF%D8%A7%D8%B4%D8%A8%D9%88%D8%B1%D8%AF-%D8%A7%D8%AD%D8%AA%D8%B1%D8%A7%D9%81%D9%8A-%D8%A8%D8%A7%D8%B3%D8%AA%D8%AE%D8%AF%D8%A7%D9%85-power-bi
403 Forbidden,Non trouvé,Non trouvé,Non trouvé,Aucun avis,Inconnu,Inconnu,Aucun tag,https://khamsat.com/data/data-dashboards/3826500-%D8%AA%D8%B5%D9%85%D9%8A%D9%85-%D8%AF%D8%A7%D8%B4-%D8%A8%D9%88%D8%B1%D8%AF-%D8%A8%D9%80-%D8%A7%D9%83%D8%B3%D9%84-dashboard-excel
403 Forbidden,Non trouvé,Non trouvé,Non trouvé,Aucun avis,Inconnu,Inconnu,Aucun tag,https://khamsat.com/data/data-processing/3800588-%D8%AA%D9%86%D8%B8%D9%8A%D9%81-%D9%88%D8%AA%D8%AD%D8%B6%D9%8A%D8%B1-%D8%A7%D9%84%D8%A8%D9%8A%D8%A7%D9%86%D8%A7%D8%AA-%D8%A8%D8%A7%D8%AD%D8%AA%D8%B1%D8%A7%D9%81-%D8%A8%D8%A7%D8%B3%D8%AA%D8%AE%D8%AF%D8%A7%D9%85-excel-%D9%88power-query
403 Forbidden,Non trouvé,Non trouvé,Non trouvé,Aucun avis,Inconnu,Inconnu,Aucun tag,https://khamsat.com/data/data-entry/3701194-%D8%A5%D8%AF%D8%AE%D8%A7%D9%84-%D8%A7%D9%84%D8%A8%D9%8A%D8%A7%D9%86%D8%A7%D8%AA-%D9%85%D9%86-%D8%B5%D9%88%D8%B1-%D8%A3%D9%88-%D9%85%D9%84%D9%81%D8%A7%D8%AA-pdf-%D8%A5%D9%84%D9%89-word-%D8%A3%D9%88-excel
403 Forbidden,Non trouvé,Non trouvé,Non trouvé,Aucun avis,Inconnu,Inconnu,Aucun tag,https://khamsat.com/data/data-analytics/3818532-%D8%AA%D9%82%D8%B1%D9%8A%D8%B1-%D9%88%D9%84%D9%88%D8%AD%D8%A9-%D8%AA%D8%AD%D9%83%D9%85-%D8%A7%D8%AD%D8%AA%D8%B1%D8%A7%D9%81%D9%8A%D8%A9-%D9%84%D8%AA%D8%AD%D9%84%D9%8A%D9%84-%D8%A7%D9%84%D9%85%D8%A8%D9%8A%D8%B9%D8%A7%D8%AA-%D9%88%D8%A7%D9%84%D8%A3%D8%B1%D8%A8%D8%A7%D8%AD-%D9%88%D8%A7%D9%84%D9%85%D9%86%D8%AA%D8%AC%D8%A7%D8%AA
403 Forbidden,Non trouvé,Non trouvé,Non trouvé,Aucun avis,Inconnu,Inconnu,Aucun tag,https://khamsat.com/data/data-dashboards/3611794-%D8%A8%D9%86%D8%A7%D8%A1-%D9%84%D9%88%D8%AD%D8%A9-%D8%AA%D8%AD%D9%84%D9%8A%D9%84-%D9%85%D8%A8%D9%8A%D8%B9%D8%A7%D8%AA-%D8%AA%D9%81%D8%A7%D8%B9%D9%84%D9%8A%D8%A9-%D8%A8%D9%80-power-bi
403 Forbidden,Non trouvé,Non trouvé,Non trouvé,Aucun avis,Inconnu,Inconnu,Aucun tag,https://khamsat.com/data/data-processing/3308904-%D8%A7%D9%84%D9%85%D8%B3%D8%A7%D8%B9%D8%AF%D9%87-%D9%81%D9%8A-%D8%AA%D9%86%D8%B3%D9%8A%D9%82-%D8%A7%D9%84%D8%B9%D8%B1%D9%88%D8%B6-%D9%88%D8%A7%D9%84%D8%AE%D8%B7%D8%B7-%D9%88%D8%A7%D9%84%D9%85%D9%84%D9%81%D8%A7%D8%AA-%D8%A7%D9%84%D8%AA%D9%86%D9%81%D9%8A%D8%B0%D9%8A%D9%87-%D8%A8%D8%A7%D8%AD%D8%AA%D8%B1%D8%A7%D9%81%D9%8A%D8%A9
403 Forbidden,Non trouvé,Non trouvé,Non trouvé,Aucun avis,Inconnu,Inconnu,Aucun tag,https://khamsat.com/data/data-entry/3856574-%D9%83%D8%AA%D8%A7%D8%A8%D8%A9-%D9%88%D8%AA%D9%86%D8%B3%D9%8A%D9%82-%D8%A7%D9%84%D9%85%D9%84%D9%81%D8%A7%D8%AA-%D8%A8%D8%A7%D8%AD%D8%AA%D8%B1%D8%A7%D9%81-%D8%B9%D9%84%D9%89-%D9%88%D9%88%D8%B1%D8%AF-microsoft-word
403 Forbidden,Non trouvé,Non trouvé,Non trouvé,Aucun avis,Inconnu,Inconnu,Aucun tag,https://khamsat.com/data/data-analytics/3196539-%D8%AA%D8%AD%D9%84%D9%8A%D9%84-%D8%A7%D9%84%D8%A8%D9%8A%D8%A7%D9%86%D8%A7%D8%AA-%D9%88%D8%B9%D9%85%D9%84-%D8%AF%D8%A7%D8%B4%D8%A8%D9%88%D8%B1%D8%AF-%D8%AA%D9%81%D8%A7%D8%B9%D9%84%D9%8A%D8%A9-%D8%A8%D8%A7%D8%B3%D8%AA%D8%AE%D8%AF%D8%A7%D9%85-%D8%A7%D9%83%D8%B3%D9%84-excel
403 Forbidden,Non trouvé,Non trouvé,Non trouvé,Aucun avis,Inconnu,Inconnu,Aucun tag,https://khamsat.com/data/data-dashboards/3056460-%D8%A5%D9%86%D8%B4%D8%A7%D8%A1-%D8%AF%D8%A7%D8%B4%D8%A8%D9%88%D8%B1%D8%AF-%D8%AA%D9%81%D8%A7%D8%B9%D9%84%D9%8A%D8%A9-%D9%84%D8%AA%D8%AD%D9%84%D9%8A%D9%84-%D8%A7%D9%84%D8%A8%D9%8A%D8%A7%D9%86%D8%A7%D8%AA-%D8%A8%D8%A7%D8%B3%D8%AA%D8%AE%D8%AF%D8%A7%D9%85-power-bi
403 Forbidden,Non trouvé,Non trouvé,Non trouvé,Aucun avis,Inconnu,Inconnu,Aucun tag,https://khamsat.com/data/data-processing/3835970-%D9%85%D8%B4%D8%A7%D8%B1%D9%8A%D8%B9-%D9%81%D9%8A-%D8%A7%D9%84%D8%B0%D9%83%D8%A7%D8%A1-%D8%A7%D9%84%D8%A7%D8%B5%D8%B7%D9%86%D8%A7%D8%B9%D9%8A-%D9%88-%D8%B9%D9%84%D9%85-%D8%A7%D9%84%D8%A8%D9%8A%D8%A7%D9%86%D8%A7%D8%AA
403 Forbidden,Non trouvé,Non trouvé,Non trouvé,Aucun avis,Inconnu,Inconnu,Aucun tag,https://khamsat.com/data/data-entry/3832308-%D8%A3%D8%AC%D9%8A%D8%AF-%D8%A5%D8%AF%D8%AE%D8%A7%D9%84-%D8%A7%D9%84%D8%A8%D9%8A%D8%A7%D9%86%D8%A7%D8%AA-%D8%B9%D9%84%D9%8A-%D8%A8%D8%B1%D9%86%D8%A7%D9%85%D8%AC-%D8%A7%D9%84%D8%A7%D9%83%D8%B3%D9%8A%D9%84-%D9%88%D8%AA%D8%B3%D9%88%D9%8A%D9%82%D9%87%D8%A7-%D9%81%D9%8A-%D8%AC%D8%AF%D8%A7%D9%88%D9%84
403 Forbidden,Non trouvé,Non trouvé,Non trouvé,Aucun avis,Inconnu,Inconnu,Aucun tag,https://khamsat.com/data/data-analytics/3126681-%D8%AA%D8%AD%D9%84%D9%8A%D9%84-%D8%A7%D9%84%D8%A8%D9%8A%D8%A7%D9%86%D8%A7%D8%AA-%D8%A7%D9%84%D8%A7%D9%82%D8%AA%D8%B5%D8%A7%D8%AF%D9%8A%D8%A9-%D9%88%D8%A7%D9%84%D8%A5%D8%AD%D8%B5%D8%A7%D8%A6%D9%8A%D8%A9-%D8%A8%D8%A7%D8%B3%D8%AA%D8%AE%D8%AF%D8%A7%D9%85-eviews
403 Forbidden,Non trouvé,Non trouvé,Non trouvé,Aucun avis,Inconnu,Inconnu,Aucun tag,https://khamsat.com/data/data-dashboards/3799456-%D8%A3%D9%82%D9%88%D9%85-%D8%A8%D8%AA%D8%AD%D9%84%D9%8A%D9%84-%D8%A8%D9%8A%D8%A7%D9%86%D8%A7%D8%AA-%D9%88%D8%AA%D8%B5%D9%85%D9%8A%D9%85-%D8%AF%D8%A7%D8%B4%D8%A8%D9%88%D8%B1%D8%AF-%D8%AA%D9%81%D8%A7%D8%B9%D9%84%D9%8A%D8%A9-%D8%A8%D8%A7%D8%B3%D8%AA%D8%AE%D8%AF%D8%A7%D9%85-power-bi
403 Forbidden,Non trouvé,Non trouvé,Non trouvé,Aucun avis,Inconnu,Inconnu,Aucun tag,https://khamsat.com/data/data-processing/3786328-%D9%85%D8%B9%D8%A7%D9%84%D8%AC%D8%A9-%D9%88-%D8%AA%D9%86%D8%B8%D9%8A%D9%81-%D8%A7%D9%84%D8%A8%D9%8A%D8%A7%D9%86%D8%A7%D8%AA-%D8%A8%D8%A5%D8%B3%D8%AA%D8%AE%D8%AF%D8%A7%D9%85-excel-%D9%88-power-query
403 Forbidden,Non trouvé,Non trouvé,Non trouvé,Aucun avis,Inconnu,Inconnu,Aucun tag,https://khamsat.com/data/data-entry/3895272-%D8%A7%D8%AF%D8%AE%D8%A7%D9%84-%D8%A8%D9%8A%D8%A7%D9%86%D8%A7%D8%AA-%D9%85%D9%86-pdf-%D9%84-excel
403 Forbidden,Non trouvé,Non trouvé,Non trouvé,Aucun avis,Inconnu,Inconnu,Aucun tag,https://khamsat.com/data/data-analytics/3240411-%D8%AA%D8%AD%D9%84%D9%8A%D9%84-%D8%A7%D9%84%D8%A8%D9%8A%D8%A7%D9%86%D8%A7%D8%AA-%D9%88%D8%AA%D8%B5%D9%85%D9%8A%D9%85-dashboard-%D8%A8%D8%A7%D8%B3%D8%AA%D8%AE%D8%AF%D8%A7%D9%85-power-bi
403 Forbidden,Non trouvé,Non trouvé,Non trouvé,Aucun avis,Inconnu,Inconnu,Aucun tag,https://khamsat.com/data/data-dashboards/3797690-%D8%AA%D8%B5%D9%85%D9%8A%D9%85-%D8%AF%D8%A7%D8%B4%D8%A8%D9%88%D8%B1%D8%AF-%D8%A8%D8%A7%D8%B3%D8%AA%D8%AE%D8%AF%D8%A7%D9%85-power-bi-tableau
403 Forbidden,Non trouvé,Non trouvé,Non trouvé,Aucun avis,Inconnu,Inconnu,Aucun tag,https://khamsat.com/data/data-processing/3800584-%D8%AA%D9%86%D8%B8%D9%8A%D9%81-%D8%A7%D9%84%D8%A8%D9%8A%D8%A7%D9%86%D8%A7%D8%AA-%D9%88%D8%AA%D9%86%D8%B3%D9%8A%D9%82-%D8%A7%D9%84%D9%85%D9%84%D9%81%D8%A7%D8%AA-data-cleaning-reformatting
403 Forbidden,Non trouvé,Non trouvé,Non trouvé,Aucun avis,Inconnu,Inconnu,Aucun tag,https://khamsat.com/data/data-entry/3810890-%D8%A7%D8%AF%D8%AE%D8%A7%D9%84-%D8%A8%D9%8A%D8%A7%D9%86%D8%A7%D8%AA-%D8%A8%D8%B4%D9%83%D9%84-%D8%A7%D8%AD%D8%AA%D8%B1%D8%A7%D9%81%D9%8A
403 Forbidden,Non trouvé,Non trouvé,Non trouvé,Aucun avis,Inconnu,Inconnu,Aucun tag,https://khamsat.com/data/data-analytics/3278250-%D8%B3%D8%A3%D9%82%D9%88%D9%85-%D8%A8%D8%AA%D8%AD%D9%84%D9%8A%D9%84-%D8%A8%D9%8A%D8%A7%D9%86%D8%A7%D8%AA%D9%83-%D8%A8%D8%A7%D8%B3%D8%AA%D8%AE%D8%AF%D8%A7%D9%85-python-%D9%88%D8%A5%D9%86%D8%B4%D8%A7%D8%A1-%D8%B1%D8%B3%D9%88%D9%85-%D8%A8%D9%8A%D8%A7%D9%86%D9%8A%D8%A9-%D8%A7%D8%AD%D8%AA%D8%B1%D8%A7%D9%81%D9%8A%D8%A9
403 Forbidden,Non trouvé,Non trouvé,Non trouvé,Aucun avis,Inconnu,Inconnu,Aucun tag,https://khamsat.com/data/data-dashboards/3218577-%D8%AA%D8%B5%D9%85%D9%8A%D9%85-%D8%AF%D8%A7%D8%B4%D8%A8%D9%88%D8%B1%D8%AF-%D8%A7%D8%AD%D8%AA%D8%B1%D8%A7%D9%81%D9%8A-%D9%81%D9%8A-power-bi-%D9%84%D8%AA%D8%AD%D9%84%D9%8A%D9%84-%D8%A7%D9%84%D8%A8%D9%8A%D8%A7%D9%86%D8%A7%D8%AA
403 Forbidden,Non trouvé,Non trouvé,Non trouvé,Aucun avis,Inconnu,Inconnu,Aucun tag,https://khamsat.com/data/data-processing/3826635-%D8%AA%D9%86%D8%B8%D9%8A%D9%81-%D8%A7%D9%84%D8%A8%D9%8A%D8%A7%D9%86%D8%A7%D8%AA-data-cleaning-preprocessing
403 Forbidden,Non trouvé,Non trouvé,Non trouvé,Aucun avis,Inconnu,Inconnu,Aucun tag,https://khamsat.com/data/data-entry/3747341-%D8%A5%D8%AF%D8%AE%D8%A7%D9%84-%D8%A7%D9%84%D8%A8%D9%8A%D8%A7%D9%86%D8%A7%D8%AA-%D9%88%D8%AA%D9%86%D8%B8%D9%8A%D9%85%D9%87%D8%A7-%D9%81%D9%8A-excel-%D8%A3%D9%88-google-sheets-%D8%A8%D8%AF%D9%82%D8%A9-%D8%B9%D8%A7%D9%84%D9%8A%D8%A9
403 Forbidden,Non trouvé,Non trouvé,Non trouvé,Aucun avis,Inconnu,Inconnu,Aucun tag,https://khamsat.com/data/data-analytics/3194691-%D8%A7%D9%84%D8%AA%D8%AD%D9%84%D9%8A%D9%84-%D8%A7%D9%84%D8%A5%D8%AD%D8%B5%D8%A7%D8%A6%D9%8A-%D8%A7%D9%84%D9%85%D8%AA%D9%82%D8%AF%D9%85-%D8%A8%D8%A7%D8%B3%D8%AA%D8%AE%D8%AF%D8%A7%D9%85-r
403 Forbidden,Non trouvé,Non trouvé,Non trouvé,Aucun avis,Inconnu,Inconnu,Aucun tag,https://khamsat.com/data/data-dashboards/3722286-%D8%AA%D8%B5%D9%85%D9%8A%D9%85-%D8%AA%D9%82%D8%A7%D8%B1%D9%8A%D8%B1-%D9%88%D9%84%D9%88%D8%AD%D8%A7%D8%AA-%D8%AA%D8%AD%D9%83%D9%85-%D8%AA%D9%81%D8%A7%D8%B9%D9%84%D9%8A%D8%A9-%D8%A7%D8%AD%D8%AA%D8%B1%D8%A7%D9%81%D9%8A%D8%A9-excel-power-bi
403 Forbidden,Non trouvé,Non trouvé,Non trouvé,Aucun avis,Inconnu,Inconnu,Aucun tag,https://khamsat.com/data/data-processing/3744530-%D9%85%D8%B9%D8%A7%D9%84%D8%AC%D8%A9-%D8%A8%D9%8A%D8%A7%D9%86%D8%A7%D8%AA-%D8%AA%D9%86%D8%B8%D9%8A%D9%81-%D9%88%D8%AA%D9%86%D8%B3%D9%8A%D9%82-%D8%A7%D9%84%D8%A8%D9%8A%D8%A7%D9%86%D8%A7%D8%AA
403 Forbidden,Non trouvé,Non trouvé,Non trouvé,Aucun avis,Inconnu,Inconnu,Aucun tag,https://khamsat.com/data/data-entry/3865732-%D8%A5%D8%AF%D8%AE%D8%A7%D9%84-%D8%A7%D9%84%D8%A8%D9%8A%D8%A7%D9%86%D8%A7%D8%AA-%D9%88%D8%AA%D9%86%D8%B8%D9%8A%D9%85%D9%87%D8%A7-%D8%A8%D8%AF%D9%82%D8%A9-%D9%88%D8%A7%D8%AD%D8%AA%D8%B1%D8%A7%D9%81%D9%8A%D8%A9
403 Forbidden,Non trouvé,Non trouvé,Non trouvé,Aucun avis,Inconnu,Inconnu,Aucun tag,https://khamsat.com/data/data-analytics/3017025-%D9%85%D9%84%D9%81-%D8%A7%D9%83%D8%B3%D9%84-%D8%AE%D8%A7%D8%B5-%D8%A8%D9%85%D9%88%D9%82%D8%B9-%D9%86%D9%88%D9%86-%D9%84%D8%AD%D8%B3%D8%A7%D8%A8-%D8%A7%D9%84%D9%85%D8%A8%D9%8A%D8%B9%D8%A7%D8%AA-%D9%88%D8%A7%D9%84%D8%A3%D8%B1%D8%A8%D8%A7%D8%AD
403 Forbidden,Non trouvé,Non trouvé,Non trouvé,Aucun avis,Inconnu,Inconnu,Aucun tag,https://khamsat.com/data/data-dashboards/3057040-%D8%AA%D8%B5%D9%85%D9%8A%D9%85-%D8%AF%D8%A7%D8%B4%D8%A8%D9%88%D8%B1%D8%AF-%D8%AA%D9%81%D8%A7%D8%B9%D9%84%D9%8A%D8%A9-%D9%88%D8%A7%D8%AD%D8%AA%D8%B1%D8%A7%D9%81%D9%8A%D8%A9-%D8%A8%D8%A7%D8%B3%D8%AA%D8%AE%D8%AF%D8%A7%D9%85-power-bi
403 Forbidden,Non trouvé,Non trouvé,Non trouvé,Aucun avis,Inconnu,Inconnu,Aucun tag,https://khamsat.com/data/data-processing/3748079-%D8%A3%D8%AA%D9%85%D8%AA%D8%A9-%D8%A5%D8%B3%D8%AA%D8%AE%D8%B1%D8%A7%D8%AC-%D9%88%D9%85%D8%B9%D8%A7%D9%84%D8%AC%D8%A9-%D8%A7%D9%84%D8%A8%D9%8A%D8%A7%D9%86%D8%A7%D8%AA-%D8%A8%D8%A5%D8%B3%D8%AA%D8%AE%D8%AF%D8%A7%D9%85-excel-vba
403 Forbidden,Non trouvé,Non trouvé,Non trouvé,Aucun avis,Inconnu,Inconnu,Aucun tag,https://khamsat.com/data/data-entry/3737945-%D8%A7%D8%AF%D8%AE%D8%A7%D9%84-%D8%A8%D9%8A%D8%A7%D9%86%D8%A7%D8%AA-%D9%85%D8%AD%D8%AA%D8%B1%D9%81-%D8%A8%D8%A7%D8%B3%D8%AA%D8%AE%D8%AF%D8%A7%D9%85-%D8%A7%D9%83%D8%B3%D9%84
403 Forbidden,Non trouvé,Non trouvé,Non trouvé,Aucun avis,Inconnu,Inconnu,Aucun tag,https://khamsat.com/data/data-analytics/3393475-%D8%B3%D8%A3%D9%82%D9%88%D9%85-%D8%A8%D8%AA%D8%AD%D9%84%D9%8A%D9%84-%D8%A8%D9%8A%D8%A7%D9%86%D8%A7%D8%AA%D9%83-%D8%A8%D8%A7%D8%B3%D8%AA%D8%AE%D8%AF%D8%A7%D9%85-excel-%D8%A3%D9%88-python-%D8%A3%D9%88-power-bi
403 Forbidden,Non trouvé,Non trouvé,Non trouvé,Aucun avis,Inconnu,Inconnu,Aucun tag,https://khamsat.com/data/data-dashboards/2920623-%D8%AA%D8%B5%D9%85%D9%8A%D9%85-%D9%84%D9%88%D8%AD%D8%A9-%D9%82%D9%8A%D8%A7%D8%AF%D8%A9-dashboard
403 Forbidden,Non trouvé,Non trouvé,Non trouvé,Aucun avis,Inconnu,Inconnu,Aucun tag,https://khamsat.com/data/data-processing/3731119-%D8%AA%D9%86%D8%B8%D9%8A%D9%81-%D9%88%D8%AA%D8%AD%D8%B6%D9%8A%D8%B1-%D8%A7%D9%84%D8%A8%D9%8A%D8%A7%D9%86%D8%A7%D8%AA-excel-%D9%88-csv-%D9%84%D8%AA%D8%B5%D8%A8%D8%AD-%D8%AC%D8%A7%D9%87%D8%B2%D8%A9-%D9%84%D9%84%D8%AA%D8%AD%D9%84%D9%8A%D9%84
403 Forbidden,Non trouvé,Non trouvé,Non trouvé,Aucun avis,Inconnu,Inconnu,Aucun tag,https://khamsat.com/data/data-entry/3815280-%D8%A5%D8%AF%D8%AE%D8%A7%D9%84-%D8%A7%D9%84%D8%A8%D9%8A%D8%A7%D9%86%D8%A7%D8%AA-%D9%88%D8%AA%D9%86%D8%B3%D9%8A%D9%82-%D8%A7%D9%84%D9%85%D9%84%D9%81%D8%A7%D8%AA-%D8%A8%D8%A7%D8%B3%D8%AA%D8%AE%D8%AF%D8%A7%D9%85-excel-word-%D8%A8%D8%AF%D9%82%D8%A9-%D8%B9%D8%A7%D9%84%D9%8A%D8%A9
403 Forbidden,Non trouvé,Non trouvé,Non trouvé,Aucun avis,Inconnu,Inconnu,Aucun tag,https://khamsat.com/data/data-analytics/3794069-%D8%AA%D8%AD%D9%84%D9%8A%D9%84-%D9%88-%D8%AA%D9%86%D8%B8%D9%8A%D9%81-%D8%A7%D9%84%D8%A8%D9%8A%D8%A7%D9%86%D8%A7%D8%AA-%D9%88-%D8%A5%D9%86%D8%B4%D8%A7%D8%A1-%D8%AA%D9%82%D8%A7%D8%B1%D9%8A%D8%B1-%D9%88dashboards-%D9%85%D9%85%D9%8A%D8%B2%D8%A9
403 Forbidden,Non trouvé,Non trouvé,Non trouvé,Aucun avis,Inconnu,Inconnu,Aucun tag,https://khamsat.com/data/data-dashboards/3743927-%D8%AA%D8%AD%D9%88%D9%8A%D9%84-%D8%A8%D9%8A%D8%A7%D9%86%D8%A7%D8%AA%D9%83-%D8%A5%D9%84%D9%89-%D8%AF%D8%A7%D8%B4%D8%A8%D9%88%D8%B1%D8%AF-%D8%AA%D9%81%D8%A7%D8%B9%D9%84%D9%8A-%D8%A7%D8%AD%D8%AA%D8%B1%D8%A7%D9%81%D9%8A-%D8%A8%D8%A7%D8%B3%D8%AA%D8%AE%D8%AF%D8%A7%D9%85-power-bi
403 Forbidden,Non trouvé,Non trouvé,Non trouvé,Aucun avis,Inconnu,Inconnu,Aucun tag,https://khamsat.com/data/data-processing/3727840-%D8%AA%D8%AD%D9%88%D9%8A%D9%84-%D9%88%D8%AA%D8%AD%D8%B6%D9%8A%D8%B1-%D8%A7%D9%84%D8%A8%D9%8A%D8%A7%D9%86%D8%A7%D8%AA-data-cleaning-preprocessing
403 Forbidden,Non trouvé,Non trouvé,Non trouvé,Aucun avis,Inconnu,Inconnu,Aucun tag,https://khamsat.com/data/data-entry/2996852-%D8%A5%D8%AF%D8%AE%D8%A7%D9%84-%D9%88%D8%AA%D9%86%D8%B8%D9%8A%D9%85-%D9%83%D8%A7%D9%81%D8%A9-%D8%A3%D9%86%D9%88%D8%A7%D8%B9-%D8%A7%D9%84%D8%A8%D9%8A%D8%A7%D9%86%D8%A7%D8%AA-%D9%81%D9%8A-%D8%A8%D8%B1%D9%86%D8%A7%D9%85%D8%AC-excel
403 Forbidden,Non trouvé,Non trouvé,Non trouvé,Aucun avis,Inconnu,Inconnu,Aucun tag,https://khamsat.com/data/data-analytics/3044765-%D8%A5%D9%86%D8%B4%D8%A7%D8%A1-%D8%A7%D9%84%D8%AA%D9%82%D8%A7%D8%B1%D9%8A%D8%B1-%D8%A7%D9%84%D8%AA%D9%81%D8%A7%D8%B9%D9%84%D9%8A%D8%A9-%D8%A8%D8%A7%D8%B3%D8%AA%D8%AE%D8%AF%D8%A7%D9%85-power-bi-and-excel
403 Forbidden,Non trouvé,Non trouvé,Non trouvé,Aucun avis,Inconnu,Inconnu,Aucun tag,https://khamsat.com/data/data-dashboards/3867875-%D8%AA%D8%B5%D9%85%D9%8A%D9%85-%D9%84%D9%88%D8%AD%D8%A7%D8%AA-%D9%85%D8%B9%D9%84%D9%88%D9%85%D8%A7%D8%AA-%D8%AA%D9%81%D8%A7%D8%B9%D9%84%D9%8A%D8%A9-%D9%88%D8%A7%D8%AD%D8%AA%D8%B1%D8%A7%D9%81%D9%8A%D8%A9-dashboardpower-bi
403 Forbidden,Non trouvé,Non trouvé,Non trouvé,Aucun avis,Inconnu,Inconnu,Aucun tag,https://khamsat.com/data/data-processing/3328180-%D8%AA%D9%86%D8%B3%D9%8A%D9%82-%D8%A7%D9%84%D8%A8%D9%8A%D8%A7%D9%86%D8%A7%D8%AA-%D8%A8%D8%A7%D8%AD%D8%AA%D8%B1%D8%A7%D9%81-%D8%B9%D9%84%D9%89-excel
403 Forbidden,Non trouvé,Non trouvé,Non trouvé,Aucun avis,Inconnu,Inconnu,Aucun tag,https://khamsat.com/data/data-entry/3663886-%D8%A7%D8%AF%D8%AE%D8%A7%D9%84-%D8%A8%D9%8A%D8%A7%D9%86%D8%A7%D8%AA-%D9%81%D9%8A-excel-%D8%A3%D9%88-word-%D8%A8%D8%B3%D8%B1%D8%B9%D8%A9-%D9%88%D8%AF%D9%82%D8%A9
403 Forbidden,Non trouvé,Non trouvé,Non trouvé,Aucun avis,Inconnu,Inconnu,Aucun tag,https://khamsat.com/data/data-analytics/3556880-%D8%A5%D9%86%D8%B4%D8%A7%D8%A1-%D8%AF%D8%A7%D8%B4%D8%A8%D9%88%D8%B1%D8%AF-power-bi-%D9%84%D8%B9%D8%B1%D8%B6-%D9%88%D8%AA%D8%AD%D9%84%D9%8A%D9%84-%D8%A7%D9%84%D8%A8%D9%8A%D8%A7%D9%86%D8%A7%D8%AA
403 Forbidden,Non trouvé,Non trouvé,Non trouvé,Aucun avis,Inconnu,Inconnu,Aucun tag,https://khamsat.com/data/data-dashboards/3191646-%D8%AA%D8%B5%D9%85%D9%8A%D9%85-%D9%84%D9%88%D8%AD%D8%A9-%D8%A8%D9%8A%D8%A7%D9%86%D8%A7%D8%AA-%D8%AC%D8%B0%D8%A7%D8%A8%D9%87-%D8%B9%D9%84%D9%8A-%D8%A7%D9%84%D8%A8%D8%A7%D9%88%D8%B1-%D8%A8%D9%8A-%D8%A7%D9%8A-power-bi-%D9%88%D8%A7%D9%84%D8%A7%D9%83%D8%B3%D9%8A%D9%84
403 Forbidden,Non trouvé,Non trouvé,Non trouvé,Aucun avis,Inconnu,Inconnu,Aucun tag,https://khamsat.com/data/data-processing/3198043-%D8%A3%D8%AD%D9%84%D9%84-%D9%88%D8%A3%D9%86%D8%B8%D9%81-%D8%A8%D9%8A%D8%A7%D9%86%D8%A7%D8%AA%D9%83-%D8%A8%D8%A7%D8%B3%D8%AA%D8%AE%D8%AF%D8%A7%D9%85-python-%D9%88-mysql-%D8%A8%D8%B3%D8%B1%D8%B9%D8%A9-%D9%88%D8%AF%D9%82%D8%A9
403 Forbidden,Non trouvé,Non trouvé,Non trouvé,Aucun avis,Inconnu,Inconnu,Aucun tag,https://khamsat.com/data/data-entry/3841212-%D8%B3%D8%A3%D9%82%D9%88%D9%85-%D8%A8%D8%A5%D8%AF%D8%AE%D8%A7%D9%84-%D8%A7%D9%84%D8%A8%D9%8A%D8%A7%D9%86%D8%A7%D8%AA-%D8%A8%D8%A7%D8%AD%D8%AA%D8%B1%D8%A7%D9%81-%D9%88%D8%B3%D8%B1%D8%B9%D8%A9
403 Forbidden,Non trouvé,Non trouvé,Non trouvé,Aucun avis,Inconnu,Inconnu,Aucun tag,https://khamsat.com/data/data-analytics/3663918-%D8%AA%D8%B5%D9%88%D9%8A%D8%B1-%D8%A7%D9%84%D8%A8%D9%8A%D8%A7%D9%86%D8%A7%D8%AA-%D8%A8%D8%A7%D8%B3%D8%AA%D8%AE%D8%AF%D8%A7%D9%85-%D8%A8%D8%A7%D9%8A%D8%AB%D9%88%D9%86-data-visualization
403 Forbidden,Non trouvé,Non trouvé,Non trouvé,Aucun avis,Inconnu,Inconnu,Aucun tag,https://khamsat.com/data/data-dashboards/2678342-%D8%AA%D8%B5%D9%85%D9%8A%D9%85-%D8%AF%D8%A7%D8%B4-%D8%A8%D9%88%D8%B1%D8%AF-%D8%AA%D9%81%D8%A7%D8%B9%D9%84%D9%8A-%D8%A8%D8%A7%D9%84%D8%A7%D9%83%D8%B3%D9%84
