Titre,Vendeur,Acheteurs,Notes,Date Dernier Avis,Catégorie,Sous-Catégorie,Mots Clés,Lien
كتاب فن الاقتراب من الجمهور المستهدف,.Fathi G,9,8,منذ شهرين و7 أيام,تعليم عن بعد,تعلم المهارات الرقمية,"التسويق, مستهدف, جمهور, تسويق رقمي, digital marketing",https://khamsat.com/training/learn-marketing/2605949-%D9%83%D8%AA%D8%A7%D8%A8-%D9%81%D9%86-%D8%A7%D9%84%D8%A7%D9%82%D8%AA%D8%B1%D8%A7%D8%A8-%D9%85%D9%86-%D8%A7%D9%84%D8%AC%D9%85%D9%87%D9%88%D8%B1-%D8%A7%D9%84%D9%85%D8%B3%D8%AA%D9%87%D8%AF%D9%81
احصل على الدليل الشامل للتسويق الرقمي,.Huda A,3,4,منذ سنتين وشهرين,تعليم عن بعد,تعلم المهارات الرقمية,"تسويق, مبيعات, seo, متجر, مسوق",https://khamsat.com/training/learn-marketing/2862516-%D8%A7%D8%AD%D8%B5%D9%84-%D8%B9%D9%84%D9%89-%D8%A7%D9%84%D8%AF%D9%84%D9%8A%D9%84-%D8%A7%D9%84%D8%B4%D8%A7%D9%85%D9%84-%D9%84%D9%84%D8%AA%D8%B3%D9%88%D9%8A%D9%82-%D8%A7%D9%84%D8%B1%D9%82%D9%85%D9%8A
تعلّم كيف تصيغ عناوين احترافية .. مئات النماذج مع الأمثلة,.Mohammad H,18,6,منذ 3 سنوات و10 أشهر,تعليم عن بعد,تعلم المهارات الرقمية,"التدوين, كتابة, صياغة, المقالات, العناوين",https://khamsat.com/training/learn-marketing/1369645-%D8%AA%D8%B9%D9%84%D9%85-%D9%83%D9%8A%D9%81-%D8%AA%D8%B5%D9%8A%D8%BA-%D8%B9%D9%86%D8%A7%D9%88%D9%8A%D9%86-%D8%A7%D8%AD%D8%AA%D8%B1%D8%A7%D9%81%D9%8A%D8%A9-%D9%85%D8%A6%D8%A7%D8%AA-%D8%A7%D9%84%D9%86%D9%85%D8%A7%D8%B0%D8%AC-%D9%85%D8%B9-%D8%A7%D9%84%D8%A3%D9%85%D8%AB%D9%84%D8%A9
دليل التسويق الإلكتروني و الإعلانات المموله,.Omar S,1,1,منذ شهرين و21 يوم,تعليم عن بعد,تعلم المهارات الرقمية,"خوارزميات, تسويق الكتروني, كتابة محتوى, التسويق بالمحتوى, إعلانات سوشيال ميديا",https://khamsat.com/training/learn-marketing/3226109-%D8%AF%D9%84%D9%8A%D9%84-%D8%A7%D9%84%D8%AA%D8%B3%D9%88%D9%8A%D9%82-%D8%A7%D9%84%D8%A5%D9%84%D9%83%D8%AA%D8%B1%D9%88%D9%86%D9%8A-%D9%88-%D8%A7%D9%84%D8%A5%D8%B9%D9%84%D8%A7%D9%86%D8%A7%D8%AA-%D8%A7%D9%84%D9%85%D9%85%D9%88%D9%84%D9%87
كتاب سيلز فانل | دليلك إلى مبيعات أكثر بتكلفة أقل,إسماعيل ا.,6,5,منذ سنة و6 أشهر,تعليم عن بعد,تعلم المهارات الرقمية,"مبيعات, زوار, شراء, عملاء",https://khamsat.com/training/learn-marketing/1449245-%D9%83%D8%AA%D8%A7%D8%A8-%D8%B3%D9%8A%D9%84%D8%B2-%D9%81%D8%A7%D9%86%D9%84-%D8%AF%D9%84%D9%8A%D9%84%D9%83-%D8%A5%D9%84%D9%89-%D9%85%D8%A8%D9%8A%D8%B9%D8%A7%D8%AA-%D8%A3%D9%83%D8%AB%D8%B1-%D8%A8%D8%AA%D9%83%D9%84%D9%81%D8%A9-%D8%A3%D9%82%D9%84
تعلم التسويق الرقمي,Non trouvé,Non trouvé,Non trouvé,Aucun avis,تعليم عن بعد,تعلم المهارات الرقمية,Aucun tag,https://khamsat.com/training/learn-marketing/2634242-%D8%A7%D9%84%D8%AF%D9%84%D9%8A%D9%84-%D8%A7%D9%84%D9%83%D8%A7%D9%85%D9%84-%D9%84%D9%84%D8%AA%D8%B3%D9%88%D9%8A%D9%82-%D8%B9%D8%A8%D8%B1-%D8%A7%D9%84%D8%A8%D9%86%D8%AA%D8%B1%D9%8A%D8%B3%D8%AA
كتيب عن أهم الأدوات المجانية للتسويق الالكتروني,سمية ل.,0,0,Aucun avis,تعليم عن بعد,تعلم المهارات الرقمية,Aucun tag,https://khamsat.com/training/learn-marketing/1962727-%D9%83%D8%AA%D9%8A%D8%A8-%D8%B9%D9%86-%D8%A3%D9%87%D9%85-%D8%A7%D9%84%D8%A3%D8%AF%D9%88%D8%A7%D8%AA-%D8%A7%D9%84%D9%85%D8%AC%D8%A7%D9%86%D9%8A%D8%A9-%D9%84%D9%84%D8%AA%D8%B3%D9%88%D9%8A%D9%82-%D8%A7%D9%84%D8%A7%D9%84%D9%83%D8%AA%D8%B1%D9%88%D9%86%D9%8A
كتاب احترف اعلانات غوغل أدس و اليوتيوب خطوة خطوة,باسم ب.,22,8,منذ سنتين و7 أيام,تعليم عن بعد,تعلم المهارات الرقمية,"موقع, تسويق, اعلانات, ترويج, مبيعات, زوار, يوتيوب, المال, تجارة, مشروع",https://khamsat.com/training/learn-marketing/1947597-%D9%83%D8%AA%D8%A7%D8%A8-%D8%A7%D8%AD%D8%AA%D8%B1%D9%81-%D8%A7%D8%B9%D9%84%D8%A7%D9%86%D8%A7%D8%AA-%D8%BA%D9%88%D8%BA%D9%84-%D8%A3%D8%AF%D8%B3-%D9%88-%D8%A7%D9%84%D9%8A%D9%88%D8%AA%D9%8A%D9%88%D8%A8-%D8%AE%D8%B7%D9%88%D8%A9-%D8%AE%D8%B7%D9%88%D8%A9
أدوات المسوق الرقمي أفضل أدوات التسويق الالكتروني,إسماعيل ا.,70,41,منذ 8 أشهر و11 يوم,تعليم عن بعد,تعلم المهارات الرقمية,"تسويق, تحليل, كتاب, سيو, مسوق, أدوات, سوشيال",https://khamsat.com/training/learn-marketing/1242942-%D8%A3%D8%AF%D9%88%D8%A7%D8%AA-%D8%A7%D9%84%D9%85%D8%B3%D9%88%D9%82-%D8%A7%D9%84%D8%B1%D9%82%D9%85%D9%8A-%D8%A3%D9%81%D8%B6%D9%84-%D8%A3%D8%AF%D9%88%D8%A7%D8%AA-%D8%A7%D9%84%D8%AA%D8%B3%D9%88%D9%8A%D9%82-%D8%A7%D9%84%D8%A7%D9%84%D9%83%D8%AA%D8%B1%D9%88%D9%86%D9%8A
كتاب الدليل الشامل للعمل على الإنستجرام,.Ahmed A,0,0,Aucun avis,تعليم عن بعد,تعلم المهارات الرقمية,"مبيعات, كاتب, التسويق الإلكتروني, صناعة, التسويق بالمحتوى",https://khamsat.com/training/learn-marketing/2984523-%D9%83%D8%AA%D8%A7%D8%A8-%D8%A7%D9%84%D8%AF%D9%84%D9%8A%D9%84-%D8%A7%D9%84%D8%B4%D8%A7%D9%85%D9%84-%D9%84%D9%84%D8%B9%D9%85%D9%84-%D8%B9%D9%84%D9%89-%D8%A7%D9%84%D8%A5%D9%86%D8%B3%D8%AA%D8%AC%D8%B1%D8%A7%D9%85
التسويق الوارد | دليلك الشامل لتسويق أكثر فاعلية,إسماعيل ا.,7,6,منذ 6 سنوات و10 أيام,تعليم عن بعد,تعلم المهارات الرقمية,"تسويق, شركة, مبيعات, إعلانات, كتاب, الوارد, مشروع, دليل, التسويق, شامل, مبسط",https://khamsat.com/training/learn-marketing/1293917-%D8%A7%D9%84%D8%AA%D8%B3%D9%88%D9%8A%D9%82-%D8%A7%D9%84%D9%88%D8%A7%D8%B1%D8%AF-%D8%AF%D9%84%D9%8A%D9%84%D9%83-%D8%A7%D9%84%D8%B4%D8%A7%D9%85%D9%84-%D9%84%D8%AA%D8%B3%D9%88%D9%8A%D9%82-%D8%A3%D9%83%D8%AB%D8%B1-%D9%81%D8%A7%D8%B9%D9%84%D9%8A%D8%A9
دليلك للحصول على شهادة معتمدة من تويترTwitter video Ad-Badge,.Abderaouf B,0,0,Aucun avis,تعليم عن بعد,تعلم المهارات الرقمية,"twitter, ads, شهادة, certificate, مؤهل",https://khamsat.com/training/learn-marketing/1737439-%D8%AF%D9%84%D9%8A%D9%84%D9%83-%D9%84%D9%84%D8%AD%D8%B5%D9%88%D9%84-%D8%B9%D9%84%D9%89-%D8%B4%D9%87%D8%A7%D8%AF%D8%A9-%D9%85%D8%B9%D8%AA%D9%85%D8%AF%D8%A9-%D9%85%D9%86-%D8%AA%D9%88%D9%8A%D8%AA%D8%B1twitter-video-ad-badge
دليلك الكامل إلى النمو السريع Growth hacking,إسماعيل ا.,5,3,منذ 5 سنوات و5 أشهر,تعليم عن بعد,تعلم المهارات الرقمية,"شركات, عملاء, منتج, أرباح, استراتيجية, نمو, growth",https://khamsat.com/training/learn-marketing/1449577-%D8%AF%D9%84%D9%8A%D9%84%D9%83-%D8%A7%D9%84%D9%83%D8%A7%D9%85%D9%84-%D8%A5%D9%84%D9%89-%D8%A7%D9%84%D9%86%D9%85%D9%88-%D8%A7%D9%84%D8%B3%D8%B1%D9%8A%D8%B9-growth-hacking
تعلم التسويق الرقمي,Non trouvé,Non trouvé,Non trouvé,Aucun avis,تعليم عن بعد,تعلم المهارات الرقمية,Aucun tag,https://khamsat.com/training/learn-marketing/2936612-%D8%A7%D9%83%D8%AA%D8%B4%D9%81-%D9%83%D9%8A%D9%81-%D8%AA%D8%B5%D8%A8%D8%AD-%D8%AE%D8%A8%D9%8A%D8%B1-%D9%83%D8%AA%D8%A7%D8%A8%D8%A9-%D9%85%D8%AD%D8%AA%D9%88%D9%89-%D8%A5%D8%B9%D9%84%D8%A7%D9%86%D9%8A-%D8%B9%D9%84%D9%89-%D8%A7%D9%84%D9%81%D9%8A%D8%B3%D8%A8%D9%88%D9%83
التسويق بالمحتوى | التسويق الأكثر فاعلية والأقل تكلفة,إسماعيل ا.,27,17,منذ سنة و11 شهر,تعليم عن بعد,تعلم المهارات الرقمية,"تسويق, مدونات, تويتر, فيسبوك, مبيعات, يوتيوب",https://khamsat.com/training/learn-marketing/1410092-%D8%A7%D9%84%D8%AA%D8%B3%D9%88%D9%8A%D9%82-%D8%A8%D8%A7%D9%84%D9%85%D8%AD%D8%AA%D9%88%D9%89-%D8%A7%D9%84%D8%AA%D8%B3%D9%88%D9%8A%D9%82-%D8%A7%D9%84%D8%A3%D9%83%D8%AB%D8%B1-%D9%81%D8%A7%D8%B9%D9%84%D9%8A%D8%A9-%D9%88%D8%A7%D9%84%D8%A3%D9%82%D9%84-%D8%AA%D9%83%D9%84%D9%81%D8%A9
شرح أساسيات التسويق للمبتدئين وطلاب الجامعات بأسلوب عملي,.Mohammed G,1,0,Aucun avis,تعليم عن بعد,تعلم المهارات الرقمية,"تعلم, التسويق, التسويق الأكاديمي",https://khamsat.com/training/learn-marketing/3645529-%D8%B4%D8%B1%D8%AD-%D8%A3%D8%B3%D8%A7%D8%B3%D9%8A%D8%A7%D8%AA-%D8%A7%D9%84%D8%AA%D8%B3%D9%88%D9%8A%D9%82-%D9%84%D9%84%D9%85%D8%A8%D8%AA%D8%AF%D8%A6%D9%8A%D9%86-%D9%88%D8%B7%D9%84%D8%A7%D8%A8-%D8%A7%D9%84%D8%AC%D8%A7%D9%85%D8%B9%D8%A7%D8%AA-%D8%A8%D8%A3%D8%B3%D9%84%D9%88%D8%A8-%D8%B9%D9%85%D9%84%D9%8A
تعلم التسويق الرقمي,Non trouvé,Non trouvé,Non trouvé,Aucun avis,تعليم عن بعد,تعلم المهارات الرقمية,Aucun tag,https://khamsat.com/training/learn-marketing/1947607-%D9%83%D8%AA%D8%A7%D8%A8-%D8%A7%D8%AD%D8%AA%D8%B1%D9%81-%D8%A7%D8%B9%D9%84%D8%A7%D9%86%D8%A7%D8%AA-%D8%A7%D9%84%D9%81%D9%8A%D8%B3%D8%A8%D9%88%D9%83-%D9%88-%D8%A7%D9%84%D8%A7%D9%86%D8%B3%D8%AA%D8%BA%D8%B1%D8%A7%D9%85-%D8%AE%D8%B7%D9%88%D8%A9-%D8%AE%D8%B7%D9%88%D8%A9
كتاب التسويق بأناقة | أتقن التسويق بشكلٍ أنيق,إسماعيل ا.,11,7,منذ سنة و6 أشهر,تعليم عن بعد,تعلم المهارات الرقمية,"تسويق, كتابة, محتوى, كتاب, بيع, copywriting, page, call, landing, to, sales, كوبي, action, رايتنج",https://khamsat.com/training/learn-marketing/916031-%D9%83%D8%AA%D8%A7%D8%A8-%D8%A7%D9%84%D8%AA%D8%B3%D9%88%D9%8A%D9%82-%D8%A8%D8%A3%D9%86%D8%A7%D9%82%D8%A9-%D8%A3%D8%AA%D9%82%D9%86-%D8%A7%D9%84%D8%AA%D8%B3%D9%88%D9%8A%D9%82-%D8%A8%D8%B4%D9%83%D9%84-%D8%A3%D9%86%D9%8A%D9%82
دليل الشامل في احتراف التسويق الإلكتروني من تأليفي,.Otmane L,1,2,منذ سنتين و3 أشهر,تعليم عن بعد,تعلم المهارات الرقمية,"تسويق, كتابة, تسويق الكتروني, pdf, منصة سلة",https://khamsat.com/training/learn-marketing/2651216-%D8%AF%D9%84%D9%8A%D9%84-%D8%A7%D9%84%D8%B4%D8%A7%D9%85%D9%84-%D9%81%D9%8A-%D8%A7%D8%AD%D8%AA%D8%B1%D8%A7%D9%81-%D8%A7%D9%84%D8%AA%D8%B3%D9%88%D9%8A%D9%82-%D8%A7%D9%84%D8%A5%D9%84%D9%83%D8%AA%D8%B1%D9%88%D9%86%D9%8A-%D9%85%D9%86-%D8%AA%D8%A3%D9%84%D9%8A%D9%81%D9%8A
دليل كتابة خطط المحتوي الاحترافية كما تقوم به وكالات التسويق,صابرين ج.,0,0,Aucun avis,تعليم عن بعد,تعلم المهارات الرقمية,"تسويق الكتروني, محتوى, صناعة المحتوى, كاتب محتوى, خطة محتوى",https://khamsat.com/training/learn-marketing/2892615-%D8%AF%D9%84%D9%8A%D9%84-%D9%83%D8%AA%D8%A7%D8%A8%D8%A9-%D8%AE%D8%B7%D8%B7-%D8%A7%D9%84%D9%85%D8%AD%D8%AA%D9%88%D9%8A-%D8%A7%D9%84%D8%A7%D8%AD%D8%AA%D8%B1%D8%A7%D9%81%D9%8A%D8%A9-%D9%83%D9%85%D8%A7-%D8%AA%D9%82%D9%88%D9%85-%D8%A8%D9%87-%D9%88%D9%83%D8%A7%D9%84%D8%A7%D8%AA-%D8%A7%D9%84%D8%AA%D8%B3%D9%88%D9%8A%D9%82
كتاب كامل عن التسويق الالكتروني و تكبير مشروعك على الانترنت,باسم ب.,5,4,منذ 3 سنوات و9 أشهر,تعليم عن بعد,تعلم المهارات الرقمية,"تسويق, اعلانات, من, الانترنت, ترويج, شراء, المال, تجارة, الربح, مشروع",https://khamsat.com/training/learn-marketing/1934428-%D9%83%D8%AA%D8%A7%D8%A8-%D9%83%D8%A7%D9%85%D9%84-%D8%B9%D9%86-%D8%A7%D9%84%D8%AA%D8%B3%D9%88%D9%8A%D9%82-%D8%A7%D9%84%D8%A7%D9%84%D9%83%D8%AA%D8%B1%D9%88%D9%86%D9%8A-%D9%88-%D8%AA%D9%83%D8%A8%D9%8A%D8%B1-%D9%85%D8%B4%D8%B1%D9%88%D8%B9%D9%83-%D8%B9%D9%84%D9%89-%D8%A7%D9%84%D8%A7%D9%86%D8%AA%D8%B1%D9%86%D8%AA
السيو المحلي Local SEO | دليلك المبسط والعملي للسيو المحلي,إسماعيل ا.,2,1,منذ 5 سنوات و11 شهر,تعليم عن بعد,تعلم المهارات الرقمية,"seo, سيو, gmb",https://khamsat.com/training/learn-marketing/1421768-%D8%A7%D9%84%D8%B3%D9%8A%D9%88-%D8%A7%D9%84%D9%85%D8%AD%D9%84%D9%8A-local-seo-%D8%AF%D9%84%D9%8A%D9%84%D9%83-%D8%A7%D9%84%D9%85%D8%A8%D8%B3%D8%B7-%D9%88%D8%A7%D9%84%D8%B9%D9%85%D9%84%D9%8A-%D9%84%D9%84%D8%B3%D9%8A%D9%88-%D8%A7%D9%84%D9%85%D8%AD%D9%84%D9%8A
التسويق عبر الإيميل | الدليل الشامل والمبسط والعملي,إسماعيل ا.,4,1,منذ 5 سنوات و10 أشهر,تعليم عن بعد,تعلم المهارات الرقمية,"تسويق, ايميل, رسائل, أتمتة",https://khamsat.com/training/learn-marketing/1512308-%D8%A7%D9%84%D8%AA%D8%B3%D9%88%D9%8A%D9%82-%D8%B9%D8%A8%D8%B1-%D8%A7%D9%84%D8%A5%D9%8A%D9%85%D9%8A%D9%84-%D8%A7%D9%84%D8%AF%D9%84%D9%8A%D9%84-%D8%A7%D9%84%D8%B4%D8%A7%D9%85%D9%84-%D9%88%D8%A7%D9%84%D9%85%D8%A8%D8%B3%D8%B7-%D9%88%D8%A7%D9%84%D8%B9%D9%85%D9%84%D9%8A
احترف إدارة  متجر سله salla  محتوى و SEO,.Omar S,0,0,Aucun avis,تعليم عن بعد,تعلم المهارات الرقمية,"seo, متجر, سلة, سله, salla",https://khamsat.com/training/learn-marketing/3201376-%D8%A7%D8%AD%D8%AA%D8%B1%D9%81-%D8%A5%D8%AF%D8%A7%D8%B1%D8%A9-%D9%85%D8%AA%D8%AC%D8%B1-%D8%B3%D9%84%D9%87-salla-%D9%85%D8%AD%D8%AA%D9%88%D9%89-%D9%88-seo
افكار مميزة لتصبح نجم يوتيوب,نور س.,16,12,منذ 3 سنوات وشهر,تعليم عن بعد,تعلم المهارات الرقمية,"يوتيوب, مميزة, افكار",https://khamsat.com/training/learn-marketing/1179017-%D8%A7%D9%81%D9%83%D8%A7%D8%B1-%D9%85%D9%85%D9%8A%D8%B2%D8%A9-%D9%84%D8%AA%D8%B5%D8%A8%D8%AD-%D9%86%D8%AC%D9%85-%D9%8A%D9%88%D8%AA%D9%8A%D9%88%D8%A8
تعلم كيف تنشئ اعلان ممول ناجح على الانستقرام,.Rassam M,0,0,Aucun avis,تعليم عن بعد,تعلم المهارات الرقمية,"تعلم, اعلان ممول, تعليم عن بعد, ميديا, اعلانات سوشيال ميديا",https://khamsat.com/training/learn-marketing/2992363-%D8%AA%D8%B9%D9%84%D9%85-%D9%83%D9%8A%D9%81-%D8%AA%D9%86%D8%B4%D8%A6-%D8%A7%D8%B9%D9%84%D8%A7%D9%86-%D9%85%D9%85%D9%88%D9%84-%D9%86%D8%A7%D8%AC%D8%AD-%D8%B9%D9%84%D9%89-%D8%A7%D9%84%D8%A7%D9%86%D8%B3%D8%AA%D9%82%D8%B1%D8%A7%D9%85
نموذج تسويق احترافي ودليل عملي لبناء خطة تسويقية من الصفر,.Khaled N,0,0,Aucun avis,تعليم عن بعد,تعلم المهارات الرقمية,"تسويق, اعلانات, تحليل, مبيعات, marketing",https://khamsat.com/training/learn-marketing/3600183-%D9%86%D9%85%D9%88%D8%B0%D8%AC-%D8%AA%D8%B3%D9%88%D9%8A%D9%82-%D8%A7%D8%AD%D8%AA%D8%B1%D8%A7%D9%81%D9%8A-%D9%88%D8%AF%D9%84%D9%8A%D9%84-%D8%B9%D9%85%D9%84%D9%8A-%D9%84%D8%A8%D9%86%D8%A7%D8%A1-%D8%AE%D8%B7%D8%A9-%D8%AA%D8%B3%D9%88%D9%8A%D9%82%D9%8A%D8%A9-%D9%85%D9%86-%D8%A7%D9%84%D8%B5%D9%81%D8%B1
تعلم التسويق الرقمي,Non trouvé,Non trouvé,Non trouvé,Aucun avis,تعليم عن بعد,تعلم المهارات الرقمية,Aucun tag,https://khamsat.com/training/learn-marketing/1934437-%D9%83%D8%AA%D8%A7%D8%A8-%D8%A7%D8%AD%D8%AA%D8%B1%D9%81-%D8%A7%D9%84%D8%B1%D8%A8%D8%AD-%D9%85%D9%86-%D8%A7%D9%84%D8%A3%D8%AF%D8%B3%D9%86%D8%B3-%D8%AE%D8%B7%D9%88%D8%A9-%D8%AE%D8%B7%D9%88%D8%A9-%D9%85%D9%86-%D8%A7%D9%84%D8%B5%D9%81%D8%B1-%D8%A7%D9%84%D9%89-%D8%A7%D9%84%D8%A7%D8%AD%D8%AA%D8%B1%D8%A7%D9%81
كورس رقمي عن  أفليت ماركتينج  كيف تبدأ العمل  بالعمولة,.Razan A,0,0,Aucun avis,تعليم عن بعد,تعلم المهارات الرقمية,"تسويقية, خطة تسويقية, تسويق رقمي",https://khamsat.com/training/learn-marketing/3835894-%D9%83%D9%88%D8%B1%D8%B3-%D8%B1%D9%82%D9%85%D9%8A-%D8%B9%D9%86-%D8%A3%D9%81%D9%84%D9%8A%D8%AA-%D9%85%D8%A7%D8%B1%D9%83%D8%AA%D9%8A%D9%86%D8%AC-%D9%83%D9%8A%D9%81-%D8%AA%D8%A8%D8%AF%D8%A3-%D8%A7%D9%84%D8%B9%D9%85%D9%84-%D8%A8%D8%A7%D9%84%D8%B9%D9%85%D9%88%D9%84%D8%A9
كورس تعلم التسويق والعمل على الأنترنت,أمير أ.,1,0,Aucun avis,تعليم عن بعد,تعلم المهارات الرقمية,"عن, بعد, دورة, تدريب, العمل, كورس, التسويق, الألكتروني",https://khamsat.com/training/learn-marketing/2043958-%D9%83%D9%88%D8%B1%D8%B3-%D8%AA%D8%B9%D9%84%D9%85-%D8%A7%D9%84%D8%AA%D8%B3%D9%88%D9%8A%D9%82-%D9%88%D8%A7%D9%84%D8%B9%D9%85%D9%84-%D8%B9%D9%84%D9%89-%D8%A7%D9%84%D8%A3%D9%86%D8%AA%D8%B1%D9%86%D8%AA
كتاب التجارة الإلكترونية و التسويق الالكتروني,.Mohammed A,0,0,Aucun avis,تعليم عن بعد,تعلم المهارات الرقمية,"تسويق, فيسبوك, تعلم, كتاب, تجارة, الكترونية, الكتروني, الالكتروني, التجارة, انستقرام",https://khamsat.com/training/learn-marketing/2150295-%D9%83%D8%AA%D8%A7%D8%A8-%D8%A7%D9%84%D8%AA%D8%AC%D8%A7%D8%B1%D8%A9-%D8%A7%D9%84%D8%A5%D9%84%D9%83%D8%AA%D8%B1%D9%88%D9%86%D9%8A%D8%A9-%D9%88-%D8%A7%D9%84%D8%AA%D8%B3%D9%88%D9%8A%D9%82-%D8%A7%D9%84%D8%A7%D9%84%D9%83%D8%AA%D8%B1%D9%88%D9%86%D9%8A
كتاب يشرح كيفية إنشاء منتجات رقمية وأفكار لصناعتها بنفسك,اسماعيل ا.,1,0,Aucun avis,تعليم عن بعد,تعلم المهارات الرقمية,"تسويق, بزنس, كتاب, منتج, رقمي",https://khamsat.com/training/learn-marketing/3094020-%D9%83%D8%AA%D8%A7%D8%A8-%D9%8A%D8%B4%D8%B1%D8%AD-%D9%83%D9%8A%D9%81%D9%8A%D8%A9-%D8%A5%D9%86%D8%B4%D8%A7%D8%A1-%D9%85%D9%86%D8%AA%D8%AC%D8%A7%D8%AA-%D8%B1%D9%82%D9%85%D9%8A%D8%A9-%D9%88%D8%A3%D9%81%D9%83%D8%A7%D8%B1-%D9%84%D8%B5%D9%86%D8%A7%D8%B9%D8%AA%D9%87%D8%A7-%D8%A8%D9%86%D9%81%D8%B3%D9%83
دبلوم التأسيس الموفر  لشركة تسويق إلكتروني سعودية,باسل ا.,2,1,منذ 9 أشهر ويومين,تعليم عن بعد,تعلم المهارات الرقمية,"تسويق, تدريب, marketing, digital marketing, سوشيل ميديا",https://khamsat.com/training/learn-marketing/3231197-%D8%AF%D8%A8%D9%84%D9%88%D9%85-%D8%A7%D9%84%D8%AA%D8%A3%D8%B3%D9%8A%D8%B3-%D8%A7%D9%84%D9%85%D9%88%D9%81%D8%B1-%D9%84%D8%B4%D8%B1%D9%83%D8%A9-%D8%AA%D8%B3%D9%88%D9%8A%D9%82-%D8%A5%D9%84%D9%83%D8%AA%D8%B1%D9%88%D9%86%D9%8A-%D8%B3%D8%B9%D9%88%D8%AF%D9%8A%D8%A9
سأعطيك نسخة من كتابي 101 فكرة لتسويق مطعمك وزيادة مبيعاته,.Haitham E,28,14,منذ سنة و4 أشهر,تعليم عن بعد,تعلم المهارات الرقمية,"تسويق, مطاعم",https://khamsat.com/training/learn-marketing/1109436-%D8%B3%D8%A3%D8%B9%D8%B7%D9%8A%D9%83-%D9%86%D8%B3%D8%AE%D8%A9-%D9%85%D9%86-%D9%83%D8%AA%D8%A7%D8%A8%D9%8A-101-%D9%81%D9%83%D8%B1%D8%A9-%D9%84%D8%AA%D8%B3%D9%88%D9%8A%D9%82-%D9%85%D8%B7%D8%B9%D9%85%D9%83-%D9%88%D8%B2%D9%8A%D8%A7%D8%AF%D8%A9-%D9%85%D8%A8%D9%8A%D8%B9%D8%A7%D8%AA%D9%87
استشارة تسويقيّة حول عملك الخاص,محمد إبراهيم س.,5,3,منذ 3 سنوات و5 أشهر,تعليم عن بعد,تعلم المهارات الرقمية,"استشارة, شركات, تسويق, استشارات, شركة, خطة",https://khamsat.com/training/learn-marketing/1673801-%D8%A7%D8%B3%D8%AA%D8%B4%D8%A7%D8%B1%D8%A9-%D8%AA%D8%B3%D9%88%D9%8A%D9%82%D9%8A%D8%A9-%D8%AD%D9%88%D9%84-%D8%B9%D9%85%D9%84%D9%83-%D8%A7%D9%84%D8%AE%D8%A7%D8%B5
دليل احترافى لانشاء حملة بحث جوجل خطوة بخطوة بشكل تطبيقى,.Rehab R,0,0,Aucun avis,تعليم عن بعد,تعلم المهارات الرقمية,"قوقل, قوقل ادز, إعلانات جوجل, حملة بحث جوجل, تعلم اعلانات جوجل",https://khamsat.com/training/learn-marketing/3634005-%D8%AF%D9%84%D9%8A%D9%84-%D8%A7%D8%AD%D8%AA%D8%B1%D8%A7%D9%81%D9%89-%D9%84%D8%A7%D9%86%D8%B4%D8%A7%D8%A1-%D8%AD%D9%85%D9%84%D8%A9-%D8%A8%D8%AD%D8%AB-%D8%AC%D9%88%D8%AC%D9%84-%D8%AE%D8%B7%D9%88%D8%A9-%D8%A8%D8%AE%D8%B7%D9%88%D8%A9-%D8%A8%D8%B4%D9%83%D9%84-%D8%AA%D8%B7%D8%A8%D9%8A%D9%82%D9%89
تعليم اعلانات جوجل خبير اعلانات جوجل 10 سنوات,.Amr M,0,0,Aucun avis,تعليم عن بعد,تعلم المهارات الرقمية,"landing page, تصميم صفحة هبوط, جوجل ادورد, تعليم اعلانات جوجل",https://khamsat.com/training/learn-marketing/2618858-%D8%AA%D8%B9%D9%84%D9%8A%D9%85-%D8%A7%D8%B9%D9%84%D8%A7%D9%86%D8%A7%D8%AA-%D8%AC%D9%88%D8%AC%D9%84-%D8%AE%D8%A8%D9%8A%D8%B1-%D8%A7%D8%B9%D9%84%D8%A7%D9%86%D8%A7%D8%AA-%D8%AC%D9%88%D8%AC%D9%84-10-%D8%B3%D9%86%D9%88%D8%A7%D8%AA
اساعدك على احتراف اعلانات جوجل Google Ads بأقل تكلقة للنقرة,عبد الفتاح ا.,17,11,منذ 4 أشهر و20 يوم,تعليم عن بعد,تعلم المهارات الرقمية,"اعلانات, جوجل, ads, حملات, اليكتروني",https://khamsat.com/training/learn-marketing/1016586-%D8%A7%D8%B3%D8%A7%D8%B9%D8%AF%D9%83-%D8%B9%D9%84%D9%89-%D8%A7%D8%AD%D8%AA%D8%B1%D8%A7%D9%81-%D8%A7%D8%B9%D9%84%D8%A7%D9%86%D8%A7%D8%AA-%D8%AC%D9%88%D8%AC%D9%84-google-ads-%D8%A8%D8%A3%D9%82%D9%84-%D8%AA%D9%83%D9%84%D9%82%D8%A9-%D9%84%D9%84%D9%86%D9%82%D8%B1%D8%A9
كورس التسويق الرقمي للمبتدئين مع ملفات PDF وعرض بوربوينت,.Asmaa H,0,0,Aucun avis,تعليم عن بعد,تعلم المهارات الرقمية,"اساسيات, تسويق رقمي",https://khamsat.com/training/learn-marketing/3380636-%D9%83%D9%88%D8%B1%D8%B3-%D8%A7%D9%84%D8%AA%D8%B3%D9%88%D9%8A%D9%82-%D8%A7%D9%84%D8%B1%D9%82%D9%85%D9%8A-%D9%84%D9%84%D9%85%D8%A8%D8%AA%D8%AF%D8%A6%D9%8A%D9%86-%D9%85%D8%B9-%D9%85%D9%84%D9%81%D8%A7%D8%AA-pdf-%D9%88%D8%B9%D8%B1%D8%B6-%D8%A8%D9%88%D8%B1%D8%A8%D9%88%D9%8A%D9%86%D8%AA
اسألني حول يوتيوب ، يوتيوب بارتنر و أدسنس و أنا أجيب,.Samir Y,20,11,منذ 8 سنوات و7 أشهر,تعليم عن بعد,تعلم المهارات الرقمية,"يوتيوب, أدسنس, سؤال, استفسارات, جواب, بارتنر, بارتنرشيب",https://khamsat.com/training/learn-marketing/497137-%D8%A7%D8%B3%D8%A3%D9%84%D9%86%D9%8A-%D8%AD%D9%88%D9%84-%D9%8A%D9%88%D8%AA%D9%8A%D9%88%D8%A8-%D9%8A%D9%88%D8%AA%D9%8A%D9%88%D8%A8-%D8%A8%D8%A7%D8%B1%D8%AA%D9%86%D8%B1-%D9%88-%D8%A3%D8%AF%D8%B3%D9%86%D8%B3-%D9%88-%D8%A3%D9%86%D8%A7-%D8%A3%D8%AC%D9%8A%D8%A8
كتاب ( 30 طريقة للتسويق الإلكتروني عبر التعليقات ) - أول كتاب من نوعه,أسامة ح.,25,13,منذ 3 سنوات و8 أشهر,تعليم عن بعد,تعلم المهارات الرقمية,"التسويق الإلكتروني, كتب التسويق الإلكتروني, زيادة زوار موقعك الإلكتروني, تحسين ترتيب موقعك الإلكتروني",https://khamsat.com/training/learn-marketing/540869-%D9%83%D8%AA%D8%A7%D8%A8-30-%D8%B7%D8%B1%D9%8A%D9%82%D8%A9-%D9%84%D9%84%D8%AA%D8%B3%D9%88%D9%8A%D9%82-%D8%A7%D9%84%D8%A5%D9%84%D9%83%D8%AA%D8%B1%D9%88%D9%86%D9%8A-%D8%B9%D8%A8%D8%B1-%D8%A7%D9%84%D8%AA%D8%B9%D9%84%D9%8A%D9%82%D8%A7%D8%AA-%D8%A3%D9%88%D9%84-%D9%83%D8%AA%D8%A7%D8%A8-%D9%85%D9%86-%D9%86%D9%88%D8%B9%D9%87
أستطيع تعليمك كيف تقوم بعمل اعلان على يوتيوب وجوجل ادز,.Tamer E,3,3,منذ 4 سنوات و9 أشهر,تعليم عن بعد,تعلم المهارات الرقمية,"اعلان, شركات, تسويق, فيديو, تطوير, دعاية, محتوى, اعمال, بزنس, يوتيوب, تدريب, مرئي, ناشئة",https://khamsat.com/training/learn-marketing/1713036-%D8%A3%D8%B3%D8%AA%D8%B7%D9%8A%D8%B9-%D8%AA%D8%B9%D9%84%D9%8A%D9%85%D9%83-%D9%83%D9%8A%D9%81-%D8%AA%D9%82%D9%88%D9%85-%D8%A8%D8%B9%D9%85%D9%84-%D8%A7%D8%B9%D9%84%D8%A7%D9%86-%D8%B9%D9%84%D9%89-%D9%8A%D9%88%D8%AA%D9%8A%D9%88%D8%A8-%D9%88%D8%AC%D9%88%D8%AC%D9%84-%D8%A7%D8%AF%D8%B2
سأعطيك دليل نشر النشر والتخطيط لمحتوى  السوشل ميديا,خولة س.,0,0,Aucun avis,تعليم عن بعد,تعلم المهارات الرقمية,"تسويق, محتوى, دليل, النشر, ادارة",https://khamsat.com/training/learn-marketing/2990800-%D8%B3%D8%A3%D8%B9%D8%B7%D9%8A%D9%83-%D8%AF%D9%84%D9%8A%D9%84-%D9%86%D8%B4%D8%B1-%D8%A7%D9%84%D9%86%D8%B4%D8%B1-%D9%88%D8%A7%D9%84%D8%AA%D8%AE%D8%B7%D9%8A%D8%B7-%D9%84%D9%85%D8%AD%D8%AA%D9%88%D9%89-%D8%A7%D9%84%D8%B3%D9%88%D8%B4%D9%84-%D9%85%D9%8A%D8%AF%D9%8A%D8%A7
تعلم التسويق الرقمي,Non trouvé,Non trouvé,Non trouvé,Aucun avis,تعليم عن بعد,تعلم المهارات الرقمية,Aucun tag,https://khamsat.com/training/learn-marketing/2910889-%D9%83%D8%AA%D8%A7%D8%A8-%D8%A7%D8%B3%D8%B1%D8%A7%D8%B1-%D9%88%D8%AA%D8%AC%D8%A7%D8%B1%D8%A9-%D8%A7%D9%84%D8%A7%D8%B4%D8%AA%D8%B1%D8%A7%D9%83%D8%A7%D8%AA-%D8%A7%D9%84%D8%B1%D9%82%D9%85%D9%8A%D8%A9
دورة تعليمية:كيفية انشاء حملة اعلانية لقناتك على اليوتيوب,.Zahreddine W,0,0,Aucun avis,تعليم عن بعد,تعلم المهارات الرقمية,"تصميم, اعلان, تسويق, فيديو, عن, بعد, يوتيوب, دورة, تدريب, اعلانية, الكتروني, تعليمية, حملات",https://khamsat.com/training/learn-marketing/2303216-%D8%AF%D9%88%D8%B1%D8%A9-%D8%AA%D8%B9%D9%84%D9%8A%D9%85%D9%8A%D8%A9%D9%83%D9%8A%D9%81%D9%8A%D8%A9-%D8%A7%D9%86%D8%B4%D8%A7%D8%A1-%D8%AD%D9%85%D9%84%D8%A9-%D8%A7%D8%B9%D9%84%D8%A7%D9%86%D9%8A%D8%A9-%D9%84%D9%82%D9%86%D8%A7%D8%AA%D9%83-%D8%B9%D9%84%D9%89-%D8%A7%D9%84%D9%8A%D9%88%D8%AA%D9%8A%D9%88%D8%A8
تعلم التسويق الرقمي,Non trouvé,Non trouvé,Non trouvé,Aucun avis,تعليم عن بعد,تعلم المهارات الرقمية,Aucun tag,https://khamsat.com/training/learn-marketing/3837882-%D8%B3%D8%A3%D9%82%D8%AF%D9%85-%D9%84%D9%83-%D9%83%D8%AA%D8%A7%D8%A8%D9%8A-%D8%A7%D9%84%D8%A5%D9%84%D9%83%D8%AA%D8%B1%D9%88%D9%86%D9%8A-%D8%B3%D9%8A%D8%B3%D8%A7%D8%B9%D8%AF%D9%83-%D9%84%D8%AA%D8%B9%D9%84%D9%85-%D8%A7%D9%84%D8%AA%D8%AC%D8%A7%D8%B1%D8%A9-%D8%A7%D9%84%D8%A5%D9%84%D9%83%D8%AA%D8%B1%D9%88%D9%86%D9%8A%D8%A9
الترويج لقناتك على يوتيوب باحترافية تعلم ذلك بنفسك,.Mohamad A,1,1,منذ 4 سنوات و8 أشهر,تعليم عن بعد,تعلم المهارات الرقمية,"تسويق, من, يوتيوب, الربح, مشاهدات, متابعين, التسويق, اليوتيوب",https://khamsat.com/training/learn-marketing/1536093-%D8%A7%D9%84%D8%AA%D8%B1%D9%88%D9%8A%D8%AC-%D9%84%D9%82%D9%86%D8%A7%D8%AA%D9%83-%D8%B9%D9%84%D9%89-%D9%8A%D9%88%D8%AA%D9%8A%D9%88%D8%A8-%D8%A8%D8%A7%D8%AD%D8%AA%D8%B1%D8%A7%D9%81%D9%8A%D8%A9-%D8%AA%D8%B9%D9%84%D9%85-%D8%B0%D9%84%D9%83-%D8%A8%D9%86%D9%81%D8%B3%D9%83
استشارات تسويقية في تحسين أداء مشروعك - خبرة 25 عامًا,احمد ع.,71,28,منذ 8 سنوات و11 شهر,تعليم عن بعد,تعلم المهارات الرقمية,"استشارة, تسويق, خطة تسويقية, ذكاء اصطناعي",https://khamsat.com/training/learn-marketing/270299-%D8%A7%D8%B3%D8%AA%D8%B4%D8%A7%D8%B1%D8%A7%D8%AA-%D8%AA%D8%B3%D9%88%D9%8A%D9%82%D9%8A%D8%A9-%D9%81%D9%8A-%D8%AA%D8%AD%D8%B3%D9%8A%D9%86-%D8%A3%D8%AF%D8%A7%D8%A1-%D9%85%D8%B4%D8%B1%D9%88%D8%B9%D9%83-%D8%AE%D8%A8%D8%B1%D8%A9-25-%D8%B9%D8%A7%D9%85%D8%A7
الصفحة المطلوبة غير موجودة,Non trouvé,Non trouvé,Non trouvé,Aucun avis,Inconnu,Inconnu,Aucun tag,https://khamsat.com/training/learn-marketing/3010885-%D8%B3%D8%A3%D8%B9%D9%84%D9%85%D9%83-%D9%83%D9%88%D8%B1%D8%B3-%D8%A7%D9%84%D8%AA%D8%B3%D9%88%D9%8A%D9%82-%D8%A8%D8%A7%D9%84%D8%B9%D9%85%D9%88%D9%84%D9%87-cpa
أقدم لك 3 نصائح بما يتعلق بالعمل في مجال الأدسنس اربتراج,.Najeeb A,1,1,منذ 5 سنوات و4 أشهر,تعليم عن بعد,تعلم المهارات الرقمية,"اعلانات, فيسبوك, محتوى, ادسنس, adsense, content, viral, نيتف, arbitrage, فايرال",https://khamsat.com/training/learn-marketing/1689779-%D8%A3%D9%82%D8%AF%D9%85-%D9%84%D9%83-3-%D9%86%D8%B5%D8%A7%D8%A6%D8%AD-%D8%A8%D9%85%D8%A7-%D9%8A%D8%AA%D8%B9%D9%84%D9%82-%D8%A8%D8%A7%D9%84%D8%B9%D9%85%D9%84-%D9%81%D9%8A-%D9%85%D8%AC%D8%A7%D9%84-%D8%A7%D9%84%D8%A3%D8%AF%D8%B3%D9%86%D8%B3-%D8%A7%D8%B1%D8%A8%D8%AA%D8%B1%D8%A7%D8%AC
سأعلمك بفيديو كيف تعمل من خلال برنامج Online Business Academ,.Najeeb A,0,0,Aucun avis,تعليم عن بعد,تعلم المهارات الرقمية,"تسويق, تعلم, يوتيوب, شرح, تدريب عن بعد, افيلييت, تسويق بالعمولة, المونتاج, كورسات اونلاين, كورس افيلييت",https://khamsat.com/training/learn-marketing/2536166-%D8%B3%D8%A3%D8%B9%D9%84%D9%85%D9%83-%D8%A8%D9%81%D9%8A%D8%AF%D9%8A%D9%88-%D9%83%D9%8A%D9%81-%D8%AA%D8%B9%D9%85%D9%84-%D9%85%D9%86-%D8%AE%D9%84%D8%A7%D9%84-%D8%A8%D8%B1%D9%86%D8%A7%D9%85%D8%AC-online-business-academ
دورة إعلانات سناب شات اعلانات بين سنابات المشاهير,.Khaled A,0,0,Aucun avis,تعليم عن بعد,تعلم المهارات الرقمية,"إعلان, تسويق الكتروني, اعلانات ممولة, سناب شات, تسويق عبر سناب شات",https://khamsat.com/training/learn-marketing/3012868-%D8%AF%D9%88%D8%B1%D8%A9-%D8%A5%D8%B9%D9%84%D8%A7%D9%86%D8%A7%D8%AA-%D8%B3%D9%86%D8%A7%D8%A8-%D8%B4%D8%A7%D8%AA-%D8%A7%D8%B9%D9%84%D8%A7%D9%86%D8%A7%D8%AA-%D8%A8%D9%8A%D9%86-%D8%B3%D9%86%D8%A7%D8%A8%D8%A7%D8%AA-%D8%A7%D9%84%D9%85%D8%B4%D8%A7%D9%87%D9%8A%D8%B1
كورس تدريبي على برنامج سناب شات Snapchat,على ا.,50,27,منذ سنة و26 يوم,تعليم عن بعد,تعلم المهارات الرقمية,"snap, اعلان سوشيال ميديا, snapchat ads",https://khamsat.com/training/learn-marketing/2030665-%D9%83%D9%88%D8%B1%D8%B3-%D8%AA%D8%AF%D8%B1%D9%8A%D8%A8%D9%8A-%D8%B9%D9%84%D9%89-%D8%A8%D8%B1%D9%86%D8%A7%D9%85%D8%AC-%D8%B3%D9%86%D8%A7%D8%A8-%D8%B4%D8%A7%D8%AA-snapchat
كورس تكبير قنوات التيليجرام Telegram الاحترافي,ملهم ح.,0,0,Aucun avis,تعليم عن بعد,تعلم المهارات الرقمية,"ترويج, إعلانات, تسويق رقمي, تيليجرام, تليجرام",https://khamsat.com/training/learn-marketing/3114194-%D9%83%D9%88%D8%B1%D8%B3-%D8%AA%D9%83%D8%A8%D9%8A%D8%B1-%D9%82%D9%86%D9%88%D8%A7%D8%AA-%D8%A7%D9%84%D8%AA%D9%8A%D9%84%D9%8A%D8%AC%D8%B1%D8%A7%D9%85-telegram-%D8%A7%D9%84%D8%A7%D8%AD%D8%AA%D8%B1%D8%A7%D9%81%D9%8A
تعلم التسويق الرقمي,Non trouvé,Non trouvé,Non trouvé,Aucun avis,تعليم عن بعد,تعلم المهارات الرقمية,Aucun tag,https://khamsat.com/training/learn-marketing/3090320-%D8%AF%D9%88%D8%B1%D8%A9-%D8%AA%D8%AF%D8%B1%D9%8A%D8%A8%D9%8A%D8%A9-%D9%85%D8%B3%D8%AC%D9%84%D8%A9-%D9%85%D9%86-%D9%85%D8%AD%D8%A7%D8%B6%D8%B1%D8%AA%D9%8A%D9%86-%D9%83%D9%8A%D9%81-%D8%AA%D8%AD%D8%AA%D8%B1%D9%81-%D9%84%D9%8A%D9%86%D9%83%D8%AF%D8%A3%D9%86
تعلم التسويق الرقمي,Non trouvé,Non trouvé,Non trouvé,Aucun avis,تعليم عن بعد,تعلم المهارات الرقمية,Aucun tag,https://khamsat.com/training/learn-marketing/3090343-%D8%A7%D8%A8%D8%AF%D8%A3-%D9%81%D9%8A-%D8%AA%D8%B9%D9%84%D9%85-%D8%A7%D9%84%D8%AA%D8%B3%D9%88%D9%8A%D9%82-%D8%A7%D9%84%D8%B1%D9%82%D9%85%D9%8A-%D9%88%D8%B1%D8%B4%D8%A9-%D9%85%D8%B3%D8%AC%D9%84%D8%A9
دليلك الشامل في التسويق الالكتروني من البداية الي الاحتراف,لمياء ا.,19,9,منذ سنتين و7 أشهر,تعليم عن بعد,تعلم المهارات الرقمية,"تسويق, اعلانات, ترويج, نشر, الكتروني, تسويقية, خطة, سيو, ترويجية, مدفوعة",https://khamsat.com/training/learn-marketing/1824749-%D8%AF%D9%84%D9%8A%D9%84%D9%83-%D8%A7%D9%84%D8%B4%D8%A7%D9%85%D9%84-%D9%81%D9%8A-%D8%A7%D9%84%D8%AA%D8%B3%D9%88%D9%8A%D9%82-%D8%A7%D9%84%D8%A7%D9%84%D9%83%D8%AA%D8%B1%D9%88%D9%86%D9%8A-%D9%85%D9%86-%D8%A7%D9%84%D8%A8%D8%AF%D8%A7%D9%8A%D8%A9-%D8%A7%D9%84%D9%8A-%D8%A7%D9%84%D8%A7%D8%AD%D8%AA%D8%B1%D8%A7%D9%81
ملف PDF تعليمي دليلك المبسط لإنشاء متجر الكتروني,مريم ا.,0,0,Aucun avis,تعليم عن بعد,تعلم المهارات الرقمية,"تسويق, كتاب, متجر, برمجة وتطوير, متاجر الكترونية",https://khamsat.com/training/learn-marketing/3837276-%D9%85%D9%84%D9%81-pdf-%D8%AA%D8%B9%D9%84%D9%8A%D9%85%D9%8A-%D8%AF%D9%84%D9%8A%D9%84%D9%83-%D8%A7%D9%84%D9%85%D8%A8%D8%B3%D8%B7-%D9%84%D8%A5%D9%86%D8%B4%D8%A7%D8%A1-%D9%85%D8%AA%D8%AC%D8%B1-%D8%A7%D9%84%D9%83%D8%AA%D8%B1%D9%88%D9%86%D9%8A
373 Prompt احترافي لتطوير مهاراتك وأعمالك في 10 مجالات,.Mohamed M,0,0,Aucun avis,تعليم عن بعد,تعلم المهارات الرقمية,"تسويق الكترونى, seo, ذكاء اصطناعي, التسويق بالمحتوى, منتج رقمى",https://khamsat.com/training/learn-marketing/3215110-373-prompt-%D8%A7%D8%AD%D8%AA%D8%B1%D8%A7%D9%81%D9%8A-%D9%84%D8%AA%D8%B7%D9%88%D9%8A%D8%B1-%D9%85%D9%87%D8%A7%D8%B1%D8%A7%D8%AA%D9%83-%D9%88%D8%A3%D8%B9%D9%85%D8%A7%D9%84%D9%83-%D9%81%D9%8A-10-%D9%85%D8%AC%D8%A7%D9%84%D8%A7%D8%AA
الصفحة المطلوبة غير موجودة,Non trouvé,Non trouvé,Non trouvé,Aucun avis,Inconnu,Inconnu,Aucun tag,https://khamsat.com/training/learn-marketing/1414194-%D8%B7%D8%B1%D9%8A%D9%82%D8%A9-%D9%82%D8%A8%D9%88%D9%84-%D9%85%D9%88%D9%82%D8%B9%D9%83-%D9%81%D9%8A-%D8%A3%D8%AF%D8%B3%D9%86%D8%B3-%D8%A8%D8%B3%D8%B1%D8%B9%D8%A9-%D8%B6%D9%85%D8%A7%D9%86-%D8%A7%D9%84%D9%82%D8%A8%D9%88%D9%84-90
إحترف Facebook Ads في ساعة و نصف,.Mohamed I,0,0,Aucun avis,تعليم عن بعد,تعلم المهارات الرقمية,"تسويق, اعلانات, فيسبوك, facebook, تعلم, تدريب, ads, اعلانية, الكتروني, حملة, حملات, انستغرام",https://khamsat.com/training/learn-marketing/2294559-%D8%A5%D8%AD%D8%AA%D8%B1%D9%81-facebook-ads-%D9%81%D9%8A-%D8%B3%D8%A7%D8%B9%D8%A9-%D9%88-%D9%86%D8%B5%D9%81
طريقة الحصول على مقالات حصرية للقبول في أدسنس,أحمد الامين ل.,3,2,منذ 5 سنوات و3 أشهر,تعليم عن بعد,تعلم المهارات الرقمية,"موقع, مدونة, نصائح, وورد, بريس, مقالات, قوقل, adsense, أدسنس, سيو, قبول",https://khamsat.com/training/learn-marketing/1433356-%D8%B7%D8%B1%D9%8A%D9%82%D8%A9-%D8%A7%D9%84%D8%AD%D8%B5%D9%88%D9%84-%D8%B9%D9%84%D9%89-%D9%85%D9%82%D8%A7%D9%84%D8%A7%D8%AA-%D8%AD%D8%B5%D8%B1%D9%8A%D8%A9-%D9%84%D9%84%D9%82%D8%A8%D9%88%D9%84-%D9%81%D9%8A-%D8%A3%D8%AF%D8%B3%D9%86%D8%B3
دليل تعليمى على برنامج تيك توك Tiktok,.Beshoy F,9,7,منذ 6 أشهر و6 أيام,تعليم عن بعد,تعلم المهارات الرقمية,"تعليم عن بعد, اعلانات ممولة, تيكتوك, تعلم المهارات الرقمية, تعلم التسويق الرقمي",https://khamsat.com/training/learn-marketing/3067556-%D8%AF%D9%84%D9%8A%D9%84-%D8%AA%D8%B9%D9%84%D9%8A%D9%85%D9%89-%D8%B9%D9%84%D9%89-%D8%A8%D8%B1%D9%86%D8%A7%D9%85%D8%AC-%D8%AA%D9%8A%D9%83-%D8%AA%D9%88%D9%83-tiktok
دورة سيو أونلاين وبناء وإدارة مواقع ووردبرس,عادل م.,1,1,منذ سنتين و27 يوم,تعليم عن بعد,تعلم المهارات الرقمية,"عربي, سيو, كورس, اونلاين, كورس سيو عربي, كورس سيو اونلاين",https://khamsat.com/training/learn-marketing/1653317-%D8%AF%D9%88%D8%B1%D8%A9-%D8%B3%D9%8A%D9%88-%D8%A3%D9%88%D9%86%D9%84%D8%A7%D9%8A%D9%86-%D9%88%D8%A8%D9%86%D8%A7%D8%A1-%D9%88%D8%A5%D8%AF%D8%A7%D8%B1%D8%A9-%D9%85%D9%88%D8%A7%D9%82%D8%B9-%D9%88%D9%88%D8%B1%D8%AF%D8%A8%D8%B1%D8%B3
اعطيك كتاب شامل يجعلك محترف في مجال التسويق الالكتروني,سعيد م.,6,5,منذ 6 سنوات و6 أشهر,تعليم عن بعد,تعلم المهارات الرقمية,"تصميم, تسويق, تحميل, تعليم, تسويق الكتروني, كتاب, الكتروني, توظيف, كيف, كورسات",https://khamsat.com/training/learn-marketing/1011333-%D8%A7%D8%B9%D8%B7%D9%8A%D9%83-%D9%83%D8%AA%D8%A7%D8%A8-%D8%B4%D8%A7%D9%85%D9%84-%D9%8A%D8%AC%D8%B9%D9%84%D9%83-%D9%85%D8%AD%D8%AA%D8%B1%D9%81-%D9%81%D9%8A-%D9%85%D8%AC%D8%A7%D9%84-%D8%A7%D9%84%D8%AA%D8%B3%D9%88%D9%8A%D9%82-%D8%A7%D9%84%D8%A7%D9%84%D9%83%D8%AA%D8%B1%D9%88%D9%86%D9%8A
تدريب لمنصة من منصات التسويق الإلكتروني الاعلانية لمدة ساعة,عمرو ع.,4,1,منذ 3 سنوات و5 أشهر,تعليم عن بعد,تعلم المهارات الرقمية,"اعلانات جوجل, اعلانات فيسبوك, اعلانات ممولة",https://khamsat.com/training/learn-marketing/2324918-%D8%AA%D8%AF%D8%B1%D9%8A%D8%A8-%D9%84%D9%85%D9%86%D8%B5%D8%A9-%D9%85%D9%86-%D9%85%D9%86%D8%B5%D8%A7%D8%AA-%D8%A7%D9%84%D8%AA%D8%B3%D9%88%D9%8A%D9%82-%D8%A7%D9%84%D8%A5%D9%84%D9%83%D8%AA%D8%B1%D9%88%D9%86%D9%8A-%D8%A7%D9%84%D8%A7%D8%B9%D9%84%D8%A7%D9%86%D9%8A%D8%A9-%D9%84%D9%85%D8%AF%D8%A9-%D8%B3%D8%A7%D8%B9%D8%A9
دليل إعداد المسوق الإلكتروني المحترف + نماذج وقوالب الخطط,احمد م.,25,18,منذ 3 سنوات و24 يوم,تعليم عن بعد,تعلم المهارات الرقمية,"تسويق, عمل, دليل, تسويقية, تخطيط, خطة, اليكترونى, مسوق, نموذج",https://khamsat.com/training/learn-marketing/913209-%D8%AF%D9%84%D9%8A%D9%84-%D8%A5%D8%B9%D8%AF%D8%A7%D8%AF-%D8%A7%D9%84%D9%85%D8%B3%D9%88%D9%82-%D8%A7%D9%84%D8%A5%D9%84%D9%83%D8%AA%D8%B1%D9%88%D9%86%D9%8A-%D8%A7%D9%84%D9%85%D8%AD%D8%AA%D8%B1%D9%81-%D9%86%D9%85%D8%A7%D8%B0%D8%AC-%D9%88%D9%82%D9%88%D8%A7%D9%84%D8%A8-%D8%A7%D9%84%D8%AE%D8%B7%D8%B7
ملف اكسل كامل لاهم ادوات التسويق و الديجيتال ماركيتينج,عمرو ع.,49,28,منذ 3 سنوات و8 أشهر,تعليم عن بعد,تعلم المهارات الرقمية,"بحث, تسويق, السوق, media, خطة, social, marketing, digital, أدوات, العملاء, سلوك",https://khamsat.com/training/learn-marketing/1630632-%D9%85%D9%84%D9%81-%D8%A7%D9%83%D8%B3%D9%84-%D9%83%D8%A7%D9%85%D9%84-%D9%84%D8%A7%D9%87%D9%85-%D8%A7%D8%AF%D9%88%D8%A7%D8%AA-%D8%A7%D9%84%D8%AA%D8%B3%D9%88%D9%8A%D9%82-%D9%88-%D8%A7%D9%84%D8%AF%D9%8A%D8%AC%D9%8A%D8%AA%D8%A7%D9%84-%D9%85%D8%A7%D8%B1%D9%83%D9%8A%D8%AA%D9%8A%D9%86%D8%AC
شرح Google Search Console أدوات مشرفي المواقع,.Momen K,2,0,Aucun avis,تعليم عن بعد,تعلم المهارات الرقمية,"مدونة, بلوجر, اضافة, في, المواقع, ادوات, أدوات, مشرفي, مشرفى",https://khamsat.com/training/learn-marketing/1982766-%D8%B4%D8%B1%D8%AD-google-search-console-%D8%A3%D8%AF%D9%88%D8%A7%D8%AA-%D9%85%D8%B4%D8%B1%D9%81%D9%8A-%D8%A7%D9%84%D9%85%D9%88%D8%A7%D9%82%D8%B9
سأحل مسائل الرياضيات لجميع المراحل بخطوات مفصلة وشرح مبسط,.Sulman E,2,3,منذ 5 أشهر و26 يوم,تعليم عن بعد,تعلم العلوم المتخصصة,"تفاضل وتكامل, جبر خطي, حل مسائل رياضيات, دروس خصوصية رياضيات, شرح مسائل رياضيات",https://khamsat.com/training/learn-math/3490542-%D8%B3%D8%A3%D8%AD%D9%84-%D9%85%D8%B3%D8%A7%D8%A6%D9%84-%D8%A7%D9%84%D8%B1%D9%8A%D8%A7%D8%B6%D9%8A%D8%A7%D8%AA-%D9%84%D8%AC%D9%85%D9%8A%D8%B9-%D8%A7%D9%84%D9%85%D8%B1%D8%A7%D8%AD%D9%84-%D8%A8%D8%AE%D8%B7%D9%88%D8%A7%D8%AA-%D9%85%D9%81%D8%B5%D9%84%D8%A9-%D9%88%D8%B4%D8%B1%D8%AD-%D9%85%D8%A8%D8%B3%D8%B7
شرح مادة  الرياضيات لجميع المراحل التعليمية,.Ranya H,32,23,منذ شهر و12 يوم,تعليم عن بعد,تعلم العلوم المتخصصة,"رياضيات, شرح, حل, تدريس, math",https://khamsat.com/training/learn-math/2253095-%D8%B4%D8%B1%D8%AD-%D9%85%D8%A7%D8%AF%D8%A9-%D8%A7%D9%84%D8%B1%D9%8A%D8%A7%D8%B6%D9%8A%D8%A7%D8%AA-%D9%84%D8%AC%D9%85%D9%8A%D8%B9-%D8%A7%D9%84%D9%85%D8%B1%D8%A7%D8%AD%D9%84-%D8%A7%D9%84%D8%AA%D8%B9%D9%84%D9%8A%D9%85%D9%8A%D8%A9
مساعدة هندسية في حل مسائل رياضيات فيزياء ميكانيك مقاومة مواد,.Ali I,39,28,منذ شهر و17 يوم,تعليم عن بعد,تعلم العلوم المتخصصة,"رياضيات, تعليم, شرح, physic, فيزيا, حل, كهرباء, فيزياء, physics, ميكانيك, math, دارات, fluid, موائع",https://khamsat.com/training/learn-math/1716131-%D9%85%D8%B3%D8%A7%D8%B9%D8%AF%D8%A9-%D9%87%D9%86%D8%AF%D8%B3%D9%8A%D8%A9-%D9%81%D9%8A-%D8%AD%D9%84-%D9%85%D8%B3%D8%A7%D8%A6%D9%84-%D8%B1%D9%8A%D8%A7%D8%B6%D9%8A%D8%A7%D8%AA-%D9%81%D9%8A%D8%B2%D9%8A%D8%A7%D8%A1-%D9%85%D9%8A%D9%83%D8%A7%D9%86%D9%8A%D9%83-%D9%85%D9%82%D8%A7%D9%88%D9%85%D8%A9-%D9%85%D9%88%D8%A7%D8%AF
الصفحة المطلوبة غير موجودة,Non trouvé,Non trouvé,Non trouvé,Aucun avis,Inconnu,Inconnu,Aucun tag,https://khamsat.com/training/learn-math/2524966-%D8%B4%D8%B1%D8%AD-%D8%AF%D8%B1%D9%88%D8%B3-%D8%A7%D9%84%D9%85%D8%A7%D8%AB-%D9%85%D8%B1%D8%AD%D9%84%D8%A9-%D8%A7%D9%84%D8%AC%D8%A7%D9%85%D8%B9%D8%A9-%D9%88%D8%A7%D9%84%D9%85%D8%A7%D8%B3%D8%AA%D8%B1
شرح مساقات الرياضيات في مرحلة البكالريوس,.Tawfeq A,13,10,منذ 4 أشهر و19 يوم,تعليم عن بعد,تعلم العلوم المتخصصة,"رياضيات, تعليم, شرح, جبر, احصاء, معادلات, خطي, تفاضل, تفاضلية",https://khamsat.com/training/learn-math/2253371-%D8%B4%D8%B1%D8%AD-%D9%85%D8%B3%D8%A7%D9%82%D8%A7%D8%AA-%D8%A7%D9%84%D8%B1%D9%8A%D8%A7%D8%B6%D9%8A%D8%A7%D8%AA-%D9%81%D9%8A-%D9%85%D8%B1%D8%AD%D9%84%D8%A9-%D8%A7%D9%84%D8%A8%D9%83%D8%A7%D9%84%D8%B1%D9%8A%D9%88%D8%B3
حل تمارين ومسائل الرياضيات,رشا ش.,26,22,منذ شهر و22 يوم,تعليم عن بعد,تعلم العلوم المتخصصة,"رياضيات, تعليم, مساعدة, شرح, حل, مسائل, تمارين, الواجبات",https://khamsat.com/training/learn-math/2687611-%D8%AD%D9%84-%D8%AA%D9%85%D8%A7%D8%B1%D9%8A%D9%86-%D9%88%D9%85%D8%B3%D8%A7%D8%A6%D9%84-%D8%A7%D9%84%D8%B1%D9%8A%D8%A7%D8%B6%D9%8A%D8%A7%D8%AA
تدريس جميع مواد الرياضيات المتعلقة بالذكاء الاصطناعى,.Wesam A,8,6,منذ 9 أشهر و4 أيام,تعليم عن بعد,تعلم العلوم المتخصصة,"هندسة, رياضيات, حلول, مسائل, تدريس, الذكاء الاصطناعي, احصاء واحتمالات, تفاضل وتكامل, جبر خطى, الرياضيات المتقطعة",https://khamsat.com/training/learn-math/2532172-%D8%AA%D8%AF%D8%B1%D9%8A%D8%B3-%D8%AC%D9%85%D9%8A%D8%B9-%D9%85%D9%88%D8%A7%D8%AF-%D8%A7%D9%84%D8%B1%D9%8A%D8%A7%D8%B6%D9%8A%D8%A7%D8%AA-%D8%A7%D9%84%D9%85%D8%AA%D8%B9%D9%84%D9%82%D8%A9-%D8%A8%D8%A7%D9%84%D8%B0%D9%83%D8%A7%D8%A1-%D8%A7%D9%84%D8%A7%D8%B5%D8%B7%D9%86%D8%A7%D8%B9%D9%89
تدريس مادة الرياضيات للمرحلة الإعدادية,.Nermeen A,8,5,منذ شهر و12 يوم,تعليم عن بعد,تعلم العلوم المتخصصة,"رياضيات, تعليم, شرح, اونلاين, math",https://khamsat.com/training/learn-math/1941353-%D8%AA%D8%AF%D8%B1%D9%8A%D8%B3-%D9%85%D8%A7%D8%AF%D8%A9-%D8%A7%D9%84%D8%B1%D9%8A%D8%A7%D8%B6%D9%8A%D8%A7%D8%AA-%D9%84%D9%84%D9%85%D8%B1%D8%AD%D9%84%D8%A9-%D8%A7%D9%84%D8%A5%D8%B9%D8%AF%D8%A7%D8%AF%D9%8A%D8%A9
شرح رياضيات math للمرحله الابتدائيه والاعداديه الي صف تاسع,.Mariam S,7,7,منذ شهرين و7 أيام,تعليم عن بعد,تعلم العلوم المتخصصة,"تعليم, شرح, حل, واجب, ماث",https://khamsat.com/training/learn-math/3062445-%D8%B4%D8%B1%D8%AD-%D8%B1%D9%8A%D8%A7%D8%B6%D9%8A%D8%A7%D8%AA-math-%D9%84%D9%84%D9%85%D8%B1%D8%AD%D9%84%D9%87-%D8%A7%D9%84%D8%A7%D8%A8%D8%AA%D8%AF%D8%A7%D8%A6%D9%8A%D9%87-%D9%88%D8%A7%D9%84%D8%A7%D8%B9%D8%AF%D8%A7%D8%AF%D9%8A%D9%87-%D8%A7%D9%84%D9%8A-%D8%B5%D9%81-%D8%AA%D8%A7%D8%B3%D8%B9
تدريس رياضيات لكل المناهج التعليمية,.Mahmoud S,14,13,منذ شهر و3 أيام,تعليم عن بعد,تعلم العلوم المتخصصة,"رياضيات, تعليم, شرح, مسائل, تمارين",https://khamsat.com/training/learn-math/3363163-%D8%AA%D8%AF%D8%B1%D9%8A%D8%B3-%D8%B1%D9%8A%D8%A7%D8%B6%D9%8A%D8%A7%D8%AA-%D9%84%D9%83%D9%84-%D8%A7%D9%84%D9%85%D9%86%D8%A7%D9%87%D8%AC-%D8%A7%D9%84%D8%AA%D8%B9%D9%84%D9%8A%D9%85%D9%8A%D8%A9
حل وشرح مسائل الرياضيات للمراحل التعليمة الثلاثة,.Abdullah R,1,1,منذ 9 أشهر و16 يوم,تعليم عن بعد,تعلم العلوم المتخصصة,"امتحانات, الرياضيات, حل, مسائل, واجبات",https://khamsat.com/training/learn-math/2926579-%D8%AD%D9%84-%D9%88%D8%B4%D8%B1%D8%AD-%D9%85%D8%B3%D8%A7%D8%A6%D9%84-%D8%A7%D9%84%D8%B1%D9%8A%D8%A7%D8%B6%D9%8A%D8%A7%D8%AA-%D9%84%D9%84%D9%85%D8%B1%D8%A7%D8%AD%D9%84-%D8%A7%D9%84%D8%AA%D8%B9%D9%84%D9%8A%D9%85%D8%A9-%D8%A7%D9%84%D8%AB%D9%84%D8%A7%D8%AB%D8%A9
المساعدة في حل وشرح الدروس,شروق ا.,2,2,منذ 8 أشهر و12 يوم,تعليم عن بعد,تعلم العلوم المتخصصة,"هندسة, دروس, شرح, حل واجبات, math",https://khamsat.com/training/learn-math/3804240-%D8%A7%D9%84%D9%85%D8%B3%D8%A7%D8%B9%D8%AF%D8%A9-%D9%81%D9%8A-%D8%AD%D9%84-%D9%88%D8%B4%D8%B1%D8%AD-%D8%A7%D9%84%D8%AF%D8%B1%D9%88%D8%B3
المساعدة في حل الواجبات مادة الرياضيات,رضا ب.,9,5,منذ سنتين وشهرين,تعليم عن بعد,تعلم العلوم المتخصصة,"شرح, مسائل, حل واجبات, math, تكامل",https://khamsat.com/training/learn-math/2483407-%D8%A7%D9%84%D9%85%D8%B3%D8%A7%D8%B9%D8%AF%D8%A9-%D9%81%D9%8A-%D8%AD%D9%84-%D8%A7%D9%84%D9%88%D8%A7%D8%AC%D8%A8%D8%A7%D8%AA-%D9%85%D8%A7%D8%AF%D8%A9-%D8%A7%D9%84%D8%B1%D9%8A%D8%A7%D8%B6%D9%8A%D8%A7%D8%AA
المساعدة في حل مسائل في الرياضيات,محمد ا.,16,8,منذ 4 أشهر و25 يوم,تعليم عن بعد,تعلم العلوم المتخصصة,"الرياضيات, تمارين, واجبات, الثانوية, إعدادي",https://khamsat.com/training/learn-math/2278087-%D8%A7%D9%84%D9%85%D8%B3%D8%A7%D8%B9%D8%AF%D8%A9-%D9%81%D9%8A-%D8%AD%D9%84-%D9%85%D8%B3%D8%A7%D8%A6%D9%84-%D9%81%D9%8A-%D8%A7%D9%84%D8%B1%D9%8A%D8%A7%D8%B6%D9%8A%D8%A7%D8%AA
شرح مسائل الرياضيات للمرحلة الابتدائية والإعدادية والثانوية,.Zeinab A,7,4,منذ 6 أشهر و29 يوم,تعليم عن بعد,تعلم العلوم المتخصصة,"عن, بعد, شرح, الرياضيات, physics",https://khamsat.com/training/learn-math/1663043-%D8%B4%D8%B1%D8%AD-%D9%85%D8%B3%D8%A7%D8%A6%D9%84-%D8%A7%D9%84%D8%B1%D9%8A%D8%A7%D8%B6%D9%8A%D8%A7%D8%AA-%D9%84%D9%84%D9%85%D8%B1%D8%AD%D9%84%D9%87-%D8%A7%D9%84%D8%A7%D8%A8%D8%AA%D8%AF%D8%A7%D8%A6%D9%8A%D9%87-%D9%88%D8%A7%D9%84%D8%A7%D8%B9%D8%AF%D8%A7%D8%AF%D9%8A%D9%87-%D9%88%D8%A7%D9%84%D8%AB%D8%A7%D9%86%D9%88%D9%8A%D9%87
حلول مفصلة لمسائل الرياضيات وخصيصا الكالكولاس 1 و2,.Malek Y,5,4,منذ 7 أشهر و5 أيام,تعليم عن بعد,تعلم العلوم المتخصصة,"رياضيات, حل, جامعة, جبر, المسائل",https://khamsat.com/training/learn-math/3151216-%D8%AD%D9%84%D9%88%D9%84-%D9%85%D9%81%D8%B5%D9%84%D8%A9-%D9%84%D9%85%D8%B3%D8%A7%D8%A6%D9%84-%D8%A7%D9%84%D8%B1%D9%8A%D8%A7%D8%B6%D9%8A%D8%A7%D8%AA-%D9%88%D8%AE%D8%B5%D9%8A%D8%B5%D8%A7-%D8%A7%D9%84%D9%83%D8%A7%D9%84%D9%83%D9%88%D9%84%D8%A7%D8%B3-1-%D9%882
تأسيس طلاب المرحلة الإبتدائية والإعدادية في مادة الرياضيات,.Abed Alaziz H,1,1,منذ سنة و3 أشهر,تعليم عن بعد,تعلم العلوم المتخصصة,"تعليم, شرح, الرياضيات, السعودي, تكامل",https://khamsat.com/training/learn-math/3092381-%D8%AA%D8%A3%D8%B3%D9%8A%D8%B3-%D8%B7%D9%84%D8%A7%D8%A8-%D8%A7%D9%84%D9%85%D8%B1%D8%AD%D9%84%D8%A9-%D8%A7%D9%84%D8%A5%D8%A8%D8%AA%D8%AF%D8%A7%D8%A6%D9%8A%D8%A9-%D9%88%D8%A7%D9%84%D8%A5%D8%B9%D8%AF%D8%A7%D8%AF%D9%8A%D8%A9-%D9%81%D9%8A-%D9%85%D8%A7%D8%AF%D8%A9-%D8%A7%D9%84%D8%B1%D9%8A%D8%A7%D8%B6%D9%8A%D8%A7%D8%AA
أشرح لك حل وظائف وواجبات الرياضيات (مدرسة/جامعة),.Lina Bassam S,15,14,منذ سنة و8 أشهر,تعليم عن بعد,تعلم العلوم المتخصصة,"رياضيات, حساب, مساعدة, اونلاين, جامعي, اعدادي, ابتدائي, ثانوي",https://khamsat.com/training/learn-math/2174077-%D8%A3%D8%B4%D8%B1%D8%AD-%D9%84%D9%83-%D8%AD%D9%84-%D9%88%D8%B8%D8%A7%D8%A6%D9%81-%D9%88%D9%88%D8%A7%D8%AC%D8%A8%D8%A7%D8%AA-%D8%A7%D9%84%D8%B1%D9%8A%D8%A7%D8%B6%D9%8A%D8%A7%D8%AA-%D9%85%D8%AF%D8%B1%D8%B3%D8%A9%D8%AC%D8%A7%D9%85%D8%B9%D8%A9
كتاب pdf   يحتوي علي 100 مهارة في تأسيس القدرات الكمي,بكر م.,1,1,منذ 7 أشهر و26 يوم,تعليم عن بعد,تعلم العلوم المتخصصة,"pdf, قدرات, تأسيس, كمي",https://khamsat.com/training/learn-math/3047175-%D9%83%D8%AA%D8%A7%D8%A8-pdf-%D9%8A%D8%AD%D8%AA%D9%88%D9%8A-%D8%B9%D9%84%D9%8A-100-%D9%85%D9%87%D8%A7%D8%B1%D8%A9-%D9%81%D9%8A-%D8%AA%D8%A3%D8%B3%D9%8A%D8%B3-%D8%A7%D9%84%D9%82%D8%AF%D8%B1%D8%A7%D8%AA-%D8%A7%D9%84%D9%83%D9%85%D9%8A
تصميم اختبارات  الكترونية,عائشة أ.,2,1,منذ سنتين و23 يوم,تعليم عن بعد,تعلم العلوم المتخصصة,"تصميم, الكترونى, اختبار, اسئلة, اختبارات",https://khamsat.com/training/learn-math/2939227-%D8%AA%D8%B5%D9%85%D9%8A%D9%85-%D8%A7%D8%AE%D8%AA%D8%A8%D8%A7%D8%B1%D8%A7%D8%AA-%D8%A7%D9%84%D9%83%D8%AA%D8%B1%D9%88%D9%86%D9%8A%D8%A9
شرح مادة الرياضيات والمساعده فى حل الواجبات,.Jehan A,4,3,منذ 3 أشهر و26 يوم,تعليم عن بعد,تعلم العلوم المتخصصة,"رياضيات, شرح, حل واجبات, تدريس, math",https://khamsat.com/training/learn-math/3234647-%D8%B4%D8%B1%D8%AD-%D9%85%D8%A7%D8%AF%D8%A9-%D8%A7%D9%84%D8%B1%D9%8A%D8%A7%D8%B6%D9%8A%D8%A7%D8%AA-%D9%88%D8%A7%D9%84%D9%85%D8%B3%D8%A7%D8%B9%D8%AF%D9%87-%D9%81%D9%89-%D8%AD%D9%84-%D8%A7%D9%84%D9%88%D8%A7%D8%AC%D8%A8%D8%A7%D8%AA
تعلم الرياضيات,Non trouvé,Non trouvé,Non trouvé,Aucun avis,تعليم عن بعد,تعلم العلوم المتخصصة,Aucun tag,https://khamsat.com/training/learn-math/3215033-%D8%AA%D8%AF%D8%B1%D9%8A%D8%B3-%D8%A7%D9%84%D8%B1%D9%8A%D8%A7%D8%B6%D9%8A%D8%A7%D8%AA-%D9%85%D9%86-%D8%A7%D9%84%D8%A7%D8%A8%D8%AA%D8%AF%D8%A7%D8%A6%D9%8A-%D8%AD%D8%AA%D9%89-%D8%A7%D9%84%D8%AC%D8%A7%D9%85%D8%B9%D8%A9
شرح من مادة التفاضل والتكامل لطلاب الجامعة,.Tawfeq A,12,7,منذ سنة و7 أشهر,تعليم عن بعد,تعلم العلوم المتخصصة,"رياضيات, تعليم, معادلات تفاضلية",https://khamsat.com/training/learn-math/1820273-%D8%B4%D8%B1%D8%AD-%D9%85%D9%86-%D9%85%D8%A7%D8%AF%D8%A9-%D8%A7%D9%84%D8%AA%D9%81%D8%A7%D8%B6%D9%84-%D9%88%D8%A7%D9%84%D8%AA%D9%83%D8%A7%D9%85%D9%84-%D9%84%D8%B7%D9%84%D8%A7%D8%A8-%D8%A7%D9%84%D8%AC%D8%A7%D9%85%D8%B9%D8%A9
الصفحة المطلوبة غير موجودة,Non trouvé,Non trouvé,Non trouvé,Aucun avis,Inconnu,Inconnu,Aucun tag,https://khamsat.com/training/learn-math/1885832-%D8%B4%D8%B1%D8%AD-%D8%AF%D8%B1%D9%88%D8%B3-%D9%88-%D8%AA%D9%85%D8%A7%D8%B1%D9%8A%D9%86-%D9%81%D9%8A-%D8%A7%D9%84%D8%B1%D9%8A%D8%A7%D8%B6%D9%8A%D8%A7%D8%AA-%D9%84%D8%AC%D9%85%D9%8A%D8%B9-%D8%A7%D9%84%D9%85%D8%B3%D8%AA%D9%88%D9%8A%D8%A7%D8%AA
شرح لمادة التفاضل  calculus 2,محمد ا.,2,2,منذ 8 أشهر و13 يوم,تعليم عن بعد,تعلم العلوم المتخصصة,"رياضيات, حل, مسائل, تفاضل, تكامل",https://khamsat.com/training/learn-math/2802671-%D8%B4%D8%B1%D8%AD-%D9%84%D9%85%D8%A7%D8%AF%D8%A9-%D8%A7%D9%84%D8%AA%D9%81%D8%A7%D8%B6%D9%84-calculus-2
شرح دروس الرياضيات والمساعدة في حل المسائل,عبدالمجيد ا.,8,7,منذ سنة و4 أشهر,تعليم عن بعد,تعلم العلوم المتخصصة,"هندسة, رياضيات, تحليل, مسائل, جبر, تكامل, مصفوفة",https://khamsat.com/training/learn-math/1892639-%D8%B4%D8%B1%D8%AD-%D8%AF%D8%B1%D9%88%D8%B3-%D8%A7%D9%84%D8%B1%D9%8A%D8%A7%D8%B6%D9%8A%D8%A7%D8%AA-%D9%88%D8%A7%D9%84%D9%85%D8%B3%D8%A7%D8%B9%D8%AF%D8%A9-%D9%81%D9%8A-%D8%AD%D9%84-%D8%A7%D9%84%D9%85%D8%B3%D8%A7%D8%A6%D9%84
تعلم الرياضيات,Non trouvé,Non trouvé,Non trouvé,Aucun avis,تعليم عن بعد,تعلم العلوم المتخصصة,Aucun tag,https://khamsat.com/training/learn-math/3118012-%D8%AA%D9%82%D8%AF%D9%8A%D9%85-%D8%AF%D8%B1%D9%88%D8%B3-%D8%B1%D9%8A%D8%A7%D8%B6%D9%8A%D8%A7%D8%AA-%D9%84%D8%AC%D9%85%D9%8A%D8%B9-%D8%A7%D9%84%D9%85%D8%B1%D8%A7%D8%AD%D9%84-%D8%B9%D8%A8%D8%B1-%D8%A7%D9%84%D8%A5%D9%86%D8%AA%D8%B1%D9%86%D8%AA-%D9%88%D8%AD%D9%84%D9%88%D9%84-%D8%A7%D8%AD%D8%AA%D8%B1%D8%A7%D9%81%D9%8A%D8%A9
الصفحة المطلوبة غير موجودة,Non trouvé,Non trouvé,Non trouvé,Aucun avis,Inconnu,Inconnu,Aucun tag,https://khamsat.com/training/learn-math/835414-%D8%AD%D9%84-%D8%AC%D9%85%D9%8A%D8%B9-%D8%A7%D9%84%D9%85%D8%B3%D8%A3%D9%84-%D8%A7%D9%84%D9%85%D8%AA%D8%B9%D9%84%D9%82%D8%A9-%D8%A8%D8%A3%D8%B5%D8%B9%D8%A8-%D8%A8%D9%88%D8%A7%D8%AC%D8%A8%D8%A7%D8%AA-%D8%A7%D9%84%D8%B1%D9%8A%D8%A7%D8%B6%D9%8A%D8%A7%D8%AA-%D9%88%D8%A7%D9%84%D9%81%D9%8A%D8%B2%D9%8A%D8%A7%D8%A1-%D8%AE%D9%85%D8%B3-%D9%85%D8%B3%D8%A7%D8%A6%D9%84
حل وشرح مسائل رياضيات فيزياء كيمياء,.Haitham M,2,2,منذ 5 أشهر و26 يوم,تعليم عن بعد,تعلم العلوم المتخصصة,"رياضيات, كيمياء, شرح, حل, مسائل, فيزياء",https://khamsat.com/training/learn-math/2131634-%D8%AD%D9%84-%D9%88%D8%B4%D8%B1%D8%AD-%D9%85%D8%B3%D8%A7%D8%A6%D9%84-%D8%B1%D9%8A%D8%A7%D8%B6%D9%8A%D8%A7%D8%AA-%D9%81%D9%8A%D8%B2%D9%8A%D8%A7%D8%A1-%D9%83%D9%8A%D9%85%D9%8A%D8%A7%D8%A1
تدريس الرياضيات والفيزياء,جمال الدين ح.,14,10,منذ شهر و29 يوم,تعليم عن بعد,تعلم العلوم المتخصصة,"رياضيات, علوم, اونلاين, فيزياء, تدريس",https://khamsat.com/training/learn-math/2451943-%D8%AA%D8%AF%D8%B1%D9%8A%D8%B3-%D8%A7%D9%84%D8%B1%D9%8A%D8%A7%D8%B6%D9%8A%D8%A7%D8%AA-%D9%88%D8%A7%D9%84%D9%81%D9%8A%D8%B2%D9%8A%D8%A7%D8%A1
مساعدة في مادة الرياضيات لمختلف المراحل ومختلف المناهج,.Rehab K,4,4,منذ سنة و8 أشهر,تعليم عن بعد,تعلم العلوم المتخصصة,"رياضيات, تعليم, عن, بعد, تدريب, معلمة",https://khamsat.com/training/learn-math/1897727-%D9%85%D8%B3%D8%A7%D8%B9%D8%AF%D8%A9-%D9%81%D9%8A-%D9%85%D8%A7%D8%AF%D8%A9-%D8%A7%D9%84%D8%B1%D9%8A%D8%A7%D8%B6%D9%8A%D8%A7%D8%AA-%D9%84%D9%85%D8%AE%D8%AA%D9%84%D9%81-%D8%A7%D9%84%D9%85%D8%B1%D8%A7%D8%AD%D9%84-%D9%88%D9%85%D8%AE%D8%AA%D9%84%D9%81-%D8%A7%D9%84%D9%85%D9%86%D8%A7%D9%87%D8%AC
الصفحة المطلوبة غير موجودة,Non trouvé,Non trouvé,Non trouvé,Aucun avis,Inconnu,Inconnu,Aucun tag,https://khamsat.com/training/learn-math/2392778-%D8%AF%D8%B1%D9%88%D8%B3-%D8%AE%D8%B5%D9%88%D8%B5%D9%8A%D8%A9-%D9%81%D9%8A-%D8%A7%D9%84%D8%B1%D9%8A%D8%A7%D8%B6%D9%8A%D8%A7%D8%AA-%D9%88%D8%A7%D9%84%D9%81%D9%8A%D8%B2%D9%8A%D8%A7%D8%A1-%D9%88%D8%A7%D9%84%D9%83%D9%8A%D9%85%D9%8A%D8%A7%D8%A1-%D9%88%D8%A7%D9%84%D9%84%D8%BA%D8%A9-%D8%A7%D9%84%D8%A5%D9%86%D8%AC%D9%84%D9%8A%D8%B2
دكتور رياضيات لشرح الرياضيات باستخدام أحدث استراتيجيات,محمود م.,2,2,منذ 5 أشهر و12 يوم,تعليم عن بعد,تعلم العلوم المتخصصة,"رياضيات, مسائل, تدريس, math, homework",https://khamsat.com/training/learn-math/2963243-%D8%AF%D9%83%D8%AA%D9%88%D8%B1-%D8%B1%D9%8A%D8%A7%D8%B6%D9%8A%D8%A7%D8%AA-%D9%84%D8%B4%D8%B1%D8%AD-%D8%A7%D9%84%D8%B1%D9%8A%D8%A7%D8%B6%D9%8A%D8%A7%D8%AA-%D8%A8%D8%A7%D8%B3%D8%AA%D8%AE%D8%AF%D8%A7%D9%85-%D8%A3%D8%AD%D8%AF%D8%AB-%D8%A7%D8%B3%D8%AA%D8%B1%D8%A7%D8%AA%D9%8A%D8%AC%D9%8A%D8%A7%D8%AA
شرح وحل واجبات رياضيات بكل فروعها لكل المراحل,.Doaa H,54,48,منذ 4 أشهر و28 يوم,تعليم عن بعد,تعلم العلوم المتخصصة,"هندسة, رياضيات, دروس, تعليم, حساب, عن, بعد, شرح, حل, واجبات, جبر, احصاء, اسئلة, احتمالات, استاتيكا",https://khamsat.com/training/learn-math/1526640-%D8%B4%D8%B1%D8%AD-%D9%88%D8%AD%D9%84-%D9%88%D8%A7%D8%AC%D8%A8%D8%A7%D8%AA-%D8%B1%D9%8A%D8%A7%D8%B6%D9%8A%D8%A7%D8%AA-%D8%A8%D9%83%D9%84-%D9%81%D8%B1%D9%88%D8%B9%D9%87%D8%A7-%D9%84%D9%83%D9%84-%D8%A7%D9%84%D9%85%D8%B1%D8%A7%D8%AD%D9%84
شرح دروس الرياضيات والعلوم باحترافية,.Fatima M,6,5,منذ 5 أشهر و19 يوم,تعليم عن بعد,تعلم العلوم المتخصصة,"رياضيات, علوم, درس, واجبات, معلم, خصوصي",https://khamsat.com/training/learn-math/1926246-%D8%B4%D8%B1%D8%AD-%D8%AF%D8%B1%D9%88%D8%B3-%D8%A7%D9%84%D8%B1%D9%8A%D8%A7%D8%B6%D9%8A%D8%A7%D8%AA-%D9%88%D8%A7%D9%84%D8%B9%D9%84%D9%88%D9%85-%D8%A8%D8%A7%D8%AD%D8%AA%D8%B1%D8%A7%D9%81%D9%8A%D8%A9
المساعدة في حل الواجبات ( رياضيات - فيزياء - … إلخ ),.Ahmed A,38,35,منذ 4 أشهر و4 أيام,تعليم عن بعد,تعلم العلوم المتخصصة,"رياضيات, دروس, تعليم, عن, بعد, شرح, حل, واجبات, اسئلة",https://khamsat.com/training/learn-math/2291087-%D8%A7%D9%84%D9%85%D8%B3%D8%A7%D8%B9%D8%AF%D8%A9-%D9%81%D9%8A-%D8%AD%D9%84-%D8%A7%D9%84%D9%88%D8%A7%D8%AC%D8%A8%D8%A7%D8%AA-%D8%B1%D9%8A%D8%A7%D8%B6%D9%8A%D8%A7%D8%AA-%D9%81%D9%8A%D8%B2%D9%8A%D8%A7%D8%A1-%D8%A5%D9%84%D8%AE
تعليم الرياضيات والمساعدة بحل الواجبات للمرحلة الابتدائية,نورا د.,0,0,Aucun avis,تعليم عن بعد,تعلم العلوم المتخصصة,"رياضيات, تعليم, حساب, شرح, math",https://khamsat.com/training/learn-math/3093091-%D8%AA%D8%B9%D9%84%D9%8A%D9%85-%D8%A7%D9%84%D8%B1%D9%8A%D8%A7%D8%B6%D9%8A%D8%A7%D8%AA-%D9%88%D8%A7%D9%84%D9%85%D8%B3%D8%A7%D8%B9%D8%AF%D8%A9-%D8%A8%D8%AD%D9%84-%D8%A7%D9%84%D9%88%D8%A7%D8%AC%D8%A8%D8%A7%D8%AA-%D9%84%D9%84%D9%85%D8%B1%D8%AD%D9%84%D8%A9-%D8%A7%D9%84%D8%A7%D8%A8%D8%AA%D8%AF%D8%A7%D8%A6%D9%8A%D8%A9
المساعدة في شرح وفهم الدروس والواجبات الرياضيات,.Amir H,3,3,منذ 15 يوم و18 ساعة,تعليم عن بعد,تعلم العلوم المتخصصة,"شرح, الرياضيات, جبر, math, تفاضل",https://khamsat.com/training/learn-math/3369233-%D8%A7%D9%84%D9%85%D8%B3%D8%A7%D8%B9%D8%AF%D8%A9-%D9%81%D9%8A-%D8%B4%D8%B1%D8%AD-%D9%88%D9%81%D9%87%D9%85-%D8%A7%D9%84%D8%AF%D8%B1%D9%88%D8%B3-%D9%88%D8%A7%D9%84%D9%88%D8%A7%D8%AC%D8%A8%D8%A7%D8%AA-%D8%A7%D9%84%D8%B1%D9%8A%D8%A7%D8%B6%D9%8A%D8%A7%D8%AA
حل وشرح مسائل التفاضل والتكامل Calculus .,احمد ا.,2,3,منذ سنة و9 أشهر,تعليم عن بعد,تعلم العلوم المتخصصة,"رياضيات, مساعدة, شرح, حل, مسائل, رياضة, واجب, homework, دوال, تفاضل, تكامل, دالة, calculus",https://khamsat.com/training/learn-math/2315111-%D8%AD%D9%84-%D9%88%D8%B4%D8%B1%D8%AD-%D9%85%D8%B3%D8%A7%D8%A6%D9%84-%D8%A7%D9%84%D8%AA%D9%81%D8%A7%D8%B6%D9%84-%D9%88%D8%A7%D9%84%D8%AA%D9%83%D8%A7%D9%85%D9%84-calculus-
تدريس مادة الرياضيات للمرحلة الابتدائية,سماح ح.,9,9,منذ شهرين و7 أيام,تعليم عن بعد,تعلم العلوم المتخصصة,"رياضيات, تعليم, شرح, تدريس, math",https://khamsat.com/training/learn-math/2277410-%D8%AA%D8%AF%D8%B1%D9%8A%D8%B3-%D9%85%D8%A7%D8%AF%D8%A9-%D8%A7%D9%84%D8%B1%D9%8A%D8%A7%D8%B6%D9%8A%D8%A7%D8%AA-%D9%84%D9%84%D9%85%D8%B1%D8%AD%D9%84%D8%A9-%D8%A7%D9%84%D8%A7%D8%A8%D8%AA%D8%AF%D8%A7%D8%A6%D9%8A%D8%A9
مساعدك في الرياضيات لاصعب المسائل(مراحل المدرسة والجامعة),.Aveen H,0,0,Aucun avis,تعليم عن بعد,تعلم العلوم المتخصصة,"شرح, الرياضيات, mathematics, حل المسائل",https://khamsat.com/training/learn-math/3864289-%D9%85%D8%B3%D8%A7%D8%B9%D8%AF%D9%83-%D9%81%D9%8A-%D8%A7%D9%84%D8%B1%D9%8A%D8%A7%D8%B6%D9%8A%D8%A7%D8%AA-%D9%84%D8%A7%D8%B5%D8%B9%D8%A8-%D8%A7%D9%84%D9%85%D8%B3%D8%A7%D8%A6%D9%84%D9%85%D8%B1%D8%A7%D8%AD%D9%84-%D8%A7%D9%84%D9%85%D8%AF%D8%B1%D8%B3%D8%A9-%D9%88%D8%A7%D9%84%D8%AC%D8%A7%D9%85%D8%B9%D8%A9
شرح درس 15 صفحة لماده الرياضيات لكل مراحل الجامعة والمدرسة,.Mohamed K,14,9,منذ 8 أشهر و10 أيام,تعليم عن بعد,تعلم العلوم المتخصصة,"هندسة, حل, رياضة, كهرباء, فيزياء, هندسه, كهربا, واجبات, جبر, احصاء, ميكانيكا, كهربية, math, تفاضل, تكامل, ديناميكا",https://khamsat.com/training/learn-math/1726201-%D8%B4%D8%B1%D8%AD-%D8%AF%D8%B1%D8%B3-15-%D8%B5%D9%81%D8%AD%D8%A9-%D9%84%D9%85%D8%A7%D8%AF%D9%87-%D8%A7%D9%84%D8%B1%D9%8A%D8%A7%D8%B6%D9%8A%D8%A7%D8%AA-%D9%84%D9%83%D9%84-%D9%85%D8%B1%D8%A7%D8%AD%D9%84-%D8%A7%D9%84%D8%AC%D8%A7%D9%85%D8%B9%D8%A9-%D9%88%D8%A7%D9%84%D9%85%D8%AF%D8%B1%D8%B3%D8%A9
حل واجبات ومسائل رياضية باللغة العربية,اسلام ا.,0,0,Aucun avis,تعليم عن بعد,تعلم العلوم المتخصصة,"هندسة, رياضيات, جبر, واجب",https://khamsat.com/training/learn-math/2909675-%D8%AD%D9%84-%D9%88%D8%A7%D8%AC%D8%A8%D8%A7%D8%AA-%D9%88%D9%85%D8%B3%D8%A7%D8%A6%D9%84-%D8%B1%D9%8A%D8%A7%D8%B6%D9%8A%D8%A9-%D8%A8%D8%A7%D9%84%D9%84%D8%BA%D8%A9-%D8%A7%D9%84%D8%B9%D8%B1%D8%A8%D9%8A%D8%A9
درس النهايات والاستمرارية – السنة الثالثة ثانوي (PowerPoint),.Math Pro M,0,0,Aucun avis,تعليم عن بعد,تعلم العلوم المتخصصة,"رياضيات, دروس, powerpoint, تعليم عن بعد, تمارين محلولة",https://khamsat.com/training/learn-math/3896016-%D8%AF%D8%B1%D8%B3-%D8%A7%D9%84%D9%86%D9%87%D8%A7%D9%8A%D8%A7%D8%AA-%D9%88%D8%A7%D9%84%D8%A7%D8%B3%D8%AA%D9%85%D8%B1%D8%A7%D8%B1%D9%8A%D8%A9-%D8%A7%D9%84%D8%B3%D9%86%D8%A9-%D8%A7%D9%84%D8%AB%D8%A7%D9%84%D8%AB%D8%A9-%D8%AB%D8%A7%D9%86%D9%88%D9%8A-powerpoint
شرح وتبسيط مسائل الرياضيات لجميع المراحل مع امثلة تطبيقية,محمد ا.,2,2,منذ 5 أشهر و8 أيام,تعليم عن بعد,تعلم العلوم المتخصصة,"الرياضيات, شرح رياضيات, دروس رياضيات, تبسيط مسائل, مسائل رياضية عامة",https://khamsat.com/training/learn-math/3917544-%D8%B4%D8%B1%D8%AD-%D9%88%D8%AA%D8%A8%D8%B3%D9%8A%D8%B7-%D9%85%D8%B3%D8%A7%D8%A6%D9%84-%D8%A7%D9%84%D8%B1%D9%8A%D8%A7%D8%B6%D9%8A%D8%A7%D8%AA-%D9%84%D8%AC%D9%85%D9%8A%D8%B9-%D8%A7%D9%84%D9%85%D8%B1%D8%A7%D8%AD%D9%84-%D9%85%D8%B9-%D8%A7%D9%85%D8%AB%D9%84%D8%A9-%D8%AA%D8%B7%D8%A8%D9%8A%D9%82%D9%8A%D8%A9
أوراق عمل رياضيات رقمية جاهزة للصفوف الأولية PDF للطباعة,.Yamam M,1,1,منذ 7 أشهر و10 أيام,تعليم عن بعد,تعلم العلوم المتخصصة,"تصميم, رياضيات, تعليمية, اورق عمل جاهزة للتحميل",https://khamsat.com/training/learn-math/3727228-%D8%A3%D9%88%D8%B1%D8%A7%D9%82-%D8%B9%D9%85%D9%84-%D8%B1%D9%8A%D8%A7%D8%B6%D9%8A%D8%A7%D8%AA-%D8%B1%D9%82%D9%85%D9%8A%D8%A9-%D8%AC%D8%A7%D9%87%D8%B2%D8%A9-%D9%84%D9%84%D8%B5%D9%81%D9%88%D9%81-%D8%A7%D9%84%D8%A3%D9%88%D9%84%D9%8A%D8%A9_pdf-%D9%84%D9%84%D8%B7%D8%A8%D8%A7%D8%B9%D8%A9
حل لأي مسألة لمادتي الرياضيات والفيزياء,.Huda M,0,0,Aucun avis,تعليم عن بعد,تعلم العلوم المتخصصة,"رياضيات, حل, فيزياء, علمي, واجبات",https://khamsat.com/training/learn-math/3103603-%D8%AD%D9%84-%D9%84%D8%A3%D9%8A-%D9%85%D8%B3%D8%A3%D9%84%D8%A9-%D9%84%D9%85%D8%A7%D8%AF%D8%AA%D9%8A-%D8%A7%D9%84%D8%B1%D9%8A%D8%A7%D8%B6%D9%8A%D8%A7%D8%AA-%D9%88%D8%A7%D9%84%D9%81%D9%8A%D8%B2%D9%8A%D8%A7%D8%A1
معلمه ماث عن بعد,ســـاره ش.,0,0,Aucun avis,تعليم عن بعد,تعلم العلوم المتخصصة,"math, ماث, معلمه ماث, math teacher",https://khamsat.com/training/learn-math/3706628-%D9%85%D8%B9%D9%84%D9%85%D9%87-%D9%85%D8%A7%D8%AB-%D8%B9%D9%86-%D8%A8%D8%B9%D8%AF
الرياضيات ببساطة حلول عملية وشرح مفصل لجميع المستويات,.Hazim A,0,0,Aucun avis,تعليم عن بعد,تعلم العلوم المتخصصة,حل واجب رياضيات تدريبات اختبار,https://khamsat.com/training/learn-math/3064593-%D8%A7%D9%84%D8%B1%D9%8A%D8%A7%D8%B6%D9%8A%D8%A7%D8%AA-%D8%A8%D8%A8%D8%B3%D8%A7%D8%B7%D8%A9-%D8%AD%D9%84%D9%88%D9%84-%D8%B9%D9%85%D9%84%D9%8A%D8%A9-%D9%88%D8%B4%D8%B1%D8%AD-%D9%85%D9%81%D8%B5%D9%84-%D9%84%D8%AC%D9%85%D9%8A%D8%B9-%D8%A7%D9%84%D9%85%D8%B3%D8%AA%D9%88%D9%8A%D8%A7%D8%AA
شرح درس رياضيات + تمارين تفاعلية  للصفوف ألاولية (1-7),.Yamam M,0,0,Aucun avis,تعليم عن بعد,تعلم العلوم المتخصصة,"حل واجبات, شرح درس رياضيات, تصميم ورقة عمل تفاعلية, تصميم اختبارت",https://khamsat.com/training/learn-math/3610379-%D8%B4%D8%B1%D8%AD-%D8%AF%D8%B1%D8%B3-%D8%B1%D9%8A%D8%A7%D8%B6%D9%8A%D8%A7%D8%AA-%D8%AA%D9%85%D8%A7%D8%B1%D9%8A%D9%86-%D8%AA%D9%81%D8%A7%D8%B9%D9%84%D9%8A%D8%A9-%D9%84%D9%84%D8%B5%D9%81%D9%88%D9%81-%D8%A3%D9%84%D8%A7%D9%88%D9%84%D9%8A%D8%A9-1-7
تصميم تمارين رياضيات حسب منهاج الطالب للصفوف ألاولية1-7,.Yamam M,0,0,Aucun avis,تعليم عن بعد,تعلم العلوم المتخصصة,"تصميم, حل واجبات, أوراق عمل, أنشطة تفاعلية",https://khamsat.com/training/learn-math/3604167-%D8%AA%D8%B5%D9%85%D9%8A%D9%85-%D8%AA%D9%85%D8%A7%D8%B1%D9%8A%D9%86-%D8%B1%D9%8A%D8%A7%D8%B6%D9%8A%D8%A7%D8%AA-%D8%AD%D8%B3%D8%A8-%D9%85%D9%86%D9%87%D8%A7%D8%AC-%D8%A7%D9%84%D8%B7%D8%A7%D9%84%D8%A8-%D9%84%D9%84%D8%B5%D9%81%D9%88%D9%81-%D8%A3%D9%84%D8%A7%D9%88%D9%84%D9%8A%D8%A91-7
شرح مناهج الصفوف الاعداديه والثانويه لماده الرياضيات,عبدالله أ.,1,0,Aucun avis,تعليم عن بعد,تعلم العلوم المتخصصة,"بعد, شرح, الرياضيات, واجبات, جبر",https://khamsat.com/training/learn-math/2974640-%D8%B4%D8%B1%D8%AD-%D9%85%D9%86%D8%A7%D9%87%D8%AC-%D8%A7%D9%84%D8%B5%D9%81%D9%88%D9%81-%D8%A7%D9%84%D8%A7%D8%B9%D8%AF%D8%A7%D8%AF%D9%8A%D9%87-%D9%88%D8%A7%D9%84%D8%AB%D8%A7%D9%86%D9%88%D9%8A%D9%87-%D9%84%D9%85%D8%A7%D8%AF%D9%87-%D8%A7%D9%84%D8%B1%D9%8A%D8%A7%D8%B6%D9%8A%D8%A7%D8%AA
دروس في الرياضيات البسيطة والمتقدمة,.Walaa A,1,0,Aucun avis,تعليم عن بعد,تعلم العلوم المتخصصة,"رياضيات, دروس, درس, lesson, math",https://khamsat.com/training/learn-math/2075105-%D8%AF%D8%B1%D9%88%D8%B3-%D9%81%D9%8A-%D8%A7%D9%84%D8%B1%D9%8A%D8%A7%D8%B6%D9%8A%D8%A7%D8%AA-%D8%A7%D9%84%D8%A8%D8%B3%D9%8A%D8%B7%D8%A9-%D9%88%D8%A7%D9%84%D9%85%D8%AA%D9%82%D8%AF%D9%85%D8%A9
شرح حل واجبات الرياضيات المدرسية و الجامعية,علاء الدين ا.,24,18,منذ سنتين و8 أشهر,تعليم عن بعد,تعلم العلوم المتخصصة,"هندسة, رياضيات, تحليل, الرياضيات, حل, جامعية, مدرسية, مراحل, واجبات, جبر",https://khamsat.com/training/learn-math/724059-%D8%B4%D8%B1%D8%AD-%D8%AD%D9%84-%D9%88%D8%A7%D8%AC%D8%A8%D8%A7%D8%AA-%D8%A7%D9%84%D8%B1%D9%8A%D8%A7%D8%B6%D9%8A%D8%A7%D8%AA-%D8%A7%D9%84%D9%85%D8%AF%D8%B1%D8%B3%D9%8A%D8%A9-%D9%88-%D8%A7%D9%84%D8%AC%D8%A7%D9%85%D8%B9%D9%8A%D8%A9
شرح وتبسيط مسائل الرياضيات للمرحلتين الابتدائية والإعدادية,.Kirolos A,0,0,Aucun avis,تعليم عن بعد,تعلم العلوم المتخصصة,"تبسيط الرياضيات, شرح مسائل رياضيات, تعليم رياضيات ابتدائي, تعليم رياضيات اعدادي, مساعدة في حل المسائل",https://khamsat.com/training/learn-math/3830334-%D8%B4%D8%B1%D8%AD-%D9%88%D8%AA%D8%A8%D8%B3%D9%8A%D8%B7-%D9%85%D8%B3%D8%A7%D8%A6%D9%84-%D8%A7%D9%84%D8%B1%D9%8A%D8%A7%D8%B6%D9%8A%D8%A7%D8%AA-%D9%84%D9%84%D9%85%D8%B1%D8%AD%D9%84%D8%AA%D9%8A%D9%86-%D8%A7%D9%84%D8%A7%D8%A8%D8%AA%D8%AF%D8%A7%D8%A6%D9%8A%D8%A9-%D9%88%D8%A7%D9%84%D8%A5%D8%B9%D8%AF%D8%A7%D8%AF%D9%8A%D8%A9
تدريس مادة الرياضيات والمساعدة في حل الواجبات الرياضية,.Ahmed R,0,0,Aucun avis,تعليم عن بعد,تعلم العلوم المتخصصة,"رياضيات, شرح, مسائل, جبر, math",https://khamsat.com/training/learn-math/3130805-%D8%AA%D8%AF%D8%B1%D9%8A%D8%B3-%D9%85%D8%A7%D8%AF%D8%A9-%D8%A7%D9%84%D8%B1%D9%8A%D8%A7%D8%B6%D9%8A%D8%A7%D8%AA-%D9%88%D8%A7%D9%84%D9%85%D8%B3%D8%A7%D8%B9%D8%AF%D8%A9-%D9%81%D9%8A-%D8%AD%D9%84-%D8%A7%D9%84%D9%88%D8%A7%D8%AC%D8%A8%D8%A7%D8%AA-%D8%A7%D9%84%D8%B1%D9%8A%D8%A7%D8%B6%D9%8A%D8%A9
تأسيس مادة الرياضيات + قدرات كمي للمرحلة الثانوية,سماح ح.,7,5,منذ 3 سنوات و5 أشهر,تعليم عن بعد,تعلم العلوم المتخصصة,"رياضيات, حل, واجبات, تدريس, قدرات, تأسيس, ثانوية, مرحلة, كمي",https://khamsat.com/training/learn-math/2277579-%D8%AA%D8%A3%D8%B3%D9%8A%D8%B3-%D9%85%D8%A7%D8%AF%D8%A9-%D8%A7%D9%84%D8%B1%D9%8A%D8%A7%D8%B6%D9%8A%D8%A7%D8%AA-%D9%82%D8%AF%D8%B1%D8%A7%D8%AA-%D9%83%D9%85%D9%8A-%D9%84%D9%84%D9%85%D8%B1%D8%AD%D9%84%D8%A9-%D8%A7%D9%84%D8%AB%D8%A7%D9%86%D9%88%D9%8A%D8%A9
أقدم لك شرح أسئلة رياضيات لوحدة مكونة من ٢٠ ص مقابل ٥ دولار,.Ahed A,4,2,منذ 3 سنوات و9 أشهر,تعليم عن بعد,تعلم العلوم المتخصصة,"رياضيات, وورد, شرح, pdf, ملفات, درس, امتحان, تبسيط, سهل, توضيح",https://khamsat.com/training/learn-math/1579250-%D8%A3%D9%82%D8%AF%D9%85-%D9%84%D9%83-%D8%B4%D8%B1%D8%AD-%D8%A3%D8%B3%D8%A6%D9%84%D8%A9-%D8%B1%D9%8A%D8%A7%D8%B6%D9%8A%D8%A7%D8%AA-%D9%84%D9%88%D8%AD%D8%AF%D8%A9-%D9%85%D9%83%D9%88%D9%86%D8%A9-%D9%85%D9%86-%D8%B5-%D9%85%D9%82%D8%A7%D8%A8%D9%84-%D8%AF%D9%88%D9%84%D8%A7%D8%B1
حل المسائل والواجبات في مادة الرياضيات,.Amina E,0,0,Aucun avis,تعليم عن بعد,تعلم العلوم المتخصصة,"رياضيات, دروس, مسائل, حل واجبات, math",https://khamsat.com/training/learn-math/3703617-%D8%AD%D9%84-%D8%A7%D9%84%D9%85%D8%B3%D8%A7%D8%A6%D9%84-%D9%88%D8%A7%D9%84%D9%88%D8%A7%D8%AC%D8%A8%D8%A7%D8%AA-%D9%81%D9%8A-%D9%85%D8%A7%D8%AF%D8%A9-%D8%A7%D9%84%D8%B1%D9%8A%D8%A7%D8%B6%D9%8A%D8%A7%D8%AA
المساعدة على فهم وشرح دروس الرياضيات وحل المسائل والتمارين,عبد الرحيم ا.,0,0,Aucun avis,تعليم عن بعد,تعلم العلوم المتخصصة,"هندسة, رياضيات, تعليم عن بعد, جبر, math",https://khamsat.com/training/learn-math/2944717-%D8%A7%D9%84%D9%85%D8%B3%D8%A7%D8%B9%D8%AF%D8%A9-%D8%B9%D9%84%D9%89-%D9%81%D9%87%D9%85-%D9%88%D8%B4%D8%B1%D8%AD-%D8%AF%D8%B1%D9%88%D8%B3-%D8%A7%D9%84%D8%B1%D9%8A%D8%A7%D8%B6%D9%8A%D8%A7%D8%AA-%D9%88%D8%AD%D9%84-%D8%A7%D9%84%D9%85%D8%B3%D8%A7%D8%A6%D9%84-%D9%88%D8%A7%D9%84%D8%AA%D9%85%D8%A7%D8%B1%D9%8A%D9%86
خدمة شرح دروس Mathsوحل المسائل أونلاين,مريم ز.,0,0,Aucun avis,تعليم عن بعد,تعلم العلوم المتخصصة,"مسائل, تعليم عن بعد, تعليم اونلاين, maths, ابتدائي واعدادي",https://khamsat.com/training/learn-math/3779005-%D8%AE%D8%AF%D9%85%D8%A9-%D8%B4%D8%B1%D8%AD-%D8%AF%D8%B1%D9%88%D8%B3-maths%D9%88%D8%AD%D9%84-%D8%A7%D9%84%D9%85%D8%B3%D8%A7%D8%A6%D9%84-%D8%A3%D9%88%D9%86%D9%84%D8%A7%D9%8A%D9%86
شرح ومساعدة في فهم وحل مادة الرياضيات لكافة المراحل الدراسية,.Waleed T,2,1,منذ 11 شهر و12 يوم,تعليم عن بعد,تعلم العلوم المتخصصة,"هندسة, رياضيات, دروس, تعليم, شرح, مسائل, تعليم عن بعد, واجبات, جبر, math",https://khamsat.com/training/learn-math/2731151-%D8%B4%D8%B1%D8%AD-%D9%88%D9%85%D8%B3%D8%A7%D8%B9%D8%AF%D8%A9-%D9%81%D9%8A-%D9%81%D9%87%D9%85-%D9%88%D8%AD%D9%84-%D9%85%D8%A7%D8%AF%D8%A9-%D8%A7%D9%84%D8%B1%D9%8A%D8%A7%D8%B6%D9%8A%D8%A7%D8%AA-%D9%84%D9%83%D8%A7%D9%81%D8%A9-%D8%A7%D9%84%D9%85%D8%B1%D8%A7%D8%AD%D9%84-%D8%A7%D9%84%D8%AF%D8%B1%D8%A7%D8%B3%D9%8A%D8%A9
شرح الاستاتيكا بخبرة تعليمية وفهم عملي للمادة,.Yousef Y,0,0,Aucun avis,تعليم عن بعد,تعلم العلوم المتخصصة,"تعليم اونلاين, شرح الاستاتيكا, حل مسائل الاستاتيكا, شرح استاتيكا ثانوي, شرح استاتيكا جامعات",https://khamsat.com/training/learn-math/3623962-%D8%B4%D8%B1%D8%AD-%D8%A7%D9%84%D8%A7%D8%B3%D8%AA%D8%A7%D8%AA%D9%8A%D9%83%D8%A7-%D8%A8%D8%AE%D8%A8%D8%B1%D8%A9-%D8%AA%D8%B9%D9%84%D9%8A%D9%85%D9%8A%D8%A9-%D9%88%D9%81%D9%87%D9%85-%D8%B9%D9%85%D9%84%D9%8A%D9%84%D9%84%D9%85%D8%A7%D8%AF%D8%A9
تأسيس قوي في الماث للأطفال والمبتدئين مع تدريبات تفاعلية,مها م.,0,0,Aucun avis,تعليم عن بعد,تعلم العلوم المتخصصة,"تصميم, كتابة, pdf, word",https://khamsat.com/training/learn-math/3768048-%D8%AA%D8%A3%D8%B3%D9%8A%D8%B3-%D9%82%D9%88%D9%8A-%D9%81%D9%8A-%D8%A7%D9%84%D9%85%D8%A7%D8%AB-%D9%84%D9%84%D8%A3%D8%B7%D9%81%D8%A7%D9%84-%D9%88%D8%A7%D9%84%D9%85%D8%A8%D8%AA%D8%AF%D8%A6%D9%8A%D9%86-%D9%85%D8%B9-%D8%AA%D8%AF%D8%B1%D9%8A%D8%A8%D8%A7%D8%AA-%D8%AA%D9%81%D8%A7%D8%B9%D9%84%D9%8A%D8%A9
شرح وحل تمارين الرياضيات عن بعد,.Mohamed S,0,0,Aucun avis,تعليم عن بعد,تعلم العلوم المتخصصة,"رياضيات, مساعدة, دعم, مسائل, تعليم عن بعد",https://khamsat.com/training/learn-math/3009000-%D8%B4%D8%B1%D8%AD-%D9%88%D8%AD%D9%84-%D8%AA%D9%85%D8%A7%D8%B1%D9%8A%D9%86-%D8%A7%D9%84%D8%B1%D9%8A%D8%A7%D8%B6%D9%8A%D8%A7%D8%AA-%D8%B9%D9%86-%D8%A8%D8%B9%D8%AF
تدريس وشرح مسائل رياضيات والفيزياء والعلوم الفيزيائية,محمد ا.,0,0,Aucun avis,تعليم عن بعد,تعلم العلوم المتخصصة,"رياضيات, دروس, شرح, حل, مسائل, فيزياء, رياضية",https://khamsat.com/training/learn-math/2811056-%D8%AA%D8%AF%D8%B1%D9%8A%D8%B3-%D9%88%D8%B4%D8%B1%D8%AD-%D9%85%D8%B3%D8%A7%D8%A6%D9%84-%D8%B1%D9%8A%D8%A7%D8%B6%D9%8A%D8%A7%D8%AA-%D9%88%D8%A7%D9%84%D9%81%D9%8A%D8%B2%D9%8A%D8%A7%D8%A1-%D9%88%D8%A7%D9%84%D8%B9%D9%84%D9%88%D9%85-%D8%A7%D9%84%D9%81%D9%8A%D8%B2%D9%8A%D8%A7%D8%A6%D9%8A%D8%A9
شرح مناهج الرياضيات لكافة المستويات الدراسية,علاء الدين ا.,0,0,Aucun avis,تعليم عن بعد,تعلم العلوم المتخصصة,"رياضيات, حسابات, مناهج, شرح",https://khamsat.com/training/learn-math/1337152-%D8%B4%D8%B1%D8%AD-%D9%85%D9%86%D8%A7%D9%87%D8%AC-%D8%A7%D9%84%D8%B1%D9%8A%D8%A7%D8%B6%D9%8A%D8%A7%D8%AA-%D9%84%D9%83%D8%A7%D9%81%D8%A9-%D8%A7%D9%84%D9%85%D8%B3%D8%AA%D9%88%D9%8A%D8%A7%D8%AA-%D8%A7%D9%84%D8%AF%D8%B1%D8%A7%D8%B3%D9%8A%D8%A9
حل وشرح المسائل الرياضية للمرحلة الإعدادية والثانوية,مصطفي ص.,0,0,Aucun avis,تعليم عن بعد,تعلم العلوم المتخصصة,"شرح, الرياضيات, اونلاين, جبر, math",https://khamsat.com/training/learn-math/3149250-%D8%AD%D9%84-%D9%88%D8%B4%D8%B1%D8%AD-%D8%A7%D9%84%D9%85%D8%B3%D8%A7%D8%A6%D9%84-%D8%A7%D9%84%D8%B1%D9%8A%D8%A7%D8%B6%D9%8A%D8%A9-%D9%84%D9%84%D9%85%D8%B1%D8%AD%D9%84%D8%A9-%D8%A7%D9%84%D8%A5%D8%B9%D8%AF%D8%A7%D8%AF%D9%8A%D8%A9-%D9%88%D8%A7%D9%84%D8%AB%D8%A7%D9%86%D9%88%D9%8A%D8%A9
شرح مواد الرياضيات للمراحل الثانوية والجامعية لكافة الفروع,.Ismail S,0,0,Aucun avis,تعليم عن بعد,تعلم العلوم المتخصصة,"هندسة, رياضيات, تعلم, الرياضيات, مسائل",https://khamsat.com/training/learn-math/3576857-%D8%B4%D8%B1%D8%AD-%D9%85%D9%88%D8%A7%D8%AF-%D8%A7%D9%84%D8%B1%D9%8A%D8%A7%D8%B6%D9%8A%D8%A7%D8%AA-%D9%84%D9%84%D9%85%D8%B1%D8%A7%D8%AD%D9%84-%D8%A7%D9%84%D8%AB%D8%A7%D9%86%D9%88%D9%8A%D8%A9-%D9%88%D8%A7%D9%84%D8%AC%D8%A7%D9%85%D8%B9%D9%8A%D8%A9-%D9%84%D9%83%D8%A7%D9%81%D8%A9-%D8%A7%D9%84%D9%81%D8%B1%D9%88%D8%B9
المساعده بحل كل ما يتعلق بالرياضيات البسيطة والمتقدمة من مسائل وتمارين,.Walaa A,3,2,منذ 4 سنوات و4 أشهر,تعليم عن بعد,تعلم العلوم المتخصصة,"رياضيات, تعليم, وظائف, عمل, أوراق, جامعة, امتحان, تدريس, ثانوي, math",https://khamsat.com/training/learn-math/1378396-%D8%A7%D9%84%D9%85%D8%B3%D8%A7%D8%B9%D8%AF%D9%87-%D8%A8%D8%AD%D9%84-%D9%83%D9%84-%D9%85%D8%A7-%D9%8A%D8%AA%D8%B9%D9%84%D9%82-%D8%A8%D8%A7%D9%84%D8%B1%D9%8A%D8%A7%D8%B6%D9%8A%D8%A7%D8%AA-%D8%A7%D9%84%D8%A8%D8%B3%D9%8A%D8%B7%D8%A9-%D9%88%D8%A7%D9%84%D9%85%D8%AA%D9%82%D8%AF%D9%85%D8%A9-%D9%85%D9%86-%D9%85%D8%B3%D8%A7%D8%A6%D9%84-%D9%88%D8%AA%D9%85%D8%A7%D8%B1%D9%8A%D9%86
المساعدة في حل تمارين والمسائل في مواد الرياضيات الجامعية,.Walaa A,9,7,منذ 3 سنوات وشهرين,تعليم عن بعد,تعلم العلوم المتخصصة,"رياضيات, تعليم, وظائف, جامعة, امتحان, جامعي, تدريس, math",https://khamsat.com/training/learn-math/1380800-%D8%A7%D9%84%D9%85%D8%B3%D8%A7%D8%B9%D8%AF%D8%A9-%D9%81%D9%8A-%D8%AD%D9%84-%D8%AA%D9%85%D8%A7%D8%B1%D9%8A%D9%86-%D9%88%D8%A7%D9%84%D9%85%D8%B3%D8%A7%D8%A6%D9%84-%D9%81%D9%8A-%D9%85%D9%88%D8%A7%D8%AF-%D8%A7%D9%84%D8%B1%D9%8A%D8%A7%D8%B6%D9%8A%D8%A7%D8%AA-%D8%A7%D9%84%D8%AC%D8%A7%D9%85%D8%B9%D9%8A%D8%A9
تدريس مادة الرياضيات للمرحلة الإعدادية و العليا,.Ahmad F,0,0,Aucun avis,تعليم عن بعد,تعلم العلوم المتخصصة,"تدريس رياضيات, دروس خصوصية رياضيات, دروس رياضيات أونلاين, تقديم شروحات رياضيات, استشارات تعليمية في الرياضيات",https://khamsat.com/training/learn-math/2788020-%D8%AA%D8%AF%D8%B1%D9%8A%D8%B3-%D9%85%D8%A7%D8%AF%D8%A9-%D8%A7%D9%84%D8%B1%D9%8A%D8%A7%D8%B6%D9%8A%D8%A7%D8%AA-%D9%84%D9%84%D9%85%D8%B1%D8%AD%D9%84%D8%A9-%D8%A7%D9%84%D8%A5%D8%B9%D8%AF%D8%A7%D8%AF%D9%8A%D8%A9-%D9%88-%D8%A7%D9%84%D8%B9%D9%84%D9%8A%D8%A7
حل مسائل رياضيات و فيزياء,محمود س.,0,0,Aucun avis,تعليم عن بعد,تعلم العلوم المتخصصة,"هندسة, الرياضيات, حل, مسائل, واجبات",https://khamsat.com/training/learn-math/975564-%D8%AD%D9%84-%D9%85%D8%B3%D8%A7%D8%A6%D9%84-%D8%B1%D9%8A%D8%A7%D8%B6%D9%8A%D8%A7%D8%AA-%D9%88-%D9%81%D9%8A%D8%B2%D9%8A%D8%A7%D8%A1
طريقة مبتكرة لتعليم الرياضيات معمل الرياضيات تطبيقات حياتية,محمود م.,0,0,Aucun avis,تعليم عن بعد,تعلم العلوم المتخصصة,"رياضيات, تدريس, تطبيقات_حياتية, معمل_الرياضيات, الأنشطة_المعملية",https://khamsat.com/training/learn-math/2970192-%D8%B7%D8%B1%D9%8A%D9%82%D8%A9-%D9%85%D8%A8%D8%AA%D9%83%D8%B1%D8%A9-%D9%84%D8%AA%D8%B9%D9%84%D9%8A%D9%85-%D8%A7%D9%84%D8%B1%D9%8A%D8%A7%D8%B6%D9%8A%D8%A7%D8%AA-%D9%85%D8%B9%D9%85%D9%84-%D8%A7%D9%84%D8%B1%D9%8A%D8%A7%D8%B6%D9%8A%D8%A7%D8%AA-%D8%AA%D8%B7%D8%A8%D9%8A%D9%82%D8%A7%D8%AA-%D8%AD%D9%8A%D8%A7%D8%AA%D9%8A%D8%A9
تعلم الرياضيات,Non trouvé,Non trouvé,Non trouvé,Aucun avis,تعليم عن بعد,تعلم العلوم المتخصصة,Aucun tag,https://khamsat.com/training/learn-math/3399923-%D8%B4%D8%B1%D8%AD-%D9%85%D8%A7%D8%AF%D8%A9-%D8%A7%D9%84%D8%B1%D9%8A%D8%A7%D8%B6%D9%8A%D8%A7%D8%AA-%D9%88%D8%A7%D9%84%D9%85%D8%B3%D8%A7%D8%B9%D8%AF%D8%A9-%D9%81%D9%8A-%D8%AD%D9%84-%D8%A7%D9%84%D9%88%D8%A7%D8%AC%D8%A8%D8%A7%D8%AA
دروس خصوصية في الرياضيات لطلبة الثانوية,.Ouail B,0,0,Aucun avis,تعليم عن بعد,تعلم العلوم المتخصصة,"رياضيات, تعلم, شرح, ثانوي, زووم",https://khamsat.com/training/learn-math/3805356-%D8%AF%D8%B1%D9%88%D8%B3-%D8%AE%D8%B5%D9%88%D8%B5%D9%8A%D8%A9-%D9%81%D9%8A-%D8%A7%D9%84%D8%B1%D9%8A%D8%A7%D8%B6%D9%8A%D8%A7%D8%AA-%D9%84%D8%B7%D9%84%D8%A8%D8%A9-%D8%A7%D9%84%D8%AB%D8%A7%D9%86%D9%88%D9%8A%D8%A9
شرح مواد الرياضيات عن بعد,.Hazem H,3,2,منذ سنة و19 يوم,تعليم عن بعد,تعلم العلوم المتخصصة,"رياضيات, مساعدة, شرح, التكامل, التفاضل",https://khamsat.com/training/learn-math/2061892-%D8%B4%D8%B1%D8%AD-%D9%85%D9%88%D8%A7%D8%AF-%D8%A7%D9%84%D8%B1%D9%8A%D8%A7%D8%B6%D9%8A%D8%A7%D8%AA-%D8%B9%D9%86-%D8%A8%D8%B9%D8%AF
شرح مادة الرياضات لاي مرحلة تعليمية,وليد غ.,0,0,Aucun avis,تعليم عن بعد,تعلم العلوم المتخصصة,"رياضيات, تعليم, شرح, تعليم عن بعد, تدريس",https://khamsat.com/training/learn-math/3040189-%D8%B4%D8%B1%D8%AD-%D9%85%D8%A7%D8%AF%D8%A9-%D8%A7%D9%84%D8%B1%D9%8A%D8%A7%D8%B6%D8%A7%D8%AA-%D9%84%D8%A7%D9%8A-%D9%85%D8%B1%D8%AD%D9%84%D8%A9-%D8%AA%D8%B9%D9%84%D9%8A%D9%85%D9%8A%D8%A9
استشارة في مادة الرياضيات,عبد الرحيم ا.,1,1,منذ 6 سنوات و8 أشهر,تعليم عن بعد,تعلم العلوم المتخصصة,"استشارة, رياضيات, امتحانات, حل, تصحيح, واجبات, واجب, مباريات",https://khamsat.com/training/learn-math/1182024-%D8%A7%D8%B3%D8%AA%D8%B4%D8%A7%D8%B1%D8%A9-%D9%81%D9%8A-%D9%85%D8%A7%D8%AF%D8%A9-%D8%A7%D9%84%D8%B1%D9%8A%D8%A7%D8%B6%D9%8A%D8%A7%D8%AA
تعليم المواد الخاصة بتخصص الاحصاء نظريا وعمليا,معتزبالله م.,3,2,منذ سنتين و8 أشهر,تعليم عن بعد,تعلم العلوم المتخصصة,"تعليم, عن, بعد, مواد, تدريس",https://khamsat.com/training/learn-math/2562535-%D8%AA%D8%B9%D9%84%D9%8A%D9%85-%D8%A7%D9%84%D9%85%D9%88%D8%A7%D8%AF-%D8%A7%D9%84%D8%AE%D8%A7%D8%B5%D8%A9-%D8%A8%D8%AA%D8%AE%D8%B5%D8%B5-%D8%A7%D9%84%D8%A7%D8%AD%D8%B5%D8%A7%D8%A1-%D9%86%D8%B8%D8%B1%D9%8A%D8%A7-%D9%88%D8%B9%D9%85%D9%84%D9%8A%D8%A7
تعلم الرياضيات,Non trouvé,Non trouvé,Non trouvé,Aucun avis,تعليم عن بعد,تعلم العلوم المتخصصة,Aucun tag,https://khamsat.com/training/learn-math/1721862-%D9%85%D8%B3%D8%A7%D8%B9%D8%AF%D8%A9-%D9%81%D9%8A-%D8%AD%D9%84-%D8%AA%D9%85%D8%A7%D8%B1%D9%8A%D9%86-%D9%88%D9%85%D8%B3%D8%A7%D8%A6%D9%84-%D8%A7%D9%84%D8%B1%D9%8A%D8%A7%D8%B6%D9%8A%D8%A7%D8%AA
سوف أساعدك على فهم دروس الرياضيات,عبد العزيز ي.,6,6,منذ 3 سنوات و6 أشهر,تعليم عن بعد,تعلم العلوم المتخصصة,"رياضيات, عن, بعد, تعلم, الرياضيات, أستاذ",https://khamsat.com/training/learn-math/1647008-%D8%B3%D9%88%D9%81-%D8%A3%D8%B3%D8%A7%D8%B9%D8%AF%D9%83-%D8%B9%D9%84%D9%89-%D9%81%D9%87%D9%85-%D8%AF%D8%B1%D9%88%D8%B3-%D8%A7%D9%84%D8%B1%D9%8A%D8%A7%D8%B6%D9%8A%D8%A7%D8%AA
شرح منهج رياضيات للمرحلة الابتدائية و الاعدادية,.Alaa E,0,0,Aucun avis,تعليم عن بعد,تعلم العلوم المتخصصة,"كتابة, ابتدائي, حل اسئلة, شرح منهج الرياضيات, برنامج زووم",https://khamsat.com/training/learn-math/3856485-%D8%B4%D8%B1%D8%AD-%D9%85%D9%86%D9%87%D8%AC-%D8%B1%D9%8A%D8%A7%D8%B6%D9%8A%D8%A7%D8%AA-%D9%84%D9%84%D9%85%D8%B1%D8%AD%D9%84%D8%A9-%D8%A7%D9%84%D8%A7%D8%A8%D8%AA%D8%AF%D8%A7%D8%A6%D9%8A%D8%A9-%D9%88-%D8%A7%D9%84%D8%A7%D8%B9%D8%AF%D8%A7%D8%AF%D9%8A%D8%A9
تعلم الرياضيات,Non trouvé,Non trouvé,Non trouvé,Aucun avis,تعليم عن بعد,تعلم العلوم المتخصصة,Aucun tag,https://khamsat.com/training/learn-math/2194789-%D8%A7%D9%84%D9%85%D8%B3%D8%A7%D8%B9%D8%AF%D9%87-%D9%81%D9%8A-%D8%AD%D9%84-%D8%AA%D9%85%D8%A7%D8%B1%D9%8A%D9%86-%D9%81%D9%8A-%D9%85%D8%A7%D8%AF%D9%87-%D8%A7%D9%84%D8%B1%D9%8A%D8%A7%D8%B6%D9%8A%D8%A7%D8%AA-%D9%84%D8%AC%D9%85%D9%8A%D8%B9-%D8%A7%D9%84%D9%85%D8%B1%D8%A7%D8%AD%D9%84-%D8%A7%D9%84%D8%AF%D8%B1%D8%A7%D8%B3
حلول التمارين الرياضية الصعبة maths,مروه ع.,2,1,منذ سنة و7 أشهر,تعليم عن بعد,تعلم العلوم المتخصصة,"حل, مسأل",https://khamsat.com/training/learn-math/665822-%D8%AD%D9%84%D9%88%D9%84-%D8%A7%D9%84%D8%AA%D9%85%D8%A7%D8%B1%D9%8A%D9%86-%D8%A7%D9%84%D8%B1%D9%8A%D8%A7%D8%B6%D9%8A%D8%A9-%D8%A7%D9%84%D8%B5%D8%B9%D8%A8%D8%A9-maths
تدريس مادة الرياضيات لكافة المراحل المدرسية و الجامعية,انجيلا د.,10,4,منذ 9 أشهر و28 يوم,تعليم عن بعد,تعلم العلوم المتخصصة,"رياضيات, شرح, مسائل, جبر, math",https://khamsat.com/training/learn-math/2921424-%D8%AA%D8%AF%D8%B1%D9%8A%D8%B3-%D9%85%D8%A7%D8%AF%D8%A9-%D8%A7%D9%84%D8%B1%D9%8A%D8%A7%D8%B6%D9%8A%D8%A7%D8%AA-%D9%84%D9%83%D8%A7%D9%81%D8%A9-%D8%A7%D9%84%D9%85%D8%B1%D8%A7%D8%AD%D9%84-%D8%A7%D9%84%D9%85%D8%AF%D8%B1%D8%B3%D9%8A%D8%A9-%D9%88-%D8%A7%D9%84%D8%AC%D8%A7%D9%85%D8%B9%D9%8A%D8%A9
المساعدة فى حل واجبات الرياضيات والمواد الهندسيه,ايمن ا.,2,2,منذ 4 سنوات و5 أشهر,تعليم عن بعد,تعلم العلوم المتخصصة,"رسم, هندسة, مسائل, هندسي, مواد, واجب, استاتيك, تفاضل, ميكانيكية, تكامل, اشتقاق, سوليدوركس, مقاومة",https://khamsat.com/training/learn-math/1471300-%D8%A7%D9%84%D9%85%D8%B3%D8%A7%D8%B9%D8%AF%D8%A9-%D9%81%D9%89-%D8%AD%D9%84-%D9%88%D8%A7%D8%AC%D8%A8%D8%A7%D8%AA-%D8%A7%D9%84%D8%B1%D9%8A%D8%A7%D8%B6%D9%8A%D8%A7%D8%AA-%D9%88%D8%A7%D9%84%D9%85%D9%88%D8%A7%D8%AF-%D8%A7%D9%84%D9%87%D9%86%D8%AF%D8%B3%D9%8A%D9%87
شرح مادة الرياضيات والماث للصفوف المختلفه,.Ashraf A,3,2,منذ 3 سنوات و4 أشهر,تعليم عن بعد,تعلم العلوم المتخصصة,"رياضيات, دروس, مناهج, شرح, مونتاج, حل, واجبات, انترناشونال, math, ماث",https://khamsat.com/training/learn-math/2146417-%D8%B4%D8%B1%D8%AD-%D9%85%D8%A7%D8%AF%D8%A9-%D8%A7%D9%84%D8%B1%D9%8A%D8%A7%D8%B6%D9%8A%D8%A7%D8%AA-%D9%88%D8%A7%D9%84%D9%85%D8%A7%D8%AB-%D9%84%D9%84%D8%B5%D9%81%D9%88%D9%81-%D8%A7%D9%84%D9%85%D8%AE%D8%AA%D9%84%D9%81%D9%87
PowerPoint Presentation لأغراض تعليمية,.Nahla S,0,0,Aucun avis,تعليم عن بعد,تعلم العلوم المتخصصة,"بوربوينت, presentation, power point, slideshow, slides",https://khamsat.com/training/learn-math/3823799-powerpoint-presentation-%D9%84%D8%A3%D8%BA%D8%B1%D8%A7%D8%B6-%D8%AA%D8%B9%D9%84%D9%8A%D9%85%D9%8A%D8%A9
حل مسائل الرياضيات للصف الثالث إعدادي مع الشرح بأي لغة,.Said A,0,0,Aucun avis,تعليم عن بعد,تعلم العلوم المتخصصة,"العربية, الفرنسية, شرح, حل, واجب",https://khamsat.com/training/learn-math/3576051-%D8%AD%D9%84-%D9%85%D8%B3%D8%A7%D8%A6%D9%84-%D8%A7%D9%84%D8%B1%D9%8A%D8%A7%D8%B6%D9%8A%D8%A7%D8%AA-%D9%84%D9%84%D8%B5%D9%81-%D8%A7%D9%84%D8%AB%D8%A7%D9%84%D8%AB-%D8%A5%D8%B9%D8%AF%D8%A7%D8%AF%D9%8A-%D9%85%D8%B9-%D8%A7%D9%84%D8%B4%D8%B1%D8%AD-%D8%A8%D8%A3%D9%8A-%D9%84%D8%BA%D8%A9
المساعدة في انجاز  تمارين الرياضيات,جمال ب.,0,0,Aucun avis,تعليم عن بعد,تعلم العلوم المتخصصة,"الجبر, الهندسة, الواجبات المنزلية, تمارين منزلية, حل الواجبات الرياضية",https://khamsat.com/training/learn-math/2439512-%D8%A7%D9%84%D9%85%D8%B3%D8%A7%D8%B9%D8%AF%D8%A9-%D9%81%D9%8A-%D8%A7%D9%86%D8%AC%D8%A7%D8%B2-%D8%AA%D9%85%D8%A7%D8%B1%D9%8A%D9%86-%D8%A7%D9%84%D8%B1%D9%8A%D8%A7%D8%B6%D9%8A%D8%A7%D8%AA
حل وشرح تمارين الرياضيات (عربى / إنجليزى ) للمراحل التعليمية,محمد ع.,1,1,منذ 4 سنوات و7 أشهر,تعليم عن بعد,تعلم العلوم المتخصصة,"رياضيات, دروس",https://khamsat.com/training/learn-math/998255-%D8%AD%D9%84-%D9%88%D8%B4%D8%B1%D8%AD-%D8%AA%D9%85%D8%A7%D8%B1%D9%8A%D9%86-%D8%A7%D9%84%D8%B1%D9%8A%D8%A7%D8%B6%D9%8A%D8%A7%D8%AA-%D8%B9%D8%B1%D8%A8%D9%89-%D8%A5%D9%86%D8%AC%D9%84%D9%8A%D8%B2%D9%89-%D9%84%D9%84%D9%85%D8%B1%D8%A7%D8%AD%D9%84-%D8%A7%D9%84%D8%AA%D8%B9%D9%84%D9%8A%D9%85%D9%8A%D8%A9
المساعدة بحل واجبات الرياضيات,حمد محمد حمد م.,0,0,Aucun avis,تعليم عن بعد,تعلم العلوم المتخصصة,"رياضيات, مسائل, تمارين, إحصاء, تفاضل",https://khamsat.com/training/learn-math/3145217-%D8%A7%D9%84%D9%85%D8%B3%D8%A7%D8%B9%D8%AF%D8%A9-%D8%A8%D8%AD%D9%84-%D9%88%D8%A7%D8%AC%D8%A8%D8%A7%D8%AA-%D8%A7%D9%84%D8%B1%D9%8A%D8%A7%D8%B6%D9%8A%D8%A7%D8%AA
محاضرات شرح لمادة الفيزياء و الرياضيات نصف ساعة مقابل خدمة,.Ahmed O,2,2,منذ 4 سنوات وشهرين,تعليم عن بعد,تعلم العلوم المتخصصة,"شرح, فيزياء, ورياضيات",https://khamsat.com/training/learn-math/1638900-%D9%85%D8%AD%D8%A7%D8%B6%D8%B1%D8%A7%D8%AA-%D8%B4%D8%B1%D8%AD-%D9%84%D9%85%D8%A7%D8%AF%D8%A9-%D8%A7%D9%84%D9%81%D9%8A%D8%B2%D9%8A%D8%A7%D8%A1-%D9%88-%D8%A7%D9%84%D8%B1%D9%8A%D8%A7%D8%B6%D9%8A%D8%A7%D8%AA-%D9%86%D8%B5%D9%81-%D8%B3%D8%A7%D8%B9%D8%A9-%D9%85%D9%82%D8%A7%D8%A8%D9%84-%D8%AE%D8%AF%D9%85%D8%A9
تدريس رياضيات لجميع المستويات,.Mohammed B,0,0,Aucun avis,تعليم عن بعد,تعلم العلوم المتخصصة,"رياضيات, شرح, الرياضيات, تعليم عن بعد, math",https://khamsat.com/training/learn-math/3556151-%D8%AA%D8%AF%D8%B1%D9%8A%D8%B3-%D8%B1%D9%8A%D8%A7%D8%B6%D9%8A%D8%A7%D8%AA-%D9%84%D8%AC%D9%85%D9%8A%D8%B9-%D8%A7%D9%84%D9%85%D8%B3%D8%AA%D9%88%D9%8A%D8%A7%D8%AA
شرح وفهم دروس الرياضيات لجميع المراحل,.Mr S,0,0,Aucun avis,تعليم عن بعد,تعلم العلوم المتخصصة,"شرح, الرياضيات, جبر, math, تفاضل",https://khamsat.com/training/learn-math/3668374-%D8%B4%D8%B1%D8%AD-%D9%88%D9%81%D9%87%D9%85-%D8%AF%D8%B1%D9%88%D8%B3-%D8%A7%D9%84%D8%B1%D9%8A%D8%A7%D8%B6%D9%8A%D8%A7%D8%AA-%D9%84%D8%AC%D9%85%D9%8A%D8%B9-%D8%A7%D9%84%D9%85%D8%B1%D8%A7%D8%AD%D9%84
شرح وتبسيط دروس الرياضيات مع حل مسائل لجميع المراحل الدراسية,فاطمه ا.,0,0,Aucun avis,تعليم عن بعد,تعلم العلوم المتخصصة,"رياضيات, شرح, تعليم عن بعد, واجبات, math",https://khamsat.com/training/learn-math/3785277-%D8%B4%D8%B1%D8%AD-%D9%88%D8%AA%D8%A8%D8%B3%D9%8A%D8%B7-%D8%AF%D8%B1%D9%88%D8%B3-%D8%A7%D9%84%D8%B1%D9%8A%D8%A7%D8%B6%D9%8A%D8%A7%D8%AA-%D9%85%D8%B9-%D8%AD%D9%84-%D9%85%D8%B3%D8%A7%D8%A6%D9%84-%D9%84%D8%AC%D9%85%D9%8A%D8%B9-%D8%A7%D9%84%D9%85%D8%B1%D8%A7%D8%AD%D9%84-%D8%A7%D9%84%D8%AF%D8%B1%D8%A7%D8%B3%D9%8A%D8%A9
مراجعة وحل أسئلة رياضيات وكتابة الملاحظات,خالد أ.,0,0,Aucun avis,تعليم عن بعد,تعلم العلوم المتخصصة,"رياضيات, حساب, اختبار, pdf, word, حل, تصحيح, أسئلة, اختبارات",https://khamsat.com/training/learn-math/2806412-%D9%85%D8%B1%D8%A7%D8%AC%D8%B9%D8%A9-%D9%88%D8%AD%D9%84-%D8%A3%D8%B3%D8%A6%D9%84%D8%A9-%D8%B1%D9%8A%D8%A7%D8%B6%D9%8A%D8%A7%D8%AA-%D9%88%D9%83%D8%AA%D8%A7%D8%A8%D8%A9-%D8%A7%D9%84%D9%85%D9%84%D8%A7%D8%AD%D8%B8%D8%A7%D8%AA
معلم رياضيات خصوصي لمادة الرياضيات,.Husam A,0,0,Aucun avis,تعليم عن بعد,تعلم العلوم المتخصصة,"رياضيات, شرح, تعليم عن بعد, تدريس, ثانوي",https://khamsat.com/training/learn-math/3691708-%D9%85%D8%B9%D9%84%D9%85-%D8%B1%D9%8A%D8%A7%D8%B6%D9%8A%D8%A7%D8%AA-%D8%AE%D8%B5%D9%88%D8%B5%D9%8A-%D9%84%D9%85%D8%A7%D8%AF%D8%A9-%D8%A7%D9%84%D8%B1%D9%8A%D8%A7%D8%B6%D9%8A%D8%A7%D8%AA
شرح مادة الرياضيات لجميع المراحل التعليمية,محمد ع.,0,0,Aucun avis,تعليم عن بعد,تعلم العلوم المتخصصة,"رياضيات, شرح, حل, حل واجبات, math",https://khamsat.com/training/learn-math/3738851-%D8%B4%D8%B1%D8%AD-%D9%85%D8%A7%D8%AF%D8%A9-%D8%A7%D9%84%D8%B1%D9%8A%D8%A7%D8%B6%D9%8A%D8%A7%D8%AA-%D9%84%D8%AC%D9%85%D9%8A%D8%B9-%D8%A7%D9%84%D9%85%D8%B1%D8%A7%D8%AD%D9%84-%D8%A7%D9%84%D8%AA%D8%B9%D9%84%D9%8A%D9%85%D9%8A%D8%A9
حل أسئلة الرياضيات Math للمرحلة الثانوية والجامعية,.Emad Eldin M,0,0,Aucun avis,تعليم عن بعد,تعلم العلوم المتخصصة,"واجبات, math, ماث, مسائل جامعية, مسائل ثانوي",https://khamsat.com/training/learn-math/3815094-%D8%AD%D9%84-%D8%A3%D8%B3%D8%A6%D9%84%D8%A9-%D8%A7%D9%84%D8%B1%D9%8A%D8%A7%D8%B6%D9%8A%D8%A7%D8%AA-math-%D9%84%D9%84%D9%85%D8%B1%D8%AD%D9%84%D8%A9-%D8%A7%D9%84%D8%AB%D8%A7%D9%86%D9%88%D9%8A%D8%A9-%D9%88%D8%A7%D9%84%D8%AC%D8%A7%D9%85%D8%B9%D9%8A%D8%A9
حل مسائل رياضيات مع فيديو شرح، مستوى ثانوي وجامعي,.Abdelrahman D,0,0,Aucun avis,تعليم عن بعد,تعلم العلوم المتخصصة,"رياضيات, تعليم, شرح, مسائل, واجبات",https://khamsat.com/training/learn-math/3094438-%D8%AD%D9%84-%D9%85%D8%B3%D8%A7%D8%A6%D9%84-%D8%B1%D9%8A%D8%A7%D8%B6%D9%8A%D8%A7%D8%AA-%D9%85%D8%B9-%D9%81%D9%8A%D8%AF%D9%8A%D9%88-%D8%B4%D8%B1%D8%AD-%D9%85%D8%B3%D8%AA%D9%88%D9%89-%D8%AB%D8%A7%D9%86%D9%88%D9%8A-%D9%88%D8%AC%D8%A7%D9%85%D8%B9%D9%8A
تدريس مادة الرياضيات للمراحل ( الابتدائية -المتوسط),ام عبدالرحمن ا.,0,0,Aucun avis,تعليم عن بعد,تعلم العلوم المتخصصة,"رياضيات, تعليم, شرح, مسائل",https://khamsat.com/training/learn-math/3663019-%D8%AA%D8%AF%D8%B1%D9%8A%D8%B3-%D9%85%D8%A7%D8%AF%D8%A9-%D8%A7%D9%84%D8%B1%D9%8A%D8%A7%D8%B6%D9%8A%D8%A7%D8%AA-%D9%84%D9%84%D9%85%D8%B1%D8%A7%D8%AD%D9%84-%D8%A7%D9%84%D8%A7%D8%A8%D8%AA%D8%AF%D8%A7%D8%A6%D9%8A%D8%A9-%D8%A7%D9%84%D9%85%D8%AA%D9%88%D8%B3%D8%B7
شرح مادة الأحصاء للمرحلة الجامعية,محمد خ.,0,0,Aucun avis,تعليم عن بعد,تعلم العلوم المتخصصة,"شرح, احصاء, جامعى",https://khamsat.com/training/learn-math/3488135-%D8%B4%D8%B1%D8%AD-%D9%85%D8%A7%D8%AF%D8%A9-%D8%A7%D9%84%D8%A3%D8%AD%D8%B5%D8%A7%D8%A1-%D9%84%D9%84%D9%85%D8%B1%D8%AD%D9%84%D8%A9-%D8%A7%D9%84%D8%AC%D8%A7%D9%85%D8%B9%D9%8A%D8%A9
إعداد امتحانات في مادة الرياضيات,مرفت ب.,0,0,Aucun avis,تعليم عن بعد,تعلم العلوم المتخصصة,"رياضيات, كتابة, اختبار, امتحان, أسئلة",https://khamsat.com/training/learn-math/3015816-%D8%A5%D8%B9%D8%AF%D8%A7%D8%AF-%D8%A7%D9%85%D8%AA%D8%AD%D8%A7%D9%86%D8%A7%D8%AA-%D9%81%D9%8A-%D9%85%D8%A7%D8%AF%D8%A9-%D8%A7%D9%84%D8%B1%D9%8A%D8%A7%D8%B6%D9%8A%D8%A7%D8%AA
المساعدة في حل واجبات مادة الرياضيات,.Hady E,0,0,Aucun avis,تعليم عن بعد,تعلم العلوم المتخصصة,"رياضيات, تدريب, الرياضيات, حل واجبات, math",https://khamsat.com/training/learn-math/3468384-%D8%A7%D9%84%D9%85%D8%B3%D8%A7%D8%B9%D8%AF%D8%A9-%D9%81%D9%8A-%D8%AD%D9%84-%D9%88%D8%A7%D8%AC%D8%A8%D8%A7%D8%AA-%D9%85%D8%A7%D8%AF%D8%A9-%D8%A7%D9%84%D8%B1%D9%8A%D8%A7%D8%B6%D9%8A%D8%A7%D8%AA
تعليم وشرح الرياضيات بطريقة  مبسطة,محمد ق.,0,0,Aucun avis,تعليم عن بعد,تعلم العلوم المتخصصة,"رياضيات, دروس, تعليم, حل واجبات, math",https://khamsat.com/training/learn-math/3777799-%D8%AA%D8%B9%D9%84%D9%8A%D9%85-%D9%88%D8%B4%D8%B1%D8%AD-%D8%A7%D9%84%D8%B1%D9%8A%D8%A7%D8%B6%D9%8A%D8%A7%D8%AA-%D8%A8%D8%B7%D8%B1%D9%8A%D9%82%D8%A9-%D9%85%D8%A8%D8%B3%D8%B7%D8%A9
حل وشرح الوظائف المدرسية بشكل سهل,.Sara S,0,0,Aucun avis,تعليم عن بعد,تعلم العلوم المتخصصة,"شرح, حل, قواعد, اساسيات, فهم",https://khamsat.com/training/learn-math/3650371-%D8%AD%D9%84-%D9%88%D8%B4%D8%B1%D8%AD-%D8%A7%D9%84%D9%88%D8%B8%D8%A7%D8%A6%D9%81-%D8%A7%D9%84%D9%85%D8%AF%D8%B1%D8%B3%D9%8A%D8%A9-%D8%A8%D8%B4%D9%83%D9%84-%D8%B3%D9%87%D9%84
حل و شرح مسائل الرياضيات و الفيزياء و الكهرباء,يوسف س.,0,0,Aucun avis,تعليم عن بعد,تعلم العلوم المتخصصة,"رياضيات, كهربائية, محركات, كهرباء, فيزياء, دوائر, نيوتن, معادلات, قوانين, دوال, نهايات",https://khamsat.com/training/learn-math/1116438-%D8%AD%D9%84-%D9%88-%D8%B4%D8%B1%D8%AD-%D9%85%D8%B3%D8%A7%D8%A6%D9%84-%D8%A7%D9%84%D8%B1%D9%8A%D8%A7%D8%B6%D9%8A%D8%A7%D8%AA-%D9%88-%D8%A7%D9%84%D9%81%D9%8A%D8%B2%D9%8A%D8%A7%D8%A1-%D9%88-%D8%A7%D9%84%D9%83%D9%87%D8%B1%D8%A8%D8%A7%D8%A1
تعلم الرياضيات,Non trouvé,Non trouvé,Non trouvé,Aucun avis,تعليم عن بعد,تعلم العلوم المتخصصة,Aucun tag,https://khamsat.com/training/learn-math/3083171-%D8%A7%D9%84%D9%85%D8%B3%D8%A7%D8%B9%D8%AF%D8%A9-%D8%AD%D9%84-%D8%AA%D9%85%D8%A7%D8%B1%D9%8A%D9%86-%D9%88%D9%85%D8%B3%D8%A7%D8%A6%D9%84-%D8%B1%D9%8A%D8%A7%D8%B6%D9%8A%D8%A7%D8%AA-%D9%84%D9%84%D9%85%D8%B1%D8%A7%D8%AD%D9%84-%D8%A7%D9%84%D8%A5%D8%B9%D8%AF%D8%A7%D8%AF%D9%8A%D8%A9-%D9%88%D8%A7%D9%84%D8%AB%D8%A7%D9%86%D9%88%D9%8A%D8%A9
معلم رياضيات ابتدائي ومتوسط منهج سعودى وخبير اختبارات نافس,.Taha A,0,0,Aucun avis,تعليم عن بعد,تعلم العلوم المتخصصة,"رياضيات, تعليم, تعليم عن بعد, واجبات, ابتدائي",https://khamsat.com/training/learn-math/3131303-%D9%85%D8%B9%D9%84%D9%85-%D8%B1%D9%8A%D8%A7%D8%B6%D9%8A%D8%A7%D8%AA-%D8%A7%D8%A8%D8%AA%D8%AF%D8%A7%D8%A6%D9%8A-%D9%88%D9%85%D8%AA%D9%88%D8%B3%D8%B7-%D9%85%D9%86%D9%87%D8%AC-%D8%B3%D8%B9%D9%88%D8%AF%D9%89-%D9%88%D8%AE%D8%A8%D9%8A%D8%B1-%D8%A7%D8%AE%D8%AA%D8%A8%D8%A7%D8%B1%D8%A7%D8%AA-%D9%86%D8%A7%D9%81%D8%B3
حل المسائل الرياضية عن طريق برنامج ال Matlab,.Mohamed S,0,0,Aucun avis,تعليم عن بعد,تعلم العلوم المتخصصة,"matlab, ماتلاب, programming, المسائل, simulation",https://khamsat.com/training/learn-math/2689895-%D8%AD%D9%84-%D8%A7%D9%84%D9%85%D8%B3%D8%A7%D8%A6%D9%84-%D8%A7%D9%84%D8%B1%D9%8A%D8%A7%D8%B6%D9%8A%D8%A9-%D8%B9%D9%86-%D8%B7%D8%B1%D9%8A%D9%82-%D8%A8%D8%B1%D9%86%D8%A7%D9%85%D8%AC-%D8%A7%D9%84-matlab
حل مسائل الفيزياء و الرياضيات  مسألتين,.Aya Y,0,0,Aucun avis,تعليم عن بعد,تعلم العلوم المتخصصة,"رياضيات, حل, فيزياء, واجبات",https://khamsat.com/training/learn-math/828781-%D8%AD%D9%84-%D9%85%D8%B3%D8%A7%D8%A6%D9%84-%D8%A7%D9%84%D9%81%D9%8A%D8%B2%D9%8A%D8%A7%D8%A1-%D9%88-%D8%A7%D9%84%D8%B1%D9%8A%D8%A7%D8%B6%D9%8A%D8%A7%D8%AA-%D9%85%D8%B3%D8%A3%D9%84%D8%AA%D9%8A%D9%86
شرح دروس جامعيه في مجال الرياضيات,.Najla A,25,19,منذ سنة و12 شهر,تعليم عن بعد,تعلم العلوم المتخصصة,"رياضيات, حلول, شرح, جامعة",https://khamsat.com/training/learn-math/1825514-%D8%B4%D8%B1%D8%AD-%D8%AF%D8%B1%D9%88%D8%B3-%D8%AC%D8%A7%D9%85%D8%B9%D9%8A%D9%87-%D9%81%D9%8A-%D9%85%D8%AC%D8%A7%D9%84-%D8%A7%D9%84%D8%B1%D9%8A%D8%A7%D8%B6%D9%8A%D8%A7%D8%AA
المساعدة في حل مسائل الرياضيات,ريما م.,17,13,منذ سنة و8 أشهر,تعليم عن بعد,تعلم العلوم المتخصصة,"رياضيات, شرح, مسائل, واجبات",https://khamsat.com/training/learn-math/1597317-%D8%A7%D9%84%D9%85%D8%B3%D8%A7%D8%B9%D8%AF%D8%A9-%D9%81%D9%8A-%D8%AD%D9%84-%D9%85%D8%B3%D8%A7%D8%A6%D9%84-%D8%A7%D9%84%D8%B1%D9%8A%D8%A7%D8%B6%D9%8A%D8%A7%D8%AA
مساعدة في حل مسائل الرياضيات  ابتدائي اعدادي ثاانوي جامعة,.Najla A,6,4,منذ سنة و9 أشهر,تعليم عن بعد,تعلم العلوم المتخصصة,"رياضيات, حلول, تعليم, شرح, واجبات, math",https://khamsat.com/training/learn-math/1849482-%D9%85%D8%B3%D8%A7%D8%B9%D8%AF%D8%A9-%D9%81%D9%8A-%D8%AD%D9%84-%D9%85%D8%B3%D8%A7%D8%A6%D9%84-%D8%A7%D9%84%D8%B1%D9%8A%D8%A7%D8%B6%D9%8A%D8%A7%D8%AA-%D8%A7%D8%A8%D8%AA%D8%AF%D8%A7%D8%A6%D9%8A-%D8%A7%D8%B9%D8%AF%D8%A7%D8%AF%D9%8A-%D8%AB%D8%A7%D8%A7%D9%86%D9%88%D9%8A-%D8%AC%D8%A7%D9%85%D8%B9%D8%A9
حساب المسافة والزمن بين نقطتين على جوجل ماب بوسائل النقل,أمة الرحمن ا.,0,0,Aucun avis,تعليم عن بعد,تعلم العلوم المتخصصة,"حساب, جوجل, الموقع, سفر, الوقت, استخراج, قياس, maps, ماب, الزمن",https://khamsat.com/training/learn-math/2524343-%D8%AD%D8%B3%D8%A7%D8%A8-%D8%A7%D9%84%D9%85%D8%B3%D8%A7%D9%81%D8%A9-%D9%88%D8%A7%D9%84%D8%B2%D9%85%D9%86-%D8%A8%D9%8A%D9%86-%D9%86%D9%82%D8%B7%D8%AA%D9%8A%D9%86-%D8%B9%D9%84%D9%89-%D8%AC%D9%88%D8%AC%D9%84-%D9%85%D8%A7%D8%A8-%D8%A8%D9%88%D8%B3%D8%A7%D8%A6%D9%84-%D8%A7%D9%84%D9%86%D9%82%D9%84
شرح ومساعدة في حل مسائل الرياضيات,.Najla A,12,8,منذ سنة و11 شهر,تعليم عن بعد,تعلم العلوم المتخصصة,"شرح, الرياضيات, واجبات, امتحان, ملازم",https://khamsat.com/training/learn-math/1793470-%D8%B4%D8%B1%D8%AD-%D9%88%D9%85%D8%B3%D8%A7%D8%B9%D8%AF%D8%A9-%D9%81%D9%8A-%D8%AD%D9%84-%D9%85%D8%B3%D8%A7%D8%A6%D9%84-%D8%A7%D9%84%D8%B1%D9%8A%D8%A7%D8%B6%D9%8A%D8%A7%D8%AA
مدرسة رياضيات أونلاين عبر زوم,ناريمان ا.,0,0,Aucun avis,تعليم عن بعد,تعلم العلوم المتخصصة,Aucun tag,https://khamsat.com/training/learn-math/2022674-%D9%85%D8%AF%D8%B1%D8%B3%D8%A9-%D8%B1%D9%8A%D8%A7%D8%B6%D9%8A%D8%A7%D8%AA-%D8%A3%D9%88%D9%86%D9%84%D8%A7%D9%8A%D9%86-%D8%B9%D8%A8%D8%B1-%D8%B2%D9%88%D9%85
تأسيس رياضيات وقدرات كمي للمرحلة الثانوية,.Najla A,0,0,Aucun avis,تعليم عن بعد,تعلم العلوم المتخصصة,"رياضيات, حلول, شرح, تمارين, قدرات, تأسيس, الثانوية, قدرات كمي",https://khamsat.com/training/learn-math/2464223-%D8%AA%D8%A3%D8%B3%D9%8A%D8%B3-%D8%B1%D9%8A%D8%A7%D8%B6%D9%8A%D8%A7%D8%AA-%D9%88%D9%82%D8%AF%D8%B1%D8%A7%D8%AA-%D9%83%D9%85%D9%8A-%D9%84%D9%84%D9%85%D8%B1%D8%AD%D9%84%D8%A9-%D8%A7%D9%84%D8%AB%D8%A7%D9%86%D9%88%D9%8A%D8%A9
سأقوم بالمساعدة فى شرح وتبسيط واجبات الرياضيات,.Mahmoud A,0,0,Aucun avis,تعليم عن بعد,تعلم العلوم المتخصصة,"رياضيات, الجبر, تمارين, تفاضل, تكامل",https://khamsat.com/training/learn-math/1704669-%D8%B3%D8%A3%D9%82%D9%88%D9%85-%D8%A8%D8%A7%D9%84%D9%85%D8%B3%D8%A7%D8%B9%D8%AF%D8%A9-%D9%81%D9%89-%D8%B4%D8%B1%D8%AD-%D9%88%D8%AA%D8%A8%D8%B3%D9%8A%D8%B7-%D9%88%D8%A7%D8%AC%D8%A8%D8%A7%D8%AA-%D8%A7%D9%84%D8%B1%D9%8A%D8%A7%D8%B6%D9%8A%D8%A7%D8%AA
شرح وحل واجبات رياضيات بكل فروعها لكل المراحل,.Rand S,6,4,منذ سنتين و8 أشهر,تعليم عن بعد,تعلم العلوم المتخصصة,"رياضيات, دروس, تعليم, شرح, واجبات",https://khamsat.com/training/learn-math/2574160-%D8%B4%D8%B1%D8%AD-%D9%88%D8%AD%D9%84-%D9%88%D8%A7%D8%AC%D8%A8%D8%A7%D8%AA-%D8%B1%D9%8A%D8%A7%D8%B6%D9%8A%D8%A7%D8%AA-%D8%A8%D9%83%D9%84-%D9%81%D8%B1%D9%88%D8%B9%D9%87%D8%A7-%D9%84%D9%83%D9%84-%D8%A7%D9%84%D9%85%D8%B1%D8%A7%D8%AD%D9%84
المساعدة في فهم وحل مسائل الرياضية والفيزيائية لكل مستويات,ياسر ا.,27,22,منذ سنة و4 أشهر,تعليم عن بعد,تعلم العلوم المتخصصة,"matlab, حلول, مساعدة, اختبار, الرياضيات",https://khamsat.com/training/learn-math/1644025-%D8%A7%D9%84%D9%85%D8%B3%D8%A7%D8%B9%D8%AF%D8%A9-%D9%81%D9%8A-%D9%81%D9%87%D9%85-%D9%88%D8%AD%D9%84-%D9%85%D8%B3%D8%A7%D8%A6%D9%84-%D8%A7%D9%84%D8%B1%D9%8A%D8%A7%D8%B6%D9%8A%D8%A9-%D9%88%D8%A7%D9%84%D9%81%D9%8A%D8%B2%D9%8A%D8%A7%D8%A6%D9%8A%D8%A9-%D9%84%D9%83%D9%84-%D9%85%D8%B3%D8%AA%D9%88%D9%8A%D8%A7%D8%AA
المساعدة فى حل واجبات الرياضيات والاحصاء,احمد ع.,0,0,Aucun avis,تعليم عن بعد,تعلم العلوم المتخصصة,"رياضيات, اختبار, حل, اونلاين, احصاء",https://khamsat.com/training/learn-math/1768353-%D8%A7%D9%84%D9%85%D8%B3%D8%A7%D8%B9%D8%AF%D8%A9-%D9%81%D9%89-%D8%AD%D9%84-%D9%88%D8%A7%D8%AC%D8%A8%D8%A7%D8%AA-%D8%A7%D9%84%D8%B1%D9%8A%D8%A7%D8%B6%D9%8A%D8%A7%D8%AA-%D9%88%D8%A7%D9%84%D8%A7%D8%AD%D8%B5%D8%A7%D8%A1
المساعدة في حل تمارين ومسائل رياضيات لجميع المراحل الدراسية,.Rawaa H,15,9,منذ سنتين و12 شهر,تعليم عن بعد,تعلم العلوم المتخصصة,"رياضيات, شرح, حل, مسألة",https://khamsat.com/training/learn-math/1652620-%D8%A7%D9%84%D9%85%D8%B3%D8%A7%D8%B9%D8%AF%D8%A9-%D9%81%D9%8A-%D8%AD%D9%84-%D8%AA%D9%85%D8%A7%D8%B1%D9%8A%D9%86-%D9%88%D9%85%D8%B3%D8%A7%D8%A6%D9%84-%D8%B1%D9%8A%D8%A7%D8%B6%D9%8A%D8%A7%D8%AA-%D9%84%D8%AC%D9%85%D9%8A%D8%B9-%D8%A7%D9%84%D9%85%D8%B1%D8%A7%D8%AD%D9%84-%D8%A7%D9%84%D8%AF%D8%B1%D8%A7%D8%B3%D9%8A%D8%A9
تعليق على موضوع علمي في مجال الهندسة، الفيزياء و الرياضيات,.El Mouatez Billah M,1,1,منذ 6 سنوات وشهرين,تعليم عن بعد,تعلم العلوم المتخصصة,"علمية, ملخصات, تعليق, علمي, تقريرعلمي",https://khamsat.com/training/learn-math/1335961-%D8%AA%D8%B9%D9%84%D9%8A%D9%82-%D8%B9%D9%84%D9%89-%D9%85%D9%88%D8%B6%D9%88%D8%B9-%D8%B9%D9%84%D9%85%D9%8A-%D9%81%D9%8A-%D9%85%D8%AC%D8%A7%D9%84-%D8%A7%D9%84%D9%87%D9%86%D8%AF%D8%B3%D8%A9-%D8%A7%D9%84%D9%81%D9%8A%D8%B2%D9%8A%D8%A7%D8%A1-%D9%88-%D8%A7%D9%84%D8%B1%D9%8A%D8%A7%D8%B6%D9%8A%D8%A7%D8%AA
تعلم الرياضيات,Non trouvé,Non trouvé,Non trouvé,Aucun avis,تعليم عن بعد,تعلم العلوم المتخصصة,Aucun tag,https://khamsat.com/training/learn-math/1509998-%D8%AA%D9%82%D8%AF%D9%8A%D9%85-%D8%AD%D9%84-%D9%85%D8%B3%D8%A7%D8%A6%D9%84-%D8%A7%D9%84%D8%B1%D9%8A%D8%A7%D8%B6%D9%8A%D8%A7%D8%AA-%D9%88-%D8%A7%D9%84%D9%81%D9%8A%D8%B2%D9%8A%D8%A7%D8%A1
الصفحة المطلوبة غير موجودة,Non trouvé,Non trouvé,Non trouvé,Aucun avis,Inconnu,Inconnu,Aucun tag,https://khamsat.com/training/learn-math/1572304-%D8%B4%D8%B1%D8%AD-%D9%88-%D8%AD%D9%84-%D9%85%D8%B3%D8%A7%D8%A6%D9%84-%D8%A7%D9%84%D8%B1%D9%8A%D8%A7%D8%B6%D9%8A%D8%A7%D8%AA-%D9%88%D8%A7%D9%84%D9%81%D9%8A%D8%B2%D9%8A%D8%A7%D8%A1-%D9%84%D8%AC%D9%85%D9%8A%D8%B9-%D8%A7%D9%84%D9%85%D8%B1%D8%A7%D8%AD%D9%84
شرح دروس و مساعدة في فهم  مسائل الرياضيات,.Mohamed E,5,3,منذ 5 سنوات و4 أشهر,تعليم عن بعد,تعلم العلوم المتخصصة,"شرح, الرياضيات, حل, مسائل, واجبات, جبر, احصاء, الهندسة, math, تفاضل, تكامل",https://khamsat.com/training/learn-math/1652847-%D8%B4%D8%B1%D8%AD-%D8%AF%D8%B1%D9%88%D8%B3-%D9%88-%D9%85%D8%B3%D8%A7%D8%B9%D8%AF%D8%A9-%D9%81%D9%8A-%D9%81%D9%87%D9%85-%D9%85%D8%B3%D8%A7%D8%A6%D9%84-%D8%A7%D9%84%D8%B1%D9%8A%D8%A7%D8%B6%D9%8A%D8%A7%D8%AA
حل مسائل الرياضيات والفيزياء والميكانيكا  لكل مراحل الدراسة,حسام ا.,3,3,منذ 7 سنوات وشهر,تعليم عن بعد,تعلم العلوم المتخصصة,"رياضيات, دروس, حلول, دراسة, شرح, حل, مسائل, فيزياء, تمارين, واجبات, اجابة, فروض, ميكانيكا",https://khamsat.com/training/learn-math/1017787-%D8%AD%D9%84-%D9%85%D8%B3%D8%A7%D8%A6%D9%84-%D8%A7%D9%84%D8%B1%D9%8A%D8%A7%D8%B6%D9%8A%D8%A7%D8%AA-%D9%88%D8%A7%D9%84%D9%81%D9%8A%D8%B2%D9%8A%D8%A7%D8%A1-%D9%88%D8%A7%D9%84%D9%85%D9%8A%D9%83%D8%A7%D9%86%D9%8A%D9%83%D8%A7-%D9%84%D9%83%D9%84-%D9%85%D8%B1%D8%A7%D8%AD%D9%84-%D8%A7%D9%84%D8%AF%D8%B1%D8%A7%D8%B3%D8%A9
تعلم تصميم الجرافيك,Non trouvé,Non trouvé,Non trouvé,Aucun avis,تعليم عن بعد,تعلم المهارات الرقمية,Aucun tag,https://khamsat.com/training/learn-designing/2695845-%D8%AF%D9%88%D8%B1%D8%A9-%D8%A7%D9%84%D8%AA%D8%B5%D9%85%D9%8A%D9%85-%D8%A7%D9%84%D8%AC%D8%B1%D8%A7%D9%81%D9%8A%D9%83%D9%8A-%D9%85%D8%B3%D8%AA%D9%88%D9%89-%D9%85%D8%A8%D8%AA%D8%AF%D8%A6
تعلم برنامج التصميم ثري دي ماكس من الصفر للاحتراف 3ds Max,.Lubna B,2,2,منذ 4 أشهر و7 أيام,تعليم عن بعد,تعلم المهارات الرقمية,"design, vray, تعلم عن بعد, 3dmax, modiling",https://khamsat.com/training/learn-designing/2876895-%D8%AA%D8%B9%D9%84%D9%85-%D8%A8%D8%B1%D9%86%D8%A7%D9%85%D8%AC-%D8%A7%D9%84%D8%AA%D8%B5%D9%85%D9%8A%D9%85-%D8%AB%D8%B1%D9%8A-%D8%AF%D9%8A-%D9%85%D8%A7%D9%83%D8%B3-%D9%85%D9%86-%D8%A7%D9%84%D8%B5%D9%81%D8%B1-%D9%84%D9%84%D8%A7%D8%AD%D8%AA%D8%B1%D8%A7%D9%81-3ds-max
افضل أدوات التصميم بالذكاء الاصطناعي تقرير شامل,.Marwan A,4,2,منذ سنة و6 أشهر,تعليم عن بعد,تعلم المهارات الرقمية,"تقرير, متجرك, تصميمات, الذكاء الاصطناعي, تصميم اعلانات سوشيال ميديا",https://khamsat.com/training/learn-designing/2888192-%D8%A7%D9%81%D8%B6%D9%84-%D8%A3%D8%AF%D9%88%D8%A7%D8%AA-%D8%A7%D9%84%D8%AA%D8%B5%D9%85%D9%8A%D9%85-%D8%A8%D8%A7%D9%84%D8%B0%D9%83%D8%A7%D8%A1-%D8%A7%D9%84%D8%A7%D8%B5%D8%B7%D9%86%D8%A7%D8%B9%D9%8A-%D8%AA%D9%82%D8%B1%D9%8A%D8%B1-%D8%B4%D8%A7%D9%85%D9%84
دورة تعليمية لرسم الرأس والوجه بإستخدام نظرية لوميس,.Marwan G,1,1,منذ 3 سنوات و8 أيام,تعليم عن بعد,تعلم المهارات الرقمية,"رسم, فنية, فني, فنى, فن, فنان, فنون, تعليم الرسم, تعليم الفن, نظرية لوميس",https://khamsat.com/training/learn-designing/2637062-%D8%AF%D9%88%D8%B1%D8%A9-%D8%AA%D8%B9%D9%84%D9%8A%D9%85%D9%8A%D8%A9-%D9%84%D8%B1%D8%B3%D9%85-%D8%A7%D9%84%D8%B1%D8%A3%D8%B3-%D9%88%D8%A7%D9%84%D9%88%D8%AC%D9%87-%D8%A8%D8%A5%D8%B3%D8%AA%D8%AE%D8%AF%D8%A7%D9%85-%D9%86%D8%B8%D8%B1%D9%8A%D8%A9-%D9%84%D9%88%D9%85%D9%8A%D8%B3
تعلم التصميم الغارفيكي و الطباعي باستخدام برامج ادوبي,.Yussef A,1,0,Aucun avis,تعليم عن بعد,تعلم المهارات الرقمية,"تصميم, شعار, لوجو, كتابة, تعلم, دورات, التصميم, التصميمات, التصميم الابداعي, التصميم الإبداعي",https://khamsat.com/training/learn-designing/2648787-%D8%AA%D8%B9%D9%84%D9%85-%D8%A7%D9%84%D8%AA%D8%B5%D9%85%D9%8A%D9%85-%D8%A7%D9%84%D8%BA%D8%A7%D8%B1%D9%81%D9%8A%D9%83%D9%8A-%D9%88-%D8%A7%D9%84%D8%B7%D8%A8%D8%A7%D8%B9%D9%8A-%D8%A8%D8%A7%D8%B3%D8%AA%D8%AE%D8%AF%D8%A7%D9%85-%D8%A8%D8%B1%D8%A7%D9%85%D8%AC-%D8%A7%D8%AF%D9%88%D8%A8%D9%8A
تدريب على برنامج Adobe Illustrator,.Yussef A,3,2,منذ 3 سنوات وشهر,تعليم عن بعد,تعلم المهارات الرقمية,"تصميم, تدريب, illustrator, adobe",https://khamsat.com/training/learn-designing/1869624-%D8%AA%D8%AF%D8%B1%D9%8A%D8%A8-%D8%B9%D9%84%D9%89-%D8%A8%D8%B1%D9%86%D8%A7%D9%85%D8%AC-adobe-illustrator
كتاب فن التصميم الجرافيكي,.Fathi G,6,4,منذ سنة و3 أشهر,تعليم عن بعد,تعلم المهارات الرقمية,"تصميم, كتاب, التصميم, فن, الجرافيكي",https://khamsat.com/training/learn-designing/2655068-%D9%83%D8%AA%D8%A7%D8%A8-%D9%81%D9%86-%D8%A7%D9%84%D8%AA%D8%B5%D9%85%D9%8A%D9%85-%D8%A7%D9%84%D8%AC%D8%B1%D8%A7%D9%81%D9%8A%D9%83%D9%8A
تدريب على برنامج الفوتوشوب لمدة نص ساعة مقابل ٥$,سارة ح.,3,2,منذ 8 أشهر و15 يوم,تعليم عن بعد,تعلم المهارات الرقمية,تدريب,https://khamsat.com/training/learn-designing/1737012-%D8%AA%D8%AF%D8%B1%D9%8A%D8%A8-%D8%B9%D9%84%D9%89-%D8%A8%D8%B1%D9%86%D8%A7%D9%85%D8%AC-%D8%A7%D9%84%D9%81%D9%88%D8%AA%D9%88%D8%B4%D9%88%D8%A8-%D9%84%D9%85%D8%AF%D8%A9-%D9%86%D8%B5-%D8%B3%D8%A7%D8%B9%D8%A9-%D9%85%D9%82%D8%A7%D8%A8%D9%84
تدريب على برنامج Adobe Premiere Pro,.Yussef A,6,4,منذ سنة و10 أشهر,تعليم عن بعد,تعلم المهارات الرقمية,"تصميم, تعليم, دورة, مونتاج, احترافي, تعديل, فيديوهات",https://khamsat.com/training/learn-designing/2181752-%D8%AA%D8%AF%D8%B1%D9%8A%D8%A8-%D8%B9%D9%84%D9%89-%D8%A8%D8%B1%D9%86%D8%A7%D9%85%D8%AC-adobe-premiere-pro
تعلم تصميم الجرافيك,Non trouvé,Non trouvé,Non trouvé,Aucun avis,تعليم عن بعد,تعلم المهارات الرقمية,Aucun tag,https://khamsat.com/training/learn-designing/656487-%D8%A7%D8%AC%D9%8A%D8%A8%D9%83-%D8%B9%D9%86-%D8%A3%D9%89-%D8%B3%D8%A4%D8%A7%D9%84-%D9%81%D9%89-%D8%A8%D8%B1%D8%A7%D9%85%D8%AC-%D8%AB%D8%B1%D9%89-%D8%AF%D9%89-%D9%85%D8%A7%D9%83%D8%B3-%D9%88-%D9%81%D9%89-%D8%B1%D8%A7%D9%89
الصفحة المطلوبة غير موجودة,Non trouvé,Non trouvé,Non trouvé,Aucun avis,Inconnu,Inconnu,Aucun tag,https://khamsat.com/training/learn-designing/2832931-%D8%AA%D8%B9%D9%84%D9%85-%D9%83%D9%8A%D9%81-%D8%AA%D8%AD%D9%82%D9%82-%D8%A3%D8%B1%D8%A8%D8%A7%D8%AD%D8%A7-%D9%85%D9%86-%D8%AA%D8%B5%D9%85%D9%8A%D9%85-%D8%A7%D9%84%D8%B4%D8%B9%D8%A7%D8%B1%D8%A7%D8%AA
مساعدة طلاب المدرسة الجامعة Catia SolidWorks,.Seif Eddine Y,2,1,منذ 4 سنوات وشهر,تعليم عن بعد,تعلم المهارات الرقمية,"solidworks, catia",https://khamsat.com/training/learn-designing/2086538-%D9%85%D8%B3%D8%A7%D8%B9%D8%AF%D8%A9-%D8%B7%D9%84%D8%A7%D8%A8-%D8%A7%D9%84%D9%85%D8%AF%D8%B1%D8%B3%D8%A9-%D8%A7%D9%84%D8%AC%D8%A7%D9%85%D8%B9%D8%A9-catia-solidworks
مواقع مهمة جدا لا غني عنها لأي مصمم تجعلك مصمم محترف بسهولة,.Mariem K,4,2,منذ سنتين و8 أشهر,تعليم عن بعد,تعلم المهارات الرقمية,"تصميم, صور, مواقع, مساعدة, تعلم, الوان, ملفات, احتراف, فيكتور, ابداع",https://khamsat.com/training/learn-designing/1135400-%D9%85%D9%88%D8%A7%D9%82%D8%B9-%D9%85%D9%87%D9%85%D8%A9-%D8%AC%D8%AF%D8%A7-%D9%84%D8%A7-%D8%BA%D9%86%D9%8A-%D8%B9%D9%86%D9%87%D8%A7-%D9%84%D8%A3%D9%8A-%D9%85%D8%B5%D9%85%D9%85-%D8%AA%D8%AC%D8%B9%D9%84%D9%83-%D9%85%D8%B5%D9%85%D9%85-%D9%85%D8%AD%D8%AA%D8%B1%D9%81-%D8%A8%D8%B3%D9%87%D9%88%D9%84%D8%A9
تعلم فن التحكم البصرى عن طريق التظليل بالقلم الرصاص,.Marwan G,0,0,Aucun avis,تعليم عن بعد,تعلم المهارات الرقمية,رسم,https://khamsat.com/training/learn-designing/2747872-%D8%AA%D8%B9%D9%84%D9%85-%D9%81%D9%86-%D8%A7%D9%84%D8%AA%D8%AD%D9%83%D9%85-%D8%A7%D9%84%D8%A8%D8%B5%D8%B1%D9%89-%D8%B9%D9%86-%D8%B7%D8%B1%D9%8A%D9%82-%D8%A7%D9%84%D8%AA%D8%B8%D9%84%D9%8A%D9%84-%D8%A8%D8%A7%D9%84%D9%82%D9%84%D9%85-%D8%A7%D9%84%D8%B1%D8%B5%D8%A7%D8%B5
دورة تصميم اللوحات الالكترونية باستخدام PROTUES,.Ahmed A,1,1,منذ سنة و7 أشهر,تعليم عن بعد,تعلم المهارات الرقمية,"الالكترونية, pcb, electronics, اللوحات, protues",https://khamsat.com/training/learn-designing/1509849-%D8%AF%D9%88%D8%B1%D8%A9-%D8%AA%D8%B5%D9%85%D9%8A%D9%85-%D8%A7%D9%84%D9%84%D9%88%D8%AD%D8%A7%D8%AA-%D8%A7%D9%84%D8%A7%D9%84%D9%83%D8%AA%D8%B1%D9%88%D9%86%D9%8A%D8%A9-%D8%A8%D8%A7%D8%B3%D8%AA%D8%AE%D8%AF%D8%A7%D9%85-protues
كتاب فن الانتقاء اللوني دليل مبتكر لاختيار الألوان,.Fathi G,3,3,منذ سنتين و6 أشهر,تعليم عن بعد,تعلم المهارات الرقمية,"كتاب, الصور, ألوان, الألوان",https://khamsat.com/training/learn-designing/2669517-%D9%83%D8%AA%D8%A7%D8%A8-%D9%81%D9%86-%D8%A7%D9%84%D8%A7%D9%86%D8%AA%D9%82%D8%A7%D8%A1-%D8%A7%D9%84%D9%84%D9%88%D9%86%D9%8A-%D8%AF%D9%84%D9%8A%D9%84-%D9%85%D8%A8%D8%AA%D9%83%D8%B1-%D9%84%D8%A7%D8%AE%D8%AA%D9%8A%D8%A7%D8%B1-%D8%A7%D9%84%D8%A3%D9%84%D9%88%D8%A7%D9%86
الصفحة المطلوبة غير موجودة,Non trouvé,Non trouvé,Non trouvé,Aucun avis,Inconnu,Inconnu,Aucun tag,https://khamsat.com/training/learn-designing/3518085-%D8%AF%D9%88%D8%B1%D8%A9-%D9%84%D8%A7%D8%AD%D8%AA%D8%B1%D8%A7%D9%81-%D8%A3%D8%AF%D9%88%D8%A7%D8%AA-%D8%A7%D9%84%D8%B0%D9%83%D8%A7%D8%A1-%D8%A7%D9%84%D8%A7%D8%B5%D8%B7%D9%86%D8%A7%D8%B9%D9%8A-%D8%A7%D9%84%D9%85%D8%AC%D8%A7%D9%86%D9%8A%D8%A9
دورة تعلم برنامج 3ds Max من البداية حتى الاحتراف,.Ahmad A,0,0,Aucun avis,تعليم عن بعد,تعلم المهارات الرقمية,"تصميم, 3dsmax, كورسات, ثري دي ماكس, 3dmax",https://khamsat.com/training/learn-designing/3822132-%D8%AF%D9%88%D8%B1%D8%A9-%D8%AA%D8%B9%D9%84%D9%85-%D8%A8%D8%B1%D9%86%D8%A7%D9%85%D8%AC-3ds-max-%D9%85%D9%86-%D8%A7%D9%84%D8%A8%D8%AF%D8%A7%D9%8A%D8%A9-%D8%AD%D8%AA%D9%89-%D8%A7%D9%84%D8%A7%D8%AD%D8%AA%D8%B1%D8%A7%D9%81
استشارات سريعه خاصه بالتصميم ..اسأل وهجاوبك  5$ لكل سؤال,عمرو ح.,1,1,منذ 6 سنوات و11 شهر,تعليم عن بعد,تعلم المهارات الرقمية,"تصميم, logo, شعارات, فوتوشوب, design, برنامج, photoshop, لوجوهات, graphic, اليستريتور",https://khamsat.com/training/learn-designing/836548-%D8%A7%D8%B3%D8%AA%D8%B4%D8%A7%D8%B1%D8%A7%D8%AA-%D8%B3%D8%B1%D9%8A%D8%B9%D9%87-%D8%AE%D8%A7%D8%B5%D9%87-%D8%A8%D8%A7%D9%84%D8%AA%D8%B5%D9%85%D9%8A%D9%85-.%D8%A7%D8%B3%D8%A3%D9%84-%D9%88%D9%87%D8%AC%D8%A7%D9%88%D8%A8%D9%83-5-%D9%84%D9%83%D9%84-%D8%B3%D8%A4%D8%A7%D9%84
دورة أساسيات الفوتوشوب Adobe Photoshop فقط,مهند ع.,1,1,منذ 4 سنوات و6 أشهر,تعليم عن بعد,تعلم المهارات الرقمية,"فوتوشوب, تعليم, دورة, photoshop, adobe",https://khamsat.com/training/learn-designing/1871323-%D8%AF%D9%88%D8%B1%D8%A9-%D8%A3%D8%B3%D8%A7%D8%B3%D9%8A%D8%A7%D8%AA-%D8%A7%D9%84%D9%81%D9%88%D8%AA%D9%88%D8%B4%D9%88%D8%A8-adobe-photoshop-%D9%81%D9%82%D8%B7
كورسات في البرامج الهندسية كافة (ماكس-اوتوكاد-....الخ),احمد س.,5,2,منذ 4 سنوات و7 أشهر,تعليم عن بعد,تعلم المهارات الرقمية,"برامج, هندسية, تدريب",https://khamsat.com/training/learn-designing/982976-%D9%83%D9%88%D8%B1%D8%B3%D8%A7%D8%AA-%D9%81%D9%8A-%D8%A7%D9%84%D8%A8%D8%B1%D8%A7%D9%85%D8%AC-%D8%A7%D9%84%D9%87%D9%86%D8%AF%D8%B3%D9%8A%D8%A9-%D9%83%D8%A7%D9%81%D8%A9-%D9%85%D8%A7%D9%83%D8%B3-%D8%A7%D9%88%D8%AA%D9%88%D9%83%D8%A7%D8%AF-.%D8%A7%D9%84%D8%AE
تدريب على برنامج الفوتوشوب,احمد ر.,5,5,منذ 6 أشهر و11 يوم,تعليم عن بعد,تعلم المهارات الرقمية,"تعلم, الفوتوشوب",https://khamsat.com/training/learn-designing/1585068-%D8%AA%D8%AF%D8%B1%D9%8A%D8%A8-%D8%B9%D9%84%D9%89-%D8%A8%D8%B1%D9%86%D8%A7%D9%85%D8%AC-%D8%A7%D9%84%D9%81%D9%88%D8%AA%D9%88%D8%B4%D9%88%D8%A8
كورس تصميم واجهات المستخدم ودراسة تجربة المستخدم,.Nour A,0,0,Aucun avis,تعليم عن بعد,تعلم المهارات الرقمية,"تصميم, ويب, ui, uxui, figma",https://khamsat.com/training/learn-designing/3897228-%D9%83%D9%88%D8%B1%D8%B3-%D8%AA%D8%B5%D9%85%D9%8A%D9%85-%D9%88%D8%A7%D8%AC%D9%87%D8%A7%D8%AA-%D8%A7%D9%84%D9%85%D8%B3%D8%AA%D8%AE%D8%AF%D9%85-%D9%88%D8%AF%D8%B1%D8%A7%D8%B3%D8%A9-%D8%AA%D8%AC%D8%B1%D8%A8%D8%A9-%D8%A7%D9%84%D9%85%D8%B3%D8%AA%D8%AE%D8%AF%D9%85
محاضرة فى عدة مجالات في التصميم,محمود ع.,2,2,منذ 3 سنوات و3 أيام,تعليم عن بعد,تعلم المهارات الرقمية,"تصميم, برمجة, موقع, تطوير, تعليم, server, عن, بعد, تدريب, تطبيقات, sql, css3, html5, الويب, asp.net",https://khamsat.com/training/learn-designing/647324-%D9%85%D8%AD%D8%A7%D8%B6%D8%B1%D8%A9-%D9%81%D9%89-%D8%B9%D8%AF%D8%A9-%D9%85%D8%AC%D8%A7%D9%84%D8%A7%D8%AA-%D9%81%D9%8A-%D8%A7%D9%84%D8%AA%D8%B5%D9%85%D9%8A%D9%85
أستشرني في كيفية أن تبدأ كمصمم ناجح على منصات العمل,رضوه س.,2,2,منذ 11 شهر و20 يوم,تعليم عن بعد,تعلم المهارات الرقمية,"تصميم, استشارة, مصمم, كتابة, مصمم شعار",https://khamsat.com/training/learn-designing/2985615-%D8%A3%D8%B3%D8%AA%D8%B4%D8%B1%D9%86%D9%8A-%D9%81%D9%8A-%D9%83%D9%8A%D9%81%D9%8A%D8%A9-%D8%A3%D9%86-%D8%AA%D8%A8%D8%AF%D8%A3-%D9%83%D9%85%D8%B5%D9%85%D9%85-%D9%86%D8%A7%D8%AC%D8%AD-%D8%B9%D9%84%D9%89-%D9%85%D9%86%D8%B5%D8%A7%D8%AA-%D8%A7%D9%84%D8%B9%D9%85%D9%84
الصفحة المطلوبة غير موجودة,Non trouvé,Non trouvé,Non trouvé,Aucun avis,Inconnu,Inconnu,Aucun tag,https://khamsat.com/training/learn-designing/3039641-%D8%A7%D8%B3%D8%AA%D8%B4%D8%A7%D8%B1%D8%A9-%D8%AA%D8%B5%D9%85%D9%8A%D9%85%D9%8A%D8%A9-%D9%86%D9%82%D8%AF-%D8%B4%D8%A7%D9%85%D9%84-%D8%A8%D8%A7%D9%84%D9%83%D8%AA%D8%A7%D8%A8%D8%A9-%D9%88%D8%A7%D9%84%D8%B1%D8%B3%D9%85-%D9%84%D8%AA%D8%B5%D8%A7%D9%85%D9%8A%D9%85%D9%83
دورات ودروس التصميم الجرافيكي ومواقع الانترنت,اسامة ب.,11,11,منذ 3 أشهر و9 أيام,تعليم عن بعد,تعلم المهارات الرقمية,"دورة, الفوتوشوب, والفوتوشوب, والاليستريتور",https://khamsat.com/training/learn-designing/655226-%D8%AF%D9%88%D8%B1%D8%A7%D8%AA-%D9%88%D8%AF%D8%B1%D9%88%D8%B3-%D8%A7%D9%84%D8%AA%D8%B5%D9%85%D9%8A%D9%85-%D8%A7%D9%84%D8%AC%D8%B1%D8%A7%D9%81%D9%8A%D9%83%D9%8A-%D9%88%D9%85%D9%88%D8%A7%D9%82%D8%B9-%D8%A7%D9%84%D8%A7%D9%86%D8%AA%D8%B1%D9%86%D8%AA
اجاوبك على 5 أسئلة عن تصميمات الجرافيك والطباعة وفصل الالوان,.Shaimaa A,0,0,Aucun avis,تعليم عن بعد,تعلم المهارات الرقمية,"تصميم, برامج, استشارات, طباعة, تدريب, الوان, جرافيك, التصميم, اسئلة, فصل",https://khamsat.com/training/learn-designing/736185-%D8%A7%D8%AC%D8%A7%D9%88%D8%A8%D9%83-%D8%B9%D9%84%D9%89-5-%D8%A3%D8%B3%D8%A6%D9%84%D8%A9-%D8%B9%D9%86-%D8%AA%D8%B5%D9%85%D9%8A%D9%85%D8%A7%D8%AA-%D8%A7%D9%84%D8%AC%D8%B1%D8%A7%D9%81%D9%8A%D9%83-%D9%88%D8%A7%D9%84%D8%B7%D8%A8%D8%A7%D8%B9%D8%A9-%D9%88%D9%81%D8%B5%D9%84-%D8%A7%D9%84%D8%A7%D9%84%D9%88%D8%A7%D9%86
تعليم الفوتوشوب عن بعد,.Ahmed G,10,6,منذ 9 أشهر و5 أيام,تعليم عن بعد,تعلم المهارات الرقمية,"فوتوشوب, من, تعليم, عن, بعد, تعلم, شرح, photoshop, لاين, اون",https://khamsat.com/training/learn-designing/681656-%D8%AA%D8%B9%D9%84%D9%8A%D9%85-%D8%A7%D9%84%D9%81%D9%88%D8%AA%D9%88%D8%B4%D9%88%D8%A8-%D8%B9%D9%86-%D8%A8%D8%B9%D8%AF
كورس شرح برنامج باوربوينت كامل وطريقه عمل البريزنتيشن,شريف ا.,0,0,Aucun avis,تعليم عن بعد,تعلم المهارات الرقمية,"powerpoint, شرح, باوربوينت, كورس, البريزنتيشن",https://khamsat.com/training/learn-designing/1504527-%D9%83%D9%88%D8%B1%D8%B3-%D8%B4%D8%B1%D8%AD-%D8%A8%D8%B1%D9%86%D8%A7%D9%85%D8%AC-%D8%A8%D8%A7%D9%88%D8%B1%D8%A8%D9%88%D9%8A%D9%86%D8%AA-%D9%83%D8%A7%D9%85%D9%84-%D9%88%D8%B7%D8%B1%D9%8A%D9%82%D9%87-%D8%B9%D9%85%D9%84-%D8%A7%D9%84%D8%A8%D8%B1%D9%8A%D8%B2%D9%86%D8%AA%D9%8A%D8%B4%D9%86
أقدم لك أفضل كتاب مختصرومفصل لتعلم الانفوجرافيك بأيام معدودة,.Ahmad A,29,11,منذ 6 سنوات وشهرين,تعليم عن بعد,تعلم المهارات الرقمية,"تصميم, تعلم, تدريب, جرافيك, ما, هو, انفوجرافيك, الانفوجرافيك, انفوغرافيك",https://khamsat.com/training/learn-designing/600061-%D8%A3%D9%82%D8%AF%D9%85-%D9%84%D9%83-%D8%A3%D9%81%D8%B6%D9%84-%D9%83%D8%AA%D8%A7%D8%A8-%D9%85%D8%AE%D8%AA%D8%B5%D8%B1%D9%88%D9%85%D9%81%D8%B5%D9%84-%D9%84%D8%AA%D8%B9%D9%84%D9%85-%D8%A7%D9%84%D8%A7%D9%86%D9%81%D9%88%D8%AC%D8%B1%D8%A7%D9%81%D9%8A%D9%83-%D8%A8%D8%A3%D9%8A%D8%A7%D9%85-%D9%85%D8%B9%D8%AF%D9%88%D8%AF%D8%A9
الصفحة المطلوبة غير موجودة,Non trouvé,Non trouvé,Non trouvé,Aucun avis,Inconnu,Inconnu,Aucun tag,https://khamsat.com/training/learn-designing/1576092-%D8%AF%D9%84%D9%8A%D9%84-%D8%AF%D9%88%D8%B1%D8%A7%D8%AA-%D8%A7%D9%84%D9%85%D8%B5%D9%85%D9%85-%D8%A7%D9%84%D8%AC%D8%B1%D8%A7%D9%81%D9%8A%D9%83%D9%8A
كتاب ( علم الإنفوجرافيك ),.Ahmad A,42,22,منذ 3 سنوات و29 يوم,تعليم عن بعد,تعلم المهارات الرقمية,"تصميم, تعلم, كتاب, علم, انشاء, فن, الانفوجرافيك, الإنفوجرافيك",https://khamsat.com/training/learn-designing/727667-%D9%83%D8%AA%D8%A7%D8%A8-%D8%B9%D9%84%D9%85-%D8%A7%D9%84%D8%A5%D9%86%D9%81%D9%88%D8%AC%D8%B1%D8%A7%D9%81%D9%8A%D9%83
تعلم أساسيات Adobe Illustrator مع خبير تصميم محترف,رامي م.,1,1,منذ 5 أشهر و4 أيام,تعليم عن بعد,تعلم المهارات الرقمية,"تعليم عن بعد, تدريس, adobe illustrator, learning, اليستريتور",https://khamsat.com/training/learn-designing/3117236-%D8%AA%D8%B9%D9%84%D9%85-%D8%A3%D8%B3%D8%A7%D8%B3%D9%8A%D8%A7%D8%AA-adobe-illustrator-%D9%85%D8%B9-%D8%AE%D8%A8%D9%8A%D8%B1-%D8%AA%D8%B5%D9%85%D9%8A%D9%85-%D9%85%D8%AD%D8%AA%D8%B1%D9%81
دليل مواقع ملفات الجرافيك والمشاريع المجانية للمصممين ( 139 ) موقع مقابل 5$,.Ahmad A,71,44,منذ سنة و4 أشهر,تعليم عن بعد,تعلم المهارات الرقمية,"قوالب, psd, مجاني, جرافيك, مجانية, ملفات, المواقع, دليل, template, فيكتور, المجانية",https://khamsat.com/training/learn-designing/843038-%D8%AF%D9%84%D9%8A%D9%84-%D9%85%D9%88%D8%A7%D9%82%D8%B9-%D9%85%D9%84%D9%81%D8%A7%D8%AA-%D8%A7%D9%84%D8%AC%D8%B1%D8%A7%D9%81%D9%8A%D9%83-%D9%88%D8%A7%D9%84%D9%85%D8%B4%D8%A7%D8%B1%D9%8A%D8%B9-%D8%A7%D9%84%D9%85%D8%AC%D8%A7%D9%86%D9%8A%D8%A9-%D9%84%D9%84%D9%85%D8%B5%D9%85%D9%85%D9%8A%D9%86-139-%D9%85%D9%88%D9%82%D8%B9-%D9%85%D9%82%D8%A7%D8%A8%D9%84-5
تدريب على تصميم ui/ux عبر كورس اونلاين,.Reem M,0,0,Aucun avis,تعليم عن بعد,تعلم المهارات الرقمية,"تصميم, تدريب عن بعد, كورس, training, ux ui",https://khamsat.com/training/learn-designing/3473128-%D8%AA%D8%AF%D8%B1%D9%8A%D8%A8-%D8%B9%D9%84%D9%89-%D8%AA%D8%B5%D9%85%D9%8A%D9%85-uiux-%D8%B9%D8%A8%D8%B1-%D9%83%D9%88%D8%B1%D8%B3-%D8%A7%D9%88%D9%86%D9%84%D8%A7%D9%8A%D9%86
تعلم تصميم الجرافيك,Non trouvé,Non trouvé,Non trouvé,Aucun avis,تعليم عن بعد,تعلم المهارات الرقمية,Aucun tag,https://khamsat.com/training/learn-designing/1630939-%D8%AA%D8%AF%D8%B1%D9%8A%D8%B3-%D9%85%D8%AD%D8%AA%D9%88%D9%89-%D9%81%D9%88%D8%AA%D9%88%D8%B4%D9%88%D8%A8-%D8%A7%D8%AD%D8%AA%D8%B1%D8%A7%D9%81%D9%8A
حل  مشكلة في SolidWorks,شريف ر.,6,6,منذ 5 سنوات و8 أشهر,تعليم عن بعد,تعلم المهارات الرقمية,"تصميم, رسومات, تنصيب, مشكلة, أتوكاد, course, autocad, كورسات, تثبيت, install, تسطيب, مجسمات, solidworks",https://khamsat.com/training/learn-designing/723290-%D8%AD%D9%84-%D9%85%D8%B4%D9%83%D9%84%D8%A9-%D9%81%D9%8A-solidworks
دورة تعلم الإنفوجرافيك مع شهادة معتمدة,.Ahmad A,168,80,منذ سنة و12 شهر,تعليم عن بعد,تعلم المهارات الرقمية,"تصميم, دورة, جرافيك, ديزاين, شهادة, موشن, معتمدة, الانفوجرافيك, انفوغرافيك",https://khamsat.com/training/learn-designing/650745-%D8%AF%D9%88%D8%B1%D8%A9-%D8%AA%D8%B9%D9%84%D9%85-%D8%A7%D9%84%D8%A5%D9%86%D9%81%D9%88%D8%AC%D8%B1%D8%A7%D9%81%D9%8A%D9%83-%D9%85%D8%B9-%D8%B4%D9%87%D8%A7%D8%AF%D8%A9-%D9%85%D8%B9%D8%AA%D9%85%D8%AF%D8%A9
استشارة عن العمل في مجال الجرافيك ثلاثي الأبعاد والألعاب,.Moaz A,0,0,Aucun avis,تعليم عن بعد,تعلم المهارات الرقمية,"تصميم, 3d, 3دي, تصميم 3d, 3d design",https://khamsat.com/training/learn-designing/3715364-%D8%A7%D8%B3%D8%AA%D8%B4%D8%A7%D8%B1%D8%A9-%D8%B9%D9%86-%D8%A7%D9%84%D8%B9%D9%85%D9%84-%D9%81%D9%8A-%D9%85%D8%AC%D8%A7%D9%84-%D8%A7%D9%84%D8%AC%D8%B1%D8%A7%D9%81%D9%8A%D9%83-%D8%AB%D9%84%D8%A7%D8%AB%D9%8A-%D8%A7%D9%84%D8%A3%D8%A8%D8%B9%D8%A7%D8%AF-%D9%88%D8%A7%D9%84%D8%A3%D9%84%D8%B9%D8%A7%D8%A8
دليلك العملي لتعلم Canva من الصفر,.Creative S,0,0,Aucun avis,تعليم عن بعد,تعلم المهارات الرقمية,"تصميم, تطوير, تعليم, pdf, canva",https://khamsat.com/training/learn-designing/3778306-%D8%AF%D9%84%D9%8A%D9%84%D9%83-%D8%A7%D9%84%D8%B9%D9%85%D9%84%D9%8A-%D9%84%D8%AA%D8%B9%D9%84%D9%85-canva-%D9%85%D9%86-%D8%A7%D9%84%D8%B5%D9%81%D8%B1
دبلومة بلندر للعرب كورس شامل من الصفر إلى الإحتراف,كامل ع.,0,0,Aucun avis,تعليم عن بعد,تعلم المهارات الرقمية,"تصميم, تعلم, 3ds, تصميم3d, 3d design",https://khamsat.com/training/learn-designing/3155512-%D8%AF%D8%A8%D9%84%D9%88%D9%85%D8%A9-%D8%A8%D9%84%D9%86%D8%AF%D8%B1-%D9%84%D9%84%D8%B9%D8%B1%D8%A8-%D9%83%D9%88%D8%B1%D8%B3-%D8%B4%D8%A7%D9%85%D9%84-%D9%85%D9%86-%D8%A7%D9%84%D8%B5%D9%81%D8%B1-%D8%A5%D9%84%D9%89-%D8%A7%D9%84%D8%A5%D8%AD%D8%AA%D8%B1%D8%A7%D9%81
كورس تعليم برنامج الفوتوشوب خطوة بخطوة للمبتدئين,.Walaa M,1,1,منذ 4 أشهر و10 أيام,تعليم عن بعد,تعلم المهارات الرقمية,"تصميم, فوتوشوب, تعليم عن بعد",https://khamsat.com/training/learn-designing/3236356-%D9%83%D9%88%D8%B1%D8%B3-%D8%AA%D8%B9%D9%84%D9%8A%D9%85-%D8%A8%D8%B1%D9%86%D8%A7%D9%85%D8%AC-%D8%A7%D9%84%D9%81%D9%88%D8%AA%D9%88%D8%B4%D9%88%D8%A8-%D8%AE%D8%B7%D9%88%D9%87-%D8%A8%D8%AE%D8%B7%D9%88%D9%87-%D9%84%D9%84%D9%85%D8%A8%D8%AA%D8%AF%D8%A6%D9%8A%D9%86
تعليم الاوتوكاد من الصفر حتى الاحتراف,.Radwa H,2,0,Aucun avis,تعليم عن بعد,تعلم المهارات الرقمية,"تعليم, كورس, autocad, اوتوكاد",https://khamsat.com/training/learn-designing/1656081-%D8%AA%D8%B9%D9%84%D9%8A%D9%85-%D8%A7%D9%84%D8%A7%D9%88%D8%AA%D9%88%D9%83%D8%A7%D8%AF-%D9%85%D9%86-%D8%A7%D9%84%D8%B5%D9%81%D8%B1-%D8%AD%D8%AA%D9%89-%D8%A7%D9%84%D8%A7%D8%AD%D8%AA%D8%B1%D8%A7%D9%81
تعلم الفوتوشوب من الصفر الى الاحتراف,مهند ا.,2,2,منذ 4 سنوات وشهرين,تعليم عن بعد,تعلم المهارات الرقمية,"فوتوشوب, تعلم, دورة, كورس",https://khamsat.com/training/learn-designing/2062770-%D8%AA%D8%B9%D9%84%D9%85-%D8%A7%D9%84%D9%81%D9%88%D8%AA%D9%88%D8%B4%D9%88%D8%A8-%D9%85%D9%86-%D8%A7%D9%84%D8%B5%D9%81%D8%B1-%D8%A7%D9%84%D9%89-%D8%A7%D9%84%D8%A7%D8%AD%D8%AA%D8%B1%D8%A7%D9%81
دورات ودروس في الفوتوشوب من مبتدئ لصانع اعمال احترافية,.Sedra S,3,3,منذ 3 سنوات و11 شهر,تعليم عن بعد,تعلم المهارات الرقمية,"تصميم, فوتوشوب, عن, بعد, تعلم, برنامج, photoshop, جرافيك, ديزاين, درس",https://khamsat.com/training/learn-designing/2004558-%D8%AF%D9%88%D8%B1%D8%A7%D8%AA-%D9%88%D8%AF%D8%B1%D9%88%D8%B3-%D9%81%D9%8A-%D8%A7%D9%84%D9%81%D9%88%D8%AA%D9%88%D8%B4%D9%88%D8%A8-%D9%85%D9%86-%D9%85%D8%A8%D8%AA%D8%AF%D8%A6-%D9%84%D8%B5%D8%A7%D9%86%D8%B9-%D8%A7%D8%B9%D9%85%D8%A7%D9%84-%D8%A7%D8%AD%D8%AA%D8%B1%D8%A7%D9%81%D9%8A%D8%A9
تعليم مبادئ التصميم على اليستريتور و الفوتوشوب والانديزاين,.Mohammed A,2,2,منذ سنة وشهر,تعليم عن بعد,تعلم المهارات الرقمية,"تصميم, تعلم, الفوتوشوب, تدريب عن بعد, تدريس",https://khamsat.com/training/learn-designing/2733557-%D8%AA%D8%B9%D9%84%D9%8A%D9%85-%D9%85%D8%A8%D8%A7%D8%AF%D8%A6-%D8%A7%D9%84%D8%AA%D8%B5%D9%85%D9%8A%D9%85-%D8%B9%D9%84%D9%89-%D8%A7%D9%84%D9%8A%D8%B3%D8%AA%D8%B1%D9%8A%D8%AA%D9%88%D8%B1-%D9%88-%D8%A7%D9%84%D9%81%D9%88%D8%AA%D9%88%D8%B4%D9%88%D8%A8-%D9%88%D8%A7%D9%84%D8%A7%D9%86%D8%AF%D9%8A%D8%B2%D8%A7%D9%8A%D9%86
تحفيظ القرآن الكريم مع تدبر الآيات والتجويد للنساء والأطفال,دعاء م.,9,7,منذ 4 أشهر و17 ساعة,تعليم عن بعد,تعلم العلوم المتخصصة,"تعليم, قرآن, تجويد, مراجعة, تحفيظ",https://khamsat.com/training/quran/2814949-%D8%AA%D8%AD%D9%81%D9%8A%D8%B8-%D8%A7%D9%84%D9%82%D8%B1%D8%A2%D9%86-%D8%A7%D9%84%D9%83%D8%B1%D9%8A%D9%85-%D9%85%D8%B9-%D8%AA%D8%AF%D8%A8%D8%B1-%D8%A7%D9%84%D8%A2%D9%8A%D8%A7%D8%AA-%D9%88%D8%A7%D9%84%D8%AA%D8%AC%D9%88%D9%8A%D8%AF-%D9%84%D9%84%D9%86%D8%B3%D8%A7%D8%A1-%D9%88%D8%A7%D9%84%D8%A3%D8%B7%D9%81%D8%A7%D9%84
تعليم قرآن كريم للاطفال وتجويد,.Nermeen Q,1,1,منذ سنة و16 يوم,تعليم عن بعد,تعلم العلوم المتخصصة,"تجويد, تعلم, تعليم عن بعد, القرآن, تحفيظ",https://khamsat.com/training/quran/3114912-%D8%AA%D8%B9%D9%84%D9%8A%D9%85-%D9%82%D8%B1%D8%A2%D9%86-%D9%83%D8%B1%D9%8A%D9%85-%D9%84%D9%84%D8%A7%D8%B7%D9%81%D8%A7%D9%84-%D9%88%D8%AA%D8%AC%D9%88%D9%8A%D8%AF
تعليم القران الكريم بالتجويد عن بعد,عبدالعزيز ي.,4,4,منذ 5 أشهر و11 يوم,تعليم عن بعد,تعلم العلوم المتخصصة,"تعليم, قران, مراجعة, حفظ, تحفيظ",https://khamsat.com/training/quran/2899223-%D8%AA%D8%B9%D9%84%D9%8A%D9%85-%D8%A7%D9%84%D9%82%D8%B1%D8%A7%D9%86-%D8%A7%D9%84%D9%83%D8%B1%D9%8A%D9%85-%D8%A8%D8%A7%D9%84%D8%AA%D8%AC%D9%88%D9%8A%D8%AF-%D8%B9%D9%86-%D8%A8%D8%B9%D8%AF
الصفحة المطلوبة غير موجودة,Non trouvé,Non trouvé,Non trouvé,Aucun avis,Inconnu,Inconnu,Aucun tag,https://khamsat.com/training/quran/3729502-%D8%AA%D8%AD%D9%81%D9%8A%D8%B8-%D8%A7%D9%84%D9%82%D8%B1%D8%A2%D9%86-%D8%A7%D9%84%D9%83%D8%B1%D9%8A%D9%85-%D8%A3%D9%88%D9%86%D9%84%D8%A7%D9%8A%D9%86-%D8%A8%D8%A7%D9%84%D9%82%D8%B1%D8%A7%D8%A1%D8%A9-%D8%A7%D9%84%D8%B5%D8%AD%D9%8A%D8%AD%D8%A9-%D9%88%D8%A7%D9%84%D8%AA%D8%AC%D9%88%D9%8A%D8%AF
تحفيظ القرآن الكريم للنساء والأطفال بالتجويد,.Mariam S,12,9,منذ 6 أيام وساعتين,تعليم عن بعد,تعلم العلوم المتخصصة,"تعليم, قرآن, مراجعة, كتاب, الله, معلمة, تدريس, القرآن, الكريم, تحفيظ",https://khamsat.com/training/quran/2843591-%D8%AA%D8%AD%D9%81%D9%8A%D8%B8-%D8%A7%D9%84%D9%82%D8%B1%D8%A2%D9%86-%D8%A7%D9%84%D9%83%D8%B1%D9%8A%D9%85-%D9%84%D9%84%D9%86%D8%B3%D8%A7%D8%A1-%D9%88%D8%A7%D9%84%D8%A3%D8%B7%D9%81%D8%A7%D9%84-%D8%A8%D8%A7%D9%84%D8%AA%D8%AC%D9%88%D9%8A%D8%AF
تحفيظ القرآن الكريم للأطفال والنساء ومتن تحفة الأطفال,خلود ف.,1,1,منذ سنتين و3 أشهر,تعليم عن بعد,تعلم العلوم المتخصصة,"تجويد, القرآن, اطفال, احكام, تحفيظ",https://khamsat.com/training/quran/2872144-%D8%AA%D8%AD%D9%81%D9%8A%D8%B8-%D8%A7%D9%84%D9%82%D8%B1%D8%A2%D9%86-%D8%A7%D9%84%D9%83%D8%B1%D9%8A%D9%85-%D9%84%D9%84%D8%A3%D8%B7%D9%81%D8%A7%D9%84-%D9%88%D8%A7%D9%84%D9%86%D8%B3%D8%A7%D8%A1-%D9%88%D9%85%D8%AA%D9%86-%D8%AA%D8%AD%D9%81%D8%A9-%D8%A7%D9%84%D8%A3%D8%B7%D9%81%D8%A7%D9%84
دروس تحفيظ وتصحيح  تلاوة القران الكريم,.Safaa A,1,1,منذ سنة و18 يوم,تعليم عن بعد,تعلم العلوم المتخصصة,"تعليم, تجويد, تلاوة, القرآن, تحفيظ",https://khamsat.com/training/quran/3118333-%D8%AF%D8%B1%D9%88%D8%B3-%D8%AA%D8%AD%D9%81%D9%8A%D8%B8-%D9%88%D8%AA%D8%B5%D8%AD%D9%8A%D8%AD-%D8%AA%D9%84%D8%A7%D9%88%D8%A9-%D8%A7%D9%84%D9%82%D8%B1%D8%A7%D9%86-%D8%A7%D9%84%D9%83%D8%B1%D9%8A%D9%85
تحفيظ القران للصغار وللكبار بالاحكام والتجويد,.Abdallah F,2,2,منذ سنة و4 أشهر,تعليم عن بعد,تعلم العلوم المتخصصة,"تجويد, حفظ, القران الكريم, نور البيان, القاعدة النورانية",https://khamsat.com/training/quran/2611243-%D8%AA%D8%AD%D9%81%D9%8A%D8%B8-%D8%A7%D9%84%D9%82%D8%B1%D8%A7%D9%86-%D9%84%D9%84%D8%B5%D8%BA%D8%A7%D8%B1-%D9%88%D9%84%D9%84%D9%83%D8%A8%D8%A7%D8%B1-%D8%A8%D8%A7%D9%84%D8%A7%D8%AD%D9%83%D8%A7%D9%85-%D9%88%D8%A7%D9%84%D8%AA%D8%AC%D9%88%D9%8A%D8%AF
تعليم القران وحفظه بالتجويد النظري والعملي,عبدالرحمن يعقوب ح.,16,13,منذ 4 أشهر و19 يوم,تعليم عن بعد,تعلم العلوم المتخصصة,"اللغة العربية, تدريب عن بعد, تعليم عن بعد, التجويد, القران الكريم",https://khamsat.com/training/quran/2207216-%D8%AA%D8%B9%D9%84%D9%8A%D9%85-%D8%A7%D9%84%D9%82%D8%B1%D8%A7%D9%86-%D9%88%D8%AD%D9%81%D8%B8%D9%87-%D8%A8%D8%A7%D9%84%D8%AA%D8%AC%D9%88%D9%8A%D8%AF-%D8%A7%D9%84%D9%86%D8%B8%D8%B1%D9%8A-%D9%88%D8%A7%D9%84%D8%B9%D9%85%D9%84%D9%8A
تحفيظ القرآن الكريم بالتجويد للعرب والاعاجم,محمد أ.,0,0,Aucun avis,تعليم عن بعد,تعلم العلوم المتخصصة,"تعليم, تلاوة, التجويد, القرآن, تحفيظ",https://khamsat.com/training/quran/3921313-%D8%AA%D8%AD%D9%81%D9%8A%D8%B8-%D8%A7%D9%84%D9%82%D8%B1%D8%A2%D9%86-%D8%A7%D9%84%D9%83%D8%B1%D9%8A%D9%85-%D8%A8%D8%A7%D9%84%D8%AA%D8%AC%D9%88%D9%8A%D8%AF-%D9%84%D9%84%D8%B9%D8%B1%D8%A8-%D9%88%D8%A7%D9%84%D8%A7%D8%B9%D8%A7%D8%AC%D9%85
تعلم القرآن الكريم,Non trouvé,Non trouvé,Non trouvé,Aucun avis,تعليم عن بعد,تعلم العلوم المتخصصة,Aucun tag,https://khamsat.com/training/quran/1545334-%D8%AA%D8%B9%D9%84%D9%8A%D9%85-%D8%AA%D8%AD%D9%81%D9%8A%D8%B8-%D8%A7%D9%84%D9%82%D8%B1%D8%A7%D9%86-%D8%A7%D9%84%D9%83%D8%B1%D9%8A%D9%85
تدريس التجويد وتصحيح التلاوة مع الحصول على شهادات,محمد م.,0,0,Aucun avis,تعليم عن بعد,تعلم العلوم المتخصصة,"تجويد, قران, التجويد, القرآن, علوم قرآن",https://khamsat.com/training/quran/3336875-%D8%AA%D8%AF%D8%B1%D9%8A%D8%B3-%D8%A7%D9%84%D8%AA%D8%AC%D9%88%D9%8A%D8%AF-%D9%88%D8%AA%D8%B5%D8%AD%D9%8A%D8%AD-%D8%A7%D9%84%D8%AA%D9%84%D8%A7%D9%88%D8%A9-%D9%85%D8%B9-%D8%A7%D9%84%D8%AD%D8%B5%D9%88%D9%84-%D8%B9%D9%84%D9%89-%D8%B4%D9%87%D8%A7%D8%AF%D8%A7%D8%AA
تحفيظ جزء او سورة من القران الكريم  مع خطة واضحة,.Ihab A,1,1,منذ سنة و4 أشهر,تعليم عن بعد,تعلم العلوم المتخصصة,"تعليم, تجويد, قران, حفظ",https://khamsat.com/training/quran/2613428-%D8%AA%D8%AD%D9%81%D9%8A%D8%B8-%D8%AC%D8%B2%D8%A1-%D8%A7%D9%88-%D8%B3%D9%88%D8%B1%D8%A9-%D9%85%D9%86-%D8%A7%D9%84%D9%82%D8%B1%D8%A7%D9%86-%D8%A7%D9%84%D9%83%D8%B1%D9%8A%D9%85-%D9%85%D8%B9-%D8%AE%D8%B7%D8%A9-%D9%88%D8%A7%D8%B6%D8%AD%D8%A9
تحفيظ قرآن برواية و اقرائه محاضرة واحدة عبر ال skype,محمد ع.,9,7,منذ سنة وشهر,تعليم عن بعد,تعلم العلوم المتخصصة,"تعليم, إسلام, تدريس, التجويد, القرآن, دين",https://khamsat.com/training/quran/1208368-%D8%AA%D8%AD%D9%81%D9%8A%D8%B8-%D9%82%D8%B1%D8%A2%D9%86-%D8%A8%D8%B1%D9%88%D8%A7%D9%8A%D8%A9-%D9%88-%D8%A7%D9%82%D8%B1%D8%A7%D8%A6%D9%87-%D9%85%D8%AD%D8%A7%D8%B6%D8%B1%D8%A9-%D9%88%D8%A7%D8%AD%D8%AF%D8%A9-%D8%B9%D8%A8%D8%B1-%D8%A7%D9%84-skype
تعليم وتحفيظ القرآن الكريم بإحكام التجويد,.Fatima M,3,1,منذ 3 سنوات و3 أشهر,تعليم عن بعد,تعلم العلوم المتخصصة,"تعليم, قرآن, تلاوة, حفظ, تحفيظ",https://khamsat.com/training/quran/2533689-%D8%AA%D8%B9%D9%84%D9%8A%D9%85-%D9%88%D8%AA%D8%AD%D9%81%D9%8A%D8%B8-%D8%A7%D9%84%D9%82%D8%B1%D8%A2%D9%86-%D8%A7%D9%84%D9%83%D8%B1%D9%8A%D9%85-%D8%A8%D8%A5%D8%AD%D9%83%D8%A7%D9%85-%D8%A7%D9%84%D8%AA%D8%AC%D9%88%D9%8A%D8%AF
تحفيظ القرآن الكريم وتصحيح التلاوة,.Ibrahim S,0,0,Aucun avis,تعليم عن بعد,تعلم العلوم المتخصصة,"تعليم, تجويد, تلاوة, القرآن, الكريم",https://khamsat.com/training/quran/3049002-%D8%AA%D8%AD%D9%81%D9%8A%D8%B8-%D8%A7%D9%84%D9%82%D8%B1%D8%A2%D9%86-%D8%A7%D9%84%D9%83%D8%B1%D9%8A%D9%85-%D9%88%D8%AA%D8%B5%D8%AD%D9%8A%D8%AD-%D8%A7%D9%84%D8%AA%D9%84%D8%A7%D9%88%D8%A9
تعليم القرآن الكريم والتجويد والقراءات,عبدالرحمن ا.,4,4,منذ سنة و10 أشهر,تعليم عن بعد,تعلم العلوم المتخصصة,"قرآن, تجويد, تلاوة, تدريس, تحفيظ",https://khamsat.com/training/quran/2330616-%D8%AA%D8%B9%D9%84%D9%8A%D9%85-%D8%A7%D9%84%D9%82%D8%B1%D8%A2%D9%86-%D8%A7%D9%84%D9%83%D8%B1%D9%8A%D9%85-%D9%88%D8%A7%D9%84%D8%AA%D8%AC%D9%88%D9%8A%D8%AF-%D9%88%D8%A7%D9%84%D9%82%D8%B1%D8%A7%D8%A1%D8%A7%D8%AA
تحفيظ القرآن الكريم للكبار والصغار,.Mohamed B,1,1,منذ 4 سنوات و5 أيام,تعليم عن بعد,تعلم العلوم المتخصصة,"تجويد, تعلم, الله, محمد, قراءة, حفظ, الإسلام, القرآن, رسول, دينية",https://khamsat.com/training/quran/2074989-%D8%AA%D8%AD%D9%81%D9%8A%D8%B8-%D8%A7%D9%84%D9%82%D8%B1%D8%A2%D9%86-%D8%A7%D9%84%D9%83%D8%B1%D9%8A%D9%85-%D9%84%D9%84%D9%83%D8%A8%D8%A7%D8%B1-%D9%88%D8%A7%D9%84%D8%B5%D8%BA%D8%A7%D8%B1
تعليم القرآن وحفظه بالتجويد للكبار والصغار,يحيى ع.,0,0,Aucun avis,تعليم عن بعد,تعلم العلوم المتخصصة,تعليم القرآن وعلومه وأحكامه,https://khamsat.com/training/quran/3596160-%D8%AA%D8%B9%D9%84%D9%8A%D9%85-%D8%A7%D9%84%D9%82%D8%B1%D8%A2%D9%86-%D9%88%D8%AD%D9%81%D8%B8%D9%87-%D8%A8%D8%A7%D9%84%D8%AA%D8%AC%D9%88%D9%8A%D8%AF-%D9%84%D9%84%D9%83%D8%A8%D8%A7%D8%B1-%D9%88%D8%A7%D9%84%D8%B5%D8%BA%D8%A7%D8%B1
شرح متن تحفة الأطفال فى علم التجويد,.Marwa A,0,0,Aucun avis,تعليم عن بعد,تعلم العلوم المتخصصة,"قرآن, تجويد, تلاوة, رواية, الكريم, الأطفال, تحفة, أحكام",https://khamsat.com/training/quran/2079789-%D8%B4%D8%B1%D8%AD-%D9%85%D8%AA%D9%86-%D8%AA%D8%AD%D9%81%D8%A9-%D8%A7%D9%84%D8%A3%D8%B7%D9%81%D8%A7%D9%84-%D9%81%D9%89-%D8%B9%D9%84%D9%85-%D8%A7%D9%84%D8%AA%D8%AC%D9%88%D9%8A%D8%AF
تحفيظ القرآن الكريم للنساء والأطفال,.Lina A,1,1,منذ 4 سنوات و8 أشهر,تعليم عن بعد,تعلم العلوم المتخصصة,"قرآن, كريم, نساء, أطفال, تحفيظ",https://khamsat.com/training/quran/1838885-%D8%AA%D8%AD%D9%81%D9%8A%D8%B8-%D8%A7%D9%84%D9%82%D8%B1%D8%A2%D9%86-%D8%A7%D9%84%D9%83%D8%B1%D9%8A%D9%85-%D9%84%D9%84%D9%86%D8%B3%D8%A7%D8%A1-%D9%88%D8%A7%D9%84%D8%A3%D8%B7%D9%81%D8%A7%D9%84
حفظ القرآن وتعلم التجويد بطريقة مبسطة,محمد ك.,0,0,Aucun avis,تعليم عن بعد,تعلم العلوم المتخصصة,"تعليم, قرآن, تجويد, تصحيح, حفظ",https://khamsat.com/training/quran/3873933-%D8%AD%D9%81%D8%B8-%D8%A7%D9%84%D9%82%D8%B1%D8%A2%D9%86-%D9%88%D8%AA%D8%B9%D9%84%D9%85-%D8%A7%D9%84%D8%AA%D8%AC%D9%88%D9%8A%D8%AF-%D8%A8%D8%B7%D8%B1%D9%8A%D9%82%D8%A9-%D9%85%D8%A8%D8%B3%D8%B7%D8%A9
تحفيظ القرآن الكريم وتعليم أحكام التجويد,هشام ح.,0,0,Aucun avis,تعليم عن بعد,تعلم العلوم المتخصصة,"تعليم, قرآن, تجويد, تصحيح, تحفيظ",https://khamsat.com/training/quran/3882825-%D8%AA%D8%AD%D9%81%D9%8A%D8%B8-%D8%A7%D9%84%D9%82%D8%B1%D8%A2%D9%86-%D8%A7%D9%84%D9%83%D8%B1%D9%8A%D9%85-%D9%88%D8%AA%D8%B9%D9%84%D9%8A%D9%85-%D8%A3%D8%AD%D9%83%D8%A7%D9%85-%D8%A7%D9%84%D8%AA%D8%AC%D9%88%D9%8A%D8%AF
تعليم وتحفيظ القرآن الكريم للنساء والأطفال,.Eman A,0,0,Aucun avis,تعليم عن بعد,تعلم العلوم المتخصصة,"تعليم, قرآن, تجويد, تحفيظ",https://khamsat.com/training/quran/3653040-%D8%AA%D8%B9%D9%84%D9%8A%D9%85-%D9%88%D8%AA%D8%AD%D9%81%D9%8A%D8%B8-%D8%A7%D9%84%D9%82%D8%B1%D8%A2%D9%86-%D8%A7%D9%84%D9%83%D8%B1%D9%8A%D9%85-%D9%84%D9%84%D9%86%D8%B3%D8%A7%D8%A1-%D9%88%D8%A7%D9%84%D8%A3%D8%B7%D9%81%D8%A7%D9%84
تعليم تجويد القرآن الكريم نظرياً وعملياً حتى الاتقان,.Eman A,2,2,منذ 4 سنوات و10 أشهر,تعليم عن بعد,تعلم العلوم المتخصصة,"تعليم, تجويد, حتى, الاتقان",https://khamsat.com/training/quran/1679041-%D8%AA%D8%B9%D9%84%D9%8A%D9%85-%D8%AA%D8%AC%D9%88%D9%8A%D8%AF-%D8%A7%D9%84%D9%82%D8%B1%D8%A2%D9%86-%D8%A7%D9%84%D9%83%D8%B1%D9%8A%D9%85-%D9%86%D8%B8%D8%B1%D9%8A%D8%A7-%D9%88%D8%B9%D9%85%D9%84%D9%8A%D8%A7-%D8%AD%D8%AA%D9%89-%D8%A7%D9%84%D8%A7%D8%AA%D9%82%D8%A7%D9%86
الصفحة المطلوبة غير موجودة,Non trouvé,Non trouvé,Non trouvé,Aucun avis,Inconnu,Inconnu,Aucun tag,https://khamsat.com/training/quran/3275195-%D8%AA%D8%AD%D9%81%D9%8A%D8%B8-%D8%A7%D9%84%D9%82%D8%B1%D8%A2%D9%86-%D8%A7%D9%84%D9%83%D8%B1%D9%8A%D9%85-%D9%84%D8%AC%D9%85%D9%8A%D8%B9-%D8%A7%D9%84%D9%85%D8%B1%D8%A7%D8%AD%D9%84-%D9%84%D9%84%D9%83%D8%A8%D8%A7%D8%B1-%D9%88%D8%A7%D9%84%D8%A3%D8%B7%D9%81%D8%A7%D9%84-%D8%A8%D8%A7%D9%84%D8%AA%D8%AC%D9%88%D9%8A%D8%AF
تحفيظ القرآن الكريم للعرب والاعاجم,مروة م.,2,1,منذ سنة و5 أشهر,تعليم عن بعد,تعلم العلوم المتخصصة,"تعليم, تلاوة, التجويد, القرآن, احكام",https://khamsat.com/training/quran/3106203-%D8%AA%D8%AD%D9%81%D9%8A%D8%B8-%D8%A7%D9%84%D9%82%D8%B1%D8%A2%D9%86-%D8%A7%D9%84%D9%83%D8%B1%D9%8A%D9%85-%D9%84%D9%84%D8%B9%D8%B1%D8%A8-%D9%88%D8%A7%D9%84%D8%A7%D8%B9%D8%A7%D8%AC%D9%85
تعليم القرآن الكريم وأحكام التجويد والقراءات متن الشاطبية,.Quran R,0,0,Aucun avis,تعليم عن بعد,تعلم العلوم المتخصصة,"تطوير, تدريس, القرآن, الكريم, تحفيظ",https://khamsat.com/training/quran/3883211-%D8%AA%D8%B9%D9%84%D9%8A%D9%85-%D8%A7%D9%84%D9%82%D8%B1%D8%A2%D9%86-%D8%A7%D9%84%D9%83%D8%B1%D9%8A%D9%85-%D9%88%D8%A3%D8%AD%D9%83%D8%A7%D9%85-%D8%A7%D9%84%D8%AA%D8%AC%D9%88%D9%8A%D8%AF-%D9%88%D8%A7%D9%84%D9%82%D8%B1%D8%A7%D8%A1%D8%A7%D8%AA-%D9%85%D8%AA%D9%86-%D8%A7%D9%84%D8%B4%D8%A7%D8%B7%D8%A8%D9%8A%D8%A9
تحفيظ القرآن الكريم بالتجويد وأحكام القرآن ومراجعة ما سبق,مصطفي م.,0,0,Aucun avis,تعليم عن بعد,تعلم العلوم المتخصصة,"تعليم, تجويد, تدريس, القرآن, تحفيظ",https://khamsat.com/training/quran/3841541-%D8%AA%D8%AD%D9%81%D9%8A%D8%B8-%D8%A7%D9%84%D9%82%D8%B1%D8%A2%D9%86-%D8%A7%D9%84%D9%83%D8%B1%D9%8A%D9%85-%D8%A8%D8%A7%D9%84%D8%AA%D8%AC%D9%88%D9%8A%D8%AF-%D9%88%D8%A3%D8%AD%D9%83%D8%A7%D9%85-%D8%A7%D9%84%D9%82%D8%B1%D8%A2%D9%86-%D9%88%D9%85%D8%B1%D8%A7%D8%AC%D8%B9%D8%A9-%D9%85%D8%A7-%D8%B3%D8%A8%D9%82
تعليم القرآن الكريم وتحفيظه بالتجويد,أماني ش.,0,0,Aucun avis,تعليم عن بعد,تعلم العلوم المتخصصة,"تعليم, تجويد, تلاوة, مراجعة, تحفيظ",https://khamsat.com/training/quran/3899421-%D8%AA%D8%B9%D9%84%D9%8A%D9%85-%D8%A7%D9%84%D9%82%D8%B1%D8%A2%D9%86-%D8%A7%D9%84%D9%83%D8%B1%D9%8A%D9%85-%D9%88%D8%AA%D8%AD%D9%81%D9%8A%D8%B8%D9%87-%D8%A8%D8%A7%D9%84%D8%AA%D8%AC%D9%88%D9%8A%D8%AF
تحفيظ القرآن الكريم بأحكام التجويد وتصحيح أخطاء التلاوة,نعمة ح.,1,1,منذ 11 شهر و9 أيام,تعليم عن بعد,تعلم العلوم المتخصصة,"قرآن, تجويد, قران, تصحيح, تحفيظ",https://khamsat.com/training/quran/2994370-%D8%AA%D8%AD%D9%81%D9%8A%D8%B8-%D8%A7%D9%84%D9%82%D8%B1%D8%A2%D9%86-%D8%A7%D9%84%D9%83%D8%B1%D9%8A%D9%85-%D8%A8%D8%A3%D8%AD%D9%83%D8%A7%D9%85-%D8%A7%D9%84%D8%AA%D8%AC%D9%88%D9%8A%D8%AF-%D9%88%D8%AA%D8%B5%D8%AD%D9%8A%D8%AD-%D8%A3%D8%AE%D8%B7%D8%A7%D8%A1-%D8%A7%D9%84%D8%AA%D9%84%D8%A7%D9%88%D8%A9
تحفيظ القرآن الكريم للأطفال والنساء,وداد ا.,0,0,Aucun avis,تعليم عن بعد,تعلم العلوم المتخصصة,"تجويد, القرآن, اطفال, تحفيظ, الأطفال",https://khamsat.com/training/quran/3710241-%D8%AA%D8%AD%D9%81%D9%8A%D8%B8-%D8%A7%D9%84%D9%82%D8%B1%D8%A2%D9%86-%D8%A7%D9%84%D9%83%D8%B1%D9%8A%D9%85-%D9%84%D9%84%D8%A3%D8%B7%D9%81%D8%A7%D9%84-%D9%88%D8%A7%D9%84%D9%86%D8%B3%D8%A7%D8%A1
تعليم وتحفيظ القرآن الكريم عن بعد لجميع المستويات والأعمار,العرابى خ.,0,0,Aucun avis,تعليم عن بعد,تعلم العلوم المتخصصة,"تعليم, قرآن, تجويد, تلاوة, تصحيح, تثبيت, تدريس, القرآن, الكريم, تحفيظ",https://khamsat.com/training/quran/2808610-%D8%AA%D8%B9%D9%84%D9%8A%D9%85-%D9%88%D8%AA%D8%AD%D9%81%D9%8A%D8%B8-%D8%A7%D9%84%D9%82%D8%B1%D8%A2%D9%86-%D8%A7%D9%84%D9%83%D8%B1%D9%8A%D9%85-%D8%B9%D9%86-%D8%A8%D8%B9%D8%AF-%D9%84%D8%AC%D9%85%D9%8A%D8%B9-%D8%A7%D9%84%D9%85%D8%B3%D8%AA%D9%88%D9%8A%D8%A7%D8%AA-%D9%88%D8%A7%D9%84%D8%A3%D8%B9%D9%85%D8%A7%D8%B1
تعليم القرآن بقراءة عاصم بروايتي شعبة وحفص,هلال ا.,0,0,Aucun avis,تعليم عن بعد,تعلم العلوم المتخصصة,"تعليم, تصحيح, التجويد, القرآن, مدرس",https://khamsat.com/training/quran/3010962-%D8%AA%D8%B9%D9%84%D9%8A%D9%85-%D8%A7%D9%84%D9%82%D8%B1%D8%A2%D9%86-%D8%A8%D9%82%D8%B1%D8%A7%D8%A1%D8%A9-%D8%B9%D8%A7%D8%B5%D9%85-%D8%A8%D8%B1%D9%88%D8%A7%D9%8A%D8%AA%D9%8A-%D8%B4%D8%B9%D8%A8%D8%A9-%D9%88%D8%AD%D9%81%D8%B5
إجازة قرءانية بسند عالي بأي رواية,مصطفى ا.,0,0,Aucun avis,تعليم عن بعد,تعلم العلوم المتخصصة,"تجويد, تصحيح, قراءة, اجازة, رمضان, قرءان, قراءات, ختمة, إجازة قرءانية, سند عالي",https://khamsat.com/training/quran/2459214-%D8%A5%D8%AC%D8%A7%D8%B2%D8%A9-%D9%82%D8%B1%D8%A1%D8%A7%D9%86%D9%8A%D8%A9-%D8%A8%D8%B3%D9%86%D8%AF-%D8%B9%D8%A7%D9%84%D9%8A-%D8%A8%D8%A3%D9%8A-%D8%B1%D9%88%D8%A7%D9%8A%D8%A9
دورة إتقان القرآن قبل رمضان,مصطفى ا.,0,0,Aucun avis,تعليم عن بعد,تعلم العلوم المتخصصة,"تعليم, تجويد, شرح, دورة, تصحيح, كورس, رمضان, التجويد, تحفيظ, قرءان",https://khamsat.com/training/quran/2017544-%D8%AF%D9%88%D8%B1%D8%A9-%D8%A5%D8%AA%D9%82%D8%A7%D9%86-%D8%A7%D9%84%D9%82%D8%B1%D8%A2%D9%86-%D9%82%D8%A8%D9%84-%D8%B1%D9%85%D8%B6%D8%A7%D9%86
تعليم وتحفيظ القرآن الكريم للنساء والأطفال بأحكام التجويد,.Shimaa G,0,0,Aucun avis,تعليم عن بعد,تعلم العلوم المتخصصة,"تعليم, قرآن, تفسير, القرآن, الكريم",https://khamsat.com/training/quran/3125835-%D8%AA%D8%B9%D9%84%D9%8A%D9%85-%D9%88%D8%AA%D8%AD%D9%81%D9%8A%D8%B8-%D8%A7%D9%84%D9%82%D8%B1%D8%A2%D9%86-%D8%A7%D9%84%D9%83%D8%B1%D9%8A%D9%85-%D9%84%D9%84%D9%86%D8%B3%D8%A7%D8%A1-%D9%88%D8%A7%D9%84%D8%A3%D8%B7%D9%81%D8%A7%D9%84-%D8%A8%D8%A3%D8%AD%D9%83%D8%A7%D9%85-%D8%A7%D9%84%D8%AA%D8%AC%D9%88%D9%8A%D8%AF
تعليم القرآن الكريم تلاوة وحفظ عبر أونلاين,.Khadega A,0,0,Aucun avis,تعليم عن بعد,تعلم العلوم المتخصصة,"تجويد, تلاوة, القرآن, الكريم, تحفيظ",https://khamsat.com/training/quran/3777960-%D8%AA%D8%B9%D9%84%D9%8A%D9%85-%D8%A7%D9%84%D9%82%D8%B1%D8%A2%D9%86-%D8%A7%D9%84%D9%83%D8%B1%D9%8A%D9%85-%D8%AA%D9%84%D8%A7%D9%88%D8%A9-%D9%88%D8%AD%D9%81%D8%B8-%D8%B9%D8%A8%D8%B1-%D8%A3%D9%88%D9%86%D9%84%D8%A7%D9%8A%D9%86
الصفحة المطلوبة غير موجودة,Non trouvé,Non trouvé,Non trouvé,Aucun avis,Inconnu,Inconnu,Aucun tag,https://khamsat.com/training/quran/2854595-%D8%AA%D9%85%D8%A7%D8%B1%D9%8A%D9%86-%D8%A7%D9%84%D8%A3%D8%AD%D8%A8%D8%A7%D9%84-%D8%A7%D9%84%D8%B5%D9%88%D8%AA%D9%8A%D8%A9-%D9%88%D8%A7%D9%84%D9%81%D9%88%D9%83%D8%A7%D9%84%D9%8A%D8%B2-%D9%84%D8%AA%D8%AD%D8%B3%D9%8A%D9%86-%D9%88%D8%AA%D8%AC%D9%85%D9%8A%D9%84-%D8%A7%D9%84%D8%B5%D9%88%D8%AA
سأقوم بتحفيظ القرآن وتعليم القاعدة النورانية للأطفال,منة الله ف.,0,0,Aucun avis,تعليم عن بعد,تعلم العلوم المتخصصة,"تعليم, تلاوة, القرآن, اطفال, تحفيظ",https://khamsat.com/training/quran/3870316-%D8%B3%D8%A3%D9%82%D9%88%D9%85-%D8%A8%D8%AA%D8%AD%D9%81%D9%8A%D8%B8-%D8%A7%D9%84%D9%82%D8%B1%D8%A2%D9%86-%D9%88%D8%AA%D8%B9%D9%84%D9%8A%D9%85-%D8%A7%D9%84%D9%82%D8%A7%D8%B9%D8%AF%D8%A9-%D8%A7%D9%84%D9%86%D9%88%D8%B1%D8%A7%D9%86%D9%8A%D8%A9-%D9%84%D9%84%D8%A3%D8%B7%D9%81%D8%A7%D9%84
معلمة القرآن، تحفيظ للقرآن الكريم بالتلاوة الصحيحة للأطفال,.Nada A,0,0,Aucun avis,تعليم عن بعد,تعلم العلوم المتخصصة,تحفيظ,https://khamsat.com/training/quran/3483467-%D9%85%D8%B9%D9%84%D9%85%D8%A9-%D8%A7%D9%84%D9%82%D8%B1%D8%A2%D9%86-%D8%AA%D8%AD%D9%81%D9%8A%D8%B8-%D9%84%D9%84%D9%82%D8%B1%D8%A2%D9%86-%D8%A7%D9%84%D9%83%D8%B1%D9%8A%D9%85-%D8%A8%D8%A7%D9%84%D8%AA%D9%84%D8%A7%D9%88%D8%A9-%D8%A7%D9%84%D8%B5%D8%AD%D9%8A%D8%AD%D8%A9-%D9%84%D9%84%D8%A3%D8%B7%D9%81%D8%A7%D9%84
تعليم وتحفيظ القرآن الكريم,زينب ط.,2,0,Aucun avis,تعليم عن بعد,تعلم العلوم المتخصصة,"قرآن, تلاوة, تعلم, حفظ, القرآن, تحفيظ",https://khamsat.com/training/quran/1246886-%D8%AA%D8%B9%D9%84%D9%8A%D9%85-%D9%88%D8%AA%D8%AD%D9%81%D9%8A%D8%B8-%D8%A7%D9%84%D9%82%D8%B1%D8%A2%D9%86-%D8%A7%D9%84%D9%83%D8%B1%D9%8A%D9%85
تصحيح تلاوة القرآن الكريم وتعليم أحكام التجويد للعرب ولأعاجم,وداد ف.,0,0,Aucun avis,تعليم عن بعد,تعلم العلوم المتخصصة,"تلاوة, تصحيح, التجويد, القرآن, تحفيظ",https://khamsat.com/training/quran/3808127-%D8%AA%D8%B5%D8%AD%D9%8A%D8%AD-%D8%AA%D9%84%D8%A7%D9%88%D8%A9-%D8%A7%D9%84%D9%82%D8%B1%D8%A2%D9%86-%D8%A7%D9%84%D9%83%D8%B1%D9%8A%D9%85-%D9%88%D8%AA%D8%B9%D9%84%D9%8A%D9%85-%D8%A3%D8%AD%D9%83%D8%A7%D9%85-%D8%A7%D9%84%D8%AA%D8%AC%D9%88%D9%8A%D8%AF-%D9%84%D9%84%D8%B9%D8%B1%D8%A8-%D9%88%D9%84%D8%A3%D8%B9%D8%A7%D8%AC%D9%85
تحفيظ وتسميع  جزء  من القرآن الكريم  تقوم بإختياره,.Wafaa M,2,1,منذ 4 سنوات و11 شهر,تعليم عن بعد,تعلم العلوم المتخصصة,"قرآن, تجويد, قراءة, الكريم, تحفيظ, القران, تسميع",https://khamsat.com/training/quran/1711171-%D8%AA%D8%AD%D9%81%D9%8A%D8%B8-%D9%88%D8%AA%D8%B3%D9%85%D9%8A%D8%B9-%D8%AC%D8%B2%D8%A1-%D9%85%D9%86-%D8%A7%D9%84%D9%82%D8%B1%D8%A2%D9%86-%D8%A7%D9%84%D9%83%D8%B1%D9%8A%D9%85-%D8%AA%D9%82%D9%88%D9%85-%D8%A8%D8%A5%D8%AE%D8%AA%D9%8A%D8%A7%D8%B1%D9%87
الصفحة المطلوبة غير موجودة,Non trouvé,Non trouvé,Non trouvé,Aucun avis,Inconnu,Inconnu,Aucun tag,https://khamsat.com/training/quran/2616325-%D8%AA%D8%AF%D8%B1%D9%8A%D8%B3-%D9%85%D8%A7%D8%AF%D8%A9-%D8%A7%D9%84%D9%85%D9%82%D8%A7%D9%85%D8%A7%D8%AA-%D8%A7%D9%84%D8%B5%D9%88%D8%AA%D9%8A%D8%A9-%D9%81%D9%89-%D8%AA%D9%84%D8%A7%D9%88%D8%A9-%D8%A7%D9%84%D9%82%D8%B1%D8%A2%D9%86-%D9%88%D8%A7%D9%84%D8%A5%D9%86%D8%B4%D8%A7%D8%AF-%D8%A3%D9%88%D9%86%D9%84%D8%A7%D9%8A%D9%86
تعليم القرآن الكريم وتجويده,.Mahmoud K,0,0,Aucun avis,تعليم عن بعد,تعلم العلوم المتخصصة,"تعليم, تجويد, القرآن, الكريم, تحفيظ",https://khamsat.com/training/quran/3853138-%D8%AA%D8%B9%D9%84%D9%8A%D9%85-%D8%A7%D9%84%D9%82%D8%B1%D8%A2%D9%86-%D8%A7%D9%84%D9%83%D8%B1%D9%8A%D9%85-%D9%88%D8%AA%D8%AC%D9%88%D9%8A%D8%AF%D9%87
تعلم قراءة القرآن الكريم بالمقامات الثمانية والتجويد,.Abdul Latif M,4,4,منذ سنة و6 أشهر,تعليم عن بعد,تعلم العلوم المتخصصة,"صوت, تعليم, قرآن, تجويد, قران, كريم, تلاوة, تدريب, تحسين, مقامات",https://khamsat.com/training/quran/1695935-%D8%AA%D8%B9%D9%84%D9%85-%D9%82%D8%B1%D8%A7%D8%A1%D8%A9-%D8%A7%D9%84%D9%82%D8%B1%D8%A2%D9%86-%D8%A7%D9%84%D9%83%D8%B1%D9%8A%D9%85-%D8%A8%D8%A7%D9%84%D9%85%D9%82%D8%A7%D9%85%D8%A7%D8%AA-%D8%A7%D9%84%D8%AB%D9%85%D8%A7%D9%86%D9%8A%D8%A9-%D9%88%D8%A7%D9%84%D8%AA%D8%AC%D9%88%D9%8A%D8%AF
تحفيظ القرآن الكريم للسيدات والأطفال بالتجويد مع شرح الآيات,ايمان م.,0,0,Aucun avis,تعليم عن بعد,تعلم العلوم المتخصصة,"تعليم, تجويد, معلمة, القرآن, تحفيظ",https://khamsat.com/training/quran/3851430-%D8%AA%D8%AD%D9%81%D9%8A%D8%B8-%D8%A7%D9%84%D9%82%D8%B1%D8%A2%D9%86-%D8%A7%D9%84%D9%83%D8%B1%D9%8A%D9%85-%D9%84%D9%84%D8%B3%D9%8A%D8%AF%D8%A7%D8%AA-%D9%88%D8%A7%D9%84%D8%A3%D8%B7%D9%81%D8%A7%D9%84-%D8%A8%D8%A7%D9%84%D8%AA%D8%AC%D9%88%D9%8A%D8%AF-%D9%85%D8%B9-%D8%B4%D8%B1%D8%AD-%D8%A7%D9%84%D8%A2%D9%8A%D8%A7%D8%AA
تحفيظ قرآن برواية و اقرائه,.Mohamed B,1,1,منذ سنة و9 أشهر,تعليم عن بعد,تعلم العلوم المتخصصة,"تعليم, تدريس, التجويد, اسلامي, القران",https://khamsat.com/training/quran/2980077-%D8%AA%D8%AD%D9%81%D9%8A%D8%B8-%D9%82%D8%B1%D8%A2%D9%86-%D8%A8%D8%B1%D9%88%D8%A7%D9%8A%D8%A9-%D9%88-%D8%A7%D9%82%D8%B1%D8%A7%D8%A6%D9%87
تحفيظ القرآن الكريم بالتجويد والترتيب للاطفال والنساء,حسناء ا.,6,5,منذ سنتين وشهرين,تعليم عن بعد,تعلم العلوم المتخصصة,Aucun tag,https://khamsat.com/training/quran/1754125-%D8%AA%D8%AD%D9%81%D9%8A%D8%B8-%D8%A7%D9%84%D9%82%D8%B1%D8%A2%D9%86-%D8%A7%D9%84%D9%83%D8%B1%D9%8A%D9%85-%D8%A8%D8%A7%D9%84%D8%AA%D8%AC%D9%88%D9%8A%D8%AF-%D9%88%D8%A7%D9%84%D8%AA%D8%B1%D8%AA%D9%8A%D8%A8-%D9%84%D9%84%D8%A7%D8%B7%D9%81%D8%A7%D9%84-%D9%88%D8%A7%D9%84%D9%86%D8%B3%D8%A7%D8%A1
معلمة قرآن كريم وتصحيح التلاوة مع التفسير,.Nesma M,0,0,Aucun avis,تعليم عن بعد,تعلم العلوم المتخصصة,"تعليم, تجويد, تلاوة, تفسير, القرآن",https://khamsat.com/training/quran/3886649-%D9%85%D8%B9%D9%84%D9%85%D8%A9-%D9%82%D8%B1%D8%A2%D9%86-%D9%83%D8%B1%D9%8A%D9%85-%D9%88%D8%AA%D8%B5%D8%AD%D9%8A%D8%AD-%D8%A7%D9%84%D8%AA%D9%84%D8%A7%D9%88%D8%A9-%D9%85%D8%B9-%D8%A7%D9%84%D8%AA%D9%81%D8%B3%D9%8A%D8%B1
تحفيظ القرآن الكريم للنساء  والأطفال بالتجويد,.Rahma M,0,0,Aucun avis,تعليم عن بعد,تعلم العلوم المتخصصة,"قرآن, كريم, تعلم, معلمة, تحفيظ",https://khamsat.com/training/quran/3614040-%D8%AA%D8%AD%D9%81%D9%8A%D8%B8-%D8%A7%D9%84%D9%82%D8%B1%D8%A2%D9%86-%D8%A7%D9%84%D9%83%D8%B1%D9%8A%D9%85-%D9%84%D9%84%D9%86%D8%B3%D8%A7%D8%A1-%D9%88%D8%A7%D9%84%D8%A3%D8%B7%D9%81%D8%A7%D9%84-%D8%A8%D8%A7%D9%84%D8%AA%D8%AC%D9%88%D9%8A%D8%AF
تحفيظ القران الكريم بالتجويد لجميع الاعمار,.Abdallah E,0,0,Aucun avis,تعليم عن بعد,تعلم العلوم المتخصصة,"تعليم, تجويد, حفظ, القرآن, الكريم",https://khamsat.com/training/quran/3037655-%D8%AA%D8%AD%D9%81%D9%8A%D8%B8-%D8%A7%D9%84%D9%82%D8%B1%D8%A7%D9%86-%D8%A7%D9%84%D9%83%D8%B1%D9%8A%D9%85-%D8%A8%D8%A7%D9%84%D8%AA%D8%AC%D9%88%D9%8A%D8%AF-%D9%84%D8%AC%D9%85%D9%8A%D8%B9-%D8%A7%D9%84%D8%A7%D8%B9%D9%85%D8%A7%D8%B1
معلم قرآن وتجويد للأطفال والكبار,محمد م.,0,0,Aucun avis,تعليم عن بعد,تعلم العلوم المتخصصة,"تجويد, تعليم عن بعد, القرآن, تحفيظ, الأطفال",https://khamsat.com/training/quran/3816857-%D9%85%D8%B9%D9%84%D9%85-%D9%82%D8%B1%D8%A2%D9%86-%D9%88%D8%AA%D8%AC%D9%88%D9%8A%D8%AF-%D9%84%D9%84%D8%A3%D8%B7%D9%81%D8%A7%D9%84-%D9%88%D8%A7%D9%84%D9%83%D8%A8%D8%A7%D8%B1
حفظ وقرآة القرآن الكريم للناطقين وغير الناطقين بالعربيه,.Aya Y,2,2,منذ سنة و7 أشهر,تعليم عن بعد,تعلم العلوم المتخصصة,"تجويد, قاعدة, بيان, تأسيس, نور, قراءات",https://khamsat.com/training/quran/2258573-%D8%AD%D9%81%D8%B8-%D9%88%D9%82%D8%B1%D8%A2%D8%A9-%D8%A7%D9%84%D9%82%D8%B1%D8%A2%D9%86-%D8%A7%D9%84%D9%83%D8%B1%D9%8A%D9%85-%D9%84%D9%84%D9%86%D8%A7%D8%B7%D9%82%D9%8A%D9%86-%D9%88%D8%BA%D9%8A%D8%B1-%D8%A7%D9%84%D9%86%D8%A7%D8%B7%D9%82%D9%8A%D9%86-%D8%A8%D8%A7%D9%84%D8%B9%D8%B1%D8%A8%D9%8A%D9%87
كيف تحفظ القرآن الكريم كاملاً في 151 يوم فقط,عبدالحميد خ.,3,2,منذ 25 يوم و13 ساعة,تعليم عن بعد,تعلم العلوم المتخصصة,"تعليم القرآن الكريم, كيف تحفظ القرآن, مراجعة القرآن وتثبيته",https://khamsat.com/training/quran/3768824-%D9%83%D9%8A%D9%81-%D8%AA%D8%AD%D9%81%D8%B8-%D8%A7%D9%84%D9%82%D8%B1%D8%A2%D9%86-%D8%A7%D9%84%D9%83%D8%B1%D9%8A%D9%85-%D9%83%D8%A7%D9%85%D9%84%D8%A7-%D9%81%D9%8A-151-%D9%8A%D9%88%D9%85-%D9%81%D9%82%D8%B7
تحفيظ وشرح أحكام التجويد النظرية مع التطبيق عملياً,.Abtsam G,6,5,منذ 10 أشهر و19 يوم,تعليم عن بعد,تعلم العلوم المتخصصة,"تعليم, شرح, نطق, أقدم, تحفيظ",https://khamsat.com/training/quran/2285247-%D8%AA%D8%AD%D9%81%D9%8A%D8%B8-%D9%88%D8%B4%D8%B1%D8%AD-%D8%A3%D8%AD%D9%83%D8%A7%D9%85-%D8%A7%D9%84%D8%AA%D8%AC%D9%88%D9%8A%D8%AF-%D8%A7%D9%84%D9%86%D8%B8%D8%B1%D9%8A%D8%A9-%D9%85%D8%B9-%D8%A7%D9%84%D8%AA%D8%B7%D8%A8%D9%8A%D9%82-%D8%B9%D9%85%D9%84%D9%8A%D8%A7
دورة شرح تحفة الأطفال بالإجازة,جهاد ك.,0,0,Aucun avis,تعليم عن بعد,تعلم العلوم المتخصصة,"تعليم, تجويد, تلاوة, القرآن, احكام",https://khamsat.com/training/quran/3787997-%D8%AF%D9%88%D8%B1%D8%A9-%D8%B4%D8%B1%D8%AD-%D8%AA%D8%AD%D9%81%D8%A9-%D8%A7%D9%84%D8%A3%D8%B7%D9%81%D8%A7%D9%84-%D8%A8%D8%A7%D9%84%D8%A5%D8%AC%D8%A7%D8%B2%D8%A9
الصفحة المطلوبة غير موجودة,Non trouvé,Non trouvé,Non trouvé,Aucun avis,Inconnu,Inconnu,Aucun tag,https://khamsat.com/training/quran/2605750-%D8%AA%D8%B9%D9%84%D9%8A%D9%85-%D8%A3%D8%AD%D9%83%D8%A7%D9%85-%D8%A7%D9%84%D8%AA%D8%AC%D9%88%D9%8A%D8%AF-%D9%88%D8%AA%D8%AD%D9%81%D9%8A%D8%B8-%D8%A7%D9%84%D9%82%D8%B1%D8%A2%D9%86-%D8%A7%D9%84%D9%83%D8%B1%D9%8A%D9%85-%D9%84%D8%AC%D9%85%D9%8A%D8%B9-%D8%A7%D9%84%D8%A3%D8%B9%D9%85%D8%A7%D8%B1
معلمه قران كريم عبر الزوم,.Amal H,0,0,Aucun avis,تعليم عن بعد,تعلم العلوم المتخصصة,"قران, الإنترنت, عبر, محفظة",https://khamsat.com/training/quran/2340956-%D9%85%D8%B9%D9%84%D9%85%D9%87-%D9%82%D8%B1%D8%A7%D9%86-%D9%83%D8%B1%D9%8A%D9%85-%D8%B9%D8%A8%D8%B1-%D8%A7%D9%84%D8%B2%D9%88%D9%85
تعليم القران والتجويد والمقامات الصوتية,عبدالواحد ع.,3,2,منذ سنة و7 أشهر,تعليم عن بعد,تعلم العلوم المتخصصة,"قرآن, تجويد, قران, تلاوة, عن, حفظ, الكريم, تحفيظ, القران, أحكام",https://khamsat.com/training/quran/2800455-%D8%AA%D8%B9%D9%84%D9%8A%D9%85-%D8%A7%D9%84%D9%82%D8%B1%D8%A7%D9%86-%D9%88%D8%A7%D9%84%D8%AA%D8%AC%D9%88%D9%8A%D8%AF-%D9%88%D8%A7%D9%84%D9%85%D9%82%D8%A7%D9%85%D8%A7%D8%AA-%D8%A7%D9%84%D8%B5%D9%88%D8%AA%D9%8A%D8%A9
ضبط متشابهات القران بأسلوب لا ينسى,عوض ا.,0,0,Aucun avis,تعليم عن بعد,تعلم العلوم المتخصصة,تعليم,https://khamsat.com/training/quran/2833719-%D8%B6%D8%A8%D8%B7-%D9%85%D8%AA%D8%B4%D8%A7%D8%A8%D9%87%D8%A7%D8%AA-%D8%A7%D9%84%D9%82%D8%B1%D8%A7%D9%86-%D8%A8%D8%A3%D8%B3%D9%84%D9%88%D8%A8-%D9%84%D8%A7-%D9%8A%D9%86%D8%B3%D9%89
تعليم أحكام التلاوة والتجويد بروايتي حفص عن عاصم وورش,موسى ي.,9,7,منذ 11 شهر و16 ساعة,تعليم عن بعد,تعلم العلوم المتخصصة,"تعليم, عن, بعد",https://khamsat.com/training/quran/1536655-%D8%AA%D8%B9%D9%84%D9%8A%D9%85-%D8%A3%D8%AD%D9%83%D8%A7%D9%85-%D8%A7%D9%84%D8%AA%D9%84%D8%A7%D9%88%D8%A9-%D9%88%D8%A7%D9%84%D8%AA%D8%AC%D9%88%D9%8A%D8%AF-%D8%A8%D8%B1%D9%88%D8%A7%D9%8A%D8%AA%D9%8A-%D8%AD%D9%81%D8%B5-%D8%B9%D9%86-%D8%B9%D8%A7%D8%B5%D9%85-%D9%88%D9%88%D8%B1%D8%B4
تصحيح تلاوة جزء عمّ للنساء,.Salwa H,0,0,Aucun avis,تعليم عن بعد,تعلم العلوم المتخصصة,"قرآن, تجويد, تلاوة, التجويد, القرآن",https://khamsat.com/training/quran/3877016-%D8%AA%D8%B5%D8%AD%D9%8A%D8%AD-%D8%AA%D9%84%D8%A7%D9%88%D8%A9-%D8%AC%D8%B2%D8%A1-%D8%B9%D9%85-%D9%84%D9%84%D9%86%D8%B3%D8%A7%D8%A1
تحفيظ طفلك القرآن بطريقة مبتكرة,رنا ز.,1,1,منذ 4 سنوات و8 أشهر,تعليم عن بعد,تعلم العلوم المتخصصة,"قرآن, حفظ, القرآن, الكريم",https://khamsat.com/training/quran/1738940-%D8%AA%D8%AD%D9%81%D9%8A%D8%B8-%D8%B7%D9%81%D9%84%D9%83-%D8%A7%D9%84%D9%82%D8%B1%D8%A2%D9%86-%D8%A8%D8%B7%D8%B1%D9%8A%D9%82%D8%A9-%D9%85%D8%A8%D8%AA%D9%83%D8%B1%D8%A9
تعليم القاعدة النورانية للمبتدئين من الصفر حتى درجة الإتقان.,.Abtsam G,0,0,Aucun avis,تعليم عن بعد,تعلم العلوم المتخصصة,"تعليم, شرح, تطبيق, تدريس",https://khamsat.com/training/quran/2295807-%D8%AA%D8%B9%D9%84%D9%8A%D9%85-%D8%A7%D9%84%D9%82%D8%A7%D8%B9%D8%AF%D8%A9-%D8%A7%D9%84%D9%86%D9%88%D8%B1%D8%A7%D9%86%D9%8A%D8%A9-%D9%84%D9%84%D9%85%D8%A8%D8%AA%D8%AF%D8%A6%D9%8A%D9%86-%D9%85%D9%86-%D8%A7%D9%84%D8%B5%D9%81%D8%B1-%D8%AD%D8%AA%D9%89-%D8%AF%D8%B1%D8%AC%D8%A9-%D8%A7%D9%84%D8%A5%D8%AA%D9%82%D8%A7%D9%86
خريطة ذهنية للأطفال لحفظ القران الكريم,صابرين ث.,0,0,Aucun avis,تعليم عن بعد,تعلم العلوم المتخصصة,"تعليم, pdf, خريطة, map, خرائط ذهنية",https://khamsat.com/training/quran/3820899-%D8%AE%D8%B1%D9%8A%D8%B7%D8%A9-%D8%B0%D9%87%D9%86%D9%8A%D8%A9-%D9%84%D9%84%D8%A3%D8%B7%D9%81%D8%A7%D9%84-%D9%84%D8%AD%D9%81%D8%B8-%D8%A7%D9%84%D9%82%D8%B1%D8%A7%D9%86-%D8%A7%D9%84%D9%83%D8%B1%D9%8A%D9%85
تحفيظ القرأن الكريم للكبار والصغار,أسماء م.,0,0,Aucun avis,تعليم عن بعد,تعلم العلوم المتخصصة,"مراجعة, قراءة, القرآن, الكريم, تحفيظ",https://khamsat.com/training/quran/3739829-%D8%AA%D8%AD%D9%81%D9%8A%D8%B8-%D8%A7%D9%84%D9%82%D8%B1%D8%A3%D9%86-%D8%A7%D9%84%D9%83%D8%B1%D9%8A%D9%85-%D9%84%D9%84%D9%83%D8%A8%D8%A7%D8%B1-%D9%88%D8%A7%D9%84%D8%B5%D8%BA%D8%A7%D8%B1
مدرس قرآن مجاز ذو خبرة طويلة,أحمد أبا بكر س.,1,1,منذ سنة وشهر,تعليم عن بعد,تعلم العلوم المتخصصة,"تعليم, قرآن, تجويد, تلاوة, تحفيظ",https://khamsat.com/training/quran/3059719-%D9%85%D8%AF%D8%B1%D8%B3-%D9%82%D8%B1%D8%A2%D9%86-%D9%85%D8%AC%D8%A7%D8%B2-%D8%B0%D9%88-%D8%AE%D8%A8%D8%B1%D8%A9-%D8%B7%D9%88%D9%8A%D9%84%D8%A9
تحفيظ القرآن الكريم بالتجويد وبطرق ممتعة للنساء والفتيات,هناء م.,0,0,Aucun avis,تعليم عن بعد,تعلم العلوم المتخصصة,"تجويد, قران, معلمة, تحفيظ, تعليق صوتي",https://khamsat.com/training/quran/3584135-%D8%AA%D8%AD%D9%81%D9%8A%D8%B8-%D8%A7%D9%84%D9%82%D8%B1%D8%A2%D9%86-%D8%A7%D9%84%D9%83%D8%B1%D9%8A%D9%85-%D8%A8%D8%A7%D9%84%D8%AA%D8%AC%D9%88%D9%8A%D8%AF-%D9%88%D8%A8%D8%B7%D8%B1%D9%82-%D9%85%D9%85%D8%AA%D8%B9%D8%A9-%D9%84%D9%84%D9%86%D8%B3%D8%A7%D8%A1-%D9%88%D8%A7%D9%84%D9%81%D8%AA%D9%8A%D8%A7%D8%AA
تحفيظ القرآن الكريم بالتجويد والترتيب للاطفال والنساء,ايه ج.,0,0,Aucun avis,تعليم عن بعد,تعلم العلوم المتخصصة,"تجويد, قران, حفظ, مساعده, قرأن, احكام, مراجعه, تحفيظ",https://khamsat.com/training/quran/2457691-%D8%AA%D8%AD%D9%81%D9%8A%D8%B8-%D8%A7%D9%84%D9%82%D8%B1%D8%A2%D9%86-%D8%A7%D9%84%D9%83%D8%B1%D9%8A%D9%85-%D8%A8%D8%A7%D9%84%D8%AA%D8%AC%D9%88%D9%8A%D8%AF-%D9%88%D8%A7%D9%84%D8%AA%D8%B1%D8%AA%D9%8A%D8%A8-%D9%84%D9%84%D8%A7%D8%B7%D9%81%D8%A7%D9%84-%D9%88%D8%A7%D9%84%D9%86%D8%B3%D8%A7%D8%A1
تعليم تجويد القرآن الكريم للنساء حول العالم,.Yomna A,0,0,Aucun avis,تعليم عن بعد,تعلم العلوم المتخصصة,"تعليم عن بعد, معلمة, التجويد, القرآن, التلاوة",https://khamsat.com/training/quran/3223824-%D8%AA%D8%B9%D9%84%D9%8A%D9%85-%D8%AA%D8%AC%D9%88%D9%8A%D8%AF-%D8%A7%D9%84%D9%82%D8%B1%D8%A2%D9%86-%D8%A7%D9%84%D9%83%D8%B1%D9%8A%D9%85-%D9%84%D9%84%D9%86%D8%B3%D8%A7%D8%A1-%D8%AD%D9%88%D9%84-%D8%A7%D9%84%D8%B9%D8%A7%D9%84%D9%85
تحفيظ القرآن الكريم للنساء مع التدريب على أحكام التجويد,إيمان ا.,0,0,Aucun avis,تعليم عن بعد,تعلم العلوم المتخصصة,"تجويد, تلاوة, تصحيح, عاصم, تحفيظ",https://khamsat.com/training/quran/3708764-%D8%AA%D8%AD%D9%81%D9%8A%D8%B8-%D8%A7%D9%84%D9%82%D8%B1%D8%A2%D9%86-%D8%A7%D9%84%D9%83%D8%B1%D9%8A%D9%85-%D9%84%D9%84%D9%86%D8%B3%D8%A7%D8%A1-%D9%85%D8%B9-%D8%A7%D9%84%D8%AA%D8%AF%D8%B1%D9%8A%D8%A8-%D8%B9%D9%84%D9%89-%D8%A3%D8%AD%D9%83%D8%A7%D9%85-%D8%A7%D9%84%D8%AA%D8%AC%D9%88%D9%8A%D8%AF
تحفيظ وتعليم القرآن الكريم,عبد الرحمن س.,0,0,Aucun avis,تعليم عن بعد,تعلم العلوم المتخصصة,"قرآن, تجويد, قران, تلاوة, تحفيظ",https://khamsat.com/training/quran/2996399-%D8%AA%D8%AD%D9%81%D9%8A%D8%B8-%D9%88%D8%AA%D8%B9%D9%84%D9%8A%D9%85-%D8%A7%D9%84%D9%82%D8%B1%D8%A2%D9%86-%D8%A7%D9%84%D9%83%D8%B1%D9%8A%D9%85
تعليم وتحفيظ القران الكريم,محمد ا.,0,0,Aucun avis,تعليم عن بعد,تعلم العلوم المتخصصة,"تصحيح, القراءة, التجويد, تحفيظ, القران",https://khamsat.com/training/quran/3662511-%D8%AA%D8%B9%D9%84%D9%8A%D9%85-%D9%88%D8%AA%D8%AD%D9%81%D9%8A%D8%B8-%D8%A7%D9%84%D9%82%D8%B1%D8%A7%D9%86-%D8%A7%D9%84%D9%83%D8%B1%D9%8A%D9%85
تعليم القرآن الكريم عن بعد للنساء والأطفال,تسنيم و.,0,0,Aucun avis,تعليم عن بعد,تعلم العلوم المتخصصة,"تعليم, تجويد, معلمة, القرآن, تحفيظ",https://khamsat.com/training/quran/3287588-%D8%AA%D8%B9%D9%84%D9%8A%D9%85-%D8%A7%D9%84%D9%82%D8%B1%D8%A2%D9%86-%D8%A7%D9%84%D9%83%D8%B1%D9%8A%D9%85-%D8%B9%D9%86-%D8%A8%D8%B9%D8%AF-%D9%84%D9%84%D9%86%D8%B3%D8%A7%D8%A1-%D9%88%D8%A7%D9%84%D8%A3%D8%B7%D9%81%D8%A7%D9%84
معلم للقرآن الكريم تصحيح تلاوة وتحفيظ,.Ahmad A,0,0,Aucun avis,تعليم عن بعد,تعلم العلوم المتخصصة,"تلاوة, أونلاين, القرآن, الكريم, تحفيظ",https://khamsat.com/training/quran/3050889-%D9%85%D8%B9%D9%84%D9%85-%D9%84%D9%84%D9%82%D8%B1%D8%A2%D9%86-%D8%A7%D9%84%D9%83%D8%B1%D9%8A%D9%85-%D8%AA%D8%B5%D8%AD%D9%8A%D8%AD-%D8%AA%D9%84%D8%A7%D9%88%D8%A9-%D9%88%D8%AA%D8%AD%D9%81%D9%8A%D8%B8
قاعدة بيانات القرآن الكريم,شحادة ب.,16,12,منذ سنة و3 أشهر,تعليم عن بعد,تعلم العلوم المتخصصة,"قرآن, بيانات, قاعدة, القرآن, الكريم, ورش, مصحف, الدوري, الشريف, حفص, المصحف, قالون",https://khamsat.com/training/quran/531931-%D9%82%D8%A7%D8%B9%D8%AF%D8%A9-%D8%A8%D9%8A%D8%A7%D9%86%D8%A7%D8%AA-%D8%A7%D9%84%D9%82%D8%B1%D8%A2%D9%86-%D8%A7%D9%84%D9%83%D8%B1%D9%8A%D9%85
تسميع قرآن للناطقين باللغه العربيه,.Geen Y,1,1,منذ 3 سنوات وشهر,تعليم عن بعد,تعلم العلوم المتخصصة,تعلم,https://khamsat.com/training/quran/2534029-%D8%AA%D8%B3%D9%85%D9%8A%D8%B9-%D9%82%D8%B1%D8%A2%D9%86-%D9%84%D9%84%D9%86%D8%A7%D8%B7%D9%82%D9%8A%D9%86-%D8%A8%D8%A7%D9%84%D9%84%D8%BA%D9%87-%D8%A7%D9%84%D8%B9%D8%B1%D8%A8%D9%8A%D9%87
الصفحة المطلوبة غير موجودة,Non trouvé,Non trouvé,Non trouvé,Aucun avis,Inconnu,Inconnu,Aucun tag,https://khamsat.com/training/quran/1757725-%D8%AA%D8%AD%D9%81%D9%8A%D8%B8-%D8%A7%D9%84%D9%82%D8%B1%D8%A2%D9%86-%D8%A7%D9%84%D9%83%D8%B1%D9%8A%D9%85-%D9%84%D9%84%D8%A3%D8%B7%D9%81%D8%A7%D9%84-%D9%88%D8%A7%D9%84%D9%83%D8%A8%D8%A7%D8%B1
معلمة قرآن كريم وتدريسه بالتجويد متفرغه لمن اراد سرد القران,اسراء ج.,3,3,منذ 3 سنوات و9 أشهر,تعليم عن بعد,تعلم العلوم المتخصصة,"تجويد, قران, كريم, عن, بعد, حفظ, مراجعه, سرد",https://khamsat.com/training/quran/1758239-%D9%85%D8%B9%D9%84%D9%85%D8%A9-%D9%82%D8%B1%D8%A2%D9%86-%D9%83%D8%B1%D9%8A%D9%85-%D9%88%D8%AA%D8%AF%D8%B1%D9%8A%D8%B3%D9%87-%D8%A8%D8%A7%D9%84%D8%AA%D8%AC%D9%88%D9%8A%D8%AF-%D9%85%D8%AA%D9%81%D8%B1%D8%BA%D9%87-%D9%84%D9%85%D9%86-%D8%A7%D8%B1%D8%A7%D8%AF-%D8%B3%D8%B1%D8%AF-%D8%A7%D9%84%D9%82%D8%B1%D8%A7%D9%86
معلمة ومحفظة قرآن للنساء فقط,.Hajar Z,1,1,منذ 4 سنوات و9 أشهر,تعليم عن بعد,تعلم العلوم المتخصصة,تدريس,https://khamsat.com/training/quran/1852223-%D9%85%D8%B9%D9%84%D9%85%D8%A9-%D9%88%D9%85%D8%AD%D9%81%D8%B8%D8%A9-%D9%82%D8%B1%D8%A2%D9%86-%D9%84%D9%84%D9%86%D8%B3%D8%A7%D8%A1-%D9%81%D9%82%D8%B7
تعلم القرآن الكريم,Non trouvé,Non trouvé,Non trouvé,Aucun avis,تعليم عن بعد,تعلم العلوم المتخصصة,Aucun tag,https://khamsat.com/training/quran/3895710-%D8%AA%D8%AD%D9%81%D9%8A%D8%B8-%D8%A2%D9%8A%D8%A7%D8%AA-%D8%A7%D9%84%D9%82%D8%B1%D8%A2%D9%86-%D8%A8%D8%AA%D9%82%D9%86%D9%8A%D8%A9-ai-%D8%AC%D8%AF%D9%8A%D8%AF%D8%A9
دورة تكوينية في صناعة فيديو موشن جرافيك كاملة,.Ibrahim A,2,2,منذ سنتين و10 أشهر,تعليم عن بعد,تعلم المهارات الرقمية,"فيديو, design, دورة, جرافيك, صناعة, motion, موشن, تكوينية",https://khamsat.com/training/learn-video-animation/2179159-%D8%AF%D9%88%D8%B1%D8%A9-%D8%AA%D9%83%D9%88%D9%8A%D9%86%D9%8A%D8%A9-%D9%81%D9%8A-%D8%B5%D9%86%D8%A7%D8%B9%D8%A9-%D9%81%D9%8A%D8%AF%D9%8A%D9%88-%D9%85%D9%88%D8%B4%D9%86-%D8%AC%D8%B1%D8%A7%D9%81%D9%8A%D9%83-%D9%83%D8%A7%D9%85%D9%84%D8%A9
تعلم والتدريب عن بعد مونتاج الفيديوهات ببرنامج أدوبي بريمير,.Ahmed S,2,0,Aucun avis,تعليم عن بعد,تعلم المهارات الرقمية,"تعلم, تدريب, مونتاج, فيديوهات, بريمير",https://khamsat.com/training/learn-video-animation/2568091-%D8%AA%D8%B9%D9%84%D9%85-%D9%88%D8%A7%D9%84%D8%AA%D8%AF%D8%B1%D9%8A%D8%A8-%D8%B9%D9%86-%D8%A8%D8%B9%D8%AF-%D9%85%D9%88%D9%86%D8%AA%D8%A7%D8%AC-%D8%A7%D9%84%D9%81%D9%8A%D8%AF%D9%8A%D9%88%D9%87%D8%A7%D8%AA-%D8%A8%D8%A8%D8%B1%D9%86%D8%A7%D9%85%D8%AC-%D8%A3%D8%AF%D9%88%D8%A8%D9%8A-%D8%A8%D8%B1%D9%8A%D9%85%D9%8A%D8%B1
دورة تعليمية على برنامج الموهو إنشاء فيلم الرسوم المتحركة,.Qusay D,0,0,Aucun avis,تعليم عن بعد,تعلم المهارات الرقمية,"رسم, تصميم, رسوم متحركة, تحريك, شخصيات كرتونية",https://khamsat.com/training/learn-video-animation/3829544-%D8%AF%D9%88%D8%B1%D8%A9-%D8%AA%D8%B9%D9%84%D9%8A%D9%85%D9%8A%D8%A9-%D8%B9%D9%84%D9%89-%D8%A8%D8%B1%D9%86%D8%A7%D9%85%D8%AC-%D8%A7%D9%84%D9%85%D9%88%D9%87%D9%88-%D8%A5%D9%86%D8%B4%D8%A7%D8%A1-%D9%81%D9%8A%D9%84%D9%85-%D8%A7%D9%84%D8%B1%D8%B3%D9%88%D9%85-%D8%A7%D9%84%D9%85%D8%AA%D8%AD%D8%B1%D9%83%D8%A9
تعليم أساسيات المونتاج بإستخدام برنامج adobe premier pro,محمد ت.,3,3,منذ 6 أشهر و25 يوم,تعليم عن بعد,تعلم المهارات الرقمية,"فيديو, مونتاج, تعليمي, مونتير, مونتاج الفيديو, المونتاج, تعديل الفيديو, مونتاج فيديوهات, مونتاج احترافي, مونتاج يوتيوب",https://khamsat.com/training/learn-video-animation/2735111-%D8%AA%D8%B9%D9%84%D9%8A%D9%85-%D8%A3%D8%B3%D8%A7%D8%B3%D9%8A%D8%A7%D8%AA-%D8%A7%D9%84%D9%85%D9%88%D9%86%D8%AA%D8%A7%D8%AC-%D8%A8%D8%A5%D8%B3%D8%AA%D8%AE%D8%AF%D8%A7%D9%85-%D8%A8%D8%B1%D9%86%D8%A7%D9%85%D8%AC-adobe-premier-pro
تعلم الفيديو والأنيميشن,Non trouvé,Non trouvé,Non trouvé,Aucun avis,تعليم عن بعد,تعلم المهارات الرقمية,Aucun tag,https://khamsat.com/training/learn-video-animation/2954257-%D8%AA%D8%B9%D9%84%D9%8A%D9%85-%D8%AA%D8%B9%D8%AF%D9%8A%D9%84-%D8%A7%D9%84%D8%A7%D9%84%D9%88%D8%A7%D9%86-%D8%A8%D8%A7%D8%B3%D8%AA%D8%AE%D8%AF%D8%A7%D9%85-%D8%A8%D8%B1%D9%86%D8%A7%D9%85%D8%AC-%D8%A7%D8%AF%D9%88%D8%A8%D9%8A-%D8%A8%D8%B1%D9%8A%D9%85%D9%8A%D8%B1-%D8%A8%D8%B1%D9%88
تعلم تصميم الفيديوهات بطريقة الوايت بورد حتى الاحتراف,.Amir E,4,2,منذ 6 أشهر و22 يوم,تعليم عن بعد,تعلم المهارات الرقمية,"تصميم, تعلم, فيديوهات, بورد, أنيميشن, وايت",https://khamsat.com/training/learn-video-animation/1995365-%D8%AA%D8%B9%D9%84%D9%85-%D8%AA%D8%B5%D9%85%D9%8A%D9%85-%D8%A7%D9%84%D9%81%D9%8A%D8%AF%D9%8A%D9%88%D9%87%D8%A7%D8%AA-%D8%A8%D8%B7%D8%B1%D9%8A%D9%82%D8%A9-%D8%A7%D9%84%D9%88%D8%A7%D9%8A%D8%AA-%D8%A8%D9%88%D8%B1%D8%AF-%D8%AD%D8%AA%D9%89-%D8%A7%D9%84%D8%A7%D8%AD%D8%AA%D8%B1%D8%A7%D9%81
تعلم الفيديو والأنيميشن,Non trouvé,Non trouvé,Non trouvé,Aucun avis,تعليم عن بعد,تعلم المهارات الرقمية,Aucun tag,https://khamsat.com/training/learn-video-animation/3447613-%D8%AF%D9%88%D8%B1%D8%A9-%D8%AC%D8%A7%D9%87%D8%B2%D8%A9-%D9%84%D8%A5%D9%86%D8%B4%D8%A7%D8%A1-%D9%81%D9%8A%D8%AF%D9%8A%D9%88%D9%87%D8%A7%D8%AA-%D8%AA%D8%B9%D9%84%D9%8A%D9%85%D9%8A%D8%A9-%D9%84%D9%84%D8%A3%D8%B7%D9%81%D8%A7%D9%84-%D8%A8%D8%A7%D8%B3%D8%AA%D8%AE%D8%AF%D8%A7%D9%85-%D8%A7%D9%84%D8%B0%D9%83%D8%A7%D8%A1-%D8%A7%D9%84%D8%A7%D8%B5%D8%B7%D9%86%D8%A7%D8%B9%D9%8A
تعليم اساسيات برنامج adobe premier,.Ibrahim A,4,5,منذ سنتين و10 أشهر,تعليم عن بعد,تعلم المهارات الرقمية,"adobe, premiere",https://khamsat.com/training/learn-video-animation/1107870-%D8%AA%D8%B9%D9%84%D9%8A%D9%85-%D8%A7%D8%B3%D8%A7%D8%B3%D9%8A%D8%A7%D8%AA-%D8%A8%D8%B1%D9%86%D8%A7%D9%85%D8%AC-adobe-premier
تعلم الفيديو والأنيميشن,Non trouvé,Non trouvé,Non trouvé,Aucun avis,تعليم عن بعد,تعلم المهارات الرقمية,Aucun tag,https://khamsat.com/training/learn-video-animation/2954374-%D8%A3%D8%B3%D8%A7%D8%B3%D9%8A%D8%A7%D8%AA-%D8%AA%D8%B5%D9%88%D9%8A%D8%B1-%D8%A7%D9%84%D9%81%D9%8A%D8%AF%D9%8A%D9%88-%D9%88-%D8%A7%D9%84%D8%AA%D8%B5%D9%88%D9%8A%D8%B1-%D8%A7%D9%84%D8%B3%D9%8A%D9%86%D9%85%D8%A7%D8%A6%D9%8A
شرح كيفية الترجمة العربية ودمجها على المقاطع والفيديو,.Fatima A,0,0,Aucun avis,تعليم عن بعد,تعلم المهارات الرقمية,"ترجمة, فيديو, شرح, pdf",https://khamsat.com/training/learn-video-animation/3778340-%D8%B4%D8%B1%D8%AD-%D9%83%D9%8A%D9%81%D9%8A%D8%A9-%D8%A7%D9%84%D8%AA%D8%B1%D8%AC%D9%85%D8%A9-%D8%A7%D9%84%D8%B9%D8%B1%D8%A8%D9%8A%D8%A9-%D9%88%D8%AF%D9%85%D8%AC%D9%87%D8%A7-%D8%B9%D9%84%D9%89-%D8%A7%D9%84%D9%85%D9%82%D8%A7%D8%B7%D8%B9-%D9%88%D8%A7%D9%84%D9%81%D9%8A%D8%AF%D9%8A%D9%88
سأعلمك إنشاء فيديوهات قصيرة ريلز شورت بالذكاء الاصطناعي,.Aya A,0,0,Aucun avis,تعليم عن بعد,تعلم المهارات الرقمية,"تصميم فيديو, ريلز, الذكاء الاصطناعي, فيديوهات قصيرة, شورتس",https://khamsat.com/training/learn-video-animation/3407754-%D8%B3%D8%A3%D8%B9%D9%84%D9%85%D9%83-%D8%A5%D9%86%D8%B4%D8%A7%D8%A1-%D9%81%D9%8A%D8%AF%D9%8A%D9%88%D9%87%D8%A7%D8%AA-%D9%82%D8%B5%D9%8A%D8%B1%D8%A9-%D8%B1%D9%8A%D9%84%D8%B2-%D8%B4%D9%88%D8%B1%D8%AA-%D8%A8%D8%A7%D9%84%D8%B0%D9%83%D8%A7%D8%A1-%D8%A7%D9%84%D8%A7%D8%B5%D8%B7%D9%86%D8%A7%D8%B9%D9%8A
تعلم اساسيات الموشن جرافيك ادوبي افترافكت,.Huda M,0,0,Aucun avis,تعليم عن بعد,تعلم المهارات الرقمية,"موشن جرافيك, موشن, الموشن, فيديو موشن, موشن غرافيك",https://khamsat.com/training/learn-video-animation/2964573-%D8%AA%D8%B9%D9%84%D9%85-%D8%A7%D8%B3%D8%A7%D8%B3%D9%8A%D8%A7%D8%AA-%D8%A7%D9%84%D9%85%D9%88%D8%B4%D9%86-%D8%AC%D8%B1%D8%A7%D9%81%D9%8A%D9%83-%D8%A7%D8%AF%D9%88%D8%A8%D9%8A-%D8%A7%D9%81%D8%AA%D8%B1%D8%A7%D9%81%D9%83%D8%AA
تعلم كيفيه إنشاء فيلم كرتوني ثلاثي الابعاد,.Soad A,0,0,Aucun avis,تعليم عن بعد,تعلم المهارات الرقمية,"تصميم, رسوم, إعلانات, قصص, إنشاء, أفلام, متحركه, الخ, وإنشاء, تفاعليه",https://khamsat.com/training/learn-video-animation/2334934-%D8%AA%D8%B9%D9%84%D9%85-%D9%83%D9%8A%D9%81%D9%8A%D9%87-%D8%A5%D9%86%D8%B4%D8%A7%D8%A1-%D9%81%D9%8A%D9%84%D9%85-%D9%83%D8%B1%D8%AA%D9%88%D9%86%D9%8A-%D8%AB%D9%84%D8%A7%D8%AB%D9%8A-%D8%A7%D9%84%D8%A7%D8%A8%D8%B9%D8%A7%D8%AF
المساعدة فى مواد الهندسة الميكانيكية,محمد ع.,1,1,منذ 7 أشهر و24 يوم,تعليم عن بعد,تعلم العلوم المتخصصة,"شرح, حل, هندسه, ميكانيكا",https://khamsat.com/training/learn-engineering/1843138-%D8%A7%D9%84%D9%85%D8%B3%D8%A7%D8%B9%D8%AF%D8%A9-%D9%81%D9%89-%D9%85%D9%88%D8%A7%D8%AF-%D8%A7%D9%84%D9%87%D9%86%D8%AF%D8%B3%D8%A9-%D8%A7%D9%84%D9%85%D9%8A%D9%83%D8%A7%D9%86%D9%8A%D9%83%D9%8A%D8%A9
شرح مواد الهندسة الكيميائية,كريم م.,3,2,منذ سنة ويوم,تعليم عن بعد,تعلم العلوم المتخصصة,"كيمياء, شرح, chemistry, هندسة كيميائية, chemical engineering",https://khamsat.com/training/learn-engineering/3012015-%D8%B4%D8%B1%D8%AD-%D9%85%D9%88%D8%A7%D8%AF-%D8%A7%D9%84%D9%87%D9%86%D8%AF%D8%B3%D8%A9-%D8%A7%D9%84%D9%83%D9%8A%D9%85%D9%8A%D8%A7%D8%A6%D9%8A%D8%A9
محاضرات وشرح هندسه إلكترونيات والاتصالات,اسماء ا.,8,6,منذ 6 أشهر و11 يوم,تعليم عن بعد,تعلم العلوم المتخصصة,"برمجة, شرح, شبكات, هندسه, واجبات",https://khamsat.com/training/learn-engineering/2970629-%D9%85%D8%AD%D8%A7%D8%B6%D8%B1%D8%A7%D8%AA-%D9%88%D8%B4%D8%B1%D8%AD-%D9%87%D9%86%D8%AF%D8%B3%D9%87-%D8%A5%D9%84%D9%83%D8%AA%D8%B1%D9%88%D9%86%D9%8A%D8%A7%D8%AA-%D9%88%D8%A7%D9%84%D8%A7%D8%AA%D8%B5%D8%A7%D9%84%D8%A7%D8%AA
محاضرات وشرح وتطبيق على برامج التصميم في هندسة الهوائيات,.Abdelkarim E,1,1,منذ سنة و4 أشهر,تعليم عن بعد,تعلم العلوم المتخصصة,"تصميم, هندسة, هندسية, شرح, برنامج",https://khamsat.com/training/learn-engineering/3129541-%D9%85%D8%AD%D8%A7%D8%B6%D8%B1%D8%A7%D8%AA-%D9%88%D8%B4%D8%B1%D8%AD-%D9%88%D8%AA%D8%B7%D8%A8%D9%8A%D9%82-%D8%B9%D9%84%D9%89-%D8%A8%D8%B1%D8%A7%D9%85%D8%AC-%D8%A7%D9%84%D8%AA%D8%B5%D9%85%D9%8A%D9%85-%D9%81%D9%8A-%D9%87%D9%86%D8%AF%D8%B3%D8%A9-%D8%A7%D9%84%D9%87%D9%88%D8%A7%D8%A6%D9%8A%D8%A7%D8%AA
تعليم برنامج AutoCAD من الصفر حتى الاحتراف,.Lubna B,2,2,منذ 7 أشهر و29 يوم,تعليم عن بعد,تعلم العلوم المتخصصة,"تعليم, designer, autocad, تصميم معماري, 2d",https://khamsat.com/training/learn-engineering/2754730-%D8%AA%D8%B9%D9%84%D9%8A%D9%85-%D8%A8%D8%B1%D9%86%D8%A7%D9%85%D8%AC-autocad-%D9%85%D9%86-%D8%A7%D9%84%D8%B5%D9%81%D8%B1-%D8%AD%D8%AA%D9%89-%D8%A7%D9%84%D8%A7%D8%AD%D8%AA%D8%B1%D8%A7%D9%81
اعداد دليل كامل عن السلامة والصحة والبيئة (HSE),حيدر ن.,5,4,منذ سنة و5 أشهر,تعليم عن بعد,تعلم العلوم المتخصصة,"شركات, استشارات, عمل, الصحة, دليل, امان, سلامة, البيئة, hse, والسلامة",https://khamsat.com/training/learn-engineering/1983831-%D8%A7%D8%B9%D8%AF%D8%A7%D8%AF-%D8%AF%D9%84%D9%8A%D9%84-%D9%83%D8%A7%D9%85%D9%84-%D8%B9%D9%86-%D8%A7%D9%84%D8%B3%D9%84%D8%A7%D9%85%D8%A9-%D9%88%D8%A7%D9%84%D8%B5%D8%AD%D8%A9-%D9%88%D8%A7%D9%84%D8%A8%D9%8A%D8%A6%D8%A9-hse
المساعدة في حل مسائل الدارات الكهربائية والإلكترونية,علي ا.,5,3,منذ سنتين و4 أشهر,تعليم عن بعد,تعلم العلوم المتخصصة,"الكترونية, كهربائية, جهد, دارات, تيار, ترانزستور, دوائر كهربائية, مقاومة",https://khamsat.com/training/learn-engineering/2452825-%D8%A7%D9%84%D9%85%D8%B3%D8%A7%D8%B9%D8%AF%D8%A9-%D9%81%D9%8A-%D8%AD%D9%84-%D9%85%D8%B3%D8%A7%D8%A6%D9%84-%D8%A7%D9%84%D8%AF%D8%A7%D8%B1%D8%A7%D8%AA-%D8%A7%D9%84%D9%83%D9%87%D8%B1%D8%A8%D8%A7%D8%A6%D9%8A%D8%A9-%D9%88%D8%A7%D9%84%D8%A5%D9%84%D9%83%D8%AA%D8%B1%D9%88%D9%86%D9%8A%D8%A9
المساعدة في الواجبات الهندسية,.Hasan J,29,17,منذ 8 أشهر و11 يوم,تعليم عن بعد,تعلم العلوم المتخصصة,"ماتلاب, شبكات, مشاريع, كهربائية, معالجة, واجبات, دارات, إحصاء, خل, إشارة",https://khamsat.com/training/learn-engineering/1882282-%D8%A7%D9%84%D9%85%D8%B3%D8%A7%D8%B9%D8%AF%D8%A9-%D9%81%D9%8A-%D8%A7%D9%84%D9%88%D8%A7%D8%AC%D8%A8%D8%A7%D8%AA-%D8%A7%D9%84%D9%87%D9%86%D8%AF%D8%B3%D9%8A%D8%A9
شروحات وحل مسائل في الهندسة الكيميائية,.Zeinab K,3,3,منذ سنتين و6 أشهر,تعليم عن بعد,تعلم العلوم المتخصصة,"هندسة, شرح, حل, شروحات, واجبات, الهندسة",https://khamsat.com/training/learn-engineering/2792864-%D8%B4%D8%B1%D9%88%D8%AD%D8%A7%D8%AA-%D9%88%D8%AD%D9%84-%D9%85%D8%B3%D8%A7%D8%A6%D9%84-%D9%81%D9%8A-%D8%A7%D9%84%D9%87%D9%86%D8%AF%D8%B3%D8%A9-%D8%A7%D9%84%D9%83%D9%8A%D9%85%D9%8A%D8%A7%D8%A6%D9%8A%D8%A9
المساعدة في واجبات هندسة الاتصالات,يزن ح.,4,4,منذ 11 شهر و7 أيام,تعليم عن بعد,تعلم العلوم المتخصصة,"ماتلاب, رياضيات, خوارزميات, معالجة إشارة, ماتلاب اتصالات",https://khamsat.com/training/learn-engineering/2386383-%D8%A7%D9%84%D9%85%D8%B3%D8%A7%D8%B9%D8%AF%D8%A9-%D9%81%D9%8A-%D9%88%D8%A7%D8%AC%D8%A8%D8%A7%D8%AA-%D9%87%D9%86%D8%AF%D8%B3%D8%A9-%D8%A7%D9%84%D8%A7%D8%AA%D8%B5%D8%A7%D9%84%D8%A7%D8%AA
شرح 3 اسئله في الهندسة الكهربية,.Mohamed K,8,7,منذ سنة و9 أشهر,تعليم عن بعد,تعلم العلوم المتخصصة,"هندسة, حل, الكترونيات, رياضة, كهرباء, هندسه, كهربا, واجبات, جبر, مغناطيس, ميكانيكا, كهربية, اردوينو, تفاضل, تكامل",https://khamsat.com/training/learn-engineering/1725414-%D8%B4%D8%B1%D8%AD-3-%D8%A7%D8%B3%D8%A6%D9%84%D9%87-%D9%81%D9%8A-%D8%A7%D9%84%D9%87%D9%86%D8%AF%D8%B3%D8%A9-%D8%A7%D9%84%D9%83%D9%87%D8%B1%D8%A8%D9%8A%D8%A9
حل وشرح جميع المواد للهندسة المدنية والرياضيات والميكانيكا,.Mohamed M,5,5,منذ سنة و9 أشهر,تعليم عن بعد,تعلم العلوم المتخصصة,"هندسة, رياضيات, حل, مسائل, المدنية",https://khamsat.com/training/learn-engineering/2742041-%D8%AD%D9%84-%D9%88%D8%B4%D8%B1%D8%AD-%D8%AC%D9%85%D9%8A%D8%B9-%D8%A7%D9%84%D9%85%D9%88%D8%A7%D8%AF-%D9%84%D9%84%D9%87%D9%86%D8%AF%D8%B3%D8%A9-%D8%A7%D9%84%D9%85%D8%AF%D9%86%D9%8A%D8%A9-%D9%88%D8%A7%D9%84%D8%B1%D9%8A%D8%A7%D8%B6%D9%8A%D8%A7%D8%AA-%D9%88%D8%A7%D9%84%D9%85%D9%8A%D9%83%D8%A7%D9%86%D9%8A%D9%83%D8%A7
شرح مواد الهندسة المعلوماتية,ميس س.,2,1,منذ سنتين و5 أشهر,تعليم عن بعد,تعلم العلوم المتخصصة,"هندسة, html, css, كمبيوتر, js, شرح, معلوماتية, محاضرات, bootstrap",https://khamsat.com/training/learn-engineering/1721421-%D8%B4%D8%B1%D8%AD-%D9%85%D9%88%D8%A7%D8%AF-%D8%A7%D9%84%D9%87%D9%86%D8%AF%D8%B3%D8%A9-%D8%A7%D9%84%D9%85%D8%B9%D9%84%D9%88%D9%85%D8%A7%D8%AA%D9%8A%D8%A9
شرح مواد الهندسة الكهربائيه,.Amina Z,10,8,منذ 9 أشهر ويوم,تعليم عن بعد,تعلم العلوم المتخصصة,"شرح, تدريب عن بعد, برمجه, تدريس",https://khamsat.com/training/learn-engineering/2440744-%D8%B4%D8%B1%D8%AD-%D9%85%D9%88%D8%A7%D8%AF-%D8%A7%D9%84%D9%87%D9%86%D8%AF%D8%B3%D8%A9-%D8%A7%D9%84%D9%83%D9%87%D8%B1%D8%A8%D8%A7%D8%A6%D9%8A%D9%87
سأساعدك في حل واجبات ومسائل الهندسة الكهربية,محمد ع.,4,4,منذ سنة و5 أشهر,تعليم عن بعد,تعلم العلوم المتخصصة,"حل, شروحات, كهرباء, electrical, واجبات",https://khamsat.com/training/learn-engineering/2763318-%D8%B3%D8%A3%D8%B3%D8%A7%D8%B9%D8%AF%D9%83-%D9%81%D9%8A-%D8%AD%D9%84-%D9%88%D8%A7%D8%AC%D8%A8%D8%A7%D8%AA-%D9%88%D9%85%D8%B3%D8%A7%D8%A6%D9%84-%D8%A7%D9%84%D9%87%D9%86%D8%AF%D8%B3%D8%A9-%D8%A7%D9%84%D9%83%D9%87%D8%B1%D8%A8%D9%8A%D8%A9
شرح وفهم جميع مواد الهندسة المدنية والتطبيق ع جميع المسائل.,شريف ا.,9,5,منذ سنة و3 أشهر,تعليم عن بعد,تعلم العلوم المتخصصة,"هندسة, شرح, جميع, مواد, الهندسة, فهم, المدنية, المسائل, concrete, الهندسه, structure, steel, والتطبيق",https://khamsat.com/training/learn-engineering/1503192-%D8%B4%D8%B1%D8%AD-%D9%88%D9%81%D9%87%D9%85-%D8%AC%D9%85%D9%8A%D8%B9-%D9%85%D9%88%D8%A7%D8%AF-%D8%A7%D9%84%D9%87%D9%86%D8%AF%D8%B3%D8%A9-%D8%A7%D9%84%D9%85%D8%AF%D9%86%D9%8A%D8%A9-%D9%88%D8%A7%D9%84%D8%AA%D8%B7%D8%A8%D9%8A%D9%82-%D8%B9-%D8%AC%D9%85%D9%8A%D8%B9-%D8%A7%D9%84%D9%85%D8%B3%D8%A7%D8%A6%D9%84
ملخص النيبوش باللغتين العربية والانجليزية الكتاب المفتوح,.Omer E,2,2,منذ سنة و7 أشهر,تعليم عن بعد,تعلم العلوم المتخصصة,"تلخيص, شرح, pdf, شهادة, نيبوش",https://khamsat.com/training/learn-engineering/2781609-%D9%85%D9%84%D8%AE%D8%B5-%D8%A7%D9%84%D9%86%D9%8A%D8%A8%D9%88%D8%B4-%D8%A8%D8%A7%D9%84%D9%84%D8%BA%D8%AA%D9%8A%D9%86-%D8%A7%D9%84%D8%B9%D8%B1%D8%A8%D9%8A%D8%A9-%D9%88%D8%A7%D9%84%D8%A7%D9%86%D8%AC%D9%84%D9%8A%D8%B2%D9%8A%D8%A9-%D8%A7%D9%84%D9%83%D8%AA%D8%A7%D8%A8-%D8%A7%D9%84%D9%85%D9%81%D8%AA%D9%88%D8%AD
حل مسائل الدائرات الكهربائية لطلاب الكليات الهندسية,علاء الدين ا.,2,1,منذ 3 سنوات و6 أشهر,تعليم عن بعد,تعلم العلوم المتخصصة,"هندسة, حل, مسائل, كهربائية, كهرباء, دارات, محاكات, مقاومات, مكثفات",https://khamsat.com/training/learn-engineering/1073215-%D8%AD%D9%84-%D9%85%D8%B3%D8%A7%D8%A6%D9%84-%D8%A7%D9%84%D8%AF%D8%A7%D8%A6%D8%B1%D8%A7%D8%AA-%D8%A7%D9%84%D9%83%D9%87%D8%B1%D8%A8%D8%A7%D8%A6%D9%8A%D8%A9-%D9%84%D8%B7%D9%84%D8%A7%D8%A8-%D8%A7%D9%84%D9%83%D9%84%D9%8A%D8%A7%D8%AA-%D8%A7%D9%84%D9%87%D9%86%D8%AF%D8%B3%D9%8A%D8%A9
شروحات بمواد هندسة الحاسبات والمعلوماتية,.Lujain M,2,1,منذ سنة و7 أشهر,تعليم عن بعد,تعلم العلوم المتخصصة,"python, ai, data analysis, machine learning, power bi",https://khamsat.com/training/learn-engineering/2743304-%D8%B4%D8%B1%D9%88%D8%AD%D8%A7%D8%AA-%D8%A8%D9%85%D9%88%D8%A7%D8%AF-%D9%87%D9%86%D8%AF%D8%B3%D8%A9-%D8%A7%D9%84%D8%AD%D8%A7%D8%B3%D8%A8%D8%A7%D8%AA-%D9%88%D8%A7%D9%84%D9%85%D8%B9%D9%84%D9%88%D9%85%D8%A7%D8%AA%D9%8A%D8%A9
مساعدة في حل أسئلة في مجال هندسة الاتصالات,.Amira A,7,6,منذ 3 سنوات و7 أشهر,تعليم عن بعد,تعلم العلوم المتخصصة,"اتصالات, هندسه, أسئلة, communication, modulation",https://khamsat.com/training/learn-engineering/1601782-%D9%85%D8%B3%D8%A7%D8%B9%D8%AF%D8%A9-%D9%81%D9%8A-%D8%AD%D9%84-%D8%A3%D8%B3%D8%A6%D9%84%D8%A9-%D9%81%D9%8A-%D9%85%D8%AC%D8%A7%D9%84-%D9%87%D9%86%D8%AF%D8%B3%D8%A9-%D8%A7%D9%84%D8%A7%D8%AA%D8%B5%D8%A7%D9%84%D8%A7%D8%AA
تلخيص مادة تصميم المنطق الرقمي - DIGITAL LOGIC DESIGN,عبد السلام ا.,6,4,منذ سنتين و4 أشهر,تعليم عن بعد,تعلم العلوم المتخصصة,"شرح, digital, logic, لوجيك, تصميم المنطق الرقمي",https://khamsat.com/training/learn-engineering/2698903-%D8%AA%D9%84%D8%AE%D9%8A%D8%B5-%D9%85%D8%A7%D8%AF%D8%A9-%D8%AA%D8%B5%D9%85%D9%8A%D9%85-%D8%A7%D9%84%D9%85%D9%86%D8%B7%D9%82-%D8%A7%D9%84%D8%B1%D9%82%D9%85%D9%8A-digital-logic-design
المساعدة في مشاريع الشبكات وأمن الشبكات وتطبيقاته,.Tariq K,3,3,منذ سنة و3 أشهر,تعليم عن بعد,تعلم العلوم المتخصصة,"شبكات, network, راوتر, security, أمن, database, cyber, iot, ملومات, بروتكول",https://khamsat.com/training/learn-engineering/2806018-%D8%A7%D9%84%D9%85%D8%B3%D8%A7%D8%B9%D8%AF%D8%A9-%D9%81%D9%8A-%D9%85%D8%B4%D8%A7%D8%B1%D9%8A%D8%B9-%D8%A7%D9%84%D8%B4%D8%A8%D9%83%D8%A7%D8%AA-%D9%88%D8%A3%D9%85%D9%86-%D8%A7%D9%84%D8%B4%D8%A8%D9%83%D8%A7%D8%AA-%D9%88%D8%AA%D8%B7%D8%A8%D9%8A%D9%82%D8%A7%D8%AA%D9%87
شرح اي درس أو موضوع في الهندسة الإنشائية,خالد ق.,1,1,منذ 4 سنوات وشهرين,تعليم عن بعد,تعلم العلوم المتخصصة,"تحليل, انشائي, analysis, structure",https://khamsat.com/training/learn-engineering/2056681-%D8%B4%D8%B1%D8%AD-%D8%A7%D9%8A-%D8%AF%D8%B1%D8%B3-%D8%A3%D9%88-%D9%85%D9%88%D8%B6%D9%88%D8%B9-%D9%81%D9%8A-%D8%A7%D9%84%D9%87%D9%86%D8%AF%D8%B3%D8%A9-%D8%A7%D9%84%D8%A5%D9%86%D8%B4%D8%A7%D8%A6%D9%8A%D8%A9
تدريب على التصميم باستخدام سوليدووركس,مرهف ع.,0,0,Aucun avis,تعليم عن بعد,تعلم العلوم المتخصصة,"تصميم, solidworks, سوليدووركس, solidwork, سوليدوركس",https://khamsat.com/training/learn-engineering/3313204-%D8%AA%D8%AF%D8%B1%D9%8A%D8%A8-%D8%B9%D9%84%D9%89-%D8%A7%D9%84%D8%AA%D8%B5%D9%85%D9%8A%D9%85-%D8%A8%D8%A7%D8%B3%D8%AA%D8%AE%D8%AF%D8%A7%D9%85-%D8%B3%D9%88%D9%84%D9%8A%D8%AF%D9%88%D9%88%D8%B1%D9%83%D8%B3
رسم وتصميم دوائر التمديدات الكهربائية,.Mujahid A,0,0,Aucun avis,تعليم عن بعد,تعلم العلوم المتخصصة,"شروحات, هندسة كهربائية, تصميم دوائر كهربائية, تنفيذ تمارين عملية, رسم الدوائر الكهربائية",https://khamsat.com/training/learn-engineering/3893361-%D8%B1%D8%B3%D9%85-%D9%88%D8%AA%D8%B5%D9%85%D9%8A%D9%85-%D8%AF%D9%88%D8%A7%D8%A6%D8%B1-%D8%A7%D9%84%D8%AA%D9%85%D8%AF%D9%8A%D8%AF%D8%A7%D8%AA-%D8%A7%D9%84%D9%83%D9%87%D8%B1%D8%A8%D8%A7%D8%A6%D9%8A%D8%A9
المساعدة وشرح واجبات ومشاريع كلية الهندسة,.Ahmed A,7,5,منذ 5 سنوات و3 أشهر,تعليم عن بعد,تعلم العلوم المتخصصة,"الكترونيات, كهرباء, واجبات, الهندسة, ميكاترونكس",https://khamsat.com/training/learn-engineering/1510047-%D8%A7%D9%84%D9%85%D8%B3%D8%A7%D8%B9%D8%AF%D8%A9-%D9%88%D8%B4%D8%B1%D8%AD-%D9%88%D8%A7%D8%AC%D8%A8%D8%A7%D8%AA-%D9%88%D9%85%D8%B4%D8%A7%D8%B1%D9%8A%D8%B9-%D9%83%D9%84%D9%8A%D8%A9-%D8%A7%D9%84%D9%87%D9%86%D8%AF%D8%B3%D8%A9
المساعدة في فهم وحل المسائل في الهندسة الكهربائية,.Sara S,8,4,منذ 5 سنوات و4 أشهر,تعليم عن بعد,تعلم العلوم المتخصصة,"شرح, كهرباء, تدريس",https://khamsat.com/training/learn-engineering/1449745-%D8%A7%D9%84%D9%85%D8%B3%D8%A7%D8%B9%D8%AF%D8%A9-%D9%81%D9%8A-%D9%81%D9%87%D9%85-%D9%88%D8%AD%D9%84-%D8%A7%D9%84%D9%85%D8%B3%D8%A7%D8%A6%D9%84-%D9%81%D9%8A-%D8%A7%D9%84%D9%87%D9%86%D8%AF%D8%B3%D8%A9-%D8%A7%D9%84%D9%83%D9%87%D8%B1%D8%A8%D8%A7%D8%A6%D9%8A%D8%A9
دعم فنى نظم المعلومات الجغرافيه  GIS,.Mohamed M,0,0,Aucun avis,تعليم عن بعد,تعلم العلوم المتخصصة,"دعم فني, arcgis, maps, erdas",https://khamsat.com/training/learn-engineering/3057743-%D8%AF%D8%B9%D9%85-%D9%81%D9%86%D9%89-%D9%86%D8%B8%D9%85-%D8%A7%D9%84%D9%85%D8%B9%D9%84%D9%88%D9%85%D8%A7%D8%AA-%D8%A7%D9%84%D8%AC%D8%BA%D8%B1%D8%A7%D9%81%D9%8A%D9%87-gis
شروحات تعليمية في مقررات الهندسات الكهربائية والإلكترونية,مجد ع.,0,0,Aucun avis,تعليم عن بعد,تعلم العلوم المتخصصة,"تلخيص, وورد, الكترونية, تقارير, كهربائية, تعليمي, محاضرات, صوتيات, دارات, أكاديمي",https://khamsat.com/training/learn-engineering/2576293-%D8%B4%D8%B1%D9%88%D8%AD%D8%A7%D8%AA-%D8%AA%D8%B9%D9%84%D9%8A%D9%85%D9%8A%D8%A9-%D9%81%D9%8A-%D9%85%D9%82%D8%B1%D8%B1%D8%A7%D8%AA-%D8%A7%D9%84%D9%87%D9%86%D8%AF%D8%B3%D8%A7%D8%AA-%D8%A7%D9%84%D9%83%D9%87%D8%B1%D8%A8%D8%A7%D8%A6%D9%8A%D8%A9-%D9%88%D8%A7%D9%84%D8%A5%D9%84%D9%83%D8%AA%D8%B1%D9%88%D9%86%D9%8A%D8%A9
تلخيص مادة الكترونيات 1 لطلاب الهندسة - ‏ELECTRONIC DEVICES,عبد السلام ا.,5,4,منذ سنتين و4 أشهر,تعليم عن بعد,تعلم العلوم المتخصصة,"شرح, مادة, ملخص, حل واجب, تلخيص مادة",https://khamsat.com/training/learn-engineering/2404890-%D8%AA%D9%84%D8%AE%D9%8A%D8%B5-%D9%85%D8%A7%D8%AF%D8%A9-%D8%A7%D9%84%D9%83%D8%AA%D8%B1%D9%88%D9%86%D9%8A%D8%A7%D8%AA-1-%D9%84%D8%B7%D9%84%D8%A7%D8%A8-%D8%A7%D9%84%D9%87%D9%86%D8%AF%D8%B3%D8%A9-electronic-devices
حل وشرح جميع مواد الهندسة الكيميائية وكيمياء الثانوية العامة,.Mohamed M,0,0,Aucun avis,تعليم عن بعد,تعلم العلوم المتخصصة,"هندسة, كيمياء, شرح, حل, كيميائية",https://khamsat.com/training/learn-engineering/2860807-%D8%AD%D9%84-%D9%88%D8%B4%D8%B1%D8%AD-%D8%AC%D9%85%D9%8A%D8%B9-%D9%85%D9%88%D8%A7%D8%AF-%D8%A7%D9%84%D9%87%D9%86%D8%AF%D8%B3%D8%A9-%D8%A7%D9%84%D9%83%D9%8A%D9%85%D9%8A%D8%A7%D8%A6%D9%8A%D8%A9-%D9%88%D9%83%D9%8A%D9%85%D9%8A%D8%A7%D8%A1-%D8%A7%D9%84%D8%AB%D8%A7%D9%86%D9%88%D9%8A%D8%A9-%D8%A7%D9%84%D8%B9%D8%A7%D9%85%D8%A9
شرح درس من مادة في الهندسة الميكانيكية مقابل 5$,.Rahaf A,0,0,Aucun avis,تعليم عن بعد,تعلم العلوم المتخصصة,"رسم, هندسة, مسائل, هندسي, ميكانيك",https://khamsat.com/training/learn-engineering/1714645-%D8%B4%D8%B1%D8%AD-%D8%AF%D8%B1%D8%B3-%D9%85%D9%86-%D9%85%D8%A7%D8%AF%D8%A9-%D9%81%D9%8A-%D8%A7%D9%84%D9%87%D9%86%D8%AF%D8%B3%D8%A9-%D8%A7%D9%84%D9%85%D9%8A%D9%83%D8%A7%D9%86%D9%8A%D9%83%D9%8A%D8%A9-%D9%85%D9%82%D8%A7%D8%A8%D9%84-5
المساعدة في حل المسائل الرياضية والواجبات الهندسية بماتلاب,.Abdulhamid T,1,1,منذ 4 سنوات و5 أشهر,تعليم عن بعد,تعلم العلوم المتخصصة,"رسم, matlab, ماتلاب, رياضية, gui",https://khamsat.com/training/learn-engineering/1981700-%D8%A7%D9%84%D9%85%D8%B3%D8%A7%D8%B9%D8%AF%D8%A9-%D9%81%D9%8A-%D8%AD%D9%84-%D8%A7%D9%84%D9%85%D8%B3%D8%A7%D8%A6%D9%84-%D8%A7%D9%84%D8%B1%D9%8A%D8%A7%D8%B6%D9%8A%D8%A9-%D9%88%D8%A7%D9%84%D9%88%D8%A7%D8%AC%D8%A8%D8%A7%D8%AA-%D8%A7%D9%84%D9%87%D9%86%D8%AF%D8%B3%D9%8A%D8%A9-%D8%A8%D9%85%D8%A7%D8%AA%D9%84%D8%A7%D8%A8
كتابة أبحاث وتقارير أكاديمية في مجال هندسة الاتصالات,.Tariq K,3,2,منذ سنتين و6 أشهر,تعليم عن بعد,تعلم العلوم المتخصصة,"برمجة, كتابة, وورد, اتصالات, word, تنسيق, تقرير, تقديمية, البحث العلمي, ذكاء اصطناعي",https://khamsat.com/training/learn-engineering/2006218-%D9%83%D8%AA%D8%A7%D8%A8%D8%A9-%D8%A3%D8%A8%D8%AD%D8%A7%D8%AB-%D9%88%D8%AA%D9%82%D8%A7%D8%B1%D9%8A%D8%B1-%D8%A3%D9%83%D8%A7%D8%AF%D9%8A%D9%85%D9%8A%D8%A9-%D9%81%D9%8A-%D9%85%D8%AC%D8%A7%D9%84-%D9%87%D9%86%D8%AF%D8%B3%D8%A9-%D8%A7%D9%84%D8%A7%D8%AA%D8%B5%D8%A7%D9%84%D8%A7%D8%AA
تعليم الرسم الهندسي بواسطةبرنامج الاوتكاد للدارسين والمهتمين,محمد ا.,1,1,منذ 3 سنوات و8 أشهر,تعليم عن بعد,تعلم العلوم المتخصصة,Aucun tag,https://khamsat.com/training/learn-engineering/2103531-%D8%AA%D8%B9%D9%84%D9%8A%D9%85-%D8%A7%D9%84%D8%B1%D8%B3%D9%85-%D8%A7%D9%84%D9%87%D9%86%D8%AF%D8%B3%D9%8A-%D8%A8%D9%88%D8%A7%D8%B3%D8%B7%D8%A9%D8%A8%D8%B1%D9%86%D8%A7%D9%85%D8%AC-%D8%A7%D9%84%D8%A7%D9%88%D8%AA%D9%83%D8%A7%D8%AF-%D9%84%D9%84%D8%AF%D8%A7%D8%B1%D8%B3%D9%8A%D9%86-%D9%88%D8%A7%D9%84%D9%85%D9%87%D8%AA%D9%85%D9%8A%D9%86
دروس خصوصية ميكانيكا الموائع والالات الهيروليكية,.Yazan A,0,0,Aucun avis,تعليم عن بعد,تعلم العلوم المتخصصة,"ميكانيكا الموائع, هايدروليك, الآلات الهيدروليكية, fluids mechanics, hydraulic machine",https://khamsat.com/training/learn-engineering/2381750-%D8%AF%D8%B1%D9%88%D8%B3-%D8%AE%D8%B5%D9%88%D8%B5%D9%8A%D8%A9-%D9%85%D9%8A%D9%83%D8%A7%D9%86%D9%8A%D9%83%D8%A7-%D8%A7%D9%84%D9%85%D9%88%D8%A7%D8%A6%D8%B9-%D9%88%D8%A7%D9%84%D8%A7%D9%84%D8%A7%D8%AA-%D8%A7%D9%84%D9%87%D9%8A%D8%B1%D9%88%D9%84%D9%8A%D9%83%D9%8A%D8%A9
تدريس وشرح مسائل كنترول وماتلاب,محمد ا.,0,0,Aucun avis,تعليم عن بعد,تعلم العلوم المتخصصة,"تصميم, هندسة, دروس, شرح, حل, كهرباء, فيزياء, math",https://khamsat.com/training/learn-engineering/2811044-%D8%AA%D8%AF%D8%B1%D9%8A%D8%B3-%D9%88%D8%B4%D8%B1%D8%AD-%D9%85%D8%B3%D8%A7%D8%A6%D9%84-%D9%83%D9%86%D8%AA%D8%B1%D9%88%D9%84-%D9%88%D9%85%D8%A7%D8%AA%D9%84%D8%A7%D8%A8
شرح مواد الهندسة الكهربائية Electrical Engineering Courses,أحمد م.,4,4,منذ 6 أشهر و27 يوم,تعليم عن بعد,تعلم العلوم المتخصصة,"هندسة, شرح, تدريب عن بعد, تدريس, المسائل",https://khamsat.com/training/learn-engineering/3433300-%D8%B4%D8%B1%D8%AD-%D9%85%D9%88%D8%A7%D8%AF-%D8%A7%D9%84%D9%87%D9%86%D8%AF%D8%B3%D8%A9-%D8%A7%D9%84%D9%83%D9%87%D8%B1%D8%A8%D8%A7%D8%A6%D9%8A%D8%A9-electrical-engineering-courses
تدريس الكترونكس وحل مسائل للدوائر الالكترونيه,محمد ا.,0,0,Aucun avis,تعليم عن بعد,تعلم العلوم المتخصصة,"هندسة, دروس, شرح, الرياضيات, حل, مسائل, كهرباء, فيزياء, physics, math",https://khamsat.com/training/learn-engineering/2809655-%D8%AA%D8%AF%D8%B1%D9%8A%D8%B3-%D8%A7%D9%84%D9%83%D8%AA%D8%B1%D9%88%D9%86%D9%83%D8%B3-%D9%88%D8%AD%D9%84-%D9%85%D8%B3%D8%A7%D8%A6%D9%84-%D9%84%D9%84%D8%AF%D9%88%D8%A7%D8%A6%D8%B1-%D8%A7%D9%84%D8%A7%D9%84%D9%83%D8%AA%D8%B1%D9%88%D9%86%D9%8A%D9%87
محاضرات في برنامج الأوتوكاد والريفيت,وليد ن.,0,0,Aucun avis,تعليم عن بعد,تعلم العلوم المتخصصة,"رسم, تصميم, ثلاثي, أوتوكاد, autocad, ريفيت, تصميم معماري, 2d, الاوتوكاد, رسومات هندسية",https://khamsat.com/training/learn-engineering/2777430-%D9%85%D8%AD%D8%A7%D8%B6%D8%B1%D8%A7%D8%AA-%D9%81%D9%8A-%D8%A8%D8%B1%D9%86%D8%A7%D9%85%D8%AC-%D8%A7%D9%84%D8%A3%D9%88%D8%AA%D9%88%D9%83%D8%A7%D8%AF-%D9%88%D8%A7%D9%84%D8%B1%D9%8A%D9%81%D9%8A%D8%AA
حل المسائل التي تتعلق بالكهرباء والالكترونيات,.Mohammad Baher K,4,4,منذ سنتين و8 أشهر,تعليم عن بعد,تعلم العلوم المتخصصة,"حلول, شرح, مسائل, كهرباء, واجبات",https://khamsat.com/training/learn-engineering/1759700-%D8%AD%D9%84-%D8%A7%D9%84%D9%85%D8%B3%D8%A7%D8%A6%D9%84-%D8%A7%D9%84%D8%AA%D9%8A-%D8%AA%D8%AA%D8%B9%D9%84%D9%82-%D8%A8%D8%A7%D9%84%D9%83%D9%87%D8%B1%D8%A8%D8%A7%D8%A1-%D9%88%D8%A7%D9%84%D8%A7%D9%84%D9%83%D8%AA%D8%B1%D9%88%D9%86%D9%8A%D8%A7%D8%AA
شرح تفصيلي بالصور لمراحل تنفيذ لمشروع إنشائي A to Z,.Haitham I,0,0,Aucun avis,تعليم عن بعد,تعلم العلوم المتخصصة,"مشاريع, اوتوكاد, انشائي, رسومات هندسية, مخططات معمارية",https://khamsat.com/training/learn-engineering/3758568-%D8%B4%D8%B1%D8%AD-%D8%AA%D9%81%D8%B5%D9%8A%D9%84%D9%8A-%D8%A8%D8%A7%D9%84%D8%B5%D9%88%D8%B1-%D9%84%D9%85%D8%B1%D8%A7%D8%AD%D9%84-%D8%AA%D9%86%D9%81%D9%8A%D8%B0-%D9%84%D9%85%D8%B4%D8%B1%D9%88%D8%B9-%D8%A5%D9%86%D8%B4%D8%A7%D8%A6%D9%8A-a-to-z
تعليم برامج هندسية أوتوكاد و ريڤيت إنشائي,.Dalia Y,0,0,Aucun avis,تعليم عن بعد,تعلم العلوم المتخصصة,"هندسي, autocad, اوتوكاد, مدني, إنشائي",https://khamsat.com/training/learn-engineering/3149572-%D8%AA%D8%B9%D9%84%D9%8A%D9%85-%D8%A8%D8%B1%D8%A7%D9%85%D8%AC-%D9%87%D9%86%D8%AF%D8%B3%D9%8A%D8%A9-%D8%A3%D9%88%D8%AA%D9%88%D9%83%D8%A7%D8%AF-%D9%88-%D8%B1%D9%8A%D9%8A%D8%AA-%D8%A5%D9%86%D8%B4%D8%A7%D8%A6%D9%8A
حل وشرح واجبات هندسية (استاتيكا – دوائر – رياضيات) باحتراف,اسد الدين ا.,3,2,منذ شهرين و8 أيام,تعليم عن بعد,تعلم العلوم المتخصصة,"هندسة, رياضيات, دوائر, حل واجبات, ميكانيك",https://khamsat.com/training/learn-engineering/3541526-%D8%AD%D9%84-%D9%88%D8%B4%D8%B1%D8%AD-%D9%88%D8%A7%D8%AC%D8%A8%D8%A7%D8%AA-%D9%87%D9%86%D8%AF%D8%B3%D9%8A%D8%A9-%D8%A7%D8%B3%D8%AA%D8%A7%D8%AA%D9%8A%D9%83%D8%A7-%D8%AF%D9%88%D8%A7%D8%A6%D8%B1-%D8%B1%D9%8A%D8%A7%D8%B6%D9%8A%D8%A7%D8%AA-%D8%A8%D8%A7%D8%AD%D8%AA%D8%B1%D8%A7%D9%81
المساعدة في شرح مفاهيم خاصّة بهندسة الاتصالات والالكترونيات,.Sarah K,6,6,منذ 4 سنوات و4 أشهر,تعليم عن بعد,تعلم العلوم المتخصصة,"هندسة, شرح, تدريب, اتصالات, الكترونيات",https://khamsat.com/training/learn-engineering/1686222-%D8%A7%D9%84%D9%85%D8%B3%D8%A7%D8%B9%D8%AF%D8%A9-%D9%81%D9%8A-%D8%B4%D8%B1%D8%AD-%D9%85%D9%81%D8%A7%D9%87%D9%8A%D9%85-%D8%AE%D8%A7%D8%B5%D8%A9-%D8%A8%D9%87%D9%86%D8%AF%D8%B3%D8%A9-%D8%A7%D9%84%D8%A7%D8%AA%D8%B5%D8%A7%D9%84%D8%A7%D8%AA-%D9%88%D8%A7%D9%84%D8%A7%D9%84%D9%83%D8%AA%D8%B1%D9%88%D9%86%D9%8A%D8%A7%D8%AA
الصفحة المطلوبة غير موجودة,Non trouvé,Non trouvé,Non trouvé,Aucun avis,Inconnu,Inconnu,Aucun tag,https://khamsat.com/training/learn-engineering/2038607-%D8%B4%D8%B1%D8%AD-%D9%88%D8%AD%D9%84%D9%88%D9%84-%D9%84%D9%83%D9%84-%D9%85%D8%A7-%D9%8A%D8%AE%D8%B5-%D9%85%D9%88%D8%A7%D8%AF-%D9%87%D9%86%D8%AF%D8%B3%D8%A9-%D8%A7%D9%84%D8%A7%D8%AA%D8%B5%D8%A7%D9%84%D8%A7%D8%AA-%D9%88%D8%A7%D9%84%D9%83%D9%87%D8%B1%D8%A8%D8%A7%D8%A1-%D9%88%D8%A7%D9%84%D8%A8%D8%B1%D9%85%D8%AC%D8%A9
دورة لشرح أساسيات برنامج اوتوكاد للرسم الهندسي,.Omar K,0,0,Aucun avis,تعليم عن بعد,تعلم العلوم المتخصصة,"رسم, تصميم, معماري, autocad, اوتوكاد",https://khamsat.com/training/learn-engineering/3629525-%D8%AF%D9%88%D8%B1%D8%A9-%D9%84%D8%B4%D8%B1%D8%AD-%D8%A3%D8%B3%D8%A7%D8%B3%D9%8A%D8%A7%D8%AA-%D8%A8%D8%B1%D9%86%D8%A7%D9%85%D8%AC-%D8%A7%D9%88%D8%AA%D9%88%D9%83%D8%A7%D8%AF-%D9%84%D9%84%D8%B1%D8%B3%D9%85-%D8%A7%D9%84%D9%87%D9%86%D8%AF%D8%B3%D9%8A
شروحات هندسية,Non trouvé,Non trouvé,Non trouvé,Aucun avis,تعليم عن بعد,تعلم العلوم المتخصصة,Aucun tag,https://khamsat.com/training/learn-engineering/3784639-%D8%AF%D9%84%D9%8A%D9%84-%D8%A7%D9%84%D9%85%D9%82%D8%A7%D9%88%D9%84-%D8%A7%D9%84%D9%86%D8%A7%D8%AC%D8%AD-%D9%83%D8%AA%D8%A7%D8%A8-%D8%B1%D9%82%D9%85%D9%8A
حل واجبات ومسائل هندسية,سيف م.,8,6,منذ 6 سنوات وشهر,تعليم عن بعد,تعلم العلوم المتخصصة,"هندسة, حلول, problem, مسائل, solution, واجبات, ميكانيك, engineering, solve, cfd",https://khamsat.com/training/learn-engineering/1148586-%D8%AD%D9%84-%D9%88%D8%A7%D8%AC%D8%A8%D8%A7%D8%AA-%D9%88%D9%85%D8%B3%D8%A7%D8%A6%D9%84-%D9%87%D9%86%D8%AF%D8%B3%D9%8A%D8%A9
المساعدة في حل وتلخيص مادة تصميم منطقي  logic design,.Abdalrhman E,0,0,Aucun avis,تعليم عن بعد,تعلم العلوم المتخصصة,"شرح, الكترونيات, الالكترونية, واجبات, proteus",https://khamsat.com/training/learn-engineering/3773350-%D8%A7%D9%84%D9%85%D8%B3%D8%A7%D8%B9%D8%AF%D8%A9-%D9%81%D9%8A-%D8%AD%D9%84-%D9%88%D8%AA%D9%84%D8%AE%D9%8A%D8%B5-%D9%85%D8%A7%D8%AF%D8%A9-%D8%AA%D8%B5%D9%85%D9%8A%D9%85-%D9%85%D9%86%D8%B7%D9%82%D9%8A-logic-design
شرح مواد قسم هندسة الاتصالات,.Mohab E,0,0,Aucun avis,تعليم عن بعد,تعلم العلوم المتخصصة,"برمجة, هندسة, رياضيات, اتصالات, كهربية",https://khamsat.com/training/learn-engineering/3145245-%D8%B4%D8%B1%D8%AD-%D9%85%D9%88%D8%A7%D8%AF-%D9%82%D8%B3%D9%85-%D9%87%D9%86%D8%AF%D8%B3%D8%A9-%D8%A7%D9%84%D8%A7%D8%AA%D8%B5%D8%A7%D9%84%D8%A7%D8%AA
شرح وحل مادة اللوجيك لطلاب كلية الهندسة Fundamental of Digit,.Nada N,0,0,Aucun avis,تعليم عن بعد,تعلم العلوم المتخصصة,"تصميم, رقمي, gate, logic, fundumental",https://khamsat.com/training/learn-engineering/2074280-%D8%B4%D8%B1%D8%AD-%D9%88%D8%AD%D9%84-%D9%85%D8%A7%D8%AF%D8%A9-%D8%A7%D9%84%D9%84%D9%88%D8%AC%D9%8A%D9%83-%D9%84%D8%B7%D9%84%D8%A7%D8%A8-%D9%83%D9%84%D9%8A%D8%A9-%D8%A7%D9%84%D9%87%D9%86%D8%AF%D8%B3%D8%A9-fundamental-of-digit
شرح مواد كلية الهندسة قسم الهندسة الكهربية,.Khaled M,4,3,منذ 3 سنوات وشهرين,تعليم عن بعد,تعلم العلوم المتخصصة,Aucun tag,https://khamsat.com/training/learn-engineering/2013691-%D8%B4%D8%B1%D8%AD-%D9%85%D9%88%D8%A7%D8%AF-%D9%83%D9%84%D9%8A%D8%A9-%D8%A7%D9%84%D9%87%D9%86%D8%AF%D8%B3%D8%A9-%D9%82%D8%B3%D9%85-%D8%A7%D9%84%D9%87%D9%86%D8%AF%D8%B3%D8%A9-%D8%A7%D9%84%D9%83%D9%87%D8%B1%D8%A8%D9%8A%D8%A9
استشارات الهندسة الميكانيكية,.Abdallah Z,2,1,منذ 4 سنوات و6 أشهر,تعليم عن بعد,تعلم العلوم المتخصصة,"هندسة, استشارات, ميكانيكية",https://khamsat.com/training/learn-engineering/1662542-%D8%A7%D8%B3%D8%AA%D8%B4%D8%A7%D8%B1%D8%A7%D8%AA-%D8%A7%D9%84%D9%87%D9%86%D8%AF%D8%B3%D8%A9-%D8%A7%D9%84%D9%85%D9%8A%D9%83%D8%A7%D9%86%D9%8A%D9%83%D9%8A%D8%A9
دورة أساسيات التصميم الداخلي والديكور للمبتدئين من الصفر,أميرة ع.,0,0,Aucun avis,تعليم عن بعد,تعلم العلوم المتخصصة,"تصميم, هندسة, design, تصميم داخلي, تصميم ديكور",https://khamsat.com/training/learn-engineering/2818911-%D8%AF%D9%88%D8%B1%D8%A9-%D8%A3%D8%B3%D8%A7%D8%B3%D9%8A%D8%A7%D8%AA-%D8%A7%D9%84%D8%AA%D8%B5%D9%85%D9%8A%D9%85-%D8%A7%D9%84%D8%AF%D8%A7%D8%AE%D9%84%D9%8A-%D9%88%D8%A7%D9%84%D8%AF%D9%8A%D9%83%D9%88%D8%B1-%D9%84%D9%84%D9%85%D8%A8%D8%AA%D8%AF%D8%A6%D9%8A%D9%86-%D9%85%D9%86-%D8%A7%D9%84%D8%B5%D9%81%D8%B1
مساعدة في فهم و تبسيط واجبات الهندسة المعلوماتية,ياسر ا.,0,0,Aucun avis,تعليم عن بعد,تعلم العلوم المتخصصة,"matlab, python, اختبار, امتحان, واجب",https://khamsat.com/training/learn-engineering/1794332-%D9%85%D8%B3%D8%A7%D8%B9%D8%AF%D8%A9-%D9%81%D9%8A-%D9%81%D9%87%D9%85-%D9%88-%D8%AA%D8%A8%D8%B3%D9%8A%D8%B7-%D9%88%D8%A7%D8%AC%D8%A8%D8%A7%D8%AA-%D8%A7%D9%84%D9%87%D9%86%D8%AF%D8%B3%D8%A9-%D8%A7%D9%84%D9%85%D8%B9%D9%84%D9%88%D9%85%D8%A7%D8%AA%D9%8A%D8%A9
شرح وحل جميع مقررات هندسة الاتصالات والالكترونيات,.Alaa N,15,12,منذ 3 سنوات و3 أشهر,تعليم عن بعد,تعلم العلوم المتخصصة,"هندسة, design, دوائر, الاتصالات, digital, view, كهربية, ic, proteus, lab, multisim, logic, والالكترونيات",https://khamsat.com/training/learn-engineering/1575555-%D8%B4%D8%B1%D8%AD-%D9%88%D8%AD%D9%84-%D8%AC%D9%85%D9%8A%D8%B9-%D9%85%D9%82%D8%B1%D8%B1%D8%A7%D8%AA-%D9%87%D9%86%D8%AF%D8%B3%D8%A9-%D8%A7%D9%84%D8%A7%D8%AA%D8%B5%D8%A7%D9%84%D8%A7%D8%AA-%D9%88%D8%A7%D9%84%D8%A7%D9%84%D9%83%D8%AA%D8%B1%D9%88%D9%86%D9%8A%D8%A7%D8%AA
شرح ومساعدة في الهندسة الالكترونية,.Ahmed F,0,0,Aucun avis,تعليم عن بعد,تعلم العلوم المتخصصة,"هندسة, تحكم, الكترونيه, avr, arduino, embedded, systems, bascom, proteus, atmega",https://khamsat.com/training/learn-engineering/1797385-%D8%B4%D8%B1%D8%AD-%D9%88%D9%85%D8%B3%D8%A7%D8%B9%D8%AF%D8%A9-%D9%81%D9%8A-%D8%A7%D9%84%D9%87%D9%86%D8%AF%D8%B3%D8%A9-%D8%A7%D9%84%D8%A7%D9%84%D9%83%D8%AA%D8%B1%D9%88%D9%86%D9%8A%D8%A9
شرح وتبسيط مواد الصيدلة والعقاقير الطبية,.Reem E,4,3,منذ 4 أشهر و21 يوم,تعليم عن بعد,تعلم العلوم المتخصصة,"شرح, صيدلة, تعليم عن بعد, أدوية, فارماكولوجي",https://khamsat.com/training/medicine-tutoring/2765628-%D8%B4%D8%B1%D8%AD-%D9%88%D8%AA%D8%A8%D8%B3%D9%8A%D8%B7-%D9%85%D9%88%D8%A7%D8%AF-%D8%A7%D9%84%D8%B5%D9%8A%D8%AF%D9%84%D8%A9-%D9%88%D8%A7%D9%84%D8%B9%D9%82%D8%A7%D9%82%D9%8A%D8%B1-%D8%A7%D9%84%D8%B7%D8%A8%D9%8A%D8%A9
شرح المواد الطبية بطريقة مبسطة,.Maha S,5,4,منذ سنة و10 أشهر,تعليم عن بعد,تعلم العلوم المتخصصة,"تعليم, شرح, طب, طبية, الطبيه الصيدله الصيدلة",https://khamsat.com/training/medicine-tutoring/2532189-%D8%B4%D8%B1%D8%AD-%D8%A7%D9%84%D9%85%D9%88%D8%A7%D8%AF-%D8%A7%D9%84%D8%B7%D8%A8%D9%8A%D8%A9-%D8%A8%D8%B7%D8%B1%D9%8A%D9%82%D8%A9-%D9%85%D8%A8%D8%B3%D8%B7%D8%A9
شرح وتبسيط المواد الطبية والعلوم لطلاب الجامعات,.Mahmoud S,2,2,منذ 5 أشهر و22 يوم,تعليم عن بعد,تعلم العلوم المتخصصة,"شرح, طبية, باوربوينت, محاضرة, الطب",https://khamsat.com/training/medicine-tutoring/3771518-%D8%B4%D8%B1%D8%AD-%D9%88%D8%AA%D8%A8%D8%B3%D9%8A%D8%B7-%D8%A7%D9%84%D9%85%D9%88%D8%A7%D8%AF-%D8%A7%D9%84%D8%B7%D8%A8%D9%8A%D8%A9-%D9%88%D8%A7%D9%84%D8%B9%D9%84%D9%88%D9%85-%D9%84%D8%B7%D9%84%D8%A7%D8%A8-%D8%A7%D9%84%D8%AC%D8%A7%D9%85%D8%B9%D8%A7%D8%AA
تقديم المساعدة في دراسة المواد الطبية,.Rama M,3,1,منذ 3 سنوات و4 أشهر,تعليم عن بعد,تعلم العلوم المتخصصة,"شرح مواد طبية, شرح المصطلحات الطبية, الإجابة على أسئلة طبية, فهم المواد الطبية",https://khamsat.com/training/medicine-tutoring/2457149-%D8%AA%D9%82%D8%AF%D9%8A%D9%85-%D8%A7%D9%84%D9%85%D8%B3%D8%A7%D8%B9%D8%AF%D8%A9-%D9%81%D9%8A-%D8%AF%D8%B1%D8%A7%D8%B3%D8%A9-%D8%A7%D9%84%D9%85%D9%88%D8%A7%D8%AF-%D8%A7%D9%84%D8%B7%D8%A8%D9%8A%D8%A9
شرح مبسط للأحياء والكيمياء والمواد الطبية,.Maha S,6,6,منذ سنتين وشهرين,تعليم عن بعد,تعلم العلوم المتخصصة,"تعليم, كيمياء, شرح, طب, طبية, مواد, تدريس, احياء, الطبية, medical",https://khamsat.com/training/medicine-tutoring/2172074-%D8%B4%D8%B1%D8%AD-%D9%85%D8%A8%D8%B3%D8%B7-%D9%84%D9%84%D8%A3%D8%AD%D9%8A%D8%A7%D8%A1-%D9%88%D8%A7%D9%84%D9%83%D9%8A%D9%85%D9%8A%D8%A7%D8%A1-%D9%88%D8%A7%D9%84%D9%85%D9%88%D8%A7%D8%AF-%D8%A7%D9%84%D8%B7%D8%A8%D9%8A%D8%A9
شروحات طبية,Non trouvé,Non trouvé,Non trouvé,Aucun avis,تعليم عن بعد,تعلم العلوم المتخصصة,Aucun tag,https://khamsat.com/training/medicine-tutoring/2234114-%D8%A7%D9%84%D9%85%D8%B3%D8%A7%D8%B9%D8%AF%D8%A9-%D9%81%D9%8A-%D8%AD%D9%84-%D8%A7%D8%B3%D8%A6%D9%84%D8%A9-%D8%A7%D9%84%D9%85%D9%88%D8%A7%D8%AF-%D8%A7%D9%84%D8%B7%D8%A8%D9%8A%D9%87-%D8%A7%D9%84%D9%85%D8%AE%D8%AA%D9%84%D9%81%D9%87
شرح المواد الطبية,سارة ح.,2,2,منذ 10 أشهر و11 يوم,تعليم عن بعد,تعلم العلوم المتخصصة,"تعليم, شرح, صيدلة, طبية, طبي, مواد, تدريس, المواد",https://khamsat.com/training/medicine-tutoring/2670966-%D8%B4%D8%B1%D8%AD-%D8%A7%D9%84%D9%85%D9%88%D8%A7%D8%AF-%D8%A7%D9%84%D8%B7%D8%A8%D9%8A%D8%A9
كتابة بحث طبي شامل وصياغة الأسئلة الطبية وحلّها بكفاءة,حيدر ن.,18,10,منذ 5 أشهر و13 يوم,تعليم عن بعد,تعلم العلوم المتخصصة,"بحث, طب, أسئلة, اختبارات, البحث العلمي",https://khamsat.com/training/medicine-tutoring/2343233-%D9%83%D8%AA%D8%A7%D8%A8%D8%A9-%D8%A8%D8%AD%D8%AB-%D8%B7%D8%A8%D9%8A-%D8%B4%D8%A7%D9%85%D9%84-%D9%88%D8%B5%D9%8A%D8%A7%D8%BA%D8%A9-%D8%A7%D9%84%D8%A3%D8%B3%D8%A6%D9%84%D8%A9-%D8%A7%D9%84%D8%B7%D8%A8%D9%8A%D8%A9-%D9%88%D8%AD%D9%84%D9%87%D8%A7-%D8%A8%D9%83%D9%81%D8%A7%D8%A1%D8%A9
شرح مواد المختبرات الطبية وبنك الدم,أحمد ش.,5,2,منذ سنة و6 أشهر,تعليم عن بعد,تعلم العلوم المتخصصة,"شرح, بنك الدم, المختبرات الطبية, التحاليل الطبية",https://khamsat.com/training/medicine-tutoring/2263207-%D8%B4%D8%B1%D8%AD-%D9%85%D9%88%D8%A7%D8%AF-%D8%A7%D9%84%D9%85%D8%AE%D8%AA%D8%A8%D8%B1%D8%A7%D8%AA-%D8%A7%D9%84%D8%B7%D8%A8%D9%8A%D8%A9-%D9%88%D8%A8%D9%86%D9%83-%D8%A7%D9%84%D8%AF%D9%85
شرح أى مادة طبية بالأخص مادة الجراحة ولتشريح,.Khaled B,10,9,منذ شهرين و19 يوم,تعليم عن بعد,تعلم العلوم المتخصصة,"أبحاث, طبيه, وخدمات",https://khamsat.com/training/medicine-tutoring/1815615-%D8%B4%D8%B1%D8%AD-%D8%A3%D9%89-%D9%85%D8%A7%D8%AF%D8%A9-%D8%B7%D8%A8%D9%8A%D8%A9-%D8%A8%D8%A7%D9%84%D8%A3%D8%AE%D8%B5-%D9%85%D8%A7%D8%AF%D8%A9-%D8%A7%D9%84%D8%AC%D8%B1%D8%A7%D8%AD%D8%A9-%D9%88%D9%84%D8%AA%D8%B4%D8%B1%D9%8A%D8%AD
شروحات طبية,Non trouvé,Non trouvé,Non trouvé,Aucun avis,تعليم عن بعد,تعلم العلوم المتخصصة,Aucun tag,https://khamsat.com/training/medicine-tutoring/2460252-%D8%B4%D8%B1%D8%AD-%D8%A3%D9%89-%D9%85%D8%A7%D8%AF%D8%A9-%D8%B7%D8%A8%D9%8A%D8%A9-%D8%A8%D8%A7%D9%84%D8%A3%D8%AE%D8%B5-%D9%85%D8%A7%D8%AF%D8%A9-%D8%A7%D9%84%D8%AC%D8%B1%D8%A7%D8%AD%D8%A9-%D9%88%D8%A7%D9%84%D8%AA%D8%B4%D8%B1%D9%8A%D8%AD
أقدم لك خدمة كتابة المحتوى الطبي والعلمي,أحمد ا.,0,0,Aucun avis,تعليم عن بعد,تعلم العلوم المتخصصة,"كتابة محتوى, pdf, طبية, محتوى طبي, مختبرات طبية",https://khamsat.com/training/medicine-tutoring/3918097-%D8%A3%D9%82%D8%AF%D9%85-%D9%84%D9%83-%D8%AE%D8%AF%D9%85%D8%A9-%D9%83%D8%AA%D8%A7%D8%A8%D8%A9-%D8%A7%D9%84%D9%85%D8%AD%D8%AA%D9%88%D9%89-%D8%A7%D9%84%D8%B7%D8%A8%D9%8A-%D9%88%D8%A7%D9%84%D8%B9%D9%84%D9%85%D9%8A
كورس تعريفي للعنايه بالبشرة واهم مشاكلها وطرق العلاج,.Mahmoud E,0,0,Aucun avis,تعليم عن بعد,تعلم العلوم المتخصصة,"تدريب, طبية, بشرة, جمال, تنعيم",https://khamsat.com/training/medicine-tutoring/3577730-%D9%83%D9%88%D8%B1%D8%B3-%D8%AA%D8%B9%D8%B1%D9%8A%D9%81%D9%8A-%D9%84%D9%84%D8%B9%D9%86%D8%A7%D9%8A%D9%87-%D8%A8%D8%A7%D9%84%D8%A8%D8%B4%D8%B1%D8%A9-%D9%88%D8%A7%D9%87%D9%85-%D9%85%D8%B4%D8%A7%D9%83%D9%84%D9%87%D8%A7-%D9%88%D8%B7%D8%B1%D9%82-%D8%A7%D9%84%D8%B9%D9%84%D8%A7%D8%AC
شروحات طبية,Non trouvé,Non trouvé,Non trouvé,Aucun avis,تعليم عن بعد,تعلم العلوم المتخصصة,Aucun tag,https://khamsat.com/training/medicine-tutoring/3710273-%D9%82%D8%B1%D8%A7%D8%A1%D8%A9-%D9%86%D8%AA%D8%A7%D8%A6%D8%AC-%D8%A7%D9%84%D8%AA%D8%AD%D8%A7%D9%84%D9%8A%D9%84-%D8%A7%D9%84%D8%B7%D8%A8%D9%8A%D8%A9-%D9%81%D9%88%D8%B1%D8%A7
تصميم كويزات واختبارات تفاعلية باحترافية,.Hedaya A,0,0,Aucun avis,تعليم عن بعد,تعلم العلوم المتخصصة,"تقييم, طبي, امتحان, أسئلة, كويزات",https://khamsat.com/training/medicine-tutoring/3737194-%D8%AA%D8%B5%D9%85%D9%8A%D9%85-%D9%83%D9%88%D9%8A%D8%B2%D8%A7%D8%AA-%D9%88%D8%A7%D8%AE%D8%AA%D8%A8%D8%A7%D8%B1%D8%A7%D8%AA-%D8%AA%D9%81%D8%A7%D8%B9%D9%84%D9%8A%D8%A9-%D8%A8%D8%A7%D8%AD%D8%AA%D8%B1%D8%A7%D9%81%D9%8A%D8%A9
شرح مواد التمريض بأسلوب مبسط على ملفات Word  أسئلة  cases,.Shatha M,0,0,Aucun avis,تعليم عن بعد,تعلم العلوم المتخصصة,"شرح مواد تمريض, أسئلة تمريض محلولة, case study تمريض, mcqs تمريض, ملخصات تمريض",https://khamsat.com/training/medicine-tutoring/3731747-%D8%B4%D8%B1%D8%AD-%D9%85%D9%88%D8%A7%D8%AF-%D8%A7%D9%84%D8%AA%D9%85%D8%B1%D9%8A%D8%B6-%D8%A8%D8%A3%D8%B3%D9%84%D9%88%D8%A8-%D9%85%D8%A8%D8%B3%D8%B7-%D8%B9%D9%84%D9%89-%D9%85%D9%84%D9%81%D8%A7%D8%AA-word-%D8%A3%D8%B3%D8%A6%D9%84%D8%A9-cases
شرح مبسط للمواد الطبية لطلبة الكليات الطبية و التمريض,.Eman D,0,0,Aucun avis,تعليم عن بعد,تعلم العلوم المتخصصة,"مواضيع, شرح, بسهولة, مواد طبية",https://khamsat.com/training/medicine-tutoring/3673769-%D8%B4%D8%B1%D8%AD-%D9%85%D8%A8%D8%B3%D8%B7-%D9%84%D9%84%D9%85%D9%88%D8%A7%D8%AF-%D8%A7%D9%84%D8%B7%D8%A8%D9%8A%D8%A9-%D9%84%D8%B7%D9%84%D8%A8%D8%A9-%D8%A7%D9%84%D9%83%D9%84%D9%8A%D8%A7%D8%AA-%D8%A7%D9%84%D8%B7%D8%A8%D9%8A%D8%A9-%D9%88-%D8%A7%D9%84%D8%AA%D9%85%D8%B1%D9%8A%D8%B6
شرح مادة الكيمياء والكيمياء الحيوية للكليات الطبية,.Fatma A,2,1,منذ سنتين و4 أشهر,تعليم عن بعد,تعلم العلوم المتخصصة,"تعليم, شرح, صيدلة, طبي, medical",https://khamsat.com/training/medicine-tutoring/2864293-%D8%B4%D8%B1%D8%AD-%D9%85%D8%A7%D8%AF%D8%A9-%D8%A7%D9%84%D9%83%D9%8A%D9%85%D9%8A%D8%A7%D8%A1-%D9%88%D8%A7%D9%84%D9%83%D9%8A%D9%85%D9%8A%D8%A7%D8%A1-%D8%A7%D9%84%D8%AD%D9%8A%D9%88%D9%8A%D8%A9-%D9%84%D9%84%D9%83%D9%84%D9%8A%D8%A7%D8%AA-%D8%A7%D9%84%D8%B7%D8%A8%D9%8A%D8%A9
الصفحة المطلوبة غير موجودة,Non trouvé,Non trouvé,Non trouvé,Aucun avis,Inconnu,Inconnu,Aucun tag,https://khamsat.com/training/medicine-tutoring/3039314-%D8%B9%D9%85%D9%84-%D8%A3%D8%B3%D8%A6%D9%84%D8%A9-%D8%AA%D9%82%D9%8A%D9%8A%D9%85%D9%8A%D8%A9-%D9%85%D9%86%D9%88%D8%B9%D8%A9-%D9%85%D9%86-%D9%85%D8%A7%D8%AF%D8%A9-%D8%B7%D8%A8%D9%8A%D8%A9-%D8%AC%D8%A7%D9%87%D8%B2%D8%A9
لطلاب الكليات الطبية حل جميع الأسئلة والشيتات ( 3 أسئلة),.Amany Z,0,0,Aucun avis,تعليم عن بعد,تعلم العلوم المتخصصة,"طب, صيدلة, حل, الواجبات, الفيزياء, لمادة",https://khamsat.com/training/medicine-tutoring/826934-%D9%84%D8%B7%D9%84%D8%A7%D8%A8-%D8%A7%D9%84%D9%83%D9%84%D9%8A%D8%A7%D8%AA-%D8%A7%D9%84%D8%B7%D8%A8%D9%8A%D8%A9-%D8%AD%D9%84-%D8%AC%D9%85%D9%8A%D8%B9-%D8%A7%D9%84%D8%A3%D8%B3%D8%A6%D9%84%D8%A9-%D9%88%D8%A7%D9%84%D8%B4%D9%8A%D8%AA%D8%A7%D8%AA-3-%D8%A3%D8%B3%D8%A6%D9%84%D8%A9
شرح دروس وواجبات طلاب الكليات الطبية,.Mahmoud S,18,14,منذ شهر و22 يوم,تعليم عن بعد,تعلم العلوم المتخصصة,"بحث, مقالات, شرح, أبحاث, واجب, assignment",https://khamsat.com/training/medicine-tutoring/2335600-%D8%B4%D8%B1%D8%AD-%D8%AF%D8%B1%D9%88%D8%B3-%D9%88%D9%88%D8%A7%D8%AC%D8%A8%D8%A7%D8%AA-%D8%B7%D9%84%D8%A7%D8%A8-%D8%A7%D9%84%D9%83%D9%84%D9%8A%D8%A7%D8%AA-%D8%A7%D9%84%D8%B7%D8%A8%D9%8A%D8%A9
تبسيط دروس التمريض بطريقة سهلة ومفهومة,سما ا.,0,0,Aucun avis,تعليم عن بعد,تعلم العلوم المتخصصة,"تلخيص, تعليم عن بعد, تبسيط, عرض بوربوينت, تمريض",https://khamsat.com/training/medicine-tutoring/3925544-%D8%AA%D8%A8%D8%B3%D9%8A%D8%B7-%D8%AF%D8%B1%D9%88%D8%B3-%D8%A7%D9%84%D8%AA%D9%85%D8%B1%D9%8A%D8%B6-%D8%A8%D8%B7%D8%B1%D9%8A%D9%82%D8%A9-%D8%B3%D9%87%D9%84%D8%A9-%D9%88%D9%85%D9%81%D9%87%D9%88%D9%85%D8%A9
العلاج بالموسيقي لاطفال طيف التوحد,.Dr Nermeen H,0,0,Aucun avis,تعليم عن بعد,تعلم العلوم المتخصصة,"تعليم, صحة, طبية, اطغال طيف التوحد",https://khamsat.com/training/medicine-tutoring/3901300-%D8%A7%D9%84%D8%B9%D9%84%D8%A7%D8%AC-%D8%A8%D8%A7%D9%84%D9%85%D9%88%D8%B3%D9%8A%D9%82%D9%8A-%D9%84%D8%A7%D8%B7%D9%81%D8%A7%D9%84-%D8%B7%D9%8A%D9%81-%D8%A7%D9%84%D8%AA%D9%88%D8%AD%D8%AF
تدريس مواد طبية أكاديمية و اكلينيكية,.Salwa B,0,0,Aucun avis,تعليم عن بعد,تعلم العلوم المتخصصة,"تعليم, شرح, igcse, بايولوجي, بايوكيمستري",https://khamsat.com/training/medicine-tutoring/2188652-%D8%AA%D8%AF%D8%B1%D9%8A%D8%B3-%D9%85%D9%88%D8%A7%D8%AF-%D8%B7%D8%A8%D9%8A%D8%A9-%D8%A3%D9%83%D8%A7%D8%AF%D9%8A%D9%85%D9%8A%D8%A9-%D9%88-%D8%A7%D9%83%D9%84%D9%8A%D9%86%D9%8A%D9%83%D9%8A%D8%A9
شرح المواد الصيدلانية  كلية صيدلة  بالتفصيل لكل الفرق,.Elsayed M,1,1,منذ 8 سنوات و4 أشهر,تعليم عن بعد,تعلم العلوم المتخصصة,"شرح, صيدلة, طبية, شروحات, pharmacy",https://khamsat.com/training/medicine-tutoring/858147-%D8%B4%D8%B1%D8%AD-%D8%A7%D9%84%D9%85%D9%88%D8%A7%D8%AF-%D8%A7%D9%84%D8%B5%D9%8A%D8%AF%D9%84%D8%A7%D9%86%D9%8A%D8%A9-%D9%83%D9%84%D9%8A%D8%A9-%D8%B5%D9%8A%D8%AF%D9%84%D8%A9-%D8%A8%D8%A7%D9%84%D8%AA%D9%81%D8%B5%D9%8A%D9%84-%D9%84%D9%83%D9%84-%D8%A7%D9%84%D9%81%D8%B1%D9%82
شروحات طبية مبسطة واحترافية,.Ahmed S,0,0,Aucun avis,تعليم عن بعد,تعلم العلوم المتخصصة,"طب, تعليم عن بعد, طبي, فيديو طبي, تعليم طبي",https://khamsat.com/training/medicine-tutoring/2984677-%D8%B4%D8%B1%D9%88%D8%AD%D8%A7%D8%AA-%D8%B7%D8%A8%D9%8A%D8%A9-%D9%85%D8%A8%D8%B3%D8%B7%D8%A9-%D9%88%D8%A7%D8%AD%D8%AA%D8%B1%D8%A7%D9%81%D9%8A%D8%A9
شرح الميكروبيولوجي والمناعة,.Noura H,0,0,Aucun avis,تعليم عن بعد,تعلم العلوم المتخصصة,"شرح, طب, طبي, medical, ميكروبيولوجي",https://khamsat.com/training/medicine-tutoring/3068500-%D8%B4%D8%B1%D8%AD-%D8%A7%D9%84%D9%85%D9%8A%D9%83%D8%B1%D9%88%D8%A8%D9%8A%D9%88%D9%84%D9%88%D8%AC%D9%8A-%D9%88%D8%A7%D9%84%D9%85%D9%86%D8%A7%D8%B9%D8%A9
شرح المنهج العلمي لطلاب الصف الثانوي لمادة البيولوجي,.Moussa A,1,1,منذ سنتين و7 أشهر,تعليم عن بعد,تعلم العلوم المتخصصة,"تعليم, شرح, طبية, ملخصات, بيولوجي",https://khamsat.com/training/medicine-tutoring/2773667-%D8%B4%D8%B1%D8%AD-%D8%A7%D9%84%D9%85%D9%86%D9%87%D8%AC-%D8%A7%D9%84%D8%B9%D9%84%D9%85%D9%8A-%D9%84%D8%B7%D9%84%D8%A7%D8%A8-%D8%A7%D9%84%D8%B5%D9%81-%D8%A7%D9%84%D8%AB%D8%A7%D9%86%D9%88%D9%8A-%D9%84%D9%85%D8%A7%D8%AF%D8%A9-%D8%A7%D9%84%D8%A8%D9%8A%D9%88%D9%84%D9%88%D8%AC%D9%8A
تجميع اسئلة Quizlet مع اجوبتها للتدرب عليها لطلاب التمريض,ولاء ا.,0,0,Aucun avis,تعليم عن بعد,تعلم العلوم المتخصصة,"حلول, مناهج, تدريب, اسئله, مقررات, تشريح, علم وظائف الاعضاء, quizlet, nclex, المواد التمريضية",https://khamsat.com/training/medicine-tutoring/2691179-%D8%AA%D8%AC%D9%85%D9%8A%D8%B9-%D8%A7%D8%B3%D8%A6%D9%84%D8%A9-quizlet-%D9%85%D8%B9-%D8%A7%D8%AC%D9%88%D8%A8%D8%AA%D9%87%D8%A7-%D9%84%D9%84%D8%AA%D8%AF%D8%B1%D8%A8-%D8%B9%D9%84%D9%8A%D9%87%D8%A7-%D9%84%D8%B7%D9%84%D8%A7%D8%A8-%D8%A7%D9%84%D8%AA%D9%85%D8%B1%D9%8A%D8%B6
شرح مادة الباثولوجى للكليات الطبية,.Mohamed E,0,0,Aucun avis,تعليم عن بعد,تعلم العلوم المتخصصة,"تعليم, عن, بعد, دراسة, شرح, طب, تدريب, طبية, طبي, مواد, الطب, اناتومى, باثولوجى",https://khamsat.com/training/medicine-tutoring/1969033-%D8%B4%D8%B1%D8%AD-%D9%85%D8%A7%D8%AF%D8%A9-%D8%A7%D9%84%D8%A8%D8%A7%D8%AB%D9%88%D9%84%D9%88%D8%AC%D9%89-%D9%84%D9%84%D9%83%D9%84%D9%8A%D8%A7%D8%AA-%D8%A7%D9%84%D8%B7%D8%A8%D9%8A%D8%A9
شرح وتبسيط المواد الطبية بسهولة وبطريقة شيقة,.Mohamed E,0,0,Aucun avis,تعليم عن بعد,تعلم العلوم المتخصصة,"تعليم, عن, بعد, دراسة, شرح, طب, تدريب, طبية, طبي, مواد, الطب",https://khamsat.com/training/medicine-tutoring/1782024-%D8%B4%D8%B1%D8%AD-%D9%88%D8%AA%D8%A8%D8%B3%D9%8A%D8%B7-%D8%A7%D9%84%D9%85%D9%88%D8%A7%D8%AF-%D8%A7%D9%84%D8%B7%D8%A8%D9%8A%D8%A9-%D8%A8%D8%B3%D9%87%D9%88%D9%84%D8%A9-%D9%88%D8%A8%D8%B7%D8%B1%D9%8A%D9%82%D8%A9-%D8%B4%D9%8A%D9%82%D8%A9
تقديم دورات في المجال الطبي كيمياء حيوية   تصميم أدوية,.Tamara H,0,0,Aucun avis,تعليم عن بعد,تعلم العلوم المتخصصة,"تعليم, صيدلة, presentation, حيوية, medical",https://khamsat.com/training/medicine-tutoring/3883690-%D8%AA%D9%82%D8%AF%D9%8A%D9%85-%D8%AF%D9%88%D8%B1%D8%A7%D8%AA-%D9%81%D9%8A-%D8%A7%D9%84%D9%85%D8%AC%D8%A7%D9%84-%D8%A7%D9%84%D8%B7%D8%A8%D9%8A-%D9%83%D9%8A%D9%85%D9%8A%D8%A7%D8%A1-%D8%AD%D9%8A%D9%88%D9%8A%D8%A9-%D8%AA%D8%B5%D9%85%D9%8A%D9%85-%D8%A3%D8%AF%D9%88%D9%8A%D8%A9
المساعدة فى شرح مواد طب الأسنان من قبل عضوة هيئة تدريس,.Aalaa M,0,0,Aucun avis,تعليم عن بعد,تعلم العلوم المتخصصة,"دروس, حلول, شرح, طب, حل, طبية, اونلاين, مواد, تدريس, المساعدة",https://khamsat.com/training/medicine-tutoring/2475879-%D8%A7%D9%84%D9%85%D8%B3%D8%A7%D8%B9%D8%AF%D8%A9-%D9%81%D9%89-%D8%B4%D8%B1%D8%AD-%D9%85%D9%88%D8%A7%D8%AF-%D8%B7%D8%A8-%D8%A7%D9%84%D8%A3%D8%B3%D9%86%D8%A7%D9%86-%D9%85%D9%86-%D9%82%D8%A8%D9%84-%D8%B9%D8%B6%D9%88%D8%A9-%D9%87%D9%8A%D8%A6%D8%A9-%D8%AA%D8%AF%D8%B1%D9%8A%D8%B3
شرح مادة الجراحة والتشريح للكليات الطبية,.Mohamed E,0,0,Aucun avis,تعليم عن بعد,تعلم العلوم المتخصصة,"تعليم, عن, بعد, دراسة, شرح, طب, تدريب, طبية, طبي, مواد, الطب, جراحة, اناتومى, باثولوجى",https://khamsat.com/training/medicine-tutoring/1969047-%D8%B4%D8%B1%D8%AD-%D9%85%D8%A7%D8%AF%D8%A9-%D8%A7%D9%84%D8%AC%D8%B1%D8%A7%D8%AD%D8%A9-%D9%88%D8%A7%D9%84%D8%AA%D8%B4%D8%B1%D9%8A%D8%AD-%D9%84%D9%84%D9%83%D9%84%D9%8A%D8%A7%D8%AA-%D8%A7%D9%84%D8%B7%D8%A8%D9%8A%D8%A9
شرح وتبسيط المواد الطبية وعمل ملخصات لاى مادة طبية,.Mohamed E,0,0,Aucun avis,تعليم عن بعد,تعلم العلوم المتخصصة,"تعليم, عن, بعد, دراسة, شرح, طب, تدريب, طبية, طبي, مواد, الطب, اناتومى, باثولوجى",https://khamsat.com/training/medicine-tutoring/1969025-%D8%B4%D8%B1%D8%AD-%D9%88%D8%AA%D8%A8%D8%B3%D9%8A%D8%B7-%D8%A7%D9%84%D9%85%D9%88%D8%A7%D8%AF-%D8%A7%D9%84%D8%B7%D8%A8%D9%8A%D8%A9-%D9%88%D8%B9%D9%85%D9%84-%D9%85%D9%84%D8%AE%D8%B5%D8%A7%D8%AA-%D9%84%D8%A7%D9%89-%D9%85%D8%A7%D8%AF%D8%A9-%D8%B7%D8%A8%D9%8A%D8%A9
الصفحة المطلوبة غير موجودة,Non trouvé,Non trouvé,Non trouvé,Aucun avis,Inconnu,Inconnu,Aucun tag,https://khamsat.com/training/medicine-tutoring/3737350-%D8%B1%D8%AD%D9%84%D8%AA%D9%83-%D9%81%D9%8A-%D8%A7%D9%84%D8%B7%D8%A8-%D8%A7%D9%84%D8%A8%D8%B4%D8%B1%D9%8A-%D8%A3%D8%B3%D9%87%D9%84-%D8%B4%D8%B1%D9%88%D8%AD-%D9%85%D9%86%D8%B8%D9%85%D8%A9-%D9%88-%D8%AE%D8%B1%D8%A7%D8%A6%D8%B7-%D8%B0%D9%87%D9%86%D9%8A%D8%A9-%D8%A5%D8%A8%D8%AF%D8%A7%D8%B9%D9%8A%D8%A9
دروس في المواد الطبية  للساعه,ايات ا.,0,0,Aucun avis,تعليم عن بعد,تعلم العلوم المتخصصة,"مساعدة, دراسه, مواد, طبيه",https://khamsat.com/training/medicine-tutoring/2119848-%D8%AF%D8%B1%D9%88%D8%B3-%D9%81%D9%8A-%D8%A7%D9%84%D9%85%D9%88%D8%A7%D8%AF-%D8%A7%D9%84%D8%B7%D8%A8%D9%8A%D8%A9-%D9%84%D9%84%D8%B3%D8%A7%D8%B9%D9%87
شرح وتبسيط المواد الطبية لطلاب الجامعة,.Ghada A,2,2,منذ 7 سنوات و4 أشهر,تعليم عن بعد,تعلم العلوم المتخصصة,"شرح, طبية, مواد",https://khamsat.com/training/medicine-tutoring/965733-%D8%B4%D8%B1%D8%AD-%D9%88%D8%AA%D8%A8%D8%B3%D9%8A%D8%B7-%D8%A7%D9%84%D9%85%D9%88%D8%A7%D8%AF-%D8%A7%D9%84%D8%B7%D8%A8%D9%8A%D8%A9-%D9%84%D8%B7%D9%84%D8%A7%D8%A8-%D8%A7%D9%84%D8%AC%D8%A7%D9%85%D8%B9%D8%A9
شرح المواد والمواضيع الطبية ومادة البيولوجي,.Muhammed G,1,1,منذ سنتين وشهرين,تعليم عن بعد,تعلم العلوم المتخصصة,"تعليم, شرح, طب, محاضرات, البيولوجي",https://khamsat.com/training/medicine-tutoring/1966016-%D8%B4%D8%B1%D8%AD-%D8%A7%D9%84%D9%85%D9%88%D8%A7%D8%AF-%D9%88%D8%A7%D9%84%D9%85%D9%88%D8%A7%D8%B6%D9%8A%D8%B9-%D8%A7%D9%84%D8%B7%D8%A8%D9%8A%D8%A9-%D9%88%D9%85%D8%A7%D8%AF%D8%A9-%D8%A7%D9%84%D8%A8%D9%8A%D9%88%D9%84%D9%88%D8%AC%D9%8A
شرح محاضرات فى التمريض العملى والنظرى,أيمن ف.,8,5,منذ شهرين و29 يوم,تعليم عن بعد,تعلم العلوم المتخصصة,"صحة, طب, لاين, اون, كورسات, محاضرات, تدريس, تمريض, تشريح",https://khamsat.com/training/medicine-tutoring/2088012-%D8%B4%D8%B1%D8%AD-%D9%85%D8%AD%D8%A7%D8%B6%D8%B1%D8%A7%D8%AA-%D9%81%D9%89-%D8%A7%D9%84%D8%AA%D9%85%D8%B1%D9%8A%D8%B6-%D8%A7%D9%84%D8%B9%D9%85%D9%84%D9%89-%D9%88%D8%A7%D9%84%D9%86%D8%B8%D8%B1%D9%89
شرح أساسيات التحاليل الطبية,.Dina E,8,2,منذ 5 سنوات و6 أشهر,تعليم عن بعد,تعلم العلوم المتخصصة,"عن, بعد, شرح, تدريب, تحاليل",https://khamsat.com/training/medicine-tutoring/1557129-%D8%B4%D8%B1%D8%AD-%D8%A3%D8%B3%D8%A7%D8%B3%D9%8A%D8%A7%D8%AA-%D8%A7%D9%84%D8%AA%D8%AD%D8%A7%D9%84%D9%8A%D9%84-%D8%A7%D9%84%D8%B7%D8%A8%D9%8A%D8%A9
شرح محاضرات علمية لجميع الاختصاصات الطبية,.Jollanar S,2,1,منذ 6 أشهر و9 أيام,تعليم عن بعد,تعلم العلوم المتخصصة,"كتابة, تعليم, شرح, طبي, مواد",https://khamsat.com/training/medicine-tutoring/3880258-%D8%B4%D8%B1%D8%AD-%D9%85%D8%AD%D8%A7%D8%B6%D8%B1%D8%A7%D8%AA-%D8%B9%D9%84%D9%85%D9%8A%D8%A9-%D9%84%D8%AC%D9%85%D9%8A%D8%B9-%D8%A7%D9%84%D8%A7%D8%AE%D8%AA%D8%B5%D8%A7%D8%B5%D8%A7%D8%AA-%D8%A7%D9%84%D8%B7%D8%A8%D9%8A%D8%A9
كتاب رقمي باللغة العربية  عن أدوية الصادات الحيوية,.Molham A,0,0,Aucun avis,تعليم عن بعد,تعلم العلوم المتخصصة,"علاج, صيدلة, ادوية, طبيب, مشروع تخرج",https://khamsat.com/training/medicine-tutoring/3882192-%D9%83%D8%AA%D8%A7%D8%A8-%D8%B1%D9%82%D9%85%D9%8A-%D8%A8%D8%A7%D9%84%D9%84%D8%BA%D8%A9-%D8%A7%D9%84%D8%B9%D8%B1%D8%A8%D9%8A%D8%A9-%D8%B9%D9%86-%D8%A3%D8%AF%D9%88%D9%8A%D8%A9-%D8%A7%D9%84%D8%B5%D8%A7%D8%AF%D8%A7%D8%AA-%D8%A7%D9%84%D8%AD%D9%8A%D9%88%D9%8A%D8%A9
كتاب رقمي باللغة العربية عن أدوية التخدير الجراحي,.Molham A,0,0,Aucun avis,تعليم عن بعد,تعلم العلوم المتخصصة,"تأليف, pdf, ادوية, طبيب, مقالات طبية",https://khamsat.com/training/medicine-tutoring/3878213-%D9%83%D8%AA%D8%A7%D8%A8-%D8%B1%D9%82%D9%85%D9%8A-%D8%A8%D8%A7%D9%84%D9%84%D8%BA%D8%A9-%D8%A7%D9%84%D8%B9%D8%B1%D8%A8%D9%8A%D8%A9-%D8%B9%D9%86-%D8%A3%D8%AF%D9%88%D9%8A%D8%A9-%D8%A7%D9%84%D8%AA%D8%AE%D8%AF%D9%8A%D8%B1-%D8%A7%D9%84%D8%AC%D8%B1%D8%A7%D8%AD%D9%8A
شرح المواد العلمية لكليات الصيدلة بطريقة فعالة وسريعة,.Milad R,8,7,منذ سنتين وشهرين,تعليم عن بعد,تعلم العلوم المتخصصة,"تعليم, شرح, صيدلة, حل, مسائل, مادة, طلاب",https://khamsat.com/training/medicine-tutoring/2063972-%D8%B4%D8%B1%D8%AD-%D8%A7%D9%84%D9%85%D9%88%D8%A7%D8%AF-%D8%A7%D9%84%D8%B9%D9%84%D9%85%D9%8A%D8%A9-%D9%84%D9%83%D9%84%D9%8A%D8%A7%D8%AA-%D8%A7%D9%84%D8%B5%D9%8A%D8%AF%D9%84%D8%A9-%D8%A8%D8%B7%D8%B1%D9%8A%D9%82%D8%A9-%D9%81%D8%B9%D8%A7%D9%84%D8%A9-%D9%88%D8%B3%D8%B1%D9%8A%D8%B9%D8%A9
شرح مبسّط واحترافي لمادة Pharmaceutics لطلاب الصيدلة,.Amr N,0,0,Aucun avis,تعليم عن بعد,تعلم العلوم المتخصصة,"شرح pharmaceutics, دروس صيدلة, شرح emulsion, pharmaceutics, شرح creams",https://khamsat.com/training/medicine-tutoring/3462068-%D8%B4%D8%B1%D8%AD-%D9%85%D8%A8%D8%B3%D8%B7-%D9%88%D8%A7%D8%AD%D8%AA%D8%B1%D8%A7%D9%81%D9%8A-%D9%84%D9%85%D8%A7%D8%AF%D8%A9-pharmaceutics-%D9%84%D8%B7%D9%84%D8%A7%D8%A8-%D8%A7%D9%84%D8%B5%D9%8A%D8%AF%D9%84%D8%A9
تبسيط مصطلحات طبية / medical terminology,فرح ا.,0,0,Aucun avis,تعليم عن بعد,تعلم العلوم المتخصصة,"تلخيص, طب, مصطلحات, تمريض, تحاليلات",https://khamsat.com/training/medicine-tutoring/3706845-%D8%AA%D8%A8%D8%B3%D9%8A%D8%B7-%D9%85%D8%B5%D8%B7%D9%84%D8%AD%D8%A7%D8%AA-%D8%B7%D8%A8%D9%8A%D8%A9-medical-terminology
سأشرح لك أي سؤال طبي أو مفاهيم صعبة بأسلوب بسيط وسهل الفهم,.Rofaida A,0,0,Aucun avis,تعليم عن بعد,تعلم العلوم المتخصصة,"تعليم, شرح, طب, حل, طب بشري",https://khamsat.com/training/medicine-tutoring/3485074-%D8%B3%D8%A3%D8%B4%D8%B1%D8%AD-%D9%84%D9%83-%D8%A3%D9%8A-%D8%B3%D8%A4%D8%A7%D9%84-%D8%B7%D8%A8%D9%8A-%D8%A3%D9%88-%D9%85%D9%81%D8%A7%D9%87%D9%8A%D9%85-%D8%B5%D8%B9%D8%A8%D8%A9-%D8%A8%D8%A3%D8%B3%D9%84%D9%88%D8%A8-%D8%A8%D8%B3%D9%8A%D8%B7-%D9%88%D8%B3%D9%87%D9%84-%D8%A7%D9%84%D9%81%D9%87%D9%85
شرح المواد الطبية الخاصة بكلية الطب البشري,بلال ج.,0,0,Aucun avis,تعليم عن بعد,تعلم العلوم المتخصصة,"تعليم, شرح, طبية, مواد, محاضرات",https://khamsat.com/training/medicine-tutoring/3649045-%D8%B4%D8%B1%D8%AD-%D8%A7%D9%84%D9%85%D9%88%D8%A7%D8%AF-%D8%A7%D9%84%D8%B7%D8%A8%D9%8A%D8%A9-%D8%A7%D9%84%D8%AE%D8%A7%D8%B5%D8%A9-%D8%A8%D9%83%D9%84%D9%8A%D8%A9-%D8%A7%D9%84%D8%B7%D8%A8-%D8%A7%D9%84%D8%A8%D8%B4%D8%B1%D9%8A
شرح كورسات Biochemistry للكليات العلمية,.Mohammad A,0,0,Aucun avis,تعليم عن بعد,تعلم العلوم المتخصصة,"تعليم, شرح, طبي, الطب, medical",https://khamsat.com/training/medicine-tutoring/3237750-%D8%B4%D8%B1%D8%AD-%D9%83%D9%88%D8%B1%D8%B3%D8%A7%D8%AA-biochemistry-%D9%84%D9%84%D9%83%D9%84%D9%8A%D8%A7%D8%AA-%D8%A7%D9%84%D8%B9%D9%84%D9%85%D9%8A%D8%A9
شرح كورسات Molecular biology لطلبة الكليات العلمية والطبية,.Mohammad A,0,0,Aucun avis,تعليم عن بعد,تعلم العلوم المتخصصة,"تعليم, تعليم عن بعد, طبي, بيولوجيا, جزيئية",https://khamsat.com/training/medicine-tutoring/3239741-%D8%B4%D8%B1%D8%AD-%D9%83%D9%88%D8%B1%D8%B3%D8%A7%D8%AA-molecular-biology-%D9%84%D8%B7%D9%84%D8%A8%D8%A9-%D8%A7%D9%84%D9%83%D9%84%D9%8A%D8%A7%D8%AA-%D8%A7%D9%84%D8%B9%D9%84%D9%85%D9%8A%D8%A9-%D9%88%D8%A7%D9%84%D8%B7%D8%A8%D9%8A%D8%A9
شرح الأمراض والمواضيع المواد الطبية حتى سنة سادس بفيديو مختصر,.Seddeeq A,0,0,Aucun avis,تعليم عن بعد,تعلم العلوم المتخصصة,"شرح, طب, طبية, تعليم عن بعد, شروحات طبية",https://khamsat.com/training/medicine-tutoring/3293404-%D8%B4%D8%B1%D8%AD-%D8%A7%D9%84%D8%A3%D9%85%D8%B1%D8%A7%D8%B6-%D9%88%D8%A7%D9%84%D9%85%D9%88%D8%A7%D8%B6%D9%8A%D8%B9-%D8%A7%D9%84%D9%85%D9%88%D8%A7%D8%AF-%D8%A7%D9%84%D8%B7%D8%A8%D9%8A%D8%A9-%D8%AD%D8%AA%D9%89-%D8%B3%D9%86%D8%A9-%D8%B3%D8%A7%D8%AF%D8%B3-%D8%A8%D9%81%D9%8A%D8%AF%D9%8A%D9%88-%D9%85%D8%AE%D8%AA%D8%B5%D8%B1
شرح مادة علم الادوية الفارماكولوجى,.Amr N,0,0,Aucun avis,تعليم عن بعد,تعلم العلوم المتخصصة,"صيدلة, طبية, فارما, علم الادوية",https://khamsat.com/training/medicine-tutoring/3195343-%D8%B4%D8%B1%D8%AD-%D9%85%D8%A7%D8%AF%D8%A9-%D8%B9%D9%84%D9%85-%D8%A7%D9%84%D8%A7%D8%AF%D9%88%D9%8A%D8%A9-%D8%A7%D9%84%D9%81%D8%A7%D8%B1%D9%85%D8%A7%D9%83%D9%88%D9%84%D9%88%D8%AC%D9%89
كورسات pharmacology و clinical phrmacy لطلبة الجامعات,.Radwa E,0,0,Aucun avis,تعليم عن بعد,تعلم العلوم المتخصصة,"شرح, صيدلة, طبية, course, تعليم عن بعد",https://khamsat.com/training/medicine-tutoring/3116779-%D9%83%D9%88%D8%B1%D8%B3%D8%A7%D8%AA-pharmacology-%D9%88-clinical-phrmacy-%D9%84%D8%B7%D9%84%D8%A8%D8%A9-%D8%A7%D9%84%D8%AC%D8%A7%D9%85%D8%B9%D8%A7%D8%AA
شرح مواد كلية الطب والمساعدة في فهم و حل أسئلتها,.Hafez S,28,27,منذ سنتين و4 أشهر,تعليم عن بعد,تعلم العلوم المتخصصة,"تعلم, الطب, ودراسة",https://khamsat.com/training/medicine-tutoring/1950559-%D8%B4%D8%B1%D8%AD-%D9%85%D9%88%D8%A7%D8%AF-%D9%83%D9%84%D9%8A%D8%A9-%D8%A7%D9%84%D8%B7%D8%A8-%D9%88%D8%A7%D9%84%D9%85%D8%B3%D8%A7%D8%B9%D8%AF%D8%A9-%D9%81%D9%8A-%D9%81%D9%87%D9%85-%D9%88-%D8%AD%D9%84-%D8%A3%D8%B3%D8%A6%D9%84%D8%AA%D9%87%D8%A7
تعلم أساسيات التغذية وأنواع الأنظمة الغذائية في كورس واحد,.Basma S,1,1,منذ 8 أشهر ويومين,تعليم عن بعد,تعلم العلوم المتخصصة,"تعليم, صحة, تخسيس, تغذية, كورسات",https://khamsat.com/training/medicine-tutoring/3753567-%D8%AA%D8%B9%D9%84%D9%85-%D8%A3%D8%B3%D8%A7%D8%B3%D9%8A%D8%A7%D8%AA-%D8%A7%D9%84%D8%AA%D8%BA%D8%B0%D9%8A%D8%A9-%D9%88%D8%A3%D9%86%D9%88%D8%A7%D8%B9-%D8%A7%D9%84%D8%A3%D9%86%D8%B8%D9%85%D8%A9-%D8%A7%D9%84%D8%BA%D8%B0%D8%A7%D8%A6%D9%8A%D8%A9-%D9%81%D9%8A-%D9%83%D9%88%D8%B1%D8%B3-%D9%88%D8%A7%D8%AD%D8%AF
شروحات طبية,Non trouvé,Non trouvé,Non trouvé,Aucun avis,تعليم عن بعد,تعلم العلوم المتخصصة,Aucun tag,https://khamsat.com/training/medicine-tutoring/1200950-%D8%A7%D9%84%D9%85%D8%B3%D8%A7%D8%B9%D8%AF%D8%A9-%D8%A8%D8%B4%D8%B1%D8%AD-%D9%85%D9%88%D8%B6%D9%88%D8%B9-%D8%A8%D9%83%D9%84%D9%8A%D8%A9-%D8%A7%D9%84%D8%B7%D8%A8-%D8%A7%D9%84%D9%85%D8%AE%D8%A8%D8%B1%D9%8A
شرح علوم واحياء وكيميا وفيزيا ومواد طبيه جميع المراحل,.Hafez S,9,9,منذ 3 سنوات و3 أشهر,تعليم عن بعد,تعلم العلوم المتخصصة,"تعليم, دراسه",https://khamsat.com/training/medicine-tutoring/2075087-%D8%B4%D8%B1%D8%AD-%D8%B9%D9%84%D9%88%D9%85-%D9%88%D8%A7%D8%AD%D9%8A%D8%A7%D8%A1-%D9%88%D9%83%D9%8A%D9%85%D9%8A%D8%A7-%D9%88%D9%81%D9%8A%D8%B2%D9%8A%D8%A7-%D9%88%D9%85%D9%88%D8%A7%D8%AF-%D8%B7%D8%A8%D9%8A%D9%87-%D8%AC%D9%85%D9%8A%D8%B9-%D8%A7%D9%84%D9%85%D8%B1%D8%A7%D8%AD%D9%84
شرح المواد الطبيه كل ساعه مقابل ٥دولار,.Shaimaa G,2,1,منذ 4 سنوات و4 أشهر,تعليم عن بعد,تعلم العلوم المتخصصة,"الطبيه, شرح.طب.المواد",https://khamsat.com/training/medicine-tutoring/1890742-%D8%B4%D8%B1%D8%AD-%D8%A7%D9%84%D9%85%D9%88%D8%A7%D8%AF-%D8%A7%D9%84%D8%B7%D8%A8%D9%8A%D9%87-%D9%83%D9%84-%D8%B3%D8%A7%D8%B9%D9%87-%D9%85%D9%82%D8%A7%D8%A8%D9%84-%D8%AF%D9%88%D9%84%D8%A7%D8%B1
شرح المواد الطبيبة لطلبة طب وصيدلة,.Nour Elden T,2,2,منذ سنة و7 أشهر,تعليم عن بعد,تعلم العلوم المتخصصة,"تعليم, شرح, طب, طبية, medical",https://khamsat.com/training/medicine-tutoring/2898727-%D8%B4%D8%B1%D8%AD-%D8%A7%D9%84%D9%85%D9%88%D8%A7%D8%AF-%D8%A7%D9%84%D8%B7%D8%A8%D9%8A%D8%A8%D8%A9-%D9%84%D8%B7%D9%84%D8%A8%D8%A9-%D8%B7%D8%A8-%D9%88%D8%B5%D9%8A%D8%AF%D9%84%D8%A9
تدريس المواضيع الطبية و الحيوية,.Ibrahim A,14,13,منذ 3 أشهر و6 أيام,تعليم عن بعد,تعلم العلوم المتخصصة,"كيمياء, طبية, تدريس, بيولوجيا, احياء, خصوصي",https://khamsat.com/training/medicine-tutoring/1508606-%D8%AA%D8%AF%D8%B1%D9%8A%D8%B3-%D8%A7%D9%84%D9%85%D9%88%D8%A7%D8%B6%D9%8A%D8%B9-%D8%A7%D9%84%D8%B7%D8%A8%D9%8A%D8%A9-%D9%88-%D8%A7%D9%84%D8%AD%D9%8A%D9%88%D9%8A%D8%A9
تقديم شروحات في المواد الطبية,آلاء ط.,0,0,Aucun avis,تعليم عن بعد,تعلم العلوم المتخصصة,"شرح, طبية, طبي, طبيب",https://khamsat.com/training/medicine-tutoring/2809789-%D8%AA%D9%82%D8%AF%D9%8A%D9%85-%D8%B4%D8%B1%D9%88%D8%AD%D8%A7%D8%AA-%D9%81%D9%8A-%D8%A7%D9%84%D9%85%D9%88%D8%A7%D8%AF-%D8%A7%D9%84%D8%B7%D8%A8%D9%8A%D8%A9
أساعدك فى فهم مسائل الدوائر الكهربية والالكترونية circuits,عبدالستار ك.,2,1,منذ 8 أشهر و12 يوم,تعليم عن بعد,تعلم العلوم المتخصصة,"تعليم, دوائر الكترونية, تعلم عن بعد, فيزياء كهربية",https://khamsat.com/training/learn-science/1717262-%D8%A3%D8%B3%D8%A7%D8%B9%D8%AF%D9%83-%D9%81%D9%89-%D9%81%D9%87%D9%85-%D9%85%D8%B3%D8%A7%D8%A6%D9%84-%D8%A7%D9%84%D8%AF%D9%88%D8%A7%D8%A6%D8%B1-%D8%A7%D9%84%D9%83%D9%87%D8%B1%D8%A8%D9%8A%D8%A9-%D9%88%D8%A7%D9%84%D8%A7%D9%84%D9%83%D8%AA%D8%B1%D9%88%D9%86%D9%8A%D8%A9-circuits
تعلم العلوم,Non trouvé,Non trouvé,Non trouvé,Aucun avis,تعليم عن بعد,تعلم العلوم المتخصصة,Aucun tag,https://khamsat.com/training/learn-science/3882203-%D8%AA%D8%B9%D9%84%D9%85-%D9%85%D8%A7%D8%AF%D8%A9-%D8%A7%D9%84%D8%B9%D9%84%D9%88%D9%85-%D9%85%D8%B9-%D8%A8%D8%A7%D8%AD%D8%AB-%D8%B9%D9%84%D9%85%D9%8A-learn-science
حل أسئلة كيمياء و بيولوجي للكليات الطبية باللغة الإنجليزية,.George N,1,1,منذ سنة و11 ساعة,تعليم عن بعد,تعلم العلوم المتخصصة,"كتابة, حل, طبية, medical, الواجبات",https://khamsat.com/training/learn-science/3512392-%D8%AD%D9%84-%D8%A3%D8%B3%D8%A6%D9%84%D8%A9-%D9%83%D9%8A%D9%85%D9%8A%D8%A7%D8%A1-%D9%88-%D8%A8%D9%8A%D9%88%D9%84%D9%88%D8%AC%D9%8A-%D9%84%D9%84%D9%83%D9%84%D9%8A%D8%A7%D8%AA-%D8%A7%D9%84%D8%B7%D8%A8%D9%8A%D8%A9-%D8%A8%D8%A7%D9%84%D9%84%D8%BA%D8%A9-%D8%A7%D9%84%D8%A5%D9%86%D8%AC%D9%84%D9%8A%D8%B2%D9%8A%D8%A9
المساعدة في حل مسائل الفيزياء والكيمياء,محمد ا.,9,5,منذ سنتين و3 أيام,تعليم عن بعد,تعلم العلوم المتخصصة,"دروس, مسائل, فيزياء, واجبات, الكيمياء",https://khamsat.com/training/learn-science/2338567-%D8%A7%D9%84%D9%85%D8%B3%D8%A7%D8%B9%D8%AF%D8%A9-%D9%81%D9%8A-%D8%AD%D9%84-%D9%85%D8%B3%D8%A7%D8%A6%D9%84-%D8%A7%D9%84%D9%81%D9%8A%D8%B2%D9%8A%D8%A7%D8%A1-%D9%88%D8%A7%D9%84%D9%83%D9%8A%D9%85%D9%8A%D8%A7%D8%A1
شرح وحل أسئلة مادة الكيمياء لجميع المراحل التعليمية,.Mohamed K,12,12,منذ 11 شهر و16 يوم,تعليم عن بعد,تعلم العلوم المتخصصة,"علوم, شرح, chemistry, أسئلة, الكيمياء",https://khamsat.com/training/learn-science/2948867-%D8%B4%D8%B1%D8%AD-%D9%88%D8%AD%D9%84-%D8%A3%D8%B3%D8%A6%D9%84%D8%A9-%D9%85%D8%A7%D8%AF%D8%A9-%D8%A7%D9%84%D9%83%D9%8A%D9%85%D9%8A%D8%A7%D8%A1-%D9%84%D8%AC%D9%85%D9%8A%D8%B9-%D8%A7%D9%84%D9%85%D8%B1%D8%A7%D8%AD%D9%84-%D8%A7%D9%84%D8%AA%D8%B9%D9%84%D9%8A%D9%85%D9%8A%D8%A9
تعليم فيزياء لجميع المناهج التعليمية .,.Mahmoud S,3,3,منذ سنة وشهر,تعليم عن بعد,تعلم العلوم المتخصصة,"تعليم, مناهج, شرح, محاضرات",https://khamsat.com/training/learn-science/3400200-%D8%AA%D8%B9%D9%84%D9%8A%D9%85-%D9%81%D9%8A%D8%B2%D9%8A%D8%A7%D8%A1-%D9%84%D8%AC%D9%85%D9%8A%D8%B9-%D8%A7%D9%84%D9%85%D9%86%D8%A7%D9%87%D8%AC-%D8%A7%D9%84%D8%AA%D8%B9%D9%84%D9%8A%D9%85%D9%8A%D8%A9-
تعلم العلوم,Non trouvé,Non trouvé,Non trouvé,Aucun avis,تعليم عن بعد,تعلم العلوم المتخصصة,Aucun tag,https://khamsat.com/training/learn-science/1592962-%D8%AA%D8%AF%D8%B1%D8%B1%D9%8A%D8%B3-%D8%A7%D9%84%D8%B9%D9%84%D9%88%D9%85-%D9%88%D8%A7%D9%84%D8%A3%D8%AD%D9%8A%D8%A7%D8%A1-%D9%83%D8%A7%D9%81%D8%A9-%D8%A7%D9%84%D9%85%D8%B1%D8%A7%D8%AD%D9%84-%D9%85%D9%86-%D8%A7%D9%84%D8%A7%D8%A8%D8%AA%D8%AF%D8%A7%D8%A6%D9%8A-%D8%A5%D9%84%D9%89-%D8%A7%D9%84%D8%AC%D8%A7%D9%85%D8%B9%D9%8A
شرح محاضرات ومسائل لطلبة علوم الحاسب وعلوم البيانات,هبة الله م.,2,1,منذ سنة و7 أشهر,تعليم عن بعد,تعلم العلوم المتخصصة,"علوم, شرح, computer, حاسوب, حاسب, جامعة, science, منهج",https://khamsat.com/training/learn-science/2765061-%D8%B4%D8%B1%D8%AD-%D9%85%D8%AD%D8%A7%D8%B6%D8%B1%D8%A7%D8%AA-%D9%88%D9%85%D8%B3%D8%A7%D8%A6%D9%84-%D9%84%D8%B7%D9%84%D8%A8%D8%A9-%D8%B9%D9%84%D9%88%D9%85-%D8%A7%D9%84%D8%AD%D8%A7%D8%B3%D8%A8-%D9%88%D8%B9%D9%84%D9%88%D9%85-%D8%A7%D9%84%D8%A8%D9%8A%D8%A7%D9%86%D8%A7%D8%AA
دليل شامل لزراعة الطماطم في البيت خطوة بخطوة,.Hager M,1,1,منذ سنة وشهرين,تعليم عن بعد,تعلم العلوم المتخصصة,"تعليم, pdf, دليل, تعليم عن بعد, زراعة",https://khamsat.com/training/learn-science/3304529-%D8%AF%D9%84%D9%8A%D9%84-%D8%B4%D8%A7%D9%85%D9%84-%D9%84%D8%B2%D8%B1%D8%A7%D8%B9%D8%A9-%D8%A7%D9%84%D8%B7%D9%85%D8%A7%D8%B7%D9%85-%D9%81%D9%8A-%D8%A7%D9%84%D8%A8%D9%8A%D8%AA-%D8%AE%D8%B7%D9%88%D8%A9-%D8%A8%D8%AE%D8%B7%D9%88%D8%A9
المساعدة في حل وفهم مسائل الفيزياء لطلاب الجامعة,عبدالمجيد ا.,3,3,منذ 8 أشهر و16 يوم,تعليم عن بعد,تعلم العلوم المتخصصة,"حل, مسائل, فيزياء, تدريس, طلاب, الجامعة, ميكانيك, الكم",https://khamsat.com/training/learn-science/1892401-%D8%A7%D9%84%D9%85%D8%B3%D8%A7%D8%B9%D8%AF%D8%A9-%D9%81%D9%8A-%D8%AD%D9%84-%D9%88%D9%81%D9%87%D9%85-%D9%85%D8%B3%D8%A7%D8%A6%D9%84-%D8%A7%D9%84%D9%81%D9%8A%D8%B2%D9%8A%D8%A7%D8%A1-%D9%84%D8%B7%D9%84%D8%A7%D8%A8-%D8%A7%D9%84%D8%AC%D8%A7%D9%85%D8%B9%D8%A9
شرح وحل الوجبات في الكيمياء والاحياء عربي وانجليزى,سعاد ع.,10,7,منذ شهرين و6 أيام,تعليم عن بعد,تعلم العلوم المتخصصة,"عربي, كيمياء, شرح, حل, انجليزى, واجبات, واحياء",https://khamsat.com/training/learn-science/856367-%D8%B4%D8%B1%D8%AD-%D9%88%D8%AD%D9%84-%D8%A7%D9%84%D9%88%D8%AC%D8%A8%D8%A7%D8%AA-%D9%81%D9%8A-%D8%A7%D9%84%D9%83%D9%8A%D9%85%D9%8A%D8%A7%D8%A1-%D9%88%D8%A7%D9%84%D8%A7%D8%AD%D9%8A%D8%A7%D8%A1-%D8%B9%D8%B1%D8%A8%D9%8A-%D9%88%D8%A7%D9%86%D8%AC%D9%84%D9%8A%D8%B2%D9%89
خدمة شرح دروس مبسطة لمادة العلوم,ولاء م.,1,1,منذ 9 أشهر و7 أيام,تعليم عن بعد,تعلم العلوم المتخصصة,"علوم, تعليم, تعلم, شرح, معلم",https://khamsat.com/training/learn-science/3828419-%D8%AE%D8%AF%D9%85%D8%A9-%D8%B4%D8%B1%D8%AD-%D8%AF%D8%B1%D9%88%D8%B3-%D9%85%D8%A8%D8%B3%D8%B7%D8%A9-%D9%84%D9%85%D8%A7%D8%AF%D8%A9-%D8%A7%D9%84%D8%B9%D9%84%D9%88%D9%85
حل وشرح مسائل الفيزياء للتعليم الاساسي والجامعي,.Ibrahim A,1,1,منذ سنتين و9 أشهر,تعليم عن بعد,تعلم العلوم المتخصصة,"هندسة, التعليم, الجامعي, الفيزياء, مقرر",https://khamsat.com/training/learn-science/1396557-%D8%AD%D9%84-%D9%88%D8%B4%D8%B1%D8%AD-%D9%85%D8%B3%D8%A7%D8%A6%D9%84-%D8%A7%D9%84%D9%81%D9%8A%D8%B2%D9%8A%D8%A7%D8%A1-%D9%84%D9%84%D8%AA%D8%B9%D9%84%D9%8A%D9%85-%D8%A7%D9%84%D8%A7%D8%B3%D8%A7%D8%B3%D9%8A-%D9%88%D8%A7%D9%84%D8%AC%D8%A7%D9%85%D8%B9%D9%8A
شرح مادة الأحياء أو الBiology باللغة العربية والإنجليزية.,.Shahd B,0,0,Aucun avis,تعليم عن بعد,تعلم العلوم المتخصصة,"علوم, شرح, biology, تدريس, احياء",https://khamsat.com/training/learn-science/3118972-%D8%B4%D8%B1%D8%AD-%D9%85%D8%A7%D8%AF%D8%A9-%D8%A7%D9%84%D8%A3%D8%AD%D9%8A%D8%A7%D8%A1-%D8%A3%D9%88-%D8%A7%D9%84biology-%D8%A8%D8%A7%D9%84%D9%84%D8%BA%D8%A9-%D8%A7%D9%84%D8%B9%D8%B1%D8%A8%D9%8A%D8%A9-%D9%88%D8%A7%D9%84%D8%A5%D9%86%D8%AC%D9%84%D9%8A%D8%B2%D9%8A%D8%A9
منهج البيولوجي لطلاب الدبلومة الأمريكية كامل (ACT/EST/SAT).,.George N,0,0,Aucun avis,تعليم عن بعد,تعلم العلوم المتخصصة,"تعليم, شرح, pdf, biology, ملخصات",https://khamsat.com/training/learn-science/3632038-%D9%85%D9%86%D9%87%D8%AC-%D8%A7%D9%84%D8%A8%D9%8A%D9%88%D9%84%D9%88%D8%AC%D9%8A-%D9%84%D8%B7%D9%84%D8%A7%D8%A8-%D8%A7%D9%84%D8%AF%D8%A8%D9%84%D9%88%D9%85%D8%A9-%D8%A7%D9%84%D8%A3%D9%85%D8%B1%D9%8A%D9%83%D9%8A%D8%A9-%D9%83%D8%A7%D9%85%D9%84-actestsat
أشرح لك حل وظائف وواجبات الفيزياء (مدرسة/جامعة),.Lina Bassam S,4,4,منذ سنتين و9 أشهر,تعليم عن بعد,تعلم العلوم المتخصصة,"حساب, مساعدة, اونلاين, فيزياء, جامعي, اعدادي, ابتدائي, ثانوي",https://khamsat.com/training/learn-science/2174094-%D8%A3%D8%B4%D8%B1%D8%AD-%D9%84%D9%83-%D8%AD%D9%84-%D9%88%D8%B8%D8%A7%D8%A6%D9%81-%D9%88%D9%88%D8%A7%D8%AC%D8%A8%D8%A7%D8%AA-%D8%A7%D9%84%D9%81%D9%8A%D8%B2%D9%8A%D8%A7%D8%A1-%D9%85%D8%AF%D8%B1%D8%B3%D8%A9%D8%AC%D8%A7%D9%85%D8%B9%D8%A9
الصفحة المطلوبة غير موجودة,Non trouvé,Non trouvé,Non trouvé,Aucun avis,Inconnu,Inconnu,Aucun tag,https://khamsat.com/training/learn-science/1318786-%D8%B4%D8%B1%D8%AD-%D9%85%D8%A7%D8%AF%D8%A9-%D8%A7%D9%84%D9%81%D9%8A%D8%B2%D9%8A%D8%A7%D8%A1-%D9%81%D8%B5%D9%84%D9%8A-6-%D9%84%D8%B7%D9%84%D8%A7%D8%A8-%D8%A7%D9%84%D9%85%D8%B1%D8%AD%D9%84%D8%A9-%D8%A7%D9%84%D8%AB%D8%A7%D9%86%D9%88%D9%8A%D8%A9
المساعدة في حل واجبات العلوم والتربية الإسلامية,فاطمة ر.,2,2,منذ 9 أشهر و29 يوم,تعليم عن بعد,تعلم العلوم المتخصصة,"علوم, كتابة, شرح, إسلامية, حل, مسائل, تربية, فيزياء, واجبات, أسئلة, توضيح",https://khamsat.com/training/learn-science/2320468-%D8%A7%D9%84%D9%85%D8%B3%D8%A7%D8%B9%D8%AF%D8%A9-%D9%81%D9%8A-%D8%AD%D9%84-%D9%88%D8%A7%D8%AC%D8%A8%D8%A7%D8%AA-%D8%A7%D9%84%D8%B9%D9%84%D9%88%D9%85-%D9%88%D8%A7%D9%84%D8%AA%D8%B1%D8%A8%D9%8A%D8%A9-%D8%A7%D9%84%D8%A5%D8%B3%D9%84%D8%A7%D9%85%D9%8A%D8%A9
شرح دروس مادة الفيزياء لطلاب المرحلة الثانوية و المعاهد والجامعية,مهى ر.,4,3,منذ 4 سنوات و4 أشهر,تعليم عن بعد,تعلم العلوم المتخصصة,"حركة, كهرباء, فيزياء, تحريك, ميكانيك",https://khamsat.com/training/learn-science/1937759-%D8%B4%D8%B1%D8%AD-%D8%AF%D8%B1%D9%88%D8%B3-%D9%85%D8%A7%D8%AF%D8%A9-%D8%A7%D9%84%D9%81%D9%8A%D8%B2%D9%8A%D8%A7%D8%A1-%D9%84%D8%B7%D9%84%D8%A7%D8%A8-%D8%A7%D9%84%D9%85%D8%B1%D8%AD%D9%84%D8%A9-%D8%A7%D9%84%D8%AB%D8%A7%D9%86%D9%88%D9%8A%D8%A9-%D9%88-%D8%A7%D9%84%D9%85%D8%B9%D8%A7%D9%87%D8%AF-%D9%88%D8%A7%D9%84%D8%AC%D8%A7%D9%85%D8%B9%D9%8A%D8%A9
تعلم العلوم,.Wannabe Fruitful A,0,0,Aucun avis,تعليم عن بعد,تعلم العلوم المتخصصة,"علوم, كيمياء, احياء, ابحاث علمية, بيئة",https://khamsat.com/training/learn-science/3923579-%D8%AA%D8%B9%D9%84%D9%85-%D8%A7%D9%84%D8%B9%D9%84%D9%88%D9%85
تدريس خصوصي لمادة الفيزياء لجميع المستويات والمراحل,.Ahmad G,0,0,Aucun avis,تعليم عن بعد,تعلم العلوم المتخصصة,"تعليم, شرح, فيزياء, متابعة, ثانوي",https://khamsat.com/training/learn-science/3707115-%D8%AA%D8%AF%D8%B1%D9%8A%D8%B3-%D8%AE%D8%B5%D9%88%D8%B5%D9%8A-%D9%84%D9%85%D8%A7%D8%AF%D8%A9-%D8%A7%D9%84%D9%81%D9%8A%D8%B2%D9%8A%D8%A7%D8%A1-%D9%84%D8%AC%D9%85%D9%8A%D8%B9-%D8%A7%D9%84%D9%85%D8%B3%D8%AA%D9%88%D9%8A%D8%A7%D8%AA-%D9%88%D8%A7%D9%84%D9%85%D8%B1%D8%A7%D8%AD%D9%84
تدريس مهنج تحصيلي الفيزياء,مصطفي ع.,1,1,منذ 5 سنوات و12 شهر,تعليم عن بعد,تعلم العلوم المتخصصة,"شرح, فيزياء, تمارين, نظري, تحصيلي",https://khamsat.com/training/learn-science/1278642-%D8%AA%D8%AF%D8%B1%D9%8A%D8%B3-%D9%85%D9%87%D9%86%D8%AC-%D8%AA%D8%AD%D8%B5%D9%8A%D9%84%D9%8A-%D8%A7%D9%84%D9%81%D9%8A%D8%B2%D9%8A%D8%A7%D8%A1
مقرر الفيزياء والكيمياء خيار فرنسي الثانية باكالوريا,محمد ا.,0,0,Aucun avis,تعليم عن بعد,تعلم العلوم المتخصصة,"تصميم, تعليم, كيمياء, فيزياء, تدريس",https://khamsat.com/training/learn-science/3363681-%D9%85%D9%82%D8%B1%D8%B1-%D8%A7%D9%84%D9%81%D9%8A%D8%B2%D9%8A%D8%A7%D8%A1-%D9%88%D8%A7%D9%84%D9%83%D9%8A%D9%85%D9%8A%D8%A7%D8%A1-%D8%AE%D9%8A%D8%A7%D8%B1-%D9%81%D8%B1%D9%86%D8%B3%D9%8A-%D8%A7%D9%84%D8%AB%D8%A7%D9%86%D9%8A%D8%A9-%D8%A8%D8%A7%D9%83%D8%A7%D9%84%D9%88%D8%B1%D9%8A%D8%A7
حل مسائل كيمياء وفيزياء ورياضيات لطلبة المدارس والجامعات,.Ahmed E,1,1,منذ 6 أشهر و20 يوم,تعليم عن بعد,تعلم العلوم المتخصصة,"رياضيات, تعليم, مناهج, عن, كيمياء, شرح, الرياضيات, مسائل, فيزياء",https://khamsat.com/training/learn-science/2278814-%D8%AD%D9%84-%D9%85%D8%B3%D8%A7%D8%A6%D9%84-%D9%83%D9%8A%D9%85%D9%8A%D8%A7%D8%A1-%D9%88%D9%81%D9%8A%D8%B2%D9%8A%D8%A7%D8%A1-%D9%88%D8%B1%D9%8A%D8%A7%D8%B6%D9%8A%D8%A7%D8%AA-%D9%84%D8%B7%D9%84%D8%A8%D8%A9-%D8%A7%D9%84%D9%85%D8%AF%D8%A7%D8%B1%D8%B3-%D9%88%D8%A7%D9%84%D8%AC%D8%A7%D9%85%D8%B9%D8%A7%D8%AA
تعلم العلوم,Non trouvé,Non trouvé,Non trouvé,Aucun avis,تعليم عن بعد,تعلم العلوم المتخصصة,Aucun tag,https://khamsat.com/training/learn-science/2280011-%D8%AD%D9%84-%D8%A7%D8%B3%D8%A6%D9%84%D9%87-%D8%A7%D9%84%D9%83%D9%8A%D9%85%D9%8A%D8%A7%D8%A1-%D8%A7%D9%84%D8%B9%D8%B6%D9%88%D9%8A%D9%87-%D9%88%D8%A7%D9%84%D8%AA%D8%AD%D9%84%D9%8A%D9%84%D9%8A%D8%A9
شرح مادة ال Science لجميع المراحل التعليمية,ساره ص.,0,0,Aucun avis,تعليم عن بعد,تعلم العلوم المتخصصة,"تعليم, كيمياء, chemistry, تدريس, ساينس",https://khamsat.com/training/learn-science/2131137-%D8%B4%D8%B1%D8%AD-%D9%85%D8%A7%D8%AF%D8%A9-%D8%A7%D9%84-science-%D9%84%D8%AC%D9%85%D9%8A%D8%B9-%D8%A7%D9%84%D9%85%D8%B1%D8%A7%D8%AD%D9%84-%D8%A7%D9%84%D8%AA%D8%B9%D9%84%D9%8A%D9%85%D9%8A%D8%A9
تدريس كيمياء وفيزياء ورياضيات وتأسيس الإبتدائي,.Manar A,0,0,Aucun avis,تعليم عن بعد,تعلم العلوم المتخصصة,"رياضيات, علوم, تعليم, مناهج, كيمياء, مسائل, فيزياء, تدريس",https://khamsat.com/training/learn-science/2640420-%D8%AA%D8%AF%D8%B1%D9%8A%D8%B3-%D9%83%D9%8A%D9%85%D9%8A%D8%A7%D8%A1-%D9%88%D9%81%D9%8A%D8%B2%D9%8A%D8%A7%D8%A1-%D9%88%D8%B1%D9%8A%D8%A7%D8%B6%D9%8A%D8%A7%D8%AA-%D9%88%D8%AA%D8%A3%D8%B3%D9%8A%D8%B3-%D8%A7%D9%84%D8%A5%D8%A8%D8%AA%D8%AF%D8%A7%D8%A6%D9%8A
تعليم العلوم بفروعه المختلفة بطريقة مشوقة وممتعة عن بعد,.Esraa M,0,0,Aucun avis,تعليم عن بعد,تعلم العلوم المتخصصة,"علوم, دروس, تعليم, شرح, تدريس",https://khamsat.com/training/learn-science/3015057-%D8%AA%D8%B9%D9%84%D9%8A%D9%85-%D8%A7%D9%84%D8%B9%D9%84%D9%88%D9%85-%D8%A8%D9%81%D8%B1%D9%88%D8%B9%D9%87-%D8%A7%D9%84%D9%85%D8%AE%D8%AA%D9%84%D9%81%D8%A9-%D8%A8%D8%B7%D8%B1%D9%8A%D9%82%D8%A9-%D9%85%D8%B4%D9%88%D9%82%D8%A9-%D9%88%D9%85%D9%85%D8%AA%D8%B9%D8%A9-%D8%B9%D9%86-%D8%A8%D8%B9%D8%AF
دليل شامل لزراعة النعناع في المنزل خطوة بخطوة.,.Hager M,0,0,Aucun avis,تعليم عن بعد,تعلم العلوم المتخصصة,"تعليم, pdf, دليل, تعليم عن بعد, زراعة",https://khamsat.com/training/learn-science/3338095-%D8%AF%D9%84%D9%8A%D9%84-%D8%B4%D8%A7%D9%85%D9%84-%D9%84%D8%B2%D8%B1%D8%A7%D8%B9%D8%A9-%D8%A7%D9%84%D9%86%D8%B9%D9%86%D8%A7%D8%B9-%D9%81%D9%8A-%D8%A7%D9%84%D9%85%D9%86%D8%B2%D9%84-%D8%AE%D8%B7%D9%88%D8%A9-%D8%A8%D8%AE%D8%B7%D9%88%D8%A9
اعداد 400 سؤال في مادة العلوم,.Hanan A,0,0,Aucun avis,تعليم عن بعد,تعلم العلوم المتخصصة,"كتابة, أسئلة",https://khamsat.com/training/learn-science/2101341-%D8%A7%D8%B9%D8%AF%D8%A7%D8%AF-400-%D8%B3%D8%A4%D8%A7%D9%84-%D9%81%D9%8A-%D9%85%D8%A7%D8%AF%D8%A9-%D8%A7%D9%84%D8%B9%D9%84%D9%88%D9%85
مساعدة في حل واجبات العلوم,.Amira M,0,0,Aucun avis,تعليم عن بعد,تعلم العلوم المتخصصة,"علوم, كيمياء, شرح, حل, واجبات",https://khamsat.com/training/learn-science/2584045-%D9%85%D8%B3%D8%A7%D8%B9%D8%AF%D8%A9-%D9%81%D9%8A-%D8%AD%D9%84-%D9%88%D8%A7%D8%AC%D8%A8%D8%A7%D8%AA-%D8%A7%D9%84%D8%B9%D9%84%D9%88%D9%85
شرح متميز لدروس الأحياء والكيمياء مع مساعدة في حل الواجبات,.Rania M,0,0,Aucun avis,تعليم عن بعد,تعلم العلوم المتخصصة,"علوم, دروس, كتابة, كيمياء, شرح, أحياء, شروحات, العلوم, دروس اونلاين, اسالة",https://khamsat.com/training/learn-science/2830852-%D8%B4%D8%B1%D8%AD-%D9%85%D8%AA%D9%85%D9%8A%D8%B2-%D9%84%D8%AF%D8%B1%D9%88%D8%B3-%D8%A7%D9%84%D8%A3%D8%AD%D9%8A%D8%A7%D8%A1-%D9%88%D8%A7%D9%84%D9%83%D9%8A%D9%85%D9%8A%D8%A7%D8%A1-%D9%85%D8%B9-%D9%85%D8%B3%D8%A7%D8%B9%D8%AF%D8%A9-%D9%81%D9%8A-%D8%AD%D9%84-%D8%A7%D9%84%D9%88%D8%A7%D8%AC%D8%A8%D8%A7%D8%AA
شرح مواد العلوم السياسيه والاداره والتسويق لطلبه الجامعه,.Keroles S,15,14,منذ سنتين و8 أشهر,تعليم عن بعد,تعلم العلوم المتخصصة,"بحث, اعمال, business, ادارة, study, assignment, case, administration",https://khamsat.com/training/learn-science/1295853-%D8%B4%D8%B1%D8%AD-%D9%85%D9%88%D8%A7%D8%AF-%D8%A7%D9%84%D8%B9%D9%84%D9%88%D9%85-%D8%A7%D9%84%D8%B3%D9%8A%D8%A7%D8%B3%D9%8A%D9%87-%D9%88%D8%A7%D9%84%D8%A7%D8%AF%D8%A7%D8%B1%D9%87-%D9%88%D8%A7%D9%84%D8%AA%D8%B3%D9%88%D9%8A%D9%82-%D9%84%D8%B7%D9%84%D8%A8%D9%87-%D8%A7%D9%84%D8%AC%D8%A7%D9%85%D8%B9%D9%87
تعلم العلوم,Non trouvé,Non trouvé,Non trouvé,Aucun avis,تعليم عن بعد,تعلم العلوم المتخصصة,Aucun tag,https://khamsat.com/training/learn-science/1403862-%D8%B4%D8%B1%D8%AD-%D8%AF%D8%B1%D9%88%D8%B3-%D8%A7%D9%84%D9%81%D9%8A%D8%B2%D9%8A%D8%A7%D8%A1-%D9%88-%D8%A7%D9%84%D9%83%D9%8A%D9%85%D9%8A%D8%A7%D8%A1-%D9%84%D8%AC%D9%85%D9%8A%D8%B9-%D8%A7%D9%84%D8%A3%D8%B7%D9%88%D8%A7%D8%B1
شرح مادة الأحياء و الكيمياء و العلوم الطبية,.Aya H,3,1,منذ 7 سنوات و7 أشهر,تعليم عن بعد,تعلم العلوم المتخصصة,"علوم, كيمياء, شرح, طبية, احياء",https://khamsat.com/training/learn-science/1027059-%D8%B4%D8%B1%D8%AD-%D9%85%D8%A7%D8%AF%D8%A9-%D8%A7%D9%84%D8%A3%D8%AD%D9%8A%D8%A7%D8%A1-%D9%88-%D8%A7%D9%84%D9%83%D9%8A%D9%85%D9%8A%D8%A7%D8%A1-%D9%88-%D8%A7%D9%84%D8%B9%D9%84%D9%88%D9%85-%D8%A7%D9%84%D8%B7%D8%A8%D9%8A%D8%A9
تدريس مادة العلوم كافة المراحل التعليمية,.Abdallah E,0,0,Aucun avis,تعليم عن بعد,تعلم العلوم المتخصصة,"تعليم, شرح, حل, واجبات, العلوم",https://khamsat.com/training/learn-science/3134074-%D8%AA%D8%AF%D8%B1%D9%8A%D8%B3-%D9%85%D8%A7%D8%AF%D8%A9-%D8%A7%D9%84%D8%B9%D9%84%D9%88%D9%85-%D9%83%D8%A7%D9%81%D8%A9-%D8%A7%D9%84%D9%85%D8%B1%D8%A7%D8%AD%D9%84-%D8%A7%D9%84%D8%AA%D8%B9%D9%84%D9%8A%D9%85%D9%8A%D8%A9
شرح الفيزياء,.Eid S,0,0,Aucun avis,تعليم عن بعد,تعلم العلوم المتخصصة,"تعليم, شرح, حل, مسائل, فيزياء",https://khamsat.com/training/learn-science/1283468-%D8%B4%D8%B1%D8%AD-%D8%A7%D9%84%D9%81%D9%8A%D8%B2%D9%8A%D8%A7%D8%A1
الصفحة المطلوبة غير موجودة,Non trouvé,Non trouvé,Non trouvé,Aucun avis,Inconnu,Inconnu,Aucun tag,https://khamsat.com/training/learn-science/1310224-%D8%AA%D9%82%D8%AF%D9%8A%D9%85-%D8%B4%D8%B1%D8%AD-%D9%84%D9%85%D9%82%D8%B1%D8%B1-%D8%A7%D9%84%D9%81%D9%8A%D8%B2%D9%8A%D8%A7%D8%A1-%D8%A7%D9%84%D8%B7%D8%A8%D9%8A%D9%87-%D9%84%D8%B7%D9%84%D8%A7%D8%A8-%D8%A7%D9%84%D8%B7%D8%A8
مدرس اون لاين للعلوم الاساسيه فيزياء - احياء - كيمياء,.Rewan E,0,0,Aucun avis,تعليم عن بعد,تعلم العلوم المتخصصة,"مناهج, كيمياء, احياء, العلوم, الفيزياء",https://khamsat.com/training/learn-science/3734531-%D9%85%D8%AF%D8%B1%D8%B3-%D8%A7%D9%88%D9%86-%D9%84%D8%A7%D9%8A%D9%86-%D9%84%D9%84%D8%B9%D9%84%D9%88%D9%85-%D8%A7%D9%84%D8%A7%D8%B3%D8%A7%D8%B3%D9%8A%D9%87-%D9%81%D9%8A%D8%B2%D9%8A%D8%A7%D8%A1-%D8%A7%D8%AD%D9%8A%D8%A7%D8%A1-%D9%83%D9%8A%D9%85%D9%8A%D8%A7%D8%A1
شرح وتلخيص مناهج مادة الأحياء صف عاشر وحادي وثاني عشر,.Moussa A,0,0,Aucun avis,تعليم عن بعد,تعلم العلوم المتخصصة,"شرح, أسئلة, احياء, تلخيصات, عاشر",https://khamsat.com/training/learn-science/3746006-%D8%B4%D8%B1%D8%AD-%D9%88%D8%AA%D9%84%D8%AE%D9%8A%D8%B5-%D9%85%D9%86%D8%A7%D9%87%D8%AC-%D9%85%D8%A7%D8%AF%D8%A9-%D8%A7%D9%84%D8%A3%D8%AD%D9%8A%D8%A7%D8%A1-%D8%B5%D9%81-%D8%B9%D8%A7%D8%B4%D8%B1-%D9%88%D8%AD%D8%A7%D8%AF%D9%8A-%D9%88%D8%AB%D8%A7%D9%86%D9%8A-%D8%B9%D8%B4%D8%B1
كورس تدريبي  لتدريب معلمي Science,.Moshera S,0,0,Aucun avis,تعليم عن بعد,تعلم العلوم المتخصصة,"تصميم, كتابة, powerpoint, تدريب, تدريب عن بعد",https://khamsat.com/training/learn-science/3798584-%D9%83%D9%88%D8%B1%D8%B3-%D8%AA%D8%AF%D8%B1%D9%8A%D8%A8%D9%8A-%D9%84%D8%AA%D8%AF%D8%B1%D9%8A%D8%A8-%D9%85%D8%B9%D9%84%D9%85%D9%8A-science
شرح وحل امتحانات سابقة لمادة العلوم المتكاملة,.Sara M,0,0,Aucun avis,تعليم عن بعد,تعلم العلوم المتخصصة,"علوم, تعلم, كيمياء, فيزياء, احياء",https://khamsat.com/training/learn-science/3294661-%D8%B4%D8%B1%D8%AD-%D9%88%D8%AD%D9%84-%D8%A7%D9%85%D8%AA%D8%AD%D8%A7%D9%86%D8%A7%D8%AA-%D8%B3%D8%A7%D8%A8%D9%82%D8%A9-%D9%84%D9%85%D8%A7%D8%AF%D8%A9-%D8%A7%D9%84%D8%B9%D9%84%D9%88%D9%85-%D8%A7%D9%84%D9%85%D8%AA%D9%83%D8%A7%D9%85%D9%84%D8%A9
حل وشرح مسائل الفيزياء للمرحلة الثانوية,.Ahmed A,0,0,Aucun avis,تعليم عن بعد,تعلم العلوم المتخصصة,"حلول, شرح, حل, مسائل, الفيزياء",https://khamsat.com/training/learn-science/3684654-%D8%AD%D9%84-%D9%88%D8%B4%D8%B1%D8%AD-%D9%85%D8%B3%D8%A7%D8%A6%D9%84-%D8%A7%D9%84%D9%81%D9%8A%D8%B2%D9%8A%D8%A7%D8%A1-%D9%84%D9%84%D9%85%D8%B1%D8%AD%D9%84%D8%A9-%D8%A7%D9%84%D8%AB%D8%A7%D9%86%D9%88%D9%8A%D8%A9
مدرس فيزياء Physics Teacher,بندر أ.,0,0,Aucun avis,تعليم عن بعد,تعلم العلوم المتخصصة,"تعليم عن بعد, فيزياء, physics, تدريس, igcse",https://khamsat.com/training/learn-science/3645440-%D9%85%D8%AF%D8%B1%D8%B3-%D9%81%D9%8A%D8%B2%D9%8A%D8%A7%D8%A1-physics-teacher
عمل اسئلة للتدريب في مادة الكيمياء لجميع المراحل,.Eslam K,0,0,Aucun avis,تعليم عن بعد,تعلم العلوم المتخصصة,Aucun tag,https://khamsat.com/training/learn-science/2267902-%D8%B9%D9%85%D9%84-%D8%A7%D8%B3%D8%A6%D9%84%D8%A9-%D9%84%D9%84%D8%AA%D8%AF%D8%B1%D9%8A%D8%A8-%D9%81%D9%8A-%D9%85%D8%A7%D8%AF%D8%A9-%D8%A7%D9%84%D9%83%D9%8A%D9%85%D9%8A%D8%A7%D8%A1-%D9%84%D8%AC%D9%85%D9%8A%D8%B9-%D8%A7%D9%84%D9%85%D8%B1%D8%A7%D8%AD%D9%84
المساعدة في حل تمارين الكيمياء,.Eslam K,0,0,Aucun avis,تعليم عن بعد,تعلم العلوم المتخصصة,Aucun tag,https://khamsat.com/training/learn-science/2276907-%D8%A7%D9%84%D9%85%D8%B3%D8%A7%D8%B9%D8%AF%D8%A9-%D9%81%D9%8A-%D8%AD%D9%84-%D8%AA%D9%85%D8%A7%D8%B1%D9%8A%D9%86-%D8%A7%D9%84%D9%83%D9%8A%D9%85%D9%8A%D8%A7%D8%A1
شرح مادة العلوم للمرحلة الابتدائية والإعدادية,.Sara M,0,0,Aucun avis,تعليم عن بعد,تعلم العلوم المتخصصة,Aucun tag,https://khamsat.com/training/learn-science/1901590-%D8%B4%D8%B1%D8%AD-%D9%85%D8%A7%D8%AF%D8%A9-%D8%A7%D9%84%D8%B9%D9%84%D9%88%D9%85-%D9%84%D9%84%D9%85%D8%B1%D8%AD%D9%84%D8%A9-%D8%A7%D9%84%D8%A7%D8%A8%D8%AA%D8%AF%D8%A7%D8%A6%D9%8A%D8%A9-%D9%88%D8%A7%D9%84%D8%A5%D8%B9%D8%AF%D8%A7%D8%AF%D9%8A%D8%A9
ندريس مواد الفيزياء والكيمياء,.Mohamad A,10,4,منذ 4 سنوات و7 أشهر,تعليم عن بعد,تعلم العلوم المتخصصة,"مواد, تدريس, الفيزياء, والكيمياء",https://khamsat.com/training/learn-science/1765105-%D9%86%D8%AF%D8%B1%D9%8A%D8%B3-%D9%85%D9%88%D8%A7%D8%AF-%D8%A7%D9%84%D9%81%D9%8A%D8%B2%D9%8A%D8%A7%D8%A1-%D9%88%D8%A7%D9%84%D9%83%D9%8A%D9%85%D9%8A%D8%A7%D8%A1
تعلم العلوم,Non trouvé,Non trouvé,Non trouvé,Aucun avis,تعليم عن بعد,تعلم العلوم المتخصصة,Aucun tag,https://khamsat.com/training/learn-science/1941419-%D9%85%D8%B3%D8%A7%D8%B9%D8%AF%D8%A9-%D9%81%D9%8A-%D8%A7%D9%84%D8%B1%D9%8A%D8%A7%D8%B6%D9%8A%D8%A7%D8%AA-%D8%A7%D9%84%D9%81%D9%8A%D8%B2%D9%8A%D8%A7%D8%A1-%D9%88%D8%A7%D9%84%D9%83%D9%8A%D9%85%D9%8A%D8%A7%D8%A1
المساعدة في حل مسائل الرياضيات، الفيزياء والكيمياء.,أنس م.,54,52,منذ 4 سنوات و9 أشهر,تعليم عن بعد,تعلم العلوم المتخصصة,"رياضيات, حلول, تعليم, عن, بعد, كيمياء, تقديم, فيزياء, معادلات, الواجبات",https://khamsat.com/training/learn-science/1406289-%D8%A7%D9%84%D9%85%D8%B3%D8%A7%D8%B9%D8%AF%D8%A9-%D9%81%D9%8A-%D8%AD%D9%84-%D9%85%D8%B3%D8%A7%D8%A6%D9%84-%D8%A7%D9%84%D8%B1%D9%8A%D8%A7%D8%B6%D9%8A%D8%A7%D8%AA-%D8%A7%D9%84%D9%81%D9%8A%D8%B2%D9%8A%D8%A7%D8%A1-%D9%88%D8%A7%D9%84%D9%83%D9%8A%D9%85%D9%8A%D8%A7%D8%A1
مساعده ف حل واجبات  بماده العلوم والاحياء وتبسيطها لغات وعربي,ايمان م.,3,2,منذ سنتين و3 أشهر,تعليم عن بعد,تعلم العلوم المتخصصة,"شرح, حل, واجبات, فهم, العلوم, الأحياء",https://khamsat.com/training/learn-science/1585012-%D9%85%D8%B3%D8%A7%D8%B9%D8%AF%D9%87-%D9%81-%D8%AD%D9%84-%D9%88%D8%A7%D8%AC%D8%A8%D8%A7%D8%AA-%D8%A8%D9%85%D8%A7%D8%AF%D9%87-%D8%A7%D9%84%D8%B9%D9%84%D9%88%D9%85-%D9%88%D8%A7%D9%84%D8%A7%D8%AD%D9%8A%D8%A7%D8%A1-%D9%88%D8%AA%D8%A8%D8%B3%D9%8A%D8%B7%D9%87%D8%A7-%D9%84%D8%BA%D8%A7%D8%AA-%D9%88%D8%B9%D8%B1%D8%A8%D9%8A
تلخيص وتبسيط محاضرات وكتب لطلبه كليه العلوم,.Mona A,0,0,Aucun avis,تعليم عن بعد,تعلم العلوم المتخصصة,"تلخيص, دروس, كيمياء, شرح, رياضه, مسائل, تمارين, واجبات, أسئلة",https://khamsat.com/training/learn-science/1792675-%D8%AA%D9%84%D8%AE%D9%8A%D8%B5-%D9%88%D8%AA%D8%A8%D8%B3%D9%8A%D8%B7-%D9%85%D8%AD%D8%A7%D8%B6%D8%B1%D8%A7%D8%AA-%D9%88%D9%83%D8%AA%D8%A8-%D9%84%D8%B7%D9%84%D8%A8%D9%87-%D9%83%D9%84%D9%8A%D9%87-%D8%A7%D9%84%D8%B9%D9%84%D9%88%D9%85
المساعده في حل وشرح الاسئله في مجال الكيمياء,.Mona A,11,8,منذ 3 سنوات وشهرين,تعليم عن بعد,تعلم العلوم المتخصصة,"دروس, كيمياء, شرح, رياضه, حل, مسائل, تمارين, واجبات, أسئلة",https://khamsat.com/training/learn-science/1785856-%D8%A7%D9%84%D9%85%D8%B3%D8%A7%D8%B9%D8%AF%D9%87-%D9%81%D9%8A-%D8%AD%D9%84-%D9%88%D8%B4%D8%B1%D8%AD-%D8%A7%D9%84%D8%A7%D8%B3%D8%A6%D9%84%D9%87-%D9%81%D9%8A-%D9%85%D8%AC%D8%A7%D9%84-%D8%A7%D9%84%D9%83%D9%8A%D9%85%D9%8A%D8%A7%D8%A1
تعليم  تحليل البيانات علي اكسيل وباور بي اي Power BI,أحمد و.,7,4,منذ شهر و7 أيام,تعليم عن بعد,أخرى,"شرح, تدريب, microsoft excel, تدريس, power bi",https://khamsat.com/training/learn-accounting/3343455-%D8%AA%D8%B9%D9%84%D9%8A%D9%85-%D8%AA%D8%AD%D9%84%D9%8A%D9%84-%D8%A7%D9%84%D8%A8%D9%8A%D8%A7%D9%86%D8%A7%D8%AA-%D8%B9%D9%84%D9%8A-%D8%A7%D9%83%D8%B3%D9%8A%D9%84-%D9%88%D8%A8%D8%A7%D9%88%D8%B1-%D8%A8%D9%8A-%D8%A7%D9%8A-power-bi
كورس اصنع برنامجك المحاسبي بنفسك بـ  Excel و VBA,سيد ح.,1,1,منذ سنتين و6 أيام,تعليم عن بعد,تعلم العلوم المتخصصة,"برمجة, excel, تطوير, محاسبة, أساسيات, كورس, اكسيل, اكسل, vba",https://khamsat.com/training/learn-accounting/2781632-%D9%83%D9%88%D8%B1%D8%B3-%D8%A7%D8%B5%D9%86%D8%B9-%D8%A8%D8%B1%D9%86%D8%A7%D9%85%D8%AC%D9%83-%D8%A7%D9%84%D9%85%D8%AD%D8%A7%D8%B3%D8%A8%D9%8A-%D8%A8%D9%86%D9%81%D8%B3%D9%83-%D8%A8%D9%80-excel-%D9%88-vba
المساعدة فى حل مسائل وتمارين المحاسبة المالية والتمويل,محمد ر.,15,10,منذ شهر و9 أيام,تعليم عن بعد,تعلم العلوم المتخصصة,"word, محاسبة, مالية, واجبات, قوائم مالية",https://khamsat.com/training/learn-accounting/3139857-%D8%A7%D9%84%D9%85%D8%B3%D8%A7%D8%B9%D8%AF%D8%A9-%D9%81%D9%89-%D8%AD%D9%84-%D9%85%D8%B3%D8%A7%D8%A6%D9%84-%D9%88%D8%AA%D9%85%D8%A7%D8%B1%D9%8A%D9%86-%D8%A7%D9%84%D9%85%D8%AD%D8%A7%D8%B3%D8%A8%D8%A9-%D8%A7%D9%84%D9%85%D8%A7%D9%84%D9%8A%D8%A9-%D9%88%D8%A7%D9%84%D8%AA%D9%85%D9%88%D9%8A%D9%84
شرح مسألة في التحليل الكمي في مجال إدارة الأعمال,.Lina Bassam S,10,9,منذ سنة و3 أشهر,تعليم عن بعد,تعلم العلوم المتخصصة,"تحليل, أعمال, إدارة, توقع, كمي",https://khamsat.com/training/learn-accounting/2311868-%D8%B4%D8%B1%D8%AD-%D9%85%D8%B3%D8%A3%D9%84%D8%A9-%D9%81%D9%8A-%D8%A7%D9%84%D8%AA%D8%AD%D9%84%D9%8A%D9%84-%D8%A7%D9%84%D9%83%D9%85%D9%8A-%D9%81%D9%8A-%D9%85%D8%AC%D8%A7%D9%84-%D8%A5%D8%AF%D8%A7%D8%B1%D8%A9-%D8%A7%D9%84%D8%A3%D8%B9%D9%85%D8%A7%D9%84
تقديم تدريب علي برنامج اودو المحاسبي Odoo Accounting,.Karim E,10,6,منذ سنة و19 يوم,تعليم عن بعد,تعلم العلوم المتخصصة,"نظام, تدريب, محاسبة, odoo, اودو",https://khamsat.com/training/learn-accounting/3073199-%D8%AA%D9%82%D8%AF%D9%8A%D9%85-%D8%AA%D8%AF%D8%B1%D9%8A%D8%A8-%D8%B9%D9%84%D9%8A-%D8%A8%D8%B1%D9%86%D8%A7%D9%85%D8%AC-%D8%A7%D9%88%D8%AF%D9%88-%D8%A7%D9%84%D9%85%D8%AD%D8%A7%D8%B3%D8%A8%D9%8A-odoo-accounting
تدريب عملي  اونلاين بالمحاسبة المالية,.Akram M,11,9,منذ 10 أشهر و12 يوم,تعليم عن بعد,تعلم العلوم المتخصصة,"محاسبة, قوائم, مالية, الحسابات, zoom",https://khamsat.com/training/learn-accounting/1819051-%D8%AA%D8%AF%D8%B1%D9%8A%D8%A8-%D8%B9%D9%85%D9%84%D9%8A-%D8%A7%D9%88%D9%86%D9%84%D8%A7%D9%8A%D9%86-%D8%A8%D8%A7%D9%84%D9%85%D8%AD%D8%A7%D8%B3%D8%A8%D8%A9-%D8%A7%D9%84%D9%85%D8%A7%D9%84%D9%8A%D8%A9
شرح برنامج ZOHO BOOKS المحاسبي,.Ahmed Hazem A,20,18,منذ 5 أشهر و29 يوم,تعليم عن بعد,تعلم العلوم المتخصصة,"برنامج, الكترونية, محاسبة, books, فاتورة, محاسبه, محاسبي, zoho, زوهو, zohobooks",https://khamsat.com/training/learn-accounting/1648106-%D8%B4%D8%B1%D8%AD-%D8%A8%D8%B1%D9%86%D8%A7%D9%85%D8%AC-zoho-books-%D8%A7%D9%84%D9%85%D8%AD%D8%A7%D8%B3%D8%A8%D9%8A
استخدام الاكسيل فى المحاسبة,.Mahmoud G,3,1,منذ 11 شهر و24 يوم,تعليم عن بعد,تعلم العلوم المتخصصة,"حسابات, تدريب, محاسبة, اكسيل, تكاليف",https://khamsat.com/training/learn-accounting/2060854-%D8%A7%D8%B3%D8%AA%D8%AE%D8%AF%D8%A7%D9%85-%D8%A7%D9%84%D8%A7%D9%83%D8%B3%D9%8A%D9%84-%D9%81%D9%89-%D8%A7%D9%84%D9%85%D8%AD%D8%A7%D8%B3%D8%A8%D8%A9
نقدم لكم مساعدة في حل و شرح مسائل المحاسبة,.Mohammad A,11,9,منذ سنتين وشهر,تعليم عن بعد,تعلم العلوم المتخصصة,"محاسبة, تكاليف, مصرفية",https://khamsat.com/training/learn-accounting/2023771-%D9%86%D9%82%D8%AF%D9%85-%D9%84%D9%83%D9%85-%D9%85%D8%B3%D8%A7%D8%B9%D8%AF%D8%A9-%D9%81%D9%8A-%D8%AD%D9%84-%D9%88-%D8%B4%D8%B1%D8%AD-%D9%85%D8%B3%D8%A7%D8%A6%D9%84-%D8%A7%D9%84%D9%85%D8%AD%D8%A7%D8%B3%D8%A8%D8%A9
حل واجبات وتمارين مادتي مبادئ المحاسبة 1 ومبادئ المحاسبة 2,.Rawan N,3,4,منذ سنة و9 أشهر,تعليم عن بعد,تعلم العلوم المتخصصة,"تمرين, حل, محاسبة, مالية, تمارين, واجبات, واجب, المحاسبة, المالية, مبادئ",https://khamsat.com/training/learn-accounting/1797953-%D8%AD%D9%84-%D9%88%D8%A7%D8%AC%D8%A8%D8%A7%D8%AA-%D9%88%D8%AA%D9%85%D8%A7%D8%B1%D9%8A%D9%86-%D9%85%D8%A7%D8%AF%D8%AA%D9%8A-%D9%85%D8%A8%D8%A7%D8%AF%D8%A6-%D8%A7%D9%84%D9%85%D8%AD%D8%A7%D8%B3%D8%A8%D8%A9-1-%D9%88%D9%85%D8%A8%D8%A7%D8%AF%D8%A6-%D8%A7%D9%84%D9%85%D8%AD%D8%A7%D8%B3%D8%A8%D8%A9-2
تدريب علي برنامج اودو Odoo,محمود ن.,0,0,Aucun avis,تعليم عن بعد,تعلم العلوم المتخصصة,"استشارات, محاسبه, accounting, odoo, اودو",https://khamsat.com/training/learn-accounting/3512377-%D8%AA%D8%AF%D8%B1%D9%8A%D8%A8-%D8%B9%D9%84%D9%8A-%D8%A8%D8%B1%D9%86%D8%A7%D9%85%D8%AC-%D8%A7%D9%88%D8%AF%D9%88-odoo
تقديم تدريب على برنامج أودو المحاسبي Odoo Accounting,اسلام ا.,65,34,منذ 6 أشهر و27 يوم,تعليم عن بعد,تعلم العلوم المتخصصة,"نظام, عن, بعد, تدريب, محاسبة, مالية, ماليه, قيود, محاسب, محاسبه",https://khamsat.com/training/learn-accounting/1758911-%D8%AA%D9%82%D8%AF%D9%8A%D9%85-%D8%AA%D8%AF%D8%B1%D9%8A%D8%A8-%D8%B9%D9%84%D9%89-%D8%A8%D8%B1%D9%86%D8%A7%D9%85%D8%AC-%D8%A3%D9%88%D8%AF%D9%88-%D8%A7%D9%84%D9%85%D8%AD%D8%A7%D8%B3%D8%A8%D9%8A-odoo-accounting
تعلم اساسيات المحاسبه وادارةعملك بالطريقه المحاسبيه الصحيحه,محمود ن.,0,0,Aucun avis,تعليم عن بعد,تعلم العلوم المتخصصة,"تدريب, محاسبة, قوائم, تدريب عن بعد, مالية",https://khamsat.com/training/learn-accounting/3139218-%D8%AA%D8%B9%D9%84%D9%85-%D8%A7%D8%B3%D8%A7%D8%B3%D9%8A%D8%A7%D8%AA-%D8%A7%D9%84%D9%85%D8%AD%D8%A7%D8%B3%D8%A8%D9%87-%D9%88%D8%A7%D8%AF%D8%A7%D8%B1%D8%A9%D8%B9%D9%85%D9%84%D9%83-%D8%A8%D8%A7%D9%84%D8%B7%D8%B1%D9%8A%D9%82%D9%87-%D8%A7%D9%84%D9%85%D8%AD%D8%A7%D8%B3%D8%A8%D9%8A%D9%87-%D8%A7%D9%84%D8%B5%D8%AD%D9%8A%D8%AD%D9%87
أساعدك في حل تمارين وواجبات المحاسبة المالية مع الشرح,.Sayed M,2,2,منذ سنة وشهرين,تعليم عن بعد,تعلم العلوم المتخصصة,"تعليم, شرح, حل, محاسبة, المالية",https://khamsat.com/training/learn-accounting/3007937-%D8%A3%D8%B3%D8%A7%D8%B9%D8%AF%D9%83-%D9%81%D9%8A-%D8%AD%D9%84-%D8%AA%D9%85%D8%A7%D8%B1%D9%8A%D9%86-%D9%88%D9%88%D8%A7%D8%AC%D8%A8%D8%A7%D8%AA-%D8%A7%D9%84%D9%85%D8%AD%D8%A7%D8%B3%D8%A8%D8%A9-%D8%A7%D9%84%D9%85%D8%A7%D9%84%D9%8A%D8%A9-%D9%85%D8%B9-%D8%A7%D9%84%D8%B4%D8%B1%D8%AD
شرح مبسط وفعال للمواد المحاسبية المالية والتكاليف بدرجاتهم,محمد م.,0,0,Aucun avis,تعليم عن بعد,تعلم العلوم المتخصصة,"شرح, محاسبة, مالية, تكاليف, قوائم مالية",https://khamsat.com/training/learn-accounting/3868507-%D8%B4%D8%B1%D8%AD-%D9%85%D8%A8%D8%B3%D8%B7-%D9%88%D9%81%D8%B9%D8%A7%D9%84-%D9%84%D9%84%D9%85%D9%88%D8%A7%D8%AF-%D8%A7%D9%84%D9%85%D8%AD%D8%A7%D8%B3%D8%A8%D9%8A%D8%A9-%D8%A7%D9%84%D9%85%D8%A7%D9%84%D9%8A%D8%A9-%D9%88%D8%A7%D9%84%D8%AA%D9%83%D8%A7%D9%84%D9%8A%D9%81-%D8%A8%D8%AF%D8%B1%D8%AC%D8%A7%D8%AA%D9%87%D9%85
شرح مواد المحاسبة Acc101-Acc201-Acc301 ومايعادلهم,احمد ع.,0,0,Aucun avis,تعليم عن بعد,تعلم العلوم المتخصصة,"محاسبة, واجبات, تدريس, المحاسبة, المالية",https://khamsat.com/training/learn-accounting/3217779-%D8%B4%D8%B1%D8%AD-%D9%85%D9%88%D8%A7%D8%AF-%D8%A7%D9%84%D9%85%D8%AD%D8%A7%D8%B3%D8%A8%D8%A9-acc101-acc201-acc301-%D9%88%D9%85%D8%A7%D9%8A%D8%B9%D8%A7%D8%AF%D9%84%D9%87%D9%85
تدريب المحاسبين ورفع كفاءتهم,احمد ع.,0,0,Aucun avis,تعليم عن بعد,تعلم العلوم المتخصصة,"تطوير, تدريب عن بعد, تعليم عن بعد, محاسب, المحاسبة",https://khamsat.com/training/learn-accounting/3216374-%D8%AA%D8%AF%D8%B1%D9%8A%D8%A8-%D8%A7%D9%84%D9%85%D8%AD%D8%A7%D8%B3%D8%A8%D9%8A%D9%86-%D9%88%D8%B1%D9%81%D8%B9-%D9%83%D9%81%D8%A7%D8%A1%D8%AA%D9%87%D9%85
"تدريب وتثبيت Odoo Enterprise اصدار17,18,19 ودعم كامل للشركات",.مصطفى M,0,0,Aucun avis,تعليم عن بعد,تعلم العلوم المتخصصة,"تدريب عن بعد, محاسب, accounting, odoo, اودو",https://khamsat.com/training/learn-accounting/3915072-%D8%AA%D8%AF%D8%B1%D9%8A%D8%A8-%D9%88%D8%AA%D8%AB%D8%A8%D9%8A%D8%AA-odoo-enterprise-%D8%A7%D8%B5%D8%AF%D8%A7%D8%B1171819-%D9%88%D8%AF%D8%B9%D9%85-%D9%83%D8%A7%D9%85%D9%84-%D9%84%D9%84%D8%B4%D8%B1%D9%83%D8%A7%D8%AA
تقديم تدريب علي برنامج اودوو,احمد ع.,0,0,Aucun avis,تعليم عن بعد,تعلم العلوم المتخصصة,"محاسبة, accounting, erp, odoo, اودو",https://khamsat.com/training/learn-accounting/3217743-%D8%AA%D9%82%D8%AF%D9%8A%D9%85-%D8%AA%D8%AF%D8%B1%D9%8A%D8%A8-%D8%B9%D9%84%D9%8A-%D8%A8%D8%B1%D9%86%D8%A7%D9%85%D8%AC-%D8%A7%D9%88%D8%AF%D9%88%D9%88
المساعدة في حل مسائل المحاسبة المالية,نانسي م.,0,0,Aucun avis,تعليم عن بعد,تعلم العلوم المتخصصة,"شرح, محاسبة, المالية",https://khamsat.com/training/learn-accounting/3828867-%D8%A7%D9%84%D9%85%D8%B3%D8%A7%D8%B9%D8%AF%D8%A9-%D9%81%D9%8A-%D8%AD%D9%84-%D9%85%D8%B3%D8%A7%D8%A6%D9%84-%D8%A7%D9%84%D9%85%D8%AD%D8%A7%D8%B3%D8%A8%D8%A9-%D8%A7%D9%84%D9%85%D8%A7%D9%84%D9%8A%D8%A9
سأعلمك اساسيات المحاسبة وآلية اعداد القوائم والتقاريرالمالية,اسماعيل س.,4,4,منذ 3 سنوات و7 أشهر,تعليم عن بعد,تعلم العلوم المتخصصة,"ارباح, ربح, تدريب, محاسبة, قوائم, دخل, أرباح, مالية, اكسل, ميزانية",https://khamsat.com/training/learn-accounting/1908971-%D8%B3%D8%A3%D8%B9%D9%84%D9%85%D9%83-%D8%A7%D8%B3%D8%A7%D8%B3%D9%8A%D8%A7%D8%AA-%D8%A7%D9%84%D9%85%D8%AD%D8%A7%D8%B3%D8%A8%D8%A9-%D9%88%D8%A2%D9%84%D9%8A%D8%A9-%D8%A7%D8%B9%D8%AF%D8%A7%D8%AF-%D8%A7%D9%84%D9%82%D9%88%D8%A7%D8%A6%D9%85-%D9%88%D8%A7%D9%84%D8%AA%D9%82%D8%A7%D8%B1%D9%8A%D8%B1%D8%A7%D9%84%D9%85%D8%A7%D9%84%D9%8A%D8%A9
شرح محاسبه ومعايير محاسبه دوليه,.Seif Eldin A,0,0,Aucun avis,تعليم عن بعد,تعلم العلوم المتخصصة,"حسابات, تجاره, محاسبة, حل واجبات, معايير",https://khamsat.com/training/learn-accounting/3688746-%D8%B4%D8%B1%D8%AD-%D9%85%D8%AD%D8%A7%D8%B3%D8%A8%D9%87-%D9%88%D9%85%D8%B9%D8%A7%D9%8A%D9%8A%D8%B1-%D9%85%D8%AD%D8%A7%D8%B3%D8%A8%D9%87-%D8%AF%D9%88%D9%84%D9%8A%D9%87
دليلك لتعلم الادارة المالية والتحليل المالي للمنشأت الصغيرة,اسماعيل س.,0,0,Aucun avis,تعليم عن بعد,تعلم العلوم المتخصصة,"تحليل, ربح, محاسبة, خطة, مالية, تقييم, ربحية, محاسبه, مالي, نسب",https://khamsat.com/training/learn-accounting/2233507-%D8%AF%D9%84%D9%8A%D9%84%D9%83-%D9%84%D8%AA%D8%B9%D9%84%D9%85-%D8%A7%D9%84%D8%A7%D8%AF%D8%A7%D8%B1%D8%A9-%D8%A7%D9%84%D9%85%D8%A7%D9%84%D9%8A%D8%A9-%D9%88%D8%A7%D9%84%D8%AA%D8%AD%D9%84%D9%8A%D9%84-%D8%A7%D9%84%D9%85%D8%A7%D9%84%D9%8A-%D9%84%D9%84%D9%85%D9%86%D8%B4%D8%A3%D8%AA-%D8%A7%D9%84%D8%B5%D8%BA%D9%8A%D8%B1%D8%A9
Oracle Financial Course - كورس لتعليم اوراكل شعبه محاسبه,محمود ر.,2,0,Aucun avis,تعليم عن بعد,تعلم العلوم المتخصصة,"محاسبة, ماليه, oracle, financial, cloud",https://khamsat.com/training/learn-accounting/2295363-oracle-financial-course-%D9%83%D9%88%D8%B1%D8%B3-%D9%84%D8%AA%D8%B9%D9%84%D9%8A%D9%85-%D8%A7%D9%88%D8%B1%D8%A7%D9%83%D9%84-%D8%B4%D8%B9%D8%A8%D9%87-%D9%85%D8%AD%D8%A7%D8%B3%D8%A8%D9%87
المساعدة فى حل مسائل وتمارين المحاسبة المالية مع الشرح,.Ahmed R,0,0,Aucun avis,تعليم عن بعد,تعلم العلوم المتخصصة,"تعليم, حل, محاسبة, مالية, ms microsoft office",https://khamsat.com/training/learn-accounting/3879486-%D8%A7%D9%84%D9%85%D8%B3%D8%A7%D8%B9%D8%AF%D8%A9-%D9%81%D9%89-%D8%AD%D9%84-%D9%85%D8%B3%D8%A7%D8%A6%D9%84-%D9%88%D8%AA%D9%85%D8%A7%D8%B1%D9%8A%D9%86-%D8%A7%D9%84%D9%85%D8%AD%D8%A7%D8%B3%D8%A8%D8%A9-%D8%A7%D9%84%D9%85%D8%A7%D9%84%D9%8A%D8%A9-%D9%85%D8%B9-%D8%A7%D9%84%D8%B4%D8%B1%D8%AD
اساعدكم في حل واجبات المحاسبة مالية تمويل تكاليف ضرائب,احمد ع.,0,0,Aucun avis,تعليم عن بعد,تعلم العلوم المتخصصة,"شرح, حل, واجب, الضرائب, المحاسبة",https://khamsat.com/training/learn-accounting/3090913-%D8%A7%D8%B3%D8%A7%D8%B9%D8%AF%D9%83%D9%85-%D9%81%D9%8A-%D8%AD%D9%84-%D9%88%D8%A7%D8%AC%D8%A8%D8%A7%D8%AA-%D8%A7%D9%84%D9%85%D8%AD%D8%A7%D8%B3%D8%A8%D8%A9-%D9%85%D8%A7%D9%84%D9%8A%D8%A9-%D8%AA%D9%85%D9%88%D9%8A%D9%84-%D8%AA%D9%83%D8%A7%D9%84%D9%8A%D9%81-%D8%B6%D8%B1%D8%A7%D8%A6%D8%A8
دروس المحاسبة اون لاين عن بعد,احمد ع.,0,0,Aucun avis,تعليم عن بعد,تعلم العلوم المتخصصة,"بعد, محاسبة, اونلاين, تدريس, معلم",https://khamsat.com/training/learn-accounting/3086818-%D8%AF%D8%B1%D9%88%D8%B3-%D8%A7%D9%84%D9%85%D8%AD%D8%A7%D8%B3%D8%A8%D8%A9-%D8%A7%D9%88%D9%86-%D9%84%D8%A7%D9%8A%D9%86-%D8%B9%D9%86-%D8%A8%D8%B9%D8%AF
اساعدك في حل تمارين ومسائل وواجبات المحاسبة,حمد محمد حمد م.,0,0,Aucun avis,تعليم عن بعد,تعلم العلوم المتخصصة,"حل, محاسبة, مالية, مسألة, واجب",https://khamsat.com/training/learn-accounting/3152029-%D8%A7%D8%B3%D8%A7%D8%B9%D8%AF%D9%83-%D9%81%D9%8A-%D8%AD%D9%84-%D8%AA%D9%85%D8%A7%D8%B1%D9%8A%D9%86-%D9%88%D9%85%D8%B3%D8%A7%D8%A6%D9%84-%D9%88%D9%88%D8%A7%D8%AC%D8%A8%D8%A7%D8%AA-%D8%A7%D9%84%D9%85%D8%AD%D8%A7%D8%B3%D8%A8%D8%A9
تدريب عملى على برنامج أودو المحاسبي Odoo ERB,.Mohamed M,0,0,Aucun avis,تعليم عن بعد,تعلم العلوم المتخصصة,"نظام odoo, تدريب odoo, شرح odoo, مستشار odoo, تعلم اودو",https://khamsat.com/training/learn-accounting/3785593-%D8%AA%D8%AF%D8%B1%D9%8A%D8%A8-%D8%B9%D9%85%D9%84%D9%89-%D8%B9%D9%84%D9%89-%D8%A8%D8%B1%D9%86%D8%A7%D9%85%D8%AC-%D8%A3%D9%88%D8%AF%D9%88-%D8%A7%D9%84%D9%85%D8%AD%D8%A7%D8%B3%D8%A8%D9%8A-odoo-erb
تعلم برنامج الpowerbi بطريقة سهلة وسريعة,.Ahmed A,0,0,Aucun avis,تعليم عن بعد,تعلم العلوم المتخصصة,"لوحة تحكم, powerbi, داش بورد",https://khamsat.com/training/learn-accounting/3812782-%D8%AA%D8%B9%D9%84%D9%85-%D8%A8%D8%B1%D9%86%D8%A7%D9%85%D8%AC-%D8%A7%D9%84powerbi-%D8%A8%D8%B7%D8%B1%D9%8A%D9%82%D8%A9-%D8%B3%D9%87%D9%84%D8%A9-%D9%88%D8%B3%D8%B1%D9%8A%D8%B9%D8%A9
تعلم برنامج الpowerbi بطريقة سهلة وسريعة,.Ahmed A,0,0,Aucun avis,تعليم عن بعد,تعلم العلوم المتخصصة,"لوحة تحكم, powerbi, داش بورد",https://khamsat.com/training/learn-accounting/3812782-%D8%AA%D8%B9%D9%84%D9%85-%D8%A8%D8%B1%D9%86%D8%A7%D9%85%D8%AC-%D8%A7%D9%84powerbi-%D8%A8%D8%B7%D8%B1%D9%8A%D9%82%D8%A9-%D8%B3%D9%87%D9%84%D8%A9-%D9%88%D8%B3%D8%B1%D9%8A%D8%B9%D8%A9
شرح مادة الادارة المالية للمرحلة الثانوية,محمد خ.,0,0,Aucun avis,تعليم عن بعد,تعلم العلوم المتخصصة,"شرح, حل, ثانوى, finance, ادارة مالية",https://khamsat.com/training/learn-accounting/3487966-%D8%B4%D8%B1%D8%AD-%D9%85%D8%A7%D8%AF%D8%A9-%D8%A7%D9%84%D8%A7%D8%AF%D8%A7%D8%B1%D8%A9-%D8%A7%D9%84%D9%85%D8%A7%D9%84%D9%8A%D8%A9-%D9%84%D9%84%D9%85%D8%B1%D8%AD%D9%84%D8%A9-%D8%A7%D9%84%D8%AB%D8%A7%D9%86%D9%88%D9%8A%D8%A9
شرح موجز ومفصل للمحاسبة المالية,مس ا.,0,0,Aucun avis,تعليم عن بعد,تعلم العلوم المتخصصة,"شرح, محاسبة, قيود, محاسبه, المحاسبة",https://khamsat.com/training/learn-accounting/3502952-%D8%B4%D8%B1%D8%AD-%D9%85%D9%88%D8%AC%D8%B2-%D9%88%D9%85%D9%81%D8%B5%D9%84-%D9%84%D9%84%D9%85%D8%AD%D8%A7%D8%B3%D8%A8%D8%A9-%D8%A7%D9%84%D9%85%D8%A7%D9%84%D9%8A%D8%A9
شرح مادة المحاسبة بجميع فروعها,محمد خ.,0,0,Aucun avis,تعليم عن بعد,تعلم العلوم المتخصصة,"شرح, حل, محاسبة, accounting",https://khamsat.com/training/learn-accounting/3460190-%D8%B4%D8%B1%D8%AD-%D9%85%D8%A7%D8%AF%D8%A9-%D8%A7%D9%84%D9%85%D8%AD%D8%A7%D8%B3%D8%A8%D8%A9-%D8%A8%D8%AC%D9%85%D9%8A%D8%B9-%D9%81%D8%B1%D9%88%D8%B9%D9%87%D8%A7
الصفحة المطلوبة غير موجودة,Non trouvé,Non trouvé,Non trouvé,Aucun avis,Inconnu,Inconnu,Aucun tag,https://khamsat.com/training/learn-accounting/3092210-%D8%AD%D9%84-%D8%AA%D9%85%D8%A7%D8%B1%D9%8A%D9%86-%D9%85%D8%AD%D8%A7%D8%B3%D8%A8%D9%8A%D8%A9-%D9%88%D8%A7%D8%B9%D8%AF%D8%A7%D8%AF-%D8%A7%D9%84%D9%82%D9%8A%D9%88%D8%AF-%D8%A7%D9%84%D9%85%D8%AD%D8%A7%D8%B3%D8%A8%D9%8A%D8%A9
تعليم عن بعد لتحليل البيانات,.Hadi H,0,0,Aucun avis,تعليم عن بعد,تعلم العلوم المتخصصة,"تحليل, بيانات, microsoft excel, تحليل بيانات",https://khamsat.com/training/learn-accounting/3025667-%D8%AA%D8%B9%D9%84%D9%8A%D9%85-%D8%B9%D9%86-%D8%A8%D8%B9%D8%AF-%D9%84%D8%AA%D8%AD%D9%84%D9%8A%D9%84-%D8%A7%D9%84%D8%A8%D9%8A%D8%A7%D9%86%D8%A7%D8%AA
حقيبه المحاسب المتكامله,عمرو ش.,28,12,منذ 3 سنوات وشهرين,تعليم عن بعد,تعلم العلوم المتخصصة,"excel, مبيعات, برنامج, محاسبة, قيود, اكسيل, نماذج, يومية, sales, مصروفات",https://khamsat.com/training/learn-accounting/1330566-%D8%AD%D9%82%D9%8A%D8%A8%D9%87-%D8%A7%D9%84%D9%85%D8%AD%D8%A7%D8%B3%D8%A8-%D8%A7%D9%84%D9%85%D8%AA%D9%83%D8%A7%D9%85%D9%84%D9%87
مشروع عملى للدورة المحاسبية كاملة,.Ahmed G,5,2,منذ 5 سنوات و9 أشهر,تعليم عن بعد,تعلم العلوم المتخصصة,"نظام, حسابات, قائمة, دورة, مشروع",https://khamsat.com/training/learn-accounting/1246864-%D9%85%D8%B4%D8%B1%D9%88%D8%B9-%D8%B9%D9%85%D9%84%D9%89-%D9%84%D9%84%D8%AF%D9%88%D8%B1%D8%A9-%D8%A7%D9%84%D9%85%D8%AD%D8%A7%D8%B3%D8%A8%D9%8A%D8%A9-%D9%83%D8%A7%D9%85%D9%84%D8%A9
دروس خاصة في اللغة العربية لمختلف المستويات والصفوف,أسامة ا.,8,7,منذ 3 أشهر و6 أيام,تعليم عن بعد,تعلم اللغات,"تدقيق لغوي, اللغة العربية, دروس, لغة عربية, تعليم عن بعد",https://khamsat.com/training/learn-arabic/2701472-%D8%AF%D8%B1%D9%88%D8%B3-%D8%AE%D8%A7%D8%B5%D8%A9-%D9%81%D9%8A-%D8%A7%D9%84%D9%84%D8%BA%D8%A9-%D8%A7%D9%84%D8%B9%D8%B1%D8%A8%D9%8A%D8%A9-%D9%84%D9%85%D8%AE%D8%AA%D9%84%D9%81-%D8%A7%D9%84%D9%85%D8%B3%D8%AA%D9%88%D9%8A%D8%A7%D8%AA-%D9%88%D8%A7%D9%84%D8%B5%D9%81%D9%88%D9%81
الاستفسارات اللغوية والاستشارات البحثية,محمود ي.,7,6,منذ 3 أشهر ويوم,تعليم عن بعد,تعلم اللغات,"تعليم, دعم, خدمات, تواصل, متابعة",https://khamsat.com/training/learn-arabic/2856570-%D8%A7%D9%84%D8%A7%D8%B3%D8%AA%D9%81%D8%B3%D8%A7%D8%B1%D8%A7%D8%AA-%D8%A7%D9%84%D9%84%D8%BA%D9%88%D9%8A%D8%A9-%D9%88%D8%A7%D9%84%D8%A7%D8%B3%D8%AA%D8%B4%D8%A7%D8%B1%D8%A7%D8%AA-%D8%A7%D9%84%D8%A8%D8%AD%D8%AB%D9%8A%D8%A9
تعلم اللغة العربية,Non trouvé,Non trouvé,Non trouvé,Aucun avis,تعليم عن بعد,تعلم اللغات,Aucun tag,https://khamsat.com/training/learn-arabic/1300122-%D8%AA%D9%82%D8%B7%D9%8A%D8%B9-%D8%B9%D8%B1%D9%88%D8%B6%D9%8A-%D9%84%D9%84%D8%A3%D8%A8%D9%8A%D8%A7%D8%AA-%D8%A3%D9%88-%D8%A7%D9%84%D9%85%D8%B3%D8%A7%D8%B9%D8%AF%D8%A9-%D9%81%D9%8A-%D8%AD%D9%84-%D9%88%D8%A7%D8%AC%D8%A8%D8%A7%D8%AA-%D8%B9%D9%84%D9%85-%D8%A7%D9%84%D8%B9%D8%B1%D9%88%D8%B6
إبداع بلاغي: أتقن فنون علم المعاني والبيان والبديع,أحمد ا.,2,1,منذ سنة و24 يوم,تعليم عن بعد,تعلم اللغات,"تعليم, تعلم, شرح, تدريب, علم",https://khamsat.com/training/learn-arabic/2944713-%D8%A5%D8%A8%D8%AF%D8%A7%D8%B9-%D8%A8%D9%84%D8%A7%D8%BA%D9%8A-%D8%A3%D8%AA%D9%82%D9%86-%D9%81%D9%86%D9%88%D9%86-%D8%B9%D9%84%D9%85-%D8%A7%D9%84%D9%85%D8%B9%D8%A7%D9%86%D9%8A-%D9%88%D8%A7%D9%84%D8%A8%D9%8A%D8%A7%D9%86-%D9%88%D8%A7%D9%84%D8%A8%D8%AF%D9%8A%D8%B9
شرح درس النحو والبلاغة العربية,شعبان س.,12,10,منذ 11 شهر و9 أيام,تعليم عن بعد,تعلم اللغات,"لغة, عربي, عربية, نحو, بلاغة",https://khamsat.com/training/learn-arabic/3093758-%D8%B4%D8%B1%D8%AD-%D8%AF%D8%B1%D8%B3-%D8%A7%D9%84%D9%86%D8%AD%D9%88-%D9%88%D8%A7%D9%84%D8%A8%D9%84%D8%A7%D8%BA%D8%A9-%D8%A7%D9%84%D8%B9%D8%B1%D8%A8%D9%8A%D8%A9
تعليم اللغة العربية باستخدام استراتيجيات التعليم الحديثة,أحمد ا.,3,1,منذ سنتين وشهرين,تعليم عن بعد,تعلم اللغات,"اللغة العربية, تعليم, حل, تدريب عن بعد, واجبات, التعليم عن بعد, حل الواجبات, تعليم اللغة العربية, معلم لغة عربية",https://khamsat.com/training/learn-arabic/2464263-%D8%AA%D8%B9%D9%84%D9%8A%D9%85-%D8%A7%D9%84%D9%84%D8%BA%D8%A9-%D8%A7%D9%84%D8%B9%D8%B1%D8%A8%D9%8A%D8%A9-%D8%A8%D8%A7%D8%B3%D8%AA%D8%AE%D8%AF%D8%A7%D9%85-%D8%A7%D8%B3%D8%AA%D8%B1%D8%A7%D8%AA%D9%8A%D8%AC%D9%8A%D8%A7%D8%AA-%D8%A7%D9%84%D8%AA%D8%B9%D9%84%D9%8A%D9%85-%D8%A7%D9%84%D8%AD%D8%AF%D9%8A%D8%AB%D8%A9
تعليم قواعد النحو والتدريب عليها,هدى ا.,9,6,منذ شهرين و27 يوم,تعليم عن بعد,تعلم اللغات,"العربية, تعليم, إعراب, نحو, واجبات",https://khamsat.com/training/learn-arabic/2912779-%D8%AA%D8%B9%D9%84%D9%8A%D9%85-%D9%82%D9%88%D8%A7%D8%B9%D8%AF-%D8%A7%D9%84%D9%86%D8%AD%D9%88-%D9%88%D8%A7%D9%84%D8%AA%D8%AF%D8%B1%D9%8A%D8%A8-%D8%B9%D9%84%D9%8A%D9%87%D8%A7
كتابة أسئلة اختبارات في اللغة العربية,عفاف ا.,4,3,منذ 7 أشهر و22 يوم,تعليم عن بعد,تعلم اللغات,"امتحانات, google, ادخال, أسئلة, اختبارات",https://khamsat.com/training/learn-arabic/2896441-%D9%83%D8%AA%D8%A7%D8%A8%D8%A9-%D8%A3%D8%B3%D8%A6%D9%84%D8%A9-%D8%A7%D8%AE%D8%AA%D8%A8%D8%A7%D8%B1%D8%A7%D8%AA-%D9%81%D9%8A-%D8%A7%D9%84%D9%84%D8%BA%D8%A9-%D8%A7%D9%84%D8%B9%D8%B1%D8%A8%D9%8A%D8%A9
تعلم كيفية كتابة المقال الاحترافي,.Ahmed A,1,1,منذ سنتين وشهر,تعليم عن بعد,تعلم اللغات,"كتابة, تعليم, course, كورس",https://khamsat.com/training/learn-arabic/2926779-%D8%AA%D8%B9%D9%84%D9%85-%D9%83%D9%8A%D9%81%D9%8A%D8%A9-%D9%83%D8%AA%D8%A7%D8%A8%D8%A9-%D8%A7%D9%84%D9%85%D9%82%D8%A7%D9%84-%D8%A7%D9%84%D8%A7%D8%AD%D8%AA%D8%B1%D8%A7%D9%81%D9%8A
تعلم اللغة العربية,Non trouvé,Non trouvé,Non trouvé,Aucun avis,تعليم عن بعد,تعلم اللغات,Aucun tag,https://khamsat.com/training/learn-arabic/1088496-%D9%81%D9%86-%D8%A7%D9%84%D8%A5%D8%B9%D8%B1%D8%A7%D8%A8-%D9%85%D8%A7-%D8%A5%D8%B9%D8%B1%D8%A7%D8%A8-%D9%87%D8%B0%D9%87-%D8%A7%D9%84%D9%83%D9%84%D9%85%D8%A7%D8%AA-%D9%88%D9%84%D9%85%D8%A7%D8%B0%D8%A7-%D8%AA%D8%B9%D8%B1%D8%A8-%D9%87%D9%83%D8%B0%D8%A7
تدريس علم البلاغة العربية:علم المعاني،علم البيان، علم البديع,احمد ا.,2,2,منذ سنتين و3 أشهر,تعليم عن بعد,تعلم اللغات,"تعليم, عن, بعد, تدريب, محاضرات",https://khamsat.com/training/learn-arabic/2649118-%D8%AA%D8%AF%D8%B1%D9%8A%D8%B3-%D8%B9%D9%84%D9%85-%D8%A7%D9%84%D8%A8%D9%84%D8%A7%D8%BA%D8%A9-%D8%A7%D9%84%D8%B9%D8%B1%D8%A8%D9%8A%D8%A9%D8%B9%D9%84%D9%85-%D8%A7%D9%84%D9%85%D8%B9%D8%A7%D9%86%D9%8A%D8%B9%D9%84%D9%85-%D8%A7%D9%84%D8%A8%D9%8A%D8%A7%D9%86-%D8%B9%D9%84%D9%85-%D8%A7%D9%84%D8%A8%D8%AF%D9%8A%D8%B9
تأسيس اللغة العربية من الصفر للأطفال والأعاجم,.Asmaa M,2,2,منذ 10 أشهر و14 يوم,تعليم عن بعد,تعلم اللغات,"اللغة العربية, دروس, تعليم عن بعد, التعليم, تأسيس",https://khamsat.com/training/learn-arabic/2978421-%D8%AA%D8%A3%D8%B3%D9%8A%D8%B3-%D8%A7%D9%84%D9%84%D8%BA%D8%A9-%D8%A7%D9%84%D8%B9%D8%B1%D8%A8%D9%8A%D8%A9-%D9%85%D9%86-%D8%A7%D9%84%D8%B5%D9%81%D8%B1-%D9%84%D9%84%D8%A3%D8%B7%D9%81%D8%A7%D9%84-%D9%88%D8%A7%D9%84%D8%A3%D8%B9%D8%A7%D8%AC%D9%85
شرح مادة التمويل بالجامعات العربية,.Reda R,4,4,منذ سنة و11 شهر,تعليم عن بعد,تعلم اللغات,"تمويل, تحليل احصائي, استثمار, حل واجبات, قوائم مالية, الواجبات, fin301, fin302, تمويل 1, تمويل 2",https://khamsat.com/training/learn-arabic/2477568-%D8%B4%D8%B1%D8%AD-%D9%85%D8%A7%D8%AF%D8%A9-%D8%A7%D9%84%D8%AA%D9%85%D9%88%D9%8A%D9%84-%D8%A8%D8%A7%D9%84%D8%AC%D8%A7%D9%85%D8%B9%D8%A7%D8%AA-%D8%A7%D9%84%D8%B9%D8%B1%D8%A8%D9%8A%D8%A9
تعليم اللغة العربية للأطفال,.Lina A,1,1,منذ 9 أشهر و13 يوم,تعليم عن بعد,تعلم اللغات,"كتابة, تعليم, مناهج, لغة عربية, قراءة",https://khamsat.com/training/learn-arabic/3607497-%D8%AA%D8%B9%D9%84%D9%8A%D9%85-%D8%A7%D9%84%D9%84%D8%BA%D8%A9-%D8%A7%D9%84%D8%B9%D8%B1%D8%A8%D9%8A%D8%A9-%D9%84%D9%84%D8%A3%D8%B7%D9%81%D8%A7%D9%84
تعليم اللغة العربية لجميع المراحل التعليمية,.Ahmed M,0,0,Aucun avis,تعليم عن بعد,تعلم اللغات,"عربي, عربية, العربية, اللغة العربية, تعليم, تعلم, تعليمية, تعليم عن بعد, التعليم, التعليمية",https://khamsat.com/training/learn-arabic/2732486-%D8%AA%D8%B9%D9%84%D9%8A%D9%85-%D8%A7%D9%84%D9%84%D8%BA%D8%A9-%D8%A7%D9%84%D8%B9%D8%B1%D8%A8%D9%8A%D8%A9-%D9%84%D8%AC%D9%85%D9%8A%D8%B9-%D8%A7%D9%84%D9%85%D8%B1%D8%A7%D8%AD%D9%84-%D8%A7%D9%84%D8%AA%D8%B9%D9%84%D9%8A%D9%85%D9%8A%D8%A9
الصفحة المطلوبة غير موجودة,Non trouvé,Non trouvé,Non trouvé,Aucun avis,Inconnu,Inconnu,Aucun tag,https://khamsat.com/training/learn-arabic/2504105-%D8%B4%D8%B1%D9%88%D8%AD%D8%A7%D8%AA-%D9%84%D8%A8%D8%B1%D9%86%D8%A7%D9%85%D8%AC-ezcad-2-%D8%AA%D8%AA%D8%B6%D9%85%D9%86-%D9%83%D8%AA%D8%A8-%D8%A8%D8%A7%D9%84%D9%84%D8%BA%D8%A9-%D8%A7%D9%84%D8%B9%D8%B1%D8%A8%D9%8A%D8%A9
تدريس قواعد اللغة العربية,.Sara A,1,1,منذ 3 سنوات و3 أشهر,تعليم عن بعد,تعلم اللغات,"تدريس, النحو",https://khamsat.com/training/learn-arabic/2484809-%D8%AA%D8%AF%D8%B1%D9%8A%D8%B3-%D9%82%D9%88%D8%A7%D8%B9%D8%AF-%D8%A7%D9%84%D9%84%D8%BA%D8%A9-%D8%A7%D9%84%D8%B9%D8%B1%D8%A8%D9%8A%D8%A9
تدريس اللغة العربية وفنونها,أحمد ا.,0,0,Aucun avis,تعليم عن بعد,تعلم اللغات,"اللغة العربية, تعليم, شرح, لغة عربية, تدريس",https://khamsat.com/training/learn-arabic/3873444-%D8%AA%D8%AF%D8%B1%D9%8A%D8%B3-%D8%A7%D9%84%D9%84%D8%BA%D8%A9-%D8%A7%D9%84%D8%B9%D8%B1%D8%A8%D9%8A%D8%A9-%D9%88%D9%81%D9%86%D9%88%D9%86%D9%87%D8%A7
تدريس جميع مناهج اللغة العربية وعلومها,إسماعيل ا.,1,1,منذ 5 أشهر و18 يوم,تعليم عن بعد,تعلم اللغات,"لغة, اللغة العربية, مناهج, مساعدة, تعلم",https://khamsat.com/training/learn-arabic/2468635-%D8%AA%D8%AF%D8%B1%D9%8A%D8%B3-%D8%AC%D9%85%D9%8A%D8%B9-%D9%85%D9%86%D8%A7%D9%87%D8%AC-%D8%A7%D9%84%D9%84%D8%BA%D8%A9-%D8%A7%D9%84%D8%B9%D8%B1%D8%A8%D9%8A%D8%A9-%D9%88%D8%B9%D9%84%D9%88%D9%85%D9%87%D8%A7
تدريس اللغة العربية لجميع المراحل  إعدادي   ثانوي  جامعي,.Lobna A,2,2,منذ 5 أشهر و19 يوم,تعليم عن بعد,تعلم اللغات,"اللغة العربية, تعليم, شرح, تدريس, دروس خصوصيه",https://khamsat.com/training/learn-arabic/3304356-%D8%AA%D8%AF%D8%B1%D9%8A%D8%B3-%D8%A7%D9%84%D9%84%D8%BA%D8%A9-%D8%A7%D9%84%D8%B9%D8%B1%D8%A8%D9%8A%D8%A9-%D9%84%D8%AC%D9%85%D9%8A%D8%B9-%D8%A7%D9%84%D9%85%D8%B1%D8%A7%D8%AD%D9%84-%D8%A5%D8%B9%D8%AF%D8%A7%D8%AF%D9%8A-%D8%AB%D8%A7%D9%86%D9%88%D9%8A-%D8%AC%D8%A7%D9%85%D8%B9%D9%8A
كورس نحو شامل وشرح دروس نحو مستقلة ومتفرقة بطريقة مبسطة,.Asmaa M,0,0,Aucun avis,تعليم عن بعد,تعلم اللغات,"عربية, كتابة, تعليم, شرح, كورس",https://khamsat.com/training/learn-arabic/3401528-%D9%83%D9%88%D8%B1%D8%B3-%D9%86%D8%AD%D9%88-%D8%B4%D8%A7%D9%85%D9%84-%D9%88%D8%B4%D8%B1%D8%AD-%D8%AF%D8%B1%D9%88%D8%B3-%D9%86%D8%AD%D9%88-%D9%85%D8%B3%D8%AA%D9%82%D9%84%D8%A9-%D9%88%D9%85%D8%AA%D9%81%D8%B1%D9%82%D8%A9-%D8%A8%D8%B7%D8%B1%D9%8A%D9%82%D8%A9-%D9%85%D8%A8%D8%B3%D8%B7%D8%A9
تعليم وتحسين مستوى الأطفال في القراءة والكتابة,.Rehab M,13,11,منذ 11 شهر و11 يوم,تعليم عن بعد,تعلم اللغات,"اللغة العربية, تعليم, القراءة, الكتابة, الاطفال",https://khamsat.com/training/learn-arabic/1350220-%D8%AA%D8%B9%D9%84%D9%8A%D9%85-%D9%88%D8%AA%D8%AD%D8%B3%D9%8A%D9%86-%D9%85%D8%B3%D8%AA%D9%88%D9%89-%D8%A7%D9%84%D8%A3%D8%B7%D9%81%D8%A7%D9%84-%D9%81%D9%8A-%D8%A7%D9%84%D9%82%D8%B1%D8%A7%D8%A1%D8%A9-%D9%88%D8%A7%D9%84%D9%83%D8%AA%D8%A7%D8%A8%D8%A9
تدريس النحو العربي لجميع المراحل,احمد ا.,0,0,Aucun avis,تعليم عن بعد,تعلم اللغات,"اللغة العربية, تعليم عن بعد",https://khamsat.com/training/learn-arabic/2942800-%D8%AA%D8%AF%D8%B1%D9%8A%D8%B3-%D8%A7%D9%84%D9%86%D8%AD%D9%88-%D8%A7%D9%84%D8%B9%D8%B1%D8%A8%D9%8A-%D9%84%D8%AC%D9%85%D9%8A%D8%B9-%D8%A7%D9%84%D9%85%D8%B1%D8%A7%D8%AD%D9%84
تعليم الحروف العربيه ومواضعها,.Msf M,0,0,Aucun avis,تعليم عن بعد,تعلم اللغات,"pdf, تاسيس, تعليم اللغه العربيه, تعليم الأطفال, حروف اللغه العربيه ومواضعها",https://khamsat.com/training/learn-arabic/3880976-%D8%AA%D8%B9%D9%84%D9%8A%D9%85-%D8%A7%D9%84%D8%AD%D8%B1%D9%88%D9%81-%D8%A7%D9%84%D8%B9%D8%B1%D8%A8%D9%8A%D9%87-%D9%88%D9%85%D9%88%D8%A7%D8%B6%D8%B9%D9%87%D8%A7
تنميه الذكاء اللغوي لتعلم اللغه للاطفال بالانشطه (تعتعة),.Ahmed A,0,0,Aucun avis,تعليم عن بعد,تعلم اللغات,"تعليم, تعلم, اطفال, تحفيظ, الذكاء",https://khamsat.com/training/learn-arabic/2975545-%D8%AA%D9%86%D9%85%D9%8A%D9%87-%D8%A7%D9%84%D8%B0%D9%83%D8%A7%D8%A1-%D8%A7%D9%84%D9%84%D8%BA%D9%88%D9%8A-%D9%84%D8%AA%D8%B9%D9%84%D9%85-%D8%A7%D9%84%D9%84%D8%BA%D9%87-%D9%84%D9%84%D8%A7%D8%B7%D9%81%D8%A7%D9%84-%D8%A8%D8%A7%D9%84%D8%A7%D9%86%D8%B4%D8%B7%D9%87-%D8%AA%D8%B9%D8%AA%D8%B9%D8%A9
تأسيس لغة عربية للأطفال من الصفر للاحتراف,.Hala B,0,0,Aucun avis,تعليم عن بعد,تعلم اللغات,"عربي, العربية, اللغة العربية, لغة عربية, تأسيس",https://khamsat.com/training/learn-arabic/3915723-%D8%AA%D8%A3%D8%B3%D9%8A%D8%B3-%D9%84%D8%BA%D8%A9-%D8%B9%D8%B1%D8%A8%D9%8A%D8%A9-%D9%84%D9%84%D8%A3%D8%B7%D9%81%D8%A7%D9%84-%D9%85%D9%86-%D8%A7%D9%84%D8%B5%D9%81%D8%B1-%D9%84%D9%84%D8%A7%D8%AD%D8%AA%D8%B1%D8%A7%D9%81
تعلم اللغة العربية,Non trouvé,Non trouvé,Non trouvé,Aucun avis,تعليم عن بعد,تعلم اللغات,Aucun tag,https://khamsat.com/training/learn-arabic/3674729-%D8%B9%D9%85%D9%84-%D8%A8%D9%86%D9%83-%D8%A7%D9%84%D8%A7%D8%B3%D8%A6%D9%84%D8%A9-%D9%84%D8%A3%D9%8A-%D9%85%D9%86%D9%87%D8%AC-%D9%84%D8%BA%D8%A9-%D8%B9%D8%B1%D8%A8%D9%8A%D8%A9
تعليم قواعد اللغة العربية وتعليم فن الخطابة,.Faris A,1,0,Aucun avis,تعليم عن بعد,تعلم اللغات,"تعليم, لغة عربية, تدقيق نحوي, نحوية, خطابة",https://khamsat.com/training/learn-arabic/3892192-%D8%AA%D8%B9%D9%84%D9%8A%D9%85-%D9%82%D9%88%D8%A7%D8%B9%D8%AF-%D8%A7%D9%84%D9%84%D8%BA%D8%A9-%D8%A7%D9%84%D8%B9%D8%B1%D8%A8%D9%8A%D8%A9-%D8%AA%D8%B9%D9%84%D9%8A%D9%85-%D9%81%D9%86-%D8%A7%D9%84%D8%AE%D8%B7%D8%A7%D8%A8%D8%A9
دروس تأسيس في القراءة والكتابة وتأسيس النحو مناهج دولية,.Shaymaa S,2,2,منذ سنة و18 يوم,تعليم عن بعد,تعلم اللغات,"العربية, كتابة, لغة عربية, تأسيس, الأطفال",https://khamsat.com/training/learn-arabic/3075408-%D8%AF%D8%B1%D9%88%D8%B3-%D8%AA%D8%A3%D8%B3%D9%8A%D8%B3-%D9%81%D9%8A-%D8%A7%D9%84%D9%82%D8%B1%D8%A7%D8%A1%D8%A9-%D9%88%D8%A7%D9%84%D9%83%D8%AA%D8%A7%D8%A8%D8%A9-%D9%88%D8%AA%D8%A3%D8%B3%D9%8A%D8%B3-%D8%A7%D9%84%D9%86%D8%AD%D9%88-%D9%85%D9%86%D8%A7%D9%87%D8%AC-%D8%AF%D9%88%D9%84%D9%8A%D8%A9
تعليم اللغة العربية  نحو أدب بلاغة وتسهيل الفهم,عزوز إ.,0,0,Aucun avis,تعليم عن بعد,تعلم اللغات,"دروس, لغة عربية, نحو, تعليم عن بعد, بلاغة",https://khamsat.com/training/learn-arabic/3041385-%D8%AA%D8%B9%D9%84%D9%8A%D9%85-%D8%A7%D9%84%D9%84%D8%BA%D8%A9-%D8%A7%D9%84%D8%B9%D8%B1%D8%A8%D9%8A%D8%A9-%D9%86%D8%AD%D9%88-%D8%A3%D8%AF%D8%A8-%D8%A8%D9%84%D8%A7%D8%BA%D8%A9-%D9%88%D8%AA%D8%B3%D9%87%D9%8A%D9%84-%D8%A7%D9%84%D9%81%D9%87%D9%85
تعليم اللغة العربية باستخدام استراتيجيات التعليم الحديثة,.Kholoud A,4,4,منذ 3 سنوات و19 يوم,تعليم عن بعد,تعلم اللغات,"تصميم, العربية, تعليم, عن, بعد, واجهة, اللغة, درس, تدريس",https://khamsat.com/training/learn-arabic/2331132-%D8%AA%D8%B9%D9%84%D9%8A%D9%85-%D8%A7%D9%84%D9%84%D8%BA%D8%A9-%D8%A7%D9%84%D8%B9%D8%B1%D8%A8%D9%8A%D8%A9-%D8%A8%D8%A7%D8%B3%D8%AA%D8%AE%D8%AF%D8%A7%D9%85-%D8%A7%D8%B3%D8%AA%D8%B1%D8%A7%D8%AA%D9%8A%D8%AC%D9%8A%D8%A7%D8%AA-%D8%A7%D9%84%D8%AA%D8%B9%D9%84%D9%8A%D9%85-%D8%A7%D9%84%D8%AD%D8%AF%D9%8A%D8%AB%D8%A9
تدريس اللهجة الفلسطينية  للاجانب,.Heba Z,0,0,Aucun avis,تعليم عن بعد,تعلم اللغات,"تعليم, لغة عربية, محادثة, تعليم عن بعد, لغة إنجليزية",https://khamsat.com/training/learn-arabic/3581677-%D8%AA%D8%AF%D8%B1%D9%8A%D8%B3-%D8%A7%D9%84%D9%84%D9%87%D8%AC%D8%A9-%D8%A7%D9%84%D9%81%D9%84%D8%B3%D8%B7%D9%8A%D9%86%D9%8A%D8%A9-%D9%84%D9%84%D8%A7%D8%AC%D8%A7%D9%86%D8%A8
التأسيس السليم للغة العربية للأطفال,.Sara A,0,0,Aucun avis,تعليم عن بعد,تعلم اللغات,"العربية, دروس, pdf, اللغة",https://khamsat.com/training/learn-arabic/2527890-%D8%A7%D9%84%D8%AA%D8%A3%D8%B3%D9%8A%D8%B3-%D8%A7%D9%84%D8%B3%D9%84%D9%8A%D9%85-%D9%84%D9%84%D8%BA%D8%A9-%D8%A7%D9%84%D8%B9%D8%B1%D8%A8%D9%8A%D8%A9-%D9%84%D9%84%D8%A3%D8%B7%D9%81%D8%A7%D9%84
تعليم اساسيات اللغة العربية,رميساء احمد ع.,0,0,Aucun avis,تعليم عن بعد,تعلم اللغات,"عربية, اللغة العربية, قرآن, تعلم, تاسيس",https://khamsat.com/training/learn-arabic/3866814-%D8%AA%D8%B9%D9%84%D9%8A%D9%85-%D8%A7%D8%B3%D8%A7%D8%B3%D9%8A%D8%A7%D8%AA-%D8%A7%D9%84%D9%84%D8%BA%D8%A9-%D8%A7%D9%84%D8%B9%D8%B1%D8%A8%D9%8A%D8%A9
درس خصوصي في اللغة العربية المنهج السعودي,احمد ا.,0,0,Aucun avis,تعليم عن بعد,تعلم اللغات,"تعليم, شرح, لغة عربية, نحو, ادب",https://khamsat.com/training/learn-arabic/3002176-%D8%AF%D8%B1%D8%B3-%D8%AE%D8%B5%D9%88%D8%B5%D9%8A-%D9%81%D9%8A-%D8%A7%D9%84%D9%84%D8%BA%D8%A9-%D8%A7%D9%84%D8%B9%D8%B1%D8%A8%D9%8A%D8%A9-%D8%A7%D9%84%D9%85%D9%86%D9%87%D8%AC-%D8%A7%D9%84%D8%B3%D8%B9%D9%88%D8%AF%D9%8A
تعليم قواعد النحو والصرف  في اللغه العربيه,روضه أ.,0,0,Aucun avis,تعليم عن بعد,تعلم اللغات,"لغة عربية, إعراب, نحو, تعليم عن بعد, صرف",https://khamsat.com/training/learn-arabic/3145101-%D8%AA%D8%B9%D9%84%D9%8A%D9%85-%D9%82%D9%88%D8%A7%D8%B9%D8%AF-%D8%A7%D9%84%D9%86%D8%AD%D9%88-%D9%88%D8%A7%D9%84%D8%B5%D8%B1%D9%81-%D9%81%D9%8A-%D8%A7%D9%84%D9%84%D8%BA%D9%87-%D8%A7%D9%84%D8%B9%D8%B1%D8%A8%D9%8A%D9%87
تعليم اللغة العربية للاطفال,روضه أ.,0,0,Aucun avis,تعليم عن بعد,تعلم اللغات,"لغة عربية, العاب, تعليم عن بعد, اطفال, تحفيظ",https://khamsat.com/training/learn-arabic/3158688-%D8%AA%D8%B9%D9%84%D9%8A%D9%85-%D8%A7%D9%84%D9%84%D8%BA%D8%A9-%D8%A7%D9%84%D8%B9%D8%B1%D8%A8%D9%8A%D8%A9-%D9%84%D9%84%D8%A7%D8%B7%D9%81%D8%A7%D9%84
تعليم قرآن للناطقين باللغة العربية,.Hend K,0,0,Aucun avis,تعليم عن بعد,تعلم اللغات,"تعليم, قرآن, تجويد, تفسير, نور البيان",https://khamsat.com/training/learn-arabic/2387751-%D8%AA%D8%B9%D9%84%D9%8A%D9%85-%D9%82%D8%B1%D8%A2%D9%86-%D9%84%D9%84%D9%86%D8%A7%D8%B7%D9%82%D9%8A%D9%86-%D8%A8%D8%A7%D9%84%D9%84%D8%BA%D8%A9-%D8%A7%D9%84%D8%B9%D8%B1%D8%A8%D9%8A%D8%A9
الصفحة المطلوبة غير موجودة,Non trouvé,Non trouvé,Non trouvé,Aucun avis,Inconnu,Inconnu,Aucun tag,https://khamsat.com/training/learn-arabic/3828061-%D8%AA%D8%A3%D8%B3%D9%8A%D8%B3-%D8%A7%D9%84%D8%A3%D8%B7%D9%81%D8%A7%D9%84-%D9%81%D9%8A-%D8%A7%D9%84%D9%84%D8%BA%D8%A9-%D8%A7%D9%84%D8%B9%D8%B1%D8%A8%D9%8A%D8%A9-%D9%88%D9%83%D9%8A%D9%81%D9%8A%D8%A9-%D8%A7%D9%84%D9%82%D8%B1%D8%A7%D8%A1%D8%A9-%D8%A7%D9%84%D8%B3%D9%84%D9%8A%D9%85%D8%A9
تدريس عربي لغير الناطقين بها,.Heba Z,0,0,Aucun avis,تعليم عن بعد,تعلم اللغات,"عربي, قرآن, القراءة, الحروف, اسلاميك",https://khamsat.com/training/learn-arabic/3681040-%D8%AA%D8%AF%D8%B1%D9%8A%D8%B3-%D8%B9%D8%B1%D8%A8%D9%8A-%D9%84%D8%BA%D9%8A%D8%B1-%D8%A7%D9%84%D9%86%D8%A7%D8%B7%D9%82%D9%8A%D9%86-%D8%A8%D9%87%D8%A7
تعليم وتحسين مستوى الاطفال في القراءة والكتابة,.Ahlam I,1,2,منذ سنتين و7 أشهر,تعليم عن بعد,تعلم اللغات,"لغة, عربية, العربية, تعليم, قران, قراءة, القراءة, تدريس, اطفال, تأسيس",https://khamsat.com/training/learn-arabic/2579807-%D8%AA%D8%B9%D9%84%D9%8A%D9%85-%D9%88%D8%AA%D8%AD%D8%B3%D9%8A%D9%86-%D9%85%D8%B3%D8%AA%D9%88%D9%89-%D8%A7%D9%84%D8%A7%D8%B7%D9%81%D8%A7%D9%84-%D9%81%D9%8A-%D8%A7%D9%84%D9%82%D8%B1%D8%A7%D8%A1%D8%A9-%D9%88%D8%A7%D9%84%D9%83%D8%AA%D8%A7%D8%A8%D8%A9
تاسيس القراءه والكتابه للكبار والصغار,اسماء س.,0,0,Aucun avis,تعليم عن بعد,تعلم اللغات,"تعليم, لغة عربية, قراءة",https://khamsat.com/training/learn-arabic/3841364-%D8%AA%D8%A7%D8%B3%D9%8A%D8%B3-%D8%A7%D9%84%D9%82%D8%B1%D8%A7%D8%A1%D9%87-%D9%88%D8%A7%D9%84%D9%83%D8%AA%D8%A7%D8%A8%D9%87-%D9%84%D9%84%D9%83%D8%A8%D8%A7%D8%B1-%D9%88%D8%A7%D9%84%D8%B5%D8%BA%D8%A7%D8%B1
البلاغة ، شرح درس التشبيه بأسلوب جميل,.Akram G,0,0,Aucun avis,تعليم عن بعد,تعلم اللغات,"تصميم, لغة, عربية, نحو, بلاغة",https://khamsat.com/training/learn-arabic/3686558-%D8%A7%D9%84%D8%A8%D9%84%D8%A7%D8%BA%D8%A9-%D8%B4%D8%B1%D8%AD-%D8%AF%D8%B1%D8%B3-%D8%A7%D9%84%D8%AA%D8%B4%D8%A8%D9%8A%D9%87-%D8%A8%D8%A3%D8%B3%D9%84%D9%88%D8%A8-%D8%AC%D9%85%D9%8A%D9%84
قواعد ثابتة في اللغة العربية,.Akram G,0,0,Aucun avis,تعليم عن بعد,تعلم اللغات,"العربية, كتابة, شرح, حل, قواعد",https://khamsat.com/training/learn-arabic/3677830-%D9%82%D9%88%D8%A7%D8%B9%D8%AF-%D8%AB%D8%A7%D8%A8%D8%AA%D8%A9-%D9%81%D9%8A-%D8%A7%D9%84%D9%84%D8%BA%D8%A9-%D8%A7%D9%84%D8%B9%D8%B1%D8%A8%D9%8A%D8%A9
تأسيس النحو و تبسيطه بالخرائط الذهنية,أحمد إ.,0,0,Aucun avis,تعليم عن بعد,تعلم اللغات,"اللغة العربية, تعليم, دراسة, شرح, تدريب عن بعد",https://khamsat.com/training/learn-arabic/3599847-%D8%AA%D8%A3%D8%B3%D9%8A%D8%B3-%D8%A7%D9%84%D9%86%D8%AD%D9%88-%D9%88-%D8%AA%D8%A8%D8%B3%D9%8A%D8%B7%D9%87-%D8%A8%D8%A7%D9%84%D8%AE%D8%B1%D8%A7%D8%A6%D8%B7-%D8%A7%D9%84%D8%B0%D9%87%D9%86%D9%8A%D8%A9
تأسيس نحو لجميع المراحل,.Akram G,0,0,Aucun avis,تعليم عن بعد,تعلم اللغات,"كتابة, قواعد, تعليم عن بعد, حل واجبات, تدريس",https://khamsat.com/training/learn-arabic/3750832-%D8%AA%D8%A3%D8%B3%D9%8A%D8%B3-%D9%86%D8%AD%D9%88-%D9%84%D8%AC%D9%85%D9%8A%D8%B9-%D8%A7%D9%84%D9%85%D8%B1%D8%A7%D8%AD%D9%84
تدريس منهج لغتي/ لغة عربية للمرحلة الابتدائية,.Manal K,0,0,Aucun avis,تعليم عن بعد,تعلم اللغات,"لغة عربية, حل, معلمة, واجبات, ابتدائي",https://khamsat.com/training/learn-arabic/3092931-%D8%AA%D8%AF%D8%B1%D9%8A%D8%B3-%D9%85%D9%86%D9%87%D8%AC-%D9%84%D8%BA%D8%AA%D9%8A-%D9%84%D8%BA%D8%A9-%D8%B9%D8%B1%D8%A8%D9%8A%D8%A9-%D9%84%D9%84%D9%85%D8%B1%D8%AD%D9%84%D8%A9-%D8%A7%D9%84%D8%A7%D8%A8%D8%AA%D8%AF%D8%A7%D8%A6%D9%8A%D8%A9
تعليم غير الناطقين بالعربية اللغة العربية,دعاء م.,0,0,Aucun avis,تعليم عن بعد,تعلم اللغات,"لغة, اللغة العربية, دروس, تعليم, أنشطة",https://khamsat.com/training/learn-arabic/3616095-%D8%AA%D8%B9%D9%84%D9%8A%D9%85-%D8%BA%D9%8A%D8%B1-%D8%A7%D9%84%D9%86%D8%A7%D8%B7%D9%82%D9%8A%D9%86-%D8%A8%D8%A7%D9%84%D8%B9%D8%B1%D8%A8%D9%8A%D8%A9-%D8%A7%D9%84%D9%84%D8%BA%D8%A9-%D8%A7%D9%84%D8%B9%D8%B1%D8%A8%D9%8A%D8%A9
تعليم اللغة العربية بفروعها في النحو والبلاغة والصرف,خالد ط.,0,0,Aucun avis,تعليم عن بعد,تعلم اللغات,"دروس, لغة عربية, تعليم عن بعد, بلاغة, النحو",https://khamsat.com/training/learn-arabic/3045974-%D8%AA%D8%B9%D9%84%D9%8A%D9%85-%D8%A7%D9%84%D9%84%D8%BA%D8%A9-%D8%A7%D9%84%D8%B9%D8%B1%D8%A8%D9%8A%D8%A9-%D8%A8%D9%81%D8%B1%D9%88%D8%B9%D9%87%D8%A7-%D9%81%D9%8A-%D8%A7%D9%84%D9%86%D8%AD%D9%88-%D9%88%D8%A7%D9%84%D8%A8%D9%84%D8%A7%D8%BA%D8%A9-%D9%88%D8%A7%D9%84%D8%B5%D8%B1%D9%81
تعليم القواعد النحوية باستخدام استراتيجيات التعليم الحديثة,.Ahmed M,0,0,Aucun avis,تعليم عن بعد,تعلم اللغات,"اللغة العربية, تعليم, تدريب عن بعد, إعراب, نحو",https://khamsat.com/training/learn-arabic/2684194-%D8%AA%D8%B9%D9%84%D9%8A%D9%85-%D8%A7%D9%84%D9%82%D9%88%D8%A7%D8%B9%D8%AF-%D8%A7%D9%84%D9%86%D8%AD%D9%88%D9%8A%D8%A9-%D8%A8%D8%A7%D8%B3%D8%AA%D8%AE%D8%AF%D8%A7%D9%85-%D8%A7%D8%B3%D8%AA%D8%B1%D8%A7%D8%AA%D9%8A%D8%AC%D9%8A%D8%A7%D8%AA-%D8%A7%D9%84%D8%AA%D8%B9%D9%84%D9%8A%D9%85-%D8%A7%D9%84%D8%AD%D8%AF%D9%8A%D8%AB%D8%A9
تعليم القراءة والكتابة بأسهل الطرق.,مني م.,0,0,Aucun avis,تعليم عن بعد,تعلم اللغات,"كتابة, تعليم, تدريب, قراءة, نور بيان",https://khamsat.com/training/learn-arabic/2357371-%D8%AA%D8%B9%D9%84%D9%8A%D9%85-%D8%A7%D9%84%D9%82%D8%B1%D8%A7%D8%A1%D8%A9-%D9%88%D8%A7%D9%84%D9%83%D8%AA%D8%A7%D8%A8%D8%A9-%D8%A8%D8%A3%D8%B3%D9%87%D9%84-%D8%A7%D9%84%D8%B7%D8%B1%D9%82
التأسيس السليم للأطفال متخصص في المنهج القطري,.Sara M,0,0,Aucun avis,تعليم عن بعد,تعلم اللغات,"ترجمة, دروس, تعلم, تعليم عن بعد, تعليمي",https://khamsat.com/training/learn-arabic/3664044-%D8%A7%D9%84%D8%AA%D8%A3%D8%B3%D9%8A%D8%B3-%D8%A7%D9%84%D8%B3%D9%84%D9%8A%D9%85-%D9%84%D9%84%D8%A3%D8%B7%D9%81%D8%A7%D9%84-%D9%85%D8%AA%D8%AE%D8%B5%D8%B5-%D9%81%D9%8A-%D8%A7%D9%84%D9%85%D9%86%D9%87%D8%AC-%D8%A7%D9%84%D9%82%D8%B7%D8%B1%D9%8A
تعليم اللغة العربيّة لغير الناطقين بها,.Huda A,0,0,Aucun avis,تعليم عن بعد,تعلم اللغات,"لغة, عربية, اللغة العربية, كتابة, تعليم",https://khamsat.com/training/learn-arabic/3664416-%D8%AA%D8%B9%D9%84%D9%8A%D9%85-%D8%A7%D9%84%D9%84%D8%BA%D8%A9-%D8%A7%D9%84%D8%B9%D8%B1%D8%A8%D9%8A%D8%A9-%D9%84%D8%BA%D9%8A%D8%B1-%D8%A7%D9%84%D9%86%D8%A7%D8%B7%D9%82%D9%8A%D9%86-%D8%A8%D9%87%D8%A7
المساعدة في حل واجبات الجامعة العربية المفتوحة AOU,.William S,5,4,منذ سنتين و9 أشهر,تعليم عن بعد,تعلم اللغات,"رياضيات, عربية, العربية, مساعدة, شرح, مسائل, واجبات, واجب, طلاب",https://khamsat.com/training/learn-arabic/2536785-%D8%A7%D9%84%D9%85%D8%B3%D8%A7%D8%B9%D8%AF%D8%A9-%D9%81%D9%8A-%D8%AD%D9%84-%D9%88%D8%A7%D8%AC%D8%A8%D8%A7%D8%AA-%D8%A7%D9%84%D8%AC%D8%A7%D9%85%D8%B9%D8%A9-%D8%A7%D9%84%D8%B9%D8%B1%D8%A8%D9%8A%D8%A9-%D8%A7%D9%84%D9%85%D9%81%D8%AA%D9%88%D8%AD%D8%A9-aou
تعليم لغة عربية للعرب و غير الناطقين بها,محمد ن.,0,0,Aucun avis,تعليم عن بعد,تعلم اللغات,"لغة, عربية, تعليم",https://khamsat.com/training/learn-arabic/2116523-%D8%AA%D8%B9%D9%84%D9%8A%D9%85-%D9%84%D8%BA%D8%A9-%D8%B9%D8%B1%D8%A8%D9%8A%D8%A9-%D9%84%D9%84%D8%B9%D8%B1%D8%A8-%D9%88-%D8%BA%D9%8A%D8%B1-%D8%A7%D9%84%D9%86%D8%A7%D8%B7%D9%82%D9%8A%D9%86-%D8%A8%D9%87%D8%A7
معلم لغة عربية للصفوف الأولى المتوسطة عبر الانترنت,.Ahmed E,0,0,Aucun avis,تعليم عن بعد,تعلم اللغات,"اللغة العربية, تعليم عن بعد",https://khamsat.com/training/learn-arabic/2655135-%D9%85%D8%B9%D9%84%D9%85-%D9%84%D8%BA%D8%A9-%D8%B9%D8%B1%D8%A8%D9%8A%D8%A9-%D9%84%D9%84%D8%B5%D9%81%D9%88%D9%81-%D8%A7%D9%84%D8%A3%D9%88%D9%84%D9%89-%D8%A7%D9%84%D9%85%D8%AA%D9%88%D8%B3%D8%B7%D8%A9-%D8%B9%D8%A8%D8%B1-%D8%A7%D9%84%D8%A7%D9%86%D8%AA%D8%B1%D9%86%D8%AA
تدريس اللغة العربية للمرحلة الابتدائية,.Amani A,0,0,Aucun avis,تعليم عن بعد,تعلم اللغات,"رياضيات, تعليم, لغة عربية, تعليم عن بعد, تدريس",https://khamsat.com/training/learn-arabic/3032555-%D8%AA%D8%AF%D8%B1%D9%8A%D8%B3-%D8%A7%D9%84%D9%84%D8%BA%D8%A9-%D8%A7%D9%84%D8%B9%D8%B1%D8%A8%D9%8A%D8%A9-%D9%84%D9%84%D9%85%D8%B1%D8%AD%D9%84%D8%A9-%D8%A7%D9%84%D8%A7%D8%A8%D8%AA%D8%AF%D8%A7%D8%A6%D9%8A%D8%A9
تعليم النحو ومناهج اللغة العربية للمرحلة الابتدائية,.Manal K,0,0,Aucun avis,تعليم عن بعد,تعلم اللغات,"دروس, لغة عربية, تعليم عن بعد, النحو, ابتدائي",https://khamsat.com/training/learn-arabic/2806410-%D8%AA%D8%B9%D9%84%D9%8A%D9%85-%D8%A7%D9%84%D9%86%D8%AD%D9%88-%D9%88%D9%85%D9%86%D8%A7%D9%87%D8%AC-%D8%A7%D9%84%D9%84%D8%BA%D8%A9-%D8%A7%D9%84%D8%B9%D8%B1%D8%A8%D9%8A%D8%A9-%D9%84%D9%84%D9%85%D8%B1%D8%AD%D9%84%D8%A9-%D8%A7%D9%84%D8%A7%D8%A8%D8%AA%D8%AF%D8%A7%D8%A6%D9%8A%D8%A9
تعليم اللغة العربية للأطفال,.Manal K,0,0,Aucun avis,تعليم عن بعد,تعلم اللغات,"لغة عربية, للأطفال, درس, معلمة, تأسيس",https://khamsat.com/training/learn-arabic/2941739-%D8%AA%D8%B9%D9%84%D9%8A%D9%85-%D8%A7%D9%84%D9%84%D8%BA%D8%A9-%D8%A7%D9%84%D8%B9%D8%B1%D8%A8%D9%8A%D8%A9-%D9%84%D9%84%D8%A3%D8%B7%D9%81%D8%A7%D9%84
شرح أي قاعدة في اللغة العربية,رنا ر.,21,15,منذ 6 أشهر و23 يوم,تعليم عن بعد,تعلم اللغات,شرح,https://khamsat.com/training/learn-arabic/1028111-%D8%B4%D8%B1%D8%AD-%D8%A3%D9%8A-%D9%82%D8%A7%D8%B9%D8%AF%D8%A9-%D9%81%D9%8A-%D8%A7%D9%84%D9%84%D8%BA%D8%A9-%D8%A7%D9%84%D8%B9%D8%B1%D8%A8%D9%8A%D8%A9
تعلم اللغة الفرنسية بطريقة ممتعة وشيقة للكبار والصغار,شيماء ب.,2,2,منذ 9 أشهر و21 يوم,تعليم عن بعد,تعلم اللغات,"لغة, فرنسية, تعليم, تعليم عن بعد, كورس",https://khamsat.com/training/learn-frensh/3083069-%D8%AA%D8%B9%D9%84%D9%85-%D8%A7%D9%84%D9%84%D8%BA%D8%A9-%D8%A7%D9%84%D9%81%D8%B1%D9%86%D8%B3%D9%8A%D8%A9-%D8%A8%D8%B7%D8%B1%D9%8A%D9%82%D8%A9-%D9%85%D9%85%D8%AA%D8%B9%D8%A9-%D9%88%D8%B4%D9%8A%D9%82%D8%A9-%D9%84%D9%84%D9%83%D8%A8%D8%A7%D8%B1-%D9%88%D8%A7%D9%84%D8%B5%D8%BA%D8%A7%D8%B1
سأقدم لك شرح درس باللغة الفرنسية français french,رنيم ع.,8,7,منذ 6 أشهر و15 يوم,تعليم عن بعد,تعلم اللغات,"بحث, ترجمة, وظيفة, اللغة الفرنسية, فرنسي, قواعد, french, تفريغ صوتي, واجبات, francais",https://khamsat.com/training/learn-frensh/2771342-%D8%B3%D8%A3%D9%82%D8%AF%D9%85-%D9%84%D9%83-%D8%B4%D8%B1%D8%AD-%D8%AF%D8%B1%D8%B3-%D8%A8%D8%A7%D9%84%D9%84%D8%BA%D8%A9-%D8%A7%D9%84%D9%81%D8%B1%D9%86%D8%B3%D9%8A%D8%A9-franais-french
أعلمك اللغة الفرنسية مستوى مبتدئ,رشيد ش.,0,0,Aucun avis,تعليم عن بعد,تعلم اللغات,"لغة, فرنسية, تعليم, عن, بعد",https://khamsat.com/training/learn-frensh/1622282-%D8%A3%D8%B9%D9%84%D9%85%D9%83-%D8%A7%D9%84%D9%84%D8%BA%D8%A9-%D8%A7%D9%84%D9%81%D8%B1%D9%86%D8%B3%D9%8A%D8%A9-%D9%85%D8%B3%D8%AA%D9%88%D9%89-%D9%85%D8%A8%D8%AA%D8%AF%D8%A6
تعلم اللغة الفرنسية من الصفر,.Nedjla K,8,7,منذ سنة وشهرين,تعليم عن بعد,تعلم اللغات,"لغة, فرنسية, دروس, تعلم, كورس",https://khamsat.com/training/learn-frensh/2226212-%D8%AA%D8%B9%D9%84%D9%85-%D8%A7%D9%84%D9%84%D8%BA%D8%A9-%D8%A7%D9%84%D9%81%D8%B1%D9%86%D8%B3%D9%8A%D8%A9-%D9%85%D9%86-%D8%A7%D9%84%D8%B5%D9%81%D8%B1
تعلم اللغة الفرنسية بكل سهولة من الصفر حتى الاحتراف,أحمد ا.,0,0,Aucun avis,تعليم عن بعد,تعلم اللغات,"تعليم, اللغة الفرنسية, تعلم, عن بعد",https://khamsat.com/training/learn-frensh/3395327-%D8%AA%D8%B9%D9%84%D9%85-%D8%A7%D9%84%D9%84%D8%BA%D8%A9-%D8%A7%D9%84%D9%81%D8%B1%D9%86%D8%B3%D9%8A%D8%A9-%D8%A8%D9%83%D9%84-%D8%B3%D9%87%D9%88%D9%84%D8%A9-%D9%85%D9%86-%D8%A7%D9%84%D8%B5%D9%81%D8%B1-%D8%AD%D8%AA%D9%89-%D8%A7%D9%84%D8%A7%D8%AD%D8%AA%D8%B1%D8%A7%D9%81
تعلم اللغة الفرنسية للفتيات والسيدات والاطفال الصغار,.Istidraf H,0,0,Aucun avis,تعليم عن بعد,تعلم اللغات,"لغة, فرنسية, تعلم, تعليم عن بعد, كورس",https://khamsat.com/training/learn-frensh/3027467-%D8%AA%D8%B9%D9%84%D9%85-%D8%A7%D9%84%D9%84%D8%BA%D8%A9-%D8%A7%D9%84%D9%81%D8%B1%D9%86%D8%B3%D9%8A%D8%A9-%D9%84%D9%84%D9%81%D8%AA%D9%8A%D8%A7%D8%AA-%D9%88%D8%A7%D9%84%D8%B3%D9%8A%D8%AF%D8%A7%D8%AA-%D9%88%D8%A7%D9%84%D8%A7%D8%B7%D9%81%D8%A7%D9%84-%D8%A7%D9%84%D8%B5%D8%BA%D8%A7%D8%B1
سأجعلك تتحدث اللغة الفرنسية بطلاقة عبر المحادثة الجماعية,.Mohamed Yassine A,0,0,Aucun avis,تعليم عن بعد,تعلم اللغات,"لغات, دردشة",https://khamsat.com/training/learn-frensh/585848-%D8%B3%D8%A3%D8%AC%D8%B9%D9%84%D9%83-%D8%AA%D8%AA%D8%AD%D8%AF%D8%AB-%D8%A7%D9%84%D9%84%D8%BA%D8%A9-%D8%A7%D9%84%D9%81%D8%B1%D9%86%D8%B3%D9%8A%D8%A9-%D8%A8%D8%B7%D9%84%D8%A7%D9%82%D8%A9-%D8%B9%D8%A8%D8%B1-%D8%A7%D9%84%D9%85%D8%AD%D8%A7%D8%AF%D8%AB%D8%A9-%D8%A7%D9%84%D8%AC%D9%85%D8%A7%D8%B9%D9%8A%D8%A9
تصميم العاب تعليميه للاطفال,.Marmar M,0,0,Aucun avis,تعليم عن بعد,تعلم اللغات,"تصميم, تطوير, لعبه, العاب, الأطفال",https://khamsat.com/training/learn-frensh/3811131-%D8%AA%D8%B5%D9%85%D9%8A%D9%85-%D8%A7%D9%84%D8%B9%D8%A7%D8%A8-%D8%AA%D8%B9%D9%84%D9%8A%D9%85%D9%8A%D9%87-%D9%84%D9%84%D8%A7%D8%B7%D9%81%D8%A7%D9%84
كورس لغة فرنسية لجمع المستويات وكورس محادثة وتأهيل DELF TCF,.Samar H,0,0,Aucun avis,تعليم عن بعد,تعلم اللغات,"تعليم, اللغة الفرنسية, محادثة, قواعد, كورس",https://khamsat.com/training/learn-frensh/3798686-%D9%83%D9%88%D8%B1%D8%B3-%D9%84%D8%BA%D8%A9-%D9%81%D8%B1%D9%86%D8%B3%D9%8A%D8%A9-%D9%84%D8%AC%D9%85%D8%B9-%D8%A7%D9%84%D9%85%D8%B3%D8%AA%D9%88%D9%8A%D8%A7%D8%AA-%D9%88%D9%83%D9%88%D8%B1%D8%B3-%D9%85%D8%AD%D8%A7%D8%AF%D8%AB%D8%A9-%D9%88%D8%AA%D8%A3%D9%87%D9%8A%D9%84-delf-tcf
مساعدتك في اللغة الفرنسية,.Amine M,0,0,Aucun avis,تعليم عن بعد,تعلم اللغات,"فرنسية, تعلم, شرح, إنجليزية, محادثة, واجب",https://khamsat.com/training/learn-frensh/1941464-%D9%85%D8%B3%D8%A7%D8%B9%D8%AF%D8%AA%D9%83-%D9%81%D9%8A-%D8%A7%D9%84%D9%84%D8%BA%D8%A9-%D8%A7%D9%84%D9%81%D8%B1%D9%86%D8%B3%D9%8A%D8%A9
تعلم اللغة الفرنسية بطريقة فعالة و احترافية,.Meryem M,1,1,منذ 5 سنوات و4 أشهر,تعليم عن بعد,تعلم اللغات,"لغة, فرنسية, تعليم, قواعد, نطق, تحدث, فعالة",https://khamsat.com/training/learn-frensh/1694051-%D8%AA%D8%B9%D9%84%D9%85-%D8%A7%D9%84%D9%84%D8%BA%D8%A9-%D8%A7%D9%84%D9%81%D8%B1%D9%86%D8%B3%D9%8A%D8%A9-%D8%A8%D8%B7%D8%B1%D9%8A%D9%82%D8%A9-%D9%81%D8%B9%D8%A7%D9%84%D8%A9-%D9%88-%D8%A7%D8%AD%D8%AA%D8%B1%D8%A7%D9%81%D9%8A%D8%A9
الصفحة المطلوبة غير موجودة,Non trouvé,Non trouvé,Non trouvé,Aucun avis,Inconnu,Inconnu,Aucun tag,https://khamsat.com/training/learn-other-languages/3085513-%D8%AA%D8%B9%D9%84%D9%85-%D8%A7%D9%84%D9%84%D8%BA%D8%A9-%D8%A7%D9%84%D9%83%D9%88%D8%B1%D9%8A%D8%A9-%D9%85%D9%86-%D8%A7%D9%84%D8%B5%D9%81%D8%B1-%D8%A8%D8%A3%D8%B3%D9%84%D9%88%D8%A8-%D9%85%D9%85%D8%AA%D8%B9-%D9%88%D8%B3%D9%87%D9%84-%D9%84%D9%84%D9%85%D8%A8%D8%AA%D8%AF%D8%A6%D9%8A%D9%86
تعلم اللغة الايطالية من الصفر إلي الاحتراف,مصطفى م.,1,1,منذ سنة و3 أشهر,تعليم عن بعد,تعلم اللغات,"لغة, اونلاين, محادثات, تدريس, ايطاليه",https://khamsat.com/training/learn-other-languages/3061967-%D8%AA%D8%B9%D9%84%D9%85-%D8%A7%D9%84%D9%84%D8%BA%D8%A9-%D8%A7%D9%84%D8%A7%D9%8A%D8%B7%D8%A7%D9%84%D9%8A%D8%A9-%D9%85%D9%86-%D8%A7%D9%84%D8%B5%D9%81%D8%B1-%D8%A5%D9%84%D9%8A-%D8%A7%D9%84%D8%A7%D8%AD%D8%AA%D8%B1%D8%A7%D9%81
ابدا بتعلم اللغة التركية| محاضرات اسبوعية عبر زوم حتى تتحدث,عمر خ.,0,0,Aucun avis,تعليم عن بعد,تعلم اللغات,"لغة, تعليم, لغات, تركية, دورة, تدريب, تدريب عن بعد, بطريقة, مبتكرة, اللغة التركية",https://khamsat.com/training/learn-other-languages/2595746-%D8%A7%D8%A8%D8%AF%D8%A7-%D8%A8%D8%AA%D8%B9%D9%84%D9%85-%D8%A7%D9%84%D9%84%D8%BA%D8%A9-%D8%A7%D9%84%D8%AA%D8%B1%D9%83%D9%8A%D8%A9-%D9%85%D8%AD%D8%A7%D8%B6%D8%B1%D8%A7%D8%AA-%D8%A7%D8%B3%D8%A8%D9%88%D8%B9%D9%8A%D8%A9-%D8%B9%D8%A8%D8%B1-%D8%B2%D9%88%D9%85-%D8%AD%D8%AA%D9%89-%D8%AA%D8%AA%D8%AD%D8%AF%D8%AB
كن محترفا في لغتك المفضلة الاسبانية,ريم ب.,9,3,منذ 3 سنوات و5 أشهر,تعليم عن بعد,تعلم اللغات,"تطوير, كتابة, pdf, word",https://khamsat.com/training/learn-other-languages/1937715-%D9%83%D9%86-%D9%85%D8%AD%D8%AA%D8%B1%D9%81%D8%A7-%D9%81%D9%8A-%D9%84%D8%BA%D8%AA%D9%83-%D8%A7%D9%84%D9%85%D9%81%D8%B6%D9%84%D8%A9-%D8%A7%D9%84%D8%A7%D8%B3%D8%A8%D8%A7%D9%86%D9%8A%D8%A9
تعلم اللغه التركيه من الصفر,.Asrar Q,0,0,Aucun avis,تعليم عن بعد,تعلم اللغات,تعلم التركية بسهوله ووضوح تام,https://khamsat.com/training/learn-other-languages/3118001-%D8%AA%D8%B9%D9%84%D9%85-%D8%A7%D9%84%D9%84%D8%BA%D9%87-%D8%A7%D9%84%D8%AA%D8%B1%D9%83%D9%8A%D9%87-%D9%85%D9%86-%D8%A7%D9%84%D8%B5%D9%81%D8%B1
تصميم محتوى تعليمي ممتع وتفاعلي للأطفال حسب العمر والمستوى,.Samir R,0,0,Aucun avis,تعليم عن بعد,تعلم اللغات,"تعليم, العاب, تعليم عن بعد, تلوين, الأطفال",https://khamsat.com/training/learn-other-languages/3755083-%D8%AA%D8%B5%D9%85%D9%8A%D9%85-%D9%85%D8%AD%D8%AA%D9%88%D9%89-%D8%AA%D8%B9%D9%84%D9%8A%D9%85%D9%8A-%D9%85%D9%85%D8%AA%D8%B9-%D9%88%D8%AA%D9%81%D8%A7%D8%B9%D9%84%D9%8A-%D9%84%D9%84%D8%A3%D8%B7%D9%81%D8%A7%D9%84-%D8%AD%D8%B3%D8%A8-%D8%A7%D9%84%D8%B9%D9%85%D8%B1-%D9%88%D8%A7%D9%84%D9%85%D8%B3%D8%AA%D9%88%D9%89
تعلم لغات أخرى,Non trouvé,Non trouvé,Non trouvé,Aucun avis,تعليم عن بعد,تعلم اللغات,Aucun tag,https://khamsat.com/training/learn-other-languages/2767582-%D9%83%D9%88%D8%B1%D8%B3%D8%A7%D8%AA-%D9%85%D8%AD%D8%A7%D8%AF%D8%AB%D8%A9-%D8%A5%D8%B3%D8%A8%D8%A7%D9%86%D9%8A%D8%A9-%D9%84%D9%83%D8%A7%D9%81%D8%A9-%D8%A7%D9%84%D9%85%D8%B3%D8%AA%D9%88%D9%8A%D8%A7%D8%AA
دورة تدريب على المحادثة الأكثر إستخداما في الشارع(لغة تركية),مهند ع.,1,1,منذ 4 سنوات و7 أشهر,تعليم عن بعد,تعلم اللغات,"تعليم, تركية, دورة, درس, كورس",https://khamsat.com/training/learn-other-languages/1861773-%D8%AF%D9%88%D8%B1%D8%A9-%D8%AA%D8%AF%D8%B1%D9%8A%D8%A8-%D8%B9%D9%84%D9%89-%D8%A7%D9%84%D9%85%D8%AD%D8%A7%D8%AF%D8%AB%D8%A9-%D8%A7%D9%84%D8%A3%D9%83%D8%AB%D8%B1-%D8%A5%D8%B3%D8%AA%D8%AE%D8%AF%D8%A7%D9%85%D8%A7-%D9%81%D9%8A-%D8%A7%D9%84%D8%B4%D8%A7%D8%B1%D8%B9%D9%84%D8%BA%D8%A9-%D8%AA%D8%B1%D9%83%D9%8A%D8%A9
"تعليم اللغة التركية ""كافة المستويات"" - Zoom",.Motea D,0,0,Aucun avis,تعليم عن بعد,تعلم اللغات,"لغة, تعليم, تدريب, اللغة, اللغة التركية",https://khamsat.com/training/learn-other-languages/2431009-%D8%AA%D8%B9%D9%84%D9%8A%D9%85-%D8%A7%D9%84%D9%84%D8%BA%D8%A9-%D8%A7%D9%84%D8%AA%D8%B1%D9%83%D9%8A%D8%A9-%D9%83%D8%A7%D9%81%D8%A9-%D8%A7%D9%84%D9%85%D8%B3%D8%AA%D9%88%D9%8A%D8%A7%D8%AA-zoom
شرح اللغة اليابانية مستوي N5,.Mariam G,0,0,Aucun avis,تعليم عن بعد,تعلم اللغات,"اللغة اليابانية, jlpt, مينا نو نيهونجو, minna no nihongo, جينكي",https://khamsat.com/training/learn-other-languages/3816659-%D8%B4%D8%B1%D8%AD-%D8%A7%D9%84%D9%84%D8%BA%D8%A9-%D8%A7%D9%84%D9%8A%D8%A7%D8%A8%D8%A7%D9%86%D9%8A%D8%A9-%D9%85%D8%B3%D8%AA%D9%88%D9%8A-n5
أقوم بشرح وعمل واجبات لكليات قسم اللغة الصينية(السن،آداب),.Mona E,1,0,Aucun avis,تعليم عن بعد,تعلم اللغات,"كتابة, تعلم, شرح, pdf, word, حل, مدرسة, مذاكرة, حل واجبات, تدريس",https://khamsat.com/training/learn-other-languages/2532889-%D8%A3%D9%82%D9%88%D9%85-%D8%A8%D8%B4%D8%B1%D8%AD-%D9%88%D8%B9%D9%85%D9%84-%D9%88%D8%A7%D8%AC%D8%A8%D8%A7%D8%AA-%D9%84%D9%83%D9%84%D9%8A%D8%A7%D8%AA-%D9%82%D8%B3%D9%85-%D8%A7%D9%84%D9%84%D8%BA%D8%A9-%D8%A7%D9%84%D8%B5%D9%8A%D9%86%D9%8A%D8%A9%D8%A7%D9%84%D8%B3%D9%86%D8%A2%D8%AF%D8%A7%D8%A8
دورات و دروس لتعليم اللغة الالمانية,.Abdelrahman S,6,6,منذ 3 سنوات وشهر,تعليم عن بعد,تعلم اللغات,"لغة, كورس, اونلاين, المانية",https://khamsat.com/training/learn-other-languages/2111686-%D8%AF%D9%88%D8%B1%D8%A7%D8%AA-%D9%88-%D8%AF%D8%B1%D9%88%D8%B3-%D9%84%D8%AA%D8%B9%D9%84%D9%8A%D9%85-%D8%A7%D9%84%D9%84%D8%BA%D8%A9-%D8%A7%D9%84%D8%A7%D9%84%D9%85%D8%A7%D9%86%D9%8A%D8%A9
تعلم اللغة التركية بسهولة وبشكل احترافي,.Osman A,0,0,Aucun avis,تعليم عن بعد,تعلم اللغات,"لغات, تركية, تعلم, تدريب, تركي, مستويات, تومر, tmer",https://khamsat.com/training/learn-other-languages/2291848-%D8%AA%D8%B9%D9%84%D9%85-%D8%A7%D9%84%D9%84%D8%BA%D8%A9-%D8%A7%D9%84%D8%AA%D8%B1%D9%83%D9%8A%D8%A9-%D8%A8%D8%B3%D9%87%D9%88%D9%84%D8%A9-%D9%88%D8%A8%D8%B4%D9%83%D9%84-%D8%A7%D8%AD%D8%AA%D8%B1%D8%A7%D9%81%D9%8A
دورة تعليم اللغة التركية من الصفر للمبتدأين المستوى الأول A1,إسراء ع.,0,0,Aucun avis,تعليم عن بعد,تعلم اللغات,"لغة, تعليم, لغات, تعلم, دورة, تدريب عن بعد, تركي, بطريقة, مبتكرة, اللغة التركية",https://khamsat.com/training/learn-other-languages/2522941-%D8%AF%D9%88%D8%B1%D8%A9-%D8%AA%D8%B9%D9%84%D9%8A%D9%85-%D8%A7%D9%84%D9%84%D8%BA%D8%A9-%D8%A7%D9%84%D8%AA%D8%B1%D9%83%D9%8A%D8%A9-%D9%85%D9%86-%D8%A7%D9%84%D8%B5%D9%81%D8%B1-%D9%84%D9%84%D9%85%D8%A8%D8%AA%D8%AF%D8%A3%D9%8A%D9%86-%D8%A7%D9%84%D9%85%D8%B3%D8%AA%D9%88%D9%89-%D8%A7%D9%84%D8%A3%D9%88%D9%84-a1
تدريس اللغة الصينية والإستعداد لإمتحانات HSK,.Ebtihal S,0,0,Aucun avis,تعليم عن بعد,تعلم اللغات,"تعليم, الصينية, 1 3 hsk, إمتحانات لغة صينية, chinese language",https://khamsat.com/training/learn-other-languages/3124277-%D8%AA%D8%AF%D8%B1%D9%8A%D8%B3-%D8%A7%D9%84%D9%84%D8%BA%D8%A9-%D8%A7%D9%84%D8%B5%D9%8A%D9%86%D9%8A%D8%A9-%D9%88%D8%A7%D9%84%D8%A5%D8%B3%D8%AA%D8%B9%D8%AF%D8%A7%D8%AF-%D9%84%D8%A5%D9%85%D8%AA%D8%AD%D8%A7%D9%86%D8%A7%D8%AA-hsk
تعلم اللغة التركية بمهاراتها الأربعة,تسنيم خ.,0,0,Aucun avis,تعليم عن بعد,تعلم اللغات,"لغة, دروس, تركي, تركيا, اللغة التركية",https://khamsat.com/training/learn-other-languages/3806798-%D8%AA%D8%B9%D9%84%D9%85-%D8%A7%D9%84%D9%84%D8%BA%D8%A9-%D8%A7%D9%84%D8%AA%D8%B1%D9%83%D9%8A%D8%A9-%D8%A8%D9%85%D9%87%D8%A7%D8%B1%D8%A7%D8%AA%D9%87%D8%A7-%D8%A7%D9%84%D8%A3%D8%B1%D8%A8%D8%B9%D8%A9
تعليم اللغة التركية عن بعد,سامح ب.,0,0,Aucun avis,تعليم عن بعد,تعلم اللغات,"لغة, تعليم, تدريب عن بعد, تركي",https://khamsat.com/training/learn-other-languages/3762321-%D8%AA%D8%B9%D9%84%D9%8A%D9%85-%D8%A7%D9%84%D9%84%D8%BA%D8%A9-%D8%A7%D9%84%D8%AA%D8%B1%D9%83%D9%8A%D8%A9-%D8%B9%D9%86-%D8%A8%D8%B9%D8%AF
الصفحة المطلوبة غير موجودة,Non trouvé,Non trouvé,Non trouvé,Aucun avis,Inconnu,Inconnu,Aucun tag,https://khamsat.com/training/learn-other-languages/2847960-%D8%B4%D8%B1%D8%AD-%D9%85%D9%88%D8%A7%D8%AF-%D8%A7%D9%84%D8%A5%D8%AD%D8%B5%D8%A7%D8%A1-%D9%84%D8%B7%D9%84%D8%A7%D8%A8-%D8%A7%D9%84%D8%AC%D8%A7%D9%85%D8%B9%D8%A7%D8%AA
"دورت تعليم اللغة الألمانية للمستوياتA1, A2 & B1",تقوى م.,0,0,Aucun avis,تعليم عن بعد,تعلم اللغات,"ترجمة, ألماني, اللغة الانجليزية, الألمانية, تعلم عن بعد",https://khamsat.com/training/learn-other-languages/3240335-%D8%AF%D9%88%D8%B1%D8%AA-%D8%AA%D8%B9%D9%84%D9%8A%D9%85-%D8%A7%D9%84%D9%84%D8%BA%D8%A9-%D8%A7%D9%84%D8%A3%D9%84%D9%85%D8%A7%D9%86%D9%8A%D8%A9-%D9%84%D9%84%D9%85%D8%B3%D8%AA%D9%88%D9%8A%D8%A7%D8%AAa1-a2-b1
شرح ألفية ابن مالك كل ساعة مقابل 5$,موسى ي.,0,0,Aucun avis,تعليم عن بعد,تعلم اللغات,"تعليم, عن, بعد",https://khamsat.com/training/learn-other-languages/1529294-%D8%B4%D8%B1%D8%AD-%D8%A3%D9%84%D9%81%D9%8A%D8%A9-%D8%A7%D8%A8%D9%86-%D9%85%D8%A7%D9%84%D9%83-%D9%83%D9%84-%D8%B3%D8%A7%D8%B9%D8%A9-%D9%85%D9%82%D8%A7%D8%A8%D9%84-5
تعليم اللغة الألمانية عن بعد,محمود ا.,1,0,Aucun avis,تعليم عن بعد,تعلم اللغات,"العربية, ألمانية, تعلم, اللغة, تعليم عن بعد",https://khamsat.com/training/learn-other-languages/3229089-%D8%AA%D8%B9%D9%84%D9%8A%D9%85-%D8%A7%D9%84%D9%84%D8%BA%D8%A9-%D8%A7%D9%84%D8%A3%D9%84%D9%85%D8%A7%D9%86%D9%8A%D8%A9-%D8%B9%D9%86-%D8%A8%D8%B9%D8%AF
تدريس اللغة الألمانية أونلاين للناطقين بالعربية,.Mona N,0,0,Aucun avis,تعليم عن بعد,تعلم اللغات,"ألمانية, تدريب, تدريب عن بعد",https://khamsat.com/training/learn-other-languages/3054129-%D8%AA%D8%AF%D8%B1%D9%8A%D8%B3-%D8%A7%D9%84%D9%84%D8%BA%D8%A9-%D8%A7%D9%84%D8%A3%D9%84%D9%85%D8%A7%D9%86%D9%8A%D8%A9-%D8%A3%D9%88%D9%86%D9%84%D8%A7%D9%8A%D9%86-%D9%84%D9%84%D9%86%D8%A7%D8%B7%D9%82%D9%8A%D9%86-%D8%A8%D8%A7%D9%84%D8%B9%D8%B1%D8%A8%D9%8A%D8%A9
تعليم اللغات: العربية،الفرنسية والإنجليزية.,سهام ع.,0,0,Aucun avis,تعليم عن بعد,تعلم اللغات,"العربية, الإنجليزية, الفرنسية, النحوية, القواعد",https://khamsat.com/training/learn-other-languages/2235470-%D8%AA%D8%B9%D9%84%D9%8A%D9%85-%D8%A7%D9%84%D9%84%D8%BA%D8%A7%D8%AA-%D8%A7%D9%84%D8%B9%D8%B1%D8%A8%D9%8A%D8%A9%D8%A7%D9%84%D9%81%D8%B1%D9%86%D8%B3%D9%8A%D8%A9-%D9%88%D8%A7%D9%84%D8%A5%D9%86%D8%AC%D9%84%D9%8A%D8%B2%D9%8A%D8%A9
المساعدة في حل واجبات تعلم الألة والذكاء الاصطناعي,.Alaa O,2,1,منذ 8 أشهر و11 يوم,تعليم عن بعد,تعلم المهارات الرقمية,"python, machine learning, الذكاء الاصطناعي",https://khamsat.com/training/learn-ai-machine-learning/2923823-%D8%A7%D9%84%D9%85%D8%B3%D8%A7%D8%B9%D8%AF%D8%A9-%D9%81%D9%8A-%D8%AD%D9%84-%D9%88%D8%A7%D8%AC%D8%A8%D8%A7%D8%AA-%D8%AA%D8%B9%D9%84%D9%85-%D8%A7%D9%84%D8%A3%D9%84%D8%A9-%D9%88%D8%A7%D9%84%D8%B0%D9%83%D8%A7%D8%A1-%D8%A7%D9%84%D8%A7%D8%B5%D8%B7%D9%86%D8%A7%D8%B9%D9%8A
تعلم انشاء موديل يعمل machine learning or deep learning,.Mohamed H,0,0,Aucun avis,تعليم عن بعد,تعلم المهارات الرقمية,"learning, machine, deep, ذكاء اصطناعي, machine learning",https://khamsat.com/training/learn-ai-machine-learning/2890693-%D8%AA%D8%B9%D9%84%D9%85-%D8%A7%D9%86%D8%B4%D8%A7%D8%A1-%D9%85%D9%88%D8%AF%D9%8A%D9%84-%D9%8A%D8%B9%D9%85%D9%84-machine-learning-or-deep-learning
شرح Deep learning  و Computer Vision و Image Processing,عمر ع.,0,0,Aucun avis,تعليم عن بعد,تعلم المهارات الرقمية,"تطوير, python, pdf, vision, ذكاء اصطناعي",https://khamsat.com/training/learn-ai-machine-learning/3759573-%D8%B4%D8%B1%D8%AD-deep-learning-%D9%88-computer-vision-%D9%88-image-processing
كيف تربط Excel بالذكاء الاصطناعي وتضاعف إنتاجيتك,.Mohamed M,0,0,Aucun avis,تعليم عن بعد,تعلم المهارات الرقمية,"تعلم الذكاء الاصطناعي, ربط excel بالذكاء الاصطناعي, chatgpt مع excel, أدوات ذكاء اصطناعي للإنتاجية, استخدام الذكاء الاصطناعي",https://khamsat.com/training/learn-ai-machine-learning/3319130-%D9%83%D9%8A%D9%81-%D8%AA%D8%B1%D8%A8%D8%B7-excel-%D8%A8%D8%A7%D9%84%D8%B0%D9%83%D8%A7%D8%A1-%D8%A7%D9%84%D8%A7%D8%B5%D8%B7%D9%86%D8%A7%D8%B9%D9%8A-%D9%88%D8%AA%D8%B6%D8%A7%D8%B9%D9%81-%D8%A5%D9%86%D8%AA%D8%A7%D8%AC%D9%8A%D8%AA%D9%83
تعليم إنشاء موديل يعمل بالذكاء الاصطناعي,.Mohamed H,0,0,Aucun avis,تعليم عن بعد,تعلم المهارات الرقمية,"بايثون, data, ذكاء اصطناعي, machine learning",https://khamsat.com/training/learn-ai-machine-learning/2838153-%D8%AA%D8%B9%D9%84%D9%8A%D9%85-%D8%A5%D9%86%D8%B4%D8%A7%D8%A1-%D9%85%D9%88%D8%AF%D9%8A%D9%84-%D9%8A%D8%B9%D9%85%D9%84-%D8%A8%D8%A7%D9%84%D8%B0%D9%83%D8%A7%D8%A1-%D8%A7%D9%84%D8%A7%D8%B5%D8%B7%D9%86%D8%A7%D8%B9%D9%8A
سأعلمك نظام المذاكرة الذكية باستخدام الذكاء الاصطناعي,محمد ح.,0,0,Aucun avis,تعليم عن بعد,تعلم المهارات الرقمية,"تعليم, تدريب, ذكاء اصطناعي",https://khamsat.com/training/learn-ai-machine-learning/4353675-%D8%B3%D8%A3%D8%B9%D9%84%D9%85%D9%83-%D9%86%D8%B8%D8%A7%D9%85-%D8%A7%D9%84%D9%85%D8%B0%D8%A7%D9%83%D8%B1%D8%A9-%D8%A7%D9%84%D8%B0%D9%83%D9%8A%D8%A9-%D8%A8%D8%A7%D8%B3%D8%AA%D8%AE%D8%AF%D8%A7%D9%85-%D8%A7%D9%84%D8%B0%D9%83%D8%A7%D8%A1-%D8%A7%D9%84%D8%A7%D8%B5%D8%B7%D9%86%D8%A7%D8%B9%D9%8A
كورسات وتدريب عملي في الذكاء الاصطناعي وتعلم الآلة من الصفر,.Ahmed F,0,0,Aucun avis,تعليم عن بعد,تعلم المهارات الرقمية,"برمجة, ai, machine learning, الذكاء الاصطناعي, تعلم الآلة",https://khamsat.com/training/learn-ai-machine-learning/4336894-%D9%83%D9%88%D8%B1%D8%B3%D8%A7%D8%AA-%D9%88%D8%AA%D8%AF%D8%B1%D9%8A%D8%A8-%D8%B9%D9%85%D9%84%D9%8A-%D9%81%D9%8A-%D8%A7%D9%84%D8%B0%D9%83%D8%A7%D8%A1-%D8%A7%D9%84%D8%A7%D8%B5%D8%B7%D9%86%D8%A7%D8%B9%D9%8A-%D9%88%D8%AA%D8%B9%D9%84%D9%85-%D8%A7%D9%84%D8%A2%D9%84%D8%A9-%D9%85%D9%86-%D8%A7%D9%84%D8%B5%D9%81%D8%B1
حل اي مشكلة وأي مسئلة متعلقة بتعلم الألة والذكاء الاصطناعي,احمد ا.,7,5,منذ سنتين و6 أشهر,تعليم عن بعد,تعلم المهارات الرقمية,"برمجة, تعلم, ai, math, ذكاء اصطناعي, machine learning, تعلم الالة, algorthims, deep learining, math for ai",https://khamsat.com/training/learn-ai-machine-learning/2480465-%D8%AD%D9%84-%D8%A7%D9%8A-%D9%85%D8%B4%D9%83%D9%84%D8%A9-%D9%88%D8%A3%D9%8A-%D9%85%D8%B3%D8%A6%D9%84%D8%A9-%D9%85%D8%AA%D8%B9%D9%84%D9%82%D8%A9-%D8%A8%D8%AA%D8%B9%D9%84%D9%85-%D8%A7%D9%84%D8%A3%D9%84%D8%A9-%D9%88%D8%A7%D9%84%D8%B0%D9%83%D8%A7%D8%A1-%D8%A7%D9%84%D8%A7%D8%B5%D8%B7%D9%86%D8%A7%D8%B9%D9%8A
ورشة عمل تطبيقية في NotebookLM,محمد ح.,0,0,Aucun avis,تعليم عن بعد,تعلم المهارات الرقمية,"استشارة, تعليم, تعلم, تدريب, تعليم عن بعد",https://khamsat.com/training/learn-ai-machine-learning/4353434-%D9%88%D8%B1%D8%B4%D8%A9-%D8%B9%D9%85%D9%84-%D8%AA%D8%B7%D8%A8%D9%8A%D9%82%D9%8A%D8%A9-%D9%81%D9%8A-notebooklm
تعلم أساسيات استخدام الذكاء الاصطناعي وكتابة الأوامر,بشار ا.,0,0,Aucun avis,تعليم عن بعد,تعلم المهارات الرقمية,"الذكاء الاصطناعي, chatgpt, تعلم الذكاء الاصطناعي, برمجة ai, كتابة الاوامرprompts",https://khamsat.com/training/learn-ai-machine-learning/4289120-%D8%AA%D8%B9%D9%84%D9%85-%D8%A3%D8%B3%D8%A7%D8%B3%D9%8A%D8%A7%D8%AA-%D8%A7%D8%B3%D8%AA%D8%AE%D8%AF%D8%A7%D9%85-%D8%A7%D9%84%D8%B0%D9%83%D8%A7%D8%A1-%D8%A7%D9%84%D8%A7%D8%B5%D8%B7%D9%86%D8%A7%D8%B9%D9%8A-%D9%88%D9%83%D8%AA%D8%A7%D8%A8%D8%A9-%D8%A7%D9%84%D8%A3%D9%88%D8%A7%D9%85%D8%B1
شرح مشاريع Machine Learning بالعربي مع الاكود لغة بايثون,.Karam A,9,7,منذ سنة و8 أشهر,تعليم عن بعد,تعلم المهارات الرقمية,"تحليل, python, بايثون, بيانات, project, analysis, deep, machine learning, jupyter notebook",https://khamsat.com/training/learn-ai-machine-learning/2373289-%D8%B4%D8%B1%D8%AD-%D9%85%D8%B4%D8%A7%D8%B1%D9%8A%D8%B9-machine-learning-%D8%A8%D8%A7%D9%84%D8%B9%D8%B1%D8%A8%D9%8A-%D9%85%D8%B9-%D8%A7%D9%84%D8%A7%D9%83%D9%88%D8%AF-%D9%84%D8%BA%D8%A9-%D8%A8%D8%A7%D9%8A%D8%AB%D9%88%D9%86
فيديوهات تعلم الذكاء الاصطناعي openCV بلغة البرمجة بايثون,محمد ع.,3,3,منذ 4 سنوات وشهر,تعليم عن بعد,تعلم المهارات الرقمية,"برمجة, لغة, تعلم, python, programming, بايثون, دورات, course, كورس, كورسات, opencv",https://khamsat.com/training/learn-ai-machine-learning/1746799-%D9%81%D9%8A%D8%AF%D9%8A%D9%88%D9%87%D8%A7%D8%AA-%D8%AA%D8%B9%D9%84%D9%85-%D8%A7%D9%84%D8%B0%D9%83%D8%A7%D8%A1-%D8%A7%D9%84%D8%A7%D8%B5%D8%B7%D9%86%D8%A7%D8%B9%D9%8A-opencv-%D8%A8%D9%84%D8%BA%D8%A9-%D8%A7%D9%84%D8%A8%D8%B1%D9%85%D8%AC%D8%A9-%D8%A8%D8%A7%D9%8A%D8%AB%D9%88%D9%86
استشارة في ما يخص تعلم الآلة والتعلم العميق,علي س.,14,11,منذ سنتين و9 أشهر,تعليم عن بعد,تعلم المهارات الرقمية,"تحليل, تعلم, بايثون, البيانات, learning, assignment, التعلم, machine, deep, العميق",https://khamsat.com/training/learn-ai-machine-learning/1691016-%D8%A7%D8%B3%D8%AA%D8%B4%D8%A7%D8%B1%D8%A9-%D9%81%D9%8A-%D9%85%D8%A7-%D9%8A%D8%AE%D8%B5-%D8%AA%D8%B9%D9%84%D9%85-%D8%A7%D9%84%D8%A2%D9%84%D8%A9-%D9%88%D8%A7%D9%84%D8%AA%D8%B9%D9%84%D9%85-%D8%A7%D9%84%D8%B9%D9%85%D9%8A%D9%82
شرح تعلم الاله بطريقة مبسطة مع حل تمارين,علي ا.,0,0,Aucun avis,تعليم عن بعد,تعلم المهارات الرقمية,"تعليم, python, شرح, كورسات, machine learning",https://khamsat.com/training/learn-ai-machine-learning/4243672-%D8%B4%D8%B1%D8%AD-%D8%AA%D8%B9%D9%84%D9%85-%D8%A7%D9%84%D8%A7%D9%84%D9%87-%D8%A8%D8%B7%D8%B1%D9%8A%D9%82%D8%A9-%D9%85%D8%A8%D8%B3%D8%B7%D8%A9-%D9%85%D8%B9-%D8%AD%D9%84-%D8%AA%D9%85%D8%A7%D8%B1%D9%8A%D9%86
مساعدة في التعليم عن بعد مجال تعلم الالة والذكاء الصناعي AI,محمد ح.,0,0,Aucun avis,تعليم عن بعد,تعلم المهارات الرقمية,"حلول, cloud, ai, ml, السحابية, aws, azure, الحوسبة, gcp",https://khamsat.com/training/learn-ai-machine-learning/2019754-%D9%85%D8%B3%D8%A7%D8%B9%D8%AF%D8%A9-%D9%81%D9%8A-%D8%A7%D9%84%D8%AA%D8%B9%D9%84%D9%8A%D9%85-%D8%B9%D9%86-%D8%A8%D8%B9%D8%AF-%D9%85%D8%AC%D8%A7%D9%84-%D8%AA%D8%B9%D9%84%D9%85-%D8%A7%D9%84%D8%A7%D9%84%D8%A9-%D9%88%D8%A7%D9%84%D8%B0%D9%83%D8%A7%D8%A1-%D8%A7%D9%84%D8%B5%D9%86%D8%A7%D8%B9%D9%8A-ai
شرح مجالات البرمجة و الذكاء الاصطناعى من مدرس برمجة معتمد,.Mohamed S,9,6,منذ 3 سنوات و8 أيام,تعليم عن بعد,تعلم المهارات الرقمية,"برمجة, تطوير, مواقع, تعلم, programming, تدريب, البرمجة, learn",https://khamsat.com/training/learn-ai-machine-learning/2315316-%D8%B4%D8%B1%D8%AD-%D9%85%D8%AC%D8%A7%D9%84%D8%A7%D8%AA-%D8%A7%D9%84%D8%A8%D8%B1%D9%85%D8%AC%D8%A9-%D9%88-%D8%A7%D9%84%D8%B0%D9%83%D8%A7%D8%A1-%D8%A7%D9%84%D8%A7%D8%B5%D8%B7%D9%86%D8%A7%D8%B9%D9%89-%D9%85%D9%86-%D9%85%D8%AF%D8%B1%D8%B3-%D8%A8%D8%B1%D9%85%D8%AC%D8%A9-%D9%85%D8%B9%D8%AA%D9%85%D8%AF
