Titre,Vendeur,Acheteurs,Notes,Date Dernier Avis,Catégorie,Sous-Catégorie,Mots Clés,Lien
403 Forbidden,Non trouvé,Non trouvé,Non trouvé,Aucun avis,Inconnu,Inconnu,Aucun tag,https://khamsat.com/programming/custom-website-development/3898102-%D8%A7%D9%86%D8%B4%D8%A7%D8%A1-%D9%88%D8%A7%D8%AC%D9%87%D8%A9-%D9%85%D9%88%D9%82%D8%B9-%D8%A7%D8%AD%D8%AA%D8%B1%D8%A7%D9%81%D9%8A%D8%A9-front-end
403 Forbidden,Non trouvé,Non trouvé,Non trouvé,Aucun avis,Inconnu,Inconnu,Aucun tag,https://khamsat.com/programming/full-app-creation/3415041-%D8%A7%D9%86%D8%B4%D8%A7%D8%A1-%D8%AA%D8%B7%D8%A8%D9%8A%D9%82-%D9%87%D8%A7%D8%AA%D9%81-%D9%8A%D8%B9%D9%85%D9%84-%D8%B9%D9%84%D9%89-android-%D9%88-ios
403 Forbidden,Non trouvé,Non trouvé,Non trouvé,Aucun avis,Inconnu,Inconnu,Aucun tag,https://khamsat.com/programming/css-html/3865543-%D8%AA%D8%B9%D8%AF%D9%8A%D9%84%D8%A7%D8%AA-%D8%A7%D8%AD%D8%AA%D8%B1%D8%A7%D9%81%D9%8A%D8%A9-%D9%88%D8%A5%D8%B5%D9%84%D8%A7%D8%AD%D8%A7%D8%AA-%D8%B3%D8%B1%D9%8A%D8%B9%D8%A9-%D9%84%D9%88%D8%A7%D8%AC%D9%87%D8%A9-%D9%85%D9%88%D9%82%D8%B9%D9%83
403 Forbidden,Non trouvé,Non trouvé,Non trouvé,Aucun avis,Inconnu,Inconnu,Aucun tag,https://khamsat.com/programming/web-application-development/3801848-%D8%AA%D8%B5%D9%85%D9%8A%D9%85-%D9%88-%D8%AA%D8%B7%D9%88%D9%8A%D8%B1-%D9%85%D9%88%D8%A7%D9%82%D8%B9-%D9%88%D9%8A%D8%A8-front-end-%D8%A8%D8%A7%D8%B3%D8%AA%D8%AE%D8%AF%D8%A7%D9%85-react-%D9%88-angular
403 Forbidden,Non trouvé,Non trouvé,Non trouvé,Aucun avis,Inconnu,Inconnu,Aucun tag,https://khamsat.com/programming/full-app-creation/3857050-%D8%AA%D8%AD%D9%88%D9%8A%D9%84-%D8%A7%D9%84%D8%AA%D8%B5%D9%85%D9%8A%D9%85-%D8%A5%D9%84%D9%89-%D8%AA%D8%B7%D8%A8%D9%8A%D9%82-flutter
403 Forbidden,Non trouvé,Non trouvé,Non trouvé,Aucun avis,Inconnu,Inconnu,Aucun tag,https://khamsat.com/programming/custom-website-development/3059964-%D8%AA%D8%B7%D9%88%D9%8A%D8%B1-%D8%B5%D9%81%D8%AD%D8%A7%D8%AA-%D9%88%D9%8A%D8%A8-%D8%A8%D8%A7%D8%B3%D8%AA%D8%AE%D8%AF%D8%A7%D9%85-html-css-reactjs-mysql-javascript
403 Forbidden,Non trouvé,Non trouvé,Non trouvé,Aucun avis,Inconnu,Inconnu,Aucun tag,https://khamsat.com/programming/css-html/3734254-%D8%AA%D8%B5%D9%85%D9%8A%D9%85-%D8%B5%D9%81%D8%AD%D8%A7%D8%AA-html-css-%D8%AA%D9%81%D8%A7%D8%B9%D9%84%D9%8A%D8%A9
403 Forbidden,Non trouvé,Non trouvé,Non trouvé,Aucun avis,Inconnu,Inconnu,Aucun tag,https://khamsat.com/programming/web-application-development/1956335-%D8%B3%D9%8A%D9%86%D8%A7%D8%B1%D9%8A%D9%88-%D8%A8%D8%B1%D9%85%D8%AC%D8%A9-%D9%85%D8%B4%D8%B1%D9%88%D8%B9-%D8%A3%D9%88-%D9%84%D8%B9%D8%A8%D8%A9-%D8%B3%D9%83%D8%B1%D8%A7%D8%AA%D8%B4
403 Forbidden,Non trouvé,Non trouvé,Non trouvé,Aucun avis,Inconnu,Inconnu,Aucun tag,https://khamsat.com/programming/custom-website-development/3811553-%D8%AA%D8%B5%D9%85%D9%8A%D9%85-%D9%88%D8%AA%D8%B7%D9%88%D9%8A%D8%B1-%D9%88%D8%A7%D8%AC%D9%87%D8%A7%D8%AA-%D9%85%D9%88%D8%A7%D9%82%D8%B9-%D8%A7%D8%AD%D8%AA%D8%B1%D8%A7%D9%81%D9%8A%D8%A9
403 Forbidden,Non trouvé,Non trouvé,Non trouvé,Aucun avis,Inconnu,Inconnu,Aucun tag,https://khamsat.com/programming/css-html/3803591-%D8%AA%D8%B5%D9%85%D9%8A%D9%85-%D8%B5%D9%81%D8%AD%D8%A9-%D9%88%D9%8A%D8%A8-%D8%A8html-%D9%88-css%D9%88bootstrap-%D9%85%D8%AA%D9%88%D8%A7%D9%81%D9%82%D8%A9-%D9%85%D8%B9-%D8%AC%D9%85%D9%8A%D8%B9%D8%A7%D9%84%D8%A3%D8%AC%D9%87%D8%B2%D8%A9
403 Forbidden,Non trouvé,Non trouvé,Non trouvé,Aucun avis,Inconnu,Inconnu,Aucun tag,https://khamsat.com/programming/full-app-creation/3006179-%D8%AA%D8%B7%D9%88%D9%8A%D8%B1-%D8%AA%D8%B7%D8%A8%D9%8A%D9%82%D8%A7%D8%AA-%D8%A7%D9%84%D8%AC%D9%88%D8%A7%D9%84-%D8%A8%D8%B3%D9%8A%D8%B7%D8%A9
403 Forbidden,Non trouvé,Non trouvé,Non trouvé,Aucun avis,Inconnu,Inconnu,Aucun tag,https://khamsat.com/programming/web-application-development/2946557-%D8%AA%D8%B7%D9%88%D9%8A%D8%B1-%D8%AA%D8%B7%D8%A8%D9%8A%D9%82-%D9%88%D9%8A%D8%A8-%D8%A7%D8%AD%D8%AA%D8%B1%D8%A7%D9%81%D9%8A-%D8%A8%D8%A7%D8%B3%D8%AA%D8%AE%D8%AF%D8%A7%D9%85-django
403 Forbidden,Non trouvé,Non trouvé,Non trouvé,Aucun avis,Inconnu,Inconnu,Aucun tag,https://khamsat.com/programming/full-app-creation/1771466-%D8%A8%D8%B1%D9%85%D8%AC%D8%A9-%D9%88%D8%AA%D8%B7%D9%88%D9%8A%D8%B1-%D8%AA%D8%B7%D8%A8%D9%8A%D9%82%D8%A7%D8%AA-%D8%A7%D9%84%D8%A3%D9%86%D8%AF%D8%B1%D9%88%D9%8A%D8%AF
403 Forbidden,Non trouvé,Non trouvé,Non trouvé,Aucun avis,Inconnu,Inconnu,Aucun tag,https://khamsat.com/programming/css-html/2717819-%D9%85%D9%88%D9%82%D8%B9-%D8%B4%D8%AE%D8%B5%D9%89-%D9%84%D8%B9%D8%B1%D8%B6-%D8%A7%D8%B9%D9%85%D8%A7%D9%84%D9%83-%D9%88%D9%88%D8%B3%D8%A7%D8%A6%D9%84-%D8%A7%D9%84%D8%AA%D9%88%D8%A7%D8%B5%D9%84-%D8%A7%D9%84%D8%AE%D8%A7%D8%B5%D9%87-%D8%A8%D9%83
403 Forbidden,Non trouvé,Non trouvé,Non trouvé,Aucun avis,Inconnu,Inconnu,Aucun tag,https://khamsat.com/programming/custom-website-development/2451598-%D8%AA%D8%B5%D9%85%D9%8A%D9%85-%D9%88%D8%A8%D8%B1%D9%85%D8%AC%D9%87-%D9%85%D9%88%D9%82%D8%B9-%D8%A8%D8%A7%D8%B3%D8%AA%D8%AE%D8%AF%D8%A7%D9%85-reactjs-redux-laravel-nextjs
403 Forbidden,Non trouvé,Non trouvé,Non trouvé,Aucun avis,Inconnu,Inconnu,Aucun tag,https://khamsat.com/programming/web-application-development/3875567-%D8%A5%D9%86%D8%B4%D8%A7%D8%A1-%D9%85%D9%88%D9%82%D8%B9-%D8%B4%D8%AE%D8%B5%D9%89-%D8%AA%D8%B9%D8%B1%D9%8A%D9%81%D9%89-portfolio
403 Forbidden,Non trouvé,Non trouvé,Non trouvé,Aucun avis,Inconnu,Inconnu,Aucun tag,https://khamsat.com/programming/css-html/3745315-%D8%AA%D8%B5%D9%85%D9%8A%D9%85-%D8%B5%D9%81%D8%AD%D8%A9-%D9%88%D9%8A%D8%A8-%D8%A7%D8%AD%D8%AA%D8%B1%D8%A7%D9%81%D9%8A%D8%A9-%D8%A8%D8%A7%D8%B3%D8%AA%D8%AE%D8%AF%D8%A7%D9%85-html-%D9%88-css
403 Forbidden,Non trouvé,Non trouvé,Non trouvé,Aucun avis,Inconnu,Inconnu,Aucun tag,https://khamsat.com/programming/full-app-creation/2786933-%D8%AA%D8%AC%D9%87%D9%8A%D8%B2-%D9%88%D8%AA%D8%AF%D8%B1%D9%8A%D8%A8-%D9%88%D8%A2%D8%AA%D9%85%D8%AA%D8%A9-%D8%A7%D8%AF%D8%A7%D8%B1%D8%A9-%D8%A7%D9%84%D9%85%D9%87%D8%A7%D9%85-%D9%88%D8%A7%D9%84%D8%B9%D9%85%D9%84%D9%8A%D8%A7%D8%AA-%D9%88%D8%A7%D9%84%D9%85%D8%B4%D8%A7%D8%B1%D9%8A%D8%B9-jira
403 Forbidden,Non trouvé,Non trouvé,Non trouvé,Aucun avis,Inconnu,Inconnu,Aucun tag,https://khamsat.com/programming/custom-website-development/3308094-%D8%A5%D9%86%D8%B4%D8%A7%D8%A1-%D9%85%D9%88%D9%82%D8%B9-%D8%A5%D9%84%D9%83%D8%AA%D8%B1%D9%88%D9%86%D9%8A-%D8%A7%D8%AD%D8%AA%D8%B1%D8%A7%D9%81%D9%8A-%D8%A8%D8%A7%D8%B3%D8%AA%D8%AE%D8%AF%D8%A7%D9%85-%D8%B3%D9%86%D8%AF%D9%8A%D8%A7%D9%86-%D9%88-%D8%AA%D8%AE%D8%B5%D9%8A%D8%B5-%D8%A7%D9%84%D8%AA%D8%B5%D9%85%D9%8A%D9%85
403 Forbidden,Non trouvé,Non trouvé,Non trouvé,Aucun avis,Inconnu,Inconnu,Aucun tag,https://khamsat.com/programming/web-application-development/3258313-%D8%A5%D9%86%D8%B4%D8%A7%D8%A1-%D8%A8%D8%B1%D9%86%D8%A7%D9%85%D8%AC-%D9%85%D8%AE%D8%B5%D8%B5-%D8%A8%D8%A7%D8%B3%D8%AA%D8%AE%D8%AF%D8%A7%D9%85-node.js-%D8%A3%D8%AF%D8%A7%D8%A1-%D8%B9%D8%A7%D9%84%D9%8A-%D9%88%D8%A7%D8%AD%D8%AA%D8%B1%D8%A7%D9%81%D9%8A%D8%A9
403 Forbidden,Non trouvé,Non trouvé,Non trouvé,Aucun avis,Inconnu,Inconnu,Aucun tag,https://khamsat.com/programming/css-html/2441318-%D8%A8%D8%B1%D9%85%D8%AC%D8%A9-%D9%85%D9%88%D9%82%D8%B9%D9%83-%D8%A8%D8%A7%D8%AD%D8%AA%D8%B1%D8%A7%D9%81%D9%8A%D8%A9-%D8%A8%D8%A7%D8%B3%D8%AA%D8%AE%D8%AF%D8%A7%D9%85-html-css-javascript-react
403 Forbidden,Non trouvé,Non trouvé,Non trouvé,Aucun avis,Inconnu,Inconnu,Aucun tag,https://khamsat.com/programming/custom-website-development/3118786-%D8%AA%D8%B5%D9%85%D9%8A%D9%85-%D9%88%D8%AA%D8%B7%D9%88%D9%8A%D8%B1-%D9%85%D9%88%D8%A7%D9%82%D8%B9-%D9%88%D9%8A%D8%A8-%D9%85%D8%AA%D9%83%D8%A7%D9%85%D9%84%D8%A9-%D8%A8%D8%A7%D8%B3%D8%AA%D8%AE%D8%AF%D8%A7%D9%85-laravel-%D9%88vue.js
403 Forbidden,Non trouvé,Non trouvé,Non trouvé,Aucun avis,Inconnu,Inconnu,Aucun tag,https://khamsat.com/programming/full-app-creation/1851132-%D8%AA%D8%B7%D8%A8%D9%8A%D9%82-%D8%A7%D9%86%D8%AF%D8%B1%D9%88%D9%8A%D8%AF-%D8%A8-5-%D8%A8%D8%B1%D9%85%D8%AC%D8%A9-%D9%88%D8%AA%D8%B5%D9%85%D9%8A%D9%85-%D8%B4%D8%A7%D8%B4%D8%A9-%D9%88%D8%A7%D8%AD%D8%AF%D8%A9-%D9%85%D9%86-firebase
403 Forbidden,Non trouvé,Non trouvé,Non trouvé,Aucun avis,Inconnu,Inconnu,Aucun tag,https://khamsat.com/programming/web-application-development/2926695-%D8%AA%D8%B7%D8%A8%D9%8A%D9%82-%D9%88%D9%8A%D8%A8-%D8%B3%D8%A7%D9%8A%D8%AA-%D9%84%D8%A7%D8%AF%D8%A7%D8%B1%D8%A9-%D8%B4%D8%B1%D9%83%D8%A7%D8%AA-%D8%A7%D9%84%D8%B4%D8%AD%D9%86
403 Forbidden,Non trouvé,Non trouvé,Non trouvé,Aucun avis,Inconnu,Inconnu,Aucun tag,https://khamsat.com/programming/full-app-creation/2668886-%D8%A8%D8%B1%D9%85%D8%AC%D8%A9-%D8%AA%D8%B7%D8%A8%D9%8A%D9%82-%D8%A8%D9%88%D8%B3%D8%AA%D8%A7%D8%AA-%D9%85%D9%86%D9%88%D8%B9%D9%87-%D9%88%D8%A7%D8%AD%D8%AA%D8%B1%D8%A7%D9%81%D9%8A-%D8%AC%D8%A7%D9%87%D8%B2%D8%A9-%D9%84%D9%84%D8%B1%D8%A8%D8%AD-%D9%85%D9%86-admob
403 Forbidden,Non trouvé,Non trouvé,Non trouvé,Aucun avis,Inconnu,Inconnu,Aucun tag,https://khamsat.com/programming/css-html/3791240-%D8%AA%D8%B7%D9%88%D9%8A%D8%B1-%D8%B5%D9%81%D8%AD%D8%A7%D8%AA-%D9%88%D9%8A%D8%A8-%D8%A8%D8%A7%D8%B3%D8%AA%D8%AE%D8%AF%D8%A7%D9%85-html-css-js-php
403 Forbidden,Non trouvé,Non trouvé,Non trouvé,Aucun avis,Inconnu,Inconnu,Aucun tag,https://khamsat.com/programming/custom-website-development/2907628-%D9%85%D8%A8%D8%B1%D9%85%D8%AC-frontend-%D8%A8%D8%A7%D8%B3%D8%AA%D8%AE%D8%AF%D8%A7%D9%85-%D9%81%D8%B1%D9%8A%D9%85-%D9%88%D8%B1%D9%83-react
403 Forbidden,Non trouvé,Non trouvé,Non trouvé,Aucun avis,Inconnu,Inconnu,Aucun tag,https://khamsat.com/programming/web-application-development/3552497-%D8%A7%D9%86%D8%B4%D8%A7%D8%A1-%D9%88%D8%A7%D8%AC%D9%87%D8%A9-ui-%D9%84%D8%AA%D8%B7%D8%A8%D9%8A%D9%82-flutter-%D8%A7%D8%AD%D8%AA%D8%B1%D8%A7%D9%81%D9%8A
403 Forbidden,Non trouvé,Non trouvé,Non trouvé,Aucun avis,Inconnu,Inconnu,Aucun tag,https://khamsat.com/programming/full-app-creation/3672791-%D8%A5%D9%86%D8%B4%D8%A7%D8%A1-%D8%AA%D8%B7%D8%A8%D9%8A%D9%82-%D9%85%D9%88%D8%A8%D8%A7%D9%8A%D9%84-%D8%A7%D8%AD%D8%AA%D8%B1%D8%A7%D9%81%D9%8A-%D9%8A%D8%B9%D9%85%D9%84-%D8%B9%D9%84%D9%89-android-%D9%88-ios
403 Forbidden,Non trouvé,Non trouvé,Non trouvé,Aucun avis,Inconnu,Inconnu,Aucun tag,https://khamsat.com/programming/custom-website-development/2432548-%D8%A8%D8%B1%D9%85%D8%AC%D8%A9-%D9%85%D9%88%D8%A7%D9%82%D8%B9-%D8%A7%D9%84%D9%88%D9%8A%D8%A8-%D9%88%D8%A5%D9%86%D8%B4%D8%A7%D8%A1-%D9%84%D9%88%D8%AD%D8%A9-%D8%AA%D8%AD%D9%83%D9%85-%D8%A8%D8%A7%D8%B3%D8%AA%D8%AE%D8%AF%D8%A7%D9%85-django-framework
403 Forbidden,Non trouvé,Non trouvé,Non trouvé,Aucun avis,Inconnu,Inconnu,Aucun tag,https://khamsat.com/programming/css-html/3760591-%D8%A5%D9%86%D8%B4%D8%A7%D8%A1-%D9%88%D8%A7%D8%AC%D9%87%D8%A7%D8%AA-%D8%A7%D9%85%D8%A7%D9%85%D9%8A%D8%A9-%D9%85%D9%88%D8%A7%D9%82%D8%B9-%D9%88%D9%8A%D8%A8
403 Forbidden,Non trouvé,Non trouvé,Non trouvé,Aucun avis,Inconnu,Inconnu,Aucun tag,https://khamsat.com/programming/web-application-development/3760470-%D8%A5%D9%86%D8%B4%D8%A7%D8%A1-%D9%88%D8%AA%D8%B7%D9%88%D9%8A%D8%B1-web-applications-%D9%85%D8%AA%D9%83%D8%A7%D9%85%D9%84%D8%A9
403 Forbidden,Non trouvé,Non trouvé,Non trouvé,Aucun avis,Inconnu,Inconnu,Aucun tag,https://khamsat.com/programming/full-app-creation/1833764-%D8%A7%D9%82%D9%88%D9%85-%D8%A8%D8%A8%D8%B1%D9%85%D8%AC%D8%A9-%D8%AA%D8%B7%D8%A8%D9%8A%D9%82-%D8%A7%D9%86%D8%AF%D8%B1%D9%88%D9%8A%D8%AF-%D9%85%D9%82%D8%A7%D8%A8%D9%84-5-%D8%AF%D9%88%D9%84%D8%A7%D8%B1-%D9%84%D8%B5%D9%81%D8%AD%D8%A9-%D9%88%D8%A7%D8%AD%D8%AF%D8%A9-%D8%A8%D8%B3%D9%8A%D8%B7%D8%A9
403 Forbidden,Non trouvé,Non trouvé,Non trouvé,Aucun avis,Inconnu,Inconnu,Aucun tag,https://khamsat.com/programming/css-html/3470909-%D8%A8%D8%B1%D9%85%D8%AC%D8%A9-%D8%B5%D9%81%D8%AD%D8%A9-%D8%AA%D8%B3%D8%AC%D9%8A%D9%84-%D8%AF%D8%AE%D9%88%D9%84-%D9%88%D8%AA%D8%B3%D8%AC%D9%8A%D9%84-%D8%AD%D8%B3%D8%A7%D8%A8-loginregister
403 Forbidden,Non trouvé,Non trouvé,Non trouvé,Aucun avis,Inconnu,Inconnu,Aucun tag,https://khamsat.com/programming/custom-website-development/3751491-%D8%A7%D9%86%D8%B4%D8%A7%D8%A1-%D8%B5%D9%81%D8%AD%D8%A9-%D9%88%D9%8A%D8%A8-%D8%AF%D9%8A%D9%86%D8%A7%D9%85%D9%8A%D9%83%D9%8A%D8%A9-%D8%B5%D8%BA%D9%8A%D8%B1%D9%87
403 Forbidden,Non trouvé,Non trouvé,Non trouvé,Aucun avis,Inconnu,Inconnu,Aucun tag,https://khamsat.com/programming/web-application-development/1879179-%D8%A8%D8%B1%D9%85%D8%AC%D8%A9-%D8%B3%D9%83%D8%B1%D8%A8%D8%AA-%D9%88%D9%8A%D8%A8-%D8%A7%D8%A8%D9%84%D9%8A%D9%83%D8%B4%D9%86-%D9%84%D9%85%D8%B4%D8%B1%D9%88%D8%B9%D9%83
403 Forbidden,Non trouvé,Non trouvé,Non trouvé,Aucun avis,Inconnu,Inconnu,Aucun tag,https://khamsat.com/programming/full-app-creation/1866338-%D8%A7%D8%B6%D8%A7%D9%81%D8%A9-%D8%A7%D8%B9%D9%84%D8%A7%D9%86-admod-%D8%A7%D9%84%D9%8A-%D8%A7%D9%84%D8%B4%D8%A7%D8%B4%D8%A9-%D8%A7%D9%84%D8%AE%D8%A7%D8%B5%D8%A9-%D9%85%D9%82%D8%A7%D8%A8%D9%84-5-%D9%84%D9%8A%D8%AA%D9%85-%D9%86%D8%B4%D8%B1%D9%87
403 Forbidden,Non trouvé,Non trouvé,Non trouvé,Aucun avis,Inconnu,Inconnu,Aucun tag,https://khamsat.com/programming/custom-website-development/2766229-%D8%AA%D8%B5%D9%85%D9%8A%D9%85-%D9%88-%D8%A8%D8%B1%D9%85%D8%AC%D8%A9-%D9%85%D9%88%D8%A7%D9%82%D8%B9-%D8%A7%D9%84%D9%88%D9%8A%D8%A8-%D8%A8laravel
403 Forbidden,Non trouvé,Non trouvé,Non trouvé,Aucun avis,Inconnu,Inconnu,Aucun tag,https://khamsat.com/programming/css-html/3255901-%D8%AA%D8%B5%D9%85%D9%8A%D9%85-%D8%B5%D9%81%D8%AD%D8%A9-%D9%88%D9%8A%D8%A8-%D8%A7%D8%AD%D8%AA%D8%B1%D8%A7%D9%81%D9%8A%D8%A9-%D8%A8%D8%A7%D8%B3%D8%AA%D8%AE%D8%AF%D8%A7%D9%85-html-%D9%88css
403 Forbidden,Non trouvé,Non trouvé,Non trouvé,Aucun avis,Inconnu,Inconnu,Aucun tag,https://khamsat.com/programming/web-application-development/2978252-%D8%A8%D9%88%D8%AA-%D8%AF%D8%B1%D8%AF%D8%B4%D8%A9-%D8%B0%D9%83%D8%A7%D8%A1-%D8%A5%D8%B5%D8%B7%D9%86%D8%A7%D8%B9%D9%8A-%D8%AE%D8%A7%D8%B5-%D8%A8%D8%A7%D9%84%D9%85%D9%86%D8%B4%D8%A6%D8%A7%D8%AA-customized-ai-chatbot
403 Forbidden,Non trouvé,Non trouvé,Non trouvé,Aucun avis,Inconnu,Inconnu,Aucun tag,https://khamsat.com/programming/full-app-creation/3372437-%D8%A8%D8%B1%D9%85%D8%AC%D8%A9-%D9%88%D8%AA%D8%B5%D9%85%D9%8A%D9%85-%D8%AA%D8%B7%D8%A8%D9%8A%D9%82%D8%A7%D8%AA-%D8%A3%D9%86%D8%AF%D8%B1%D9%88%D9%8A%D8%AF-%D8%B9%D8%A7%D9%84%D9%8A%D8%A9-%D8%A7%D9%84%D8%AC%D9%88%D8%AF%D8%A9-%D8%A8%D8%A3%D8%AD%D8%AF%D8%AB-%D8%A7%D9%84%D8%AA%D9%82%D9%86%D9%8A%D8%A7%D8%AA
403 Forbidden,Non trouvé,Non trouvé,Non trouvé,Aucun avis,Inconnu,Inconnu,Aucun tag,https://khamsat.com/programming/custom-website-development/3614532-%D8%AA%D8%B5%D9%85%D9%8A%D9%85-%D9%85%D9%88%D9%82%D8%B9-%D8%B4%D8%AE%D8%B5%D9%8A-%D9%83%D8%A7%D9%85%D9%84-portfolio-%D8%A7%D8%AD%D8%AA%D8%B1%D8%A7%D9%81%D9%8A-3d-%D9%84%D8%B9%D8%B1%D8%B6-%D9%85%D8%B9%D8%B1%D8%B6-%D8%A3%D8%B9%D9%85%D8%A7%D9%84%D9%83
403 Forbidden,Non trouvé,Non trouvé,Non trouvé,Aucun avis,Inconnu,Inconnu,Aucun tag,https://khamsat.com/programming/css-html/3114276-%D8%AA%D8%B5%D9%85%D9%8A%D9%85-%D9%85%D9%88%D9%82%D8%B9-%D9%88%D9%8A%D8%A8-%D8%B9%D8%B5%D8%B1%D9%8A-%D9%88%D8%AC%D8%B0%D8%A7%D8%A8-%D8%A8%D8%A7%D8%B3%D8%AA%D8%AE%D8%AF%D8%A7%D9%85-html-%D9%88css
403 Forbidden,Non trouvé,Non trouvé,Non trouvé,Aucun avis,Inconnu,Inconnu,Aucun tag,https://khamsat.com/programming/web-application-development/3669037-%D8%AA%D8%B7%D9%88%D9%8A%D8%B1-%D9%85%D9%88%D8%A7%D9%82%D8%B9-%D9%88%D9%8A%D8%A8-%D8%A7%D8%AD%D8%AA%D8%B1%D8%A7%D9%81%D9%8A%D8%A9-%D8%A8%D8%A7%D8%B3%D8%AA%D8%AE%D8%AF%D8%A7%D9%85-django
403 Forbidden,Non trouvé,Non trouvé,Non trouvé,Aucun avis,Inconnu,Inconnu,Aucun tag,https://khamsat.com/programming/full-app-creation/3187757-%D8%AA%D8%B7%D9%88%D9%8A%D8%B1-%D8%AA%D8%B7%D8%A8%D9%8A%D9%82-flutter-%D9%85%D9%86-%D8%A7%D9%84%D8%B5%D9%81%D8%B1-%D9%84%D8%A3%D9%86%D8%B8%D9%85%D8%A9-android-%D9%88-ios
403 Forbidden,Non trouvé,Non trouvé,Non trouvé,Aucun avis,Inconnu,Inconnu,Aucun tag,https://khamsat.com/programming/custom-website-development/3737326-%D8%A5%D9%86%D8%B4%D8%A7%D8%A1-%D8%A8%D9%88%D8%B1%D8%AA%D9%81%D9%88%D9%84%D9%8A%D9%88-%D8%B4%D8%AE%D8%B5%D9%8A-%D8%A7%D8%AD%D8%AA%D8%B1%D8%A7%D9%81%D9%8A-%D9%88%D9%85%D8%AA%D8%AC%D8%A7%D9%88%D8%A8-%D8%A8%D9%80-html-css-javascrip
403 Forbidden,Non trouvé,Non trouvé,Non trouvé,Aucun avis,Inconnu,Inconnu,Aucun tag,https://khamsat.com/programming/css-html/3858641-%D8%AA%D8%B5%D9%85%D9%8A%D9%85-%D9%88%D8%A5%D9%86%D8%B4%D8%A7%D8%A1-%D8%A8%D9%88%D8%B1%D8%AA%D9%81%D9%88%D9%84%D9%8A%D9%88-%D9%88%D9%8A%D8%A8-%D8%A7%D8%AD%D8%AA%D8%B1%D8%A7%D9%81%D9%8A-%D9%8A%D8%B9%D8%B1%D8%B6-%D8%A3%D8%B9%D9%85%D8%A7%D9%84%D9%83-%D9%88%D9%85%D9%87%D8%A7%D8%B1%D8%A7%D8%AA%D9%83
403 Forbidden,Non trouvé,Non trouvé,Non trouvé,Aucun avis,Inconnu,Inconnu,Aucun tag,https://khamsat.com/programming/web-application-development/3020856-%D8%AA%D8%AD%D9%88%D9%8A%D9%84-%D8%AC%D8%AF%D8%A7%D9%88%D9%84-excel-%D8%A5%D9%84%D9%89-%D8%AA%D8%B7%D8%A8%D9%8A%D9%82-%D8%A3%D9%86%D8%AF%D8%B1%D9%88%D9%8A%D8%AF-%D8%AA%D9%81%D8%A7%D8%B9%D9%84%D9%8A
403 Forbidden,Non trouvé,Non trouvé,Non trouvé,Aucun avis,Inconnu,Inconnu,Aucun tag,https://khamsat.com/programming/custom-website-development/2646115-%D8%AA%D8%AB%D8%A8%D9%8A%D8%AA-%D8%A7%D9%84%D8%A7%D8%B3%D9%83%D8%B1%D8%A8%D8%AA-%D8%A7%D9%84%D8%AE%D8%A7%D8%B5-%D8%A8%D9%83-%D9%84%D8%A5%D9%86%D8%B4%D8%A7%D8%A1-%D8%A7%D9%84%D9%85%D9%88%D9%82%D8%B9-smm
403 Forbidden,Non trouvé,Non trouvé,Non trouvé,Aucun avis,Inconnu,Inconnu,Aucun tag,https://khamsat.com/programming/full-app-creation/1029841-%D8%AA%D8%B5%D9%85%D9%8A%D9%85-%D8%AA%D8%B7%D8%A8%D9%8A%D9%82-%D8%A7%D9%86%D8%AF%D8%B1%D9%88%D9%8A%D8%AF
403 Forbidden,Non trouvé,Non trouvé,Non trouvé,Aucun avis,Inconnu,Inconnu,Aucun tag,https://khamsat.com/programming/css-html/3881393-%D8%B3%D8%A3%D9%82%D9%88%D9%85-%D8%A8%D8%AA%D9%83%D9%88%D9%8A%D8%AF-%D9%82%D8%B3%D9%85-section-%D9%85%D9%86-%D8%AA%D8%B5%D9%85%D9%8A%D9%85%D9%83-%D8%A8%D9%80-html-%D9%88-css
403 Forbidden,Non trouvé,Non trouvé,Non trouvé,Aucun avis,Inconnu,Inconnu,Aucun tag,https://khamsat.com/programming/web-application-development/3841592-%D8%AA%D8%AD%D9%88%D9%8A%D9%84-%D9%81%D9%83%D8%B1%D8%AA%D9%83-%D8%A5%D9%84%D9%89-%D8%AA%D8%B7%D8%A8%D9%8A%D9%82-%D9%88%D9%8A%D8%A8-%D8%A7%D8%AD%D8%AA%D8%B1%D8%A7%D9%81%D9%8A-%D8%A8%D8%A7%D8%B3%D8%AA%D8%AE%D8%AF%D8%A7%D9%85-laravel-%D9%88-react
403 Forbidden,Non trouvé,Non trouvé,Non trouvé,Aucun avis,Inconnu,Inconnu,Aucun tag,https://khamsat.com/programming/full-app-creation/3818080-%D8%A5%D9%86%D8%B4%D8%A7%D8%A1-%D8%AA%D8%B7%D8%A8%D9%8A%D9%82-%D9%85%D9%88%D8%A8%D8%A7%D9%8A%D9%84-%D9%84%D9%84%D8%A3%D9%86%D8%AF%D8%B1%D9%88%D9%8A%D8%AF-%D9%88%D8%A7%D9%84%D8%A2%D9%8A%D9%81%D9%88%D9%86-%D8%A8%D8%A7%D8%AD%D8%AA%D8%B1%D8%A7%D9%81%D9%8A%D8%A9
403 Forbidden,Non trouvé,Non trouvé,Non trouvé,Aucun avis,Inconnu,Inconnu,Aucun tag,https://khamsat.com/programming/custom-website-development/3109577-%D8%AA%D8%B7%D9%88%D9%8A%D8%B1-%D9%85%D9%88%D8%A7%D9%82%D8%B9-%D9%88%D9%8A%D8%A8-%D8%A8%D8%A7%D8%B3%D8%AA%D8%AE%D8%AF%D8%A7%D9%85-codeigniter-3-%D8%AD%D9%84%D9%88%D9%84-%D8%A7%D8%AD%D8%AA%D8%B1%D8%A7%D9%81%D9%8A%D8%A9
403 Forbidden,Non trouvé,Non trouvé,Non trouvé,Aucun avis,Inconnu,Inconnu,Aucun tag,https://khamsat.com/programming/css-html/3703875-%D8%AA%D8%B5%D9%85%D9%8A%D9%85-%D9%88%D8%AA%D8%B7%D9%88%D9%8A%D8%B1-landing-page-%D8%A7%D8%AD%D8%AA%D8%B1%D8%A7%D9%81%D9%8A%D8%A9-%D9%85%D8%AA%D8%AC%D8%A7%D9%88%D8%A8%D8%A9-%D8%AA%D8%B9%D8%B2%D8%B2-%D8%AD%D8%B6%D9%88%D8%B1%D9%83-%D8%A7%D9%84%D8%B1%D9%82%D9%85%D9%8A
403 Forbidden,Non trouvé,Non trouvé,Non trouvé,Aucun avis,Inconnu,Inconnu,Aucun tag,https://khamsat.com/programming/web-application-development/3444067-%D8%A5%D9%86%D8%B4%D8%A7%D8%A1-%D8%B5%D9%81%D8%AD%D8%A9-%D9%87%D8%A8%D9%88%D8%B7-%D8%A8%D8%A7%D8%B3%D8%AA%D8%AE%D8%AF%D8%A7%D9%85-html-sass-javascript-jquery
403 Forbidden,Non trouvé,Non trouvé,Non trouvé,Aucun avis,Inconnu,Inconnu,Aucun tag,https://khamsat.com/programming/full-app-creation/1665012-%D8%A8%D8%B1%D9%85%D8%AC%D8%A9-%D8%AA%D8%B7%D8%A8%D9%8A%D9%82-%D8%A8%D9%88%D8%A7%D8%B3%D8%B7%D8%A9-flutter-%D9%84%D9%86%D8%B8%D8%A7%D9%85-android-%D9%88-ios
403 Forbidden,Non trouvé,Non trouvé,Non trouvé,Aucun avis,Inconnu,Inconnu,Aucun tag,https://khamsat.com/programming/custom-website-development/2910954-%D8%A5%D9%86%D8%B4%D8%A7%D8%A1-%D9%88%D8%AA%D8%B5%D9%85%D9%8A%D9%85-%D9%85%D9%88%D9%82%D8%B9-%D8%B9%D9%86-%D8%B7%D8%B1%D9%8A%D9%82-%D8%AC%D9%88%D8%AF%D8%A7%D8%AF%D9%8A-godaddy-website-builder
403 Forbidden,Non trouvé,Non trouvé,Non trouvé,Aucun avis,Inconnu,Inconnu,Aucun tag,https://khamsat.com/programming/css-html/3790899-portofolio-%D8%A7%D8%AD%D8%AA%D8%B1%D8%A7%D9%81%D9%8A-%D8%A8%D8%A7%D8%B3%D8%AA%D8%AE%D8%AF%D8%A7%D9%85-html-css-js
403 Forbidden,Non trouvé,Non trouvé,Non trouvé,Aucun avis,Inconnu,Inconnu,Aucun tag,https://khamsat.com/programming/web-application-development/3805342-%D8%A8%D8%B1%D9%85%D8%AC%D8%A9-%D8%AA%D8%B7%D8%A8%D9%8A%D9%82-%D9%88%D9%8A%D8%A8-%D9%85%D8%AA%D9%83%D8%A7%D9%85%D9%84-full-stack-%D8%A8%D8%A7%D8%B3%D8%AA%D8%AE%D8%AF%D8%A7%D9%85-reactnode.js
403 Forbidden,Non trouvé,Non trouvé,Non trouvé,Aucun avis,Inconnu,Inconnu,Aucun tag,https://khamsat.com/programming/full-app-creation/1487309-%D8%AA%D8%B5%D9%85%D9%8A%D9%85-%D9%88%D8%AA%D8%B7%D9%88%D9%8A%D8%B1-%D8%B4%D8%A7%D8%B4%D8%A9-%D8%A7%D9%84%D8%AA%D8%B3%D8%AC%D9%8A%D9%84-%D9%88-%D8%AA%D8%B3%D8%AC%D9%8A%D9%84-%D8%AF%D8%AE%D9%88%D9%84-%D9%84%D9%84%D8%AA%D8%B7%D8%A8%D9%8A%D9%82-%D8%A7%D9%84%D8%AE%D8%A7%D8%B5-%D8%A8%D9%83
403 Forbidden,Non trouvé,Non trouvé,Non trouvé,Aucun avis,Inconnu,Inconnu,Aucun tag,https://khamsat.com/programming/custom-website-development/3910223-%D8%A5%D9%86%D8%B4%D8%A7%D8%A1-%D9%85%D9%88%D9%82%D8%B9-%D8%A5%D9%84%D9%83%D8%AA%D8%B1%D9%88%D9%86%D9%8A-%D8%B9%D8%A8%D8%B1-%D9%85%D9%86%D8%B5%D8%A9-%D8%B3%D9%86%D8%AF%D9%8A%D8%A7%D9%86
403 Forbidden,Non trouvé,Non trouvé,Non trouvé,Aucun avis,Inconnu,Inconnu,Aucun tag,https://khamsat.com/programming/web-application-development/3785592-%D8%AA%D8%B7%D9%88%D9%8A%D8%B1-%D8%AA%D8%B7%D8%A8%D9%8A%D9%82-%D9%88%D9%8A%D8%A8-%D9%83%D8%A7%D9%85%D9%84-%D8%A8%D8%A7%D8%B3%D8%AA%D8%AE%D8%AF%D8%A7%D9%85-react-%D9%88-node.js
403 Forbidden,Non trouvé,Non trouvé,Non trouvé,Aucun avis,Inconnu,Inconnu,Aucun tag,https://khamsat.com/programming/css-html/2960657-%D8%A8%D8%B1%D9%85%D8%AC%D8%A9-%D9%88%D8%AA%D8%B5%D9%85%D9%8A%D9%85-%D9%88%D8%AA%D8%B7%D9%88%D9%8A%D8%B1-%D9%88%D8%A7%D8%AC%D9%87%D8%A7%D8%AA-%D8%B5%D9%81%D8%AD%D8%A7%D8%AA-%D8%A5%D8%AF%D8%AE%D8%A7%D9%84-%D8%A5%D8%AD%D8%AA%D8%B1%D8%A7%D9%81%D9%8A%D8%A9
403 Forbidden,Non trouvé,Non trouvé,Non trouvé,Aucun avis,Inconnu,Inconnu,Aucun tag,https://khamsat.com/programming/full-app-creation/1590423-%D8%AA%D8%B5%D9%85%D9%8A%D9%85-%D8%AA%D8%B7%D8%A8%D9%8A%D9%82-%D9%85%D8%B4%D8%BA%D9%84-%D8%A7%D9%84%D9%85%D9%88%D8%B3%D9%8A%D9%82%D9%89
403 Forbidden,Non trouvé,Non trouvé,Non trouvé,Aucun avis,Inconnu,Inconnu,Aucun tag,https://khamsat.com/programming/custom-website-development/2710178-%D8%AA%D8%B5%D9%85%D9%8A%D9%85-%D8%A7%D9%84%D9%85%D9%88%D9%82%D8%B9-%D8%A7%D9%84%D8%A7%D9%84%D9%83%D8%AA%D8%B1%D9%88%D9%86%D9%8A-%D9%84%D8%B9%D8%B1%D8%B6-%D8%AE%D8%AF%D9%85%D8%AA%D9%83
403 Forbidden,Non trouvé,Non trouvé,Non trouvé,Aucun avis,Inconnu,Inconnu,Aucun tag,https://khamsat.com/programming/web-application-development/3789262-%D8%AA%D8%B5%D9%85%D9%8A%D9%85-%D9%88%D8%AA%D8%B7%D9%88%D9%8A%D8%B1-%D9%88%D8%A7%D8%AC%D9%87%D8%A9-%D8%A7%D9%84%D9%88%D9%8A%D8%A8-front-end-%D8%A8%D8%A7%D8%B3%D8%AA%D8%AE%D8%AF%D8%A7%D9%85-react-%D9%88-bootst
403 Forbidden,Non trouvé,Non trouvé,Non trouvé,Aucun avis,Inconnu,Inconnu,Aucun tag,https://khamsat.com/programming/css-html/2866265-%D8%AA%D8%B5%D9%85%D9%8A%D9%85-%D8%B5%D9%81%D8%AD%D8%A7%D8%AA-%D9%88%D9%8A%D8%A8-%D8%A8%D8%A7%D8%B3%D8%AA%D8%AE%D8%AF%D8%A7%D9%85htmlcss%D9%88-%D8%B1%D9%81%D8%B9%D9%87%D9%85%D8%A7-%D8%A7%D9%88%D9%86%D9%84%D8%A7%D9%8A%D9%86
403 Forbidden,Non trouvé,Non trouvé,Non trouvé,Aucun avis,Inconnu,Inconnu,Aucun tag,https://khamsat.com/programming/full-app-creation/3082733-%D8%A7%D9%86%D8%B4%D8%A7%D8%A1-%D8%AA%D8%B7%D8%A8%D9%8A%D9%82-%D9%84%D8%A3%D9%86%D8%AF%D8%B1%D9%88%D9%8A%D8%AF-%D9%88ios-%D8%A8%D8%A7%D8%B3%D8%AA%D8%AE%D8%AF%D8%A7%D9%85-flutter
403 Forbidden,Non trouvé,Non trouvé,Non trouvé,Aucun avis,Inconnu,Inconnu,Aucun tag,https://khamsat.com/programming/web-application-development/3813450-%D8%AE%D8%AF%D9%85%D8%A9-%D8%A5%D9%86%D8%B4%D8%A7%D8%A1-%D9%86%D8%B8%D8%A7%D9%85-%D9%88%D9%8A%D8%A8-%D9%85%D8%AA%D9%83%D8%A7%D9%85%D9%84-%D8%A7%D9%84%D9%88%D8%A7%D8%AC%D9%87%D8%A9-%D8%A7%D9%84%D8%A3%D9%85%D8%A7%D9%85%D9%8A%D8%A9-%D9%88%D8%A7%D9%84%D8%AE%D9%84%D9%81%D9%8A%D8%A9
403 Forbidden,Non trouvé,Non trouvé,Non trouvé,Aucun avis,Inconnu,Inconnu,Aucun tag,https://khamsat.com/programming/custom-website-development/2419626-%D8%A8%D8%B1%D9%85%D8%AC%D8%A9-%D9%85%D9%88%D9%82%D8%B9-%D9%83%D8%A7%D9%85%D9%84-full-stack
403 Forbidden,Non trouvé,Non trouvé,Non trouvé,Aucun avis,Inconnu,Inconnu,Aucun tag,https://khamsat.com/programming/css-html/3815438-%D9%85%D8%B7%D9%88%D8%B1-%D9%85%D9%88%D8%A7%D9%82%D8%B9-%D8%AA%D8%B5%D9%85%D9%8A%D9%85-%D8%B5%D9%81%D8%AD%D8%A7%D8%AA-%D9%88%D9%8A%D8%A8-%D9%85%D8%AA%D8%AC%D8%A7%D9%88%D8%A8%D8%A9-html-%D9%88-css
403 Forbidden,Non trouvé,Non trouvé,Non trouvé,Aucun avis,Inconnu,Inconnu,Aucun tag,https://khamsat.com/programming/full-app-creation/867219-%D8%A8%D8%B1%D9%85%D8%AC%D8%A9-%D8%AA%D8%B7%D8%A8%D9%8A%D9%82%D8%A7%D8%AA-%D8%A7%D9%84%D8%A3%D9%86%D8%AF%D8%B1%D9%88%D9%8A%D8%AF-%D9%88%D8%A7%D9%84%D8%A3%D9%8A%D9%81%D9%88%D9%86-%D8%A8%D8%A5%D8%B3%D8%AA%D8%AE%D8%AF%D8%A7%D9%85-ionic-%D8%A7%D9%8A%D9%88%D9%86%D9%8A%D9%83
403 Forbidden,Non trouvé,Non trouvé,Non trouvé,Aucun avis,Inconnu,Inconnu,Aucun tag,https://khamsat.com/programming/custom-website-development/3003169-%D9%86%D8%B8%D8%A7%D9%85-%D8%A5%D8%AF%D8%A7%D8%B1%D8%A9-%D9%85%D8%B9%D9%84%D9%88%D9%85%D8%A7%D8%AA-%D8%A7%D9%84%D8%B7%D9%84%D8%A7%D8%A8
403 Forbidden,Non trouvé,Non trouvé,Non trouvé,Aucun avis,Inconnu,Inconnu,Aucun tag,https://khamsat.com/programming/web-application-development/3256456-%D8%AA%D8%B7%D9%88%D9%8A%D8%B1-%D9%85%D9%88%D9%82%D8%B9-%D8%AA%D8%B3%D9%88%D9%8A%D9%82-%D8%A7%D9%84%D9%83%D8%AA%D8%B1%D9%88%D9%86%D9%89-%D9%85%D8%AA%D9%83%D8%A7%D9%85%D9%84
403 Forbidden,Non trouvé,Non trouvé,Non trouvé,Aucun avis,Inconnu,Inconnu,Aucun tag,https://khamsat.com/programming/css-html/3641011-%D8%AA%D8%B5%D9%85%D9%8A%D9%85-%D8%B5%D9%81%D8%AD%D8%A9-%D9%88%D9%8A%D8%A8-%D8%A8%D8%B3%D9%8A%D8%B7%D8%A9-%D9%88%D9%85%D8%AA%D8%AC%D8%A7%D9%88%D8%A8%D8%A9-%D8%A8%D8%A7%D8%B3%D8%AA%D8%AE%D8%AF%D8%A7%D9%85-html-%D9%88css
403 Forbidden,Non trouvé,Non trouvé,Non trouvé,Aucun avis,Inconnu,Inconnu,Aucun tag,https://khamsat.com/programming/full-app-creation/1938561-%D8%A8%D8%B1%D9%85%D8%AC%D8%A9-%D8%AA%D8%B7%D8%A8%D9%8A%D9%82%D8%A7%D8%AA-%D9%84%D9%84%D8%AC%D9%88%D8%A7%D9%84-android-%D9%88-ios
403 Forbidden,Non trouvé,Non trouvé,Non trouvé,Aucun avis,Inconnu,Inconnu,Aucun tag,https://khamsat.com/programming/custom-website-development/2454150-%D8%A8%D9%86%D8%A7%D8%A1-%D9%85%D9%88%D9%82%D8%B9-%D8%A7%D8%AD%D8%AA%D8%B1%D8%A7%D9%81%D9%8A-%D9%85%D9%86-%D8%A7%D9%84%D8%B5%D9%81%D8%B1-%D8%A8%D8%A7%D8%B3%D8%AA%D8%AE%D8%AF%D8%A7%D9%85-%D8%A8%D8%A7%D9%8A%D8%AB%D9%88%D9%86-%D8%AF%D8%AC%D8%A7%D9%86%D8%AC%D9%88-django
403 Forbidden,Non trouvé,Non trouvé,Non trouvé,Aucun avis,Inconnu,Inconnu,Aucun tag,https://khamsat.com/programming/web-application-development/3762651-%D8%A8%D8%B1%D9%85%D8%AC%D8%A9-%D9%88%D8%A7%D8%AC%D9%87%D8%A7%D8%AA-%D9%88%D9%8A%D8%A8-%D8%A7%D8%AD%D8%AA%D8%B1%D8%A7%D9%81%D9%8A%D8%A9-%D8%A8%D8%A7%D8%B3%D8%AA%D8%AE%D8%AF%D8%A7%D9%85-angular-%D9%88%D8%AA%D8%B5%D9%85%D9%8A%D9%85-%D8%B9%D8%B5%D8%B1%D9%8A-%D9%85%D8%AA%D8%AC%D8%A7%D9%88
403 Forbidden,Non trouvé,Non trouvé,Non trouvé,Aucun avis,Inconnu,Inconnu,Aucun tag,https://khamsat.com/programming/css-html/3705296-%D8%B9%D9%85%D9%84-%D9%88%D9%8A%D8%A8%D8%B3%D8%A7%D9%8A%D8%AA-%D8%A8%D8%A7%D8%B3%D8%AA%D8%AE%D8%AF%D8%A7%D9%85-html-css
403 Forbidden,Non trouvé,Non trouvé,Non trouvé,Aucun avis,Inconnu,Inconnu,Aucun tag,https://khamsat.com/programming/full-app-creation/2540035-%D8%A7%D9%86%D8%B4%D8%A7%D8%A1-%D8%AA%D8%B7%D8%A8%D9%8A%D9%82-%D9%84%D9%84%D9%87%D8%A7%D8%AA%D9%81-%D9%8A%D8%B9%D9%85%D9%84-%D8%B9%D9%84%D9%8A-%D8%A8%D9%8A%D8%A6%D8%A9-%D8%A7%D9%84%D8%A7%D9%86%D8%AF%D8%B1%D9%88%D9%8A%D8%AF-%D9%88%D8%A7%D9%84ios
403 Forbidden,Non trouvé,Non trouvé,Non trouvé,Aucun avis,Inconnu,Inconnu,Aucun tag,https://khamsat.com/programming/custom-website-development/3093594-%D8%A5%D9%86%D8%B4%D8%A7%D8%A1-%D9%85%D9%88%D9%82%D8%B9-%D9%88%D9%8A%D8%A8-%D8%A8%D8%B3%D9%8A%D8%B7-%D9%88%D8%A7%D8%AD%D8%AA%D8%B1%D8%A7%D9%81%D9%8A-%D9%85%D8%B9-%D9%84%D9%88%D8%AD%D8%A9-%D8%A7%D9%84%D8%AA%D8%AD%D9%83%D9%85
403 Forbidden,Non trouvé,Non trouvé,Non trouvé,Aucun avis,Inconnu,Inconnu,Aucun tag,https://khamsat.com/programming/css-html/3872873-%D8%A5%D9%86%D8%B4%D8%A7%D8%A1-%D8%B5%D9%81%D8%AD%D8%A9-%D9%88%D9%8A%D8%A8-%D8%A7%D8%AD%D8%AA%D8%B1%D8%A7%D9%81%D9%8A%D8%A9-%D8%A8%D8%A7%D8%B3%D8%AA%D8%AE%D8%AF%D8%A7%D9%85-html-%D9%88-css-%D9%88-js-%D9%88-php
403 Forbidden,Non trouvé,Non trouvé,Non trouvé,Aucun avis,Inconnu,Inconnu,Aucun tag,https://khamsat.com/programming/web-application-development/3604983-%D8%AA%D8%B7%D8%A8%D9%8A%D9%82-to-do-list-%D9%85%D9%85%D9%8A%D8%B2-%D8%A8%D8%A7%D8%B3%D8%AA%D8%AE%D8%AF%D8%A7%D9%85-javascript
403 Forbidden,Non trouvé,Non trouvé,Non trouvé,Aucun avis,Inconnu,Inconnu,Aucun tag,https://khamsat.com/programming/full-app-creation/3035127-%D8%A8%D8%B1%D9%85%D8%AC%D8%A9-%D8%AA%D8%B7%D8%A8%D9%8A%D9%82%D8%A7%D8%AA-%D8%A7%D9%86%D8%AF%D8%B1%D9%88%D9%8A%D8%AF-%D9%88%D8%A7%D9%8A%D9%81%D9%88%D9%86
403 Forbidden,Non trouvé,Non trouvé,Non trouvé,Aucun avis,Inconnu,Inconnu,Aucun tag,https://khamsat.com/programming/custom-website-development/2793481-%D8%A8%D8%B1%D9%85%D8%AC%D8%A9-%D9%88%D8%AA%D8%B5%D9%85%D9%8A%D9%85-%D9%85%D9%88%D9%82%D8%B9%D9%83-%D8%B4%D8%B1%D9%83%D8%A9-%D8%B4%D8%AE%D8%B5%D9%8A-%D9%85%D8%AA%D8%AC%D8%B1-%D8%A5%D8%B9%D9%84%D8%A7%D9%86%D8%A7%D8%AA-%D9%85%D8%A8%D9%88%D8%A8%D8%A9
403 Forbidden,Non trouvé,Non trouvé,Non trouvé,Aucun avis,Inconnu,Inconnu,Aucun tag,https://khamsat.com/programming/css-html/3597336-%D8%A7%D9%82%D9%88%D9%85-%D8%A8%D8%AA%D8%B5%D9%85%D9%8A%D9%85-%D8%B5%D9%81%D8%AD%D8%A7%D8%AA-%D8%AE%D8%A7%D8%B5%D8%A9-%D8%A8%D9%85%D9%88%D9%82%D8%B9%D9%83-%D8%A8%D9%84%D8%BA%D8%A9-html-css
403 Forbidden,Non trouvé,Non trouvé,Non trouvé,Aucun avis,Inconnu,Inconnu,Aucun tag,https://khamsat.com/programming/web-application-development/3361066-%D8%AA%D8%B5%D9%85%D9%8A%D9%85-%D9%88%D8%A7%D8%AC%D9%87%D8%A9-%D9%85%D8%B3%D8%AA%D8%AE%D8%AF%D9%85-%D8%A7%D9%85%D8%A7%D9%85%D9%8A%D8%A9
403 Forbidden,Non trouvé,Non trouvé,Non trouvé,Aucun avis,Inconnu,Inconnu,Aucun tag,https://khamsat.com/programming/full-app-creation/1166655-%D8%AA%D8%B7%D8%A8%D9%8A%D9%82-ios-native-%D9%85%D9%82%D8%A7%D8%A8%D9%84
403 Forbidden,Non trouvé,Non trouvé,Non trouvé,Aucun avis,Inconnu,Inconnu,Aucun tag,https://khamsat.com/programming/css-html/3864455-%D8%AA%D8%B7%D9%88%D9%8A%D8%B1-%D9%88%D8%A7%D8%AC%D9%87%D8%A9-%D9%85%D9%88%D9%82%D8%B9-%D9%88%D9%8A%D8%A8-%D8%A7%D8%AD%D8%AA%D8%B1%D8%A7%D9%81%D9%8A%D8%A9-%D8%A8%D8%A7%D8%B3%D8%AA%D8%AE%D8%AF%D8%A7%D9%85-html-%D9%88css-%D9%88javascript
403 Forbidden,Non trouvé,Non trouvé,Non trouvé,Aucun avis,Inconnu,Inconnu,Aucun tag,https://khamsat.com/programming/custom-website-development/2380603-%D8%A8%D8%B1%D9%85%D8%AC%D8%A9-%D9%85%D9%88%D8%A7%D9%82%D8%B9-%D8%A8%D8%A7%D8%B3%D8%AA%D8%AE%D8%AF%D8%A7%D9%85-django-and-rest-api-framework
403 Forbidden,Non trouvé,Non trouvé,Non trouvé,Aucun avis,Inconnu,Inconnu,Aucun tag,https://khamsat.com/programming/web-application-development/3479535-%D8%AA%D8%B5%D9%85%D9%8A%D9%85-%D9%88%D8%A8%D9%86%D8%A7%D8%A1-%D9%84%D9%88%D8%AD%D8%A9-%D8%AA%D8%AD%D9%83%D9%85-%D9%82%D9%88%D9%8A%D8%A9-%D8%A7%D8%B3%D8%AA%D8%AE%D8%AF%D8%A7%D9%85-laravel-%D8%A8%D9%88%D8%A7%D8%AC%D9%87%D8%A9-%D9%88%D9%86%D8%B8%D8%A7%D9%85-%D9%83%D8%A7%D9%85%D9%84
403 Forbidden,Non trouvé,Non trouvé,Non trouvé,Aucun avis,Inconnu,Inconnu,Aucun tag,https://khamsat.com/programming/full-app-creation/3145114-%D8%AA%D8%B5%D9%85%D9%8A%D9%85-%D8%B4%D8%A7%D8%B4%D8%A9-%D8%AA%D8%B3%D8%AC%D9%8A%D9%84-%D8%AF%D8%AE%D9%88%D9%84-%D9%88%D8%AA%D8%B3%D8%AC%D9%8A%D9%84-%D8%A8%D8%A7%D8%B3%D8%AA%D8%AE%D8%AF%D8%A7%D9%85-flutter-%D9%88firebase
403 Forbidden,Non trouvé,Non trouvé,Non trouvé,Aucun avis,Inconnu,Inconnu,Aucun tag,https://khamsat.com/programming/custom-website-development/2445247-%D8%AA%D8%B5%D9%85%D9%8A%D9%85-%D9%88-%D8%A8%D8%B1%D9%85%D8%AC%D8%A9-%D9%85%D9%88%D8%A7%D9%82%D8%B9-%D8%A8%D9%85%D9%88%D8%A7%D8%B5%D9%81%D8%A7%D8%AA-%D8%B9%D8%A7%D9%84%D9%85%D9%8A%D8%A9-%D9%88%D8%AD%D8%AF%D9%8A%D8%AB%D8%A9
403 Forbidden,Non trouvé,Non trouvé,Non trouvé,Aucun avis,Inconnu,Inconnu,Aucun tag,https://khamsat.com/programming/css-html/3508211-%D8%AA%D8%B5%D9%85%D9%8A%D9%85-%D9%88%D8%A8%D8%B1%D9%85%D8%AC%D8%A9-%D9%88%D8%A7%D8%AC%D9%87%D8%A9-%D9%85%D9%88%D9%82%D8%B9-%D8%A7%D8%AD%D8%AA%D8%B1%D8%A7%D9%81%D9%8A%D8%A9-%D8%A8%D8%A7%D8%B3%D8%AA%D8%AE%D8%AF%D8%A7%D9%85-html-css-js
403 Forbidden,Non trouvé,Non trouvé,Non trouvé,Aucun avis,Inconnu,Inconnu,Aucun tag,https://khamsat.com/programming/web-application-development/3309560-%D8%A5%D9%86%D8%B4%D8%A7%D8%A1-%D8%AA%D8%B7%D8%A8%D9%8A%D9%82-%D9%88%D9%8A%D8%A8-%D8%A8%D8%A7%D8%B3%D8%AA%D8%B9%D9%85%D8%A7%D9%84-laravel-framework
403 Forbidden,Non trouvé,Non trouvé,Non trouvé,Aucun avis,Inconnu,Inconnu,Aucun tag,https://khamsat.com/programming/full-app-creation/3856510-%D8%A5%D8%B6%D8%A7%D9%81%D8%A9-%D9%85%D9%8A%D8%B2%D8%A7%D8%AA-%D8%A7%D8%AD%D8%AA%D8%B1%D8%A7%D9%81%D9%8A%D8%A9-%D9%84%D8%A3%D9%8A-%D8%AA%D8%B7%D8%A8%D9%8A%D9%82-flutter
403 Forbidden,Non trouvé,Non trouvé,Non trouvé,Aucun avis,Inconnu,Inconnu,Aucun tag,https://khamsat.com/programming/css-html/3701609-%D8%A7%D9%86%D8%B4%D8%A7%D8%A1-%D9%85%D9%86%D9%8A%D9%88-%D8%A7%D9%84%D9%83%D8%AA%D8%B1%D9%88%D9%86%D9%8A-%D9%84%D9%84%D9%85%D8%B7%D8%A7%D8%B9%D9%85
403 Forbidden,Non trouvé,Non trouvé,Non trouvé,Aucun avis,Inconnu,Inconnu,Aucun tag,https://khamsat.com/programming/web-application-development/3529189-%D8%AA%D8%B7%D9%88%D9%8A%D8%B1-%D8%AA%D8%B7%D8%A8%D9%8A%D9%82-%D9%88%D9%8A%D8%A8-%D9%85%D8%AE%D8%B5%D8%B5-%D8%AD%D8%B3%D8%A8-%D8%A7%D9%84%D8%B7%D9%84%D8%A8-%D8%A8%D8%A7%D8%B3%D8%AA%D8%AE%D8%AF%D8%A7%D9%85-%D8%A3%D8%AD%D8%AF%D8%AB-%D8%A7%D9%84%D8%AA%D9%82%D9%86%D9%8A%D8%A7%D8%AA
403 Forbidden,Non trouvé,Non trouvé,Non trouvé,Aucun avis,Inconnu,Inconnu,Aucun tag,https://khamsat.com/programming/custom-website-development/3450144-%D8%AA%D8%B5%D9%85%D9%8A%D9%85-%D9%85%D9%88%D9%82%D8%B9-%D8%A5%D9%84%D9%83%D8%AA%D8%B1%D9%88%D9%86%D9%8A-%D8%A5%D8%AD%D8%AA%D8%B1%D8%A7%D9%81%D9%8A-html-css-javascript
403 Forbidden,Non trouvé,Non trouvé,Non trouvé,Aucun avis,Inconnu,Inconnu,Aucun tag,https://khamsat.com/programming/full-app-creation/1833782-%D8%B3%D8%A3%D9%82%D9%88%D9%85-%D8%A8%D8%A8%D8%B1%D9%85%D8%AC%D8%A9-%D8%AA%D8%B7%D8%A8%D9%8A%D9%82-%D8%A7%D8%AD%D8%AA%D8%B1%D8%A7%D9%81%D9%8A-%D8%AE%D8%A7%D8%B5-%D8%A8%D8%A7%D9%84%D8%AA%D8%B3%D9%88%D9%82-%D9%84%D9%84%D8%A7%D8%AF%D9%85%D9%86
403 Forbidden,Non trouvé,Non trouvé,Non trouvé,Aucun avis,Inconnu,Inconnu,Aucun tag,https://khamsat.com/programming/css-html/1740243-%D8%AA%D8%B5%D9%85%D9%8A%D9%85-%D8%B5%D9%81%D8%AD%D8%A7%D8%AAhtml-%D9%88-css-%D8%A8%D8%B4%D9%83%D9%84-%D8%A7%D8%AD%D8%AA%D8%B1%D8%A7%D9%81%D9%8A-%D9%88-%D8%AC%D9%88%D8%AF%D8%A9-%D8%B9%D8%A7%D9%84%D9%8A%D8%A9
403 Forbidden,Non trouvé,Non trouvé,Non trouvé,Aucun avis,Inconnu,Inconnu,Aucun tag,https://khamsat.com/programming/custom-website-development/3787012-%D9%85%D9%88%D9%82%D8%B9-%D8%AA%D8%B9%D8%B1%D9%8A%D9%81%D9%8A-%D9%8A%D8%B9%D8%B1%D9%81-%D8%B4%D8%B1%D9%83%D8%AA%D9%83-%D8%A8%D8%A3%D9%81%D8%B6%D9%84-%D8%B5%D9%88%D8%B1%D8%A9
403 Forbidden,Non trouvé,Non trouvé,Non trouvé,Aucun avis,Inconnu,Inconnu,Aucun tag,https://khamsat.com/programming/web-application-development/3771996-%D9%84%D9%84%D8%A3%D8%B7%D8%A8%D8%A7%D8%A1-%D8%A7%D8%AD%D8%AA%D9%81%D8%B8-%D8%A8%D8%B3%D8%AC%D9%84%D8%A7%D8%AA-%D9%85%D8%B1%D8%B6%D8%A7%D9%83-%D8%B9%D9%84%D9%89-%D9%87%D8%A7%D8%AA%D9%81%D9%83-%D9%85%D8%B9-%D8%AE%D9%88%D8%A7%D8%B5-%D8%A8%D8%AD%D8%AB-%D9%88%D8%A5%D8%AD%D8%B5%D8%A7%D8%A6%D9%8A%D8%A7%D8%AA
403 Forbidden,Non trouvé,Non trouvé,Non trouvé,Aucun avis,Inconnu,Inconnu,Aucun tag,https://khamsat.com/programming/full-app-creation/723140-%D8%A5%D9%86%D8%B4%D8%A7%D8%A1-%D8%AA%D8%B7%D8%A8%D9%8A%D9%82-%D8%A3%D9%86%D8%AF%D8%B1%D9%88%D9%8A%D8%AF-%D8%A8%D8%B3%D9%8A%D8%B7
403 Forbidden,Non trouvé,Non trouvé,Non trouvé,Aucun avis,Inconnu,Inconnu,Aucun tag,https://khamsat.com/programming/css-html/3510271-%D8%AA%D8%B5%D9%85%D9%8A%D9%85-%D9%88%D8%A7%D8%AC%D9%87%D8%A7%D8%AA-%D9%85%D9%88%D8%A7%D9%82%D8%B9-%D8%B4%D8%AE%D8%B5%D9%8A%D8%A9-%D9%88%D9%85%D8%A4%D8%B3%D8%B3%D8%A7%D8%AA-frontend-web-design
403 Forbidden,Non trouvé,Non trouvé,Non trouvé,Aucun avis,Inconnu,Inconnu,Aucun tag,https://khamsat.com/programming/custom-website-development/3049469-%D8%A8%D9%86%D8%A7%D8%A1-%D9%88%D8%AA%D8%B7%D9%88%D9%8A%D8%B1-%D8%A7%D9%84%D9%85%D9%88%D8%A7%D9%82%D8%B9-%D8%A7%D9%84%D8%A7%D9%84%D9%83%D8%AA%D8%B1%D9%88%D9%86%D9%8A%D8%A9-%D8%A8%D8%A7%D8%B3%D8%AA%D8%AE%D8%AF%D8%A7%D9%85-%D8%A7%D8%AD%D8%AF%D8%AB-%D8%A7%D9%84%D8%AA%D9%82%D9%86%D9%8A%D8%A7%D8%AA
403 Forbidden,Non trouvé,Non trouvé,Non trouvé,Aucun avis,Inconnu,Inconnu,Aucun tag,https://khamsat.com/programming/web-application-development/3305932-%D9%84%D9%88%D8%AD%D8%A9-%D8%AA%D8%AD%D9%83%D9%85-%D8%B9%D8%B1%D8%A8%D9%8A-%D8%A7%D9%86%D8%AC%D9%84%D9%8A%D8%B2%D9%8A-%D8%AA%D8%B3%D8%AC%D9%8A%D9%84-%D8%AF%D8%AE%D9%88%D9%84-%D9%88%D8%A7%D8%B6%D8%A7%D9%81%D8%A9-%D9%85%D8%B3%D8%AA%D8%AE%D8%AF%D9%85%D9%8A%D9%86
403 Forbidden,Non trouvé,Non trouvé,Non trouvé,Aucun avis,Inconnu,Inconnu,Aucun tag,https://khamsat.com/programming/full-app-creation/3202054-%D8%A5%D9%86%D8%B4%D8%A7%D8%A1-%D8%AA%D8%B7%D8%A8%D9%8A%D9%82-ios-%D8%A8%D8%A7%D8%B3%D8%AA%D8%AE%D8%AF%D8%A7%D9%85-swift-%D8%A3%D9%88-swiftui
403 Forbidden,Non trouvé,Non trouvé,Non trouvé,Aucun avis,Inconnu,Inconnu,Aucun tag,https://khamsat.com/programming/css-html/3775751-%D8%AA%D8%B9%D8%AF%D9%8A%D9%84-%D9%88%D8%AA%D8%AD%D8%B3%D9%8A%D9%86-%D8%B5%D9%81%D8%AD%D8%A7%D8%AA-%D8%A7%D9%84%D9%88%D9%8A%D8%A8-%D8%A8%D8%A7%D8%B3%D8%AA%D8%AE%D8%AF%D8%A7%D9%85-html-%D9%88css
403 Forbidden,Non trouvé,Non trouvé,Non trouvé,Aucun avis,Inconnu,Inconnu,Aucun tag,https://khamsat.com/programming/custom-website-development/3576749-%D8%B5%D9%85%D9%85-%D9%85%D9%88%D9%82%D8%B9%D9%83-%D8%A7%D9%84%D8%A7%D8%AD%D8%AA%D8%B1%D8%A7%D9%81%D9%8A-seoready-%D9%88%D8%B3%D8%B1%D9%8A%D8%B9-%D8%A7%D9%84%D8%A7%D8%B3%D8%AA%D8%AC%D8%A7%D8%A8%D8%A9-%D9%84%D9%83%D9%84-%D8%A7%D9%84%D8%A3%D8%AC%D9%87%D8%B2%D8%A9
403 Forbidden,Non trouvé,Non trouvé,Non trouvé,Aucun avis,Inconnu,Inconnu,Aucun tag,https://khamsat.com/programming/web-application-development/3460763-%D8%AA%D8%B5%D9%85%D9%8A%D9%85-%D9%88-%D8%A8%D8%B1%D9%85%D8%AC%D8%A9-%D8%AA%D8%B7%D8%A8%D9%8A%D9%82%D8%A7%D8%AA-%D8%A7%D9%84%D9%88%D9%8A%D8%A8-%D8%A7%D9%84%D8%A5%D8%AD%D8%AA%D8%B1%D8%A7%D9%81%D9%8A%D8%A9-%D9%88-%D8%A7%D9%84%D9%85%D8%AA%D8%AC%D8%A7%D9%88%D8%A8%D8%A9
403 Forbidden,Non trouvé,Non trouvé,Non trouvé,Aucun avis,Inconnu,Inconnu,Aucun tag,https://khamsat.com/programming/full-app-creation/3856963-%D8%AA%D8%B7%D9%88%D9%8A%D8%B1-%D8%AA%D8%B7%D8%A8%D9%8A%D9%82-%D9%87%D8%A7%D8%AA%D9%81-%D8%A8%D8%B4%D9%83%D9%84-%D8%A7%D8%AD%D8%AA%D8%B1%D8%A7%D9%81%D9%8A
403 Forbidden,Non trouvé,Non trouvé,Non trouvé,Aucun avis,Inconnu,Inconnu,Aucun tag,https://khamsat.com/programming/css-html/3762662-%D8%AA%D8%B5%D9%85%D9%8A%D9%85-%D8%B5%D9%81%D8%AD%D8%A9-%D9%88%D9%8A%D8%A8-%D8%A7%D8%AD%D8%AA%D8%B1%D8%A7%D9%81%D9%8A%D8%A9-%D9%85%D8%AA%D8%AC%D8%A7%D9%88%D8%A8%D8%A9-%D8%A8%D9%80-html-%D9%88css
403 Forbidden,Non trouvé,Non trouvé,Non trouvé,Aucun avis,Inconnu,Inconnu,Aucun tag,https://khamsat.com/programming/custom-website-development/3274644-%D8%A5%D9%86%D8%B4%D8%A7%D8%A1-%D9%85%D9%88%D9%82%D8%B9-%D8%A7%D8%AD%D8%AA%D8%B1%D8%A7%D9%81%D9%8A-%D8%A8%D8%B3%D9%8A%D8%B7-%D8%A8%D8%A7%D8%B3%D8%AA%D8%AE%D8%AF%D8%A7%D9%85-google-sites
403 Forbidden,Non trouvé,Non trouvé,Non trouvé,Aucun avis,Inconnu,Inconnu,Aucun tag,https://khamsat.com/programming/web-application-development/3722583-%D8%AA%D8%B7%D9%88%D9%8A%D8%B1-%D9%88%D8%A7%D8%AC%D9%87%D8%A9-%D8%AE%D9%84%D9%81%D9%8A%D8%A9-%D8%A7%D8%AD%D8%AA%D8%B1%D8%A7%D9%81%D9%8A%D8%A9-%D9%84%D9%85%D9%88%D9%82%D8%B9%D9%83-%D8%A8%D8%A7%D8%B3%D8%AA%D8%AE%D8%AF%D8%A7%D9%85-asp.net-core
403 Forbidden,Non trouvé,Non trouvé,Non trouvé,Aucun avis,Inconnu,Inconnu,Aucun tag,https://khamsat.com/programming/full-app-creation/3871136-%D8%AA%D8%B7%D9%88%D9%8A%D8%B1-%D8%AA%D8%B7%D8%A8%D9%8A%D9%82%D8%A7%D8%AA-%D8%A7%D8%AD%D8%AA%D8%B1%D8%A7%D9%81%D9%8A%D8%A9-%D9%85%D8%AA%D9%83%D8%A7%D9%85%D9%84%D8%A9-%D8%A8%D8%A7%D8%B3%D8%AA%D8%AE%D8%AF%D8%A7%D9%85-flutter-dart
403 Forbidden,Non trouvé,Non trouvé,Non trouvé,Aucun avis,Inconnu,Inconnu,Aucun tag,https://khamsat.com/programming/css-html/3103891-%D8%A8%D8%B1%D9%85%D8%AC%D8%A9-%D9%85%D9%88%D9%82%D8%B9-%D8%A8%D8%A5%D8%B3%D8%AA%D8%AE%D8%AF%D8%A7%D9%85-html-css
403 Forbidden,Non trouvé,Non trouvé,Non trouvé,Aucun avis,Inconnu,Inconnu,Aucun tag,https://khamsat.com/programming/custom-website-development/3034246-%D8%B3%D9%88%D9%81-%D8%A7%D9%82%D9%88%D9%85-%D8%A8%D8%B1%D8%A8%D8%B7-%D9%85%D9%88%D8%AF%D9%8A%D9%84-%D8%A7%D9%84%D8%B0%D9%83%D8%A7%D8%A1-%D8%A7%D9%84%D8%A7%D8%B5%D8%B7%D9%86%D8%A7%D8%B9%D9%89-%D8%A8%D9%85%D9%88%D9%82%D8%B9-%D9%88%D9%8A%D8%A8-%D9%85%D8%AE%D8%B5%D8%B5
403 Forbidden,Non trouvé,Non trouvé,Non trouvé,Aucun avis,Inconnu,Inconnu,Aucun tag,https://khamsat.com/programming/web-application-development/3811467-%D8%A8%D8%B1%D9%85%D8%AC%D8%A9-%D9%86%D8%B8%D8%A7%D9%85-%D8%A5%D8%AF%D8%A7%D8%B1%D8%A9-%D9%85%D8%AE%D8%B2%D9%88%D9%86-%D9%88%D9%85%D8%A8%D9%8A%D8%B9%D8%A7%D8%AA-%D8%A8%D8%A7%D8%B3%D8%AA%D8%AE%D8%AF%D8%A7%D9%85-.net
403 Forbidden,Non trouvé,Non trouvé,Non trouvé,Aucun avis,Inconnu,Inconnu,Aucun tag,https://khamsat.com/programming/custom-website-development/3898102-%D8%A7%D9%86%D8%B4%D8%A7%D8%A1-%D9%88%D8%A7%D8%AC%D9%87%D8%A9-%D9%85%D9%88%D9%82%D8%B9-%D8%A7%D8%AD%D8%AA%D8%B1%D8%A7%D9%81%D9%8A%D8%A9-front-end
403 Forbidden,Non trouvé,Non trouvé,Non trouvé,Aucun avis,Inconnu,Inconnu,Aucun tag,https://khamsat.com/programming/full-app-creation/3415041-%D8%A7%D9%86%D8%B4%D8%A7%D8%A1-%D8%AA%D8%B7%D8%A8%D9%8A%D9%82-%D9%87%D8%A7%D8%AA%D9%81-%D9%8A%D8%B9%D9%85%D9%84-%D8%B9%D9%84%D9%89-android-%D9%88-ios
403 Forbidden,Non trouvé,Non trouvé,Non trouvé,Aucun avis,Inconnu,Inconnu,Aucun tag,https://khamsat.com/programming/css-html/3865543-%D8%AA%D8%B9%D8%AF%D9%8A%D9%84%D8%A7%D8%AA-%D8%A7%D8%AD%D8%AA%D8%B1%D8%A7%D9%81%D9%8A%D8%A9-%D9%88%D8%A5%D8%B5%D9%84%D8%A7%D8%AD%D8%A7%D8%AA-%D8%B3%D8%B1%D9%8A%D8%B9%D8%A9-%D9%84%D9%88%D8%A7%D8%AC%D9%87%D8%A9-%D9%85%D9%88%D9%82%D8%B9%D9%83
403 Forbidden,Non trouvé,Non trouvé,Non trouvé,Aucun avis,Inconnu,Inconnu,Aucun tag,https://khamsat.com/programming/web-application-development/3801848-%D8%AA%D8%B5%D9%85%D9%8A%D9%85-%D9%88-%D8%AA%D8%B7%D9%88%D9%8A%D8%B1-%D9%85%D9%88%D8%A7%D9%82%D8%B9-%D9%88%D9%8A%D8%A8-front-end-%D8%A8%D8%A7%D8%B3%D8%AA%D8%AE%D8%AF%D8%A7%D9%85-react-%D9%88-angular
403 Forbidden,Non trouvé,Non trouvé,Non trouvé,Aucun avis,Inconnu,Inconnu,Aucun tag,https://khamsat.com/programming/custom-website-development/3059964-%D8%AA%D8%B7%D9%88%D9%8A%D8%B1-%D8%B5%D9%81%D8%AD%D8%A7%D8%AA-%D9%88%D9%8A%D8%A8-%D8%A8%D8%A7%D8%B3%D8%AA%D8%AE%D8%AF%D8%A7%D9%85-html-css-reactjs-mysql-javascript
403 Forbidden,Non trouvé,Non trouvé,Non trouvé,Aucun avis,Inconnu,Inconnu,Aucun tag,https://khamsat.com/programming/full-app-creation/3857050-%D8%AA%D8%AD%D9%88%D9%8A%D9%84-%D8%A7%D9%84%D8%AA%D8%B5%D9%85%D9%8A%D9%85-%D8%A5%D9%84%D9%89-%D8%AA%D8%B7%D8%A8%D9%8A%D9%82-flutter
403 Forbidden,Non trouvé,Non trouvé,Non trouvé,Aucun avis,Inconnu,Inconnu,Aucun tag,https://khamsat.com/programming/css-html/3734254-%D8%AA%D8%B5%D9%85%D9%8A%D9%85-%D8%B5%D9%81%D8%AD%D8%A7%D8%AA-html-css-%D8%AA%D9%81%D8%A7%D8%B9%D9%84%D9%8A%D8%A9
403 Forbidden,Non trouvé,Non trouvé,Non trouvé,Aucun avis,Inconnu,Inconnu,Aucun tag,https://khamsat.com/programming/web-application-development/1956335-%D8%B3%D9%8A%D9%86%D8%A7%D8%B1%D9%8A%D9%88-%D8%A8%D8%B1%D9%85%D8%AC%D8%A9-%D9%85%D8%B4%D8%B1%D9%88%D8%B9-%D8%A3%D9%88-%D9%84%D8%B9%D8%A8%D8%A9-%D8%B3%D9%83%D8%B1%D8%A7%D8%AA%D8%B4
403 Forbidden,Non trouvé,Non trouvé,Non trouvé,Aucun avis,Inconnu,Inconnu,Aucun tag,https://khamsat.com/programming/custom-website-development/3811553-%D8%AA%D8%B5%D9%85%D9%8A%D9%85-%D9%88%D8%AA%D8%B7%D9%88%D9%8A%D8%B1-%D9%88%D8%A7%D8%AC%D9%87%D8%A7%D8%AA-%D9%85%D9%88%D8%A7%D9%82%D8%B9-%D8%A7%D8%AD%D8%AA%D8%B1%D8%A7%D9%81%D9%8A%D8%A9
403 Forbidden,Non trouvé,Non trouvé,Non trouvé,Aucun avis,Inconnu,Inconnu,Aucun tag,https://khamsat.com/programming/full-app-creation/3006179-%D8%AA%D8%B7%D9%88%D9%8A%D8%B1-%D8%AA%D8%B7%D8%A8%D9%8A%D9%82%D8%A7%D8%AA-%D8%A7%D9%84%D8%AC%D9%88%D8%A7%D9%84-%D8%A8%D8%B3%D9%8A%D8%B7%D8%A9
403 Forbidden,Non trouvé,Non trouvé,Non trouvé,Aucun avis,Inconnu,Inconnu,Aucun tag,https://khamsat.com/programming/css-html/3803591-%D8%AA%D8%B5%D9%85%D9%8A%D9%85-%D8%B5%D9%81%D8%AD%D8%A9-%D9%88%D9%8A%D8%A8-%D8%A8html-%D9%88-css%D9%88bootstrap-%D9%85%D8%AA%D9%88%D8%A7%D9%81%D9%82%D8%A9-%D9%85%D8%B9-%D8%AC%D9%85%D9%8A%D8%B9%D8%A7%D9%84%D8%A3%D8%AC%D9%87%D8%B2%D8%A9
403 Forbidden,Non trouvé,Non trouvé,Non trouvé,Aucun avis,Inconnu,Inconnu,Aucun tag,https://khamsat.com/programming/web-application-development/2946557-%D8%AA%D8%B7%D9%88%D9%8A%D8%B1-%D8%AA%D8%B7%D8%A8%D9%8A%D9%82-%D9%88%D9%8A%D8%A8-%D8%A7%D8%AD%D8%AA%D8%B1%D8%A7%D9%81%D9%8A-%D8%A8%D8%A7%D8%B3%D8%AA%D8%AE%D8%AF%D8%A7%D9%85-django
403 Forbidden,Non trouvé,Non trouvé,Non trouvé,Aucun avis,Inconnu,Inconnu,Aucun tag,https://khamsat.com/programming/custom-website-development/2451598-%D8%AA%D8%B5%D9%85%D9%8A%D9%85-%D9%88%D8%A8%D8%B1%D9%85%D8%AC%D9%87-%D9%85%D9%88%D9%82%D8%B9-%D8%A8%D8%A7%D8%B3%D8%AA%D8%AE%D8%AF%D8%A7%D9%85-reactjs-redux-laravel-nextjs
403 Forbidden,Non trouvé,Non trouvé,Non trouvé,Aucun avis,Inconnu,Inconnu,Aucun tag,https://khamsat.com/programming/full-app-creation/1771466-%D8%A8%D8%B1%D9%85%D8%AC%D8%A9-%D9%88%D8%AA%D8%B7%D9%88%D9%8A%D8%B1-%D8%AA%D8%B7%D8%A8%D9%8A%D9%82%D8%A7%D8%AA-%D8%A7%D9%84%D8%A3%D9%86%D8%AF%D8%B1%D9%88%D9%8A%D8%AF
403 Forbidden,Non trouvé,Non trouvé,Non trouvé,Aucun avis,Inconnu,Inconnu,Aucun tag,https://khamsat.com/programming/web-application-development/3875567-%D8%A5%D9%86%D8%B4%D8%A7%D8%A1-%D9%85%D9%88%D9%82%D8%B9-%D8%B4%D8%AE%D8%B5%D9%89-%D8%AA%D8%B9%D8%B1%D9%8A%D9%81%D9%89-portfolio
403 Forbidden,Non trouvé,Non trouvé,Non trouvé,Aucun avis,Inconnu,Inconnu,Aucun tag,https://khamsat.com/programming/css-html/2717819-%D9%85%D9%88%D9%82%D8%B9-%D8%B4%D8%AE%D8%B5%D9%89-%D9%84%D8%B9%D8%B1%D8%B6-%D8%A7%D8%B9%D9%85%D8%A7%D9%84%D9%83-%D9%88%D9%88%D8%B3%D8%A7%D8%A6%D9%84-%D8%A7%D9%84%D8%AA%D9%88%D8%A7%D8%B5%D9%84-%D8%A7%D9%84%D8%AE%D8%A7%D8%B5%D9%87-%D8%A8%D9%83
403 Forbidden,Non trouvé,Non trouvé,Non trouvé,Aucun avis,Inconnu,Inconnu,Aucun tag,https://khamsat.com/programming/full-app-creation/2786933-%D8%AA%D8%AC%D9%87%D9%8A%D8%B2-%D9%88%D8%AA%D8%AF%D8%B1%D9%8A%D8%A8-%D9%88%D8%A2%D8%AA%D9%85%D8%AA%D8%A9-%D8%A7%D8%AF%D8%A7%D8%B1%D8%A9-%D8%A7%D9%84%D9%85%D9%87%D8%A7%D9%85-%D9%88%D8%A7%D9%84%D8%B9%D9%85%D9%84%D9%8A%D8%A7%D8%AA-%D9%88%D8%A7%D9%84%D9%85%D8%B4%D8%A7%D8%B1%D9%8A%D8%B9-jira
403 Forbidden,Non trouvé,Non trouvé,Non trouvé,Aucun avis,Inconnu,Inconnu,Aucun tag,https://khamsat.com/programming/custom-website-development/3308094-%D8%A5%D9%86%D8%B4%D8%A7%D8%A1-%D9%85%D9%88%D9%82%D8%B9-%D8%A5%D9%84%D9%83%D8%AA%D8%B1%D9%88%D9%86%D9%8A-%D8%A7%D8%AD%D8%AA%D8%B1%D8%A7%D9%81%D9%8A-%D8%A8%D8%A7%D8%B3%D8%AA%D8%AE%D8%AF%D8%A7%D9%85-%D8%B3%D9%86%D8%AF%D9%8A%D8%A7%D9%86-%D9%88-%D8%AA%D8%AE%D8%B5%D9%8A%D8%B5-%D8%A7%D9%84%D8%AA%D8%B5%D9%85%D9%8A%D9%85
403 Forbidden,Non trouvé,Non trouvé,Non trouvé,Aucun avis,Inconnu,Inconnu,Aucun tag,https://khamsat.com/programming/css-html/3745315-%D8%AA%D8%B5%D9%85%D9%8A%D9%85-%D8%B5%D9%81%D8%AD%D8%A9-%D9%88%D9%8A%D8%A8-%D8%A7%D8%AD%D8%AA%D8%B1%D8%A7%D9%81%D9%8A%D8%A9-%D8%A8%D8%A7%D8%B3%D8%AA%D8%AE%D8%AF%D8%A7%D9%85-html-%D9%88-css
403 Forbidden,Non trouvé,Non trouvé,Non trouvé,Aucun avis,Inconnu,Inconnu,Aucun tag,https://khamsat.com/programming/web-application-development/3258313-%D8%A5%D9%86%D8%B4%D8%A7%D8%A1-%D8%A8%D8%B1%D9%86%D8%A7%D9%85%D8%AC-%D9%85%D8%AE%D8%B5%D8%B5-%D8%A8%D8%A7%D8%B3%D8%AA%D8%AE%D8%AF%D8%A7%D9%85-node.js-%D8%A3%D8%AF%D8%A7%D8%A1-%D8%B9%D8%A7%D9%84%D9%8A-%D9%88%D8%A7%D8%AD%D8%AA%D8%B1%D8%A7%D9%81%D9%8A%D8%A9
403 Forbidden,Non trouvé,Non trouvé,Non trouvé,Aucun avis,Inconnu,Inconnu,Aucun tag,https://khamsat.com/programming/full-app-creation/1851132-%D8%AA%D8%B7%D8%A8%D9%8A%D9%82-%D8%A7%D9%86%D8%AF%D8%B1%D9%88%D9%8A%D8%AF-%D8%A8-5-%D8%A8%D8%B1%D9%85%D8%AC%D8%A9-%D9%88%D8%AA%D8%B5%D9%85%D9%8A%D9%85-%D8%B4%D8%A7%D8%B4%D8%A9-%D9%88%D8%A7%D8%AD%D8%AF%D8%A9-%D9%85%D9%86-firebase
403 Forbidden,Non trouvé,Non trouvé,Non trouvé,Aucun avis,Inconnu,Inconnu,Aucun tag,https://khamsat.com/programming/custom-website-development/3118786-%D8%AA%D8%B5%D9%85%D9%8A%D9%85-%D9%88%D8%AA%D8%B7%D9%88%D9%8A%D8%B1-%D9%85%D9%88%D8%A7%D9%82%D8%B9-%D9%88%D9%8A%D8%A8-%D9%85%D8%AA%D9%83%D8%A7%D9%85%D9%84%D8%A9-%D8%A8%D8%A7%D8%B3%D8%AA%D8%AE%D8%AF%D8%A7%D9%85-laravel-%D9%88vue.js
403 Forbidden,Non trouvé,Non trouvé,Non trouvé,Aucun avis,Inconnu,Inconnu,Aucun tag,https://khamsat.com/programming/css-html/2441318-%D8%A8%D8%B1%D9%85%D8%AC%D8%A9-%D9%85%D9%88%D9%82%D8%B9%D9%83-%D8%A8%D8%A7%D8%AD%D8%AA%D8%B1%D8%A7%D9%81%D9%8A%D8%A9-%D8%A8%D8%A7%D8%B3%D8%AA%D8%AE%D8%AF%D8%A7%D9%85-html-css-javascript-react
403 Forbidden,Non trouvé,Non trouvé,Non trouvé,Aucun avis,Inconnu,Inconnu,Aucun tag,https://khamsat.com/programming/web-application-development/2926695-%D8%AA%D8%B7%D8%A8%D9%8A%D9%82-%D9%88%D9%8A%D8%A8-%D8%B3%D8%A7%D9%8A%D8%AA-%D9%84%D8%A7%D8%AF%D8%A7%D8%B1%D8%A9-%D8%B4%D8%B1%D9%83%D8%A7%D8%AA-%D8%A7%D9%84%D8%B4%D8%AD%D9%86
403 Forbidden,Non trouvé,Non trouvé,Non trouvé,Aucun avis,Inconnu,Inconnu,Aucun tag,https://khamsat.com/programming/custom-website-development/2907628-%D9%85%D8%A8%D8%B1%D9%85%D8%AC-frontend-%D8%A8%D8%A7%D8%B3%D8%AA%D8%AE%D8%AF%D8%A7%D9%85-%D9%81%D8%B1%D9%8A%D9%85-%D9%88%D8%B1%D9%83-react
403 Forbidden,Non trouvé,Non trouvé,Non trouvé,Aucun avis,Inconnu,Inconnu,Aucun tag,https://khamsat.com/programming/full-app-creation/2668886-%D8%A8%D8%B1%D9%85%D8%AC%D8%A9-%D8%AA%D8%B7%D8%A8%D9%8A%D9%82-%D8%A8%D9%88%D8%B3%D8%AA%D8%A7%D8%AA-%D9%85%D9%86%D9%88%D8%B9%D9%87-%D9%88%D8%A7%D8%AD%D8%AA%D8%B1%D8%A7%D9%81%D9%8A-%D8%AC%D8%A7%D9%87%D8%B2%D8%A9-%D9%84%D9%84%D8%B1%D8%A8%D8%AD-%D9%85%D9%86-admob
403 Forbidden,Non trouvé,Non trouvé,Non trouvé,Aucun avis,Inconnu,Inconnu,Aucun tag,https://khamsat.com/programming/web-application-development/3552497-%D8%A7%D9%86%D8%B4%D8%A7%D8%A1-%D9%88%D8%A7%D8%AC%D9%87%D8%A9-ui-%D9%84%D8%AA%D8%B7%D8%A8%D9%8A%D9%82-flutter-%D8%A7%D8%AD%D8%AA%D8%B1%D8%A7%D9%81%D9%8A
403 Forbidden,Non trouvé,Non trouvé,Non trouvé,Aucun avis,Inconnu,Inconnu,Aucun tag,https://khamsat.com/programming/css-html/3791240-%D8%AA%D8%B7%D9%88%D9%8A%D8%B1-%D8%B5%D9%81%D8%AD%D8%A7%D8%AA-%D9%88%D9%8A%D8%A8-%D8%A8%D8%A7%D8%B3%D8%AA%D8%AE%D8%AF%D8%A7%D9%85-html-css-js-php
403 Forbidden,Non trouvé,Non trouvé,Non trouvé,Aucun avis,Inconnu,Inconnu,Aucun tag,https://khamsat.com/programming/custom-website-development/2432548-%D8%A8%D8%B1%D9%85%D8%AC%D8%A9-%D9%85%D9%88%D8%A7%D9%82%D8%B9-%D8%A7%D9%84%D9%88%D9%8A%D8%A8-%D9%88%D8%A5%D9%86%D8%B4%D8%A7%D8%A1-%D9%84%D9%88%D8%AD%D8%A9-%D8%AA%D8%AD%D9%83%D9%85-%D8%A8%D8%A7%D8%B3%D8%AA%D8%AE%D8%AF%D8%A7%D9%85-django-framework
403 Forbidden,Non trouvé,Non trouvé,Non trouvé,Aucun avis,Inconnu,Inconnu,Aucun tag,https://khamsat.com/programming/full-app-creation/3672791-%D8%A5%D9%86%D8%B4%D8%A7%D8%A1-%D8%AA%D8%B7%D8%A8%D9%8A%D9%82-%D9%85%D9%88%D8%A8%D8%A7%D9%8A%D9%84-%D8%A7%D8%AD%D8%AA%D8%B1%D8%A7%D9%81%D9%8A-%D9%8A%D8%B9%D9%85%D9%84-%D8%B9%D9%84%D9%89-android-%D9%88-ios
403 Forbidden,Non trouvé,Non trouvé,Non trouvé,Aucun avis,Inconnu,Inconnu,Aucun tag,https://khamsat.com/programming/web-application-development/3760470-%D8%A5%D9%86%D8%B4%D8%A7%D8%A1-%D9%88%D8%AA%D8%B7%D9%88%D9%8A%D8%B1-web-applications-%D9%85%D8%AA%D9%83%D8%A7%D9%85%D9%84%D8%A9
403 Forbidden,Non trouvé,Non trouvé,Non trouvé,Aucun avis,Inconnu,Inconnu,Aucun tag,https://khamsat.com/programming/css-html/3760591-%D8%A5%D9%86%D8%B4%D8%A7%D8%A1-%D9%88%D8%A7%D8%AC%D9%87%D8%A7%D8%AA-%D8%A7%D9%85%D8%A7%D9%85%D9%8A%D8%A9-%D9%85%D9%88%D8%A7%D9%82%D8%B9-%D9%88%D9%8A%D8%A8
403 Forbidden,Non trouvé,Non trouvé,Non trouvé,Aucun avis,Inconnu,Inconnu,Aucun tag,https://khamsat.com/programming/custom-website-development/3751491-%D8%A7%D9%86%D8%B4%D8%A7%D8%A1-%D8%B5%D9%81%D8%AD%D8%A9-%D9%88%D9%8A%D8%A8-%D8%AF%D9%8A%D9%86%D8%A7%D9%85%D9%8A%D9%83%D9%8A%D8%A9-%D8%B5%D8%BA%D9%8A%D8%B1%D9%87
403 Forbidden,Non trouvé,Non trouvé,Non trouvé,Aucun avis,Inconnu,Inconnu,Aucun tag,https://khamsat.com/programming/full-app-creation/1833764-%D8%A7%D9%82%D9%88%D9%85-%D8%A8%D8%A8%D8%B1%D9%85%D8%AC%D8%A9-%D8%AA%D8%B7%D8%A8%D9%8A%D9%82-%D8%A7%D9%86%D8%AF%D8%B1%D9%88%D9%8A%D8%AF-%D9%85%D9%82%D8%A7%D8%A8%D9%84-5-%D8%AF%D9%88%D9%84%D8%A7%D8%B1-%D9%84%D8%B5%D9%81%D8%AD%D8%A9-%D9%88%D8%A7%D8%AD%D8%AF%D8%A9-%D8%A8%D8%B3%D9%8A%D8%B7%D8%A9
403 Forbidden,Non trouvé,Non trouvé,Non trouvé,Aucun avis,Inconnu,Inconnu,Aucun tag,https://khamsat.com/programming/css-html/3470909-%D8%A8%D8%B1%D9%85%D8%AC%D8%A9-%D8%B5%D9%81%D8%AD%D8%A9-%D8%AA%D8%B3%D8%AC%D9%8A%D9%84-%D8%AF%D8%AE%D9%88%D9%84-%D9%88%D8%AA%D8%B3%D8%AC%D9%8A%D9%84-%D8%AD%D8%B3%D8%A7%D8%A8-loginregister
403 Forbidden,Non trouvé,Non trouvé,Non trouvé,Aucun avis,Inconnu,Inconnu,Aucun tag,https://khamsat.com/programming/web-application-development/1879179-%D8%A8%D8%B1%D9%85%D8%AC%D8%A9-%D8%B3%D9%83%D8%B1%D8%A8%D8%AA-%D9%88%D9%8A%D8%A8-%D8%A7%D8%A8%D9%84%D9%8A%D9%83%D8%B4%D9%86-%D9%84%D9%85%D8%B4%D8%B1%D9%88%D8%B9%D9%83
403 Forbidden,Non trouvé,Non trouvé,Non trouvé,Aucun avis,Inconnu,Inconnu,Aucun tag,https://khamsat.com/programming/full-app-creation/1866338-%D8%A7%D8%B6%D8%A7%D9%81%D8%A9-%D8%A7%D8%B9%D9%84%D8%A7%D9%86-admod-%D8%A7%D9%84%D9%8A-%D8%A7%D9%84%D8%B4%D8%A7%D8%B4%D8%A9-%D8%A7%D9%84%D8%AE%D8%A7%D8%B5%D8%A9-%D9%85%D9%82%D8%A7%D8%A8%D9%84-5-%D9%84%D9%8A%D8%AA%D9%85-%D9%86%D8%B4%D8%B1%D9%87
403 Forbidden,Non trouvé,Non trouvé,Non trouvé,Aucun avis,Inconnu,Inconnu,Aucun tag,https://khamsat.com/programming/custom-website-development/2766229-%D8%AA%D8%B5%D9%85%D9%8A%D9%85-%D9%88-%D8%A8%D8%B1%D9%85%D8%AC%D8%A9-%D9%85%D9%88%D8%A7%D9%82%D8%B9-%D8%A7%D9%84%D9%88%D9%8A%D8%A8-%D8%A8laravel
403 Forbidden,Non trouvé,Non trouvé,Non trouvé,Aucun avis,Inconnu,Inconnu,Aucun tag,https://khamsat.com/programming/css-html/3255901-%D8%AA%D8%B5%D9%85%D9%8A%D9%85-%D8%B5%D9%81%D8%AD%D8%A9-%D9%88%D9%8A%D8%A8-%D8%A7%D8%AD%D8%AA%D8%B1%D8%A7%D9%81%D9%8A%D8%A9-%D8%A8%D8%A7%D8%B3%D8%AA%D8%AE%D8%AF%D8%A7%D9%85-html-%D9%88css
403 Forbidden,Non trouvé,Non trouvé,Non trouvé,Aucun avis,Inconnu,Inconnu,Aucun tag,https://khamsat.com/programming/web-application-development/2978252-%D8%A8%D9%88%D8%AA-%D8%AF%D8%B1%D8%AF%D8%B4%D8%A9-%D8%B0%D9%83%D8%A7%D8%A1-%D8%A5%D8%B5%D8%B7%D9%86%D8%A7%D8%B9%D9%8A-%D8%AE%D8%A7%D8%B5-%D8%A8%D8%A7%D9%84%D9%85%D9%86%D8%B4%D8%A6%D8%A7%D8%AA-customized-ai-chatbot
403 Forbidden,Non trouvé,Non trouvé,Non trouvé,Aucun avis,Inconnu,Inconnu,Aucun tag,https://khamsat.com/programming/custom-website-development/3614532-%D8%AA%D8%B5%D9%85%D9%8A%D9%85-%D9%85%D9%88%D9%82%D8%B9-%D8%B4%D8%AE%D8%B5%D9%8A-%D9%83%D8%A7%D9%85%D9%84-portfolio-%D8%A7%D8%AD%D8%AA%D8%B1%D8%A7%D9%81%D9%8A-3d-%D9%84%D8%B9%D8%B1%D8%B6-%D9%85%D8%B9%D8%B1%D8%B6-%D8%A3%D8%B9%D9%85%D8%A7%D9%84%D9%83
403 Forbidden,Non trouvé,Non trouvé,Non trouvé,Aucun avis,Inconnu,Inconnu,Aucun tag,https://khamsat.com/programming/full-app-creation/3372437-%D8%A8%D8%B1%D9%85%D8%AC%D8%A9-%D9%88%D8%AA%D8%B5%D9%85%D9%8A%D9%85-%D8%AA%D8%B7%D8%A8%D9%8A%D9%82%D8%A7%D8%AA-%D8%A3%D9%86%D8%AF%D8%B1%D9%88%D9%8A%D8%AF-%D8%B9%D8%A7%D9%84%D9%8A%D8%A9-%D8%A7%D9%84%D8%AC%D9%88%D8%AF%D8%A9-%D8%A8%D8%A3%D8%AD%D8%AF%D8%AB-%D8%A7%D9%84%D8%AA%D9%82%D9%86%D9%8A%D8%A7%D8%AA
403 Forbidden,Non trouvé,Non trouvé,Non trouvé,Aucun avis,Inconnu,Inconnu,Aucun tag,https://khamsat.com/programming/web-application-development/3669037-%D8%AA%D8%B7%D9%88%D9%8A%D8%B1-%D9%85%D9%88%D8%A7%D9%82%D8%B9-%D9%88%D9%8A%D8%A8-%D8%A7%D8%AD%D8%AA%D8%B1%D8%A7%D9%81%D9%8A%D8%A9-%D8%A8%D8%A7%D8%B3%D8%AA%D8%AE%D8%AF%D8%A7%D9%85-django
403 Forbidden,Non trouvé,Non trouvé,Non trouvé,Aucun avis,Inconnu,Inconnu,Aucun tag,https://khamsat.com/programming/css-html/3114276-%D8%AA%D8%B5%D9%85%D9%8A%D9%85-%D9%85%D9%88%D9%82%D8%B9-%D9%88%D9%8A%D8%A8-%D8%B9%D8%B5%D8%B1%D9%8A-%D9%88%D8%AC%D8%B0%D8%A7%D8%A8-%D8%A8%D8%A7%D8%B3%D8%AA%D8%AE%D8%AF%D8%A7%D9%85-html-%D9%88css
403 Forbidden,Non trouvé,Non trouvé,Non trouvé,Aucun avis,Inconnu,Inconnu,Aucun tag,https://khamsat.com/programming/custom-website-development/3737326-%D8%A5%D9%86%D8%B4%D8%A7%D8%A1-%D8%A8%D9%88%D8%B1%D8%AA%D9%81%D9%88%D9%84%D9%8A%D9%88-%D8%B4%D8%AE%D8%B5%D9%8A-%D8%A7%D8%AD%D8%AA%D8%B1%D8%A7%D9%81%D9%8A-%D9%88%D9%85%D8%AA%D8%AC%D8%A7%D9%88%D8%A8-%D8%A8%D9%80-html-css-javascrip
403 Forbidden,Non trouvé,Non trouvé,Non trouvé,Aucun avis,Inconnu,Inconnu,Aucun tag,https://khamsat.com/programming/full-app-creation/3187757-%D8%AA%D8%B7%D9%88%D9%8A%D8%B1-%D8%AA%D8%B7%D8%A8%D9%8A%D9%82-flutter-%D9%85%D9%86-%D8%A7%D9%84%D8%B5%D9%81%D8%B1-%D9%84%D8%A3%D9%86%D8%B8%D9%85%D8%A9-android-%D9%88-ios
403 Forbidden,Non trouvé,Non trouvé,Non trouvé,Aucun avis,Inconnu,Inconnu,Aucun tag,https://khamsat.com/programming/web-application-development/3020856-%D8%AA%D8%AD%D9%88%D9%8A%D9%84-%D8%AC%D8%AF%D8%A7%D9%88%D9%84-excel-%D8%A5%D9%84%D9%89-%D8%AA%D8%B7%D8%A8%D9%8A%D9%82-%D8%A3%D9%86%D8%AF%D8%B1%D9%88%D9%8A%D8%AF-%D8%AA%D9%81%D8%A7%D8%B9%D9%84%D9%8A
403 Forbidden,Non trouvé,Non trouvé,Non trouvé,Aucun avis,Inconnu,Inconnu,Aucun tag,https://khamsat.com/programming/css-html/3858641-%D8%AA%D8%B5%D9%85%D9%8A%D9%85-%D9%88%D8%A5%D9%86%D8%B4%D8%A7%D8%A1-%D8%A8%D9%88%D8%B1%D8%AA%D9%81%D9%88%D9%84%D9%8A%D9%88-%D9%88%D9%8A%D8%A8-%D8%A7%D8%AD%D8%AA%D8%B1%D8%A7%D9%81%D9%8A-%D9%8A%D8%B9%D8%B1%D8%B6-%D8%A3%D8%B9%D9%85%D8%A7%D9%84%D9%83-%D9%88%D9%85%D9%87%D8%A7%D8%B1%D8%A7%D8%AA%D9%83
403 Forbidden,Non trouvé,Non trouvé,Non trouvé,Aucun avis,Inconnu,Inconnu,Aucun tag,https://khamsat.com/programming/full-app-creation/1029841-%D8%AA%D8%B5%D9%85%D9%8A%D9%85-%D8%AA%D8%B7%D8%A8%D9%8A%D9%82-%D8%A7%D9%86%D8%AF%D8%B1%D9%88%D9%8A%D8%AF
403 Forbidden,Non trouvé,Non trouvé,Non trouvé,Aucun avis,Inconnu,Inconnu,Aucun tag,https://khamsat.com/programming/custom-website-development/2646115-%D8%AA%D8%AB%D8%A8%D9%8A%D8%AA-%D8%A7%D9%84%D8%A7%D8%B3%D9%83%D8%B1%D8%A8%D8%AA-%D8%A7%D9%84%D8%AE%D8%A7%D8%B5-%D8%A8%D9%83-%D9%84%D8%A5%D9%86%D8%B4%D8%A7%D8%A1-%D8%A7%D9%84%D9%85%D9%88%D9%82%D8%B9-smm
403 Forbidden,Non trouvé,Non trouvé,Non trouvé,Aucun avis,Inconnu,Inconnu,Aucun tag,https://khamsat.com/programming/css-html/3881393-%D8%B3%D8%A3%D9%82%D9%88%D9%85-%D8%A8%D8%AA%D9%83%D9%88%D9%8A%D8%AF-%D9%82%D8%B3%D9%85-section-%D9%85%D9%86-%D8%AA%D8%B5%D9%85%D9%8A%D9%85%D9%83-%D8%A8%D9%80-html-%D9%88-css
403 Forbidden,Non trouvé,Non trouvé,Non trouvé,Aucun avis,Inconnu,Inconnu,Aucun tag,https://khamsat.com/programming/web-application-development/3841592-%D8%AA%D8%AD%D9%88%D9%8A%D9%84-%D9%81%D9%83%D8%B1%D8%AA%D9%83-%D8%A5%D9%84%D9%89-%D8%AA%D8%B7%D8%A8%D9%8A%D9%82-%D9%88%D9%8A%D8%A8-%D8%A7%D8%AD%D8%AA%D8%B1%D8%A7%D9%81%D9%8A-%D8%A8%D8%A7%D8%B3%D8%AA%D8%AE%D8%AF%D8%A7%D9%85-laravel-%D9%88-react
403 Forbidden,Non trouvé,Non trouvé,Non trouvé,Aucun avis,Inconnu,Inconnu,Aucun tag,https://khamsat.com/programming/full-app-creation/3818080-%D8%A5%D9%86%D8%B4%D8%A7%D8%A1-%D8%AA%D8%B7%D8%A8%D9%8A%D9%82-%D9%85%D9%88%D8%A8%D8%A7%D9%8A%D9%84-%D9%84%D9%84%D8%A3%D9%86%D8%AF%D8%B1%D9%88%D9%8A%D8%AF-%D9%88%D8%A7%D9%84%D8%A2%D9%8A%D9%81%D9%88%D9%86-%D8%A8%D8%A7%D8%AD%D8%AA%D8%B1%D8%A7%D9%81%D9%8A%D8%A9
403 Forbidden,Non trouvé,Non trouvé,Non trouvé,Aucun avis,Inconnu,Inconnu,Aucun tag,https://khamsat.com/programming/custom-website-development/3109577-%D8%AA%D8%B7%D9%88%D9%8A%D8%B1-%D9%85%D9%88%D8%A7%D9%82%D8%B9-%D9%88%D9%8A%D8%A8-%D8%A8%D8%A7%D8%B3%D8%AA%D8%AE%D8%AF%D8%A7%D9%85-codeigniter-3-%D8%AD%D9%84%D9%88%D9%84-%D8%A7%D8%AD%D8%AA%D8%B1%D8%A7%D9%81%D9%8A%D8%A9
403 Forbidden,Non trouvé,Non trouvé,Non trouvé,Aucun avis,Inconnu,Inconnu,Aucun tag,https://khamsat.com/programming/css-html/3703875-%D8%AA%D8%B5%D9%85%D9%8A%D9%85-%D9%88%D8%AA%D8%B7%D9%88%D9%8A%D8%B1-landing-page-%D8%A7%D8%AD%D8%AA%D8%B1%D8%A7%D9%81%D9%8A%D8%A9-%D9%85%D8%AA%D8%AC%D8%A7%D9%88%D8%A8%D8%A9-%D8%AA%D8%B9%D8%B2%D8%B2-%D8%AD%D8%B6%D9%88%D8%B1%D9%83-%D8%A7%D9%84%D8%B1%D9%82%D9%85%D9%8A
403 Forbidden,Non trouvé,Non trouvé,Non trouvé,Aucun avis,Inconnu,Inconnu,Aucun tag,https://khamsat.com/programming/web-application-development/3444067-%D8%A5%D9%86%D8%B4%D8%A7%D8%A1-%D8%B5%D9%81%D8%AD%D8%A9-%D9%87%D8%A8%D9%88%D8%B7-%D8%A8%D8%A7%D8%B3%D8%AA%D8%AE%D8%AF%D8%A7%D9%85-html-sass-javascript-jquery
403 Forbidden,Non trouvé,Non trouvé,Non trouvé,Aucun avis,Inconnu,Inconnu,Aucun tag,https://khamsat.com/programming/custom-website-development/2910954-%D8%A5%D9%86%D8%B4%D8%A7%D8%A1-%D9%88%D8%AA%D8%B5%D9%85%D9%8A%D9%85-%D9%85%D9%88%D9%82%D8%B9-%D8%B9%D9%86-%D8%B7%D8%B1%D9%8A%D9%82-%D8%AC%D9%88%D8%AF%D8%A7%D8%AF%D9%8A-godaddy-website-builder
403 Forbidden,Non trouvé,Non trouvé,Non trouvé,Aucun avis,Inconnu,Inconnu,Aucun tag,https://khamsat.com/programming/full-app-creation/1665012-%D8%A8%D8%B1%D9%85%D8%AC%D8%A9-%D8%AA%D8%B7%D8%A8%D9%8A%D9%82-%D8%A8%D9%88%D8%A7%D8%B3%D8%B7%D8%A9-flutter-%D9%84%D9%86%D8%B8%D8%A7%D9%85-android-%D9%88-ios
403 Forbidden,Non trouvé,Non trouvé,Non trouvé,Aucun avis,Inconnu,Inconnu,Aucun tag,https://khamsat.com/programming/web-application-development/3805342-%D8%A8%D8%B1%D9%85%D8%AC%D8%A9-%D8%AA%D8%B7%D8%A8%D9%8A%D9%82-%D9%88%D9%8A%D8%A8-%D9%85%D8%AA%D9%83%D8%A7%D9%85%D9%84-full-stack-%D8%A8%D8%A7%D8%B3%D8%AA%D8%AE%D8%AF%D8%A7%D9%85-reactnode.js
403 Forbidden,Non trouvé,Non trouvé,Non trouvé,Aucun avis,Inconnu,Inconnu,Aucun tag,https://khamsat.com/programming/css-html/3790899-portofolio-%D8%A7%D8%AD%D8%AA%D8%B1%D8%A7%D9%81%D9%8A-%D8%A8%D8%A7%D8%B3%D8%AA%D8%AE%D8%AF%D8%A7%D9%85-html-css-js
403 Forbidden,Non trouvé,Non trouvé,Non trouvé,Aucun avis,Inconnu,Inconnu,Aucun tag,https://khamsat.com/programming/full-app-creation/1487309-%D8%AA%D8%B5%D9%85%D9%8A%D9%85-%D9%88%D8%AA%D8%B7%D9%88%D9%8A%D8%B1-%D8%B4%D8%A7%D8%B4%D8%A9-%D8%A7%D9%84%D8%AA%D8%B3%D8%AC%D9%8A%D9%84-%D9%88-%D8%AA%D8%B3%D8%AC%D9%8A%D9%84-%D8%AF%D8%AE%D9%88%D9%84-%D9%84%D9%84%D8%AA%D8%B7%D8%A8%D9%8A%D9%82-%D8%A7%D9%84%D8%AE%D8%A7%D8%B5-%D8%A8%D9%83
403 Forbidden,Non trouvé,Non trouvé,Non trouvé,Aucun avis,Inconnu,Inconnu,Aucun tag,https://khamsat.com/programming/custom-website-development/3910223-%D8%A5%D9%86%D8%B4%D8%A7%D8%A1-%D9%85%D9%88%D9%82%D8%B9-%D8%A5%D9%84%D9%83%D8%AA%D8%B1%D9%88%D9%86%D9%8A-%D8%B9%D8%A8%D8%B1-%D9%85%D9%86%D8%B5%D8%A9-%D8%B3%D9%86%D8%AF%D9%8A%D8%A7%D9%86
403 Forbidden,Non trouvé,Non trouvé,Non trouvé,Aucun avis,Inconnu,Inconnu,Aucun tag,https://khamsat.com/programming/css-html/2960657-%D8%A8%D8%B1%D9%85%D8%AC%D8%A9-%D9%88%D8%AA%D8%B5%D9%85%D9%8A%D9%85-%D9%88%D8%AA%D8%B7%D9%88%D9%8A%D8%B1-%D9%88%D8%A7%D8%AC%D9%87%D8%A7%D8%AA-%D8%B5%D9%81%D8%AD%D8%A7%D8%AA-%D8%A5%D8%AF%D8%AE%D8%A7%D9%84-%D8%A5%D8%AD%D8%AA%D8%B1%D8%A7%D9%81%D9%8A%D8%A9
403 Forbidden,Non trouvé,Non trouvé,Non trouvé,Aucun avis,Inconnu,Inconnu,Aucun tag,https://khamsat.com/programming/web-application-development/3785592-%D8%AA%D8%B7%D9%88%D9%8A%D8%B1-%D8%AA%D8%B7%D8%A8%D9%8A%D9%82-%D9%88%D9%8A%D8%A8-%D9%83%D8%A7%D9%85%D9%84-%D8%A8%D8%A7%D8%B3%D8%AA%D8%AE%D8%AF%D8%A7%D9%85-react-%D9%88-node.js
403 Forbidden,Non trouvé,Non trouvé,Non trouvé,Aucun avis,Inconnu,Inconnu,Aucun tag,https://khamsat.com/programming/custom-website-development/2710178-%D8%AA%D8%B5%D9%85%D9%8A%D9%85-%D8%A7%D9%84%D9%85%D9%88%D9%82%D8%B9-%D8%A7%D9%84%D8%A7%D9%84%D9%83%D8%AA%D8%B1%D9%88%D9%86%D9%8A-%D9%84%D8%B9%D8%B1%D8%B6-%D8%AE%D8%AF%D9%85%D8%AA%D9%83
403 Forbidden,Non trouvé,Non trouvé,Non trouvé,Aucun avis,Inconnu,Inconnu,Aucun tag,https://khamsat.com/programming/full-app-creation/1590423-%D8%AA%D8%B5%D9%85%D9%8A%D9%85-%D8%AA%D8%B7%D8%A8%D9%8A%D9%82-%D9%85%D8%B4%D8%BA%D9%84-%D8%A7%D9%84%D9%85%D9%88%D8%B3%D9%8A%D9%82%D9%89
403 Forbidden,Non trouvé,Non trouvé,Non trouvé,Aucun avis,Inconnu,Inconnu,Aucun tag,https://khamsat.com/programming/web-application-development/3789262-%D8%AA%D8%B5%D9%85%D9%8A%D9%85-%D9%88%D8%AA%D8%B7%D9%88%D9%8A%D8%B1-%D9%88%D8%A7%D8%AC%D9%87%D8%A9-%D8%A7%D9%84%D9%88%D9%8A%D8%A8-front-end-%D8%A8%D8%A7%D8%B3%D8%AA%D8%AE%D8%AF%D8%A7%D9%85-react-%D9%88-bootst
403 Forbidden,Non trouvé,Non trouvé,Non trouvé,Aucun avis,Inconnu,Inconnu,Aucun tag,https://khamsat.com/programming/css-html/2866265-%D8%AA%D8%B5%D9%85%D9%8A%D9%85-%D8%B5%D9%81%D8%AD%D8%A7%D8%AA-%D9%88%D9%8A%D8%A8-%D8%A8%D8%A7%D8%B3%D8%AA%D8%AE%D8%AF%D8%A7%D9%85htmlcss%D9%88-%D8%B1%D9%81%D8%B9%D9%87%D9%85%D8%A7-%D8%A7%D9%88%D9%86%D9%84%D8%A7%D9%8A%D9%86
403 Forbidden,Non trouvé,Non trouvé,Non trouvé,Aucun avis,Inconnu,Inconnu,Aucun tag,https://khamsat.com/programming/custom-website-development/2419626-%D8%A8%D8%B1%D9%85%D8%AC%D8%A9-%D9%85%D9%88%D9%82%D8%B9-%D9%83%D8%A7%D9%85%D9%84-full-stack
403 Forbidden,Non trouvé,Non trouvé,Non trouvé,Aucun avis,Inconnu,Inconnu,Aucun tag,https://khamsat.com/programming/full-app-creation/3082733-%D8%A7%D9%86%D8%B4%D8%A7%D8%A1-%D8%AA%D8%B7%D8%A8%D9%8A%D9%82-%D9%84%D8%A3%D9%86%D8%AF%D8%B1%D9%88%D9%8A%D8%AF-%D9%88ios-%D8%A8%D8%A7%D8%B3%D8%AA%D8%AE%D8%AF%D8%A7%D9%85-flutter
403 Forbidden,Non trouvé,Non trouvé,Non trouvé,Aucun avis,Inconnu,Inconnu,Aucun tag,https://khamsat.com/programming/css-html/3815438-%D9%85%D8%B7%D9%88%D8%B1-%D9%85%D9%88%D8%A7%D9%82%D8%B9-%D8%AA%D8%B5%D9%85%D9%8A%D9%85-%D8%B5%D9%81%D8%AD%D8%A7%D8%AA-%D9%88%D9%8A%D8%A8-%D9%85%D8%AA%D8%AC%D8%A7%D9%88%D8%A8%D8%A9-html-%D9%88-css
403 Forbidden,Non trouvé,Non trouvé,Non trouvé,Aucun avis,Inconnu,Inconnu,Aucun tag,https://khamsat.com/programming/web-application-development/3813450-%D8%AE%D8%AF%D9%85%D8%A9-%D8%A5%D9%86%D8%B4%D8%A7%D8%A1-%D9%86%D8%B8%D8%A7%D9%85-%D9%88%D9%8A%D8%A8-%D9%85%D8%AA%D9%83%D8%A7%D9%85%D9%84-%D8%A7%D9%84%D9%88%D8%A7%D8%AC%D9%87%D8%A9-%D8%A7%D9%84%D8%A3%D9%85%D8%A7%D9%85%D9%8A%D8%A9-%D9%88%D8%A7%D9%84%D8%AE%D9%84%D9%81%D9%8A%D8%A9
403 Forbidden,Non trouvé,Non trouvé,Non trouvé,Aucun avis,Inconnu,Inconnu,Aucun tag,https://khamsat.com/programming/full-app-creation/867219-%D8%A8%D8%B1%D9%85%D8%AC%D8%A9-%D8%AA%D8%B7%D8%A8%D9%8A%D9%82%D8%A7%D8%AA-%D8%A7%D9%84%D8%A3%D9%86%D8%AF%D8%B1%D9%88%D9%8A%D8%AF-%D9%88%D8%A7%D9%84%D8%A3%D9%8A%D9%81%D9%88%D9%86-%D8%A8%D8%A5%D8%B3%D8%AA%D8%AE%D8%AF%D8%A7%D9%85-ionic-%D8%A7%D9%8A%D9%88%D9%86%D9%8A%D9%83
403 Forbidden,Non trouvé,Non trouvé,Non trouvé,Aucun avis,Inconnu,Inconnu,Aucun tag,https://khamsat.com/programming/custom-website-development/3003169-%D9%86%D8%B8%D8%A7%D9%85-%D8%A5%D8%AF%D8%A7%D8%B1%D8%A9-%D9%85%D8%B9%D9%84%D9%88%D9%85%D8%A7%D8%AA-%D8%A7%D9%84%D8%B7%D9%84%D8%A7%D8%A8
403 Forbidden,Non trouvé,Non trouvé,Non trouvé,Aucun avis,Inconnu,Inconnu,Aucun tag,https://khamsat.com/programming/web-application-development/3256456-%D8%AA%D8%B7%D9%88%D9%8A%D8%B1-%D9%85%D9%88%D9%82%D8%B9-%D8%AA%D8%B3%D9%88%D9%8A%D9%82-%D8%A7%D9%84%D9%83%D8%AA%D8%B1%D9%88%D9%86%D9%89-%D9%85%D8%AA%D9%83%D8%A7%D9%85%D9%84
403 Forbidden,Non trouvé,Non trouvé,Non trouvé,Aucun avis,Inconnu,Inconnu,Aucun tag,https://khamsat.com/programming/css-html/3641011-%D8%AA%D8%B5%D9%85%D9%8A%D9%85-%D8%B5%D9%81%D8%AD%D8%A9-%D9%88%D9%8A%D8%A8-%D8%A8%D8%B3%D9%8A%D8%B7%D8%A9-%D9%88%D9%85%D8%AA%D8%AC%D8%A7%D9%88%D8%A8%D8%A9-%D8%A8%D8%A7%D8%B3%D8%AA%D8%AE%D8%AF%D8%A7%D9%85-html-%D9%88css
403 Forbidden,Non trouvé,Non trouvé,Non trouvé,Aucun avis,Inconnu,Inconnu,Aucun tag,https://khamsat.com/programming/full-app-creation/1938561-%D8%A8%D8%B1%D9%85%D8%AC%D8%A9-%D8%AA%D8%B7%D8%A8%D9%8A%D9%82%D8%A7%D8%AA-%D9%84%D9%84%D8%AC%D9%88%D8%A7%D9%84-android-%D9%88-ios
403 Forbidden,Non trouvé,Non trouvé,Non trouvé,Aucun avis,Inconnu,Inconnu,Aucun tag,https://khamsat.com/programming/web-application-development/3762651-%D8%A8%D8%B1%D9%85%D8%AC%D8%A9-%D9%88%D8%A7%D8%AC%D9%87%D8%A7%D8%AA-%D9%88%D9%8A%D8%A8-%D8%A7%D8%AD%D8%AA%D8%B1%D8%A7%D9%81%D9%8A%D8%A9-%D8%A8%D8%A7%D8%B3%D8%AA%D8%AE%D8%AF%D8%A7%D9%85-angular-%D9%88%D8%AA%D8%B5%D9%85%D9%8A%D9%85-%D8%B9%D8%B5%D8%B1%D9%8A-%D9%85%D8%AA%D8%AC%D8%A7%D9%88
403 Forbidden,Non trouvé,Non trouvé,Non trouvé,Aucun avis,Inconnu,Inconnu,Aucun tag,https://khamsat.com/programming/custom-website-development/2454150-%D8%A8%D9%86%D8%A7%D8%A1-%D9%85%D9%88%D9%82%D8%B9-%D8%A7%D8%AD%D8%AA%D8%B1%D8%A7%D9%81%D9%8A-%D9%85%D9%86-%D8%A7%D9%84%D8%B5%D9%81%D8%B1-%D8%A8%D8%A7%D8%B3%D8%AA%D8%AE%D8%AF%D8%A7%D9%85-%D8%A8%D8%A7%D9%8A%D8%AB%D9%88%D9%86-%D8%AF%D8%AC%D8%A7%D9%86%D8%AC%D9%88-django
403 Forbidden,Non trouvé,Non trouvé,Non trouvé,Aucun avis,Inconnu,Inconnu,Aucun tag,https://khamsat.com/programming/css-html/3705296-%D8%B9%D9%85%D9%84-%D9%88%D9%8A%D8%A8%D8%B3%D8%A7%D9%8A%D8%AA-%D8%A8%D8%A7%D8%B3%D8%AA%D8%AE%D8%AF%D8%A7%D9%85-html-css
403 Forbidden,Non trouvé,Non trouvé,Non trouvé,Aucun avis,Inconnu,Inconnu,Aucun tag,https://khamsat.com/programming/web-application-development/3604983-%D8%AA%D8%B7%D8%A8%D9%8A%D9%82-to-do-list-%D9%85%D9%85%D9%8A%D8%B2-%D8%A8%D8%A7%D8%B3%D8%AA%D8%AE%D8%AF%D8%A7%D9%85-javascript
403 Forbidden,Non trouvé,Non trouvé,Non trouvé,Aucun avis,Inconnu,Inconnu,Aucun tag,https://khamsat.com/programming/full-app-creation/2540035-%D8%A7%D9%86%D8%B4%D8%A7%D8%A1-%D8%AA%D8%B7%D8%A8%D9%8A%D9%82-%D9%84%D9%84%D9%87%D8%A7%D8%AA%D9%81-%D9%8A%D8%B9%D9%85%D9%84-%D8%B9%D9%84%D9%8A-%D8%A8%D9%8A%D8%A6%D8%A9-%D8%A7%D9%84%D8%A7%D9%86%D8%AF%D8%B1%D9%88%D9%8A%D8%AF-%D9%88%D8%A7%D9%84ios
403 Forbidden,Non trouvé,Non trouvé,Non trouvé,Aucun avis,Inconnu,Inconnu,Aucun tag,https://khamsat.com/programming/custom-website-development/3093594-%D8%A5%D9%86%D8%B4%D8%A7%D8%A1-%D9%85%D9%88%D9%82%D8%B9-%D9%88%D9%8A%D8%A8-%D8%A8%D8%B3%D9%8A%D8%B7-%D9%88%D8%A7%D8%AD%D8%AA%D8%B1%D8%A7%D9%81%D9%8A-%D9%85%D8%B9-%D9%84%D9%88%D8%AD%D8%A9-%D8%A7%D9%84%D8%AA%D8%AD%D9%83%D9%85
403 Forbidden,Non trouvé,Non trouvé,Non trouvé,Aucun avis,Inconnu,Inconnu,Aucun tag,https://khamsat.com/programming/css-html/3872873-%D8%A5%D9%86%D8%B4%D8%A7%D8%A1-%D8%B5%D9%81%D8%AD%D8%A9-%D9%88%D9%8A%D8%A8-%D8%A7%D8%AD%D8%AA%D8%B1%D8%A7%D9%81%D9%8A%D8%A9-%D8%A8%D8%A7%D8%B3%D8%AA%D8%AE%D8%AF%D8%A7%D9%85-html-%D9%88-css-%D9%88-js-%D9%88-php
403 Forbidden,Non trouvé,Non trouvé,Non trouvé,Aucun avis,Inconnu,Inconnu,Aucun tag,https://khamsat.com/programming/web-application-development/3361066-%D8%AA%D8%B5%D9%85%D9%8A%D9%85-%D9%88%D8%A7%D8%AC%D9%87%D8%A9-%D9%85%D8%B3%D8%AA%D8%AE%D8%AF%D9%85-%D8%A7%D9%85%D8%A7%D9%85%D9%8A%D8%A9
403 Forbidden,Non trouvé,Non trouvé,Non trouvé,Aucun avis,Inconnu,Inconnu,Aucun tag,https://khamsat.com/programming/custom-website-development/2793481-%D8%A8%D8%B1%D9%85%D8%AC%D8%A9-%D9%88%D8%AA%D8%B5%D9%85%D9%8A%D9%85-%D9%85%D9%88%D9%82%D8%B9%D9%83-%D8%B4%D8%B1%D9%83%D8%A9-%D8%B4%D8%AE%D8%B5%D9%8A-%D9%85%D8%AA%D8%AC%D8%B1-%D8%A5%D8%B9%D9%84%D8%A7%D9%86%D8%A7%D8%AA-%D9%85%D8%A8%D9%88%D8%A8%D8%A9
403 Forbidden,Non trouvé,Non trouvé,Non trouvé,Aucun avis,Inconnu,Inconnu,Aucun tag,https://khamsat.com/programming/full-app-creation/3035127-%D8%A8%D8%B1%D9%85%D8%AC%D8%A9-%D8%AA%D8%B7%D8%A8%D9%8A%D9%82%D8%A7%D8%AA-%D8%A7%D9%86%D8%AF%D8%B1%D9%88%D9%8A%D8%AF-%D9%88%D8%A7%D9%8A%D9%81%D9%88%D9%86
403 Forbidden,Non trouvé,Non trouvé,Non trouvé,Aucun avis,Inconnu,Inconnu,Aucun tag,https://khamsat.com/programming/css-html/3597336-%D8%A7%D9%82%D9%88%D9%85-%D8%A8%D8%AA%D8%B5%D9%85%D9%8A%D9%85-%D8%B5%D9%81%D8%AD%D8%A7%D8%AA-%D8%AE%D8%A7%D8%B5%D8%A9-%D8%A8%D9%85%D9%88%D9%82%D8%B9%D9%83-%D8%A8%D9%84%D8%BA%D8%A9-html-css
403 Forbidden,Non trouvé,Non trouvé,Non trouvé,Aucun avis,Inconnu,Inconnu,Aucun tag,https://khamsat.com/programming/web-application-development/3479535-%D8%AA%D8%B5%D9%85%D9%8A%D9%85-%D9%88%D8%A8%D9%86%D8%A7%D8%A1-%D9%84%D9%88%D8%AD%D8%A9-%D8%AA%D8%AD%D9%83%D9%85-%D9%82%D9%88%D9%8A%D8%A9-%D8%A7%D8%B3%D8%AA%D8%AE%D8%AF%D8%A7%D9%85-laravel-%D8%A8%D9%88%D8%A7%D8%AC%D9%87%D8%A9-%D9%88%D9%86%D8%B8%D8%A7%D9%85-%D9%83%D8%A7%D9%85%D9%84
403 Forbidden,Non trouvé,Non trouvé,Non trouvé,Aucun avis,Inconnu,Inconnu,Aucun tag,https://khamsat.com/programming/css-html/3864455-%D8%AA%D8%B7%D9%88%D9%8A%D8%B1-%D9%88%D8%A7%D8%AC%D9%87%D8%A9-%D9%85%D9%88%D9%82%D8%B9-%D9%88%D9%8A%D8%A8-%D8%A7%D8%AD%D8%AA%D8%B1%D8%A7%D9%81%D9%8A%D8%A9-%D8%A8%D8%A7%D8%B3%D8%AA%D8%AE%D8%AF%D8%A7%D9%85-html-%D9%88css-%D9%88javascript
403 Forbidden,Non trouvé,Non trouvé,Non trouvé,Aucun avis,Inconnu,Inconnu,Aucun tag,https://khamsat.com/programming/full-app-creation/1166655-%D8%AA%D8%B7%D8%A8%D9%8A%D9%82-ios-native-%D9%85%D9%82%D8%A7%D8%A8%D9%84
403 Forbidden,Non trouvé,Non trouvé,Non trouvé,Aucun avis,Inconnu,Inconnu,Aucun tag,https://khamsat.com/programming/custom-website-development/2380603-%D8%A8%D8%B1%D9%85%D8%AC%D8%A9-%D9%85%D9%88%D8%A7%D9%82%D8%B9-%D8%A8%D8%A7%D8%B3%D8%AA%D8%AE%D8%AF%D8%A7%D9%85-django-and-rest-api-framework
403 Forbidden,Non trouvé,Non trouvé,Non trouvé,Aucun avis,Inconnu,Inconnu,Aucun tag,https://khamsat.com/programming/web-application-development/3309560-%D8%A5%D9%86%D8%B4%D8%A7%D8%A1-%D8%AA%D8%B7%D8%A8%D9%8A%D9%82-%D9%88%D9%8A%D8%A8-%D8%A8%D8%A7%D8%B3%D8%AA%D8%B9%D9%85%D8%A7%D9%84-laravel-framework
403 Forbidden,Non trouvé,Non trouvé,Non trouvé,Aucun avis,Inconnu,Inconnu,Aucun tag,https://khamsat.com/programming/css-html/3508211-%D8%AA%D8%B5%D9%85%D9%8A%D9%85-%D9%88%D8%A8%D8%B1%D9%85%D8%AC%D8%A9-%D9%88%D8%A7%D8%AC%D9%87%D8%A9-%D9%85%D9%88%D9%82%D8%B9-%D8%A7%D8%AD%D8%AA%D8%B1%D8%A7%D9%81%D9%8A%D8%A9-%D8%A8%D8%A7%D8%B3%D8%AA%D8%AE%D8%AF%D8%A7%D9%85-html-css-js
403 Forbidden,Non trouvé,Non trouvé,Non trouvé,Aucun avis,Inconnu,Inconnu,Aucun tag,https://khamsat.com/programming/full-app-creation/3145114-%D8%AA%D8%B5%D9%85%D9%8A%D9%85-%D8%B4%D8%A7%D8%B4%D8%A9-%D8%AA%D8%B3%D8%AC%D9%8A%D9%84-%D8%AF%D8%AE%D9%88%D9%84-%D9%88%D8%AA%D8%B3%D8%AC%D9%8A%D9%84-%D8%A8%D8%A7%D8%B3%D8%AA%D8%AE%D8%AF%D8%A7%D9%85-flutter-%D9%88firebase
403 Forbidden,Non trouvé,Non trouvé,Non trouvé,Aucun avis,Inconnu,Inconnu,Aucun tag,https://khamsat.com/programming/custom-website-development/2445247-%D8%AA%D8%B5%D9%85%D9%8A%D9%85-%D9%88-%D8%A8%D8%B1%D9%85%D8%AC%D8%A9-%D9%85%D9%88%D8%A7%D9%82%D8%B9-%D8%A8%D9%85%D9%88%D8%A7%D8%B5%D9%81%D8%A7%D8%AA-%D8%B9%D8%A7%D9%84%D9%85%D9%8A%D8%A9-%D9%88%D8%AD%D8%AF%D9%8A%D8%AB%D8%A9
403 Forbidden,Non trouvé,Non trouvé,Non trouvé,Aucun avis,Inconnu,Inconnu,Aucun tag,https://khamsat.com/programming/web-application-development/3529189-%D8%AA%D8%B7%D9%88%D9%8A%D8%B1-%D8%AA%D8%B7%D8%A8%D9%8A%D9%82-%D9%88%D9%8A%D8%A8-%D9%85%D8%AE%D8%B5%D8%B5-%D8%AD%D8%B3%D8%A8-%D8%A7%D9%84%D8%B7%D9%84%D8%A8-%D8%A8%D8%A7%D8%B3%D8%AA%D8%AE%D8%AF%D8%A7%D9%85-%D8%A3%D8%AD%D8%AF%D8%AB-%D8%A7%D9%84%D8%AA%D9%82%D9%86%D9%8A%D8%A7%D8%AA
403 Forbidden,Non trouvé,Non trouvé,Non trouvé,Aucun avis,Inconnu,Inconnu,Aucun tag,https://khamsat.com/programming/css-html/3701609-%D8%A7%D9%86%D8%B4%D8%A7%D8%A1-%D9%85%D9%86%D9%8A%D9%88-%D8%A7%D9%84%D9%83%D8%AA%D8%B1%D9%88%D9%86%D9%8A-%D9%84%D9%84%D9%85%D8%B7%D8%A7%D8%B9%D9%85
403 Forbidden,Non trouvé,Non trouvé,Non trouvé,Aucun avis,Inconnu,Inconnu,Aucun tag,https://khamsat.com/programming/custom-website-development/3450144-%D8%AA%D8%B5%D9%85%D9%8A%D9%85-%D9%85%D9%88%D9%82%D8%B9-%D8%A5%D9%84%D9%83%D8%AA%D8%B1%D9%88%D9%86%D9%8A-%D8%A5%D8%AD%D8%AA%D8%B1%D8%A7%D9%81%D9%8A-html-css-javascript
403 Forbidden,Non trouvé,Non trouvé,Non trouvé,Aucun avis,Inconnu,Inconnu,Aucun tag,https://khamsat.com/programming/full-app-creation/3856510-%D8%A5%D8%B6%D8%A7%D9%81%D8%A9-%D9%85%D9%8A%D8%B2%D8%A7%D8%AA-%D8%A7%D8%AD%D8%AA%D8%B1%D8%A7%D9%81%D9%8A%D8%A9-%D9%84%D8%A3%D9%8A-%D8%AA%D8%B7%D8%A8%D9%8A%D9%82-flutter
403 Forbidden,Non trouvé,Non trouvé,Non trouvé,Aucun avis,Inconnu,Inconnu,Aucun tag,https://khamsat.com/programming/css-html/1740243-%D8%AA%D8%B5%D9%85%D9%8A%D9%85-%D8%B5%D9%81%D8%AD%D8%A7%D8%AAhtml-%D9%88-css-%D8%A8%D8%B4%D9%83%D9%84-%D8%A7%D8%AD%D8%AA%D8%B1%D8%A7%D9%81%D9%8A-%D9%88-%D8%AC%D9%88%D8%AF%D8%A9-%D8%B9%D8%A7%D9%84%D9%8A%D8%A9
403 Forbidden,Non trouvé,Non trouvé,Non trouvé,Aucun avis,Inconnu,Inconnu,Aucun tag,https://khamsat.com/programming/web-application-development/3771996-%D9%84%D9%84%D8%A3%D8%B7%D8%A8%D8%A7%D8%A1-%D8%A7%D8%AD%D8%AA%D9%81%D8%B8-%D8%A8%D8%B3%D8%AC%D9%84%D8%A7%D8%AA-%D9%85%D8%B1%D8%B6%D8%A7%D9%83-%D8%B9%D9%84%D9%89-%D9%87%D8%A7%D8%AA%D9%81%D9%83-%D9%85%D8%B9-%D8%AE%D9%88%D8%A7%D8%B5-%D8%A8%D8%AD%D8%AB-%D9%88%D8%A5%D8%AD%D8%B5%D8%A7%D8%A6%D9%8A%D8%A7%D8%AA
403 Forbidden,Non trouvé,Non trouvé,Non trouvé,Aucun avis,Inconnu,Inconnu,Aucun tag,https://khamsat.com/programming/full-app-creation/1833782-%D8%B3%D8%A3%D9%82%D9%88%D9%85-%D8%A8%D8%A8%D8%B1%D9%85%D8%AC%D8%A9-%D8%AA%D8%B7%D8%A8%D9%8A%D9%82-%D8%A7%D8%AD%D8%AA%D8%B1%D8%A7%D9%81%D9%8A-%D8%AE%D8%A7%D8%B5-%D8%A8%D8%A7%D9%84%D8%AA%D8%B3%D9%88%D9%82-%D9%84%D9%84%D8%A7%D8%AF%D9%85%D9%86
403 Forbidden,Non trouvé,Non trouvé,Non trouvé,Aucun avis,Inconnu,Inconnu,Aucun tag,https://khamsat.com/programming/custom-website-development/3787012-%D9%85%D9%88%D9%82%D8%B9-%D8%AA%D8%B9%D8%B1%D9%8A%D9%81%D9%8A-%D9%8A%D8%B9%D8%B1%D9%81-%D8%B4%D8%B1%D9%83%D8%AA%D9%83-%D8%A8%D8%A3%D9%81%D8%B6%D9%84-%D8%B5%D9%88%D8%B1%D8%A9
403 Forbidden,Non trouvé,Non trouvé,Non trouvé,Aucun avis,Inconnu,Inconnu,Aucun tag,https://khamsat.com/programming/css-html/3510271-%D8%AA%D8%B5%D9%85%D9%8A%D9%85-%D9%88%D8%A7%D8%AC%D9%87%D8%A7%D8%AA-%D9%85%D9%88%D8%A7%D9%82%D8%B9-%D8%B4%D8%AE%D8%B5%D9%8A%D8%A9-%D9%88%D9%85%D8%A4%D8%B3%D8%B3%D8%A7%D8%AA-frontend-web-design
403 Forbidden,Non trouvé,Non trouvé,Non trouvé,Aucun avis,Inconnu,Inconnu,Aucun tag,https://khamsat.com/programming/web-application-development/3305932-%D9%84%D9%88%D8%AD%D8%A9-%D8%AA%D8%AD%D9%83%D9%85-%D8%B9%D8%B1%D8%A8%D9%8A-%D8%A7%D9%86%D8%AC%D9%84%D9%8A%D8%B2%D9%8A-%D8%AA%D8%B3%D8%AC%D9%8A%D9%84-%D8%AF%D8%AE%D9%88%D9%84-%D9%88%D8%A7%D8%B6%D8%A7%D9%81%D8%A9-%D9%85%D8%B3%D8%AA%D8%AE%D8%AF%D9%85%D9%8A%D9%86
403 Forbidden,Non trouvé,Non trouvé,Non trouvé,Aucun avis,Inconnu,Inconnu,Aucun tag,https://khamsat.com/programming/full-app-creation/723140-%D8%A5%D9%86%D8%B4%D8%A7%D8%A1-%D8%AA%D8%B7%D8%A8%D9%8A%D9%82-%D8%A3%D9%86%D8%AF%D8%B1%D9%88%D9%8A%D8%AF-%D8%A8%D8%B3%D9%8A%D8%B7
403 Forbidden,Non trouvé,Non trouvé,Non trouvé,Aucun avis,Inconnu,Inconnu,Aucun tag,https://khamsat.com/programming/custom-website-development/3049469-%D8%A8%D9%86%D8%A7%D8%A1-%D9%88%D8%AA%D8%B7%D9%88%D9%8A%D8%B1-%D8%A7%D9%84%D9%85%D9%88%D8%A7%D9%82%D8%B9-%D8%A7%D9%84%D8%A7%D9%84%D9%83%D8%AA%D8%B1%D9%88%D9%86%D9%8A%D8%A9-%D8%A8%D8%A7%D8%B3%D8%AA%D8%AE%D8%AF%D8%A7%D9%85-%D8%A7%D8%AD%D8%AF%D8%AB-%D8%A7%D9%84%D8%AA%D9%82%D9%86%D9%8A%D8%A7%D8%AA
403 Forbidden,Non trouvé,Non trouvé,Non trouvé,Aucun avis,Inconnu,Inconnu,Aucun tag,https://khamsat.com/programming/css-html/3775751-%D8%AA%D8%B9%D8%AF%D9%8A%D9%84-%D9%88%D8%AA%D8%AD%D8%B3%D9%8A%D9%86-%D8%B5%D9%81%D8%AD%D8%A7%D8%AA-%D8%A7%D9%84%D9%88%D9%8A%D8%A8-%D8%A8%D8%A7%D8%B3%D8%AA%D8%AE%D8%AF%D8%A7%D9%85-html-%D9%88css
403 Forbidden,Non trouvé,Non trouvé,Non trouvé,Aucun avis,Inconnu,Inconnu,Aucun tag,https://khamsat.com/programming/web-application-development/3460763-%D8%AA%D8%B5%D9%85%D9%8A%D9%85-%D9%88-%D8%A8%D8%B1%D9%85%D8%AC%D8%A9-%D8%AA%D8%B7%D8%A8%D9%8A%D9%82%D8%A7%D8%AA-%D8%A7%D9%84%D9%88%D9%8A%D8%A8-%D8%A7%D9%84%D8%A5%D8%AD%D8%AA%D8%B1%D8%A7%D9%81%D9%8A%D8%A9-%D9%88-%D8%A7%D9%84%D9%85%D8%AA%D8%AC%D8%A7%D9%88%D8%A8%D8%A9
403 Forbidden,Non trouvé,Non trouvé,Non trouvé,Aucun avis,Inconnu,Inconnu,Aucun tag,https://khamsat.com/programming/custom-website-development/3576749-%D8%B5%D9%85%D9%85-%D9%85%D9%88%D9%82%D8%B9%D9%83-%D8%A7%D9%84%D8%A7%D8%AD%D8%AA%D8%B1%D8%A7%D9%81%D9%8A-seoready-%D9%88%D8%B3%D8%B1%D9%8A%D8%B9-%D8%A7%D9%84%D8%A7%D8%B3%D8%AA%D8%AC%D8%A7%D8%A8%D8%A9-%D9%84%D9%83%D9%84-%D8%A7%D9%84%D8%A3%D8%AC%D9%87%D8%B2%D8%A9
403 Forbidden,Non trouvé,Non trouvé,Non trouvé,Aucun avis,Inconnu,Inconnu,Aucun tag,https://khamsat.com/programming/full-app-creation/3202054-%D8%A5%D9%86%D8%B4%D8%A7%D8%A1-%D8%AA%D8%B7%D8%A8%D9%8A%D9%82-ios-%D8%A8%D8%A7%D8%B3%D8%AA%D8%AE%D8%AF%D8%A7%D9%85-swift-%D8%A3%D9%88-swiftui
403 Forbidden,Non trouvé,Non trouvé,Non trouvé,Aucun avis,Inconnu,Inconnu,Aucun tag,https://khamsat.com/programming/css-html/3762662-%D8%AA%D8%B5%D9%85%D9%8A%D9%85-%D8%B5%D9%81%D8%AD%D8%A9-%D9%88%D9%8A%D8%A8-%D8%A7%D8%AD%D8%AA%D8%B1%D8%A7%D9%81%D9%8A%D8%A9-%D9%85%D8%AA%D8%AC%D8%A7%D9%88%D8%A8%D8%A9-%D8%A8%D9%80-html-%D9%88css
403 Forbidden,Non trouvé,Non trouvé,Non trouvé,Aucun avis,Inconnu,Inconnu,Aucun tag,https://khamsat.com/programming/web-application-development/3722583-%D8%AA%D8%B7%D9%88%D9%8A%D8%B1-%D9%88%D8%A7%D8%AC%D9%87%D8%A9-%D8%AE%D9%84%D9%81%D9%8A%D8%A9-%D8%A7%D8%AD%D8%AA%D8%B1%D8%A7%D9%81%D9%8A%D8%A9-%D9%84%D9%85%D9%88%D9%82%D8%B9%D9%83-%D8%A8%D8%A7%D8%B3%D8%AA%D8%AE%D8%AF%D8%A7%D9%85-asp.net-core
403 Forbidden,Non trouvé,Non trouvé,Non trouvé,Aucun avis,Inconnu,Inconnu,Aucun tag,https://khamsat.com/programming/full-app-creation/3856963-%D8%AA%D8%B7%D9%88%D9%8A%D8%B1-%D8%AA%D8%B7%D8%A8%D9%8A%D9%82-%D9%87%D8%A7%D8%AA%D9%81-%D8%A8%D8%B4%D9%83%D9%84-%D8%A7%D8%AD%D8%AA%D8%B1%D8%A7%D9%81%D9%8A
403 Forbidden,Non trouvé,Non trouvé,Non trouvé,Aucun avis,Inconnu,Inconnu,Aucun tag,https://khamsat.com/programming/custom-website-development/3274644-%D8%A5%D9%86%D8%B4%D8%A7%D8%A1-%D9%85%D9%88%D9%82%D8%B9-%D8%A7%D8%AD%D8%AA%D8%B1%D8%A7%D9%81%D9%8A-%D8%A8%D8%B3%D9%8A%D8%B7-%D8%A8%D8%A7%D8%B3%D8%AA%D8%AE%D8%AF%D8%A7%D9%85-google-sites
403 Forbidden,Non trouvé,Non trouvé,Non trouvé,Aucun avis,Inconnu,Inconnu,Aucun tag,https://khamsat.com/programming/web-application-development/3811467-%D8%A8%D8%B1%D9%85%D8%AC%D8%A9-%D9%86%D8%B8%D8%A7%D9%85-%D8%A5%D8%AF%D8%A7%D8%B1%D8%A9-%D9%85%D8%AE%D8%B2%D9%88%D9%86-%D9%88%D9%85%D8%A8%D9%8A%D8%B9%D8%A7%D8%AA-%D8%A8%D8%A7%D8%B3%D8%AA%D8%AE%D8%AF%D8%A7%D9%85-.net
403 Forbidden,Non trouvé,Non trouvé,Non trouvé,Aucun avis,Inconnu,Inconnu,Aucun tag,https://khamsat.com/programming/css-html/3103891-%D8%A8%D8%B1%D9%85%D8%AC%D8%A9-%D9%85%D9%88%D9%82%D8%B9-%D8%A8%D8%A5%D8%B3%D8%AA%D8%AE%D8%AF%D8%A7%D9%85-html-css
403 Forbidden,Non trouvé,Non trouvé,Non trouvé,Aucun avis,Inconnu,Inconnu,Aucun tag,https://khamsat.com/programming/custom-website-development/3034246-%D8%B3%D9%88%D9%81-%D8%A7%D9%82%D9%88%D9%85-%D8%A8%D8%B1%D8%A8%D8%B7-%D9%85%D9%88%D8%AF%D9%8A%D9%84-%D8%A7%D9%84%D8%B0%D9%83%D8%A7%D8%A1-%D8%A7%D9%84%D8%A7%D8%B5%D8%B7%D9%86%D8%A7%D8%B9%D9%89-%D8%A8%D9%85%D9%88%D9%82%D8%B9-%D9%88%D9%8A%D8%A8-%D9%85%D8%AE%D8%B5%D8%B5
403 Forbidden,Non trouvé,Non trouvé,Non trouvé,Aucun avis,Inconnu,Inconnu,Aucun tag,https://khamsat.com/programming/full-app-creation/3871136-%D8%AA%D8%B7%D9%88%D9%8A%D8%B1-%D8%AA%D8%B7%D8%A8%D9%8A%D9%82%D8%A7%D8%AA-%D8%A7%D8%AD%D8%AA%D8%B1%D8%A7%D9%81%D9%8A%D8%A9-%D9%85%D8%AA%D9%83%D8%A7%D9%85%D9%84%D8%A9-%D8%A8%D8%A7%D8%B3%D8%AA%D8%AE%D8%AF%D8%A7%D9%85-flutter-dart
403 Forbidden,Non trouvé,Non trouvé,Non trouvé,Aucun avis,Inconnu,Inconnu,Aucun tag,https://khamsat.com/programming/css-html/3857977-%D8%AA%D8%B5%D9%85%D9%8A%D9%85-%D8%B5%D9%81%D8%AD%D9%87-%D9%88%D9%8A%D8%A8-%D8%A7%D8%AD%D8%AA%D8%B1%D8%A7%D9%81%D9%8A%D8%A9csshtml
403 Forbidden,Non trouvé,Non trouvé,Non trouvé,Aucun avis,Inconnu,Inconnu,Aucun tag,https://khamsat.com/programming/web-application-development/3726808-%D8%A8%D8%B1%D9%85%D8%AC%D8%A9-%D8%AA%D8%B7%D8%A8%D9%8A%D9%82-%D9%88%D9%8A%D8%A8-%D8%A8%D8%B3%D9%8A%D8%B7-%D8%A8%D8%A7%D8%B3%D8%AA%D8%AE%D8%AF%D8%A7%D9%85-asp.net-%D9%88-c-%D9%85%D8%B9-%D9%82%D8%A7%D8%B9%D8%AF%D8%A9-%D8%A8%D9%8A%D8%A7%D9%86%D8%A7%D8%AA
403 Forbidden,Non trouvé,Non trouvé,Non trouvé,Aucun avis,Inconnu,Inconnu,Aucun tag,https://khamsat.com/programming/custom-website-development/2476717-%D8%A7%D9%86%D8%B4%D8%A7%D8%A1-%D9%85%D9%88%D9%82%D8%B9-%D8%A7%D9%84%D9%83%D8%AA%D8%B1%D9%88%D9%86%D9%8A-%D8%A7%D8%AD%D8%AA%D8%B1%D8%A7%D9%81%D9%8A-%D9%85%D8%AA%D8%B9%D8%AF%D8%AF-%D8%A7%D9%84%D8%B5%D9%81%D8%AD%D8%A7%D8%AA
403 Forbidden,Non trouvé,Non trouvé,Non trouvé,Aucun avis,Inconnu,Inconnu,Aucun tag,https://khamsat.com/programming/full-app-creation/3810101-%D8%A8%D8%B1%D9%85%D8%AC%D8%A9-%D8%AA%D8%B7%D8%A8%D9%8A%D9%82%D8%A7%D8%AA-%D8%A7%D9%84%D9%87%D8%A7%D8%AA%D9%81-%D8%A8%D8%A7%D8%B3%D8%AA%D8%AE%D8%AF%D8%A7%D9%85-%D9%81%D9%84%D8%A7%D8%AA%D8%B1-%D8%AA%D8%AD%D9%88%D9%8A%D9%84-%D8%A7%D9%84%D8%AA%D8%B5%D9%85%D9%8A%D9%85-%D8%A7%D9%84%D9%8A-%D9%83%D9%88%D8%AF
403 Forbidden,Non trouvé,Non trouvé,Non trouvé,Aucun avis,Inconnu,Inconnu,Aucun tag,https://khamsat.com/programming/web-application-development/3823159-%D8%AA%D8%B7%D9%88%D9%8A%D8%B1-backend-%D9%84%D9%85%D9%88%D9%82%D8%B9%D9%83-%D8%A3%D9%88-%D8%AA%D8%B7%D8%A8%D9%8A%D9%82%D9%83-go-node.js
403 Forbidden,Non trouvé,Non trouvé,Non trouvé,Aucun avis,Inconnu,Inconnu,Aucun tag,https://khamsat.com/programming/css-html/1637359-%D9%85%D9%88%D9%82%D8%B9-%D9%88%D9%8A%D8%A8-html-css-bootstrap-%D9%85%D8%AA%D9%88%D8%A7%D9%81%D9%82-%D9%85%D8%B9-%D8%A7%D9%84%D8%AC%D9%88%D8%A7%D9%84
403 Forbidden,Non trouvé,Non trouvé,Non trouvé,Aucun avis,Inconnu,Inconnu,Aucun tag,https://khamsat.com/programming/custom-website-development/1461192-%D8%A7%D9%86%D8%B4%D8%A7%D8%A1-%D9%85%D9%88%D9%82%D8%B9-%D9%85%D8%AA%D9%83%D8%A7%D9%85%D9%84-%D9%84%D8%A7%D8%AF%D8%B1%D8%A7%D8%A9-%D9%88%D8%A7%D8%B5%D8%AF%D8%A7%D8%B1-%D8%A8%D8%B7%D8%A7%D9%82%D8%A7%D8%AA-%D8%A7%D9%84%D8%AA%D9%87%D9%86%D8%A6%D8%A9
403 Forbidden,Non trouvé,Non trouvé,Non trouvé,Aucun avis,Inconnu,Inconnu,Aucun tag,https://khamsat.com/programming/full-app-creation/1526936-%D8%B3%D8%A7%D9%82%D9%88%D9%85-%D8%A8%D8%A7%D9%86%D8%B4%D8%A7%D8%A1-%D8%AA%D8%B7%D8%A8%D9%8A%D9%82-%D8%A8%D8%A7%D8%B3%D8%AA%D8%AE%D8%AF%D8%A7%D9%85-%D9%81%D9%84%D8%A7%D8%AA%D8%B1-%D9%84%D9%84%D8%A7%D9%86%D8%AF%D8%B1%D9%88%D9%8A%D8%AF-%D9%88-%D8%A7%D9%84ios
403 Forbidden,Non trouvé,Non trouvé,Non trouvé,Aucun avis,Inconnu,Inconnu,Aucun tag,https://khamsat.com/programming/web-application-development/3670678-%D8%AA%D8%AD%D9%88%D9%8A%D9%84-%D8%A3%D9%8A-%D8%AA%D8%B5%D9%85%D9%8A%D9%85-uiux-%D8%A5%D9%84%D9%89-%D8%B5%D9%81%D8%AD%D8%A9-%D9%88%D9%8A%D8%A8-%D9%83%D8%A7%D9%85%D9%84%D8%A9-html-css-react-n
403 Forbidden,Non trouvé,Non trouvé,Non trouvé,Aucun avis,Inconnu,Inconnu,Aucun tag,https://khamsat.com/programming/css-html/3711984-%D8%A7%D9%86%D8%B4%D8%A7%D8%A1-%D8%B5%D9%81%D8%AD%D8%A9-%D9%87%D8%A8%D9%88%D8%B7-%D8%A8%D8%A7%D8%B3%D8%AA%D8%AE%D8%AF%D8%A7%D9%85-html-css-javascript
403 Forbidden,Non trouvé,Non trouvé,Non trouvé,Aucun avis,Inconnu,Inconnu,Aucun tag,https://khamsat.com/programming/custom-website-development/2399205-%D8%AA%D8%B5%D9%85%D9%8A%D9%85-%D9%88%D8%A8%D8%B1%D9%85%D8%AC%D8%A9-%D9%85%D9%88%D9%82%D8%B9%D9%83-%D8%A8%D8%A7%D8%B3%D8%AA%D8%AE%D8%AF%D8%A7%D9%85-react-js
403 Forbidden,Non trouvé,Non trouvé,Non trouvé,Aucun avis,Inconnu,Inconnu,Aucun tag,https://khamsat.com/programming/full-app-creation/3865553-%D8%AA%D8%B5%D9%85%D9%8A%D9%85-%D9%88%D8%A5%D9%86%D8%B4%D8%A7%D8%A1-%D8%AA%D8%B7%D8%A8%D9%8A%D9%82-%D8%A3%D9%86%D8%AF%D8%B1%D9%88%D9%8A%D8%AF-%D9%88ios-%D8%A7%D8%AD%D8%AA%D8%B1%D8%A7%D9%81%D9%8A-%D8%A7%D8%AE%D8%AA%D8%A8%D8%A7%D8%B1-%D8%B4%D8%A7%D9%85%D9%84
403 Forbidden,Non trouvé,Non trouvé,Non trouvé,Aucun avis,Inconnu,Inconnu,Aucun tag,https://khamsat.com/programming/web-application-development/3839280-%D8%AA%D8%B5%D9%85%D9%8A%D9%85-%D9%85%D9%88%D9%82%D8%B9-%D9%88%D9%8A%D8%A8-%D8%A7%D8%AD%D8%AA%D8%B1%D8%A7%D9%81%D9%8A-%D9%88%D9%85%D8%AA%D8%AC%D8%A7%D9%88%D8%A8-%D8%A8%D8%A7%D8%B3%D8%AA%D8%AE%D8%AF%D8%A7%D9%85-html%D9%88css%D9%88javascript
403 Forbidden,Non trouvé,Non trouvé,Non trouvé,Aucun avis,Inconnu,Inconnu,Aucun tag,https://khamsat.com/programming/css-html/3825064-%D8%AA%D8%B5%D9%85%D9%8A%D9%85-%D8%B5%D9%81%D8%AD%D8%A9-%D9%88%D9%8A%D8%A8-%D8%A7%D8%AD%D8%AA%D8%B1%D8%A7%D9%81%D9%8A%D8%A9-%D8%A8%D8%A7%D8%B3%D8%AA%D8%AE%D8%AF%D8%A7%D9%85-html-%D9%88-css-%D9%88-javascript
403 Forbidden,Non trouvé,Non trouvé,Non trouvé,Aucun avis,Inconnu,Inconnu,Aucun tag,https://khamsat.com/programming/custom-website-development/2989296-%D8%AA%D8%B5%D9%85%D9%8A%D9%85-%D9%88%D8%AA%D8%B7%D9%88%D9%8A%D8%B1-%D8%A7%D9%84%D9%88%D8%A7%D8%AC%D9%87%D8%A7%D8%AA-%D8%A7%D9%84%D8%A3%D9%85%D8%A7%D9%85%D9%8A%D8%A9-%D8%A8%D8%A7%D8%B3%D8%AA%D8%AE%D8%AF%D8%A7%D9%85-html-css-js
403 Forbidden,Non trouvé,Non trouvé,Non trouvé,Aucun avis,Inconnu,Inconnu,Aucun tag,https://khamsat.com/programming/full-app-creation/3734433-%D8%A8%D8%B1%D9%85%D8%AC%D9%87-%D8%AA%D8%B7%D8%A8%D9%8A%D9%82-%D9%84%D9%84%D8%A7%D9%86%D8%AF%D8%B1%D9%88%D9%8A%D8%AF-%D9%88%D8%A7%D9%84%D8%A7%D9%8A%D9%81%D9%88%D9%86-%D8%A8%D8%A7%D8%B3%D8%AA%D8%AE%D8%AF%D8%A7%D9%85-flutter
403 Forbidden,Non trouvé,Non trouvé,Non trouvé,Aucun avis,Inconnu,Inconnu,Aucun tag,https://khamsat.com/programming/web-application-development/3630537-%D8%B3%D8%A3%D9%82%D9%88%D9%85-%D8%A8%D8%AA%D8%B7%D9%88%D9%8A%D8%B1-%D9%88%D8%A7%D8%AC%D9%87%D8%A9-%D9%85%D8%B3%D8%AA%D8%AE%D8%AF%D9%85-%D8%A7%D8%AD%D8%AA%D8%B1%D8%A7%D9%81%D9%8A%D8%A9-%D8%A8%D8%A7%D8%B3%D8%AA%D8%AE%D8%AF%D8%A7%D9%85-react-%D9%88-tailwind
403 Forbidden,Non trouvé,Non trouvé,Non trouvé,Aucun avis,Inconnu,Inconnu,Aucun tag,https://khamsat.com/programming/css-html/3867586-%D8%AA%D8%B5%D9%85%D9%8A%D9%85-%D9%88%D8%A7%D8%AC%D9%87%D8%A7%D8%AA-%D9%85%D9%88%D8%A7%D9%82%D8%B9-%D8%AD%D8%AF%D9%8A%D8%AB%D8%A9-%D9%88%D8%AC%D8%B0%D8%A7%D8%A8%D8%A9-%D8%A8%D8%A7%D8%B3%D8%AA%D8%AE%D8%AF%D8%A7%D9%85-htmlcssjs
403 Forbidden,Non trouvé,Non trouvé,Non trouvé,Aucun avis,Inconnu,Inconnu,Aucun tag,https://khamsat.com/programming/custom-website-development/3747124-%D8%AA%D8%B5%D9%85%D9%8A%D9%85-%D9%88%D8%AA%D9%87%D9%8A%D8%A6%D8%A9-%D9%85%D8%AA%D8%AC%D8%B1%D9%83-%D8%A8%D8%B4%D9%83%D9%84-%D8%A7%D8%AD%D8%AA%D8%B1%D8%A7%D9%81%D9%8A-%D8%B9%D9%84%D9%89-easy-orders
403 Forbidden,Non trouvé,Non trouvé,Non trouvé,Aucun avis,Inconnu,Inconnu,Aucun tag,https://khamsat.com/programming/full-app-creation/3735926-%D8%A8%D8%B1%D9%85%D8%AC%D8%A9-%D8%AA%D8%B7%D8%A8%D9%8A%D9%82-%D8%A3%D9%86%D8%AF%D8%B1%D9%88%D9%8A%D8%AF-%D8%A8%D8%B3%D9%8A%D8%B7-%D8%A8%D8%A7%D8%B3%D8%AA%D8%AE%D8%AF%D8%A7%D9%85-%D8%AC%D8%A7%D9%81%D8%A7-%D8%A3%D9%88-%D9%83%D9%88%D8%AA%D9%84%D9%86
403 Forbidden,Non trouvé,Non trouvé,Non trouvé,Aucun avis,Inconnu,Inconnu,Aucun tag,https://khamsat.com/programming/web-application-development/3454508-%D8%AA%D8%B5%D9%85%D9%8A%D9%85-%D9%85%D9%88%D9%82%D8%B9-fullstack-%D8%A7%D8%AD%D8%AA%D8%B1%D8%A7%D9%81%D9%8A-%D9%85%D9%88%D9%82%D8%B9-%D9%83%D8%A7%D9%85%D9%84-%D9%85%D8%AA%D8%AC%D8%A7%D9%88%D8%A8
403 Forbidden,Non trouvé,Non trouvé,Non trouvé,Aucun avis,Inconnu,Inconnu,Aucun tag,https://khamsat.com/programming/css-html/3824136-%D8%A7%D9%86%D8%B4%D8%A7%D8%A1-%D9%85%D9%88%D9%82%D8%B9-%D8%A7%D9%84%D8%A7%D9%83%D8%AA%D8%B1%D9%88%D9%86%D9%8A-%D9%88%D9%8A%D8%A8%D8%B3%D8%A7%D9%8A%D8%AA-%D9%85%D8%AA%D8%AC%D8%B1-%D8%A7%D9%84%D8%A7%D9%84%D9%83%D8%AA%D8%B1%D9%88%D9%86%D9%8A
403 Forbidden,Non trouvé,Non trouvé,Non trouvé,Aucun avis,Inconnu,Inconnu,Aucun tag,https://khamsat.com/programming/custom-website-development/3834886-%D8%A5%D9%86%D8%B4%D8%A7%D8%A1-%D9%85%D8%AA%D8%AC%D8%B1-%D8%A5%D9%84%D9%83%D8%AA%D8%B1%D9%88%D9%86%D9%8A-%D8%A7%D8%AD%D8%AA%D8%B1%D8%A7%D9%81%D9%8A-%D9%85%D8%AA%D9%83%D8%A7%D9%85%D9%84-%D8%A8%D8%A7%D8%B3%D8%AA%D8%AE%D8%AF%D8%A7%D9%85-react-%D9%88tailwind
403 Forbidden,Non trouvé,Non trouvé,Non trouvé,Aucun avis,Inconnu,Inconnu,Aucun tag,https://khamsat.com/programming/full-app-creation/3823755-%D8%AA%D8%B7%D9%88%D9%8A%D8%B1-%D8%AA%D8%B7%D8%A8%D9%8A%D9%82%D8%A7%D8%AA-%D9%85%D9%88%D8%A8%D8%A7%D9%8A%D9%84-%D8%A7%D8%AD%D8%AA%D8%B1%D8%A7%D9%81%D9%8A%D8%A9-%D8%A8%D8%A7%D8%B3%D8%AA%D8%AE%D8%AF%D8%A7%D9%85-flutter
403 Forbidden,Non trouvé,Non trouvé,Non trouvé,Aucun avis,Inconnu,Inconnu,Aucun tag,https://khamsat.com/programming/web-application-development/3826272-%D8%B3%D8%A3%D8%B5%D9%85%D9%85-%D9%84%D9%83-%D8%AA%D8%B7%D8%A8%D9%8A%D9%82-%D9%85%D9%87%D8%A7%D9%85-using-flutter
403 Forbidden,Non trouvé,Non trouvé,Non trouvé,Aucun avis,Inconnu,Inconnu,Aucun tag,https://khamsat.com/programming/css-html/3783064-%D8%B5%D9%86%D8%B9-%D8%A8%D8%B1%D9%88%D8%AA%D9%81%D9%88%D9%84%D9%8A%D9%88-%D8%A7%D8%AD%D8%AA%D8%B1%D8%A7%D9%81%D9%8A-%D8%A8html-%D9%88-css
403 Forbidden,Non trouvé,Non trouvé,Non trouvé,Aucun avis,Inconnu,Inconnu,Aucun tag,https://khamsat.com/programming/custom-website-development/3090903-%D8%AA%D8%B5%D9%85%D9%8A%D9%85-%D9%88%D8%A7%D8%AC%D9%87%D8%A7%D8%AA-%D8%A7%D9%84%D9%85%D9%88%D8%A7%D9%82%D8%B9-front-end-development
403 Forbidden,Non trouvé,Non trouvé,Non trouvé,Aucun avis,Inconnu,Inconnu,Aucun tag,https://khamsat.com/programming/full-app-creation/2266184-%D8%AA%D8%B7%D9%88%D9%8A%D8%B1-%D8%AA%D8%B7%D8%A8%D9%8A%D9%82-%D8%A7%D8%AD%D8%AA%D8%B1%D8%A7%D9%81%D9%8A-%D8%A8%D9%88%D8%A7%D8%B3%D8%B7%D8%A9-flutter
403 Forbidden,Non trouvé,Non trouvé,Non trouvé,Aucun avis,Inconnu,Inconnu,Aucun tag,https://khamsat.com/programming/web-application-development/3647534-%D8%A8%D8%B1%D9%85%D8%AC%D8%A9-%D9%85%D9%88%D9%82%D8%B9-%D8%A7%D8%AE%D8%A8%D8%A7%D8%B1-%D8%A8%D8%B3%D9%8A%D8%B7-%D8%A8%D8%A7%D8%B3%D8%AA%D8%AE%D8%AF%D8%A7%D9%85-php-mysql
403 Forbidden,Non trouvé,Non trouvé,Non trouvé,Aucun avis,Inconnu,Inconnu,Aucun tag,https://khamsat.com/programming/css-html/3199719-%D8%A8%D8%B1%D9%85%D8%AC%D8%A9-%D9%88%D8%A7%D8%AC%D9%87%D8%A9-%D8%A3%D9%85%D8%A7%D9%85%D9%8A%D8%A9-%D9%84%D9%85%D9%88%D9%82%D8%B9-%D8%A3%D8%AF%D8%A7%D8%B1%D8%A9-%D9%86%D8%A7%D8%AF%D9%8A-front-end
403 Forbidden,Non trouvé,Non trouvé,Non trouvé,Aucun avis,Inconnu,Inconnu,Aucun tag,https://khamsat.com/programming/custom-website-development/2925677-%D8%A8%D8%B1%D9%85%D8%AC%D8%A9-%D9%88%D8%AA%D8%B5%D9%85%D9%8A%D9%85-%D8%A7%D9%84%D9%85%D9%88%D8%A7%D9%82%D8%B9-%D8%A7%D9%84%D8%A5%D9%84%D9%83%D8%AA%D8%B1%D9%88%D9%86%D9%8A%D8%A9-html-css-js-c-asp.net
403 Forbidden,Non trouvé,Non trouvé,Non trouvé,Aucun avis,Inconnu,Inconnu,Aucun tag,https://khamsat.com/programming/full-app-creation/3860803-%D8%AA%D8%B5%D9%85%D9%8A%D9%85-%D9%88%D8%AA%D8%B7%D9%88%D9%8A%D8%B1-%D9%88%D8%A7%D8%AC%D9%87%D8%A7%D8%AA-flutter-%D8%A7%D8%AD%D8%AA%D8%B1%D8%A7%D9%81%D9%8A%D8%A9-%D9%88%D8%B9%D8%B5%D8%B1%D9%8A%D8%A9-%D9%84%D8%AA%D8%B7%D8%A8%D9%8A%D9%82%D9%83
403 Forbidden,Non trouvé,Non trouvé,Non trouvé,Aucun avis,Inconnu,Inconnu,Aucun tag,https://khamsat.com/programming/web-application-development/3845714-%D8%AA%D8%B7%D9%88%D9%8A%D8%B1-%D9%88%D8%A8%D8%B1%D9%85%D8%AC%D8%A9-%D9%85%D9%88%D8%A7%D9%82%D8%B9-%D9%88%D8%AA%D8%B7%D8%A8%D9%8A%D9%82%D8%A7%D8%AA-%D9%88%D9%8A%D8%A8-%D8%A7%D8%AD%D8%AA%D8%B1%D8%A7%D9%81%D9%8A%D8%A9
403 Forbidden,Non trouvé,Non trouvé,Non trouvé,Aucun avis,Inconnu,Inconnu,Aucun tag,https://khamsat.com/programming/custom-website-development/3210914-%D8%AA%D8%B5%D9%85%D9%8A%D9%85-%D9%88%D8%A8%D8%B1%D9%85%D8%AC%D8%A9-%D9%85%D9%88%D9%82%D8%B9-%D8%A8%D8%A7%D8%B3%D8%AA%D8%AE%D8%AF%D8%A7%D9%85-reactjs-tailwindcss
403 Forbidden,Non trouvé,Non trouvé,Non trouvé,Aucun avis,Inconnu,Inconnu,Aucun tag,https://khamsat.com/programming/css-html/3764274-%D8%B3%D8%A3%D9%82%D9%88%D9%85-%D8%A8%D8%A5%D9%86%D8%B4%D8%A7%D8%A1-%D9%85%D9%88%D9%82%D8%B9-%D8%A8%D9%88%D8%B1%D8%AA%D9%81%D9%88%D9%84%D9%8A%D9%88-%D8%A7%D8%AD%D8%AA%D8%B1%D8%A7%D9%81%D9%8A-%D9%84%D8%B9%D8%B1%D8%B6-%D8%A3%D8%B9%D9%85%D8%A7%D9%84%D9%83
403 Forbidden,Non trouvé,Non trouvé,Non trouvé,Aucun avis,Inconnu,Inconnu,Aucun tag,https://khamsat.com/programming/full-app-creation/3198999-%D8%AA%D8%B7%D9%88%D9%8A%D8%B1-%D8%AA%D8%B7%D8%A8%D9%8A%D9%82-%D9%87%D8%A7%D8%AA%D9%81-%D9%8A%D8%B9%D9%85%D9%84-%D8%A8%D9%86%D8%B8%D8%A7%D9%85-%D8%A7%D9%84%D8%A7%D9%86%D8%AF%D8%B1%D9%88%D9%8A%D8%AF
403 Forbidden,Non trouvé,Non trouvé,Non trouvé,Aucun avis,Inconnu,Inconnu,Aucun tag,https://khamsat.com/programming/web-application-development/3851785-%D8%AA%D8%B7%D9%88%D9%8A%D8%B1-%D9%85%D9%88%D8%A7%D9%82%D8%B9-%D8%A7%D9%84%D9%88%D9%8A%D8%A8-frontend-developer
403 Forbidden,Non trouvé,Non trouvé,Non trouvé,Aucun avis,Inconnu,Inconnu,Aucun tag,https://khamsat.com/programming/custom-website-development/2659947-%D8%AA%D8%B5%D9%85%D9%8A%D9%85-%D9%85%D9%88%D8%A7%D9%82%D8%B9-%D9%88%D9%8A%D8%A8-%D9%85%D8%AA%D9%83%D8%A7%D9%85%D9%84%D8%A9-%D9%88%D8%B9%D8%B5%D8%B1%D9%8A%D8%A9
403 Forbidden,Non trouvé,Non trouvé,Non trouvé,Aucun avis,Inconnu,Inconnu,Aucun tag,https://khamsat.com/programming/css-html/3306569-%D8%A5%D9%86%D8%B4%D8%A7%D8%A1-%D9%85%D9%84%D9%81-%D8%B4%D8%AE%D8%B5%D9%8A-%D8%AA%D8%B9%D8%B1%D9%8A%D9%81%D9%8A-portfolio-%D8%A8%D8%A7%D8%B3%D8%AA%D8%AE%D8%AF%D8%A7%D9%85-htmlcssjs
403 Forbidden,Non trouvé,Non trouvé,Non trouvé,Aucun avis,Inconnu,Inconnu,Aucun tag,https://khamsat.com/programming/full-app-creation/3729035-%D8%AA%D8%B5%D9%85%D9%8A%D9%85-%D8%B5%D9%81%D8%AD%D8%A9-%D9%88%D8%A7%D8%AC%D9%87%D8%A9-%D9%85%D8%B3%D8%AA%D8%AE%D8%AF%D9%85-%D8%A7%D8%AD%D8%AA%D8%B1%D8%A7%D9%81%D9%8A%D8%A9-%D9%84%D8%AA%D8%B7%D8%A8%D9%8A%D9%82-flutter
403 Forbidden,Non trouvé,Non trouvé,Non trouvé,Aucun avis,Inconnu,Inconnu,Aucun tag,https://khamsat.com/programming/web-application-development/3830562-%D8%B3%D8%A3%D9%86%D8%B4%D8%A6-%D9%85%D9%88%D9%82%D8%B9-%D9%85%D8%AA%D9%83%D8%A7%D9%85%D9%84-%D9%84%D8%A5%D8%AF%D8%A7%D8%B1%D8%A9-%D9%88%D8%AD%D8%AC%D8%B2-%D9%85%D9%84%D8%A7%D8%B9%D8%A8-%D8%A7%D9%84%D8%A3%D9%83%D8%A7%D8%AF%D9%8A%D9%85%D9%8A%D8%A7%D8%AA-%D8%A7%D9%84%D8%B1%D9%8A%D8%A7%D8%B6%D9%8A%D8%A9
403 Forbidden,Non trouvé,Non trouvé,Non trouvé,Aucun avis,Inconnu,Inconnu,Aucun tag,https://khamsat.com/programming/custom-website-development/2757402-%D8%AA%D8%B5%D9%85%D9%8A%D9%85-%D9%85%D9%88%D9%82%D8%B9-%D8%A7%D9%84%D9%83%D8%AA%D8%B1%D9%88%D9%86%D9%8A-%D8%A7%D8%AD%D8%AA%D8%B1%D8%A7%D9%81%D9%8A
403 Forbidden,Non trouvé,Non trouvé,Non trouvé,Aucun avis,Inconnu,Inconnu,Aucun tag,https://khamsat.com/programming/css-html/3105005-%D8%AA%D8%B5%D9%85%D9%8A%D9%85-%D8%B5%D9%81%D8%AD%D8%A9-%D9%88%D9%8A%D8%A8-%D8%A7%D8%AD%D8%AA%D8%B1%D8%A7%D9%81%D9%8A%D8%A9-%D8%A8%D8%A7%D8%B3%D8%AA%D8%AE%D8%AF%D8%A7%D9%85-html-css
403 Forbidden,Non trouvé,Non trouvé,Non trouvé,Aucun avis,Inconnu,Inconnu,Aucun tag,https://khamsat.com/programming/full-app-creation/3894852-%D8%AA%D8%AD%D9%88%D9%8A%D9%84-%D8%AA%D8%B5%D9%85%D9%8A%D9%85-figmapsd-%D9%84%D8%B4%D8%A7%D8%B4%D8%A9-flutter-%D8%AC%D8%A7%D9%87%D8%B2%D8%A9-%D9%84%D9%84%D8%AA%D8%B7%D8%A8%D9%8A%D9%82
403 Forbidden,Non trouvé,Non trouvé,Non trouvé,Aucun avis,Inconnu,Inconnu,Aucun tag,https://khamsat.com/programming/web-application-development/3652193-%D8%B3%D8%A3%D9%82%D9%88%D9%85-%D8%A8%D8%A8%D9%86%D8%A7%D8%A1-%D8%AA%D8%B7%D8%A8%D9%8A%D9%82%D8%A7%D8%AA-%D9%88%D9%8A%D8%A8-%D9%85%D8%AA%D9%83%D8%A7%D9%85%D9%84%D8%A9-%D9%88%D8%A2%D9%85%D9%86%D8%A9-%D8%A8%D8%A7%D8%B3%D8%AA%D8%AE%D8%AF%D8%A7%D9%85-asp.net-core
403 Forbidden,Non trouvé,Non trouvé,Non trouvé,Aucun avis,Inconnu,Inconnu,Aucun tag,https://khamsat.com/programming/custom-website-development/2398663-%D8%AA%D8%B5%D9%85%D9%8A%D9%85-%D9%85%D9%88%D9%82%D8%B9-%D8%A7%D9%84%D9%83%D8%AA%D8%B1%D9%88%D9%86%D9%8A-%D8%A7%D8%AD%D8%AA%D8%B1%D8%A7%D9%81%D9%8A-%D8%AC%D8%B0%D8%A7%D8%A8-%D9%88%D9%85%D8%AA%D8%AC%D8%A7%D9%88%D8%A8-%D9%85%D8%B9-%D9%83%D9%84-%D8%A7%D9%84%D8%A7%D8%AC%D9%87%D8%B2%D8%A9
403 Forbidden,Non trouvé,Non trouvé,Non trouvé,Aucun avis,Inconnu,Inconnu,Aucun tag,https://khamsat.com/programming/css-html/3705360-%D8%A8%D8%B1%D9%85%D8%AC%D8%A9-%D9%88%D8%A7%D8%AC%D9%87%D8%A7%D8%AA-%D9%85%D9%88%D8%A7%D9%82%D8%B9-%D9%85%D8%AA%D8%AC%D8%A7%D9%88%D8%A8%D8%A9-%D9%88%D8%B3%D8%B1%D9%8A%D8%B9%D8%A9
403 Forbidden,Non trouvé,Non trouvé,Non trouvé,Aucun avis,Inconnu,Inconnu,Aucun tag,https://khamsat.com/programming/full-app-creation/3785388-%D8%B3%D8%A3%D9%82%D9%88%D9%85-%D8%A8%D8%A8%D8%B1%D9%85%D8%AC%D8%A9-%D8%AA%D8%B7%D8%A8%D9%8A%D9%82-%D8%AC%D9%88%D8%A7%D9%84-%D9%83%D8%A7%D9%85%D9%84-%D8%A8%D8%A7%D8%B3%D8%AA%D8%AE%D8%AF%D8%A7%D9%85-flutter-%D9%84%D8%A3%D9%86%D8%AF%D8%B1%D9%88%D9%8A%D8%AF-%D9%88ios
403 Forbidden,Non trouvé,Non trouvé,Non trouvé,Aucun avis,Inconnu,Inconnu,Aucun tag,https://khamsat.com/programming/web-application-development/3656098-%D8%A8%D8%B1%D9%85%D8%AC%D8%A9-%D9%88%D8%A7%D8%AC%D9%87%D8%A7%D8%AA-%D8%AA%D9%81%D8%A7%D8%B9%D9%84%D9%8A%D8%A9-%D8%A8%D8%A7%D8%B3%D8%AA%D8%AE%D8%AF%D8%A7%D9%85-react
403 Forbidden,Non trouvé,Non trouvé,Non trouvé,Aucun avis,Inconnu,Inconnu,Aucun tag,https://khamsat.com/programming/custom-website-development/3087406-%D8%AA%D8%B5%D9%85%D9%8A%D9%85-%D9%85%D9%88%D9%82%D8%B9-%D8%A7%D9%84%D9%83%D8%AA%D8%B1%D9%88%D9%86%D9%8A-%D8%A7%D8%AD%D8%AA%D8%B1%D8%A7%D9%81%D9%8A-%D9%83%D8%A7%D9%85%D9%84-%D9%88%D9%85%D8%AA%D8%AC%D8%A7%D9%88%D8%A8-%D9%85%D8%B9-%D8%AC%D9%85%D9%8A%D8%B9-%D8%A7%D9%84%D8%A7%D8%AC%D9%87%D8%B2%D8%A9
403 Forbidden,Non trouvé,Non trouvé,Non trouvé,Aucun avis,Inconnu,Inconnu,Aucun tag,https://khamsat.com/programming/css-html/3807109-%D8%B3%D8%A3%D8%B5%D9%85%D9%85-%D9%84%D9%83-%D8%B5%D9%81%D8%AD%D8%A9%D9%88%D9%8A%D8%A8-%D8%A7%D8%AD%D8%AA%D8%B1%D8%A7%D9%81%D9%8A%D9%87-%D8%A8%D9%84%D8%BA%D8%A9html%D9%88css%D9%85%D8%AA%D8%AC%D8%A7%D9%88%D8%A8%D8%A9%D9%85%D8%B9-%D8%AC%D9%85%D9%8A%D8%B9-%D8%A7%D9%84%D8%A3%D8%AC%D9%87%D8%B2%D9%87
403 Forbidden,Non trouvé,Non trouvé,Non trouvé,Aucun avis,Inconnu,Inconnu,Aucun tag,https://khamsat.com/programming/full-app-creation/3162192-%D8%AA%D8%B5%D9%85%D9%8A%D9%85-%D8%AA%D8%B7%D8%A8%D9%8A%D9%82%D8%A7%D8%AA-%D9%85%D9%88%D8%A8%D8%A7%D9%8A%D9%84-%D8%A8%D8%B3%D9%8A%D8%B7%D8%A9-%D9%88-%D8%A7%D8%AD%D8%AA%D8%B1%D8%A7%D9%81%D9%8A%D8%A9-%D8%A8%D8%B3%D8%B9%D8%B1-%D8%B1%D9%85%D8%B2%D9%8A
403 Forbidden,Non trouvé,Non trouvé,Non trouvé,Aucun avis,Inconnu,Inconnu,Aucun tag,https://khamsat.com/programming/web-application-development/3156194-%D8%AA%D8%B7%D9%88%D9%8A%D8%B1-%D9%85%D9%88%D8%A7%D9%82%D8%B9-full-stack-%D8%A8%D8%A7%D8%B3%D8%AA%D8%AE%D8%AF%D9%85-%D8%A7%D9%84php-%D9%84%D8%A7%D8%B1%D9%81%D9%8A%D9%84
403 Forbidden,Non trouvé,Non trouvé,Non trouvé,Aucun avis,Inconnu,Inconnu,Aucun tag,https://khamsat.com/programming/custom-website-development/3762597-%D8%AA%D8%B5%D9%85%D9%8A%D9%85-%D9%85%D9%88%D8%A7%D9%82%D8%B9-%D8%A8%D8%A7%D8%B3%D8%AA%D8%AE%D8%AF%D8%A7%D9%85-html5-css3-javascript
403 Forbidden,Non trouvé,Non trouvé,Non trouvé,Aucun avis,Inconnu,Inconnu,Aucun tag,https://khamsat.com/programming/css-html/3787404-%D8%B3%D8%A3%D9%82%D9%88%D9%85-%D8%A8%D8%A8%D8%B1%D9%85%D8%AC%D8%A9-%D8%B5%D9%81%D8%AD%D8%A9-%D9%88%D9%8A%D8%A8-%D8%AB%D8%A7%D8%A8%D8%AA%D8%A9-%D8%A8%D8%A7%D8%B3%D8%AA%D8%AE%D8%AF%D8%A7%D9%85-html-%D9%88css-%D8%A8%D8%B4%D9%83%D9%84-%D9%85%D9%86%D8%B8%D9%85-%D9%88%D9%85%D8%AA
403 Forbidden,Non trouvé,Non trouvé,Non trouvé,Aucun avis,Inconnu,Inconnu,Aucun tag,https://khamsat.com/programming/full-app-creation/3741089-%D8%A8%D8%B1%D9%85%D8%AC%D8%A9-%D9%88%D8%AA%D8%B5%D9%85%D9%8A%D9%85-%D8%AA%D8%B7%D8%A8%D9%8A%D9%82%D8%A7%D8%AA-%D9%85%D9%88%D8%A8%D8%A7%D9%8A%D9%84-%D8%A7%D8%AD%D8%AA%D8%B1%D8%A7%D9%81%D9%8A%D8%A9-%D8%A8%D8%A7%D8%B3%D8%AA%D8%AE%D8%AF%D8%A7%D9%85-flutter
403 Forbidden,Non trouvé,Non trouvé,Non trouvé,Aucun avis,Inconnu,Inconnu,Aucun tag,https://khamsat.com/programming/web-application-development/3717485-%D8%B3%D8%A3%D9%82%D9%88%D9%85-%D8%A8%D8%A8%D9%86%D8%A7%D8%A1-%D9%88%D8%A7%D8%AC%D9%87%D8%A7%D8%AA-%D9%88%D9%8A%D8%A8-%D8%A7%D8%AD%D8%AA%D8%B1%D8%A7%D9%81%D9%8A%D8%A9-%D8%A8%D8%A7%D8%B3%D8%AA%D8%AE%D8%AF%D8%A7%D9%85-angular
403 Forbidden,Non trouvé,Non trouvé,Non trouvé,Aucun avis,Inconnu,Inconnu,Aucun tag,https://khamsat.com/programming/custom-website-development/2887177-%D8%A7%D9%86%D8%B4%D8%A7%D8%A1-%D9%85%D9%88%D9%82%D8%B9-%D8%B3%D9%88%D9%82-%D9%85%D9%81%D8%AA%D9%88%D8%AD-%D8%A3%D8%B9%D9%84%D8%A7%D9%86%D8%A7%D8%AA-%D9%85%D8%A8%D9%88%D9%85%D8%A9-%D9%85%D8%AA%D8%B9%D8%AF%D8%AF-%D8%A7%D9%84%D9%84%D8%BA%D8%A7%D8%AA-%D9%85%D8%B9-%D9%84%D9%88%D8%AD%D8%A9-%D8%AA%D8%AD%D9%83%D9%85
403 Forbidden,Non trouvé,Non trouvé,Non trouvé,Aucun avis,Inconnu,Inconnu,Aucun tag,https://khamsat.com/programming/css-html/3765354-%D8%AA%D8%B5%D9%85%D9%8A%D9%85-%D9%85%D9%88%D9%82%D8%B9-%D8%AB%D8%A7%D8%A8%D8%AA-%D8%A7%D8%AD%D8%AA%D8%B1%D8%A7%D9%81%D9%8A-%D8%A8%D9%80-html-%D9%88css-%D9%85%D8%AA%D8%AC%D8%A7%D9%88%D8%A8-%D9%84%D8%AC%D9%85%D9%8A%D8%B9-%D8%A7%D9%84%D8%A3%D8%AC%D9%87%D8%B2%D8%A9
403 Forbidden,Non trouvé,Non trouvé,Non trouvé,Aucun avis,Inconnu,Inconnu,Aucun tag,https://khamsat.com/programming/full-app-creation/3696283-%D8%A8%D8%B1%D9%85%D8%AC%D8%A9-%D8%AA%D8%B7%D8%A8%D9%8A%D9%82-%D9%84%D9%84%D8%A3%D9%8A%D9%81%D9%88%D9%86-%D9%88%D8%A7%D9%84%D8%A3%D9%86%D8%AF%D8%B1%D9%88%D9%8A%D8%AF-%D8%A8%D8%A7%D8%B3%D8%AA%D8%AE%D8%AF%D8%A7%D9%85-flutter
403 Forbidden,Non trouvé,Non trouvé,Non trouvé,Aucun avis,Inconnu,Inconnu,Aucun tag,https://khamsat.com/programming/web-application-development/3787170-%D8%A7%D9%86%D8%B4%D8%A7%D8%A1-%D8%A3%D9%88-%D8%AA%D8%B7%D9%88%D9%8A%D8%B1-%D9%85%D9%88%D8%A7%D9%82%D8%B9-%D9%88%D9%8A%D8%A8-%D8%A8%D8%A3%D8%B3%D8%B1%D8%B9-%D9%88%D9%82%D8%AA
403 Forbidden,Non trouvé,Non trouvé,Non trouvé,Aucun avis,Inconnu,Inconnu,Aucun tag,https://khamsat.com/programming/css-html/3047067-%D9%85%D8%B5%D9%85%D9%85-%D8%B5%D9%81%D8%AD%D8%A7%D8%AA-%D9%88%D9%8A%D8%A8-%D8%A8%D8%A7%D8%B3%D8%AA%D8%AE%D8%AF%D8%A7%D9%85html%D9%88css
403 Forbidden,Non trouvé,Non trouvé,Non trouvé,Aucun avis,Inconnu,Inconnu,Aucun tag,https://khamsat.com/programming/custom-website-development/3198416-%D9%85%D8%B7%D9%88%D8%B1-%D9%88%D8%A7%D8%AC%D9%87%D8%A9-%D8%A3%D9%85%D8%A7%D9%85%D9%8A%D8%A9-%D9%83%D8%A7%D9%85%D9%84%D8%A9-%D8%A8%D8%A7%D8%B3%D8%AA%D8%AE%D8%AF%D8%A7%D9%85-angular
403 Forbidden,Non trouvé,Non trouvé,Non trouvé,Aucun avis,Inconnu,Inconnu,Aucun tag,https://khamsat.com/programming/full-app-creation/3913118-%D8%A8%D9%86%D8%A7%D8%A1-%D8%AA%D8%B7%D8%A8%D9%8A%D9%82-%D9%83%D8%A7%D9%85%D9%84-%D8%A8%D8%A7%D8%B3%D8%AA%D8%AE%D8%AF%D8%A7%D9%85-flutter
403 Forbidden,Non trouvé,Non trouvé,Non trouvé,Aucun avis,Inconnu,Inconnu,Aucun tag,https://khamsat.com/programming/web-application-development/3754149-%D8%B3%D8%A3%D9%82%D9%88%D9%85-%D8%A8%D8%A8%D8%B1%D9%85%D8%AC%D8%A9-%D9%86%D8%B8%D8%A7%D9%85-%D8%A5%D8%AF%D8%A7%D8%B1%D8%A9-%D9%85%D8%B7%D8%B9%D9%85-%D8%A3%D9%88-%D9%83%D8%A7%D9%81%D9%8A%D8%AA%D8%B1%D9%8A%D8%A7-%D9%83%D8%A7%D9%85%D9%84-%D8%A8%D8%A7%D8%B3%D8%AA%D8%AE%D8%AF%D8%A7%D9%85-flask
403 Forbidden,Non trouvé,Non trouvé,Non trouvé,Aucun avis,Inconnu,Inconnu,Aucun tag,https://khamsat.com/programming/custom-website-development/3183699-%D8%A8%D9%86%D8%A7%D8%A1-%D9%85%D9%88%D9%82%D8%B9-%D9%83%D8%A7%D9%85%D9%84-%D9%85%D8%AA%D8%AC%D8%A7%D9%88%D8%A8-%D8%A8%D8%AC%D9%85%D9%8A%D8%B9-%D8%A7%D9%84%D8%A7%D8%AC%D9%87%D8%B2%D8%A9-%D8%A7%D8%B7%D8%A7%D8%B1-react-tailwind
403 Forbidden,Non trouvé,Non trouvé,Non trouvé,Aucun avis,Inconnu,Inconnu,Aucun tag,https://khamsat.com/programming/css-html/1697575-%D8%A7%D9%86%D8%B4%D8%A7%D8%A1-%D8%B5%D9%81%D8%AD%D8%A9-%D9%88%D9%8A%D8%A8-%D9%85%D8%AA%D8%AC%D8%A7%D9%88%D8%A8%D8%A9-%D9%85%D8%B9-%D8%AC%D9%85%D9%8A%D8%B9-%D8%A7%D9%84%D8%B4%D8%A7%D8%B4%D8%A7%D8%AA
403 Forbidden,Non trouvé,Non trouvé,Non trouvé,Aucun avis,Inconnu,Inconnu,Aucun tag,https://khamsat.com/programming/full-app-creation/3723290-%D8%AA%D8%AD%D9%88%D9%8A%D9%84-%D9%81%D9%83%D8%B1%D8%AA%D9%83-%D8%A3%D9%88-%D8%AA%D8%B5%D9%85%D9%8A%D9%85%D9%83-uiux-%D8%A5%D9%84%D9%89-%D8%AA%D8%B7%D8%A8%D9%8A%D9%82-%D9%85%D9%88%D8%A8%D8%A7%D9%8A%D9%84-%D9%85%D8%AA%D9%83%D8%A7%D9%85%D9%84
403 Forbidden,Non trouvé,Non trouvé,Non trouvé,Aucun avis,Inconnu,Inconnu,Aucun tag,https://khamsat.com/programming/web-application-development/3654730-%D8%AA%D8%B5%D9%85%D9%8A%D9%85-%D9%88%D8%AA%D8%B7%D9%88%D9%8A%D8%B1-%D9%86%D8%B8%D8%A7%D9%85-%D8%A5%D8%AF%D8%A7%D8%B1%D8%A9-%D9%85%D8%AA%D8%AC%D8%B1-%D8%A5%D9%84%D9%83%D8%AA%D8%B1%D9%88%D9%86%D9%8A-%D9%85%D8%AA%D9%83%D8%A7%D9%85%D9%84-%D8%A8%D8%A7%D9%84%D8%A8%D8%B1%D9%85%D8%AC%D8%A9-%D8%A7%D9%84%D8%AE%D8%A7%D8%B5%D8%A9
403 Forbidden,Non trouvé,Non trouvé,Non trouvé,Aucun avis,Inconnu,Inconnu,Aucun tag,https://khamsat.com/programming/custom-website-development/2820447-%D8%AA%D9%86%D9%81%D9%8A%D8%B0-%D8%B5%D9%81%D8%AD%D8%A7%D8%AA-%D9%88%D9%8A%D8%A8-%D8%A8%D8%A7%D8%B3%D8%AA%D8%AE%D8%AF%D8%A7%D9%85-html-and-css-and-javascript-
403 Forbidden,Non trouvé,Non trouvé,Non trouvé,Aucun avis,Inconnu,Inconnu,Aucun tag,https://khamsat.com/programming/css-html/369044-%D8%AA%D8%B5%D9%85%D9%8A%D9%85-%D9%88-%D8%AA%D8%B1%D9%83%D9%8A%D8%A8-%D8%B5%D9%81%D8%AD%D8%A7%D8%AAhtml
403 Forbidden,Non trouvé,Non trouvé,Non trouvé,Aucun avis,Inconnu,Inconnu,Aucun tag,https://khamsat.com/programming/full-app-creation/3109394-%D8%AA%D8%B5%D9%85%D9%8A%D9%85-%D9%88%D8%AA%D8%B7%D9%88%D9%8A%D8%B1-%D8%AA%D8%B7%D8%A8%D9%8A%D9%82%D8%A7%D8%AA-flutter-cross-platform-%D8%A7%D8%AD%D8%AA%D8%B1%D8%A7%D9%81%D9%8A%D8%A9
403 Forbidden,Non trouvé,Non trouvé,Non trouvé,Aucun avis,Inconnu,Inconnu,Aucun tag,https://khamsat.com/programming/web-application-development/3615741-%D8%AA%D8%B7%D9%88%D9%8A%D8%B1-%D8%AA%D8%B7%D8%A8%D9%8A%D9%82%D8%A7%D8%AA-%D9%88%D9%8A%D8%A8-%D8%A7%D8%AD%D8%AA%D8%B1%D8%A7%D9%81%D9%8A%D8%A9-%D8%A8%D8%A7%D8%B3%D8%AA%D8%AE%D8%AF%D8%A7%D9%85-%D8%AF%D9%88%D8%AA-%D9%86%D8%AA-%D9%83%D9%88%D8%B1-%D9%88sql
403 Forbidden,Non trouvé,Non trouvé,Non trouvé,Aucun avis,Inconnu,Inconnu,Aucun tag,https://khamsat.com/programming/css-html/3779928-%D8%AA%D8%B7%D9%88%D9%8A%D8%B1-%D9%88%D8%A7%D8%AC%D9%87%D8%A7%D8%AA-%D8%A7%D9%84%D9%85%D8%B3%D8%AA%D8%AE%D8%AF%D9%85-front-end
403 Forbidden,Non trouvé,Non trouvé,Non trouvé,Aucun avis,Inconnu,Inconnu,Aucun tag,https://khamsat.com/programming/custom-website-development/3096468-%D8%A8%D8%B1%D9%85%D8%AC%D8%A9-%D9%85%D9%88%D9%82%D8%B9-%D8%A5%D9%84%D9%83%D8%AA%D8%B1%D9%88%D9%86%D9%8A-%D8%A7%D8%AD%D8%AA%D8%B1%D8%A7%D9%81%D9%8A-%D9%85%D9%86-%D8%A7%D9%84%D8%B5%D9%81%D8%B1
403 Forbidden,Non trouvé,Non trouvé,Non trouvé,Aucun avis,Inconnu,Inconnu,Aucun tag,https://khamsat.com/programming/full-app-creation/3779679-%D8%A8%D8%B1%D9%85%D8%AC%D8%A9-%D9%88%D8%AA%D8%B7%D9%88%D9%8A%D8%B1-%D8%AA%D8%B7%D8%A8%D9%8A%D9%82%D8%A7%D8%AA-%D8%A7%D9%84%D8%A3%D9%86%D8%AF%D8%B1%D9%88%D9%8A%D8%AF-%D9%85%D8%B9-%D9%88%D8%A7%D8%AC%D9%87%D8%A7%D8%AA-%D8%A7%D8%AD%D8%AA%D8%B1%D8%A7%D9%81%D9%8A%D8%A9-%D9%88%D8%A7%D9%86%D9%8A%D9%82%D8%A9
403 Forbidden,Non trouvé,Non trouvé,Non trouvé,Aucun avis,Inconnu,Inconnu,Aucun tag,https://khamsat.com/programming/web-application-development/3845395-%D8%A8%D8%B1%D9%85%D8%AC%D8%A9-%D9%85%D9%88%D9%82%D8%B9-%D8%A7%D8%AD%D8%AA%D8%B1%D8%A7%D9%81%D9%8A-%D9%83%D8%A7%D9%85%D9%84-%D8%A8%D8%A7%D8%B3%D8%AA%D8%AE%D8%AF%D8%A7%D9%85-asp.net-mvc
403 Forbidden,Non trouvé,Non trouvé,Non trouvé,Aucun avis,Inconnu,Inconnu,Aucun tag,https://khamsat.com/programming/custom-website-development/2181300-%D8%A8%D9%86%D8%A7%D8%A1-%D9%85%D9%88%D9%82%D8%B9-%D8%A7%D9%88-%D9%86%D8%B8%D8%A7%D9%85-%D9%83%D8%A7%D9%85%D9%84-%D8%A8%D9%84%D8%BA%D8%A9-php-%D9%88-mysql
403 Forbidden,Non trouvé,Non trouvé,Non trouvé,Aucun avis,Inconnu,Inconnu,Aucun tag,https://khamsat.com/programming/css-html/2528935-%D8%A7%D9%86%D8%B4%D8%A7%D8%A1-%D8%B5%D9%81%D8%AD%D8%A9-%D9%85%D8%AA%D8%AC%D8%A7%D9%88%D8%A8%D8%A9-%D9%85%D8%B9-%D8%AC%D9%85%D9%8A%D8%B9-%D8%A7%D9%84%D8%B4%D8%A7%D8%B4%D8%A7%D8%AA-html-css-bootstrap5
403 Forbidden,Non trouvé,Non trouvé,Non trouvé,Aucun avis,Inconnu,Inconnu,Aucun tag,https://khamsat.com/programming/full-app-creation/3881194-%D8%AA%D8%B5%D9%85%D9%8A%D9%85-%D8%B5%D9%81%D8%AD%D8%A7%D8%AA-%D8%AA%D8%B7%D8%A8%D9%8A%D9%82%D8%A7%D8%AA-flutter-%D9%85%D8%AA%D9%88%D8%A7%D9%81%D9%82-%D9%85%D8%B9-%D9%87%D9%88%D9%8A%D8%A9-%D8%B9%D9%84%D8%A7%D9%85%D8%AA%D9%83-%D8%A7%D9%84%D8%AA%D8%AC%D8%A7%D8%B1%D9%8A%D8%A9
403 Forbidden,Non trouvé,Non trouvé,Non trouvé,Aucun avis,Inconnu,Inconnu,Aucun tag,https://khamsat.com/programming/web-application-development/3823273-%D8%A8%D8%B1%D9%85%D8%AC%D8%A9-%D9%85%D9%88%D9%82%D8%B9-%D8%B0%D9%83%D8%A7%D8%A1-%D8%A7%D8%B5%D8%B7%D9%86%D8%A7%D8%B9%D9%8A-%D9%84%D8%AA%D9%84%D8%AE%D9%8A%D8%B5-%D8%A7%D9%84%D9%86%D8%B5%D9%88%D8%B5-ai-summarizer-saas
403 Forbidden,Non trouvé,Non trouvé,Non trouvé,Aucun avis,Inconnu,Inconnu,Aucun tag,https://khamsat.com/programming/custom-website-development/3740986-%D8%A8%D8%B1%D9%85%D8%AC%D8%A9-%D9%88%D8%AA%D8%B5%D9%85%D9%8A%D9%85-%D8%A7%D9%84%D9%85%D9%88%D8%A7%D9%82%D8%B9-%D8%A7%D9%84%D8%A5%D9%84%D9%83%D8%AA%D8%B1%D9%88%D9%86%D9%8A%D8%A9
403 Forbidden,Non trouvé,Non trouvé,Non trouvé,Aucun avis,Inconnu,Inconnu,Aucun tag,https://khamsat.com/programming/css-html/3273805-%D8%A5%D9%86%D8%B4%D8%A7%D8%A1-%D8%B5%D9%81%D8%AD%D8%A9-%D9%88%D9%8A%D8%A8-%D8%A8-html5-css3-bootstrap%D9%85%D8%AA%D9%88%D8%A7%D9%81%D9%82%D8%A9-%D9%85%D8%B9-%D8%AC%D9%85%D9%8A%D8%B9-%D8%A7%D9%84%D8%A7%D8%AC%D9%87%D8%B2%D8%A9
403 Forbidden,Non trouvé,Non trouvé,Non trouvé,Aucun avis,Inconnu,Inconnu,Aucun tag,https://khamsat.com/programming/full-app-creation/3817534-%D8%AA%D8%AD%D9%88%D9%8A%D9%84-%D8%A7%D9%89-%D8%AA%D8%B5%D9%85%D9%8A%D9%85-%D9%85%D9%86-figma-%D8%A7%D9%84%D9%89-ui-%D8%A8%D8%A7%D8%B3%D8%AA%D8%AF%D8%AE%D8%A7%D9%85-%D8%A7%D9%83%D9%88%D8%A7%D8%AF-flutter
403 Forbidden,Non trouvé,Non trouvé,Non trouvé,Aucun avis,Inconnu,Inconnu,Aucun tag,https://khamsat.com/programming/web-application-development/3706037-%D8%A8%D8%B1%D9%85%D8%AC%D8%A9-%D9%88%D8%AA%D8%B5%D8%AD%D9%8A%D8%AD-%D8%A7%D8%AE%D8%B7%D8%A7%D8%A1-%D8%A8%D8%B1%D8%A7%D9%85%D8%AC-%D9%88%D9%8A%D8%A8-%D8%A8%D8%A7%D9%84%D9%84%D8%BA%D8%A9-c.net-%D8%A8%D9%82%D8%A7%D8%B9%D8%AF%D8%A9-%D8%A8%D9%8A%D8%A7%D9%86%D8%A7%D8%AA
403 Forbidden,Non trouvé,Non trouvé,Non trouvé,Aucun avis,Inconnu,Inconnu,Aucun tag,https://khamsat.com/programming/custom-website-development/3490517-%D8%A5%D9%86%D8%B4%D8%A7%D8%A1-%D9%85%D9%88%D9%82%D8%B9-%D8%A5%D9%84%D9%83%D8%AA%D8%B1%D9%88%D9%86%D9%8A-%D8%A7%D8%AD%D8%AA%D8%B1%D8%A7%D9%81%D9%8A-%D9%84%D9%85%D8%AA%D8%AC%D8%B1%D9%83-%D8%A3%D9%88-%D8%B4%D8%B1%D9%83%D8%AA%D9%83
403 Forbidden,Non trouvé,Non trouvé,Non trouvé,Aucun avis,Inconnu,Inconnu,Aucun tag,https://khamsat.com/programming/css-html/1349714-%D8%A7%D9%84%D8%AA%D8%B9%D8%AF%D9%8A%D9%84-%D8%B9%D9%84%D9%8A-%D9%85%D9%88%D9%82%D8%B9-%D9%88%D9%8A%D8%A8
403 Forbidden,Non trouvé,Non trouvé,Non trouvé,Aucun avis,Inconnu,Inconnu,Aucun tag,https://khamsat.com/programming/full-app-creation/3730709-%D8%A8%D9%86%D8%A7%D8%A1-%D9%88%D8%AD%D9%84-%D9%85%D8%B4%D8%A7%D9%83%D9%84-%D8%AA%D8%B7%D8%A8%D9%8A%D9%82%D8%A7%D8%AA-%D8%A7%D9%84%D8%A7%D9%86%D8%AF%D8%B1%D9%88%D9%8A%D8%AF
403 Forbidden,Non trouvé,Non trouvé,Non trouvé,Aucun avis,Inconnu,Inconnu,Aucun tag,https://khamsat.com/programming/web-application-development/3712585-%D8%A5%D9%86%D8%B4%D8%A7%D8%A1-%D9%85%D9%88%D9%82%D8%B9-%D9%88%D9%8A%D8%A8-%D9%83%D8%A7%D9%85%D9%84-full-stack-%D8%A7%D8%AD%D8%AA%D8%B1%D8%A7%D9%81%D9%8A
403 Forbidden,Non trouvé,Non trouvé,Non trouvé,Aucun avis,Inconnu,Inconnu,Aucun tag,https://khamsat.com/programming/css-html/2863270-%D9%82%D8%A7%D8%A6%D9%85%D8%A9-%D8%A7%D9%84%D9%85%D9%87%D8%A7%D9%85-%D8%AA%D9%86%D8%B8%D9%8A%D9%85-%D9%85%D9%87%D8%A7%D9%85%D9%83-%D8%A8%D8%B3%D9%87%D9%88%D9%84%D8%A9
403 Forbidden,Non trouvé,Non trouvé,Non trouvé,Aucun avis,Inconnu,Inconnu,Aucun tag,https://khamsat.com/programming/custom-website-development/2706673-%D8%A7%D9%86%D8%B4%D8%A7%D8%A1-%D9%85%D9%88%D9%82%D8%B9-%D8%B1%D9%8A%D8%A7%D8%B6%D9%8A-%D8%A8%D9%87-%D9%85%D8%A8%D8%A7%D8%B1%D9%8A%D8%A7%D8%AA-%D8%A7%D9%84%D9%8A%D9%88%D9%85-%D9%88%D8%A7%D9%84%D8%A3%D9%85%D8%B3-%D9%88%D8%A7%D9%84%D8%BA%D8%AF
403 Forbidden,Non trouvé,Non trouvé,Non trouvé,Aucun avis,Inconnu,Inconnu,Aucun tag,https://khamsat.com/programming/full-app-creation/3651912-%D8%B3%D8%A3%D8%B7%D9%88%D8%B1-%D9%88%D8%A3%D8%B5%D9%84%D8%AD-%D8%AA%D8%B7%D8%A8%D9%8A%D9%82%D8%A7%D8%AA%D9%83-%D8%B9%D9%84%D9%89-%D8%A3%D9%86%D8%AF%D8%B1%D9%88%D9%8A%D8%AF-%D9%88-ios-%D9%88%D8%A3%D8%B1%D9%81%D8%B9%D9%87%D8%A7-%D8%B9%D9%84%D9%89-%D8%A7%D9%84%D9%85%D8%AA%D8%A7%D8%AC%D8%B1
403 Forbidden,Non trouvé,Non trouvé,Non trouvé,Aucun avis,Inconnu,Inconnu,Aucun tag,https://khamsat.com/programming/web-application-development/3607974-%D8%B3%D8%A3%D8%B5%D9%85%D9%85-%D9%84%D9%83-%D8%A3%D8%AF%D8%A7%D8%A9-%D8%AA%D9%88%D9%84%D9%8A%D8%AF-%D9%83%D9%84%D9%85%D8%A7%D8%AA-%D8%B3%D8%B1-%D8%B9%D8%B4%D9%88%D8%A7%D8%A6%D9%8A%D8%A9-%D8%A7%D8%AD%D8%AA%D8%B1%D8%A7%D9%81%D9%8A%D8%A9-%D8%A8%D8%A7%D8%B3%D8%AA%D8%AE%D8%AF%D8%A7%D9%85-js
403 Forbidden,Non trouvé,Non trouvé,Non trouvé,Aucun avis,Inconnu,Inconnu,Aucun tag,https://khamsat.com/programming/custom-website-development/3183777-%D8%A8%D8%B1%D9%85%D8%AC%D8%A9-%D8%A7%D9%8A-%D9%85%D9%88%D9%82%D8%B9-%D8%A7%D9%84%D9%83%D8%AA%D8%B1%D9%88%D9%86%D9%89-%D8%A8%D8%A7%D8%B3%D8%AA%D8%B9%D9%85%D8%A7%D9%84-html-css-javascript-react
403 Forbidden,Non trouvé,Non trouvé,Non trouvé,Aucun avis,Inconnu,Inconnu,Aucun tag,https://khamsat.com/programming/full-app-creation/3903294-%D8%AA%D8%B5%D9%85%D9%8A%D9%85-%D9%88%D8%A7%D8%AC%D9%87%D8%A7%D8%AA-%D8%AA%D8%B7%D8%A8%D9%8A%D9%82%D8%A7%D8%AA-%D9%85%D9%88%D8%A8%D8%A7%D9%8A%D9%84-ui-ux-%D8%A7%D8%AD%D8%AA%D8%B1%D8%A7%D9%81%D9%8A%D8%A9
403 Forbidden,Non trouvé,Non trouvé,Non trouvé,Aucun avis,Inconnu,Inconnu,Aucun tag,https://khamsat.com/programming/css-html/1820841-%D8%AA%D8%B9%D8%AF%D9%8A%D9%84-%D8%A7%D9%88-%D8%A7%D8%B6%D8%A7%D9%81%D8%A9-%D8%B9%D9%86%D8%A7%D8%B5%D8%B1-%D9%88%D8%AA%D8%B5%D8%A7%D9%85%D9%8A%D9%85-%D8%AC%D8%B0%D8%A7%D8%A8%D8%A9-%D9%84%D9%85%D9%88%D9%82%D8%B9%D9%83-%D8%A7%D9%84%D8%A7%D9%84%D9%83%D8%AA%D8%B1%D9%88%D9%86%D9%8A
403 Forbidden,Non trouvé,Non trouvé,Non trouvé,Aucun avis,Inconnu,Inconnu,Aucun tag,https://khamsat.com/programming/web-application-development/3327704-%D9%88%D8%A7%D8%AC%D9%87%D8%A9-%D9%85%D9%88%D9%82%D8%B9%D9%83-%D8%A7%D9%84%D8%AC%D8%B0%D8%A7%D8%A8%D8%A9-%D8%AA%D8%A8%D8%AF%D8%A3-%D9%85%D9%86-%D9%87%D9%86%D8%A7-%D8%AA%D8%B7%D9%88%D9%8A%D8%B1-%D8%A8%D9%80-react-%D9%88next.js
403 Forbidden,Non trouvé,Non trouvé,Non trouvé,Aucun avis,Inconnu,Inconnu,Aucun tag,https://khamsat.com/programming/custom-website-development/3326362-%D9%88%D8%A7%D8%AC%D9%87%D8%A9-%D9%85%D9%88%D9%82%D8%B9-%D8%AC%D8%B0%D8%A7%D8%A8%D8%A9-%D9%88%D8%B3%D8%B1%D9%8A%D8%B9%D8%A9-%D8%A8%D9%80-htmlcssjs-%D9%81%D9%8A-%D9%88%D9%82%D8%AA-%D9%82%D9%8A%D8%A7%D8%B3%D9%8A
403 Forbidden,Non trouvé,Non trouvé,Non trouvé,Aucun avis,Inconnu,Inconnu,Aucun tag,https://khamsat.com/programming/css-html/3826736-%D8%AA%D8%B5%D9%85%D9%8A%D9%85-%D8%A8%D9%88%D8%B1%D8%AA%D9%81%D9%88%D9%84%D9%8A%D9%88-%D8%A7%D8%AD%D8%AA%D8%B1%D8%A7%D9%81%D9%8A-%D9%84%D8%B9%D8%B1%D8%B6-%D8%A3%D8%B9%D9%85%D8%A7%D9%84%D9%83-%D9%88%D8%B3%D9%8A%D8%B1%D8%AA%D9%83-%D8%A8%D8%B7%D8%B1%D9%8A%D9%82%D8%A9-%D8%AC%D8%B0%D8%A7%D8%A8%D8%A9
403 Forbidden,Non trouvé,Non trouvé,Non trouvé,Aucun avis,Inconnu,Inconnu,Aucun tag,https://khamsat.com/programming/full-app-creation/3878058-%D8%AA%D8%B7%D9%88%D9%8A%D8%B1-%D8%AA%D8%B7%D8%A8%D9%8A%D9%82%D8%A7%D8%AA-%D8%A3%D9%86%D8%AF%D8%B1%D9%88%D9%8A%D8%AF-%D8%A7%D8%AD%D8%AA%D8%B1%D8%A7%D9%81%D9%8A%D8%A9-%D8%A8%D8%A7%D8%B3%D8%AA%D8%AE%D8%AF%D8%A7%D9%85-kotlin-%D9%88-firebase-%D9%88-jetpack-compose
403 Forbidden,Non trouvé,Non trouvé,Non trouvé,Aucun avis,Inconnu,Inconnu,Aucun tag,https://khamsat.com/programming/web-application-development/3675452-%D8%A5%D9%86%D8%B4%D8%A7%D8%A1-%D9%85%D9%88%D8%A7%D9%82%D8%B9-%D9%88%D8%AA%D8%B7%D8%A8%D9%8A%D9%82%D8%A7%D8%AA-%D8%B3%D8%B1%D9%8A%D8%B9%D8%A9-%D9%88%D8%A2%D9%85%D9%86%D8%A9
403 Forbidden,Non trouvé,Non trouvé,Non trouvé,Aucun avis,Inconnu,Inconnu,Aucun tag,https://khamsat.com/programming/full-app-creation/3195094-%D8%A8%D8%B1%D9%85%D8%AC%D9%87-%D8%AA%D8%B7%D8%A8%D9%8A%D9%82-%D8%A8%D8%A7%D8%B3%D8%AA%D8%B9%D9%85%D8%A7%D9%84-%D9%81%D9%84%D8%A7%D8%AA%D8%B1-%D9%84%D9%85%D8%B4%D8%A7%D9%87%D8%AF%D9%87-%D9%85%D8%B3%D9%84%D8%B3%D9%84%D8%A7%D8%AA%D9%83-%D8%A7%D9%84%D9%85%D9%81%D8%B6%D9%84%D9%87
403 Forbidden,Non trouvé,Non trouvé,Non trouvé,Aucun avis,Inconnu,Inconnu,Aucun tag,https://khamsat.com/programming/custom-website-development/3333065-%D8%AA%D8%B5%D9%85%D9%8A%D9%85-%D9%85%D9%88%D9%82%D8%B9-%D9%85%D9%85%D9%8A%D8%B2-%D8%A8%D8%A7%D8%B3%D8%AA%D8%AE%D8%AF%D8%A7%D9%85-%D8%B3%D9%86%D8%AF%D9%8A%D8%A7%D9%86-%D9%85%D8%AB%D8%A7%D9%84%D9%8A-%D9%84%D9%84%D8%A3%D8%B9%D9%85%D8%A7%D9%84-%D9%88%D8%A7%D9%84%D9%85%D8%AA%D8%A7%D8%AC%D8%B1
403 Forbidden,Non trouvé,Non trouvé,Non trouvé,Aucun avis,Inconnu,Inconnu,Aucun tag,https://khamsat.com/programming/css-html/3693457-%D8%A5%D9%86%D8%B4%D8%A7%D8%A1-%D9%85%D9%88%D9%82%D8%B9
403 Forbidden,Non trouvé,Non trouvé,Non trouvé,Aucun avis,Inconnu,Inconnu,Aucun tag,https://khamsat.com/programming/web-application-development/3655059-%D8%B3%D8%A3%D9%82%D9%88%D9%85-%D8%A8%D8%AA%D8%B7%D9%88%D9%8A%D8%B1-%D8%AA%D8%B7%D8%A8%D9%8A%D9%82-%D9%88%D9%8A%D8%A8-%D8%A7%D8%AD%D8%AA%D8%B1%D8%A7%D9%81%D9%8A-%D8%A8%D8%A7%D8%B3%D8%AA%D8%AE%D8%AF%D8%A7%D9%85-mern-stack
403 Forbidden,Non trouvé,Non trouvé,Non trouvé,Aucun avis,Inconnu,Inconnu,Aucun tag,https://khamsat.com/programming/full-app-creation/3824727-%D8%AA%D8%AD%D9%88%D9%8A%D9%84-design-uiux-%D8%A5%D9%84%D9%89-%D9%83%D9%88%D8%AF-%D9%81%D9%8A-flutter
403 Forbidden,Non trouvé,Non trouvé,Non trouvé,Aucun avis,Inconnu,Inconnu,Aucun tag,https://khamsat.com/programming/custom-website-development/3163301-%D8%A3%D9%86%D8%B4%D8%A6-%D9%85%D9%88%D9%82%D8%B9%D8%A7-%D8%B3%D8%B1%D9%8A%D8%B9%D8%A7-%D9%88%D8%A7%D8%AD%D8%AA%D8%B1%D8%A7%D9%81%D9%8A%D8%A7-%D9%8A%D9%85%D9%86%D8%AD%D9%83-%D8%A7%D9%84%D8%AB%D9%82%D8%A9-%D9%88%D9%8A%D8%AC%D8%B0%D8%A8-%D8%A7%D9%84%D8%B9%D9%85%D9%84%D8%A7%D8%A1
403 Forbidden,Non trouvé,Non trouvé,Non trouvé,Aucun avis,Inconnu,Inconnu,Aucun tag,https://khamsat.com/programming/css-html/3238160-%D8%A8%D8%B1%D9%85%D8%AC%D8%A9-%D9%88%D8%AA%D8%B5%D9%85%D9%8A%D9%85-%D8%B5%D9%81%D8%AD%D8%A9-%D9%88%D9%8A%D8%A8-%D8%A7%D8%AD%D8%AA%D8%B1%D8%A7%D9%81%D9%8A%D8%A9-%D8%A8%D8%A7%D8%B3%D8%AA%D8%AE%D8%AF%D8%A7%D9%85-html-%D9%88css-%D9%88javascrip
403 Forbidden,Non trouvé,Non trouvé,Non trouvé,Aucun avis,Inconnu,Inconnu,Aucun tag,https://khamsat.com/programming/web-application-development/3760930-%D8%AA%D8%B7%D8%A8%D9%8A%D9%82-%D9%88%D9%8A%D8%A8-%D8%AA%D9%81%D8%A7%D8%B9%D9%84%D9%8A-%D9%8A%D9%85%D9%83%D9%86-%D8%A7%D9%84%D9%85%D8%B3%D8%AA%D8%AE%D8%AF%D9%85%D9%8A%D9%86-%D9%85%D9%86-%D8%A5%D8%AC%D8%B1%D8%A7%D8%A1-%D8%A7%D9%84%D8%B9%D9%85%D9%84%D9%8A%D8%A7%D8%AA-%D8%A7%D9%84%D8%AD%D8%B3%D8%A7%D8%A8%D9%8A%D8%A9-%D8%A7%D9%84%D8%A3%D8%B3%D8%A7%D8%B3%D9%8A%D8%A9
403 Forbidden,Non trouvé,Non trouvé,Non trouvé,Aucun avis,Inconnu,Inconnu,Aucun tag,https://khamsat.com/programming/custom-website-development/3429226-%D8%AA%D8%B7%D9%88%D9%8A%D8%B1-%D9%85%D9%88%D9%82%D8%B9-mern-%D9%84%D9%85%D8%AE%D8%AA%D9%84%D9%81-%D8%A7%D9%84%D8%A7%D8%AD%D8%AA%D9%8A%D8%A7%D8%AC%D8%A7%D8%AA
403 Forbidden,Non trouvé,Non trouvé,Non trouvé,Aucun avis,Inconnu,Inconnu,Aucun tag,https://khamsat.com/programming/full-app-creation/3139802-%D8%A8%D8%B1%D9%85%D8%AC%D8%A9-%D9%88%D8%AA%D8%B5%D9%85%D9%8A%D9%85-%D9%88%D8%A7%D8%AC%D9%87%D8%A9-%D8%AA%D8%B7%D8%A8%D9%8A%D9%82-%D9%85%D9%88%D8%A8%D8%A7%D9%8A%D9%84
403 Forbidden,Non trouvé,Non trouvé,Non trouvé,Aucun avis,Inconnu,Inconnu,Aucun tag,https://khamsat.com/programming/css-html/3210409-%D8%A8%D8%B1%D9%85%D8%AC%D8%A9-front_end-%D9%84%D9%85%D9%88%D9%82%D8%B9-%D8%A3%D8%AF%D8%A7%D8%B1%D8%A9-%D8%A7%D9%84%D9%85%D9%86%D8%AA%D8%AC%D8%A7%D8%AA
403 Forbidden,Non trouvé,Non trouvé,Non trouvé,Aucun avis,Inconnu,Inconnu,Aucun tag,https://khamsat.com/programming/web-application-development/3574502-%D8%A5%D9%86%D8%B4%D8%A7%D8%A1-%D9%85%D9%88%D9%82%D8%B9-%D8%AF%D9%8A%D9%86%D8%A7%D9%85%D9%8A%D9%83%D9%8A-%D9%88%D8%A7%D8%AD%D8%AA%D8%B1%D8%A7%D9%81%D9%8A-%D8%A8%D8%A7%D8%B3%D8%AA%D8%AE%D8%AF%D8%A7%D9%85-angular-%D9%88express
403 Forbidden,Non trouvé,Non trouvé,Non trouvé,Aucun avis,Inconnu,Inconnu,Aucun tag,https://khamsat.com/programming/custom-website-development/3060667-%D8%A5%D9%86%D8%B4%D8%A7%D8%A1-%D9%85%D9%88%D9%82%D8%B9-%D8%A5%D9%84%D9%83%D8%AA%D8%B1%D9%88%D9%86%D9%8A-%D8%A3%D9%88-%D9%85%D8%AA%D8%AC%D8%B1-%D8%A8%D8%B4%D9%83%D9%84-%D8%A7%D8%AD%D8%AA%D8%B1%D8%A7%D9%81%D9%8A
403 Forbidden,Non trouvé,Non trouvé,Non trouvé,Aucun avis,Inconnu,Inconnu,Aucun tag,https://khamsat.com/programming/full-app-creation/3768586-%D8%AA%D8%B7%D9%88%D9%8A%D8%B1-%D8%AA%D8%B7%D8%A8%D9%8A%D9%82%D8%A7%D8%AA-%D8%A7%D9%84%D9%85%D9%88%D8%A8%D8%A7%D9%8A%D9%84-%D8%A8%D8%A7%D8%B3%D8%AA%D8%AE%D8%AF%D8%A7%D9%85-flutter
403 Forbidden,Non trouvé,Non trouvé,Non trouvé,Aucun avis,Inconnu,Inconnu,Aucun tag,https://khamsat.com/programming/css-html/2908280-%D8%AA%D8%B5%D9%85%D9%8A%D9%85-%D8%B5%D9%81%D8%AD%D8%A7%D8%AA-%D8%A7%D9%84%D9%88%D9%8A%D8%A8-%D9%88%D8%B5%D9%81%D8%AD%D8%A7%D8%AA-%D8%A7%D9%84%D9%87%D8%A8%D9%88%D8%B7
403 Forbidden,Non trouvé,Non trouvé,Non trouvé,Aucun avis,Inconnu,Inconnu,Aucun tag,https://khamsat.com/programming/web-application-development/3308802-%D8%A8%D8%B1%D9%85%D8%AC%D8%A9-%D9%88%D8%AA%D8%B5%D9%85%D9%8A%D9%85-%D8%B5%D9%81%D8%AD%D8%A9-%D9%88%D9%8A%D8%A8-%D9%85%D8%AA%D8%AC%D8%A7%D9%88%D8%A8%D8%A9-%D8%A8%D8%A7%D8%B3%D8%AA%D8%AE%D8%AF%D8%A7%D9%85-html-%D9%88-css-%D9%88-react-js
403 Forbidden,Non trouvé,Non trouvé,Non trouvé,Aucun avis,Inconnu,Inconnu,Aucun tag,https://khamsat.com/programming/full-app-creation/2591315-%D8%AA%D8%AD%D9%88%D9%8A%D9%84-%D8%A7%D9%84%D8%AA%D8%B5%D9%85%D9%8A%D9%85-%D9%84%D9%85%D8%B4%D8%B1%D9%88%D8%B9-flutter
403 Forbidden,Non trouvé,Non trouvé,Non trouvé,Aucun avis,Inconnu,Inconnu,Aucun tag,https://khamsat.com/programming/custom-website-development/3175360-%D9%85%D9%88%D9%82%D8%B9-%D9%88%D9%8A%D8%A8-%D9%84%D8%B3%D9%8A%D8%B1%D9%87-%D8%B0%D8%A7%D8%AA%D9%8A%D9%87-%D8%B4%D8%AE%D8%B5%D9%8A%D9%87
403 Forbidden,Non trouvé,Non trouvé,Non trouvé,Aucun avis,Inconnu,Inconnu,Aucun tag,https://khamsat.com/programming/css-html/3505555-%D8%AA%D8%B5%D9%85%D9%8A%D9%85-%D9%88%D8%AA%D8%B7%D9%88%D9%8A%D8%B1-%D9%85%D9%88%D9%82%D8%B9-%D9%85%D8%B9%D8%B1%D8%B6-%D8%A7%D8%B9%D9%85%D8%A7%D9%84-portfolio
403 Forbidden,Non trouvé,Non trouvé,Non trouvé,Aucun avis,Inconnu,Inconnu,Aucun tag,https://khamsat.com/programming/web-application-development/3083302-%D8%AA%D8%B7%D9%88%D9%8A%D8%B1-%D9%85%D9%88%D8%A7%D9%82%D8%B9-%D9%88%D9%8A%D8%A8-asp.net-core-mvc
403 Forbidden,Non trouvé,Non trouvé,Non trouvé,Aucun avis,Inconnu,Inconnu,Aucun tag,https://khamsat.com/programming/custom-website-development/3863095-%D9%85%D9%88%D9%82%D8%B9-%D9%85%D8%AA%D8%AC%D8%B1-%D8%A5%D9%84%D9%83%D8%AA%D8%B1%D9%88%D9%86%D9%8A-%D9%83%D8%A7%D9%85%D9%84-%D8%A8%D8%A5%D8%AD%D8%AA%D8%B1%D8%A7%D9%81%D9%8A%D8%A9
403 Forbidden,Non trouvé,Non trouvé,Non trouvé,Aucun avis,Inconnu,Inconnu,Aucun tag,https://khamsat.com/programming/full-app-creation/3790835-%D8%AA%D8%B7%D9%88%D9%8A%D8%B1-%D8%AA%D8%B7%D8%A8%D9%8A%D9%82-%D9%85%D9%88%D8%A8%D8%A7%D9%8A%D9%84-%D8%A7%D8%AD%D8%AA%D8%B1%D8%A7%D9%81%D9%8A-%D8%A8%D8%A7%D8%B3%D8%AA%D8%AE%D8%AF%D8%A7%D9%85-flutter
403 Forbidden,Non trouvé,Non trouvé,Non trouvé,Aucun avis,Inconnu,Inconnu,Aucun tag,https://khamsat.com/programming/css-html/1958114-%D8%A7%D8%B6%D8%A7%D9%81%D8%A9-bootstrap-%D8%A7%D9%84%D9%89-%D9%82%D8%A7%D9%84%D8%A8%D9%83-%D9%84%D9%8A%D8%AA%D8%AC%D8%A7%D9%88%D8%A8-%D9%85%D8%B9-%D8%AC%D9%85%D9%8A%D8%B9-%D8%A7%D8%AD%D8%AC%D8%A7%D9%85-%D8%A7%D9%84%D8%A7%D8%AC%D9%87%D8%B2%D8%A9
403 Forbidden,Non trouvé,Non trouvé,Non trouvé,Aucun avis,Inconnu,Inconnu,Aucun tag,https://khamsat.com/programming/web-application-development/3076201-%D8%AA%D8%B5%D9%85%D9%8A%D9%85-%D8%AA%D8%B7%D8%A8%D9%8A%D9%82%D8%A7%D8%AA-%D9%88%D9%8A%D8%A8-%D9%83%D8%A7%D9%85%D9%84%D9%87-%D9%88%D9%85%D8%AA%D8%AC%D8%A7%D9%88%D8%A8%D8%A9-%D9%85%D8%B9-%D8%AC%D9%85%D9%8A%D8%B9-%D8%A7%D9%84%D8%B4%D8%A7%D8%B4%D8%A7%D8%AA
403 Forbidden,Non trouvé,Non trouvé,Non trouvé,Aucun avis,Inconnu,Inconnu,Aucun tag,https://khamsat.com/programming/custom-website-development/2365563-%D8%A8%D9%86%D8%A7%D8%A1-%D9%85%D9%88%D9%82%D8%B9-%D9%83%D8%A7%D9%85%D9%84-%D8%A8%D8%A7%D8%B3%D8%AA%D8%AE%D8%AF%D8%A7%D9%85-react-js-node-js-mongo-db-express
403 Forbidden,Non trouvé,Non trouvé,Non trouvé,Aucun avis,Inconnu,Inconnu,Aucun tag,https://khamsat.com/programming/full-app-creation/3541218-%D8%A8%D8%B1%D9%85%D8%AC%D8%A9-%D8%AA%D8%B7%D8%A8%D9%8A%D9%82-flutter-%D8%A7%D8%AD%D8%AA%D8%B1%D8%A7%D9%81%D9%8A-%D9%8A%D8%B9%D9%85%D9%84-%D8%B9%D9%84%D9%89-android-%D9%88ios
403 Forbidden,Non trouvé,Non trouvé,Non trouvé,Aucun avis,Inconnu,Inconnu,Aucun tag,https://khamsat.com/programming/css-html/1881033-%D8%AA%D8%B5%D9%85%D9%8A%D9%85-%D9%85%D9%88%D9%82%D8%B9-%D9%85%D8%AA%D8%AD%D8%B1%D9%83-%D8%A7%D9%88-%D8%AB%D8%A7%D8%A8%D8%AA
403 Forbidden,Non trouvé,Non trouvé,Non trouvé,Aucun avis,Inconnu,Inconnu,Aucun tag,https://khamsat.com/programming/web-application-development/3191599-%D9%85%D8%AA%D8%B7%D9%88%D8%B1-%D8%A7%D9%84%D9%88%D8%AC%D9%87%D8%A7%D8%AA-%D8%A7%D9%84%D8%AE%D9%84%D9%81%D9%8A%D8%A9-%D9%84%D9%85%D9%88%D8%A7%D9%82%D8%B9
403 Forbidden,Non trouvé,Non trouvé,Non trouvé,Aucun avis,Inconnu,Inconnu,Aucun tag,https://khamsat.com/programming/full-app-creation/3792421-%D8%A8%D8%B1%D9%85%D8%AC%D8%A9-%D8%AA%D8%B7%D8%A8%D9%8A%D9%82%D8%A7%D8%AA-%D8%A3%D9%86%D8%AF%D8%B1%D9%88%D9%8A%D8%AF-%D9%85%D9%86-%D8%A7%D9%84%D8%B5%D9%81%D8%B1
403 Forbidden,Non trouvé,Non trouvé,Non trouvé,Aucun avis,Inconnu,Inconnu,Aucun tag,https://khamsat.com/programming/custom-website-development/3419163-%D8%AA%D9%86%D9%81%D9%8A%D8%B0-%D8%B5%D9%81%D8%AD%D8%A9-%D9%88%D9%8A%D8%A8-%D9%85%D8%AA%D8%AC%D8%A7%D9%88%D8%A8%D8%A9-%D8%A8%D8%A7%D8%B3%D8%AA%D8%AE%D8%AF%D8%A7%D9%85-html-css-js-bootstrap
403 Forbidden,Non trouvé,Non trouvé,Non trouvé,Aucun avis,Inconnu,Inconnu,Aucun tag,https://khamsat.com/programming/css-html/2334865-%D8%AA%D8%B9%D8%AF%D9%8A%D9%84-%D8%AA%D8%B5%D9%85%D9%8A%D9%85%D8%A7%D8%AA-%D9%88%D9%8A%D8%A8-%D8%A7%D9%88-%D8%A7%D9%86%D8%B4%D8%A7%D8%A1-%D9%85%D9%88%D8%A7%D9%82%D8%B9-%D9%85%D9%86-%D8%AC%D8%AF%D9%8A%D8%AF-%D8%A8%D8%AF%D9%82%D9%87-%D8%B9%D8%A7%D9%84%D9%8A%D9%87
403 Forbidden,Non trouvé,Non trouvé,Non trouvé,Aucun avis,Inconnu,Inconnu,Aucun tag,https://khamsat.com/programming/web-application-development/3054160-%D8%A5%D9%86%D8%B4%D8%A7%D8%A1-%D9%85%D9%88%D9%82%D8%B9-%D8%A5%D9%84%D9%83%D8%AA%D8%B1%D9%88%D9%86%D9%8A-%D9%85%D8%AA%D9%83%D8%A7%D9%85%D9%84-%D9%88%D8%A7%D8%AD%D8%AA%D8%B1%D8%A7%D9%81%D9%8A-%D8%A8%D8%A7%D8%B3%D8%AA%D8%AE%D8%AF%D8%A7%D9%85-django-flask
403 Forbidden,Non trouvé,Non trouvé,Non trouvé,Aucun avis,Inconnu,Inconnu,Aucun tag,https://khamsat.com/programming/css-html/3547016-%D8%AA%D8%B5%D9%85%D9%8A%D9%85-%D9%85%D9%88%D9%82%D8%B9-%D8%AC%D8%B0%D8%A7%D8%A8-%D9%88%D9%85%D8%AA%D8%AC%D8%A7%D9%88%D8%A8-%D8%A8%D8%A7%D8%B3%D8%AA%D8%AE%D8%AF%D8%A7%D9%85-html-css-javascript
403 Forbidden,Non trouvé,Non trouvé,Non trouvé,Aucun avis,Inconnu,Inconnu,Aucun tag,https://khamsat.com/programming/custom-website-development/2778217-%D8%AA%D8%B5%D9%85%D9%8A%D9%85-%D9%88%D8%AA%D9%83%D9%88%D9%8A%D8%AF-%D9%85%D9%88%D9%82%D8%B9%D9%83-%D8%A8%D8%A7%D8%AD%D8%AA%D8%B1%D8%A7%D9%81
403 Forbidden,Non trouvé,Non trouvé,Non trouvé,Aucun avis,Inconnu,Inconnu,Aucun tag,https://khamsat.com/programming/full-app-creation/3006845-%D8%AA%D8%B7%D9%88%D9%8A%D8%B1-%D8%AA%D8%B7%D8%A8%D9%8A%D9%82-%D9%87%D8%A7%D8%AA%D9%81-%D8%A8%D8%A7%D8%B3%D8%AA%D8%B9%D9%85%D8%A7%D9%84-%D8%A7%D8%B7%D8%A7%D8%B1-%D8%B9%D9%85%D9%84-%D9%81%D9%84%D8%A7%D8%AA%D8%B1
403 Forbidden,Non trouvé,Non trouvé,Non trouvé,Aucun avis,Inconnu,Inconnu,Aucun tag,https://khamsat.com/programming/web-application-development/3485906-%D8%AA%D8%B7%D8%A8%D9%8A%D9%82-%D8%AA%D8%AD%D9%81%D9%8A%D8%B8-%D8%A7%D9%84%D9%82%D8%B1%D8%A7%D9%86-%D8%A7%D9%84%D9%83%D8%B1%D9%8A%D9%85
403 Forbidden,Non trouvé,Non trouvé,Non trouvé,Aucun avis,Inconnu,Inconnu,Aucun tag,https://khamsat.com/programming/custom-website-development/1359448-%D8%AA%D8%B5%D9%85%D9%8A%D9%85-%D8%B5%D9%81%D8%AD%D8%A9-%D9%88%D9%8A%D8%A8-%D8%A7%D8%AD%D8%AA%D8%B1%D8%A7%D9%81%D9%8A%D8%A9
403 Forbidden,Non trouvé,Non trouvé,Non trouvé,Aucun avis,Inconnu,Inconnu,Aucun tag,https://khamsat.com/programming/full-app-creation/3748217-%D8%A7%D9%86%D8%B4%D8%A7%D8%A1-%D8%AA%D8%B7%D8%A8%D9%8A%D9%82-%D9%81%D9%84%D8%A7%D8%AA%D8%B1-flutter-%D9%84-androidios
403 Forbidden,Non trouvé,Non trouvé,Non trouvé,Aucun avis,Inconnu,Inconnu,Aucun tag,https://khamsat.com/programming/css-html/3697103-%D8%A8%D8%B1%D9%85%D8%AC%D8%A9-%D9%88%D8%A7%D8%AC%D9%87%D8%A7%D8%AA-%D9%88%D9%8A%D8%A8-%D8%AA%D9%81%D8%A7%D8%B9%D9%84%D9%8A%D8%A9-%D8%A8%D8%A7%D8%B3%D8%AA%D8%AE%D8%AF%D8%A7%D9%85-javascript-%D9%88-react
403 Forbidden,Non trouvé,Non trouvé,Non trouvé,Aucun avis,Inconnu,Inconnu,Aucun tag,https://khamsat.com/programming/web-application-development/2694969-%D8%AA%D8%B7%D9%88%D9%8A%D8%B1-%D9%88%D8%AA%D8%B5%D9%85%D9%8A%D9%85-%D9%88%D8%AA%D9%86%D9%81%D9%8A%D8%B0-%D8%A8%D8%B1%D8%A7%D9%85%D8%AC-%D8%B9%D9%84%D9%89-%D9%85%D9%86%D8%B5%D9%87-%D8%A8%D9%88%D8%B1-%D8%A7%D8%A8%D8%B2-powerapps
403 Forbidden,Non trouvé,Non trouvé,Non trouvé,Aucun avis,Inconnu,Inconnu,Aucun tag,https://khamsat.com/programming/custom-website-development/3647859-%D8%AA%D8%B5%D9%85%D9%8A%D9%85-%D9%88%D8%A8%D8%B1%D9%85%D8%AC%D8%A9-%D9%85%D9%88%D9%82%D8%B9-%D8%A7%D9%84%D9%83%D8%AA%D8%B1%D9%88%D9%86%D9%8A-%D8%A7%D8%AD%D8%AA%D8%B1%D8%A7%D9%81%D9%8A-responsive-website
403 Forbidden,Non trouvé,Non trouvé,Non trouvé,Aucun avis,Inconnu,Inconnu,Aucun tag,https://khamsat.com/programming/css-html/3773943-%D8%AA%D8%B5%D9%85%D9%8A%D9%85-%D8%B5%D9%81%D8%AD%D8%A9-%D9%88%D9%8A%D8%A8-%D8%A7%D8%AD%D8%AA%D8%B1%D8%A7%D9%81%D9%8A%D8%A9-%D8%A8%D8%A7%D8%B3%D8%AA%D8%AE%D8%AF%D8%A7%D9%85-html-%D9%88-css
403 Forbidden,Non trouvé,Non trouvé,Non trouvé,Aucun avis,Inconnu,Inconnu,Aucun tag,https://khamsat.com/programming/full-app-creation/3075951-%D8%AA%D8%B7%D9%88%D9%8A%D8%B1-%D8%AA%D8%B7%D8%A8%D9%8A%D9%82%D8%A7%D8%AA-%D8%A7%D9%84%D9%87%D9%88%D8%A7%D8%AA%D9%81-%D9%84%D9%86%D8%B8%D8%A7%D9%85%D9%8A-android-%D9%88-ios-%D8%A8%D8%A7%D8%B3%D8%AA%D8%AE%D8%AF%D8%A7%D9%85-flutter
403 Forbidden,Non trouvé,Non trouvé,Non trouvé,Aucun avis,Inconnu,Inconnu,Aucun tag,https://khamsat.com/programming/web-application-development/3206982-%D8%AA%D8%B5%D9%85%D9%8A%D9%85-%D9%88%D8%AA%D8%B7%D9%88%D9%8A%D8%B1-%D9%82%D8%A7%D8%A6%D9%85%D8%A9-%D9%85%D9%87%D8%A7%D9%85-%D8%AA%D9%81%D8%A7%D8%B9%D9%84%D9%8A%D8%A9-to-do-list-%D8%A8%D8%AA%D8%B5%D9%85%D9%8A%D9%85-%D8%B9%D8%B5%D8%B1%D9%8A
403 Forbidden,Non trouvé,Non trouvé,Non trouvé,Aucun avis,Inconnu,Inconnu,Aucun tag,https://khamsat.com/programming/custom-website-development/3116660-%D8%AA%D8%B5%D9%85%D9%8A%D9%85-%D8%B5%D9%81%D8%AD%D8%A7%D8%AA-%D9%88%D9%8A%D8%A8-%D9%85%D8%AA%D8%AC%D8%A7%D9%88%D8%A8%D8%A9-%D9%88%D8%AC%D8%B0%D8%A7%D8%A8%D8%A9-%D9%85%D8%B9-%D8%AA%D8%AC%D8%B1%D8%A8%D8%A9-%D9%85%D8%B3%D8%AA%D8%AE%D8%AF%D9%85-%D9%85%D8%AA%D9%85%D9%8A%D8%B2%D8%A9
403 Forbidden,Non trouvé,Non trouvé,Non trouvé,Aucun avis,Inconnu,Inconnu,Aucun tag,https://khamsat.com/programming/full-app-creation/3559779-%D8%A7%D8%A8%D8%B1%D9%85%D8%AC-%D9%84%D9%83-%D9%88%D8%A7%D8%AC%D9%87%D8%A9-%D9%85%D8%B3%D8%AA%D8%AE%D8%AF%D9%85-ui-%D9%84%D8%AA%D8%B7%D8%A8%D9%8A%D9%82-flutter-%D8%A8%D8%B4%D9%83%D9%84-%D8%A7%D8%AD%D8%AA%D8%B1%D8%A7%D9%81%D9%8A
403 Forbidden,Non trouvé,Non trouvé,Non trouvé,Aucun avis,Inconnu,Inconnu,Aucun tag,https://khamsat.com/programming/css-html/3827113-%D8%A5%D9%86%D8%B4%D8%A7%D8%A1-%D9%88%D8%A7%D8%AC%D9%87%D8%A7%D8%AA-%D9%88%D9%8A%D8%A8-%D8%AA%D9%81%D8%A7%D8%B9%D9%84%D9%8A%D8%A9-%D9%88%D8%B9%D8%B5%D8%B1%D9%8A%D8%A9-%D8%A8%D9%80-html-css-react-%D8%A8%D8%AC%D9%88%D8%AF%D8%A9
403 Forbidden,Non trouvé,Non trouvé,Non trouvé,Aucun avis,Inconnu,Inconnu,Aucun tag,https://khamsat.com/programming/web-application-development/3099073-%D9%85%D9%86%D8%B5%D9%87-%D9%84%D8%A8%D9%8A%D8%B9-%D8%A7%D9%84%D9%83%D9%88%D8%B1%D8%B3%D8%A7%D8%AA-%D8%A7%D9%84%D8%AA%D8%B9%D9%84%D9%8A%D9%85%D9%8A%D8%A9
403 Forbidden,Non trouvé,Non trouvé,Non trouvé,Aucun avis,Inconnu,Inconnu,Aucun tag,https://khamsat.com/programming/custom-website-development/3309296-%D8%A5%D9%86%D8%B4%D8%A7%D8%A1-%D8%B5%D9%81%D8%AD%D8%A9-%D9%88%D9%8A%D8%A8-%D8%AA%D9%81%D8%A7%D8%B9%D9%84%D9%8A%D8%A9-%D8%A8%D8%A7%D8%B3%D8%AA%D8%AE%D8%AF%D8%A7%D9%85-react.js-%D8%A8%D8%A7%D8%AD%D8%AA%D8%B1%D8%A7%D9%81%D9%8A%D8%A9
403 Forbidden,Non trouvé,Non trouvé,Non trouvé,Aucun avis,Inconnu,Inconnu,Aucun tag,https://khamsat.com/programming/css-html/3768532-%D8%AA%D8%B5%D9%85%D9%8A%D9%85-%D9%88%D8%A7%D8%AC%D9%87%D8%A7%D8%AA-%D9%85%D9%88%D8%A7%D9%82%D8%B9-%D8%A7%D8%AD%D8%AA%D8%B1%D8%A7%D9%81%D9%8A%D8%A9-%D8%A8%D8%A7%D8%B3%D8%AA%D8%AE%D8%AF%D8%A7%D9%85-html5-%D9%88css3
403 Forbidden,Non trouvé,Non trouvé,Non trouvé,Aucun avis,Inconnu,Inconnu,Aucun tag,https://khamsat.com/programming/full-app-creation/3644798-%D8%AA%D8%B5%D9%85%D9%8A%D9%85-%D9%88%D8%A8%D8%B1%D9%85%D8%AC%D8%A9-%D8%AA%D8%B7%D8%A8%D9%8A%D9%82%D8%A7%D8%AA-android-ios-%D8%A8%D9%88%D8%A7%D8%B3%D8%B7%D8%A9-flutter-firebase
403 Forbidden,Non trouvé,Non trouvé,Non trouvé,Aucun avis,Inconnu,Inconnu,Aucun tag,https://khamsat.com/programming/web-application-development/3039258-%D8%AA%D8%B7%D9%88%D9%8A%D8%B1-%D8%AA%D8%B7%D8%A8%D9%8A%D9%82-%D9%88%D9%8A%D8%A8-%D9%85%D8%AA%D9%83%D8%A7%D9%85%D9%84-%D8%A8%D8%A7%D8%B3%D8%AA%D8%AE%D8%AF%D8%A7%D9%85-react.js-%D9%88-mern-stack
403 Forbidden,Non trouvé,Non trouvé,Non trouvé,Aucun avis,Inconnu,Inconnu,Aucun tag,https://khamsat.com/programming/custom-website-development/3342622-%D8%A7%D9%86%D8%B4%D8%A7%D8%A1-%D9%88%D8%AA%D8%B5%D9%85%D9%8A%D9%85-%D9%85%D9%88%D8%A7%D9%82%D8%B9-%D8%A8%D8%A3%D9%82%D9%84-%D8%B3%D8%B9%D8%B1-%D9%88%D8%A3%D8%B9%D9%84%D9%89-%D8%AC%D9%88%D8%AF%D8%A9
403 Forbidden,Non trouvé,Non trouvé,Non trouvé,Aucun avis,Inconnu,Inconnu,Aucun tag,https://khamsat.com/programming/full-app-creation/1815146-%D8%AA%D8%B5%D9%85%D9%8A%D9%85-%D9%88%D8%A8%D8%B1%D9%85%D8%AC%D8%A9-%D8%AA%D8%B7%D8%A8%D9%8A%D9%82-%D9%84%D9%84android-%D9%88%D8%A7%D9%84ios
403 Forbidden,Non trouvé,Non trouvé,Non trouvé,Aucun avis,Inconnu,Inconnu,Aucun tag,https://khamsat.com/programming/css-html/3649913-%D8%AA%D8%B7%D9%88%D9%8A%D8%B1-%D8%B5%D9%81%D8%AD%D8%A9-%D9%88%D9%8A%D8%A8-%D9%85%D8%AA%D8%AC%D8%A7%D9%88%D8%A8%D8%A9-%D8%A8%D8%A7%D8%B3%D8%AA%D8%AE%D8%AF%D8%A7%D9%85-html-%D9%88css-%D9%81%D9%82%D8%B7
403 Forbidden,Non trouvé,Non trouvé,Non trouvé,Aucun avis,Inconnu,Inconnu,Aucun tag,https://khamsat.com/programming/web-application-development/3059371-%D8%AA%D8%B5%D9%85%D9%8A%D9%85-%D9%88%D8%AA%D8%B7%D9%88%D9%8A%D8%B1-%D9%86%D8%B8%D8%A7%D9%85-%D8%AA%D8%B3%D9%88%D9%82-%D8%A5%D9%84%D9%83%D8%AA%D8%B1%D9%88%D9%86%D9%8A-%D8%A7%D8%AD%D8%AA%D8%B1%D8%A7%D9%81%D9%8A-%D8%A8%D8%AE%D9%8A%D8%A7%D8%B1%D8%A7%D8%AA-%D8%AF%D9%81%D8%B9-%D8%A2%D9%85%D9%86%D8%A9-%D9%88%D8%AA%D8%B5
403 Forbidden,Non trouvé,Non trouvé,Non trouvé,Aucun avis,Inconnu,Inconnu,Aucun tag,https://khamsat.com/programming/custom-website-development/3157905-%D8%A8%D9%86%D8%A7%D8%A1-%D9%85%D9%88%D9%82%D8%B9-%D8%A5%D9%84%D9%83%D8%AA%D8%B1%D9%88%D9%86%D9%8A-full-stack-%D8%A8%D8%A7%D8%B3%D8%AA%D8%AE%D8%AF%D8%A7%D9%85-laravel-%D9%88react-%D9%88next
403 Forbidden,Non trouvé,Non trouvé,Non trouvé,Aucun avis,Inconnu,Inconnu,Aucun tag,https://khamsat.com/programming/full-app-creation/3642580-%D8%A8%D8%B1%D9%85%D8%AC%D8%A9-%D8%AA%D8%B7%D8%A8%D9%8A%D9%82%D8%A7%D8%AA-%D9%85%D9%88%D8%A8%D8%A7%D9%8A%D9%84-%D8%A7%D8%AD%D8%AA%D8%B1%D8%A7%D9%81%D9%8A%D8%A9-%D8%A8%D8%A7%D8%B3%D8%AA%D8%AE%D8%AF%D8%A7%D9%85-flutter-%D9%84%D8%A3%D9%86%D8%B8%D9%85%D8%A9-androi
403 Forbidden,Non trouvé,Non trouvé,Non trouvé,Aucun avis,Inconnu,Inconnu,Aucun tag,https://khamsat.com/programming/css-html/3324841-%D8%A8%D8%B1%D9%85%D8%AC%D8%A9-%D9%88%D8%A7%D8%AC%D9%87%D8%A7%D8%AA-%D9%85%D9%88%D8%A7%D9%82%D8%B9-%D8%A7%D8%AD%D8%AA%D8%B1%D8%A7%D9%81%D9%8A%D8%A9-%D9%85%D8%AA%D8%AC%D8%A7%D9%88%D8%A8%D8%A9-%D8%A8%D8%A7%D8%B3%D8%AA%D8%AE%D8%AF%D8%A7%D9%85-html-css-java
403 Forbidden,Non trouvé,Non trouvé,Non trouvé,Aucun avis,Inconnu,Inconnu,Aucun tag,https://khamsat.com/programming/web-application-development/2980846-%D9%86%D8%B8%D8%A7%D9%85-%D8%A5%D8%AF%D8%A7%D8%B1%D8%A9-%D8%AA%D8%A3%D8%AC%D9%8A%D8%B1-%D8%A7%D9%84%D8%B3%D9%8A%D8%A7%D8%B1%D8%A7%D8%AA-%D8%A7%D9%84%D9%85%D8%AA%D9%83%D8%A7%D9%85%D9%84-%D8%A8%D8%A7%D8%B3%D8%AA%D8%AE%D8%AF%D8%A7%D9%85-node.js-%D9%88-react
403 Forbidden,Non trouvé,Non trouvé,Non trouvé,Aucun avis,Inconnu,Inconnu,Aucun tag,https://khamsat.com/programming/custom-website-development/3107302-%D8%AA%D8%B5%D9%85%D9%8A%D9%85-%D9%88%D8%A8%D8%B1%D9%85%D8%AC%D9%87-%D9%85%D9%88%D9%82%D8%B9-%D8%A7%D9%84%D9%83%D8%AA%D8%B1%D9%88%D9%86%D9%89-%D9%85%D8%AA%D8%AC%D8%A7%D9%88%D8%A8-%D9%85%D8%B9-%D8%AC%D9%85%D9%8A%D8%B9-%D8%A7%D9%84%D8%A7%D8%AC%D9%87%D8%B2%D8%A9
403 Forbidden,Non trouvé,Non trouvé,Non trouvé,Aucun avis,Inconnu,Inconnu,Aucun tag,https://khamsat.com/programming/full-app-creation/3208464-%D8%A8%D8%B1%D9%85%D8%AC%D8%A9-%D8%B4%D8%A7%D8%B4%D8%A9-%D8%AA%D8%B3%D8%AC%D9%8A%D9%84-%D8%A7%D9%84%D8%AF%D8%AE%D9%88%D9%84-%D9%81%D9%8A-%D8%AA%D8%B7%D8%A8%D9%8A%D9%82-flutter-%D8%A8%D8%A7%D8%B3%D8%AA%D8%AE%D8%AF%D8%A7%D9%85-api
403 Forbidden,Non trouvé,Non trouvé,Non trouvé,Aucun avis,Inconnu,Inconnu,Aucun tag,https://khamsat.com/programming/css-html/3040182-%D8%AA%D8%B7%D9%88%D9%8A%D8%B1-%D9%88%D8%AA%D8%B5%D9%85%D9%8A%D9%85-%D9%88%D8%A7%D8%AC%D9%87%D8%A9-%D9%85%D9%88%D9%82%D8%B9-%D8%A7%D9%85%D8%A7%D9%85%D9%8A%D9%87
403 Forbidden,Non trouvé,Non trouvé,Non trouvé,Aucun avis,Inconnu,Inconnu,Aucun tag,https://khamsat.com/programming/web-application-development/2716921-%D8%AA%D8%B7%D9%88%D9%8A%D8%B1-%D8%B5%D9%81%D8%AD%D8%A9-%D8%A8%D8%A7%D8%B3%D8%AA%D8%AE%D8%AF%D8%A7%D9%85-%D9%84%D8%A7%D8%B1%D8%A7%D9%81%D9%84-%D9%88-vuejs
403 Forbidden,Non trouvé,Non trouvé,Non trouvé,Aucun avis,Inconnu,Inconnu,Aucun tag,https://khamsat.com/programming/custom-website-development/2833883-%D8%A3%D9%86%D8%B4%D8%A7%D8%A1-%D9%85%D9%88%D9%82%D8%B9-%D8%AA%D8%B9%D8%B1%D9%8A%D9%81%D9%8A-%D9%84%D8%B4%D8%B1%D9%83%D8%AA%D9%83-create-portfolio
403 Forbidden,Non trouvé,Non trouvé,Non trouvé,Aucun avis,Inconnu,Inconnu,Aucun tag,https://khamsat.com/programming/full-app-creation/3863156-%D8%A5%D9%86%D8%B4%D8%A7%D8%A1-%D8%AA%D8%B7%D8%A8%D9%8A%D9%82-%D9%85%D9%88%D8%A8%D8%A7%D9%8A%D9%84-%D9%84%D9%85%D9%86%D8%B5%D8%A9-android-%D9%88-ios
403 Forbidden,Non trouvé,Non trouvé,Non trouvé,Aucun avis,Inconnu,Inconnu,Aucun tag,https://khamsat.com/programming/css-html/3513536-%D8%B3%D8%A3%D8%B5%D9%85%D9%85-%D9%84%D9%83-%D9%88%D8%A7%D8%AC%D9%87%D8%A9-%D9%85%D8%AA%D8%AC%D8%B1-%D8%A7%D9%84%D9%83%D8%AA%D8%B1%D9%88%D9%86%D9%8A-%D8%A8%D8%B3%D9%8A%D8%B7%D8%A9-%D8%A8html%D9%88css
403 Forbidden,Non trouvé,Non trouvé,Non trouvé,Aucun avis,Inconnu,Inconnu,Aucun tag,https://khamsat.com/programming/web-application-development/2890491-%D8%AA%D8%B7%D9%88%D9%8A%D8%B1-%D8%A7%D9%84%D8%A8%D8%B1%D9%85%D8%AC%D9%8A%D8%A7%D8%AA-%D8%A7%D9%84%D9%85%D8%AE%D8%B5%D8%B5%D8%A9-%D8%A8%D8%A7%D8%B3%D8%AA%D8%AE%D8%AF%D8%A7%D9%85-php-laravel-%D9%88-mysql
403 Forbidden,Non trouvé,Non trouvé,Non trouvé,Aucun avis,Inconnu,Inconnu,Aucun tag,https://khamsat.com/programming/custom-website-development/3615479-%D8%AA%D8%B5%D9%85%D9%8A%D9%85-%D8%B5%D9%81%D8%AD%D8%A9-%D9%87%D8%A8%D9%88%D8%B7-%D8%A7%D8%AD%D8%AA%D8%B1%D8%A7%D9%81%D9%8A%D8%A9-landing-page
403 Forbidden,Non trouvé,Non trouvé,Non trouvé,Aucun avis,Inconnu,Inconnu,Aucun tag,https://khamsat.com/programming/full-app-creation/3845743-%D8%B3%D8%A3%D9%82%D9%88%D9%85-%D8%A8%D8%A8%D8%B1%D9%85%D8%AC%D8%A9-%D8%AA%D8%B7%D8%A8%D9%8A%D9%82-%D8%A7%D8%AD%D8%AA%D8%B1%D8%A7%D9%81%D9%8A-%D8%A8%D8%A7%D8%B3%D8%AA%D8%AE%D8%AF%D8%A7%D9%85-flutter
403 Forbidden,Non trouvé,Non trouvé,Non trouvé,Aucun avis,Inconnu,Inconnu,Aucun tag,https://khamsat.com/programming/css-html/3736578-%D8%A7%D9%86%D8%B4%D8%A7%D8%A1-%D8%B5%D9%81%D8%AD%D9%87-%D9%88%D9%8A%D8%A8-%D8%A7%D8%AD%D8%AA%D8%B1%D8%A7%D9%81%D9%8A%D9%87-%D9%85%D8%AA%D8%AC%D8%A7%D9%88%D8%A8%D9%87-%D9%84%D8%AC%D9%85%D9%8A%D8%B9-%D8%A7%D9%84%D8%A7%D8%AC%D9%87%D8%B2%D9%87
403 Forbidden,Non trouvé,Non trouvé,Non trouvé,Aucun avis,Inconnu,Inconnu,Aucun tag,https://khamsat.com/programming/web-application-development/2801748-%D8%A8%D9%86%D8%A7%D8%A1-%D8%AA%D8%B7%D8%A8%D9%8A%D9%82-%D9%88%D9%8A%D8%A8-%D9%85%D8%AA%D9%83%D8%A7%D9%85%D9%84-%D9%85%D8%B9-%D8%A7%D9%84%D9%88%D8%A7%D8%AC%D9%87%D8%A9-%D8%A7%D9%84%D8%AE%D9%84%D9%81%D9%8A%D8%A9-devops
403 Forbidden,Non trouvé,Non trouvé,Non trouvé,Aucun avis,Inconnu,Inconnu,Aucun tag,https://khamsat.com/programming/custom-website-development/3055766-%D8%A5%D9%86%D8%B4%D8%A7%D8%A1-%D9%85%D9%88%D9%82%D8%B9-%D8%A5%D9%84%D9%83%D8%AA%D8%B1%D9%88%D9%86%D9%8A-%D8%A7%D8%AD%D8%AA%D8%B1%D8%A7%D9%81%D9%8A-%D9%84%D8%B9%D8%B1%D8%B6-%D8%A3%D8%B9%D9%85%D8%A7%D9%84%D9%83-%D8%A7%D9%84%D8%B4%D8%AE%D8%B5%D9%8A%D8%A9
403 Forbidden,Non trouvé,Non trouvé,Non trouvé,Aucun avis,Inconnu,Inconnu,Aucun tag,https://khamsat.com/programming/full-app-creation/3396890-%D8%A7%D9%86%D8%B4%D8%A7%D8%A1-%D9%88-%D8%AA%D8%B7%D9%88%D9%8A%D8%B1-%D8%AA%D8%B7%D8%A8%D9%8A%D9%82-%D8%A7%D9%86%D8%AF%D8%B1%D9%88%D9%8A%D8%AF-kotlin-%D8%A3%D9%88-java-%D9%85%D8%B9-%D8%A7%D9%84%D8%B3%D9%88%D8%B1%D8%B3-%D9%83%D9%88%D8%AF
403 Forbidden,Non trouvé,Non trouvé,Non trouvé,Aucun avis,Inconnu,Inconnu,Aucun tag,https://khamsat.com/programming/css-html/3363969-%D8%B9%D9%85%D9%84-%D8%B3%D9%83%D8%B1%D8%A8%D8%AA%D8%A7%D8%AA-%D8%A8%D8%A7%D9%8A%D8%AB%D9%88%D9%86-%D8%A7%D9%88-html-%D8%A7%D9%88-css-%D8%A7%D9%88-javascript-%D8%A8%D8%A7%D8%AA%D9%82%D8%A7%D9%86
403 Forbidden,Non trouvé,Non trouvé,Non trouvé,Aucun avis,Inconnu,Inconnu,Aucun tag,https://khamsat.com/programming/custom-website-development/2766187-%D8%A8%D8%B1%D9%85%D8%AC%D8%A9-%D9%88%D8%AA%D8%B7%D9%88%D9%8A%D8%B1-%D9%85%D8%AA%D8%AC%D8%B1-%D8%A7%D9%84%D9%83%D8%AA%D8%B1%D9%88%D9%86%D9%89-full-stack
403 Forbidden,Non trouvé,Non trouvé,Non trouvé,Aucun avis,Inconnu,Inconnu,Aucun tag,https://khamsat.com/programming/web-application-development/2465544-%D8%AA%D8%B7%D9%88%D9%8A%D8%B1-%D8%AA%D8%B7%D8%A8%D9%8A%D9%82%D8%A7%D8%AA-%D8%A7%D9%84%D9%88%D9%8A%D8%A8-%D8%A8%D8%A7%D8%B3%D8%AA%D8%AE%D8%AF%D8%A7%D9%85-%D8%AA%D9%82%D9%86%D9%8A%D8%A9-.net-%D8%AF%D9%88%D8%AA-%D9%86%D8%AA
403 Forbidden,Non trouvé,Non trouvé,Non trouvé,Aucun avis,Inconnu,Inconnu,Aucun tag,https://khamsat.com/programming/full-app-creation/3418966-%D8%B3%D8%A3%D8%A8%D8%B1%D9%85%D8%AC-%D8%AA%D8%B7%D8%A8%D9%8A%D9%82-%D8%A3%D9%86%D8%AF%D8%B1%D9%88%D9%8A%D8%AF-%D8%A7%D8%AD%D8%AA%D8%B1%D8%A7%D9%81%D9%8A-%D8%A8%D8%A7%D8%B3%D8%AA%D8%AE%D8%AF%D8%A7%D9%85-kotlin-%D9%88%D9%88%D8%A7%D8%AC%D9%87%D8%A9-%D8%A3%D9%86%D9%8A%D9%82%D8%A9
403 Forbidden,Non trouvé,Non trouvé,Non trouvé,Aucun avis,Inconnu,Inconnu,Aucun tag,https://khamsat.com/programming/css-html/3422214-%D8%AA%D8%AD%D9%88%D9%8A%D9%84-%D8%AA%D8%B5%D9%85%D9%8A%D9%85%D9%83-%D8%A5%D9%84%D9%89-%D8%B5%D9%81%D8%AD%D8%A9-html-%D9%88-css-%D9%85%D8%AA%D8%AC%D8%A7%D9%88%D8%A8%D8%A9-%D8%A8%D8%A7%D8%AD%D8%AA%D8%B1%D8%A7%D9%81%D9%8A%D8%A9
403 Forbidden,Non trouvé,Non trouvé,Non trouvé,Aucun avis,Inconnu,Inconnu,Aucun tag,https://khamsat.com/programming/custom-website-development/2811755-%D8%AA%D8%B5%D9%85%D9%8A%D9%85-%D9%88%D8%A8%D8%B1%D9%85%D8%AC%D8%A9-%D9%85%D9%88%D9%82%D8%B9-%D8%A5%D9%84%D9%83%D8%AA%D8%B1%D9%88%D9%86%D9%8A-%D8%A8%D8%A7%D8%B3%D8%AA%D8%AE%D8%AF%D8%A7%D9%85-html5-css3-php-mysql
403 Forbidden,Non trouvé,Non trouvé,Non trouvé,Aucun avis,Inconnu,Inconnu,Aucun tag,https://khamsat.com/programming/web-application-development/2512309-web-application-%D9%83%D8%A7%D9%85%D9%84-%D9%83%D8%A7%D8%B4%D9%8A%D8%B1-%D8%A7%D8%AF%D8%A7%D8%B1%D9%87-%D9%85%D8%AE%D8%A7%D8%B2%D9%86-%D8%A7%D9%84%D8%AE.live-view
403 Forbidden,Non trouvé,Non trouvé,Non trouvé,Aucun avis,Inconnu,Inconnu,Aucun tag,https://khamsat.com/programming/full-app-creation/3067615-%D8%AA%D8%B7%D9%88%D9%8A%D8%B1-%D8%AA%D8%B7%D8%A8%D9%8A%D9%82-meal-app-%D9%84%D8%A5%D8%AF%D8%A7%D8%B1%D8%A9-%D8%A7%D9%84%D9%88%D8%AC%D8%A8%D8%A7%D8%AA-%D9%88%D8%A7%D9%84%D9%88%D8%B5%D9%81%D8%A7%D8%AA-%D8%A8%D8%A7%D8%B3%D8%AA%D8%AE%D8%AF%D8%A7%D9%85-flutt
403 Forbidden,Non trouvé,Non trouvé,Non trouvé,Aucun avis,Inconnu,Inconnu,Aucun tag,https://khamsat.com/programming/css-html/3816861-%D8%A7%D9%86%D8%B4%D8%A7%D8%A1-%D8%B5%D9%81%D8%AD%D8%A9-%D9%88%D9%8A%D8%A8
403 Forbidden,Non trouvé,Non trouvé,Non trouvé,Aucun avis,Inconnu,Inconnu,Aucun tag,https://khamsat.com/programming/web-application-development/3183144-%D8%AA%D9%82%D8%AF%D9%8A%D9%85-%D9%86%D8%B8%D8%A7%D9%85-%D8%A7%D8%AF%D8%A7%D8%B1%D8%A9-%D9%85%D8%B7%D8%A7%D8%B9%D9%85-%D9%85%D8%AA%D9%83%D8%A7%D9%85%D9%84-%D9%88%D8%A7%D9%84%D8%AA%D9%88%D8%B5%D9%8A%D9%84-management-system
403 Forbidden,Non trouvé,Non trouvé,Non trouvé,Aucun avis,Inconnu,Inconnu,Aucun tag,https://khamsat.com/programming/custom-website-development/2158018-%D8%AA%D8%B7%D9%88%D9%8A%D8%B1-%D8%B5%D9%81%D8%AD%D8%A7%D8%AA-%D9%88%D9%8A%D8%A8-%D9%85%D8%AA%D8%AC%D8%A7%D9%88%D8%A8%D8%A9-%D9%85%D8%B9-%D8%AC%D9%85%D9%8A%D8%B9-%D8%A7%D9%84%D8%B4%D8%A7%D8%B4%D8%A7%D8%AA
403 Forbidden,Non trouvé,Non trouvé,Non trouvé,Aucun avis,Inconnu,Inconnu,Aucun tag,https://khamsat.com/programming/full-app-creation/3177677-%D8%AA%D8%B7%D9%88%D9%8A%D8%B1-%D8%AA%D8%B7%D8%A8%D9%8A%D9%82%D8%A7%D8%AA-%D8%A7%D9%84%D9%85%D9%88%D8%A8%D8%A7%D9%8A%D9%84-%D8%A8%D8%A7%D8%B3%D8%AA%D8%AE%D8%AF%D8%A7%D9%85-%D9%81%D9%84%D8%A7%D8%AA%D8%B1
403 Forbidden,Non trouvé,Non trouvé,Non trouvé,Aucun avis,Inconnu,Inconnu,Aucun tag,https://khamsat.com/programming/css-html/3828041-%D8%AA%D8%B5%D9%85%D9%8A%D9%85-%D9%85%D9%88%D9%82%D8%B9-%D8%B4%D8%AE%D8%B5%D9%8A-%D8%A7%D8%AD%D8%AA%D8%B1%D8%A7%D9%81%D9%8A-%D8%A8%D9%80-html-%D9%88-css-%D9%84%D8%B9%D8%B1%D8%B6-%D8%A7%D9%84%D8%B3%D9%8A%D8%B1%D8%A9-%D8%A7%D9%84%D8%B0%D8%A7%D8%AA%D9%8A%D8%A9
403 Forbidden,Non trouvé,Non trouvé,Non trouvé,Aucun avis,Inconnu,Inconnu,Aucun tag,https://khamsat.com/programming/custom-website-development/2969151-%D8%A8%D8%B1%D9%85%D8%AC%D8%A9-%D9%85%D9%88%D9%82%D8%B9-%D8%A3%D9%88-%D9%86%D8%B8%D8%A7%D9%85-%D8%A8%D8%B4%D9%83%D9%84-%D8%A5%D8%AD%D8%AA%D8%B1%D8%A7%D9%81%D9%8A-%D8%A8%D8%A7%D8%B3%D8%AA%D8%AE%D8%AF%D8%A7%D9%85-django-framework
403 Forbidden,Non trouvé,Non trouvé,Non trouvé,Aucun avis,Inconnu,Inconnu,Aucun tag,https://khamsat.com/programming/web-application-development/3183188-%D8%AA%D9%88%D9%81%D9%8A%D8%B1-%D9%86%D8%B8%D8%A7%D9%85-%D8%A7%D8%AF%D8%A7%D8%B1%D8%A9-%D8%A7%D9%84%D9%85%D9%86%D8%AA%D8%AC%D8%A7%D8%AA-product-management-system
403 Forbidden,Non trouvé,Non trouvé,Non trouvé,Aucun avis,Inconnu,Inconnu,Aucun tag,https://khamsat.com/programming/full-app-creation/3670518-%D8%A8%D8%B1%D9%85%D8%AC%D8%A9-%D8%AA%D8%B7%D8%A8%D9%8A%D9%82-%D8%B4%D8%A7%D9%85%D9%84-%D9%84%D9%84%D8%A3%D9%86%D8%AF%D8%B1%D9%88%D9%8A%D8%AF-%D9%88%D8%A7%D9%84%D8%A3%D9%8A%D9%81%D9%88%D9%86-android-ios
403 Forbidden,Non trouvé,Non trouvé,Non trouvé,Aucun avis,Inconnu,Inconnu,Aucun tag,https://khamsat.com/programming/css-html/3828403-%D8%A8%D9%86%D8%A7%D8%A1-%D9%85%D9%88%D9%82%D8%B9-%D8%A8%D9%88%D8%B1%D8%AA%D9%81%D9%88%D9%84%D9%8A%D9%88-%D8%A7%D8%AD%D8%AA%D8%B1%D8%A7%D9%81%D9%8A-%D9%84%D8%B9%D8%B1%D8%B6-%D8%A3%D8%B9%D9%85%D8%A7%D9%84%D9%83
403 Forbidden,Non trouvé,Non trouvé,Non trouvé,Aucun avis,Inconnu,Inconnu,Aucun tag,https://khamsat.com/programming/custom-website-development/3440100-%D8%AA%D8%B5%D9%85%D9%8A%D9%85-%D9%88%D8%AA%D8%B7%D9%88%D9%8A%D8%B1-%D9%85%D9%88%D9%82%D8%B9-%D9%88%D9%8A%D8%A8-%D9%83%D8%A7%D9%85%D9%84-%D9%88%D8%A7%D8%AD%D8%AA%D8%B1%D8%A7%D9%81%D9%8A-full-stack-web
403 Forbidden,Non trouvé,Non trouvé,Non trouvé,Aucun avis,Inconnu,Inconnu,Aucun tag,https://khamsat.com/programming/web-application-development/2840824-%D9%82%D9%85-%D8%A8%D8%A5%D8%AF%D8%A7%D8%B1%D8%A9-%D8%B9%D9%85%D9%84%D9%83-%D9%83%D8%A7%D9%85%D9%84%D8%A7-%D8%A8%D8%A7%D8%AD%D8%AA%D8%B1%D8%A7%D9%81%D9%8A%D8%A9-%D8%B9%D9%86-%D8%B7%D8%B1%D9%8A%D9%82-%D8%B3%D9%8A%D8%B3%D8%AA%D9%85-%D8%A7%D9%88%D8%B1%D8%A7%D9%83%D9%84-%D8%A7%D9%84%D9%85%D8%A3%D9%85%D9%86
403 Forbidden,Non trouvé,Non trouvé,Non trouvé,Aucun avis,Inconnu,Inconnu,Aucun tag,https://khamsat.com/programming/full-app-creation/3886185-%D8%A5%D9%86%D8%B4%D8%A7%D8%A1-%D8%AA%D8%B7%D8%A8%D9%8A%D9%82%D8%A7%D8%AA-%D8%A7%D9%84%D8%AC%D9%88%D8%A7%D9%84-%D9%88%D8%AA%D8%B9%D8%AF%D9%8A%D9%84%D9%87%D8%A7
403 Forbidden,Non trouvé,Non trouvé,Non trouvé,Aucun avis,Inconnu,Inconnu,Aucun tag,https://khamsat.com/programming/css-html/3590899-%D8%AA%D8%B5%D9%85%D9%8A%D9%85-%D9%88%D8%A7%D8%AC%D9%87%D8%A7%D8%AA-%D9%85%D8%B3%D8%AA%D8%AE%D8%AF%D9%85-%D8%B9%D8%A7%D9%84%D9%8A%D8%A9-%D8%A7%D9%84%D8%AC%D9%88%D8%AF%D8%A9-%D8%A8%D8%A7%D8%B3%D8%AA%D8%AE%D8%AF%D8%A7%D9%85-tailwind-css
403 Forbidden,Non trouvé,Non trouvé,Non trouvé,Aucun avis,Inconnu,Inconnu,Aucun tag,https://khamsat.com/programming/custom-website-development/3498081-%D8%AA%D8%B5%D9%85%D9%8A%D9%85-%D9%85%D9%88%D9%82%D8%B9-%D9%85%D8%AA%D9%83%D8%A7%D9%85%D9%84-%D8%A8%D8%A7%D8%B3%D8%AA%D8%AE%D8%AF%D8%A7%D9%85-asp.net-mcv
403 Forbidden,Non trouvé,Non trouvé,Non trouvé,Aucun avis,Inconnu,Inconnu,Aucun tag,https://khamsat.com/programming/web-application-development/1157773-%D8%AA%D8%B7%D9%88%D9%8A%D8%B1-%D8%A8%D8%B1%D9%86%D8%A7%D9%85%D8%AC-%D9%88%D9%8A%D8%A8-%D8%A7%D8%AD%D8%AA%D8%B1%D8%A7%D9%81%D9%8A-%D9%8A%D8%AD%D8%AA%D9%88%D9%8A-%D8%B9%D9%84%D9%89-%D9%86%D8%B8%D8%A7%D9%85-%D8%AA%D8%B3%D8%AC%D9%8A%D9%84-%D9%88%D8%AF%D8%AE%D9%88%D9%84-%D9%85%D8%B3%D8%AA%D8%AE%D8%AF%D9%85%D9%8A%D9%86
403 Forbidden,Non trouvé,Non trouvé,Non trouvé,Aucun avis,Inconnu,Inconnu,Aucun tag,https://khamsat.com/programming/full-app-creation/3806090-%D8%AA%D8%B7%D8%A8%D9%8A%D9%82-%D9%88%D8%B5%D9%81%D8%A7%D8%AA-%D9%84%D9%84%D8%B7%D9%87%D9%8A-kotlin-%D8%A3%D9%86%D8%AF%D8%B1%D9%88%D9%8A%D8%AF
403 Forbidden,Non trouvé,Non trouvé,Non trouvé,Aucun avis,Inconnu,Inconnu,Aucun tag,https://khamsat.com/programming/css-html/3791074-%D8%AA%D8%B5%D9%85%D9%8A%D9%85-%D8%B5%D9%81%D8%AD%D8%A7%D8%AA-%D9%88%D9%8A%D8%A8-%D8%A7%D8%AD%D8%AA%D8%B1%D8%A7%D9%81%D9%8A%D8%A9-%D9%88%D9%85%D8%AA%D8%AC%D8%A7%D9%88%D8%A8%D8%A9-%D8%A8%D9%80-html-css-javascript
403 Forbidden,Non trouvé,Non trouvé,Non trouvé,Aucun avis,Inconnu,Inconnu,Aucun tag,https://khamsat.com/programming/web-application-development/2325553-%D8%A8%D8%B1%D9%85%D8%AC%D8%A9-%D9%88-%D8%AA%D8%B7%D9%88%D9%8A%D8%B1-%D8%AA%D8%B7%D8%A8%D9%8A%D9%82%D8%A7%D8%AA-%D8%A7%D9%84%D9%88%D9%8A%D8%A8-%D8%A8%D8%A7%D8%B7%D8%A7%D8%B1-laravel
403 Forbidden,Non trouvé,Non trouvé,Non trouvé,Aucun avis,Inconnu,Inconnu,Aucun tag,https://khamsat.com/programming/custom-website-development/3688300-%D8%AA%D8%B5%D9%85%D9%8A%D9%85-%D9%85%D9%88%D9%82%D8%B9-%D9%88%D9%8A%D8%A8-%D8%A8%D8%A7%D8%B3%D8%AA%D8%AE%D8%AF%D8%A7%D9%85-react.js-node.js-%D9%88%D8%A5%D9%86%D8%B4%D8%A7%D8%A1-apis-%D8%A5%D8%AD%D8%AA%D8%B1%D8%A7%D9%81%D9%8A%D8%A9
403 Forbidden,Non trouvé,Non trouvé,Non trouvé,Aucun avis,Inconnu,Inconnu,Aucun tag,https://khamsat.com/programming/full-app-creation/3843787-%D8%A5%D9%86%D8%B4%D8%A7%D8%A1-%D8%AA%D8%B7%D8%A8%D9%8A%D9%82-flutter-%D8%A7%D8%AD%D8%AA%D8%B1%D8%A7%D9%81%D9%8A-%D9%85%D8%AE%D8%B5%D8%B5-%D9%84%D8%A3%D9%86%D8%B8%D9%85%D8%A9-android-%D9%88ios
403 Forbidden,Non trouvé,Non trouvé,Non trouvé,Aucun avis,Inconnu,Inconnu,Aucun tag,https://khamsat.com/programming/css-html/2788136-boorstrap-%D9%84%D8%AC%D8%B9%D9%84-%D8%A7%D9%84%D9%85%D9%88%D9%82%D8%B9-%D8%A7%D9%81%D8%B6%D9%84-%D9%88-%D9%8A%D8%AA%D8%AC%D8%A7%D9%88%D8%A8-%D9%85%D8%B9-%D8%AC%D9%85%D9%8A%D8%B9-%D9%82%D9%8A%D8%A7%D8%B3%D8%A7%D8%AA-%D8%A7%D9%84%D8%B4%D8%A7%D8%B4%D8%A7%D8%AA
403 Forbidden,Non trouvé,Non trouvé,Non trouvé,Aucun avis,Inconnu,Inconnu,Aucun tag,https://khamsat.com/programming/custom-website-development/3762339-%D8%AA%D8%B5%D9%85%D9%8A%D9%85-%D9%88%D8%AA%D8%B7%D9%88%D9%8A%D8%B1-%D9%85%D9%88%D9%82%D8%B9-%D9%88%D9%8A%D8%A8-%D8%A8%D8%B3%D9%8A%D8%B7-%D9%88%D9%85%D8%AA%D8%AC%D8%A7%D9%88%D8%A8-%D8%A8%D8%A7%D8%AD%D8%AA%D8%B1%D8%A7%D9%81%D9%8A%D8%A9
403 Forbidden,Non trouvé,Non trouvé,Non trouvé,Aucun avis,Inconnu,Inconnu,Aucun tag,https://khamsat.com/programming/web-application-development/2916642-%D8%A8%D8%B1%D9%85%D8%AC%D8%A9-%D9%88%D8%AA%D8%B7%D9%88%D9%8A%D8%B1-%D8%AA%D8%B7%D8%A8%D9%8A%D9%82%D8%A7%D8%AA-%D8%A7%D9%84%D8%AC%D9%88%D8%A7%D9%84-ios-%D9%88-android-%D9%88%D8%AA%D8%B7%D8%A8%D9%8A%D9%82%D8%A7%D8%AA-%D8%A7%D9%84%D9%88%D9%8A%D8%A8
403 Forbidden,Non trouvé,Non trouvé,Non trouvé,Aucun avis,Inconnu,Inconnu,Aucun tag,https://khamsat.com/programming/full-app-creation/3505591-%D8%AA%D8%B5%D9%85%D9%8A%D9%85-%D9%88%D8%A8%D8%B1%D9%85%D8%AC%D8%A9-%D9%88%D8%A7%D8%AC%D9%87%D8%A7%D8%AA-%D8%AA%D8%B7%D8%A8%D9%8A%D9%82-flutter-%D8%A7%D8%AD%D8%AA%D8%B1%D8%A7%D9%81%D9%8A%D8%A9-%D9%88%D9%85%D8%AA%D8%AC%D8%A7%D9%88%D8%A8%D8%A9
403 Forbidden,Non trouvé,Non trouvé,Non trouvé,Aucun avis,Inconnu,Inconnu,Aucun tag,https://khamsat.com/programming/css-html/3307985-%D8%AA%D8%B5%D9%85%D9%8A%D9%85-%D9%88%D8%A7%D8%AC%D9%87%D8%A7%D8%AA-%D9%85%D9%88%D8%A7%D9%82%D8%B9-%D9%83%D8%A7%D9%85%D9%84%D8%A9-%D9%85%D8%AA%D8%AC%D8%A7%D9%88%D8%A8%D8%A9-%D9%88%D8%B9%D8%B5%D8%B1%D9%8A%D8%A9-%D8%A8%D9%80-html-%D9%88css
403 Forbidden,Non trouvé,Non trouvé,Non trouvé,Aucun avis,Inconnu,Inconnu,Aucun tag,https://khamsat.com/programming/custom-website-development/2291844-%D8%A5%D9%86%D8%B4%D8%A7%D8%A1-%D8%B5%D9%81%D8%AD%D8%A9-%D9%88%D9%8A%D8%A8-%D8%A8-html-css-js-%D9%85%D8%AA%D9%88%D8%A7%D9%81%D9%82%D8%A9-%D9%85%D8%B9-%D8%AC%D9%85%D9%8A%D8%B9-%D8%A7%D9%84%D8%A7%D8%AC%D9%87%D8%B2%D8%A9
403 Forbidden,Non trouvé,Non trouvé,Non trouvé,Aucun avis,Inconnu,Inconnu,Aucun tag,https://khamsat.com/programming/api-integrations/3812262-%D8%A5%D9%86%D8%B4%D8%A7%D8%A1-%D9%86%D8%B8%D8%A7%D9%85-%D8%AA%D8%B1%D8%A7%D8%AE%D9%8A%D8%B5-%D8%A7%D8%AD%D8%AA%D8%B1%D8%A7%D9%81%D9%8A-%D9%84%D9%84%D8%A8%D8%B1%D8%A7%D9%85%D8%AC-%D9%85%D8%B9-%D9%84%D9%88%D8%AD%D8%A9-%D8%AA%D8%AD%D9%83%D9%85-%D9%88%D9%88%D8%A7%D8%AC%D9%87%D8%A9-api
403 Forbidden,Non trouvé,Non trouvé,Non trouvé,Aucun avis,Inconnu,Inconnu,Aucun tag,https://khamsat.com/programming/full-app-creation/3516527-%D8%AA%D8%B7%D9%88%D9%8A%D8%B1-%D8%AA%D8%B7%D8%A8%D9%8A%D9%82%D8%A7%D8%AA-%D9%85%D9%88%D8%A8%D8%A7%D9%8A%D9%84-%D8%A7%D8%AD%D8%AA%D8%B1%D8%A7%D9%81%D9%8A%D8%A9-%D8%A8%D8%A7%D8%B3%D8%AA%D8%AE%D8%AF%D8%A7%D9%85-flutter
403 Forbidden,Non trouvé,Non trouvé,Non trouvé,Aucun avis,Inconnu,Inconnu,Aucun tag,https://khamsat.com/programming/css-html/3261719-%D8%AA%D8%B7%D9%88%D9%8A%D8%B1-%D9%88%D8%A7%D8%AC%D9%87%D8%A9-%D9%85%D9%88%D9%82%D8%B9-%D8%A8%D8%A7%D8%B3%D8%AA%D8%AE%D8%AF%D8%A7%D9%85-html-%D9%88-css
403 Forbidden,Non trouvé,Non trouvé,Non trouvé,Aucun avis,Inconnu,Inconnu,Aucun tag,https://khamsat.com/programming/custom-website-development/3652858-%D8%A5%D9%86%D8%B4%D8%A7%D8%A1-%D9%85%D9%88%D9%82%D8%B9-%D8%A5%D9%84%D9%83%D8%AA%D8%B1%D9%88%D9%86%D9%8A-%D9%8A%D8%B9%D8%B1%D8%B6-%D8%AE%D8%AF%D9%85%D8%A7%D8%AA%D9%83
403 Forbidden,Non trouvé,Non trouvé,Non trouvé,Aucun avis,Inconnu,Inconnu,Aucun tag,https://khamsat.com/programming/api-integrations/3798277-%D8%A5%D9%86%D8%B4%D8%A7%D8%A1-%D9%88%D8%AA%D8%B7%D9%88%D9%8A%D8%B1-%D9%88%D8%A7%D8%AC%D9%87%D8%A7%D8%AA-api-documentation-%D8%A8%D8%A7%D8%B3%D8%AA%D8%AE%D8%AF%D8%A7%D9%85-swagger
403 Forbidden,Non trouvé,Non trouvé,Non trouvé,Aucun avis,Inconnu,Inconnu,Aucun tag,https://khamsat.com/programming/full-app-creation/1583243-%D8%B9%D9%85%D9%84-%D8%AA%D8%B7%D8%A8%D9%8A%D9%82-%D9%85%D9%88%D8%A8%D8%A7%D9%8A%D9%84-android-%D8%A3%D9%88-ios-%D8%A8%D8%A7%D9%84%D8%AA%D9%82%D9%86%D9%8A%D9%87-%D8%A7%D9%84%D8%B1%D8%A6%D8%B9%D9%87-flutter
403 Forbidden,Non trouvé,Non trouvé,Non trouvé,Aucun avis,Inconnu,Inconnu,Aucun tag,https://khamsat.com/programming/css-html/3225173-%D8%A8%D8%B1%D9%85%D8%AC%D9%87-%D8%A7%D9%83%D9%88%D8%A7%D8%AF-%D8%A8%D8%B3%D9%8A%D8%B7%D8%A9-%D8%A3%D9%88-%D8%AA%D8%B9%D8%AF%D9%8A%D9%84-cpythonhtmlcssjavascript
403 Forbidden,Non trouvé,Non trouvé,Non trouvé,Aucun avis,Inconnu,Inconnu,Aucun tag,https://khamsat.com/programming/custom-website-development/2857247-%D8%AA%D8%B5%D9%85%D9%8A%D9%85-%D9%88%D8%A7%D8%AC%D9%87%D8%A9-fronted-%D9%85%D8%AA%D8%AC%D8%A7%D9%88%D8%A8%D8%A9-reactnextjs
403 Forbidden,Non trouvé,Non trouvé,Non trouvé,Aucun avis,Inconnu,Inconnu,Aucun tag,https://khamsat.com/programming/api-integrations/3108519-%D8%A7%D9%86%D8%B4%D8%A7%D8%A1-%D9%88%D8%A7%D8%AC%D9%87%D9%87-%D8%AE%D9%84%D9%81%D9%8A%D9%87-%D8%A8%D8%A7%D8%B3%D8%AA%D8%AE%D8%AF%D8%A7%D9%85-laravel
403 Forbidden,Non trouvé,Non trouvé,Non trouvé,Aucun avis,Inconnu,Inconnu,Aucun tag,https://khamsat.com/programming/full-app-creation/3819288-%D8%A5%D9%86%D8%B4%D8%A7%D8%A1-%D8%AA%D8%B7%D8%A8%D9%8A%D9%82-%D9%85%D9%88%D8%A8%D8%A7%D9%8A%D9%84-%D8%A8%D8%B3%D8%AA%D8%AE%D8%AF%D8%A7%D9%85-%D8%A7%D9%84kotlin-xml-compose
403 Forbidden,Non trouvé,Non trouvé,Non trouvé,Aucun avis,Inconnu,Inconnu,Aucun tag,https://khamsat.com/programming/css-html/3316829-%D8%AA%D8%B5%D9%85%D9%8A%D9%85-%D9%85%D9%88%D9%82%D8%B9-%D9%88%D9%8A%D8%A8-front-end-%D8%A8%D8%A3%D8%AD%D8%AF%D8%AB-%D8%A7%D9%84%D8%AA%D9%82%D9%86%D9%8A%D8%A7%D8%AA-%D8%A7%D9%84%D9%85%D8%AA%D8%A7%D8%AD%D8%A9
403 Forbidden,Non trouvé,Non trouvé,Non trouvé,Aucun avis,Inconnu,Inconnu,Aucun tag,https://khamsat.com/programming/custom-website-development/3862629-%D8%AA%D8%B7%D9%88%D9%8A%D8%B1-%D9%85%D9%88%D9%82%D8%B9-%D8%A5%D9%84%D9%83%D8%AA%D8%B1%D9%88%D9%86%D9%8A-%D9%83%D8%A7%D9%85%D9%84-%D9%85%D9%86-%D8%A7%D9%84%D9%81%D9%83%D8%B1%D8%A9-%D8%A5%D9%84%D9%89-%D8%A7%D9%84%D8%AA%D9%86%D9%81%D9%8A%D8%B0-%D8%A8%D8%A7%D8%AD%D8%AA%D8%B1%D8%A7%D9%81%D9%8A%D8%A9
403 Forbidden,Non trouvé,Non trouvé,Non trouvé,Aucun avis,Inconnu,Inconnu,Aucun tag,https://khamsat.com/programming/api-integrations/3177519-%D8%AA%D8%B5%D9%85%D9%8A%D9%85-api-%D9%85%D8%A4%D9%85%D9%86-%D9%88%D9%81%D8%B9%D8%A7%D9%84-%D8%A8%D8%A7%D8%B3%D8%AA%D8%AE%D8%AF%D8%A7%D9%85-node.js-%D9%88-express.js
403 Forbidden,Non trouvé,Non trouvé,Non trouvé,Aucun avis,Inconnu,Inconnu,Aucun tag,https://khamsat.com/programming/full-app-creation/3046158-%D8%AA%D8%B7%D9%88%D9%8A%D8%B1-%D8%AA%D8%B7%D8%A8%D9%8A%D9%82-%D8%A8%D8%A7%D8%B3%D8%AA%D8%AE%D8%AF%D8%A7%D9%85-%D9%81%D9%84%D8%A7%D8%AA%D8%B1-%D9%85%D9%88%D8%A8%D8%A7%D9%8A%D9%84-%D8%A7%D8%A8%D9%84%D9%83%D9%8A%D8%B4%D9%86-%D8%A7%D9%86%D8%AF%D8%B1%D9%88%D9%8A%D8%AF-%D9%83%D8%A7%D9%85%D9%84
403 Forbidden,Non trouvé,Non trouvé,Non trouvé,Aucun avis,Inconnu,Inconnu,Aucun tag,https://khamsat.com/programming/css-html/3098761-%D8%AA%D8%B5%D9%85%D9%8A%D9%85-%D8%B5%D9%81%D8%AD%D8%A7%D8%AA-%D9%88%D9%8A%D8%A8-%D8%B9%D8%B5%D8%B1%D9%8A%D8%A9-%D9%88%D9%85%D8%AA%D8%AC%D8%A7%D9%88%D8%A8%D8%A9-%D8%A8%D8%A3%D9%86%D8%A7%D9%82%D8%A9-%D9%88%D8%A7%D8%AD%D8%AA%D8%B1%D8%A7%D9%81%D9%8A%D8%A9
403 Forbidden,Non trouvé,Non trouvé,Non trouvé,Aucun avis,Inconnu,Inconnu,Aucun tag,https://khamsat.com/programming/custom-website-development/3023789-%D8%AA%D8%B7%D9%88%D9%8A%D8%B1-%D8%A3%D9%86%D8%B8%D9%85%D8%A9-%D8%A5%D8%AF%D8%A7%D8%B1%D9%8A%D8%A9-%D9%85%D8%AA%D9%83%D8%A7%D9%85%D9%84%D8%A9-%D9%83%D8%A7%D8%B4%D9%8A%D8%B1-%D9%85%D8%B3%D8%AA%D8%B4%D9%81%D9%8A%D8%A7%D8%AA-crud
403 Forbidden,Non trouvé,Non trouvé,Non trouvé,Aucun avis,Inconnu,Inconnu,Aucun tag,https://khamsat.com/programming/api-integrations/2832039-%D8%A8%D9%86%D8%A7%D8%A1-restfull-api-%D8%A8%D8%A7%D8%B3%D8%AA%D8%AE%D8%AF%D8%A7%D9%85-nodejs-%D9%88-expressjs
403 Forbidden,Non trouvé,Non trouvé,Non trouvé,Aucun avis,Inconnu,Inconnu,Aucun tag,https://khamsat.com/programming/full-app-creation/2676718-%D8%A7%D9%86%D8%B4%D8%A7%D8%A1-%D8%AA%D8%B7%D8%A8%D9%8A%D9%82%D8%A7%D8%AA-%D8%A7%D9%84%D8%A7%D9%86%D8%AF%D8%B1%D9%88%D9%8A%D8%AF-%D8%A8%D8%A3%D8%AD%D8%AA%D8%B1%D8%A7%D9%81%D9%8A%D9%87
403 Forbidden,Non trouvé,Non trouvé,Non trouvé,Aucun avis,Inconnu,Inconnu,Aucun tag,https://khamsat.com/programming/css-html/3190633-%D8%AA%D8%B5%D9%85%D9%8A%D9%85-%D9%88%D8%A7%D8%AC%D9%87%D8%A7%D8%AA-%D9%88%D9%8A%D8%A8-%D8%A7%D8%AD%D8%AA%D8%B1%D8%A7%D9%81%D9%8A%D8%A9-%D8%A8%D8%A7%D8%B3%D8%AA%D8%AE%D8%AF%D8%A7%D9%85-html-%D9%88-css-%D9%83%D9%88%D8%AF-%D9%86%D8%B8%D9%8A%D9%81
403 Forbidden,Non trouvé,Non trouvé,Non trouvé,Aucun avis,Inconnu,Inconnu,Aucun tag,https://khamsat.com/programming/custom-website-development/3865865-%D9%85%D9%88%D9%82%D8%B9-%D8%A7%D8%AD%D8%AA%D8%B1%D8%A7%D9%81%D9%8A-%D8%B3%D8%B1%D9%8A%D8%B9-%D8%A7%D9%84%D8%A7%D8%B3%D8%AA%D8%AC%D8%A7%D8%A8%D8%A9-%D8%A8%D8%AA%D9%82%D9%86%D9%8A%D8%A9-vue-%D9%88nuxt
403 Forbidden,Non trouvé,Non trouvé,Non trouvé,Aucun avis,Inconnu,Inconnu,Aucun tag,https://khamsat.com/programming/api-integrations/2520860-%D8%A7%D9%86%D8%B4%D8%A7%D8%A1-%D9%85%D9%88%D9%82%D8%B9%D9%83-%D8%A8%D8%A7%D8%B3%D8%AA%D8%AE%D8%AF%D8%A7%D9%85-node.js-express-mongodb-restful-api
403 Forbidden,Non trouvé,Non trouvé,Non trouvé,Aucun avis,Inconnu,Inconnu,Aucun tag,https://khamsat.com/programming/full-app-creation/3795751-%D8%A8%D8%B1%D9%85%D8%AC%D8%A9-%D9%88%D8%A7%D8%AC%D9%87%D8%A7%D8%AA-%D8%AA%D8%B7%D8%A8%D9%8A%D9%82%D8%A7%D8%AA%D9%83-ui-%D8%A8%D8%A7%D8%AD%D8%AA%D8%B1%D8%A7%D9%81-%D8%A8%D8%A7%D8%B3%D8%AA%D8%AE%D8%AF%D8%A7%D9%85-flutter
403 Forbidden,Non trouvé,Non trouvé,Non trouvé,Aucun avis,Inconnu,Inconnu,Aucun tag,https://khamsat.com/programming/css-html/3115735-%D8%AA%D8%B5%D9%85%D9%8A%D9%85-%D9%88%D8%AA%D8%B7%D9%88%D9%8A%D8%B1-%D9%85%D9%88%D9%82%D8%B9%D9%83-%D8%A8-html5-css3-bootstrap-jquery
403 Forbidden,Non trouvé,Non trouvé,Non trouvé,Aucun avis,Inconnu,Inconnu,Aucun tag,https://khamsat.com/programming/custom-website-development/3049741-%D8%A8%D9%86%D8%A7%D8%A1-%D9%85%D9%88%D8%A7%D9%82%D8%B9-%D9%83%D8%A7%D9%85%D9%84%D8%A9-%D8%A8%D8%AA%D8%B5%D9%85%D9%8A%D9%85%D8%A7%D8%AA-%D8%AD%D8%AF%D9%8A%D8%AB%D8%A9-%D9%88%D9%85%D9%88%D8%A7%D8%B5%D9%81%D8%A7%D8%AA-%D8%B9%D8%A7%D9%84%D9%85%D9%8A%D8%A9-%D9%85%D9%86%D8%A7%D8%B3%D8%A8%D8%A9-%D9%84%D9%83
403 Forbidden,Non trouvé,Non trouvé,Non trouvé,Aucun avis,Inconnu,Inconnu,Aucun tag,https://khamsat.com/programming/api-integrations/3507049-backend-%D8%A7%D8%AD%D8%AA%D8%B1%D8%A7%D9%81%D9%8A-%D8%A8%D8%A7%D8%B3%D8%AA%D8%AE%D8%AF%D8%A7%D9%85-node.js-express
403 Forbidden,Non trouvé,Non trouvé,Non trouvé,Aucun avis,Inconnu,Inconnu,Aucun tag,https://khamsat.com/programming/full-app-creation/3284430-%D8%AA%D8%B5%D9%85%D9%8A%D9%85-%D9%88%D8%AA%D8%B7%D9%88%D9%8A%D8%B1-%D8%AA%D8%B7%D8%A8%D9%8A%D9%82%D8%A7%D8%AA-%D8%A7%D9%84%D9%87%D8%A7%D8%AA%D9%81-%D8%A8%D8%A7%D8%B3%D8%AA%D8%AE%D8%AF%D8%A7%D9%85-flutter
403 Forbidden,Non trouvé,Non trouvé,Non trouvé,Aucun avis,Inconnu,Inconnu,Aucun tag,https://khamsat.com/programming/css-html/3600060-%D8%AA%D8%B5%D9%85%D9%8A%D9%85-%D8%B5%D9%81%D8%AD%D8%A9-%D9%88%D9%8A%D8%A8-%D8%A7%D8%AD%D8%AA%D8%B1%D8%A7%D9%81%D9%8A%D9%87-%D8%A8%D8%A7%D8%B3%D8%AA%D8%AE%D8%AF%D8%A7%D9%85-html-css-%D9%85%D8%AA%D8%AC%D8%A7%D9%88%D8%A8%D9%87-%D9%88%D8%B3%D8%B1%D9%8A%D8%B9%D9%87
403 Forbidden,Non trouvé,Non trouvé,Non trouvé,Aucun avis,Inconnu,Inconnu,Aucun tag,https://khamsat.com/programming/custom-website-development/2359435-%D8%A5%D9%86%D8%B4%D8%A7%D8%A1-%D9%88-%D8%AA%D8%B7%D9%88%D9%8A%D8%B1-%D9%85%D9%88%D9%82%D8%B9-%D8%A7%D8%AD%D8%AA%D8%B1%D8%A7%D9%81%D9%8A-%D9%83%D8%A7%D9%85%D9%84-%D8%A8%D8%A7%D8%B3%D8%AA%D8%AE%D8%AF%D8%A7%D9%85-react
403 Forbidden,Non trouvé,Non trouvé,Non trouvé,Aucun avis,Inconnu,Inconnu,Aucun tag,https://khamsat.com/programming/api-integrations/2749348-%D8%AA%D8%B7%D9%88%D9%8A%D8%B1-%D9%84%D9%88%D8%AD%D8%A9-%D8%AA%D8%AD%D9%83%D9%85-%D9%85%D9%88%D9%82%D8%B9-%D8%A3%D9%88-%D8%AA%D8%B7%D8%A8%D9%8A%D9%82-php-laravel
403 Forbidden,Non trouvé,Non trouvé,Non trouvé,Aucun avis,Inconnu,Inconnu,Aucun tag,https://khamsat.com/programming/full-app-creation/3807142-%D8%A5%D9%86%D8%B4%D8%A7%D8%A1-%D8%B4%D8%A7%D8%B4%D8%A9-%D8%AA%D8%B3%D8%AC%D9%8A%D9%84-%D8%A7%D9%84%D8%AF%D8%AE%D9%88%D9%84-login-signup
403 Forbidden,Non trouvé,Non trouvé,Non trouvé,Aucun avis,Inconnu,Inconnu,Aucun tag,https://khamsat.com/programming/css-html/3513295-%D8%AA%D8%B5%D9%85%D9%8A%D9%85-%D9%88%D8%A7%D8%AC%D9%87%D8%A7%D8%AA-%D9%85%D9%88%D8%A7%D9%82%D8%B9-%D8%AA%D9%81%D8%A7%D8%B9%D9%84%D9%8A%D8%A9-%D9%88%D9%85%D8%AA%D8%AC%D8%A7%D9%88%D8%A8%D8%A9
403 Forbidden,Non trouvé,Non trouvé,Non trouvé,Aucun avis,Inconnu,Inconnu,Aucun tag,https://khamsat.com/programming/custom-website-development/1751808-%D8%AA%D8%B5%D9%85%D9%8A%D9%85-%D8%B5%D9%81%D8%AD%D8%A7%D8%AA-%D9%88%D9%8A%D8%A8-%D8%A8%D8%A7%D8%B3%D8%AA%D8%AE%D8%AF%D8%A7%D9%85-html-css-bootstrap-%D9%85%D8%B9-%D8%B1%D9%81%D8%B9%D9%87%D8%A7-%D8%A3%D9%88%D9%86%D9%84%D8%A7%D9%8A%D9%86
403 Forbidden,Non trouvé,Non trouvé,Non trouvé,Aucun avis,Inconnu,Inconnu,Aucun tag,https://khamsat.com/programming/api-integrations/2561491-%D8%A8%D8%B1%D9%85%D8%AC%D8%A9-%D9%88%D8%AA%D8%B7%D9%88%D9%8A%D8%B1-%D9%88%D8%A7%D8%AC%D9%87%D8%A7%D8%AA-%D8%A8%D8%B1%D9%85%D8%AC%D8%A9-%D8%A7%D9%84%D8%AA%D8%B7%D8%A8%D9%8A%D9%82%D8%A7%D8%AA-apis
403 Forbidden,Non trouvé,Non trouvé,Non trouvé,Aucun avis,Inconnu,Inconnu,Aucun tag,https://khamsat.com/programming/full-app-creation/3875830-%D8%A8%D8%B1%D9%85%D8%AC%D8%A9-%D8%AA%D8%B7%D8%A8%D9%8A%D9%82-%D9%81%D9%84%D8%A7%D8%AA%D8%B1-iosandroid
403 Forbidden,Non trouvé,Non trouvé,Non trouvé,Aucun avis,Inconnu,Inconnu,Aucun tag,https://khamsat.com/programming/css-html/2788160-%D8%A7%D9%86%D8%B4%D8%A7%D8%A1-%D8%B5%D9%81%D8%AD%D8%A9-html-%D9%88-css-%D8%A8%D8%B4%D9%83%D9%84-%D8%A7%D8%AD%D8%AA%D8%B1%D8%A7%D9%81%D9%8A
403 Forbidden,Non trouvé,Non trouvé,Non trouvé,Aucun avis,Inconnu,Inconnu,Aucun tag,https://khamsat.com/programming/custom-website-development/3746422-%D8%B3%D8%A3%D9%82%D9%88%D9%85-%D8%A8%D8%AA%D8%B5%D9%85%D9%8A%D9%85-%D8%B5%D9%81%D8%AD%D8%A9-%D9%88%D9%8A%D8%A8-%D8%A8%D8%B4%D9%83%D9%84-%D9%85%D8%AA%D8%AC%D8%A7%D9%88%D8%A8-%D9%85%D8%B9-%D8%AC%D9%85%D9%8A%D8%B9-%D8%A7%D9%84%D8%A3%D8%AC%D9%87%D8%B2%D8%A9
403 Forbidden,Non trouvé,Non trouvé,Non trouvé,Aucun avis,Inconnu,Inconnu,Aucun tag,https://khamsat.com/programming/api-integrations/3279779-%D8%A8%D8%B1%D9%85%D8%AC%D8%A9-%D9%83%D9%88%D8%AF-%D8%A8%D8%A7%D9%8A%D8%AB%D9%88%D9%86-%D9%84%D8%A7%D8%B3%D8%AA%D8%AE%D9%84%D8%A7%D8%B5-%D8%A8%D9%8A%D8%A7%D9%86%D8%A7%D8%AA-%D9%85%D8%A8%D8%A7%D8%B1%D9%8A%D8%A7%D8%AA-%D9%83%D8%B1%D8%A9-%D8%A7%D9%84%D9%82%D8%AF%D9%85
403 Forbidden,Non trouvé,Non trouvé,Non trouvé,Aucun avis,Inconnu,Inconnu,Aucun tag,https://khamsat.com/programming/full-app-creation/3882267-%D8%AA%D8%B7%D8%A8%D9%8A%D9%82-%D9%84%D8%B4%D8%B1%D8%A7%D8%A1-%D8%A7%D9%84%D8%AF%D8%B1%D8%A7%D8%AC%D8%A7%D8%AA-%D8%B9%D8%A8%D8%B1-%D8%A7%D9%84%D8%A5%D9%86%D8%AA%D8%B1%D9%86%D8%AA
403 Forbidden,Non trouvé,Non trouvé,Non trouvé,Aucun avis,Inconnu,Inconnu,Aucun tag,https://khamsat.com/programming/css-html/2793447-%D8%B9%D9%85%D9%84-website-%D8%A8%D8%B3%D8%AA%D8%AE%D8%AF%D9%85-html-css-html5-css3
403 Forbidden,Non trouvé,Non trouvé,Non trouvé,Aucun avis,Inconnu,Inconnu,Aucun tag,https://khamsat.com/programming/custom-website-development/3076761-%D8%A7%D9%86%D8%B4%D8%A7%D8%A1-%D9%85%D9%88%D9%82%D8%B9-%D8%A7%D9%84%D9%83%D8%AA%D8%B1%D9%88%D9%86%D9%8A-%D8%B9%D9%84%D9%89-%D9%85%D9%86%D8%B5%D8%A9-%D9%88%D9%8A%D9%83%D8%B3-wix
403 Forbidden,Non trouvé,Non trouvé,Non trouvé,Aucun avis,Inconnu,Inconnu,Aucun tag,https://khamsat.com/programming/api-integrations/2675417-%D8%A8%D8%B1%D9%85%D8%AC%D9%87-%D8%A7%D9%84%D9%88%D8%A7%D8%AC%D9%87%D9%87-%D8%A7%D9%84%D8%A7%D9%85%D8%A7%D9%85%D9%8A%D9%87-%D8%A8%D8%A7%D8%B3%D8%AA%D8%AE%D8%AF%D8%A7%D9%85-html-css-bootstrab-js-react
403 Forbidden,Non trouvé,Non trouvé,Non trouvé,Aucun avis,Inconnu,Inconnu,Aucun tag,https://khamsat.com/programming/full-app-creation/3215564-%D8%A8%D8%B1%D9%85%D8%AC%D8%A9-%D9%88%D8%AA%D8%B7%D9%88%D9%8A%D8%B1-%D8%AA%D8%B7%D8%A8%D9%8A%D9%82%D8%A7%D8%AA-%D8%A7%D9%84%D8%A7%D9%86%D8%AF%D8%B1%D9%88%D9%8A%D8%AF
403 Forbidden,Non trouvé,Non trouvé,Non trouvé,Aucun avis,Inconnu,Inconnu,Aucun tag,https://khamsat.com/programming/css-html/3716327-%D8%AA%D8%B5%D9%85%D9%8A%D9%85-%D9%82%D9%88%D8%A7%D9%84%D8%A8-%D8%A5%D9%8A%D9%85%D9%8A%D9%84-html-%D8%A7%D8%AD%D8%AA%D8%B1%D8%A7%D9%81%D9%8A%D8%A9-%D9%88%D9%85%D8%AA%D8%AC%D8%A7%D9%88%D8%A8%D8%A9-%D9%84%D8%B4%D8%B1%D9%83%D8%AA%D9%83-%D8%A3%D9%88-%D9%85%D8%AA%D8%AC%D8%B1%D9%83
403 Forbidden,Non trouvé,Non trouvé,Non trouvé,Aucun avis,Inconnu,Inconnu,Aucun tag,https://khamsat.com/programming/custom-website-development/3433023-%D8%AA%D8%B7%D9%88%D9%8A%D8%B1-%D8%B5%D9%81%D8%AD%D8%A7%D8%AA-%D9%88%D9%8A%D8%A8-%D9%85%D8%AA%D9%82%D8%AF%D9%85%D8%A9-%D9%88%D8%B3%D8%B1%D9%8A%D8%B9%D8%A9-%D8%A7%D9%84%D8%A3%D8%AF%D8%A7%D8%A1-%D8%A8%D8%A7%D8%B3%D8%AA%D8%AE%D8%AF%D8%A7%D9%85-react.js
403 Forbidden,Non trouvé,Non trouvé,Non trouvé,Aucun avis,Inconnu,Inconnu,Aucun tag,https://khamsat.com/programming/api-integrations/3103259-%D8%A7%D8%B6%D9%8A%D9%81-%D8%A7%D9%85%D9%83%D8%A7%D9%86%D9%8A%D8%A9-%D8%AA%D8%B3%D8%AC%D9%8A%D9%84-%D8%A7%D9%84%D8%AF%D8%AE%D9%88%D9%84-%D8%A8%D8%AC%D9%88%D8%AC%D9%84-%D9%88-%D8%A7%D9%84%D9%81%D9%8A%D8%B3%D8%A8%D9%88%D9%83-%D8%B9%D9%84%D9%89-%D9%85%D9%88%D9%82%D8%B9%D9%83
403 Forbidden,Non trouvé,Non trouvé,Non trouvé,Aucun avis,Inconnu,Inconnu,Aucun tag,https://khamsat.com/programming/full-app-creation/3062520-%D8%AA%D8%B5%D9%85%D9%8A%D9%85-%D9%88%D8%A7%D8%AC%D9%87%D8%A7%D8%AA-%D8%AA%D8%B7%D8%A8%D9%8A%D9%82%D9%83-%D8%A8%D8%A7%D8%B3%D8%AA%D8%AE%D8%AF%D8%A7%D9%85-%D9%81%D9%84%D8%A7%D8%AA%D8%B1-%D8%A7%D9%86%D8%AF%D8%B1%D9%88%D9%8A%D8%AF-%D9%88-ios
403 Forbidden,Non trouvé,Non trouvé,Non trouvé,Aucun avis,Inconnu,Inconnu,Aucun tag,https://khamsat.com/programming/css-html/2897360-%D8%A8%D8%B1%D9%85%D8%AC%D9%87-%D8%A7%D9%81%D8%B6%D9%84-%D8%A7%D9%84%D9%85%D9%88%D9%82%D8%B9-%D8%A8%D9%8A-%D8%A7%D8%B3%D8%AA%D8%AE%D8%AF%D8%A7%D9%85-css%D9%88html
403 Forbidden,Non trouvé,Non trouvé,Non trouvé,Aucun avis,Inconnu,Inconnu,Aucun tag,https://khamsat.com/programming/custom-website-development/3780456-%D8%AA%D8%B5%D9%85%D9%8A%D9%85-%D9%85%D9%88%D9%82%D8%B9-%D8%A5%D9%84%D9%83%D8%AA%D8%B1%D9%88%D9%86%D9%8A-%D8%A8%D8%A7%D8%B3%D8%AA%D8%AE%D8%AF%D8%A7%D9%85-html5-css3-bootstrap-js
403 Forbidden,Non trouvé,Non trouvé,Non trouvé,Aucun avis,Inconnu,Inconnu,Aucun tag,https://khamsat.com/programming/api-integrations/2456171-api-%D9%84%D8%AA%D8%B7%D8%A8%D9%8A%D9%82-%D8%A7%D9%84%D8%A7%D9%84%D9%83%D8%AA%D8%B1%D9%88%D9%86%D9%8A-%D9%84%D9%85%D9%88%D9%82%D8%B9%D9%83-%D8%A7%D9%84%D8%A7%D9%84%D9%83%D8%AA%D8%B1%D9%88%D9%86%D9%8A-%D8%A8%D8%A7%D8%B3%D8%AA%D8%AE%D8%AF%D8%A7%D9%85-laravel
403 Forbidden,Non trouvé,Non trouvé,Non trouvé,Aucun avis,Inconnu,Inconnu,Aucun tag,https://khamsat.com/programming/full-app-creation/3618954-%D8%AA%D8%B5%D9%85%D9%8A%D9%85-%D8%AA%D8%B7%D8%A8%D9%8A%D9%82-%D9%85%D8%AA%D8%AE%D8%B5%D8%B5-%D9%84%D8%A5%D8%AF%D8%A7%D8%B1%D8%A9-%D8%A3%D8%B9%D9%85%D8%A7%D9%84%D9%83-%D8%A8%D8%B3%D9%87%D9%88%D9%84%D8%A9-%D8%A8%D8%A7%D8%B3%D8%AA%D8%AE%D8%AF%D8%A7%D9%85-appsheet
403 Forbidden,Non trouvé,Non trouvé,Non trouvé,Aucun avis,Inconnu,Inconnu,Aucun tag,https://khamsat.com/programming/css-html/3141968-%D8%AA%D8%B5%D9%85%D9%8A%D9%85-%D9%88%D8%AA%D8%B7%D9%88%D9%8A%D8%B1-%D8%B5%D9%81%D8%AD%D8%A9-%D9%88%D9%8A%D8%A8-%D8%A8%D8%A7%D8%B3%D8%AA%D8%AE%D8%AF%D8%A7%D9%85-html-%D9%88-css
403 Forbidden,Non trouvé,Non trouvé,Non trouvé,Aucun avis,Inconnu,Inconnu,Aucun tag,https://khamsat.com/programming/custom-website-development/2720892-%D8%AA%D8%B5%D9%85%D9%8A%D9%85-%D9%88%D8%A8%D8%B1%D9%85%D8%AC%D8%A9-%D9%85%D9%88%D9%82%D8%B9-%D8%A7%D8%AD%D8%AA%D8%B1%D8%A7%D9%81%D9%8A-%D9%88%D8%AC%D8%B0%D8%A7%D8%A8-%D9%85%D8%AA%D8%AC%D8%A7%D9%88%D8%A8-%D9%85%D8%B9-%D8%AC%D9%85%D9%8A%D8%B9%D8%A7%D9%84%D8%B4%D8%A7%D8%B4%D8%A7%D8%AA
403 Forbidden,Non trouvé,Non trouvé,Non trouvé,Aucun avis,Inconnu,Inconnu,Aucun tag,https://khamsat.com/programming/api-integrations/3554208-%D8%AA%D9%82%D8%AF%D9%8A%D9%85-%D8%AD%D9%84%D9%88%D9%84-%D8%A7%D8%AA%D9%85%D8%AA%D8%A9-%D9%85%D8%A8%D8%AA%D9%83%D8%B1%D8%A9-%D9%85%D8%AA%D9%83%D8%A7%D9%85%D9%84%D8%A9-%D9%85%D8%B5%D9%85%D9%85-%D8%B3%D9%8A%D8%B1-%D8%A7%D9%84%D8%B9%D9%85%D9%84-n8n
403 Forbidden,Non trouvé,Non trouvé,Non trouvé,Aucun avis,Inconnu,Inconnu,Aucun tag,https://khamsat.com/programming/full-app-creation/2150648-%D8%AA%D8%B5%D9%85%D9%8A%D9%85-%D9%88-%D8%A8%D8%B1%D9%85%D8%AC%D8%A9-%D8%A7%D9%84%D8%AA%D8%B7%D8%A8%D9%8A%D9%82%D8%A7%D8%AA-%D8%A8%D8%A3%D9%81%D9%83%D8%A7%D8%B1-%D9%88-%D8%AA%D8%B5%D9%85%D9%8A%D9%85-%D9%85%D8%A8%D8%AA%D9%83%D8%B1%D8%A9-%D9%88-%D8%B9%D8%B5%D8%B1%D9%8A-%D9%88-%D8%AD%D8%AF%D9%8A%D8%AB
403 Forbidden,Non trouvé,Non trouvé,Non trouvé,Aucun avis,Inconnu,Inconnu,Aucun tag,https://khamsat.com/programming/css-html/3643817-%D8%AA%D8%B5%D9%85%D9%8A%D9%85-login-form-%D9%83%D8%A7%D9%85%D9%84%D9%87-%D8%A8%D8%A7%D9%84-sign-in-sign-up
403 Forbidden,Non trouvé,Non trouvé,Non trouvé,Aucun avis,Inconnu,Inconnu,Aucun tag,https://khamsat.com/programming/custom-website-development/2362345-%D8%AA%D8%B5%D9%85%D9%8A%D9%85-%D9%85%D9%88%D9%82%D8%B9%D9%83-%D8%A7%D9%84%D8%AE%D8%A7%D8%B5-%D8%A8%D8%B4%D9%83%D9%84-%D8%A7%D9%81%D8%B6%D9%84
403 Forbidden,Non trouvé,Non trouvé,Non trouvé,Aucun avis,Inconnu,Inconnu,Aucun tag,https://khamsat.com/programming/api-integrations/2865468-%D8%AA%D8%AE%D8%B5%D8%B5-%D8%B3%D9%84%D9%87-webhooks-%D9%88%D8%A7%D9%86%D8%B8%D9%85%D8%A9-%D8%B1%D8%A8%D8%B7-salla-api-%D8%A8%D9%85%D9%88%D8%A7%D9%82%D8%B9-php
403 Forbidden,Non trouvé,Non trouvé,Non trouvé,Aucun avis,Inconnu,Inconnu,Aucun tag,https://khamsat.com/programming/full-app-creation/3231106-%D8%AA%D8%B5%D9%85%D9%8A%D9%85-%D8%AA%D8%B7%D8%A8%D9%8A%D9%82-to-do-list-%D8%A7%D8%AD%D8%AA%D8%B1%D8%A7%D9%81%D9%8A-%D8%A8%D8%A7%D8%B3%D8%AA%D8%AE%D8%AF%D8%A7%D9%85-flutter-%D9%88dart
403 Forbidden,Non trouvé,Non trouvé,Non trouvé,Aucun avis,Inconnu,Inconnu,Aucun tag,https://khamsat.com/programming/css-html/2077344-%D8%A8%D8%B1%D9%85%D8%AC%D8%A9-%D8%A5%D8%AD%D8%AF%D9%89-%D9%88%D8%B8%D8%A7%D8%A6%D9%81-bootstrap-%D8%A8%D9%85%D8%AE%D8%AA%D9%84%D9%81-%D8%A5%D8%B5%D8%AF%D8%A7%D8%B1%D8%A7%D8%AA%D9%87%D8%A7
403 Forbidden,Non trouvé,Non trouvé,Non trouvé,Aucun avis,Inconnu,Inconnu,Aucun tag,https://khamsat.com/programming/custom-website-development/3182937-%D8%A8%D8%B1%D9%85%D8%AC%D8%A9-%D9%85%D8%AA%D8%AC%D8%B1-%D8%A7%D9%84%D9%83%D8%AA%D8%B1%D9%88%D9%86%D9%89-%D8%A8%D8%A7%D8%B3%D8%AA%D8%B9%D9%85%D8%A7%D9%84-html-css-js-react.js
403 Forbidden,Non trouvé,Non trouvé,Non trouvé,Aucun avis,Inconnu,Inconnu,Aucun tag,https://khamsat.com/programming/api-integrations/2138650-%D8%A7%D8%B5%D9%84%D8%A7%D8%AD-%D8%A7%D8%AE%D8%B7%D8%A7%D8%A1-django-%D8%A7%D9%84%D9%85%D8%B4%D8%A7%D9%83%D9%84-%D9%88-rest-framework-api-%D9%81%D9%8A-%D9%85%D8%B4%D8%B1%D9%88%D8%B9%D9%83
403 Forbidden,Non trouvé,Non trouvé,Non trouvé,Aucun avis,Inconnu,Inconnu,Aucun tag,https://khamsat.com/programming/full-app-creation/2078009-%D8%A7%D9%86%D8%B4%D8%A7%D8%A1-%D8%AA%D8%B7%D8%A8%D9%8A%D9%82-andriod-%D8%A8%D9%84%D8%BA%D9%87-java
403 Forbidden,Non trouvé,Non trouvé,Non trouvé,Aucun avis,Inconnu,Inconnu,Aucun tag,https://khamsat.com/programming/css-html/3742004-%D8%AA%D8%B5%D9%85%D9%8A%D9%85-%D9%88%D8%A7%D8%AC%D9%87%D8%A7%D8%AA-%D9%85%D9%88%D8%A7%D9%82%D8%B9-%D8%A7%D8%AD%D8%AA%D8%B1%D8%A7%D9%81%D9%8A%D8%A9-%D8%A8%D8%A7%D8%B3%D8%AA%D8%AE%D8%AF%D8%A7%D9%85-react
403 Forbidden,Non trouvé,Non trouvé,Non trouvé,Aucun avis,Inconnu,Inconnu,Aucun tag,https://khamsat.com/programming/custom-website-development/3575880-%D8%AA%D8%B7%D9%88%D9%8A%D8%B1-%D9%85%D9%88%D8%A7%D9%82%D8%B9-%D8%A8%D8%A7%D8%B3%D8%AA%D8%AE%D8%AF%D8%A7%D9%85-react-node-js
403 Forbidden,Non trouvé,Non trouvé,Non trouvé,Aucun avis,Inconnu,Inconnu,Aucun tag,https://khamsat.com/programming/api-integrations/1757249-%D8%A8%D8%B1%D9%85%D8%AC%D8%A9-api-%D9%84%D8%AA%D8%B7%D8%A8%D9%8A%D9%82%D8%A7%D8%AA-%D8%A7%D9%84%D8%AC%D9%88%D8%A7%D9%84-%D8%AA%D8%A7%D8%A8%D8%B9-%D9%88%D8%A7%D8%AD%D8%AF
403 Forbidden,Non trouvé,Non trouvé,Non trouvé,Aucun avis,Inconnu,Inconnu,Aucun tag,https://khamsat.com/programming/full-app-creation/2055925-%D8%AA%D8%AD%D9%88%D9%8A%D9%84-%D8%AA%D8%B5%D9%85%D9%8A%D9%85-uiux-%D8%A7%D9%84%D9%8A-flutter-code
403 Forbidden,Non trouvé,Non trouvé,Non trouvé,Aucun avis,Inconnu,Inconnu,Aucun tag,https://khamsat.com/programming/css-html/3681627-%D8%AA%D8%B5%D9%85%D9%8A%D9%85-%D9%88%D8%A8%D8%B1%D9%85%D8%AC%D8%A9-%D8%B5%D9%81%D8%AD%D8%A9-%D9%88%D9%8A%D8%A8-%D8%AA%D9%81%D8%A7%D8%B9%D9%84%D9%8A%D8%A9-%D8%A8%D8%A7%D8%B3%D8%AA%D8%AE%D8%AF%D8%A7%D9%85-html-%D9%88css-%D9%88javascript
403 Forbidden,Non trouvé,Non trouvé,Non trouvé,Aucun avis,Inconnu,Inconnu,Aucun tag,https://khamsat.com/programming/custom-website-development/3595573-%D9%85%D9%88%D9%82%D8%B9-%D9%83%D8%A7%D9%85%D9%84-%D8%A8%D9%84%D8%BA%D8%A9-php-%D9%88%D8%A5%D8%B7%D8%A7%D8%B1-laravel
403 Forbidden,Non trouvé,Non trouvé,Non trouvé,Aucun avis,Inconnu,Inconnu,Aucun tag,https://khamsat.com/programming/api-integrations/3740243-%D8%AA%D8%B7%D9%88%D9%8A%D8%B1-backend-%D9%85%D8%AA%D9%83%D8%A7%D9%85%D9%84-%D9%85%D8%B9-%D8%A5%D8%AF%D8%A7%D8%B1%D8%A9-%D9%82%D9%88%D8%A7%D8%B9%D8%AF-%D8%A7%D9%84%D8%A8%D9%8A%D8%A7%D9%86%D8%A7%D8%AA
403 Forbidden,Non trouvé,Non trouvé,Non trouvé,Aucun avis,Inconnu,Inconnu,Aucun tag,https://khamsat.com/programming/full-app-creation/3793741-%D8%A5%D9%86%D8%B4%D8%A7%D8%A1-%D8%AA%D8%B7%D8%A8%D9%8A%D9%82%D8%A7%D8%AA-%D9%85%D9%88%D8%A8%D8%A7%D9%8A%D9%84-%D8%A7%D8%AD%D8%AA%D8%B1%D8%A7%D9%81%D9%8A%D8%A9-%D8%A8%D8%A7%D8%B3%D8%AA%D8%AE%D8%AF%D8%A7%D9%85-%D9%81%D9%84%D8%A7%D8%AA%D8%B1-%D9%88%D8%AF%D8%A7%D8%B1%D8%AA
403 Forbidden,Non trouvé,Non trouvé,Non trouvé,Aucun avis,Inconnu,Inconnu,Aucun tag,https://khamsat.com/programming/css-html/3766981-%D8%AA%D8%B5%D9%85%D9%8A%D9%85-%D9%88%D8%AA%D8%B7%D9%88%D9%8A%D8%B1-%D9%88%D8%A7%D8%AC%D9%87%D8%A7%D8%AA-%D9%88%D9%8A%D8%A8-%D8%A7%D8%AD%D8%AA%D8%B1%D8%A7%D9%81%D9%8A%D8%A9-%D8%A8%D8%A7%D8%B3%D8%AA%D8%AE%D8%AF%D8%A7%D9%85-html-css-%D9%88-javas
403 Forbidden,Non trouvé,Non trouvé,Non trouvé,Aucun avis,Inconnu,Inconnu,Aucun tag,https://khamsat.com/programming/custom-website-development/3199100-%D8%AA%D8%B5%D9%85%D9%8A%D9%85-%D9%88%D8%AA%D8%B7%D9%88%D9%8A%D8%B1-frontend-%D9%84%D8%B5%D9%81%D8%AD%D8%A7%D8%AA-%D9%88%D9%8A%D8%A8
403 Forbidden,Non trouvé,Non trouvé,Non trouvé,Aucun avis,Inconnu,Inconnu,Aucun tag,https://khamsat.com/programming/api-integrations/3221081-%D8%B9%D9%85%D9%84-%D9%88%D8%A7%D8%AC%D9%87%D9%87-api-%D8%AE%D8%A7%D8%B5%D8%A9-%D8%A8%D8%A3%D9%8A-%D9%85%D8%B4%D8%B1%D9%88%D8%B9-%D8%A8%D8%A7%D8%A7%D8%B3%D8%AA%D8%AE%D8%AF%D8%A7%D9%85-asp.net-core-api
403 Forbidden,Non trouvé,Non trouvé,Non trouvé,Aucun avis,Inconnu,Inconnu,Aucun tag,https://khamsat.com/programming/full-app-creation/3745201-%D8%AA%D8%B5%D9%85%D9%8A%D9%85-%D8%AA%D8%B7%D8%A8%D9%8A%D9%82%D8%A7%D8%AA-%D8%A7%D9%86%D8%AF%D8%B1%D9%88%D9%8A%D8%AF-%D9%85%D9%85%D9%8A%D8%B2%D8%A9-%D8%A8%D8%A7%D8%B3%D8%AA%D8%AE%D8%AF%D8%A7%D9%85-kotlinjetback-compose
403 Forbidden,Non trouvé,Non trouvé,Non trouvé,Aucun avis,Inconnu,Inconnu,Aucun tag,https://khamsat.com/programming/css-html/3818114-%D8%AA%D8%B5%D9%85%D9%8A%D9%85-%D8%B5%D9%81%D8%AD%D8%A9-%D8%AA%D8%B3%D8%AC%D9%8A%D9%84-%D8%AF%D8%AE%D9%88%D9%84-%D8%A8-html-%D9%88-css
403 Forbidden,Non trouvé,Non trouvé,Non trouvé,Aucun avis,Inconnu,Inconnu,Aucun tag,https://khamsat.com/programming/custom-website-development/2847139-%D8%AA%D8%B5%D9%85%D9%8A%D9%85-%D8%B5%D9%81%D8%AD%D8%A9-%D9%88%D9%8A%D8%A8-%D8%A8%D8%A7%D8%B3%D8%AA%D8%AE%D8%AF%D8%A7%D9%85-html5-css3-javascript-bootstrap
403 Forbidden,Non trouvé,Non trouvé,Non trouvé,Aucun avis,Inconnu,Inconnu,Aucun tag,https://khamsat.com/programming/full-app-creation/3455053-%D8%AA%D8%AD%D9%88%D9%8A%D9%84-%D9%81%D9%83%D8%B1%D8%AA%D9%83-%D8%A5%D9%84%D9%89-%D8%AA%D8%B7%D8%A8%D9%8A%D9%82-%D8%A3%D9%86%D8%AF%D8%B1%D9%88%D9%8A%D8%AF-%D8%A7%D8%AD%D8%AA%D8%B1%D8%A7%D9%81%D9%8A-%D9%88%D8%AC%D8%B0%D8%A7%D8%A8-%D8%A8%D8%A7%D8%B3%D8%AA%D8%AE%D8%AF%D8%A7%D9%85-flutter
403 Forbidden,Non trouvé,Non trouvé,Non trouvé,Aucun avis,Inconnu,Inconnu,Aucun tag,https://khamsat.com/programming/api-integrations/3781184-%D8%A5%D9%86%D8%B4%D8%A7%D8%A1-restful-api-%D8%A7%D8%AD%D8%AA%D8%B1%D8%A7%D9%81%D9%8A-%D9%85%D8%B9-%D9%82%D8%A7%D8%B9%D8%AF%D8%A9-%D8%A8%D9%8A%D8%A7%D9%86%D8%A7%D8%AA-crud
403 Forbidden,Non trouvé,Non trouvé,Non trouvé,Aucun avis,Inconnu,Inconnu,Aucun tag,https://khamsat.com/programming/css-html/3647836-%D8%A5%D9%86%D8%B4%D8%A7%D8%A1-%D8%B5%D9%81%D8%AD%D8%A9-%D9%88%D9%8A%D8%A8-%D8%AA%D8%B9%D8%B1%D9%8A%D9%81%D9%8A%D8%A9-%D9%84%D8%B4%D8%B1%D9%83%D8%AA%D9%83-%D8%A3%D9%88-%D9%85%D8%B4%D8%B1%D9%88%D8%B9%D9%83
403 Forbidden,Non trouvé,Non trouvé,Non trouvé,Aucun avis,Inconnu,Inconnu,Aucun tag,https://khamsat.com/programming/full-app-creation/3054302-%D8%AA%D8%B7%D9%88%D9%8A%D8%B1-%D8%AA%D8%B7%D8%A8%D9%8A%D9%82-%D9%85%D9%88%D8%A8%D8%A7%D9%8A%D9%84-%D9%8A%D8%B9%D9%85%D9%84-%D8%B9%D9%84%D9%89-android-%D9%88-ios-%D8%A8-flutter
403 Forbidden,Non trouvé,Non trouvé,Non trouvé,Aucun avis,Inconnu,Inconnu,Aucun tag,https://khamsat.com/programming/api-integrations/3278306-%D8%AA%D8%B7%D9%88%D9%8A%D8%B1-%D9%88%D8%B5%D9%8A%D8%A7%D9%86%D8%A9-%D8%A3%D9%86%D8%B8%D9%85%D8%A9-back-end-%D8%A8%D8%A7%D8%B3%D8%AA%D8%AE%D8%AF%D8%A7%D9%85-django-%D8%A8%D8%A7%D8%AD%D8%AA%D8%B1%D8%A7%D9%81%D9%8A%D8%A9
403 Forbidden,Non trouvé,Non trouvé,Non trouvé,Aucun avis,Inconnu,Inconnu,Aucun tag,https://khamsat.com/programming/custom-website-development/2248990-%D8%AA%D8%B5%D9%85%D9%8A%D9%85-%D9%88-%D8%A8%D8%B1%D9%85%D8%AC%D8%A9-%D8%B5%D9%81%D8%AD%D8%A9-%D9%88%D8%A7%D8%AD%D8%AF%D8%A9-%D8%A8%D8%A7%D8%B3%D8%AA%D8%AE%D8%AF%D8%A7%D9%85-%D9%84%D8%A7%D8%B1%D9%81%D9%8A%D9%84-laravel
403 Forbidden,Non trouvé,Non trouvé,Non trouvé,Aucun avis,Inconnu,Inconnu,Aucun tag,https://khamsat.com/programming/css-html/3591269-%D8%AA%D8%B5%D9%85%D9%8A%D9%85-%D9%88%D8%A7%D8%AC%D9%87%D8%A9-%D9%85%D9%88%D9%82%D8%B9-%D9%85%D8%AA%D9%88%D8%A7%D9%81%D9%82%D8%A9-%D9%85%D8%B9-%D8%AC%D9%85%D9%8A%D8%B9-%D8%A7%D9%84%D8%B4%D8%A7%D8%B4%D8%A7%D8%AA-%D8%A8%D8%A7%D8%B3%D8%AA%D8%AE%D8%AF%D8%A7%D9%85-html-%D9%88css
403 Forbidden,Non trouvé,Non trouvé,Non trouvé,Aucun avis,Inconnu,Inconnu,Aucun tag,https://khamsat.com/programming/full-app-creation/2439392-%D8%AA%D8%AD%D9%88%D9%8A%D9%84-%D8%A7%D9%84%D9%88%D9%88%D8%B1%D8%AF%D8%A8%D8%B1%D9%8A%D8%B3-%D8%A5%D9%84%D9%89-%D8%AA%D8%B7%D8%A8%D9%8A%D9%82-android-ios
403 Forbidden,Non trouvé,Non trouvé,Non trouvé,Aucun avis,Inconnu,Inconnu,Aucun tag,https://khamsat.com/programming/custom-website-development/3754939-%D8%B3%D8%A3%D8%B5%D9%85%D9%85-%D9%88%D8%A3%D8%A8%D8%B1%D9%85%D8%AC-%D9%85%D9%88%D9%82%D8%B9%D9%83-%D8%A7%D9%84%D8%A5%D9%84%D9%83%D8%AA%D8%B1%D9%88%D9%86%D9%8A-%D9%85%D8%AA%D9%83%D8%A7%D9%85%D9%84-%D8%A8%D8%A7%D8%B3%D8%AA%D8%AE%D8%AF%D8%A7%D9%85-php-%D9%88mysql
403 Forbidden,Non trouvé,Non trouvé,Non trouvé,Aucun avis,Inconnu,Inconnu,Aucun tag,https://khamsat.com/programming/api-integrations/3050983-%D8%B3%D9%88%D9%81-%D8%A7%D9%82%D9%88%D9%85-%D9%81%D9%8A-%D8%A8%D9%86%D8%A7%D8%A1-%D9%88%D8%A7%D8%AC%D9%87%D8%A9-%D8%AE%D9%84%D9%81%D9%8A%D8%A9-%D9%85%D9%86-%D8%A7%D9%84%D8%B5%D9%81%D8%B1-%D8%A8%D8%B3%D8%AA%D8%AE%D8%AF%D8%A7%D9%85-node-js
403 Forbidden,Non trouvé,Non trouvé,Non trouvé,Aucun avis,Inconnu,Inconnu,Aucun tag,https://khamsat.com/programming/css-html/3652976-%D8%AA%D8%B5%D9%85%D9%8A%D9%85-%D8%A3%D9%88-%D8%AA%D8%B9%D8%AF%D9%8A%D9%84-%D8%B5%D9%81%D8%AD%D8%A9-%D9%88%D9%8A%D8%A8-%D8%A8%D8%A7%D8%B3%D8%AA%D8%AE%D8%AF%D8%A7%D9%85-html-%D9%88css-%D8%A8%D8%A7%D8%AD%D8%AA%D8%B1%D8%A7%D9%81%D9%8A%D8%A9
403 Forbidden,Non trouvé,Non trouvé,Non trouvé,Aucun avis,Inconnu,Inconnu,Aucun tag,https://khamsat.com/programming/custom-website-development/3273919-%D8%B5%D9%81%D8%AD%D8%A9-%D9%88%D9%8A%D8%A8-%D9%83%D8%A7%D9%85%D9%84%D8%A9-%D8%AD%D8%B3%D8%A8-%D8%B7%D9%84%D8%A8%D9%83-%D8%AA%D8%B5%D9%85%D9%8A%D9%85-%D8%A8%D8%B1%D9%85%D8%AC%D8%A9-frontend-backend
403 Forbidden,Non trouvé,Non trouvé,Non trouvé,Aucun avis,Inconnu,Inconnu,Aucun tag,https://khamsat.com/programming/full-app-creation/3877269-%D8%A8%D8%B1%D9%85%D8%AC%D8%A9-%D8%AA%D8%B7%D8%A8%D9%8A%D9%82%D8%A7%D8%AA-%D8%A3%D9%86%D8%AF%D8%B1%D9%88%D9%8A%D8%AF-android-%D9%85%D8%AA%D9%82%D8%AF%D9%85%D8%A9-%D9%85%D8%B9-%D8%AF%D8%B9%D9%85-%D9%81%D9%86%D9%8A
403 Forbidden,Non trouvé,Non trouvé,Non trouvé,Aucun avis,Inconnu,Inconnu,Aucun tag,https://khamsat.com/programming/api-integrations/3548626-%D8%AA%D8%B7%D9%88%D9%8A%D8%B1-restful-api-%D8%A8%D8%A7%D8%B3%D8%AA%D8%AE%D8%AF%D8%A7%D9%85-node-%D9%88-express-%D9%88-postgresql
403 Forbidden,Non trouvé,Non trouvé,Non trouvé,Aucun avis,Inconnu,Inconnu,Aucun tag,https://khamsat.com/programming/css-html/3491720-%D8%AA%D8%B5%D9%85%D9%8A%D9%85-%D8%B5%D9%81%D8%AD%D8%A7%D8%AA-%D8%A8%D8%A7%D8%B3%D8%AA%D8%AE%D8%AF%D8%A7%D9%85-html5css3js
403 Forbidden,Non trouvé,Non trouvé,Non trouvé,Aucun avis,Inconnu,Inconnu,Aucun tag,https://khamsat.com/programming/custom-website-development/2509569-%D8%AA%D8%B5%D9%85%D9%8A%D9%85-%D9%85%D9%88%D9%82%D8%B9-%D8%A5%D9%84%D9%83%D8%AA%D8%B1%D9%88%D9%86%D9%8A-%D8%AC%D8%B0%D8%A7%D8%A8-%D9%88%D9%85%D9%85%D9%8A%D8%B2
403 Forbidden,Non trouvé,Non trouvé,Non trouvé,Aucun avis,Inconnu,Inconnu,Aucun tag,https://khamsat.com/programming/api-integrations/2922381-%D8%A7%D9%86%D8%B4%D8%A7%D8%A1-%D9%88%D8%A7%D8%AC%D9%87%D8%A9-%D8%AA%D8%B7%D8%A8%D9%8A%D9%82%D8%A7%D8%AA-%D8%AE%D9%84%D9%81%D9%8A%D9%87-%D8%A8%D8%A7%D8%B3%D8%AA%D8%AE%D8%AF%D8%A7%D9%85-django
403 Forbidden,Non trouvé,Non trouvé,Non trouvé,Aucun avis,Inconnu,Inconnu,Aucun tag,https://khamsat.com/programming/full-app-creation/3753264-%D8%B3%D8%A3%D9%82%D9%88%D9%85-%D8%A8%D8%AA%D8%B7%D9%88%D9%8A%D8%B1-%D8%AA%D8%B7%D8%A8%D9%8A%D9%82%D8%A7%D8%AA-%D9%85%D9%88%D8%A8%D8%A7%D9%8A%D9%84-%D8%A7%D8%AD%D8%AA%D8%B1%D8%A7%D9%81%D9%8A%D8%A9-%D8%A8%D8%A7%D8%B3%D8%AA%D8%AE%D8%AF%D8%A7%D9%85-flutter
403 Forbidden,Non trouvé,Non trouvé,Non trouvé,Aucun avis,Inconnu,Inconnu,Aucun tag,https://khamsat.com/programming/css-html/3737176-%D8%AA%D8%B5%D9%85%D9%8A%D9%85-%D8%B5%D9%81%D8%AD%D8%A9-%D9%88%D9%8A%D8%A8-%D8%A7%D8%AD%D8%AA%D8%B1%D8%A7%D9%81%D9%8A%D8%A9-%D8%A8%D8%A7%D8%B3%D8%AA%D8%AE%D8%AF%D8%A7%D9%85-html-%D9%88css-%D8%A8%D8%AA%D9%86%D8%B3%D9%8A%D9%82-%D9%85%D9%86%D8%B8%D9%85
403 Forbidden,Non trouvé,Non trouvé,Non trouvé,Aucun avis,Inconnu,Inconnu,Aucun tag,https://khamsat.com/programming/custom-website-development/2654075-%D8%A8%D8%B1%D9%85%D8%AC%D8%A9-%D9%85%D9%88%D8%A7%D9%82%D8%B9-%D9%88%D9%8A%D8%A8-%D8%A8%D8%A7%D8%B3%D8%AA%D8%AE%D8%AF%D8%A7%D9%85-react-js
403 Forbidden,Non trouvé,Non trouvé,Non trouvé,Aucun avis,Inconnu,Inconnu,Aucun tag,https://khamsat.com/programming/full-app-creation/2502176-%D8%AA%D8%B5%D9%85%D9%8A%D9%85-%D9%88%D8%AA%D8%B7%D9%88%D9%8A%D8%B1-%D8%AA%D8%B7%D8%A8%D9%8A%D9%82-%D9%87%D8%A7%D8%AA%D9%81-%D8%A8%D8%B4%D9%83%D9%84-%D8%A7%D8%AD%D8%B1%D8%A7%D9%81%D9%8A-%D9%84%D9%84%D8%A3%D9%86%D8%AF%D8%B1%D9%88%D9%8A%D8%AF-%D9%88%D8%A3%D9%8A%D9%81%D9%88%D9%86
403 Forbidden,Non trouvé,Non trouvé,Non trouvé,Aucun avis,Inconnu,Inconnu,Aucun tag,https://khamsat.com/programming/api-integrations/3257376-%D8%B3%D8%A3%D9%82%D9%88%D9%85-%D8%A8%D8%A8%D8%B1%D9%85%D8%AC%D8%A9-%D9%88%D8%AA%D8%B7%D9%88%D9%8A%D8%B1-%D8%A8%D8%A7%D9%83-%D8%A5%D9%86%D8%AF-%D8%A7%D8%AD%D8%AA%D8%B1%D8%A7%D9%81%D9%8A-%D8%A8%D8%A7%D8%B3%D8%AA%D8%AE%D8%AF%D8%A7%D9%85-.net-%D9%84%D8%A3%D9%8A-%D9%85%D8%B4%D8%B1%D9%88%D8%B9
403 Forbidden,Non trouvé,Non trouvé,Non trouvé,Aucun avis,Inconnu,Inconnu,Aucun tag,https://khamsat.com/programming/css-html/3348928-%D8%AA%D8%B5%D9%85%D9%8A%D9%85-%D8%B5%D9%81%D8%AD%D8%A9-%D9%87%D8%A8%D9%88%D8%B7-%D8%A7%D8%AD%D8%AA%D8%B1%D8%A7%D9%81%D9%8A%D8%A9-%D8%AA%D8%AA%D9%88%D8%A7%D9%81%D9%82-%D9%85%D8%B9-%D8%AC%D9%85%D9%8A%D8%B9-%D8%A7%D9%84%D8%A3%D8%AC%D9%87%D8%B2%D8%A9
403 Forbidden,Non trouvé,Non trouvé,Non trouvé,Aucun avis,Inconnu,Inconnu,Aucun tag,https://khamsat.com/programming/custom-website-development/3882140-%D8%AA%D8%B5%D9%85%D9%8A%D9%85-%D9%88%D8%AA%D8%B7%D9%88%D9%8A%D8%B1-%D9%85%D9%86%D8%B5%D8%A7%D8%AA-%D8%B7%D8%B9%D8%A7%D9%85-%D8%B1%D9%82%D9%85%D9%8A%D8%A9-%D8%A8%D8%AA%D9%82%D9%86%D9%8A%D8%A9-react-%D9%85%D8%AA%D9%83%D8%A7%D9%85%D9%84%D8%A9-%D9%88%D8%B3%D8%B1%D9%8A%D8%B9%D8%A9
403 Forbidden,Non trouvé,Non trouvé,Non trouvé,Aucun avis,Inconnu,Inconnu,Aucun tag,https://khamsat.com/programming/full-app-creation/3293722-%D8%AA%D8%B7%D8%A8%D9%8A%D9%82-flutter-%D9%84%D9%84%D8%AA%D8%AD%D9%83%D9%85-%D9%81%D9%8A-%D8%A3%D8%AC%D9%87%D8%B2%D8%A9-arduino-%D9%88esp-%D8%B9%D8%A8%D8%B1-bluetooth
403 Forbidden,Non trouvé,Non trouvé,Non trouvé,Aucun avis,Inconnu,Inconnu,Aucun tag,https://khamsat.com/programming/api-integrations/3110181-%D8%AA%D8%B7%D9%88%D9%8A%D8%B1-%D8%AA%D8%B7%D8%A8%D9%8A%D9%82%D8%A7%D8%AA-%D9%88%D9%8A%D8%A8-%D9%85%D8%AA%D9%83%D8%A7%D9%85%D9%84%D8%A9-%D8%A8%D8%A7%D8%B3%D8%AA%D8%AE%D8%AF%D8%A7%D9%85-nestjs-%D8%A3%D9%88-.net-core
403 Forbidden,Non trouvé,Non trouvé,Non trouvé,Aucun avis,Inconnu,Inconnu,Aucun tag,https://khamsat.com/programming/css-html/3493368-%D8%A3%D9%82%D9%88%D9%85-%D8%A8%D8%AA%D8%B5%D9%85%D9%8A%D9%85-%D8%B5%D9%81%D8%AD%D8%A9-%D9%88%D9%8A%D8%A8-%D8%A7%D8%AD%D8%AA%D8%B1%D8%A7%D9%81%D9%8A%D8%A9-%D8%A8%D8%A7%D8%B3%D8%AA%D8%AE%D8%AF%D8%A7%D9%85-html-%D9%88css
403 Forbidden,Non trouvé,Non trouvé,Non trouvé,Aucun avis,Inconnu,Inconnu,Aucun tag,https://khamsat.com/programming/custom-website-development/2888563-%D8%B3%D9%88%D9%81-%D8%A7%D9%82%D9%88%D9%85-%D8%A8%D8%A8%D8%B1%D9%85%D8%AC%D8%A9-%D9%88%D8%AA%D8%B7%D9%88%D9%8A%D8%B1-%D9%85%D9%88%D9%82%D8%B9-%D8%A7%D9%84%D9%83%D8%AA%D8%B1%D9%88%D9%86%D9%8A-%D9%83%D8%A7%D9%85%D9%84-%D9%85%D8%B9-%D9%84%D9%88%D8%AD%D8%A9-%D8%A7%D9%84%D8%AA%D8%AD%D9%83%D9%85-%D8%A7%D9%84%D8%AE%D8%A7%D8%B5-%D8%A8%D9%87
403 Forbidden,Non trouvé,Non trouvé,Non trouvé,Aucun avis,Inconnu,Inconnu,Aucun tag,https://khamsat.com/programming/full-app-creation/3798834-%D8%AA%D8%B5%D9%85%D9%8A%D9%85-%D8%AA%D8%B7%D8%A8%D9%8A%D9%82%D8%A7%D8%AA-%D9%85%D9%88%D8%A8%D8%A7%D9%8A%D9%84-%D8%A8%D8%A7%D8%B3%D8%AA%D8%AE%D8%AF%D8%A7%D9%85-%D9%81%D9%84%D8%A7%D8%AA%D8%B1
403 Forbidden,Non trouvé,Non trouvé,Non trouvé,Aucun avis,Inconnu,Inconnu,Aucun tag,https://khamsat.com/programming/api-integrations/3847114-%D8%A5%D9%86%D8%B4%D8%A7%D8%A1-rest-api-%D9%85%D8%AE%D8%B5%D8%B5-%D9%84%D9%85%D9%88%D9%82%D8%B9-%D9%88%D9%88%D8%B1%D8%AF%D8%A8%D8%B1%D9%8A%D8%B3-%D8%A3%D9%88-laravel
403 Forbidden,Non trouvé,Non trouvé,Non trouvé,Aucun avis,Inconnu,Inconnu,Aucun tag,https://khamsat.com/programming/css-html/3769243-%D8%AA%D8%B5%D9%85%D9%8A%D9%85-%D9%88%D8%A7%D8%AC%D9%87%D8%A7%D8%AA-%D8%A3%D9%86%D9%8A%D9%82%D8%A9-%D8%A8%D9%80-htmlcss-%D8%A8%D9%86%D8%A7%D8%A1-%D9%82%D8%AF%D8%B1%D8%A7%D8%AA-%D8%B0%D9%83%D8%A7%D8%A1-%D8%A7%D8%B5%D8%B7%D9%86%D8%A7%D8%B9%D9%8A
403 Forbidden,Non trouvé,Non trouvé,Non trouvé,Aucun avis,Inconnu,Inconnu,Aucun tag,https://khamsat.com/programming/custom-website-development/2222663-%D8%AA%D8%B7%D9%88%D9%8A%D8%B1-%D8%A7%D9%84%D9%85%D9%88%D8%A7%D9%82%D8%B9-%D8%A7%D9%84%D8%A5%D9%84%D9%83%D8%AA%D8%B1%D9%88%D9%86%D9%8A%D8%A9-%D8%A8%D9%84%D8%BA%D8%A9-%D8%A8%D8%A7%D9%8A%D8%AB%D9%88%D9%86-django-framework
403 Forbidden,Non trouvé,Non trouvé,Non trouvé,Aucun avis,Inconnu,Inconnu,Aucun tag,https://khamsat.com/programming/api-integrations/2845677-%D8%A8%D8%B1%D9%85%D8%AC%D8%A9-%D9%88%D8%A7%D8%AC%D9%87%D8%A9-%D8%AE%D9%84%D9%81%D9%8A%D8%A9-%D9%84%D9%85%D9%88%D9%82%D8%B9%D9%83-%D8%A7%D9%88-%D8%AA%D8%B7%D8%A8%D9%8A%D9%82%D9%83-%D8%A8%D8%A5%D8%B3%D8%AA%D8%AE%D8%AF%D8%A7%D9%85-node-js
403 Forbidden,Non trouvé,Non trouvé,Non trouvé,Aucun avis,Inconnu,Inconnu,Aucun tag,https://khamsat.com/programming/full-app-creation/2980323-%D8%AA%D8%AD%D9%88%D9%8A%D9%84-%D8%AA%D8%B5%D9%85%D9%8A%D9%85-%D9%81%D9%8A%D8%AC%D9%85%D8%A7-%D8%A7%D9%84%D9%8A-%D8%AA%D8%B7%D8%A8%D9%8A%D9%82-flutter
403 Forbidden,Non trouvé,Non trouvé,Non trouvé,Aucun avis,Inconnu,Inconnu,Aucun tag,https://khamsat.com/programming/css-html/3297069-%D8%A8%D8%B1%D9%85%D8%AC%D8%A9-%D9%85%D9%88%D8%A7%D9%82%D8%B9-%D8%A7%D9%84%D9%83%D8%AA%D8%B1%D9%88%D9%86%D9%8A%D8%A9-%D8%A7%D8%AD%D8%AA%D8%B1%D8%A7%D9%81%D9%8A%D8%A9
403 Forbidden,Non trouvé,Non trouvé,Non trouvé,Aucun avis,Inconnu,Inconnu,Aucun tag,https://khamsat.com/programming/custom-website-development/3151384-%D8%AA%D8%B5%D9%85%D9%8A%D9%85-portfolio-%D8%A7%D8%AD%D8%AA%D8%B1%D8%A7%D9%81%D9%8A-%D8%A8%D8%AA%D9%82%D9%86%D9%8A%D8%A7%D8%AA-%D8%AD%D8%AF%D9%8A%D8%AB%D8%A9-%D9%84%D8%B9%D8%B1%D8%B6-%D9%85%D9%87%D8%A7%D8%B1%D8%A7%D8%AA%D9%83-%D8%A8%D8%B4%D9%83%D9%84-%D9%85%D9%85%D9%8A%D8%B2
403 Forbidden,Non trouvé,Non trouvé,Non trouvé,Aucun avis,Inconnu,Inconnu,Aucun tag,https://khamsat.com/programming/full-app-creation/3086128-%D8%AA%D8%B7%D9%88%D9%8A%D8%B1-%D8%AA%D8%B7%D8%A8%D9%8A%D9%82%D8%A7%D8%AA-flutter-%D8%A7%D8%AD%D8%AA%D8%B1%D8%A7%D9%81%D9%8A%D8%A9-%D9%88%D8%A5%D8%B6%D8%A7%D9%81%D8%A9-%D9%85%D9%8A%D8%B2%D8%A7%D8%AA-%D8%AC%D8%AF%D9%8A%D8%AF%D8%A9
403 Forbidden,Non trouvé,Non trouvé,Non trouvé,Aucun avis,Inconnu,Inconnu,Aucun tag,https://khamsat.com/programming/api-integrations/3829629-%D8%B3%D8%A3%D9%82%D9%88%D9%85-%D8%A8%D8%A5%D9%86%D8%B4%D8%A7%D8%A1-rest-api-%D8%A7%D8%AD%D8%AA%D8%B1%D8%A7%D9%81%D9%8A%D8%A9-%D8%A8%D8%A7%D8%B3%D8%AA%D8%AE%D8%AF%D8%A7%D9%85-asp.net-core
403 Forbidden,Non trouvé,Non trouvé,Non trouvé,Aucun avis,Inconnu,Inconnu,Aucun tag,https://khamsat.com/programming/css-html/3773144-%D8%B9%D9%85%D9%84-portfolio-%D8%A7%D8%AD%D8%AA%D8%B1%D8%A7%D9%81%D9%8A-%D9%84%D8%B9%D8%B1%D8%B6-%D8%AE%D8%A8%D8%B1%D8%A7%D8%AA%D9%83-%D9%88-%D9%85%D9%87%D8%A7%D8%B1%D8%A7%D8%AA%D9%83-%D8%A8%D8%B4%D9%83%D9%84-%D9%85%D9%85%D9%8A%D8%B2
403 Forbidden,Non trouvé,Non trouvé,Non trouvé,Aucun avis,Inconnu,Inconnu,Aucun tag,https://khamsat.com/programming/custom-website-development/1653290-%D8%A8%D8%B1%D9%85%D8%AC%D8%A9-%D8%A7%D9%84%D9%85%D9%88%D8%A7%D9%82%D8%B9-%D8%A8%D8%A7%D8%B3%D8%AA%D8%AE%D8%AF%D8%A7%D9%85-laravel
403 Forbidden,Non trouvé,Non trouvé,Non trouvé,Aucun avis,Inconnu,Inconnu,Aucun tag,https://khamsat.com/programming/full-app-creation/2193766-%D8%A8%D8%B1%D9%85%D8%AC%D8%A9-%D8%AA%D8%B7%D8%A8%D9%8A%D9%82-%D9%8A%D8%B9%D9%85%D9%84-%D8%B9%D9%84%D9%89-%D8%A7%D9%84%D8%A7%D9%86%D8%AF%D8%B1%D9%88%D9%8A%D8%AF-%D9%88%D8%A7%D9%84-ios-%D8%A8%D9%83%D9%88%D8%AF-%D9%88%D8%A7%D8%AD%D8%AF-flutter
403 Forbidden,Non trouvé,Non trouvé,Non trouvé,Aucun avis,Inconnu,Inconnu,Aucun tag,https://khamsat.com/programming/api-integrations/3925804-%D8%AA%D8%B5%D9%85%D9%8A%D9%85-%D9%88%D8%AA%D8%B7%D9%88%D9%8A%D8%B1-api-%D9%85%D8%AA%D9%83%D8%A7%D9%85%D9%84-%D8%A8%D8%A7%D8%B3%D8%AA%D8%AE%D8%AF%D8%A7%D9%85-node.js-%D9%88-express.js-%D9%88-%D8%A7%D9%85%D8%A7%D9%86
403 Forbidden,Non trouvé,Non trouvé,Non trouvé,Aucun avis,Inconnu,Inconnu,Aucun tag,https://khamsat.com/programming/css-html/3563037-%D8%B3%D8%A3%D9%82%D9%88%D9%85-%D8%A8%D8%A8%D8%B1%D9%85%D8%AC%D8%A9-%D8%B5%D9%81%D8%AD%D8%A9-%D9%87%D8%A8%D9%88%D8%B7-landing-page-%D8%B9%D8%B5%D8%B1%D9%8A%D8%A9-%D9%88%D8%B3%D8%B1%D9%8A%D8%B9%D8%A9
403 Forbidden,Non trouvé,Non trouvé,Non trouvé,Aucun avis,Inconnu,Inconnu,Aucun tag,https://khamsat.com/programming/custom-website-development/3705086-%D8%A8%D9%86%D8%A7%D8%A1-%D9%85%D9%88%D9%82%D8%B9-%D9%88%D9%8A%D8%A8-%D9%83%D8%A7%D9%85%D9%84-%D8%A8%D8%B3%D8%AA%D8%AE%D8%AF%D8%A7%D9%85-%D8%A7%D8%AD%D8%AF%D8%AB-%D8%A7%D9%84%D8%AA%D9%82%D9%86%D9%8A%D8%A7%D8%AA-%D9%85%D8%AB%D9%84-react-next.js
403 Forbidden,Non trouvé,Non trouvé,Non trouvé,Aucun avis,Inconnu,Inconnu,Aucun tag,https://khamsat.com/programming/full-app-creation/3118579-%D9%85%D8%B7%D9%88%D8%B1-%D8%AA%D8%B7%D8%A8%D9%8A%D9%82%D8%A7%D8%AA-flutter-%D9%84%D9%84%D8%A7%D9%86%D8%AF%D8%B1%D9%88%D9%8A%D8%AF
403 Forbidden,Non trouvé,Non trouvé,Non trouvé,Aucun avis,Inconnu,Inconnu,Aucun tag,https://khamsat.com/programming/api-integrations/3852185-%D8%B3%D8%A3%D9%82%D9%88%D9%85-%D8%A8%D8%A5%D9%86%D8%B4%D8%A7%D8%A1-api-%D8%A7%D8%AD%D8%AA%D8%B1%D8%A7%D9%81%D9%8A%D8%A9-%D8%A8%D8%A7%D8%B3%D8%AA%D8%AE%D8%AF%D8%A7%D9%85-asp.net-core-%D9%88sql-server
403 Forbidden,Non trouvé,Non trouvé,Non trouvé,Aucun avis,Inconnu,Inconnu,Aucun tag,https://khamsat.com/programming/css-html/3658674-%D8%AA%D8%B5%D9%85%D9%8A%D9%85-%D8%B5%D9%81%D8%AD%D8%A7%D8%AA-%D9%88%D9%8A%D8%A8-%D8%A7%D8%AD%D8%AA%D8%B1%D8%A7%D9%81%D9%8A%D8%A9-html-css
403 Forbidden,Non trouvé,Non trouvé,Non trouvé,Aucun avis,Inconnu,Inconnu,Aucun tag,https://khamsat.com/programming/custom-website-development/2949542-%D8%AA%D8%AD%D9%88%D9%8A%D9%84-%D8%AA%D8%B5%D9%85%D9%8A%D9%85-%D9%81%D9%8A%D8%AC%D9%85%D8%A7-%D8%A7%D9%84%D9%8A-html-css-and-js
403 Forbidden,Non trouvé,Non trouvé,Non trouvé,Aucun avis,Inconnu,Inconnu,Aucun tag,https://khamsat.com/programming/full-app-creation/1709857-%D8%A5%D9%86%D8%B4%D8%A7%D8%A1-%D8%AA%D8%B7%D8%A8%D9%8A%D9%82-%D8%AC%D9%88%D8%A7%D9%84-%D9%84%D9%84%D8%A3%D9%86%D8%AF%D8%B1%D9%88%D9%8A%D8%AF-%D9%88%D8%A7%D9%84%D8%A3%D9%8A%D9%81%D9%88%D9%86-%D8%A8%D8%A5%D8%B3%D8%AA%D8%AE%D8%AF%D8%A7%D9%85-flutter
403 Forbidden,Non trouvé,Non trouvé,Non trouvé,Aucun avis,Inconnu,Inconnu,Aucun tag,https://khamsat.com/programming/api-integrations/3704680-%D8%A5%D9%86%D8%B4%D8%A7%D8%A1-restful-api-%D8%A8%D9%84%D8%BA%D8%A9-php-mysql-%D8%A8%D8%B4%D9%83%D9%84-%D8%A7%D8%AD%D8%AA%D8%B1%D8%A7%D9%81%D9%8A
403 Forbidden,Non trouvé,Non trouvé,Non trouvé,Aucun avis,Inconnu,Inconnu,Aucun tag,https://khamsat.com/programming/css-html/3427536-%D8%B3%D8%A3%D8%B5%D9%85%D9%85-%D8%B5%D9%81%D8%AD%D8%A9-%D9%88%D9%8A%D8%A8-%D8%A3%D9%86%D9%8A%D9%82%D8%A9-%D8%A8%D8%A7%D8%B3%D8%AA%D8%AE%D8%AF%D8%A7%D9%85-html-%D9%88css-%D8%A8%D8%AA%D8%B5%D9%85%D9%8A%D9%85-%D9%85%D8%AA%D8%AC%D8%A7%D9%88%D8%A8-%D9%88%D9%85%D8%B1%D8%AA%D8%A8
403 Forbidden,Non trouvé,Non trouvé,Non trouvé,Aucun avis,Inconnu,Inconnu,Aucun tag,https://khamsat.com/programming/custom-website-development/3647572-%D8%AA%D8%B5%D9%85%D9%8A%D9%85-%D9%88%D8%AA%D8%B7%D9%88%D9%8A%D8%B1-%D9%85%D9%88%D9%82%D8%B9-%D8%A7%D9%84%D9%83%D8%AA%D8%B1%D9%88%D9%86%D9%8A-%D9%88%D9%84%D9%88%D8%AD%D8%A9-%D8%AA%D8%AD%D9%83%D9%85
403 Forbidden,Non trouvé,Non trouvé,Non trouvé,Aucun avis,Inconnu,Inconnu,Aucun tag,https://khamsat.com/programming/full-app-creation/2059628-%D8%AA%D8%B5%D9%85%D9%8A%D9%85-%D9%88-%D8%A8%D8%B1%D9%85%D8%AC%D8%A9-%D8%A7%D9%84%D8%AA%D8%B7%D8%A8%D9%8A%D9%82%D8%A7%D8%AA-%D8%A8%D8%A3%D9%81%D9%83%D8%A7%D8%B1-%D9%88-%D8%AA%D8%B5%D9%85%D9%8A%D9%85-%D9%85%D8%A8%D8%AA%D9%83%D8%B1%D8%A9-%D9%88-%D8%AD%D8%AF%D9%8A%D8%AB%D8%A9
403 Forbidden,Non trouvé,Non trouvé,Non trouvé,Aucun avis,Inconnu,Inconnu,Aucun tag,https://khamsat.com/programming/api-integrations/3904637-%D8%A8%D8%B1%D9%85%D8%AC%D8%A9-%D9%88%D8%AA%D8%B7%D9%88%D9%8A%D8%B1-crud-api-%D8%A7%D8%AD%D8%AA%D8%B1%D8%A7%D9%81%D9%8A%D8%A9-%D8%A8%D8%A7%D8%B3%D8%AA%D8%AE%D8%AF%D8%A7%D9%85-laravel-mysql
403 Forbidden,Non trouvé,Non trouvé,Non trouvé,Aucun avis,Inconnu,Inconnu,Aucun tag,https://khamsat.com/programming/css-html/3499261-%D8%AA%D9%86%D9%81%D9%8A%D8%B0-%D9%85%D8%AA%D8%AC%D8%B1-%D8%A7%D9%84%D9%83%D8%AA%D8%B1%D9%88%D9%86%D9%8A-%D8%A7%D8%AD%D8%AA%D8%B1%D8%A7%D9%81%D9%8A
403 Forbidden,Non trouvé,Non trouvé,Non trouvé,Aucun avis,Inconnu,Inconnu,Aucun tag,https://khamsat.com/programming/custom-website-development/2254073-%D8%AA%D8%B7%D9%88%D9%8A%D8%B1-%D9%88-%D8%A8%D8%B1%D9%85%D8%AC%D8%A9-%D8%B5%D9%81%D8%AD%D8%AA%D9%83-%D8%A8%D9%84%D8%A7%D8%B1%D8%A7%D9%81%D9%8A%D9%84-laravel
403 Forbidden,Non trouvé,Non trouvé,Non trouvé,Aucun avis,Inconnu,Inconnu,Aucun tag,https://khamsat.com/programming/full-app-creation/3645360-%D8%A7%D9%86%D8%B4%D8%A7%D8%A1-%D8%AA%D8%B7%D8%A8%D9%8A%D9%82%D8%A7%D8%AA-ios-android-%D8%A8%D8%A7%D8%B3%D8%AA%D8%AE%D8%AF%D8%A7%D9%85-flutter
403 Forbidden,Non trouvé,Non trouvé,Non trouvé,Aucun avis,Inconnu,Inconnu,Aucun tag,https://khamsat.com/programming/api-integrations/3530148-%D8%A8%D9%86%D8%A7%D8%A1-api-%D8%A7%D8%AD%D8%AA%D8%B1%D8%A7%D9%81%D9%89-%D8%A8%D8%A7%D8%B3%D8%AA%D8%AE%D8%AF%D8%A7%D9%85-nest.js
403 Forbidden,Non trouvé,Non trouvé,Non trouvé,Aucun avis,Inconnu,Inconnu,Aucun tag,https://khamsat.com/programming/css-html/3836103-%D9%85%D8%B7%D9%88%D8%B1%D8%A9-%D9%88%D8%A7%D8%AC%D9%87%D8%A7%D8%AA-%D8%A3%D9%85%D8%A7%D9%85%D9%8A%D8%A9-%D8%A8%D8%A7%D8%B3%D8%AA%D8%AE%D8%AF%D8%A7%D9%85-%D8%A7%D9%84-htmlcss
403 Forbidden,Non trouvé,Non trouvé,Non trouvé,Aucun avis,Inconnu,Inconnu,Aucun tag,https://khamsat.com/programming/custom-website-development/2462196-%D8%A5%D9%86%D8%B4%D8%A7%D8%A1-%D9%85%D9%88%D9%82%D8%B9-%D8%A7%D9%84%D9%83%D8%AA%D8%B1%D9%88%D9%86%D9%8A-%D8%A8%D8%A7%D8%B3%D8%AA%D8%AE%D8%AF%D8%A7%D9%85-angular
403 Forbidden,Non trouvé,Non trouvé,Non trouvé,Aucun avis,Inconnu,Inconnu,Aucun tag,https://khamsat.com/programming/full-app-creation/2887806-%D8%AA%D8%B5%D9%85%D9%8A%D9%85-%D9%88%D8%A7%D8%AC%D9%87%D8%A9-%D8%A7%D9%84%D9%85%D8%B3%D8%AA%D8%AE%D8%AF%D9%85-%D8%A8%D8%A7%D8%B3%D8%AA%D8%AE%D8%AF%D8%A7%D9%85-react-native
403 Forbidden,Non trouvé,Non trouvé,Non trouvé,Aucun avis,Inconnu,Inconnu,Aucun tag,https://khamsat.com/programming/api-integrations/3767332-%D8%AA%D8%B7%D9%88%D9%8A%D8%B1-%D9%85%D9%88%D8%A7%D9%82%D8%B9-%D8%A5%D9%84%D9%83%D8%AA%D8%B1%D9%88%D9%86%D9%8A%D8%A9-%D8%A7%D8%AD%D8%AA%D8%B1%D8%A7%D9%81%D9%8A%D8%A9-%D8%A8%D8%A7%D8%B3%D8%AA%D8%AE%D8%AF%D8%A7%D9%85-%D8%A3%D8%AD%D8%AF%D8%AB-%D8%A7%D9%84%D8%AA%D9%82%D9%86%D9%8A%D8%A7%D8%AA
403 Forbidden,Non trouvé,Non trouvé,Non trouvé,Aucun avis,Inconnu,Inconnu,Aucun tag,https://khamsat.com/programming/css-html/3296770-%D8%B3%D8%A3%D8%B5%D9%85%D9%85-%D9%84%D9%83-%D9%88%D8%A7%D8%AC%D9%87%D8%A9-%D9%85%D9%88%D9%82%D8%B9-%D8%A7%D8%AD%D8%AA%D8%B1%D8%A7%D9%81%D9%8A%D8%A9-%D8%A8%D9%80-html-%D9%88-css-%D9%85%D8%AA%D8%AC%D8%A7%D9%88%D8%A8%D8%A9
403 Forbidden,Non trouvé,Non trouvé,Non trouvé,Aucun avis,Inconnu,Inconnu,Aucun tag,https://khamsat.com/programming/custom-website-development/3139775-%D8%A8%D8%B1%D9%85%D8%AC%D9%87-%D9%88%D8%AA%D8%B7%D9%88%D9%8A%D8%B1-%D9%85%D9%88%D9%82%D8%B9-%D8%A5%D9%84%D9%83%D8%AA%D8%B1%D9%88%D9%86%D9%8A-%D9%85%D8%AA%D9%83%D8%A7%D9%85%D9%84-%D9%85%D8%B9-%D8%AA%D8%B5%D9%85%D9%8A%D9%85-%D9%85%D8%AA%D8%AC%D8%A7%D9%88%D8%A8
403 Forbidden,Non trouvé,Non trouvé,Non trouvé,Aucun avis,Inconnu,Inconnu,Aucun tag,https://khamsat.com/programming/full-app-creation/3775943-%D8%A7%D9%86%D8%B4%D8%A7%D8%A1-%D8%AA%D8%B7%D8%A8%D9%8A%D9%82-%D9%85%D9%88%D8%A8%D8%A7%D9%8A%D9%84-%D9%8A%D8%B9%D9%85%D9%84-%D8%B9%D9%84%D9%89-%D8%A3%D9%86%D8%AF%D8%B1%D9%88%D9%8A%D8%AF-%D9%88ios-%D8%A8%D8%A7%D8%B3%D8%AA%D8%AE%D8%AF%D8%A7%D9%85-flutter
403 Forbidden,Non trouvé,Non trouvé,Non trouvé,Aucun avis,Inconnu,Inconnu,Aucun tag,https://khamsat.com/programming/api-integrations/3633177-%D8%A8%D8%B1%D9%85%D8%AC%D8%A9-rest-api-%D8%A7%D8%AD%D8%AA%D8%B1%D8%A7%D9%81%D9%8A%D8%A9-%D8%A8%D8%A7%D8%B3%D8%AA%D8%AE%D8%AF%D8%A7%D9%85-node.js
403 Forbidden,Non trouvé,Non trouvé,Non trouvé,Aucun avis,Inconnu,Inconnu,Aucun tag,https://khamsat.com/programming/css-html/3655831-%D8%AA%D8%B5%D9%85%D9%8A%D9%85-%D9%85%D9%88%D9%82%D8%B9-%D8%A7%D8%AD%D8%AA%D8%B1%D8%A7%D9%81%D9%8A-%D8%A8%D9%84%D8%BA%D9%87-html-and-css-%D8%A8%D8%B3%D8%B1%D8%B9%D8%A9-%D9%88%D8%B3%D8%B9%D8%B1-%D9%85%D9%86%D8%A7%D8%B3%D8%A8
403 Forbidden,Non trouvé,Non trouvé,Non trouvé,Aucun avis,Inconnu,Inconnu,Aucun tag,https://khamsat.com/programming/custom-website-development/3123783-%D8%AA%D8%B5%D9%85%D9%8A%D9%85-%D9%88%D8%AA%D8%B7%D9%88%D9%8A%D8%B1-%D9%85%D9%88%D8%A7%D9%82%D8%B9-%D9%88%D9%8A%D8%A8-%D9%85%D8%AA%D9%83%D8%A7%D9%85%D9%84%D8%A9-%D8%A8%D8%A7%D8%B3%D8%AA%D8%AE%D8%AF%D8%A7%D9%85-next.js-%D9%88laravel
403 Forbidden,Non trouvé,Non trouvé,Non trouvé,Aucun avis,Inconnu,Inconnu,Aucun tag,https://khamsat.com/programming/full-app-creation/1161224-%D8%AA%D8%B5%D9%85%D9%8A%D9%85-%D8%AA%D8%B7%D8%A8%D9%8A%D9%82-android-%D9%85%D9%86-%D9%88%D8%A7%D8%AC%D9%87%D8%AA%D9%8A%D9%8A%D9%86-logo-%D9%84%D9%84%D8%AA%D8%B7%D8%A8%D9%8A%D9%82
403 Forbidden,Non trouvé,Non trouvé,Non trouvé,Aucun avis,Inconnu,Inconnu,Aucun tag,https://khamsat.com/programming/api-integrations/3866550-%D8%A8%D8%B1%D9%85%D8%AC%D8%A9-restful-api-%D8%A8%D8%A7%D8%B3%D8%AA%D8%AE%D8%AF%D8%A7%D9%85-asp.net-core
403 Forbidden,Non trouvé,Non trouvé,Non trouvé,Aucun avis,Inconnu,Inconnu,Aucun tag,https://khamsat.com/programming/css-html/3681726-%D8%A5%D9%86%D8%B4%D8%A7%D8%A1-%D8%B5%D9%81%D8%AD%D8%A9-%D9%88%D9%8A%D8%A8-%D8%A7%D8%AD%D8%AA%D8%B1%D8%A7%D9%81%D9%8A%D8%A9-%D8%A8%D9%80-html-css-javascript
403 Forbidden,Non trouvé,Non trouvé,Non trouvé,Aucun avis,Inconnu,Inconnu,Aucun tag,https://khamsat.com/programming/custom-website-development/2573272-%D8%A7%D9%86%D8%B4%D8%A7%D8%A1-%D9%85%D9%88%D9%82%D8%B9%D9%83-%D8%A8%D8%B1%D9%85%D8%AC%D8%A9-%D9%88%D8%AA%D8%B5%D9%85%D9%8A%D9%85-%D9%85%D9%86-%D8%A7%D9%84%D8%A8%D8%AF%D8%A7%D9%8A%D8%A9-%D8%AD%D8%AA%D9%89-%D8%B8%D9%87%D9%88%D8%B1%D9%87-%D9%81%D9%8A-%D8%A8%D8%AD%D8%AB-%D8%AC%D9%88%D8%AC%D9%84
403 Forbidden,Non trouvé,Non trouvé,Non trouvé,Aucun avis,Inconnu,Inconnu,Aucun tag,https://khamsat.com/programming/full-app-creation/3050312-%D9%85%D8%A8%D8%B1%D9%85%D8%AC-%D9%88-%D9%85%D8%B7%D9%88%D8%B1-%D8%AA%D8%B7%D8%A8%D9%8A%D9%82%D8%A7%D8%AA-%D8%A7%D9%84%D9%87%D8%A7%D8%AA%D9%81
403 Forbidden,Non trouvé,Non trouvé,Non trouvé,Aucun avis,Inconnu,Inconnu,Aucun tag,https://khamsat.com/programming/api-integrations/3801209-%D8%B3%D8%A3%D9%82%D9%88%D9%85-%D8%A8%D8%A8%D8%B1%D9%85%D8%AC%D8%A9-%D8%A7%D9%84%D8%A8%D8%A7%D9%83-%D8%A5%D9%86%D8%AF-%D9%88%D8%AA%D8%B5%D9%85%D9%8A%D9%85-%D9%82%D8%A7%D8%B9%D8%AF%D8%A9-%D8%A7%D9%84%D8%A8%D9%8A%D8%A7%D9%86%D8%A7%D8%AA-%D9%84%D9%85%D9%88%D9%82%D8%B9%D9%83-%D8%A3%D9%88-%D8%AA%D8%B7%D8%A8%D9%8A%D9%82
403 Forbidden,Non trouvé,Non trouvé,Non trouvé,Aucun avis,Inconnu,Inconnu,Aucun tag,https://khamsat.com/programming/css-html/3556344-%D8%B3%D8%A3%D9%82%D9%88%D9%85-%D8%A8%D8%A5%D9%86%D8%B4%D8%A7%D8%A1-%D9%85%D9%88%D9%82%D8%B9-%D9%88%D9%8A%D8%A8-%D9%85%D8%AA%D8%AC%D8%A7%D9%88%D8%A8-%D8%A8%D8%A7%D8%B3%D8%AA%D8%AE%D8%AF%D8%A7%D9%85-html-%D9%88css-%D9%88javascript
403 Forbidden,Non trouvé,Non trouvé,Non trouvé,Aucun avis,Inconnu,Inconnu,Aucun tag,https://khamsat.com/programming/custom-website-development/3025299-%D8%AA%D8%B5%D9%85%D9%8A%D9%85-%D9%88%D8%AA%D8%B7%D9%88%D9%8A%D8%B1-%D9%85%D9%88%D9%82%D8%B9-%D8%A7%D8%AD%D8%AA%D8%B1%D8%A7%D9%81%D9%8A-%D8%A8%D9%88%D8%A7%D8%B3%D8%B7%D8%A9-phpsqlcss-html-bootstra
403 Forbidden,Non trouvé,Non trouvé,Non trouvé,Aucun avis,Inconnu,Inconnu,Aucun tag,https://khamsat.com/programming/full-app-creation/3824378-%D8%AA%D8%B5%D9%85%D9%8A%D9%85-%D9%88%D8%AA%D8%B7%D9%88%D9%8A%D8%B1-%D8%AA%D8%B7%D8%A8%D9%8A%D9%82%D8%A7%D8%AA-appsheet
403 Forbidden,Non trouvé,Non trouvé,Non trouvé,Aucun avis,Inconnu,Inconnu,Aucun tag,https://khamsat.com/programming/api-integrations/3926070-%D8%A5%D9%86%D8%B4%D8%A7%D8%A1-restful-api-%D8%A8%D8%A7%D8%B3%D8%AA%D8%AE%D8%AF%D8%A7%D9%85-node.js-%D9%88-express.js
403 Forbidden,Non trouvé,Non trouvé,Non trouvé,Aucun avis,Inconnu,Inconnu,Aucun tag,https://khamsat.com/programming/css-html/3017929-%D9%85%D8%B7%D9%88%D8%B1-%D9%88%D8%A7%D8%AC%D9%87%D8%A9-%D8%A7%D9%85%D8%A7%D9%85%D9%8A%D8%A9-%D8%A7%D8%AD%D8%AA%D8%B1%D8%A7%D9%81%D9%8A%D8%A9
403 Forbidden,Non trouvé,Non trouvé,Non trouvé,Aucun avis,Inconnu,Inconnu,Aucun tag,https://khamsat.com/programming/custom-website-development/3434462-%D8%A5%D9%86%D8%B4%D8%A7%D8%A1-%D9%85%D9%88%D9%82%D8%B9-%D9%88%D9%8A%D8%A8-%D8%A7%D9%88-%D9%85%D8%AA%D8%AC%D8%B1-%D8%A7%D9%84%D9%83%D8%AA%D8%B1%D9%88%D9%86%D9%8A-%D8%A8%D8%A7%D8%B3%D8%AA%D8%AE%D8%AF%D8%A7%D9%85-%D9%88%D8%B1%D8%B1%D8%AF%D8%A8%D8%B1%D9%8A%D8%B3
403 Forbidden,Non trouvé,Non trouvé,Non trouvé,Aucun avis,Inconnu,Inconnu,Aucun tag,https://khamsat.com/programming/full-app-creation/3007227-%D8%A8%D8%B1%D9%85%D8%AC%D8%A9-%D8%AA%D8%B7%D8%A8%D9%8A%D9%82%D8%A7%D8%AA-%D8%A7%D9%84%D9%87%D8%A7%D8%AA%D9%81-%D8%A8%D8%A7%D8%B3%D8%AA%D8%AE%D8%AF%D8%A7%D9%85-flutter
403 Forbidden,Non trouvé,Non trouvé,Non trouvé,Aucun avis,Inconnu,Inconnu,Aucun tag,https://khamsat.com/programming/api-integrations/3698951-%D8%AA%D8%B7%D9%88%D9%8A%D8%B1-restful-apis-%D8%A7%D8%AD%D8%AA%D8%B1%D8%A7%D9%81%D9%8A%D8%A9-%D8%A8%D8%A7%D8%B3%D8%AA%D8%AE%D8%AF%D8%A7%D9%85-node.js-%D9%88mongodb
403 Forbidden,Non trouvé,Non trouvé,Non trouvé,Aucun avis,Inconnu,Inconnu,Aucun tag,https://khamsat.com/programming/css-html/3207779-%D8%AA%D8%B5%D9%85%D9%8A%D9%85-%D8%A7%D9%84%D9%88%D8%A7%D8%AC%D9%87%D8%A7%D8%AA-%D8%A7%D9%84%D8%A7%D9%85%D8%A7%D9%85%D9%8A%D8%A9-%D9%84%D9%84%D9%85%D9%88%D8%A7%D9%82%D8%B9
403 Forbidden,Non trouvé,Non trouvé,Non trouvé,Aucun avis,Inconnu,Inconnu,Aucun tag,https://khamsat.com/programming/custom-website-development/1392334-%D8%AA%D8%B7%D9%88%D9%8A%D8%B1-%D8%A3%D9%88-%D8%AA%D8%B9%D8%AF%D9%8A%D9%84-%D8%A7%D9%84%D9%85%D9%88%D8%A7%D9%82%D8%B9-%D8%A8%D9%84%D8%BA%D8%A9-php-%D8%A85-%D9%84%D9%84%D8%AC%D8%AF%D9%88%D9%84
403 Forbidden,Non trouvé,Non trouvé,Non trouvé,Aucun avis,Inconnu,Inconnu,Aucun tag,https://khamsat.com/programming/full-app-creation/3822276-%D8%B9%D9%85%D9%84-%D8%AA%D8%B7%D8%A8%D9%8A%D9%82%D8%A7%D8%AA-%D8%A8%D8%A7%D8%B3%D8%AA%D8%AE%D8%AF%D8%A7%D9%85-%D9%81%D9%84%D8%A7%D8%AA%D8%B1-flutter-%D9%84%D9%84%D8%A7%D9%86%D8%AF%D8%B1%D9%88%D9%8A%D8%AF-%D9%88-%D8%A7%D9%84ios
403 Forbidden,Non trouvé,Non trouvé,Non trouvé,Aucun avis,Inconnu,Inconnu,Aucun tag,https://khamsat.com/programming/api-integrations/3633256-%D8%AA%D8%B7%D9%88%D9%8A%D8%B1-%D9%84%D9%88%D8%AD%D8%A9-%D8%AA%D8%AD%D9%83%D9%85-admin-panel-%D9%83%D8%A7%D9%85%D9%84%D8%A9-%D8%A8%D8%A7%D8%B3%D8%AA%D8%AE%D8%AF%D8%A7%D9%85-node.js
403 Forbidden,Non trouvé,Non trouvé,Non trouvé,Aucun avis,Inconnu,Inconnu,Aucun tag,https://khamsat.com/programming/css-html/3472484-%D8%A5%D9%86%D8%B4%D8%A7%D8%A1-%D8%B5%D9%81%D8%AD%D8%A9-%D9%88%D9%8A%D8%A8-%D8%A7%D8%AD%D8%AA%D8%B1%D8%A7%D9%81%D9%8A%D8%A9-%D8%A8%D8%A7%D8%B3%D8%AA%D8%AE%D8%AF%D8%A7%D9%85-html-cssbootstrap
403 Forbidden,Non trouvé,Non trouvé,Non trouvé,Aucun avis,Inconnu,Inconnu,Aucun tag,https://khamsat.com/programming/custom-website-development/2569615-%D8%AA%D8%B5%D9%85%D9%8A%D9%85-%D9%88%D8%A8%D8%B1%D9%85%D8%AC%D8%A9-%D9%85%D9%88%D9%82%D8%B9-%D8%A5%D9%84%D9%83%D8%AA%D8%B1%D9%88%D9%86%D9%8A-%D9%85%D8%AA%D9%83%D8%A7%D9%85%D9%84-%D9%88%D8%A7%D8%AD%D8%AA%D8%B1%D8%A7%D9%81%D9%8A-%D8%A8%D8%A7%D8%B3%D8%AA%D8%AE%D8%AF%D8%A7%D9%85-react.js
403 Forbidden,Non trouvé,Non trouvé,Non trouvé,Aucun avis,Inconnu,Inconnu,Aucun tag,https://khamsat.com/programming/full-app-creation/3859651-%D8%A7%D9%86%D8%B4%D8%A7%D8%A1-%D8%AA%D8%B7%D8%A8%D9%8A%D9%82-%D9%85%D9%88%D8%A8%D8%A7%D9%8A%D9%84-%D8%A8flutter
403 Forbidden,Non trouvé,Non trouvé,Non trouvé,Aucun avis,Inconnu,Inconnu,Aucun tag,https://khamsat.com/programming/api-integrations/3600226-%D8%B3%D8%A3%D9%82%D9%88%D9%85-%D8%A8%D8%A8%D8%B1%D9%85%D8%AC%D8%A9-%D9%88%D8%A7%D8%AC%D9%87%D8%A7%D8%AA-api-%D8%A7%D8%AD%D8%AA%D8%B1%D8%A7%D9%81%D9%8A%D8%A9-%D8%A8%D8%A7%D8%B3%D8%AA%D8%AE%D8%AF%D8%A7%D9%85-laravel
403 Forbidden,Non trouvé,Non trouvé,Non trouvé,Aucun avis,Inconnu,Inconnu,Aucun tag,https://khamsat.com/programming/css-html/3386740-%D8%AA%D8%AD%D9%88%D9%8A%D9%84-%D8%AA%D8%B5%D9%85%D9%8A%D9%85-figma-%D8%A5%D9%84%D9%89-%D8%B5%D9%81%D8%AD%D8%A9-html-%D8%A8%D8%A7%D8%B3%D8%AA%D8%AE%D8%AF%D8%A7%D9%85-tailwind-css
403 Forbidden,Non trouvé,Non trouvé,Non trouvé,Aucun avis,Inconnu,Inconnu,Aucun tag,https://khamsat.com/programming/custom-website-development/2739231-%D8%A5%D9%86%D8%B4%D8%A7%D8%A1-%D8%A3%D9%88-%D8%AA%D8%B7%D9%88%D9%8A%D8%B1-%D8%A3%D9%8A-%D9%85%D9%88%D9%82%D8%B9-%D9%88%D9%8A%D8%A8
403 Forbidden,Non trouvé,Non trouvé,Non trouvé,Aucun avis,Inconnu,Inconnu,Aucun tag,https://khamsat.com/programming/full-app-creation/3879749-%D8%AA%D8%AD%D9%88%D9%8A%D9%84-%D8%AA%D8%B5%D9%85%D9%8A%D9%85-figma-%D8%A7%D9%84%D9%8A-%D8%AA%D8%B7%D8%A8%D9%8A%D9%82-flutter
403 Forbidden,Non trouvé,Non trouvé,Non trouvé,Aucun avis,Inconnu,Inconnu,Aucun tag,https://khamsat.com/programming/api-integrations/3833890-%D8%B1%D8%A8%D8%B7-%D9%85%D9%88%D9%82%D8%B9%D9%83-%D8%A8%D9%88%D8%A7%D8%AC%D9%87%D8%A9-%D8%A8%D8%B1%D9%85%D8%AC%D8%A9-%D8%AA%D8%B7%D8%A8%D9%8A%D9%82%D8%A7%D8%AA-api-%D9%84%D8%B9%D8%B1%D8%B6-%D8%A8%D9%8A%D8%A7%D9%86%D8%A7%D8%AA-%D8%AF%D9%8A%D9%86%D8%A7%D9%85%D9%8A%D9%83%D9%8A%D8%A9
403 Forbidden,Non trouvé,Non trouvé,Non trouvé,Aucun avis,Inconnu,Inconnu,Aucun tag,https://khamsat.com/programming/css-html/3138102-%D8%AA%D8%B5%D9%85%D9%8A%D9%85-%D9%85%D9%88%D9%82%D8%B9-%D8%A7%D8%AD%D8%AA%D8%B1%D8%A7%D9%81%D9%8A-%D9%85%D8%AA%D8%AC%D8%A7%D9%88%D8%A8-%D9%85%D8%B9-%D8%AC%D9%85%D9%8A%D8%B9-%D8%A7%D9%84%D8%B4%D8%A7%D8%B4%D8%A7%D8%AA-htmlcss-and-js
403 Forbidden,Non trouvé,Non trouvé,Non trouvé,Aucun avis,Inconnu,Inconnu,Aucun tag,https://khamsat.com/programming/custom-website-development/2878352-%D8%A5%D9%86%D8%B4%D8%A7%D8%A1-%D9%85%D9%88%D9%82%D8%B9-%D8%A7%D9%84%D9%83%D8%AA%D8%B1%D9%88%D9%86%D9%8A-%D8%B3%D8%B1%D9%8A%D8%B9-%D8%A7%D9%84%D8%A7%D8%B3%D8%AA%D8%AC%D8%A7%D8%A8%D8%A9-%D9%85%D9%86-%D8%AE%D9%84%D8%A7%D9%84-%D8%A7%D9%84%D9%88%D9%88%D8%B1%D8%AF%D8%A8%D8%B1%D9%8A%D8%B3
403 Forbidden,Non trouvé,Non trouvé,Non trouvé,Aucun avis,Inconnu,Inconnu,Aucun tag,https://khamsat.com/programming/full-app-creation/3575123-%D8%AA%D8%AD%D9%88%D9%8A%D9%84-design-uiux-%D8%A5%D9%84%D9%89-%D9%83%D9%88%D8%AF-flutter
403 Forbidden,Non trouvé,Non trouvé,Non trouvé,Aucun avis,Inconnu,Inconnu,Aucun tag,https://khamsat.com/programming/api-integrations/3881168-%D8%B3%D8%A3%D9%82%D9%88%D9%85-%D8%A8%D8%AA%D8%B7%D9%88%D9%8A%D8%B1-web-api-%D8%A7%D8%AD%D8%AA%D8%B1%D8%A7%D9%81%D9%8A%D8%A9-%D8%A8%D8%A7%D8%B3%D8%AA%D8%AE%D8%AF%D8%A7%D9%85-c-%D9%88sql-server
403 Forbidden,Non trouvé,Non trouvé,Non trouvé,Aucun avis,Inconnu,Inconnu,Aucun tag,https://khamsat.com/programming/css-html/3801399-%D8%AE%D8%AF%D9%85%D8%A9-%D8%A5%D8%B5%D9%84%D8%A7%D8%AD-%D8%A3%D9%88-%D8%AA%D8%AD%D8%B3%D9%8A%D9%86-%D8%AA%D8%B5%D9%85%D9%8A%D9%85-%D9%85%D9%88%D9%82%D8%B9-htmlcss
403 Forbidden,Non trouvé,Non trouvé,Non trouvé,Aucun avis,Inconnu,Inconnu,Aucun tag,https://khamsat.com/programming/custom-website-development/2027579-%D8%AA%D8%B5%D9%85%D9%8A%D9%85-%D9%85%D9%88%D9%82%D8%B9-%D9%88%D9%8A%D8%A8-web-application
403 Forbidden,Non trouvé,Non trouvé,Non trouvé,Aucun avis,Inconnu,Inconnu,Aucun tag,https://khamsat.com/programming/full-app-creation/3800890-%D8%A5%D9%86%D8%B4%D8%A7%D8%A1-%D8%AA%D8%B7%D8%A8%D9%8A%D9%82-%D8%AC%D9%88%D8%A7%D9%84-ios-%D9%88-android-%D8%B9%D8%A7%D9%84%D9%8A-%D8%A7%D9%84%D8%AC%D9%88%D8%AF%D8%A9-%D8%A8%D8%A5%D8%B3%D8%AA%D8%AE%D8%AF%D8%A7%D9%85-flutter
403 Forbidden,Non trouvé,Non trouvé,Non trouvé,Aucun avis,Inconnu,Inconnu,Aucun tag,https://khamsat.com/programming/api-integrations/3483377-%D8%B1%D8%A8%D8%B7-%D8%AA%D8%B7%D8%A8%D9%8A%D9%82%D9%83-%D8%A8api-%D9%88%D8%A7%D8%B8%D9%87%D8%A7%D8%B1-%D8%A7%D9%84%D8%A8%D9%8A%D8%A7%D9%86%D8%A7%D8%AA-%D8%A7%D9%84%D9%85%D8%B7%D9%84%D9%88%D8%A8%D9%87
403 Forbidden,Non trouvé,Non trouvé,Non trouvé,Aucun avis,Inconnu,Inconnu,Aucun tag,https://khamsat.com/programming/css-html/3649212-%D8%AA%D8%B5%D9%85%D9%8A%D9%85-%D8%B5%D9%81%D8%AD%D8%A9-%D9%88%D9%8A%D8%A8-%D9%84%D9%85%D8%B3%D8%AA%D8%B4%D9%81%D9%89-%D8%A8-html-css-react-js
403 Forbidden,Non trouvé,Non trouvé,Non trouvé,Aucun avis,Inconnu,Inconnu,Aucun tag,https://khamsat.com/programming/custom-website-development/2943470-%D8%AA%D8%B5%D9%85%D9%8A%D9%85-%D9%85%D9%88%D8%A7%D9%82%D8%B9-%D8%A8%D8%A7%D8%AD%D8%AA%D8%B1%D8%A7%D9%81-%D9%88%D8%A8%D8%B4%D9%83%D9%84-%D9%85%D9%85%D9%8A%D8%B2
403 Forbidden,Non trouvé,Non trouvé,Non trouvé,Aucun avis,Inconnu,Inconnu,Aucun tag,https://khamsat.com/programming/full-app-creation/3800650-%D8%AA%D8%B7%D9%88%D9%8A%D8%B1-%D8%AA%D8%B7%D8%A8%D9%8A%D9%82-%D9%85%D9%88%D8%A8%D8%A7%D9%8A%D9%84-ios-%D9%88-android
403 Forbidden,Non trouvé,Non trouvé,Non trouvé,Aucun avis,Inconnu,Inconnu,Aucun tag,https://khamsat.com/programming/api-integrations/3781637-%D8%AA%D8%B7%D9%88%D9%8A%D8%B1-%D8%A7%D9%84%D9%88%D8%A7%D8%AC%D9%87%D8%A7%D8%AA-%D8%A7%D9%84%D8%AE%D9%84%D9%81%D9%8A%D8%A9-api-%D9%88%D8%B1%D8%A8%D8%B7%D9%87-%D8%A8%D9%82%D9%88%D8%A7%D8%B9%D8%AF-%D8%A7%D9%84%D8%A8%D9%8A%D8%A7%D9%86%D8%A7%D8%AA
403 Forbidden,Non trouvé,Non trouvé,Non trouvé,Aucun avis,Inconnu,Inconnu,Aucun tag,https://khamsat.com/programming/css-html/3601258-%D8%A3%D8%B5%D9%85%D9%85-%D9%84%D9%83-%D8%B5%D9%81%D8%AD%D8%A9-%D9%88%D9%8A%D8%A8-%D8%A7%D8%AD%D8%AA%D8%B1%D8%A7%D9%81%D9%8A%D8%A9-%D9%85%D8%AA%D8%AC%D8%A7%D9%88%D8%A8%D8%A9-%D8%A8%D9%80-html-%D9%88-css-%D9%88-js
403 Forbidden,Non trouvé,Non trouvé,Non trouvé,Aucun avis,Inconnu,Inconnu,Aucun tag,https://khamsat.com/programming/custom-website-development/3233639-%D8%AA%D8%B5%D9%85%D9%8A%D9%85-%D9%85%D9%88%D8%A7%D9%82%D8%B9-%D9%88%D9%8A%D8%A8htmlcssjavascript-%D9%85%D8%AA%D8%AC%D8%A7%D9%88%D8%A8-%D9%85%D8%B9-%D8%AC%D9%85%D9%8A%D8%B9-%D8%A7%D9%84%D8%A7%D8%AC%D9%87%D8%B2%D8%A9
403 Forbidden,Non trouvé,Non trouvé,Non trouvé,Aucun avis,Inconnu,Inconnu,Aucun tag,https://khamsat.com/programming/full-app-creation/1817756-%D8%AA%D8%B5%D9%85%D9%8A%D9%85-%D9%88%D8%A7%D8%AC%D9%87%D8%AA%D9%8A%D9%86-xml-%D8%AA%D8%B5%D9%85%D9%8A%D9%85-%D8%A7%D9%86%D8%AF%D8%B1%D9%88%D9%8A%D8%AF-%D8%AA%D8%AD%D9%88%D9%8A%D9%84-%D8%A7%D9%84-xd-%D9%84-xml-%D8%A8%D8%B1%D9%85%D8%AC%D8%A9-%D8%A7%D9%86
403 Forbidden,Non trouvé,Non trouvé,Non trouvé,Aucun avis,Inconnu,Inconnu,Aucun tag,https://khamsat.com/programming/api-integrations/3908455-%D8%A3%D8%AA%D9%85%D8%AA%D8%A9-google-sheets-%D8%A8%D8%A7%D9%84%D9%83%D8%A7%D9%85%D9%84-%D8%A8%D8%A7%D8%B3%D8%AA%D8%AE%D8%AF%D8%A7%D9%85-google-apps-script
403 Forbidden,Non trouvé,Non trouvé,Non trouvé,Aucun avis,Inconnu,Inconnu,Aucun tag,https://khamsat.com/programming/css-html/3612973-%D8%AA%D8%B5%D9%85%D9%8A%D9%85-%D9%85%D9%88%D9%82%D8%B9-%D8%A8%D8%A7%D8%B3%D8%AA%D8%AE%D8%AF%D8%A7%D9%85-html-css
403 Forbidden,Non trouvé,Non trouvé,Non trouvé,Aucun avis,Inconnu,Inconnu,Aucun tag,https://khamsat.com/programming/custom-website-development/3159011-%D8%AE%D8%AF%D9%85%D8%A9-%D8%AA%D8%B5%D9%85%D9%8A%D9%85-%D9%88%D8%AA%D8%B7%D9%88%D9%8A%D8%B1-%D9%85%D9%88%D8%A7%D9%82%D8%B9-%D8%A5%D9%84%D9%83%D8%AA%D8%B1%D9%88%D9%86%D9%8A%D8%A9-%D9%85%D8%AA%D8%AC%D8%A7%D9%88%D8%A8%D8%A9-%D9%85%D8%B9-%D8%AC%D9%85%D9%8A%D8%B9-%D8%A7%D9%84%D8%A3%D8%AC%D9%87%D8%B2%D8%A9
403 Forbidden,Non trouvé,Non trouvé,Non trouvé,Aucun avis,Inconnu,Inconnu,Aucun tag,https://khamsat.com/programming/full-app-creation/3762249-%D8%AA%D8%B5%D9%85%D9%8A%D9%85-%D9%88%D8%AA%D8%B7%D9%88%D9%8A%D8%B1-%D8%AA%D8%B7%D8%A8%D9%8A%D9%82%D8%A7%D8%AA-%D9%85%D9%88%D8%A8%D8%A7%D9%8A%D9%84-%D8%A7%D8%AD%D8%AA%D8%B1%D8%A7%D9%81%D9%8A%D8%A9-%D8%A8%D8%A7%D8%B3%D8%AA%D8%AE%D8%AF%D8%A7%D9%85-flutter
403 Forbidden,Non trouvé,Non trouvé,Non trouvé,Aucun avis,Inconnu,Inconnu,Aucun tag,https://khamsat.com/programming/api-integrations/3483457-%D8%A7%D9%86%D8%B4%D8%A7%D8%A1-%D8%AA%D8%B7%D8%A8%D9%8A%D9%82-flutter-%D9%83%D8%A7%D9%85%D9%84-%D8%A7%D8%AD%D8%AA%D8%B1%D8%A7%D9%81%D9%8A
403 Forbidden,Non trouvé,Non trouvé,Non trouvé,Aucun avis,Inconnu,Inconnu,Aucun tag,https://khamsat.com/programming/css-html/3770874-%D8%A5%D9%86%D8%B4%D8%A7%D8%A1-%D8%B5%D9%81%D8%AD%D8%A9-home-%D9%85%D8%AA%D8%AC%D8%A7%D9%88%D8%A8%D8%A9-%D8%A8%D8%A7%D8%B3%D8%AA%D8%AE%D8%AF%D8%A7%D9%85-html-%D9%88-css
403 Forbidden,Non trouvé,Non trouvé,Non trouvé,Aucun avis,Inconnu,Inconnu,Aucun tag,https://khamsat.com/programming/full-app-creation/3805275-%D8%AA%D8%B5%D9%85%D9%8A%D9%85-%D9%88%D8%A7%D8%AC%D9%87%D8%A9-ui-screen-%D8%A8%D8%A7%D8%B3%D8%AA%D8%AE%D8%AF%D8%A7%D9%85-flutter
403 Forbidden,Non trouvé,Non trouvé,Non trouvé,Aucun avis,Inconnu,Inconnu,Aucun tag,https://khamsat.com/programming/custom-website-development/2842589-%D8%B9%D9%85%D9%84-%D8%B5%D9%81%D8%AD%D8%A9-%D9%88%D9%8A%D8%A8-%D8%A8%D8%A7%D8%B3%D8%AA%D8%AE%D8%AF%D8%A7%D9%85-html-css-js-tailwind-bootstrap
403 Forbidden,Non trouvé,Non trouvé,Non trouvé,Aucun avis,Inconnu,Inconnu,Aucun tag,https://khamsat.com/programming/api-integrations/3801835-%D8%A8%D8%B1%D9%85%D8%AC%D8%A9-%D9%88%D8%AA%D8%B7%D9%88%D9%8A%D8%B1-restful-api-%D8%A7%D8%AD%D8%AA%D8%B1%D8%A7%D9%81%D9%8A%D8%A9-%D8%A8%D8%A7%D8%B3%D8%AA%D8%AE%D8%AF%D8%A7%D9%85-asp.net-co
403 Forbidden,Non trouvé,Non trouvé,Non trouvé,Aucun avis,Inconnu,Inconnu,Aucun tag,https://khamsat.com/programming/css-html/3746805-%D8%AA%D8%B5%D9%85%D9%8A%D9%85-%D8%B5%D9%81%D8%AD%D8%A7%D8%AA-%D8%A7%D9%84%D9%88%D9%8A%D8%A8-html-css-js
403 Forbidden,Non trouvé,Non trouvé,Non trouvé,Aucun avis,Inconnu,Inconnu,Aucun tag,https://khamsat.com/programming/full-app-creation/3872275-%D8%AA%D8%B5%D9%85%D9%8A%D9%85-%D9%88%D8%A8%D8%B1%D9%85%D8%AC%D8%A9-%D8%AA%D8%B7%D8%A8%D9%8A%D9%82-%D9%81%D9%84%D8%A7%D8%AA%D8%B1-%D8%A3%D9%86%D8%AF%D8%B1%D9%88%D9%8A%D8%AF-%D9%88-%D8%A7%D9%8A%D9%81%D9%88%D9%86-%D8%B9%D8%A7%D9%84%D9%8A-%D8%A7%D9%84%D8%AC%D9%88%D8%AF%D8%A9
403 Forbidden,Non trouvé,Non trouvé,Non trouvé,Aucun avis,Inconnu,Inconnu,Aucun tag,https://khamsat.com/programming/custom-website-development/3160035-%D8%A8%D8%B1%D9%85%D8%AC%D8%A9-%D9%88%D8%AA%D8%B7%D9%88%D9%8A%D8%B1-%D9%85%D9%88%D9%82%D8%B9%D9%83-%D8%A8%D8%A7%D8%B3%D8%AA%D8%AE%D8%AF%D8%A7%D9%85-laravel-%D8%A3%D9%88-django-%D8%A8%D8%A7%D8%AD%D8%AA%D8%B1%D8%A7%D9%81%D9%8A%D8%A9
403 Forbidden,Non trouvé,Non trouvé,Non trouvé,Aucun avis,Inconnu,Inconnu,Aucun tag,https://khamsat.com/programming/api-integrations/3775852-%D8%AE%D8%AF%D9%85%D8%A9-%D8%A7%D8%AE%D8%AA%D8%A8%D8%A7%D8%B1-api-%D9%88%D9%83%D8%AA%D8%A7%D8%A8%D8%A9-%D8%AA%D9%82%D8%B1%D9%8A%D8%B1-%D8%B4%D8%A7%D9%85%D9%84-%D8%A8%D8%A7%D8%B3%D8%AA%D8%AE%D8%AF%D8%A7%D9%85-postman
403 Forbidden,Non trouvé,Non trouvé,Non trouvé,Aucun avis,Inconnu,Inconnu,Aucun tag,https://khamsat.com/programming/css-html/3236558-%D8%B3%D8%A3%D9%82%D9%88%D9%85-%D8%A8%D8%AA%D8%AD%D9%88%D9%8A%D9%84-%D8%AA%D8%B5%D9%85%D9%8A%D9%85-figma-%D8%A5%D9%84%D9%89-%D8%B5%D9%81%D8%AD%D8%A7%D8%AA-%D9%88%D9%8A%D8%A8-%D8%A8%D8%A7%D8%B3%D8%AA%D8%AE%D8%AF%D8%A7%D9%85-html-%D9%88css-%D9%88j
403 Forbidden,Non trouvé,Non trouvé,Non trouvé,Aucun avis,Inconnu,Inconnu,Aucun tag,https://khamsat.com/programming/custom-website-development/3105823-%D8%AA%D8%B5%D9%85%D9%8A%D9%85-%D9%88%D8%A8%D8%B1%D9%85%D8%AC%D8%A9-%D9%85%D9%88%D9%82%D8%B9-%D8%A7%D8%AD%D8%AA%D8%B1%D8%A7%D9%81%D9%8A-%D8%AD%D8%B3%D8%A8-%D8%B7%D9%84%D8%A8%D9%83
403 Forbidden,Non trouvé,Non trouvé,Non trouvé,Aucun avis,Inconnu,Inconnu,Aucun tag,https://khamsat.com/programming/full-app-creation/3879682-%D8%AA%D8%B5%D9%85%D9%8A%D9%85-%D9%88%D8%A8%D8%B1%D9%85%D8%AC%D8%A9-%D8%AA%D8%B7%D8%A8%D9%8A%D9%82-%D9%85%D9%88%D8%A8%D8%A7%D9%8A%D9%84-%D8%A7%D8%AD%D8%AA%D8%B1%D8%A7%D9%81%D9%8A-%D8%A8%D8%A7%D8%B3%D8%AA%D8%AE%D8%AF%D8%A7%D9%85-flutter-%D9%88firebase
403 Forbidden,Non trouvé,Non trouvé,Non trouvé,Aucun avis,Inconnu,Inconnu,Aucun tag,https://khamsat.com/programming/api-integrations/3550872-%D8%A5%D9%86%D8%B4%D8%A7%D8%A1-%D9%86%D9%82%D8%B7%D8%A9-api-%D8%A8%D8%A7%D8%B3%D8%AA%D8%AE%D8%AF%D8%A7%D9%85-laravel
403 Forbidden,Non trouvé,Non trouvé,Non trouvé,Aucun avis,Inconnu,Inconnu,Aucun tag,https://khamsat.com/programming/css-html/3721163-%D8%AA%D8%B5%D9%85%D9%8A%D9%85-%D9%85%D9%88%D9%82%D8%B9-%D8%A7%D8%AD%D8%AA%D8%B1%D8%A7%D9%81%D9%8A-%D8%A8%D8%A7%D8%B3%D8%AA%D8%AE%D8%AF%D8%A7%D9%85-html-%D9%88-css-%D8%A8%D8%B4%D9%83%D9%84-%D9%85%D9%86%D8%B3%D9%82-%D9%88%D9%85%D8%AA%D8%AC%D8%A7%D9%88%D8%A8
403 Forbidden,Non trouvé,Non trouvé,Non trouvé,Aucun avis,Inconnu,Inconnu,Aucun tag,https://khamsat.com/programming/custom-website-development/3181440-%D8%AA%D8%B5%D9%85%D9%8A%D9%85-%D8%B5%D9%81%D8%AD%D8%A7%D8%AA-%D8%A8%D8%A7%D8%B3%D8%AA%D8%AE%D8%AF%D8%A7%D9%85-html-and-css
403 Forbidden,Non trouvé,Non trouvé,Non trouvé,Aucun avis,Inconnu,Inconnu,Aucun tag,https://khamsat.com/programming/full-app-creation/3629041-%D8%AA%D8%B7%D9%88%D9%8A%D8%B1-%D8%AA%D8%B7%D8%A8%D9%8A%D9%82%D8%A7%D8%AA-%D9%84%D9%84%D9%87%D8%A7%D8%AA%D9%81-%D8%B9%D9%86-%D8%B7%D8%B1%D9%8A%D9%82-%D9%81%D9%84%D8%A7%D8%AA%D8%B1-android-ios
403 Forbidden,Non trouvé,Non trouvé,Non trouvé,Aucun avis,Inconnu,Inconnu,Aucun tag,https://khamsat.com/programming/api-integrations/3127665-%D8%A5%D9%86%D8%B4%D8%A7%D8%A1-%D9%88%D8%A7%D8%AC%D9%87%D8%A7%D8%AA-%D8%A8%D8%B1%D9%85%D8%AC%D9%8A%D8%A9-api-%D9%85%D8%AE%D8%B5%D8%B5%D8%A9-%D8%A8%D8%A7%D8%B3%D8%AA%D8%AE%D8%AF%D8%A7%D9%85-asp.net-web-api
403 Forbidden,Non trouvé,Non trouvé,Non trouvé,Aucun avis,Inconnu,Inconnu,Aucun tag,https://khamsat.com/programming/css-html/3138659-%D8%AA%D8%AD%D9%88%D9%8A%D9%84-%D8%B1%D8%A4%D9%8A%D8%AA%D9%83-%D8%A5%D9%84%D9%89-%D9%88%D8%A7%D8%AC%D9%87%D8%A9-%D9%88%D9%8A%D8%A8-%D8%A7%D8%AD%D8%AA%D8%B1%D8%A7%D9%81%D9%8A%D8%A9-html-css-bootstrap
403 Forbidden,Non trouvé,Non trouvé,Non trouvé,Aucun avis,Inconnu,Inconnu,Aucun tag,https://khamsat.com/programming/custom-website-development/3120619-%D8%AA%D8%B5%D9%85%D9%8A%D9%85-%D9%88%D8%A8%D8%B1%D9%85%D8%AC%D8%A9-%D9%85%D9%88%D9%82%D8%B9-%D8%A5%D9%84%D9%83%D8%AA%D8%B1%D9%88%D9%86%D9%8A-%D8%A7%D8%AD%D8%AA%D8%B1%D8%A7%D9%81%D9%8A-website-design
403 Forbidden,Non trouvé,Non trouvé,Non trouvé,Aucun avis,Inconnu,Inconnu,Aucun tag,https://khamsat.com/programming/full-app-creation/3682006-%D8%AA%D8%B7%D9%88%D9%8A%D8%B1-%D8%AA%D8%B7%D8%A8%D9%8A%D9%82-%D9%85%D9%88%D8%A8%D8%A7%D9%8A%D9%84-%D8%A7%D8%AD%D8%AA%D8%B1%D8%A7%D9%81%D9%8A
403 Forbidden,Non trouvé,Non trouvé,Non trouvé,Aucun avis,Inconnu,Inconnu,Aucun tag,https://khamsat.com/programming/api-integrations/2915137-%D8%A8%D9%86%D8%A7%D8%A1-%D8%B3%D9%8A%D8%B1%D9%81%D8%B1-%D8%A7%D8%AD%D8%AA%D8%B1%D8%A7%D9%81%D9%8A-nestjsexpress
403 Forbidden,Non trouvé,Non trouvé,Non trouvé,Aucun avis,Inconnu,Inconnu,Aucun tag,https://khamsat.com/programming/css-html/3474291-%D8%AA%D8%B5%D9%85%D9%8A%D9%85-%D9%88%D8%A7%D8%AC%D9%87%D8%A7%D8%AA-%D8%A3%D9%85%D8%A7%D9%85%D9%8A%D8%A9-%D8%B9%D8%B5%D8%B1%D9%8A%D8%A9-%D9%88%D9%85%D8%AA%D8%AC%D8%A7%D9%88%D8%A8%D8%A9-%D8%A8%D8%A7%D8%B3%D8%AA%D8%AE%D8%AF%D8%A7%D9%85-html-%D9%88css-%D9%88js
403 Forbidden,Non trouvé,Non trouvé,Non trouvé,Aucun avis,Inconnu,Inconnu,Aucun tag,https://khamsat.com/programming/full-app-creation/3910181-%D8%A7%D9%82%D9%88%D9%85-%D8%A8%D8%A5%D9%86%D8%B4%D8%A7%D8%A1-%D8%AA%D8%B7%D8%A8%D9%8A%D9%82%D8%A7%D8%AA-ios-%D8%A8%D8%A7%D8%B3%D8%AA%D8%AE%D8%AF%D8%A7%D9%85-swift
403 Forbidden,Non trouvé,Non trouvé,Non trouvé,Aucun avis,Inconnu,Inconnu,Aucun tag,https://khamsat.com/programming/custom-website-development/3902065-%D8%A5%D9%86%D8%B4%D8%A7%D8%A1-%D9%85%D9%88%D9%82%D8%B9-%D9%88%D9%8A%D8%A8-%D8%AF%D9%8A%D9%86%D8%A7%D9%85%D9%8A%D9%83%D9%8A-%D9%83%D8%A7%D9%85%D9%84-%D8%A8%D8%A7%D8%B3%D8%AA%D8%AE%D8%AF%D8%A7%D9%85-asp.net-mvc-%D8%A8%D8%A7%D8%AD%D8%AA%D8%B1%D8%A7%D9%81%D9%8A%D8%A9
403 Forbidden,Non trouvé,Non trouvé,Non trouvé,Aucun avis,Inconnu,Inconnu,Aucun tag,https://khamsat.com/programming/api-integrations/3193529-%D8%AA%D8%B7%D9%88%D9%8A%D8%B1-%D9%88%D8%A7%D8%AC%D9%87%D8%A7%D8%AA-%D8%A8%D8%B1%D9%85%D8%AC%D9%8A%D8%A9-apis-%D8%A7%D8%AD%D8%AA%D8%B1%D8%A7%D9%81%D9%8A%D8%A9-%D8%A8%D8%A7%D8%B3%D8%AA%D8%AE%D8%AF%D8%A7%D9%85-asp.net-core
403 Forbidden,Non trouvé,Non trouvé,Non trouvé,Aucun avis,Inconnu,Inconnu,Aucun tag,https://khamsat.com/programming/css-html/3445268-%D8%B5%D9%81%D8%AD%D8%A9-%D9%88%D9%8A%D8%A8-html-%D9%88css-%D9%85%D8%AA%D8%AC%D8%A7%D9%88%D8%A8%D8%A9-%D9%88%D8%A7%D8%AD%D8%AA%D8%B1%D8%A7%D9%81%D9%8A%D8%A9
403 Forbidden,Non trouvé,Non trouvé,Non trouvé,Aucun avis,Inconnu,Inconnu,Aucun tag,https://khamsat.com/programming/custom-website-development/2656382-%D8%A7%D9%86%D8%B4%D8%A7%D8%A1-%D9%88%D8%AA%D8%B9%D8%AF%D9%8A%D9%84-%D9%85%D9%88%D9%82%D8%B9-%D8%A8%D8%A7%D8%B3%D8%AA%D8%AE%D8%AF%D8%A7%D9%85-php-laravel
403 Forbidden,Non trouvé,Non trouvé,Non trouvé,Aucun avis,Inconnu,Inconnu,Aucun tag,https://khamsat.com/programming/full-app-creation/3903124-%D8%AA%D8%B7%D9%88%D9%8A%D8%B1-%D8%AA%D8%B7%D8%A8%D9%8A%D9%82-%D9%85%D9%88%D8%A8%D8%A7%D9%8A%D9%84-%D8%A8%D8%A7%D8%B3%D8%AA%D8%AE%D8%AF%D8%A7%D9%85-flutter
403 Forbidden,Non trouvé,Non trouvé,Non trouvé,Aucun avis,Inconnu,Inconnu,Aucun tag,https://khamsat.com/programming/api-integrations/2862124-%D8%B9%D9%85%D9%84-%D9%88%D8%A7%D8%AC%D9%87%D9%87-api-%D8%AE%D8%A7%D8%B5%D8%A9-%D8%A8%D8%A3%D9%8A-%D9%85%D8%B4%D8%B1%D9%88%D8%B9
403 Forbidden,Non trouvé,Non trouvé,Non trouvé,Aucun avis,Inconnu,Inconnu,Aucun tag,https://khamsat.com/programming/css-html/3654419-%D8%AA%D8%B5%D9%85%D9%8A%D9%85-%D9%88%D8%A8%D8%B1%D9%85%D8%AC%D9%87-%D9%85%D9%88%D8%A7%D9%82%D8%B9-%D8%A7%D8%AD%D8%AA%D8%B1%D8%A7%D9%81%D9%8A%D9%87-%D8%A8%D8%A7%D8%B3%D8%AA%D8%AE%D8%AF%D8%A7%D9%85-html-css-javascript
403 Forbidden,Non trouvé,Non trouvé,Non trouvé,Aucun avis,Inconnu,Inconnu,Aucun tag,https://khamsat.com/programming/full-app-creation/3908505-%D8%AD%D9%84-%D9%85%D8%B4%D8%A7%D9%83%D9%84-%D9%88%D8%B1%D8%A8%D8%B7-%D8%AA%D8%B7%D8%A8%D9%8A%D9%82%D8%A7%D8%AA-firebase-%D9%85%D8%B9-flutter
403 Forbidden,Non trouvé,Non trouvé,Non trouvé,Aucun avis,Inconnu,Inconnu,Aucun tag,https://khamsat.com/programming/custom-website-development/2641843-%D8%A5%D9%86%D8%B4%D8%A7%D8%A1-%D9%85%D9%86%D8%AA%D8%AF%D9%89-%D9%85%D8%AA%D8%B9%D8%AF%D8%AF-%D8%A7%D9%84%D9%84%D8%BA%D8%A7%D8%AA-%D8%B9%D8%B1%D8%A8%D9%8A%D8%A9-%D8%A5%D9%86%D8%AC%D9%84%D9%8A%D8%B2%D9%8A%D8%A9-%D9%88%D8%AA%D8%B1%D9%83%D9%8A%D8%A8-%D9%84%D9%88%D8%AD%D8%A9-%D8%AA%D8%AD%D9%83%D9%85
403 Forbidden,Non trouvé,Non trouvé,Non trouvé,Aucun avis,Inconnu,Inconnu,Aucun tag,https://khamsat.com/programming/api-integrations/3769100-%D8%A8%D9%86%D8%A7%D8%A1-%D9%88%D8%A7%D8%AC%D9%87%D8%A7%D8%AA-%D8%AE%D9%84%D9%81%D9%8A%D8%A9-%D9%85%D8%AA%D8%B7%D9%88%D8%B1%D8%A9-%D9%84%D9%85%D9%88%D8%A7%D9%82%D8%B9-%D8%A7%D9%84%D9%88%D9%8A%D8%A8-%D8%A8%D8%A7%D8%B3%D8%AA%D8%AE%D8%AF%D8%A7%D9%85-django
403 Forbidden,Non trouvé,Non trouvé,Non trouvé,Aucun avis,Inconnu,Inconnu,Aucun tag,https://khamsat.com/programming/css-html/2013344-%D8%A7%D9%86%D8%B4%D8%A7%D8%A1-%D8%B5%D9%81%D8%AD%D8%A9-%D9%88%D9%8A%D8%A8-%D8%B9%D9%86-%D8%B7%D8%B1%D9%8A%D9%82-%D8%A8%D8%B1%D9%85%D8%AC%D8%A9
403 Forbidden,Non trouvé,Non trouvé,Non trouvé,Aucun avis,Inconnu,Inconnu,Aucun tag,https://khamsat.com/programming/full-app-creation/3909005-%D8%A7%D9%86%D8%B4%D8%A7%D8%A1-%D9%88%D8%AA%D8%B9%D8%AF%D9%8A%D9%84-%D8%AA%D8%B7%D8%A8%D9%8A%D9%82-%D9%81%D9%84%D8%A7%D8%AA%D8%B1-flutter
403 Forbidden,Non trouvé,Non trouvé,Non trouvé,Aucun avis,Inconnu,Inconnu,Aucun tag,https://khamsat.com/programming/custom-website-development/2534515-%D8%AA%D8%B5%D9%85%D9%8A%D9%85-%D9%85%D9%88%D9%82%D8%B9-%D9%88%D9%8A%D8%A8-%D9%88%D8%A5%D9%86%D8%B4%D8%A7%D8%A1-apis-%D8%A5%D8%AD%D8%AA%D8%B1%D8%A7%D9%81%D9%8A%D8%A9
403 Forbidden,Non trouvé,Non trouvé,Non trouvé,Aucun avis,Inconnu,Inconnu,Aucun tag,https://khamsat.com/programming/api-integrations/3880695-%D8%AA%D8%B7%D9%88%D9%8A%D8%B1-%D9%88%D8%A7%D8%AC%D9%87%D8%A9-%D8%A8%D8%B1%D9%85%D8%AC%D9%8A%D8%A9-api-%D8%A7%D8%AD%D8%AA%D8%B1%D8%A7%D9%81%D9%8A%D8%A9-%D8%A8%D8%AA%D9%82%D9%86%D9%8A%D8%A9-asp.net-core
403 Forbidden,Non trouvé,Non trouvé,Non trouvé,Aucun avis,Inconnu,Inconnu,Aucun tag,https://khamsat.com/programming/css-html/2591018-%D8%AA%D8%B5%D9%85%D9%8A%D9%85-%D8%B5%D9%81%D8%AD%D8%A9-%D9%88%D9%8A%D8%A8-%D8%AA%D9%81%D8%A7%D8%B9%D9%84%D9%8A%D8%A9-%D8%AA%D8%AD%D8%AA%D9%88%D9%8A-%D8%B9%D9%84%D9%8A-%D9%85%D8%B1%D9%88%D9%86%D8%A9-%D9%81%D9%8A-%D8%AA%D8%AC%D8%B1%D8%A8%D8%A9-%D8%A7%D9%84%D9%85%D8%B3%D8%AA%D8%AE%D8%AF%D9%85
403 Forbidden,Non trouvé,Non trouvé,Non trouvé,Aucun avis,Inconnu,Inconnu,Aucun tag,https://khamsat.com/programming/full-app-creation/3865653-%D8%A7%D9%86%D8%B4%D8%A7%D8%A1-%D8%AA%D8%B7%D8%A8%D9%8A%D9%82-%D9%85%D9%88%D8%A8%D8%A7%D9%8A%D9%84-%D9%84%D9%84%D8%A7%D9%86%D8%AF%D8%B1%D9%88%D9%8A%D8%AF-%D9%88-ios
403 Forbidden,Non trouvé,Non trouvé,Non trouvé,Aucun avis,Inconnu,Inconnu,Aucun tag,https://khamsat.com/programming/api-integrations/2930424-%D8%AA%D8%B7%D9%88%D9%8A%D8%B1-%D9%88%D8%A7%D8%AC%D9%87%D8%A7%D8%AA-%D8%A8%D8%B1%D9%85%D8%AC%D9%8A%D8%A9-restful-%D8%A8%D8%A7%D8%B3%D8%AA%D8%AE%D8%AF%D8%A7%D9%85-django
403 Forbidden,Non trouvé,Non trouvé,Non trouvé,Aucun avis,Inconnu,Inconnu,Aucun tag,https://khamsat.com/programming/custom-website-development/3763209-%D8%AA%D8%B5%D9%85%D9%8A%D9%85-%D9%88%D8%AA%D8%B7%D9%88%D9%8A%D8%B1-%D9%88%D8%A7%D8%AC%D9%87%D8%A7%D8%AA-%D9%88%D9%8A%D8%A8-%D8%A7%D8%AD%D8%AA%D8%B1%D8%A7%D9%81%D9%8A%D8%A9-%D8%A8%D9%80-html-css-js-react
403 Forbidden,Non trouvé,Non trouvé,Non trouvé,Aucun avis,Inconnu,Inconnu,Aucun tag,https://khamsat.com/programming/css-html/2896025-%D8%A8%D8%B1%D9%85%D8%AC%D9%87-%D9%88%D8%AA%D8%B5%D9%85%D9%8A%D9%85-%D8%A3%D9%81%D8%B6%D9%84-%D8%A7%D9%84%D9%85%D9%88%D9%82%D8%B9-%D8%A8%D8%A7%D8%B3%D8%AA%D8%AE%D8%AF%D8%A7%D9%85-css%D9%88html
403 Forbidden,Non trouvé,Non trouvé,Non trouvé,Aucun avis,Inconnu,Inconnu,Aucun tag,https://khamsat.com/programming/full-app-creation/3914160-%D8%AA%D8%B5%D9%85%D9%8A%D9%85-%D9%88%D8%A8%D8%B1%D9%85%D8%AC%D8%A9-%D8%B5%D9%81%D8%AD%D8%A7%D8%AA-%D8%AA%D8%B7%D8%A8%D9%8A%D9%82%D8%A7%D8%AA-%D9%85%D9%88%D8%A8%D8%A7%D9%8A%D9%84-flutter-%D8%A8%D8%B4%D9%83%D9%84-%D8%A7%D8%AD%D8%AA%D8%B1%D8%A7%D9%81%D9%8A
403 Forbidden,Non trouvé,Non trouvé,Non trouvé,Aucun avis,Inconnu,Inconnu,Aucun tag,https://khamsat.com/programming/custom-website-development/3892840-%D8%AA%D8%B5%D9%85%D9%8A%D9%85-%D9%88%D8%AA%D8%B7%D9%88%D9%8A%D8%B1-%D8%B5%D9%81%D8%AD%D8%A7%D8%AA-%D8%A7%D9%84%D9%88%D9%8A%D8%A8-front-end-developer
403 Forbidden,Non trouvé,Non trouvé,Non trouvé,Aucun avis,Inconnu,Inconnu,Aucun tag,https://khamsat.com/programming/api-integrations/3769606-%D8%A5%D9%86%D8%B4%D8%A7%D8%A1-%D9%88%D8%AA%D8%B9%D8%AF%D9%8A%D9%84-%D8%A7%D9%84%D8%A3%D9%83%D9%88%D8%A7%D8%AF-%D8%A7%D9%84%D8%A8%D8%B1%D9%85%D8%AC%D9%8A%D8%A9-%D8%A7%D9%84%D8%A7%D8%AD%D8%AA%D8%B1%D8%A7%D9%81%D9%8A%D8%A9-%D8%B6%D9%85%D9%86-%D8%A5%D8%B7%D8%A7%D8%B1-django
403 Forbidden,Non trouvé,Non trouvé,Non trouvé,Aucun avis,Inconnu,Inconnu,Aucun tag,https://khamsat.com/programming/css-html/3033594-%D8%AA%D8%B5%D9%85%D9%8A%D9%85-%D9%85%D9%88%D9%82%D8%B9-%D8%B4%D8%AE%D8%B5%D9%8A-%D9%84%D8%B9%D8%B1%D8%B6-%D9%85%D8%B9%D9%84%D9%88%D9%85%D8%A7%D8%AA-%D9%88-%D8%AE%D8%AF%D9%85%D8%A7%D8%AA-%D8%A7%D9%84%D8%B4%D8%AE%D8%B5-cv-personal-web
403 Forbidden,Non trouvé,Non trouvé,Non trouvé,Aucun avis,Inconnu,Inconnu,Aucun tag,https://khamsat.com/programming/full-app-creation/3881944-%D8%B3%D8%A3%D9%82%D9%88%D9%85-%D8%A8%D8%A8%D8%B1%D9%85%D8%AC%D8%A9-%D8%AA%D8%B7%D8%A8%D9%8A%D9%82-%D9%85%D8%AA%D8%AC%D8%B1-%D9%83%D8%AA%D8%A8-%D8%A7%D8%AD%D8%AA%D8%B1%D8%A7%D9%81%D9%8A-%D8%A8%D8%A7%D8%B3%D8%AA%D8%AE%D8%AF%D8%A7%D9%85-flutter
403 Forbidden,Non trouvé,Non trouvé,Non trouvé,Aucun avis,Inconnu,Inconnu,Aucun tag,https://khamsat.com/programming/api-integrations/3927939-%D8%AA%D8%B7%D9%88%D9%8A%D8%B1-restful-api-%D8%A7%D8%AD%D8%AA%D8%B1%D8%A7%D9%81%D9%8A%D8%A9-%D8%A8%D8%A7%D8%B3%D8%AA%D8%AE%D8%AF%D8%A7%D9%85-asp.net-core-ef-core
403 Forbidden,Non trouvé,Non trouvé,Non trouvé,Aucun avis,Inconnu,Inconnu,Aucun tag,https://khamsat.com/programming/custom-website-development/3065320-%D8%AA%D8%B5%D9%85%D9%8A%D9%85-%D9%88-%D8%AA%D9%86%D9%81%D9%8A%D8%B0-%D9%85%D9%88%D9%82%D8%B9-%D8%A5%D9%84%D9%83%D8%AA%D8%B1%D9%88%D9%86%D9%8A-%D9%85%D9%86-%D8%A7%D9%84%D8%B5%D9%81%D8%B1
403 Forbidden,Non trouvé,Non trouvé,Non trouvé,Aucun avis,Inconnu,Inconnu,Aucun tag,https://khamsat.com/programming/css-html/2128095-%D8%AA%D8%B5%D9%85%D9%8A%D9%85-%D8%A7%D9%84%D9%88%D8%A7%D8%AC%D9%87%D8%A7%D8%AA-%D8%A7%D9%84%D8%A7%D9%85%D8%A7%D9%85%D9%8A%D9%87-%D9%84%D9%85%D9%88%D8%A7%D9%82%D8%B9-%D8%A7%D9%84%D9%88%D9%8A%D8%A8-%D8%A8%D8%A7%D8%B3%D8%AA%D8%AE%D8%AF%D8%A7%D9%85-%D8%B1%D9%8A%D8%A7%D9%83%D8%AA
403 Forbidden,Non trouvé,Non trouvé,Non trouvé,Aucun avis,Inconnu,Inconnu,Aucun tag,https://khamsat.com/programming/full-app-creation/3881864-%D8%A7%D8%AD%D8%B5%D9%84-%D8%B9%D9%84%D9%89-%D8%AA%D8%B7%D8%A8%D9%8A%D9%82-%D9%84%D8%A5%D8%AF%D8%A7%D8%B1%D8%A9-%D9%85%D8%AD%D9%84%D8%A7%D8%AA-%D8%A7%D9%84%D8%A8%D9%84%D8%A7%D9%8A%D8%B3%D8%AA%D9%8A%D8%B4%D9%86-%D9%88%D8%A7%D9%84%D9%83%D8%A7%D9%81%D9%8A%D9%87%D8%A7%D8%AA
403 Forbidden,Non trouvé,Non trouvé,Non trouvé,Aucun avis,Inconnu,Inconnu,Aucun tag,https://khamsat.com/programming/api-integrations/3769872-%D8%AA%D8%B5%D9%85%D9%8A%D9%85-%D9%88%D8%AA%D8%B7%D9%88%D9%8A%D8%B1-%D9%88%D8%A7%D8%AC%D9%87%D8%A7%D8%AA-api-%D9%85%D9%86-%D9%86%D9%88%D8%B9-%D8%A8%D8%A7%D8%B3%D8%AA%D8%AE%D8%AF%D8%A7%D9%85-fastapi-%D8%A3%D9%88-flask
403 Forbidden,Non trouvé,Non trouvé,Non trouvé,Aucun avis,Inconnu,Inconnu,Aucun tag,https://khamsat.com/programming/custom-website-development/3919287-%D9%85%D9%88%D9%82%D8%B9-%D8%A7%D8%AE%D8%AA%D8%A8%D8%A7%D8%B1%D8%A7%D8%AA-%D8%A7%D9%84%D9%83%D8%AA%D8%B1%D9%88%D9%86%D9%8A-%D9%83%D8%A7%D9%85%D9%84-react-node.js-mongodb
403 Forbidden,Non trouvé,Non trouvé,Non trouvé,Aucun avis,Inconnu,Inconnu,Aucun tag,https://khamsat.com/programming/css-html/2659836-%D8%AA%D8%B7%D9%88%D9%8A%D8%B1-%D9%88%D8%A7%D8%AC%D9%87%D8%A7%D8%AA-%D8%A7%D9%85%D8%A7%D9%85%D9%8A%D9%87-%D8%A7%D8%AD%D8%AA%D8%B1%D8%A7%D9%81%D9%8A%D9%87-%D8%A8%D9%84%D8%BA%D8%A7%D8%AA-htmlcssjs
403 Forbidden,Non trouvé,Non trouvé,Non trouvé,Aucun avis,Inconnu,Inconnu,Aucun tag,https://khamsat.com/programming/api-integrations/3916168-%D8%A7%D9%86%D8%B4%D8%A7%D8%A1-api-%D9%84%D8%AA%D8%B7%D9%88%D9%8A%D8%B1-%D9%85%D9%88%D8%A7%D9%82%D8%B9-%D9%88%D8%AA%D8%B7%D8%A8%D9%8A%D9%82%D8%A7%D8%AA-%D8%A7%D9%84%D9%88%D9%8A%D8%A8-%D8%A8%D8%A7%D8%B3%D8%AA%D8%AE%D8%AF%D8%A7%D9%85-asp.net-core
403 Forbidden,Non trouvé,Non trouvé,Non trouvé,Aucun avis,Inconnu,Inconnu,Aucun tag,https://khamsat.com/programming/full-app-creation/3256097-%D8%AA%D8%AD%D9%88%D9%8A%D9%84-%D9%85%D9%88%D9%82%D8%B9%D9%83-%D8%A7%D9%84%D9%89-%D8%AA%D8%B7%D8%A8%D9%8A%D9%82-ios-android-%D8%A8%D8%A7%D8%B3%D8%AA%D8%AE%D8%AF%D8%A7%D9%85-webview
403 Forbidden,Non trouvé,Non trouvé,Non trouvé,Aucun avis,Inconnu,Inconnu,Aucun tag,https://khamsat.com/programming/custom-website-development/2358731-%D8%AA%D8%B5%D9%85%D9%8A%D9%85-%D9%85%D9%88%D8%A7%D9%82%D8%B9-%D9%88%D8%AA%D8%B7%D8%A8%D9%8A%D9%82%D8%A7%D8%AA-%D8%A7%D9%84%D9%88%D9%8A%D8%A8
403 Forbidden,Non trouvé,Non trouvé,Non trouvé,Aucun avis,Inconnu,Inconnu,Aucun tag,https://khamsat.com/programming/css-html/2550896-%D8%A7%D9%86%D8%B4%D8%A7%D8%A1-%D8%AC%D9%88%D9%84%D8%A7%D8%AA-%D8%A7%D9%81%D8%AA%D8%B1%D8%A7%D8%B6%D9%8A%D8%A9-%D8%AA%D9%81%D8%A7%D8%B9%D9%84%D9%8A%D8%A9-%D8%A8%D8%AA%D9%82%D9%86%D9%8A%D8%A9-360
403 Forbidden,Non trouvé,Non trouvé,Non trouvé,Aucun avis,Inconnu,Inconnu,Aucun tag,https://khamsat.com/programming/full-app-creation/3791783-%D8%B1%D8%A8%D8%B7-%D8%AA%D8%B7%D8%A8%D9%8A%D9%82-flutter-%D9%85%D8%B9-firebase
403 Forbidden,Non trouvé,Non trouvé,Non trouvé,Aucun avis,Inconnu,Inconnu,Aucun tag,https://khamsat.com/programming/api-integrations/3911784-%D8%B9%D9%85%D9%84-%D9%88%D8%A7%D8%AC%D9%87%D9%87-api-%D8%AE%D8%A7%D8%B5%D8%A9-%D8%A8%D8%A3%D9%8A-%D9%85%D8%B4%D8%B1%D9%88%D8%B9-%D8%A8%D8%A7%D8%A7%D8%B3%D8%AA%D8%AE%D8%AF%D8%A7%D9%85-asp.net-core
403 Forbidden,Non trouvé,Non trouvé,Non trouvé,Aucun avis,Inconnu,Inconnu,Aucun tag,https://khamsat.com/programming/custom-website-development/3842632-%D8%A5%D9%86%D8%B4%D8%A7%D8%A1-%D9%85%D9%88%D9%82%D8%B9-%D9%88%D9%8A%D8%A8-%D8%AA%D8%B9%D8%B1%D9%8A%D9%81%D9%8A-%D8%B9%D8%B5%D8%B1%D9%8A-%D9%84%D9%85%D8%B4%D8%B1%D9%88%D8%B9%D9%83-%D8%A3%D9%88-%D8%B4%D8%B1%D9%83%D8%AA%D9%83-%D8%A8%D8%A3%D8%B3%D9%84%D9%88%D8%A8-%D8%A7%D8%AD%D8%AA%D8%B1%D8%A7%D9%81%D9%8A
403 Forbidden,Non trouvé,Non trouvé,Non trouvé,Aucun avis,Inconnu,Inconnu,Aucun tag,https://khamsat.com/programming/css-html/3101629-%D8%AA%D8%B5%D9%85%D9%8A%D9%85-%D9%88%D8%A7%D8%AC%D9%87%D8%A7%D8%AA-%D8%A7%D9%84%D9%85%D8%B3%D8%AA%D8%AE%D8%AF%D9%85-%D8%A7%D9%84%D8%A3%D9%85%D8%A7%D9%85%D9%8A%D8%A9-front-end
403 Forbidden,Non trouvé,Non trouvé,Non trouvé,Aucun avis,Inconnu,Inconnu,Aucun tag,https://khamsat.com/programming/full-app-creation/3878043-%D8%A8%D8%B1%D9%85%D8%AC%D8%A9-%D8%AA%D8%B7%D8%A8%D9%8A%D9%82%D8%A7%D8%AA-%D8%A3%D9%86%D8%AF%D8%B1%D9%88%D9%8A%D8%AF-%D8%AD%D8%AF%D9%8A%D8%AB%D8%A9-%D8%A8%D8%A7%D8%B3%D8%AA%D8%AE%D8%AF%D8%A7%D9%85-kotlin-%D9%88jetpack-compose
403 Forbidden,Non trouvé,Non trouvé,Non trouvé,Aucun avis,Inconnu,Inconnu,Aucun tag,https://khamsat.com/programming/api-integrations/3762135-%D8%A8%D8%B1%D9%85%D8%AC%D8%A9-%D9%88%D8%A7%D8%AC%D9%87%D8%A7%D8%AA-%D8%A8%D8%B1%D9%85%D8%AC%D9%8A%D8%A9-apis-%D9%88%D8%B1%D8%A8%D8%B7-%D9%82%D9%88%D8%A7%D8%B9%D8%AF-%D8%A7%D9%84%D8%A8%D9%8A%D8%A7%D9%86%D8%A7%D8%AA-%D9%84%D9%85%D9%88%D9%82%D8%B9%D9%83-%D8%A3%D9%88-%D8%AA%D8%B7%D8%A8
403 Forbidden,Non trouvé,Non trouvé,Non trouvé,Aucun avis,Inconnu,Inconnu,Aucun tag,https://khamsat.com/programming/custom-website-development/3311855-%D8%AA%D8%B5%D9%85%D9%8A%D9%85-%D9%85%D9%88%D9%82%D8%B9-%D8%A5%D9%84%D9%83%D8%AA%D8%B1%D9%88%D9%86%D9%8A-%D8%A7%D8%AD%D8%AA%D8%B1%D8%A7%D9%81%D9%8A-%D9%85%D8%AA%D9%83%D8%A7%D9%85%D9%84-%D8%B9%D9%84%D9%89-%D9%85%D9%86%D8%B5%D8%A9-%D8%B3%D9%86%D8%AF%D9%8A%D8%A7%D9%86
403 Forbidden,Non trouvé,Non trouvé,Non trouvé,Aucun avis,Inconnu,Inconnu,Aucun tag,https://khamsat.com/programming/css-html/2592810-%D8%A8%D8%B1%D9%85%D8%AC%D8%A9-%D9%88-%D8%AA%D8%B7%D9%88%D9%8A%D8%B1-%D9%88%D9%8A%D8%A8-html-css-js-bootstrap
403 Forbidden,Non trouvé,Non trouvé,Non trouvé,Aucun avis,Inconnu,Inconnu,Aucun tag,https://khamsat.com/programming/full-app-creation/3868871-%D8%B3%D8%A3%D9%82%D9%88%D9%85-%D8%A8%D8%A8%D8%B1%D9%85%D8%AC%D8%A9-%D8%AA%D8%B7%D8%A8%D9%8A%D9%82-%D8%A8%D8%A3%D8%B3%D8%AA%D8%AE%D8%AF%D8%A7%D9%85-flutter-framework-%D9%88-%D8%B1%D8%A8%D8%B7%D8%A9-%D8%A8%D8%A7-apis
403 Forbidden,Non trouvé,Non trouvé,Non trouvé,Aucun avis,Inconnu,Inconnu,Aucun tag,https://khamsat.com/programming/api-integrations/3744505-%D8%A8%D9%86%D8%A7%D8%A1-restfull-api-%D8%A8%D8%A7%D8%B3%D8%AA%D8%AE%D8%AF%D8%A7%D9%85-asp-net-core
403 Forbidden,Non trouvé,Non trouvé,Non trouvé,Aucun avis,Inconnu,Inconnu,Aucun tag,https://khamsat.com/programming/custom-website-development/3130683-%D8%B9%D9%85%D9%84-%D9%85%D9%88%D9%82%D8%B9-%D8%A7%D9%84%D9%83%D8%AA%D8%B1%D9%88%D9%86%D9%8A-%D9%85%D8%AA%D8%AC%D8%A7%D9%88%D8%A8-%D9%85%D8%B9-%D8%AC%D9%85%D9%8A%D8%B9-%D8%A7%D9%84%D8%B4%D8%A7%D8%B4%D8%A7%D8%AA
403 Forbidden,Non trouvé,Non trouvé,Non trouvé,Aucun avis,Inconnu,Inconnu,Aucun tag,https://khamsat.com/programming/css-html/3109637-%D8%AA%D8%B5%D9%85%D9%8A%D9%85-%D9%88%D8%A8%D8%B1%D9%85%D8%AC%D8%A9-%D8%B5%D9%81%D8%AD%D8%A9-%D8%AA%D8%B3%D8%AC%D9%8A%D9%84-%D8%AD%D8%B3%D8%A7%D8%A8-%D8%A7%D9%88-%D8%AA%D8%B3%D8%AC%D9%8A%D9%84-%D8%AF%D8%AE%D9%88%D9%84-%D8%A7%D8%AD%D8%AA%D8%B1%D8%A7%D9%81%D9%8A%D8%A9-%D9%88%D9%85%D8%AA%D8%AC%D8%A7%D9%88%D8%A8%D8%A9
403 Forbidden,Non trouvé,Non trouvé,Non trouvé,Aucun avis,Inconnu,Inconnu,Aucun tag,https://khamsat.com/programming/full-app-creation/3275726-%D8%B9%D9%85%D9%84-%D8%AA%D8%B7%D8%A8%D9%8A%D9%82%D8%A7%D8%AA-%D9%84%D9%84%D9%85%D9%88%D8%A8%D8%A7%D9%8A%D9%84-%D8%A7%D9%86%D8%AF%D8%B1%D9%88%D9%8A%D8%AF
403 Forbidden,Non trouvé,Non trouvé,Non trouvé,Aucun avis,Inconnu,Inconnu,Aucun tag,https://khamsat.com/programming/api-integrations/3880754-%D8%AD%D8%B2%D9%85%D8%A9-%D8%A7%D9%84%D8%A3%D9%85%D9%86-%D9%88%D8%A7%D9%84%D8%AA%D8%AD%D9%82%D9%82-%D8%A7%D9%84%D9%85%D8%AA%D9%82%D8%AF%D9%85%D8%A9-api-%D9%85%D8%B5%D8%A7%D8%AF%D9%82%D8%A9-jwt
403 Forbidden,Non trouvé,Non trouvé,Non trouvé,Aucun avis,Inconnu,Inconnu,Aucun tag,https://khamsat.com/programming/custom-website-development/3133972-%D8%AA%D8%B5%D9%85%D9%8A%D9%85-%D9%88%D8%A8%D8%B1%D9%85%D8%AC%D8%A9-%D9%85%D9%88%D9%82%D8%B9-%D9%88%D9%8A%D8%A8-%D8%A7%D8%AD%D8%AA%D8%B1%D8%A7%D9%81%D9%8A-%D8%A8%D8%A7%D8%B3%D8%AA%D8%AE%D8%AF%D8%A7%D9%85-html-css-javascript
403 Forbidden,Non trouvé,Non trouvé,Non trouvé,Aucun avis,Inconnu,Inconnu,Aucun tag,https://khamsat.com/programming/css-html/2216709-%D8%A7%D9%86%D8%B4%D8%A7%D8%A1-%D9%85%D9%88%D9%82%D8%B9%D9%83-%D8%A7%D9%84%D8%A7%D9%83%D8%AA%D8%B1%D9%88%D9%86%D9%8A-%D8%A8%D8%A7%D8%AD%D8%AA%D8%B1%D8%A7%D9%81%D9%8A%D9%87-full-stack-using-mern-tech
403 Forbidden,Non trouvé,Non trouvé,Non trouvé,Aucun avis,Inconnu,Inconnu,Aucun tag,https://khamsat.com/programming/full-app-creation/3843450-%D8%A8%D8%B1%D9%85%D8%AC%D8%A9-%D8%AA%D8%B7%D8%A8%D9%8A%D9%82%D8%A7%D8%AA-android-%D9%88-ios-%D8%A8%D8%A7%D8%B3%D8%AA%D8%AE%D8%AF%D8%A7%D9%85-flutter-%D8%A8%D8%A7%D8%AD%D8%AA%D8%B1%D8%A7%D9%81%D9%8A%D8%A9-%D8%B9%D8%A7%D9%84%D9%8A%D8%A9
403 Forbidden,Non trouvé,Non trouvé,Non trouvé,Aucun avis,Inconnu,Inconnu,Aucun tag,https://khamsat.com/programming/api-integrations/3900506-%D8%A8%D8%B1%D9%85%D8%AC%D8%A9-%D9%85%D9%88%D8%A7%D9%82%D8%B9-%D8%A7%D9%84%D9%88%D9%8A%D8%A8-%D8%A8%D8%A7%D8%B3%D8%AA%D8%AE%D8%AF%D8%A7%D9%85-python-django-djangoapi-mysql
403 Forbidden,Non trouvé,Non trouvé,Non trouvé,Aucun avis,Inconnu,Inconnu,Aucun tag,https://khamsat.com/programming/custom-website-development/2842765-%D8%A7%D9%86%D8%B4%D8%A7%D8%A1-%D9%85%D9%88%D9%82%D8%B9%D9%83-%D8%A8%D8%B1%D9%85%D8%AC%D9%87-%D9%88%D8%AA%D8%B5%D9%85%D9%8A%D9%85-%D8%AD%D8%AA%D9%8A-%D9%8A%D8%AA%D8%A3%D9%84%D9%82-%D8%B9%D9%84%D9%89-%D9%86%D8%AA%D8%A7%D8%A6%D8%AC-%D8%A8%D8%AD%D8%AB-%D8%AC%D9%88%D8%AC%D9%84
403 Forbidden,Non trouvé,Non trouvé,Non trouvé,Aucun avis,Inconnu,Inconnu,Aucun tag,https://khamsat.com/programming/css-html/3212709-%D8%AA%D8%B5%D9%85%D9%8A%D9%85-%D9%85%D9%88%D9%82%D8%B9-%D8%A5%D9%84%D9%83%D8%AA%D8%B1%D9%88%D9%86%D9%8A-front-end-%D8%A7%D8%AD%D8%AA%D8%B1%D8%A7%D9%81%D9%8A-%D9%88%D8%AA%D8%B3%D9%84%D9%8A%D9%85%D9%87-%D9%83%D9%85%D9%84%D9%81-%D8%AC%D8%A7%D9%87%D8%B2
403 Forbidden,Non trouvé,Non trouvé,Non trouvé,Aucun avis,Inconnu,Inconnu,Aucun tag,https://khamsat.com/programming/full-app-creation/3913721-%D8%A8%D8%B1%D9%85%D8%AC%D8%A9-%D9%88%D8%AA%D8%B5%D9%85%D9%8A%D9%85-%D8%AA%D8%B7%D8%A8%D9%8A%D9%82%D8%A7%D8%AA-%D8%A7%D9%84%D8%AC%D9%88%D8%A7%D9%84-%D8%A8%D8%B3%D8%AA%D8%AE%D8%AF%D8%A7%D9%85-flutter
403 Forbidden,Non trouvé,Non trouvé,Non trouvé,Aucun avis,Inconnu,Inconnu,Aucun tag,https://khamsat.com/programming/api-integrations/3883039-%D9%86%D8%B8%D8%A7%D9%85-%D8%A7%D9%88%D8%AA%D9%88%D9%85%D9%8A%D8%B4%D9%86-%D9%84%D8%AA%D8%B3%D8%AC%D9%8A%D9%84-%D8%AA%D8%AD%D9%88%D9%8A%D9%84%D8%A7%D8%AA-%D9%81%D9%88%D8%AF%D8%A7%D9%81%D9%88%D9%86-%D9%83%D8%A7%D8%B4-%D9%88-%D9%85%D8%B1%D8%A8%D9%88%D8%B7-%D9%85%D8%B9-%D8%AA%D9%84%D8%AC%D8%B1%D8%A7%D9%85
403 Forbidden,Non trouvé,Non trouvé,Non trouvé,Aucun avis,Inconnu,Inconnu,Aucun tag,https://khamsat.com/programming/custom-website-development/3067600-%D8%AA%D8%B7%D9%88%D9%8A%D8%B1-%D9%88-%D8%B9%D9%85%D9%84-%D9%85%D9%88%D9%82%D8%B9-%D9%83%D8%A7%D9%85%D9%84-fullstack-%D8%A8%D8%A3%D8%B3%D8%AA%D8%AE%D8%AF%D8%A7%D9%85-react.js-%D9%88-node.js
403 Forbidden,Non trouvé,Non trouvé,Non trouvé,Aucun avis,Inconnu,Inconnu,Aucun tag,https://khamsat.com/programming/css-html/3014171-%D8%AA%D8%B5%D9%85%D9%8A%D9%85-%D9%88%D8%A8%D8%B1%D9%85%D8%AC%D8%A9-%D9%85%D9%88%D9%82%D8%B9%D9%83-%D8%A7%D9%84%D8%A7%D9%84%D9%83%D8%AA%D8%B1%D9%88%D9%86%D9%8A-%D8%A8%D8%A7%D8%AD%D8%AA%D8%B1%D8%A7%D9%81%D9%8A%D8%A9
403 Forbidden,Non trouvé,Non trouvé,Non trouvé,Aucun avis,Inconnu,Inconnu,Aucun tag,https://khamsat.com/programming/full-app-creation/3743461-%D8%A8%D8%B1%D9%85%D8%AC%D8%A9-%D9%88%D8%AA%D8%B7%D9%88%D9%8A%D8%B1-%D8%AA%D8%B7%D8%A8%D9%8A%D9%82%D8%A7%D8%AA-%D8%A3%D9%86%D8%AF%D8%B1%D9%88%D9%8A%D8%AF-%D9%88flutter-%D8%A8%D8%A7%D8%AD%D8%AA%D8%B1%D8%A7%D9%81%D9%8A%D8%A9-%D9%88%D8%AC%D9%88%D8%AF%D8%A9-%D8%B9%D8%A7%D9%84%D9%8A%D8%A9
403 Forbidden,Non trouvé,Non trouvé,Non trouvé,Aucun avis,Inconnu,Inconnu,Aucun tag,https://khamsat.com/programming/api-integrations/3782571-%D8%AF%D9%85%D8%AC-%D9%88%D8%A7%D8%AC%D9%87%D8%A7%D8%AA-%D8%A8%D8%B1%D9%85%D8%AC%D8%A9-%D8%A7%D9%84%D8%AA%D8%B7%D8%A8%D9%8A%D9%82%D8%A7%D8%AA-apis-%D9%85%D8%B9-%D9%88%D8%A7%D8%AC%D9%87%D8%A7%D8%AA-%D8%A7%D9%84%D8%AA%D8%B7%D8%A8%D9%8A%D9%82%D8%A7%D8%AA-ui
403 Forbidden,Non trouvé,Non trouvé,Non trouvé,Aucun avis,Inconnu,Inconnu,Aucun tag,https://khamsat.com/programming/custom-website-development/3562819-%D8%A8%D8%B1%D9%85%D8%AC%D8%A9-%D9%88-%D8%AA%D8%B7%D9%88%D9%8A%D8%B1-%D9%85%D9%88%D8%A7%D9%82%D8%B9-%D8%A8%D8%A5%D8%B3%D8%AA%D8%AE%D8%AF%D8%A7%D9%85-next.js
403 Forbidden,Non trouvé,Non trouvé,Non trouvé,Aucun avis,Inconnu,Inconnu,Aucun tag,https://khamsat.com/programming/css-html/3773428-%D9%85%D8%B4%D8%B1%D9%88%D8%B9-%D9%84%D9%88%D8%AD%D8%A9-%D8%A7%D9%84%D8%AA%D8%AD%D9%83%D9%85-dashboard-project
403 Forbidden,Non trouvé,Non trouvé,Non trouvé,Aucun avis,Inconnu,Inconnu,Aucun tag,https://khamsat.com/programming/custom-website-development/2329730-%D8%AA%D8%B5%D9%85%D9%8A%D9%85-%D8%A7%D9%88-%D8%AA%D8%B9%D8%AF%D9%8A%D9%84-%D9%85%D9%88%D9%82%D8%B9%D9%83-%D8%A7%D9%84%D9%83%D8%AA%D8%B1%D9%88%D9%86%D9%8A-%D9%83%D8%A7%D9%85%D9%84-%D8%A8%D8%A7%D8%B3%D8%AA%D8%AE%D8%AF%D8%A7%D9%85-php-laravel
403 Forbidden,Non trouvé,Non trouvé,Non trouvé,Aucun avis,Inconnu,Inconnu,Aucun tag,https://khamsat.com/programming/full-app-creation/3854246-%D8%AA%D8%B7%D9%88%D9%8A%D8%B1-%D8%AA%D8%B7%D8%A8%D9%8A%D9%82%D8%A7%D8%AA-%D9%85%D9%88%D8%A8%D8%A7%D9%8A%D9%84-%D8%A7%D8%AD%D8%AA%D8%B1%D8%A7%D9%81%D9%8A%D8%A9-%D8%A8%D8%A7%D8%B3%D8%AA%D8%AE%D8%AF%D8%A7%D9%85-flutter%D8%A3%D9%86%D8%AF%D8%B1%D9%88%D9%8A%D8%AF-%D9%88ios
403 Forbidden,Non trouvé,Non trouvé,Non trouvé,Aucun avis,Inconnu,Inconnu,Aucun tag,https://khamsat.com/programming/api-integrations/3470415-%D8%AA%D8%B7%D9%88%D9%8A%D8%B1-back-end-%D8%B3%D8%B1%D9%8A%D8%B9-%D9%88%D8%A2%D9%85%D9%86-%D8%A8%D8%A7%D8%B3%D8%AA%D8%AE%D8%AF%D8%A7%D9%85-.net-%D8%A7%D8%AD%D8%AA%D8%B1%D8%A7%D9%81%D9%8A%D8%A9-%D8%A8%D8%A3%D9%82%D9%84-%D8%AA%D9%83%D9%84%D9%81%D9%87
403 Forbidden,Non trouvé,Non trouvé,Non trouvé,Aucun avis,Inconnu,Inconnu,Aucun tag,https://khamsat.com/programming/css-html/2808042-%D8%AA%D8%B5%D9%85%D9%8A%D9%85-%D9%85%D9%88%D9%82%D8%B9-%D8%AC%D8%B0%D8%A7%D8%A8-%D9%88%D9%85%D8%AA%D8%AC%D8%A7%D9%88%D8%A8-%D9%85%D8%B9-%D9%83%D9%84-%D8%A7%D9%84%D8%A7%D8%AC%D9%87%D8%B2%D9%87
403 Forbidden,Non trouvé,Non trouvé,Non trouvé,Aucun avis,Inconnu,Inconnu,Aucun tag,https://khamsat.com/programming/custom-website-development/2912502-%D8%AA%D8%B5%D9%85%D9%8A%D9%85-%D9%88%D8%AA%D8%B7%D9%88%D9%8A%D8%B1-%D9%85%D9%88%D9%82%D8%B9-%D8%A5%D9%84%D9%83%D8%AA%D8%B1%D9%88%D9%86%D9%8A-%D8%A7%D8%AD%D8%AA%D8%B1%D8%A7%D9%81%D9%8A-%D9%85%D8%AA%D8%AC%D8%A7%D9%88%D8%A8-%D9%85%D8%B9-%D8%AC%D9%85%D9%8A%D8%B9-%D8%A7%D9%84%D8%A7%D8%AC%D9%87%D8%B2%D9%87-%D9%84%D8%B4%D8%B1%D9%83%D8%AA%D9%83
403 Forbidden,Non trouvé,Non trouvé,Non trouvé,Aucun avis,Inconnu,Inconnu,Aucun tag,https://khamsat.com/programming/full-app-creation/3894845-%D8%A8%D8%B1%D9%85%D8%AC%D8%A9-%D8%AA%D8%B7%D8%A8%D9%8A%D9%82-flutter-%D9%83%D8%A7%D9%85%D9%84-%D8%A8%D9%88%D8%A7%D8%AC%D9%87%D8%A9-%D8%A7%D8%AD%D8%AA%D8%B1%D8%A7%D9%81%D9%8A%D8%A9-backend-%D9%85%D8%AA%D9%83%D8%A7%D9%85%D9%84
403 Forbidden,Non trouvé,Non trouvé,Non trouvé,Aucun avis,Inconnu,Inconnu,Aucun tag,https://khamsat.com/programming/api-integrations/3386392-%D8%A5%D9%86%D8%B4%D8%A7%D8%A1-apis-%D8%A7%D8%AD%D8%AA%D8%B1%D8%A7%D9%81%D9%8A%D8%A9-%D8%A8%D8%A7%D8%B3%D8%AA%D8%AE%D8%AF%D8%A7%D9%85-dot-net-core-rest-api
403 Forbidden,Non trouvé,Non trouvé,Non trouvé,Aucun avis,Inconnu,Inconnu,Aucun tag,https://khamsat.com/programming/css-html/1957154-%D8%AA%D8%B5%D9%85%D9%8A%D9%85-%D9%85%D9%85%D9%8A%D8%B2-%D9%84%D8%B5%D9%81%D8%AD%D8%AA%D9%8A%D9%86-%D8%A8%D8%A5%D8%B3%D8%AA%D8%B9%D9%85%D8%A7%D9%84-htmlcss
403 Forbidden,Non trouvé,Non trouvé,Non trouvé,Aucun avis,Inconnu,Inconnu,Aucun tag,https://khamsat.com/programming/custom-website-development/3016505-%D8%AA%D8%B5%D9%85%D9%8A%D9%85-%D8%B5%D9%81%D8%AD%D8%A9-%D9%85%D8%AA%D9%83%D8%A7%D9%85%D9%84%D8%A9-%D8%A8%D8%A7%D8%B3%D8%AA%D8%AE%D8%AF%D8%A7%D9%85-php-%D9%88-mysql
403 Forbidden,Non trouvé,Non trouvé,Non trouvé,Aucun avis,Inconnu,Inconnu,Aucun tag,https://khamsat.com/programming/full-app-creation/3053224-%D8%AA%D8%B7%D8%A8%D9%8A%D9%82%D8%A7%D8%AA-%D8%A3%D9%86%D8%AF%D8%B1%D9%88%D9%8A%D8%AF-%D8%A7%D8%AD%D8%AA%D8%B1%D8%A7%D9%81%D9%8A%D8%A9
403 Forbidden,Non trouvé,Non trouvé,Non trouvé,Aucun avis,Inconnu,Inconnu,Aucun tag,https://khamsat.com/programming/api-integrations/3261860-%D8%AA%D8%B7%D9%88%D9%8A%D8%B1-restful-apis-%D8%A8%D8%A7%D8%B3%D8%AA%D8%AE%D8%AF%D8%A7%D9%85-node.js-%D9%88-express-%D9%85%D8%B9-mysql-%D8%A3%D9%88-mo
403 Forbidden,Non trouvé,Non trouvé,Non trouvé,Aucun avis,Inconnu,Inconnu,Aucun tag,https://khamsat.com/programming/css-html/2033472-%D8%A7%D9%84%D8%AA%D8%B9%D8%AF%D9%8A%D9%84-%D8%B9%D9%84%D9%89-%D8%A3%D9%8A-%D9%82%D8%A7%D9%84%D8%A8-%D9%85%D9%88%D9%82%D8%B9-%D8%A5%D9%84%D9%83%D8%AA%D8%B1%D9%88%D9%86%D9%8A-template
403 Forbidden,Non trouvé,Non trouvé,Non trouvé,Aucun avis,Inconnu,Inconnu,Aucun tag,https://khamsat.com/programming/custom-website-development/3845197-%D8%AA%D8%B5%D9%85%D9%8A%D9%85-%D9%88%D8%AA%D8%B7%D9%88%D9%8A%D8%B1-%D8%A7%D9%84%D9%85%D9%88%D8%A7%D9%82%D8%B9-%D8%A7%D9%84%D8%A5%D9%84%D9%83%D8%AA%D8%B1%D9%88%D9%86%D9%8A%D8%A9
403 Forbidden,Non trouvé,Non trouvé,Non trouvé,Aucun avis,Inconnu,Inconnu,Aucun tag,https://khamsat.com/programming/full-app-creation/3802169-%D8%B1%D8%A8%D8%B7-%D8%AA%D8%B7%D8%A8%D9%8A%D9%82-flutter-%D9%85%D8%B9-api-%D8%A8%D8%B7%D8%B1%D9%8A%D9%82%D8%A9-%D8%A7%D8%AD%D8%AA%D8%B1%D8%A7%D9%81%D9%8A%D8%A9-%D9%88%D9%85%D9%86%D8%B8%D9%85%D8%A9
403 Forbidden,Non trouvé,Non trouvé,Non trouvé,Aucun avis,Inconnu,Inconnu,Aucun tag,https://khamsat.com/programming/api-integrations/2991204-%D8%AA%D8%B7%D9%88%D9%8A%D8%B1-%D9%85%D9%88%D8%A7%D9%82%D8%B9-%D8%AA%D8%AC%D8%A7%D8%B1%D9%8A%D9%87-%D8%AA%D8%B7%D9%88%D9%8A%D8%B1-%D9%88%D8%A7%D8%AC%D9%87%D9%87-%D9%86%D8%B8%D9%85-%D8%AE%D9%84%D9%81%D9%8A%D9%87
403 Forbidden,Non trouvé,Non trouvé,Non trouvé,Aucun avis,Inconnu,Inconnu,Aucun tag,https://khamsat.com/programming/css-html/1296900-%D8%A7%D9%84%D8%AA%D8%B9%D8%AF%D9%8A%D9%84-%D8%B9%D9%84%D9%89-%D8%A3%D9%83%D9%88%D8%A7%D8%AF-%D9%84%D8%BA%D8%A9-html-5
403 Forbidden,Non trouvé,Non trouvé,Non trouvé,Aucun avis,Inconnu,Inconnu,Aucun tag,https://khamsat.com/programming/custom-website-development/3436995-%D8%AA%D8%B5%D9%85%D9%8A%D9%85-%D9%88%D8%A8%D8%B1%D9%85%D8%AC%D8%A9-%D9%85%D9%88%D9%82%D8%B9-%D8%A5%D9%84%D9%83%D8%AA%D8%B1%D9%88%D9%86%D9%8A-%D9%83%D8%A7%D9%85%D9%84-full-stack
403 Forbidden,Non trouvé,Non trouvé,Non trouvé,Aucun avis,Inconnu,Inconnu,Aucun tag,https://khamsat.com/programming/api-integrations/3238892-%D8%A5%D9%86%D8%B4%D8%A7%D8%A1-back-end-%D8%A7%D8%AD%D8%AA%D8%B1%D8%A7%D9%81%D9%8A-%D8%A8%D8%A7%D8%B3%D8%AA%D8%AE%D8%AF%D8%A7%D9%85-node.js-%D9%88express.js
403 Forbidden,Non trouvé,Non trouvé,Non trouvé,Aucun avis,Inconnu,Inconnu,Aucun tag,https://khamsat.com/programming/full-app-creation/3828384-%D8%AA%D8%B5%D9%85%D9%8A%D9%85-%D9%88%D8%A8%D8%B1%D9%85%D8%AC%D8%A9-%D9%88%D8%A7%D8%AC%D9%87%D8%A9-%D8%AA%D8%B7%D8%A8%D9%8A%D9%82-%D9%85%D9%88%D8%A8%D8%A7%D9%8A%D9%84-%D8%A7%D8%AD%D8%AA%D8%B1%D8%A7%D9%81%D9%8A%D8%A9-%D8%A8%D9%84%D8%BA%D8%A9-kotlin-java
403 Forbidden,Non trouvé,Non trouvé,Non trouvé,Aucun avis,Inconnu,Inconnu,Aucun tag,https://khamsat.com/programming/css-html/1129815-%D8%AA%D8%B5%D9%85%D9%8A%D9%85-%D8%B4%D8%A7%D8%B4%D8%A9-%D8%A8%D8%B1%D9%86%D8%A7%D9%85%D8%AC-%D8%AF%D9%8A%D8%B3%D9%83-%D8%AA%D9%88%D8%A8
403 Forbidden,Non trouvé,Non trouvé,Non trouvé,Aucun avis,Inconnu,Inconnu,Aucun tag,https://khamsat.com/programming/custom-website-development/2959182-%D8%A5%D9%86%D8%B4%D8%A7%D8%A1-%D9%88%D8%AA%D8%B5%D9%85%D9%8A%D9%85-%D8%A7%D9%84%D9%85%D9%88%D8%A7%D9%82%D8%B9-%D8%A7%D9%84%D8%A5%D9%84%D9%83%D8%AA%D8%B1%D9%88%D9%86%D9%8A%D8%A9
403 Forbidden,Non trouvé,Non trouvé,Non trouvé,Aucun avis,Inconnu,Inconnu,Aucun tag,https://khamsat.com/programming/full-app-creation/3817274-%D8%AA%D8%B7%D8%A8%D9%8A%D9%82-%D8%B9%D9%8A%D8%A7%D8%AF%D8%A9-%D8%A7%D8%AD%D8%AA%D8%B1%D8%A7%D9%81%D9%8A-flutter-%D9%84%D8%A5%D8%AF%D8%A7%D8%B1%D8%A9-%D8%A7%D9%84%D9%85%D9%88%D8%A7%D8%B9%D9%8A%D8%AF-%D9%88%D8%A7%D9%84%D8%A3%D8%B7%D8%A8%D8%A7%D8%A1-%D9%88%D8%A7%D9%84%D9%85%D8%B1%D8%B6%D9%89
403 Forbidden,Non trouvé,Non trouvé,Non trouvé,Aucun avis,Inconnu,Inconnu,Aucun tag,https://khamsat.com/programming/api-integrations/2869799-%D8%B1%D8%A8%D8%B7-%D9%85%D9%88%D9%82%D8%B9-zoom-%D8%A8%D8%A7%D9%84%D9%85%D9%86%D8%B5%D8%A9-%D8%A7%D9%84%D8%AE%D8%A7%D8%B5%D8%A9-%D8%A8%D9%83
403 Forbidden,Non trouvé,Non trouvé,Non trouvé,Aucun avis,Inconnu,Inconnu,Aucun tag,https://khamsat.com/programming/css-html/2015378-%D8%A7%D8%B5%D9%86%D8%B9-%D9%84%D9%83-%D9%85%D9%88%D9%82%D8%B9-portfolio-%D8%A7%D9%84%D8%AE%D8%A7%D8%B5-%D8%A8%D8%B4%D9%83%D9%84-%D8%A7%D8%AD%D8%AA%D8%B1%D8%A7%D9%81%D9%8A
403 Forbidden,Non trouvé,Non trouvé,Non trouvé,Aucun avis,Inconnu,Inconnu,Aucun tag,https://khamsat.com/programming/custom-website-development/2875454-%D8%AA%D8%B5%D9%85%D9%8A%D9%85-%D9%88%D8%A7%D8%AC%D9%87%D8%A9-%D9%85%D9%88%D9%82%D8%B9-%D8%A7%D9%84%D9%83%D8%AA%D8%B1%D9%88%D9%86%D9%8A
403 Forbidden,Non trouvé,Non trouvé,Non trouvé,Aucun avis,Inconnu,Inconnu,Aucun tag,https://khamsat.com/programming/full-app-creation/3678479-%D8%A5%D9%86%D8%B4%D8%A7%D8%A1-%D8%AA%D8%B7%D8%A8%D9%8A%D9%82%D8%A7%D8%AA-%D9%85%D9%88%D8%A8%D8%A7%D9%8A%D9%84-%D8%A7%D8%AD%D8%AA%D8%B1%D8%A7%D9%81%D9%8A%D8%A9-%D9%84%D9%86%D8%B8%D8%A7%D9%85%D9%8A-android-%D9%88-ios
403 Forbidden,Non trouvé,Non trouvé,Non trouvé,Aucun avis,Inconnu,Inconnu,Aucun tag,https://khamsat.com/programming/api-integrations/3908540-%D8%AA%D8%B7%D9%88%D9%8A%D8%B1-rest-api-%D8%A7%D8%AD%D8%AA%D8%B1%D8%A7%D9%81%D9%8A%D8%A9-%D8%A8%D8%A7%D8%B3%D8%AA%D8%AE%D8%AF%D8%A7%D9%85-node.js-express
403 Forbidden,Non trouvé,Non trouvé,Non trouvé,Aucun avis,Inconnu,Inconnu,Aucun tag,https://khamsat.com/programming/css-html/1069759-%D8%A8%D8%B1%D9%85%D8%AC%D8%A9-%D8%A7%D9%84%D9%85%D9%88%D8%A7%D9%82%D8%B9-%D8%A8%D8%A5%D8%B3%D8%AA%D8%AE%D8%AF%D8%A7%D9%85-laravel
403 Forbidden,Non trouvé,Non trouvé,Non trouvé,Aucun avis,Inconnu,Inconnu,Aucun tag,https://khamsat.com/programming/custom-website-development/3156249-%D8%A5%D9%86%D8%B4%D8%A7%D8%A1-%D9%85%D9%88%D9%82%D8%B9-%D8%A5%D9%84%D9%83%D8%AA%D8%B1%D9%88%D9%86%D9%8A-%D8%A7%D8%AD%D8%AA%D8%B1%D8%A7%D9%81%D9%8A
403 Forbidden,Non trouvé,Non trouvé,Non trouvé,Aucun avis,Inconnu,Inconnu,Aucun tag,https://khamsat.com/programming/full-app-creation/3880643-%D8%AA%D8%B7%D9%88%D9%8A%D8%B1-%D8%AA%D8%B7%D8%A8%D9%8A%D9%82-%D8%B3%D9%88%D8%A8%D8%B1-%D9%85%D8%A7%D8%B1%D9%83%D8%AA-%D8%A7%D8%AD%D8%AA%D8%B1%D8%A7%D9%81%D9%8A-%D8%A8%D8%A7%D8%B3%D8%AA%D8%AE%D8%AF%D8%A7%D9%85-flutter
403 Forbidden,Non trouvé,Non trouvé,Non trouvé,Aucun avis,Inconnu,Inconnu,Aucun tag,https://khamsat.com/programming/api-integrations/3791071-%D8%AA%D8%B7%D9%88%D9%8A%D8%B1-%D9%88%D8%A7%D8%AC%D9%87%D8%A7%D8%AA-%D8%A8%D8%B1%D9%85%D8%AC%D9%8A%D8%A9-rest-api-%D8%A7%D8%AD%D8%AA%D8%B1%D8%A7%D9%81%D9%8A%D8%A9-%D8%A8%D8%A7%D8%B3%D8%AA%D8%AE%D8%AF%D8%A7%D9%85-asp.net-cor
403 Forbidden,Non trouvé,Non trouvé,Non trouvé,Aucun avis,Inconnu,Inconnu,Aucun tag,https://khamsat.com/programming/css-html/2650296-%D8%AA%D8%AD%D9%88%D9%8A%D9%84-%D9%88%D8%B5%D9%81-%D9%85%D9%86%D8%AA%D8%AC%D8%A7%D8%AA%D9%83-%D8%B9%D9%84%D9%8A-%D8%A7%D9%85%D8%A7%D8%B2%D9%88%D9%86-amazon-%D8%A8%D8%B5%D9%8A%D8%BA%D8%A9-%D9%88%D9%84%D8%BA%D8%A9-html
403 Forbidden,Non trouvé,Non trouvé,Non trouvé,Aucun avis,Inconnu,Inconnu,Aucun tag,https://khamsat.com/programming/custom-website-development/3328764-%D8%AA%D8%B5%D9%85%D9%8A%D9%85-%D9%86%D8%B8%D8%A7%D9%85-%D8%A7%D9%85%D8%AA%D8%AD%D8%A7%D9%86%D8%A7%D8%AA-%D8%AA%D9%81%D8%A7%D8%B9%D9%84%D9%8A-%D8%A8%D8%A7%D9%84%D9%83%D8%A7%D9%85%D9%84-%D9%88%D8%A7%D8%AC%D9%87%D8%A7%D8%AA-%D8%AC%D8%B0%D8%A7%D8%A8%D8%A9
403 Forbidden,Non trouvé,Non trouvé,Non trouvé,Aucun avis,Inconnu,Inconnu,Aucun tag,https://khamsat.com/programming/full-app-creation/3426541-%D8%AA%D8%B7%D9%88%D9%8A%D8%B1-%D8%AA%D8%B7%D8%A8%D9%8A%D9%82-%D8%AC%D9%88%D8%A7%D9%84-%D9%85%D8%AA%D8%B9%D8%AF%D8%AF-%D8%A7%D9%84%D9%85%D9%86%D8%B5%D8%A7%D8%AA-%D8%A8%D8%A7%D8%B3%D8%AA%D8%AE%D8%AF%D8%A7%D9%85-flutter
403 Forbidden,Non trouvé,Non trouvé,Non trouvé,Aucun avis,Inconnu,Inconnu,Aucun tag,https://khamsat.com/programming/api-integrations/3787794-%D8%AA%D8%B5%D9%85%D9%8A%D9%85-backend-api-%D8%A7%D8%AD%D8%AA%D8%B1%D8%A7%D9%81%D9%8A-%D9%84%D9%85%D9%88%D9%82%D8%B9%D9%83-%D8%A8%D8%A7%D8%B3%D8%AA%D8%AE%D8%AF%D8%A7%D9%85-node-jsexpress
403 Forbidden,Non trouvé,Non trouvé,Non trouvé,Aucun avis,Inconnu,Inconnu,Aucun tag,https://khamsat.com/programming/css-html/1601723-%D8%A8%D8%B1%D9%85%D8%AC%D8%A9-%D9%88%D8%AA%D8%B9%D8%AF%D9%8A%D9%84-%D8%B3%D9%83%D8%B1%D9%8A%D8%A8%D8%AA-%D9%85%D9%88%D9%82%D8%B9%D9%83-html-css-php-mysql-javascript
403 Forbidden,Non trouvé,Non trouvé,Non trouvé,Aucun avis,Inconnu,Inconnu,Aucun tag,https://khamsat.com/programming/custom-website-development/3801493-%D8%AA%D8%B5%D9%85%D9%8A%D9%85-%D9%88%D8%AA%D8%B7%D9%88%D9%8A%D8%B1-%D8%B5%D9%81%D8%AD%D8%A9-%D9%88%D9%8A%D8%A8-%D8%A8%D8%A7%D8%B3%D8%AA%D8%AE%D8%AF%D8%A7%D9%85-react-%D9%88next.js
403 Forbidden,Non trouvé,Non trouvé,Non trouvé,Aucun avis,Inconnu,Inconnu,Aucun tag,https://khamsat.com/programming/full-app-creation/2938796-%D8%B9%D9%85%D9%84-%D8%AA%D8%B7%D8%A8%D9%8A%D9%82-%D8%A7%D8%B3%D8%A6%D9%84%D8%A9-%D8%A5%D9%84%D9%83%D8%AA%D8%B1%D9%88%D9%86%D9%8A%D8%A9-%D8%A7%D9%88%D9%86%D9%84%D8%A7%D9%8A%D9%86-%D8%B0%D8%A7%D8%AA-%D8%AA%D8%B5%D8%AD%D9%8A%D8%AD-%D8%AA%D9%84%D9%82%D8%A7%D8%A6%D9%8A
403 Forbidden,Non trouvé,Non trouvé,Non trouvé,Aucun avis,Inconnu,Inconnu,Aucun tag,https://khamsat.com/programming/api-integrations/3466387-%D8%A5%D9%86%D8%B4%D8%A7%D8%A1-api-%D9%85%D8%AE%D8%B5%D8%B5%D8%A9-%D9%84%D8%B1%D8%A8%D8%B7-%D9%85%D9%88%D9%82%D8%B9%D9%83-%D8%A3%D9%88-%D8%AA%D8%B7%D8%A8%D9%8A%D9%82%D9%83-%D8%A8%D8%A3%D9%8A-%D9%86%D8%B8%D8%A7%D9%85
403 Forbidden,Non trouvé,Non trouvé,Non trouvé,Aucun avis,Inconnu,Inconnu,Aucun tag,https://khamsat.com/programming/css-html/2902879-%D8%A8%D8%B1%D9%85%D8%AC%D8%A9-%D9%85%D9%88%D8%A7%D9%82%D8%B9-%D8%A7%D9%84%D9%88%D9%8A%D8%A8-%D8%A8%D9%84%D8%BA%D8%A7%D8%AA-css-%D9%88-html
403 Forbidden,Non trouvé,Non trouvé,Non trouvé,Aucun avis,Inconnu,Inconnu,Aucun tag,https://khamsat.com/programming/custom-website-development/3722768-%D8%B5%D9%81%D8%AD%D8%A9-%D9%87%D8%A8%D9%88%D8%B7-%D8%A7%D8%AD%D8%AA%D8%B1%D8%A7%D9%81%D9%8A%D8%A9-landing-page
403 Forbidden,Non trouvé,Non trouvé,Non trouvé,Aucun avis,Inconnu,Inconnu,Aucun tag,https://khamsat.com/programming/full-app-creation/3757271-%D8%AA%D8%AD%D9%88%D9%8A%D9%84-%D9%81%D9%83%D8%B1%D8%AA%D9%83-%D8%A5%D9%84%D9%89-%D8%AA%D8%B7%D8%A8%D9%8A%D9%82-%D9%85%D9%88%D8%A8%D8%A7%D9%8A%D9%84-%D8%A3%D9%86%D8%AF%D8%B1%D9%88%D9%8A%D8%AF-%D8%AC%D8%A7%D9%87%D8%B2-%D9%84%D9%84%D8%AA%D8%AC%D8%B1%D8%A8%D8%A9
403 Forbidden,Non trouvé,Non trouvé,Non trouvé,Aucun avis,Inconnu,Inconnu,Aucun tag,https://khamsat.com/programming/api-integrations/3217301-%D8%B1%D8%A8%D8%B7-%D8%A8%D9%88%D8%A7%D8%A8%D8%A9-%D8%AF%D9%81%D8%B9-paymob-paypal-stripe-%D8%A8%D8%A7%D8%B3%D8%AA%D8%AE%D8%AF%D8%A7%D9%85-php-laravel
403 Forbidden,Non trouvé,Non trouvé,Non trouvé,Aucun avis,Inconnu,Inconnu,Aucun tag,https://khamsat.com/programming/css-html/776196-%D8%A3%D8%B1%D8%A8%D8%B7-%D8%A7%D9%84%D8%AF%D9%88%D9%85%D9%8A%D9%86-%D8%A8%D8%A7%D9%84%D8%A7%D8%B3%D8%AA%D8%B6%D8%A7%D9%81%D9%87-%D9%88-%D8%A7%D8%B1%D9%81%D8%B9-%D9%85%D9%84%D9%81%D8%A7%D8%AA-%D8%AA%D8%B5%D9%85%D9%8A%D9%85%D9%83-%D8%B9%D9%84%D9%89-%D8%A7%D8%B3%D8%AA%D8%B6%D8%A7%D9%81%D8%AA%D9%83
403 Forbidden,Non trouvé,Non trouvé,Non trouvé,Aucun avis,Inconnu,Inconnu,Aucun tag,https://khamsat.com/programming/custom-website-development/3691629-%D8%A8%D9%86%D8%A7%D8%A1-%D9%85%D9%88%D9%82%D8%B9-%D9%83%D8%A7%D9%85%D9%84-%D9%85%D8%AA%D8%AC%D8%A7%D9%88%D8%A8-%D8%A8%D8%AC%D9%85%D9%8A%D8%B9-%D8%A7%D9%84%D8%A7%D8%AC%D9%87%D8%B2%D8%A9-%D8%A8%D9%88%D8%A7%D8%B3%D8%B7%D8%A9-react-tailwind
403 Forbidden,Non trouvé,Non trouvé,Non trouvé,Aucun avis,Inconnu,Inconnu,Aucun tag,https://khamsat.com/programming/full-app-creation/3796889-%D8%AA%D8%AD%D9%88%D9%8A%D9%84-%D8%AA%D8%B5%D9%85%D9%8A%D9%85-figma-%D8%A5%D9%84%D9%89-%D9%88%D8%A7%D8%AC%D9%87%D8%A9-%D8%AA%D8%B7%D8%A8%D9%8A%D9%82-flutter-ui
403 Forbidden,Non trouvé,Non trouvé,Non trouvé,Aucun avis,Inconnu,Inconnu,Aucun tag,https://khamsat.com/programming/api-integrations/3452125-%D8%AA%D8%B7%D9%88%D9%8A%D8%B1-api-%D8%A8%D8%A5%D8%B3%D8%AA%D8%AE%D8%AF%D8%A7%D9%85-node-js
403 Forbidden,Non trouvé,Non trouvé,Non trouvé,Aucun avis,Inconnu,Inconnu,Aucun tag,https://khamsat.com/programming/css-html/709853-%D8%AA%D8%B9%D8%B1%D9%8A%D8%A8-%D9%85%D9%88%D9%82%D8%B9%D9%83-%D8%A7%D9%88-%D8%AA%D8%AD%D9%88%D9%8A%D9%84%D9%87-%D9%84%D9%84%D8%A5%D9%86%D8%AC%D9%84%D9%8A%D8%B2%D9%89
403 Forbidden,Non trouvé,Non trouvé,Non trouvé,Aucun avis,Inconnu,Inconnu,Aucun tag,https://khamsat.com/programming/custom-website-development/2566621-%D8%AA%D8%B5%D9%85%D9%8A%D9%85-%D8%B5%D9%81%D8%AD%D8%A9-%D9%88%D9%8A%D8%A8-%D8%A8%D8%A7%D8%B3%D8%AA%D8%AE%D8%AF%D8%A7%D9%85-html-css-tailwind-css
403 Forbidden,Non trouvé,Non trouvé,Non trouvé,Aucun avis,Inconnu,Inconnu,Aucun tag,https://khamsat.com/programming/api-integrations/3854031-%D8%B1%D8%A8%D8%B7-%D8%AA%D8%B7%D8%A8%D9%8A%D9%82-flutter-%D9%85%D8%B9-%D8%AE%D8%AF%D9%85%D8%A7%D8%AA-firebase
403 Forbidden,Non trouvé,Non trouvé,Non trouvé,Aucun avis,Inconnu,Inconnu,Aucun tag,https://khamsat.com/programming/full-app-creation/3639457-%D8%A8%D8%B1%D9%85%D8%AC%D8%A9-%D8%AA%D8%B7%D8%A8%D9%8A%D9%82%D8%A7%D8%AA-%D9%85%D9%88%D8%A8%D8%A7%D9%8A%D9%84-%D8%A7%D8%AD%D8%AA%D8%B1%D8%A7%D9%81%D9%8A%D8%A9-%D8%A8%D8%A7%D8%B3%D8%AA%D8%AE%D8%AF%D8%A7%D9%85-flutter
403 Forbidden,Non trouvé,Non trouvé,Non trouvé,Aucun avis,Inconnu,Inconnu,Aucun tag,https://khamsat.com/programming/css-html/2637837-%D8%AA%D8%B5%D9%85%D9%8A%D9%85-%D9%85%D9%88%D9%82%D8%B9-%D8%A8%D8%B4%D9%83%D9%84-%D8%A7%D8%AD%D8%AA%D8%B1%D8%A7%D9%81%D9%8A-htmlcss-%D9%83%D8%A7%D9%85%D9%84-%D9%8A%D9%86%D8%A7%D8%B3%D8%A8-%D9%85%D8%B4%D8%B1%D9%88%D8%B9%D9%83-%D9%88%D9%81%D9%83%D8%B1%D8%AA%D9%83
403 Forbidden,Non trouvé,Non trouvé,Non trouvé,Aucun avis,Inconnu,Inconnu,Aucun tag,https://khamsat.com/programming/custom-website-development/2258747-%D8%B3%D8%A3%D8%B5%D9%85%D9%85-%D9%84%D9%83-%D9%85%D9%88%D9%82%D8%B9%D8%A7-%D9%85%D8%B1%D8%AA%D8%A8%D8%A7-%D9%88%D9%85%D8%AA%D8%AC%D8%A7%D9%88%D8%A8-%D9%85%D8%B9-%D8%AC%D9%85%D9%8A%D8%B9-%D8%A7%D9%84%D8%B4%D8%A7%D8%B4%D8%A7%D8%AA
403 Forbidden,Non trouvé,Non trouvé,Non trouvé,Aucun avis,Inconnu,Inconnu,Aucun tag,https://khamsat.com/programming/full-app-creation/1525472-%D8%A8%D8%B1%D9%85%D8%AC%D8%A9-%D8%AA%D8%B7%D8%A8%D9%8A%D9%82-%D8%A7%D9%86%D8%AF%D8%B1%D9%88%D9%8A%D8%AF-%D9%88-ios
403 Forbidden,Non trouvé,Non trouvé,Non trouvé,Aucun avis,Inconnu,Inconnu,Aucun tag,https://khamsat.com/programming/api-integrations/3332598-%D8%A5%D9%86%D8%B4%D8%A7%D8%A1-%D8%AA%D8%B7%D8%A8%D9%8A%D9%82%D8%A7%D8%AA-%D8%A7%D9%84%D9%88%D8%A7%D8%AC%D9%87%D8%A9-%D8%A7%D9%84%D8%AE%D9%84%D9%81%D9%8A%D8%A9-%D9%88api-%D8%A8%D8%A7%D8%B3%D8%AA%D8%AE%D8%AF%D8%A7%D9%85-node.js
403 Forbidden,Non trouvé,Non trouvé,Non trouvé,Aucun avis,Inconnu,Inconnu,Aucun tag,https://khamsat.com/programming/css-html/1013296-%D8%AA%D8%B9%D8%AF%D9%8A%D9%84-%D8%A7%D8%B3%D9%83%D8%B1%D8%A8%D8%AA-html-css-jsjava
403 Forbidden,Non trouvé,Non trouvé,Non trouvé,Aucun avis,Inconnu,Inconnu,Aucun tag,https://khamsat.com/programming/custom-website-development/3040717-%D8%AA%D8%B5%D9%85%D9%8A%D9%85-%D9%88%D8%AA%D8%B7%D9%88%D9%8A%D8%B1-%D9%85%D9%88%D9%82%D8%B9-%D8%A7%D8%AD%D8%AA%D8%B1%D8%A7%D9%81%D9%8A-%D8%A8%D8%A7%D8%B3%D8%AA%D8%AE%D8%AF%D8%A7%D9%85-laravel
403 Forbidden,Non trouvé,Non trouvé,Non trouvé,Aucun avis,Inconnu,Inconnu,Aucun tag,https://khamsat.com/programming/full-app-creation/3237334-%D8%AA%D8%B7%D9%88%D9%8A%D8%B1-%D8%AA%D8%B7%D8%A8%D9%8A%D9%82%D8%A7%D8%AA-%D8%A7%D9%84%D8%AC%D9%88%D8%A7%D9%84-flutter
403 Forbidden,Non trouvé,Non trouvé,Non trouvé,Aucun avis,Inconnu,Inconnu,Aucun tag,https://khamsat.com/programming/api-integrations/3543118-%D8%A8%D8%B1%D9%85%D8%AC%D8%A9-api-%D8%A7%D8%AD%D8%AA%D8%B1%D8%A7%D9%81%D9%8A%D8%A9-%D8%A8%D8%A7%D8%B3%D8%AA%D8%AE%D8%AF%D8%A7%D9%85-node.js-%D9%88-mongodb-%D9%84%D9%85%D8%B4%D8%B1%D9%88%D8%B9%D9%83
403 Forbidden,Non trouvé,Non trouvé,Non trouvé,Aucun avis,Inconnu,Inconnu,Aucun tag,https://khamsat.com/programming/css-html/1012981-%D8%A7%D9%82%D9%88%D9%85-%D8%A8%D8%AA%D8%B9%D8%AF%D9%8A%D9%84-%D8%A7%D9%8A-%D8%B4%D9%8A%D8%A6-%D9%81%D9%8A-%D9%85%D9%88%D9%82%D8%B9%D9%83-htmlcssjquerybootstrap-%D8%A7%D8%AD%D8%AA%D8%B1%D8%A7%D9%81
403 Forbidden,Non trouvé,Non trouvé,Non trouvé,Aucun avis,Inconnu,Inconnu,Aucun tag,https://khamsat.com/programming/custom-website-development/3793548-%D8%AA%D8%B5%D9%85%D9%8A%D9%85-portfolio-%D9%84%D8%B9%D8%B1%D8%B6-%D9%85%D8%B4%D8%A7%D8%B1%D9%8A%D8%B9%D9%83-%D8%A8%D8%B4%D9%83%D9%84-%D8%AC%D8%B0%D8%A7%D8%A8
403 Forbidden,Non trouvé,Non trouvé,Non trouvé,Aucun avis,Inconnu,Inconnu,Aucun tag,https://khamsat.com/programming/full-app-creation/3288979-%D8%A7%D9%86%D8%B4%D8%A7%D8%A1-%D8%A8%D8%B1%D9%86%D8%A7%D9%85%D8%AC-%D8%AF%D9%8A%D8%B3%D9%83%D8%AA%D9%88%D8%A8-%D8%A7%D8%A8%D9%84%D9%8A%D9%83%D8%B4%D9%86-%D8%A8%D8%A7%D8%B3%D8%AA%D8%AE%D8%AF%D8%A7%D9%85-%D9%81%D9%84%D8%A7%D8%AA%D8%B1-%D9%84%D8%A7%D8%AF%D8%A7%D8%B1%D8%A9-%D8%A7%D9%84%D8%B9%D9%85%D9%84
403 Forbidden,Non trouvé,Non trouvé,Non trouvé,Aucun avis,Inconnu,Inconnu,Aucun tag,https://khamsat.com/programming/api-integrations/2671602-%D8%A7%D9%86%D8%B4%D8%A7%D8%A1-%D9%85%D9%88%D9%82%D8%B9%D9%83-%D8%A8%D8%A7%D8%B3%D8%AA%D8%AE%D8%AF%D8%A7%D9%85-node.js-mongodb-restful-api
403 Forbidden,Non trouvé,Non trouvé,Non trouvé,Aucun avis,Inconnu,Inconnu,Aucun tag,https://khamsat.com/programming/python-programming/2578685-%D8%A8%D8%B1%D9%85%D8%AC%D8%A9-%D8%A7%D8%B3%D8%AA%D8%B1%D8%A7%D8%AA%D9%8A%D8%AC%D9%8A%D8%A7%D8%AA-%D8%A7%D9%84%D8%AA%D8%AF%D8%A7%D9%88%D9%84-%D9%88%D8%A7%D9%84%D9%85%D8%A4%D8%B4%D8%B1%D8%A7%D8%AA-%D8%A8%D8%A7%D8%B3%D8%AA%D8%AE%D8%AF%D8%A7%D9%85-pine-script
403 Forbidden,Non trouvé,Non trouvé,Non trouvé,Aucun avis,Inconnu,Inconnu,Aucun tag,https://khamsat.com/programming/custom-website-development/2923769-%D8%A5%D9%86%D8%B4%D8%A7%D8%A1-%D9%82%D8%A7%D8%A6%D9%85%D8%A9-%D9%85%D9%86%D9%8A%D9%88-%D8%A5%D9%84%D9%83%D8%AA%D8%B1%D9%88%D9%86%D9%8A%D8%A9-%D9%85%D8%B9-%D8%B1%D9%85%D8%B2-qr-%D9%84%D9%88%D8%B6%D8%B9%D9%87%D8%A7-%D8%B9%D9%84%D9%89-%D8%A7%D9%84%D8%B7%D8%A7%D9%88%D9%84%D8%A7%D8%AA
403 Forbidden,Non trouvé,Non trouvé,Non trouvé,Aucun avis,Inconnu,Inconnu,Aucun tag,https://khamsat.com/programming/full-app-creation/3891679-%D8%AA%D8%B7%D9%88%D9%8A%D8%B1-%D8%AA%D8%B7%D8%A8%D9%8A%D9%82-%D8%A3%D9%86%D8%AF%D8%B1%D9%88%D9%8A%D8%AF-%D8%A7%D8%AD%D8%AA%D8%B1%D8%A7%D9%81%D9%8A-%D8%A8%D8%A7%D8%B3%D8%AA%D8%AE%D8%AF%D8%A7%D9%85-kotlin-%D8%A7%D9%88-java
403 Forbidden,Non trouvé,Non trouvé,Non trouvé,Aucun avis,Inconnu,Inconnu,Aucun tag,https://khamsat.com/programming/api-integrations/3105236-%D8%A5%D9%86%D8%B4%D8%A7%D8%A1-api-%D8%A7%D8%AD%D8%AA%D8%B1%D8%A7%D9%81%D9%8A%D8%A9-%D8%A8%D8%A7%D8%B3%D8%AA%D8%AE%D8%AF%D8%A7%D9%85-node.js-%D9%88express
403 Forbidden,Non trouvé,Non trouvé,Non trouvé,Aucun avis,Inconnu,Inconnu,Aucun tag,https://khamsat.com/programming/python-programming/2843270-%D8%B9%D9%85%D9%84-%D8%A8%D8%B1%D9%86%D8%A7%D9%85%D8%AC-%D8%A2%D9%84%D9%89-%D9%84%D9%84%D8%AA%D8%AD%D9%83%D9%85-%D9%81%D9%89-%D8%A7%D9%84%D9%85%D8%AA%D8%B5%D9%81%D8%AD-%D8%A7%D9%88-%D8%A7%D8%B3%D8%AA%D8%AE%D8%B1%D8%A7%D8%AC-%D8%A7%D9%84%D8%A8%D9%8A%D8%A7%D9%86%D8%A7%D8%AA
403 Forbidden,Non trouvé,Non trouvé,Non trouvé,Aucun avis,Inconnu,Inconnu,Aucun tag,https://khamsat.com/programming/custom-website-development/3672841-%D8%A5%D9%86%D8%B4%D8%A7%D8%A1-%D9%85%D8%B9%D8%B1%D8%B6-%D8%A3%D8%B9%D9%85%D8%A7%D9%84-%D8%A7%D8%AD%D8%AA%D8%B1%D8%A7%D9%81%D9%8A-%D9%85%D8%AA%D8%AC%D8%A7%D9%88%D8%A8-%D9%85%D8%B9-%D8%AC%D9%85%D9%8A%D8%B9-%D8%A7%D9%84%D8%A7%D8%AC%D9%87%D8%B2%D8%A9
403 Forbidden,Non trouvé,Non trouvé,Non trouvé,Aucun avis,Inconnu,Inconnu,Aucun tag,https://khamsat.com/programming/api-integrations/3552978-%D8%A3%D9%82%D9%88%D9%85-%D8%A8%D8%B1%D8%A8%D8%B7-%D8%A7%D9%84%D9%88%D8%A7%D8%AC%D9%87%D8%A7%D8%AA-%D8%A7%D9%84%D8%A3%D9%85%D8%A7%D9%85%D9%8A%D8%A9-%D9%81%D9%8A-angular-%D9%85%D8%B9-rest-api-%D8%A8%D8%A7%D8%AD%D8%AA%D8%B1%D8%A7%D9%81%D9%8A%D8%A9
403 Forbidden,Non trouvé,Non trouvé,Non trouvé,Aucun avis,Inconnu,Inconnu,Aucun tag,https://khamsat.com/programming/full-app-creation/3801011-%D8%B9%D9%85%D9%84-%D8%AA%D8%B7%D8%A8%D9%8A%D9%82%D8%A7%D8%AA-%D8%A7%D9%86%D8%AF%D8%B1%D9%88%D9%8A%D8%AF-%D8%A8%D8%A7%D8%B3%D8%AA%D8%AE%D8%AF%D8%A7%D9%85-jetpack-compose
403 Forbidden,Non trouvé,Non trouvé,Non trouvé,Aucun avis,Inconnu,Inconnu,Aucun tag,https://khamsat.com/programming/python-programming/3828488-%D8%AA%D8%B7%D9%88%D9%8A%D8%B1-%D8%A8%D8%B1%D8%A7%D9%85%D8%AC-%D9%88%D8%AD%D9%84-%D9%85%D8%B3%D8%A7%D8%A6%D9%84-%D8%A8%D8%B1%D9%85%D8%AC%D9%8A%D8%A9-%D8%A8%D9%84%D8%BA%D8%A7%D8%AA-c-c-c-python
403 Forbidden,Non trouvé,Non trouvé,Non trouvé,Aucun avis,Inconnu,Inconnu,Aucun tag,https://khamsat.com/programming/custom-website-development/2005638-%D8%AA%D8%B5%D9%85%D9%8A%D9%85-%D9%88%D8%AA%D8%B7%D9%88%D9%8A%D8%B1-%D9%85%D9%88%D8%A7%D9%82%D8%B9-%D8%A7%D9%84%D9%83%D8%AA%D8%B1%D9%88%D9%86%D9%8A%D8%A9
403 Forbidden,Non trouvé,Non trouvé,Non trouvé,Aucun avis,Inconnu,Inconnu,Aucun tag,https://khamsat.com/programming/full-app-creation/3647294-%D8%A5%D9%86%D8%B4%D8%A7%D8%A1-%D8%AA%D8%B7%D8%A8%D9%8A%D9%82%D8%A7%D8%AA-%D9%85%D9%88%D8%A8%D8%A7%D9%8A%D9%84-%D8%A7%D8%AD%D8%AA%D8%B1%D8%A7%D9%81%D9%8A%D8%A9-%D8%AA%D8%B9%D9%85%D9%84-%D8%B9%D9%84%D9%89-%D8%A3%D9%86%D8%AF%D8%B1%D9%88%D9%8A%D8%AF-%D9%88-ios
403 Forbidden,Non trouvé,Non trouvé,Non trouvé,Aucun avis,Inconnu,Inconnu,Aucun tag,https://khamsat.com/programming/api-integrations/3747554-%D8%AA%D8%B7%D9%88%D9%8A%D8%B1-backend-api-%D8%A7%D8%AD%D8%AA%D8%B1%D8%A7%D9%81%D9%8A-%D9%88%D8%B1%D8%A8%D8%B7%D9%87-%D8%A8%D9%82%D8%A7%D8%B9%D8%AF%D8%A9-%D8%A8%D9%8A%D8%A7%D9%86%D8%A7%D8%AA
403 Forbidden,Non trouvé,Non trouvé,Non trouvé,Aucun avis,Inconnu,Inconnu,Aucun tag,https://khamsat.com/programming/python-programming/2776208-%D8%AD%D9%84-%D8%A7%D9%84%D9%85%D8%B4%D8%A7%D9%83%D9%84-%D8%A7%D9%84%D8%A8%D8%B1%D9%85%D8%AC%D9%8A%D8%A9-%D9%88%D9%83%D8%AA%D8%A7%D8%A8%D8%A9-%D8%B3%D9%83%D8%B1%D9%8A%D8%A8%D8%A7%D8%AA-%D8%A8%D9%84%D8%BA%D8%A9-python
403 Forbidden,Non trouvé,Non trouvé,Non trouvé,Aucun avis,Inconnu,Inconnu,Aucun tag,https://khamsat.com/programming/custom-website-development/3228100-%D8%AA%D8%B5%D9%85%D9%8A%D9%85-%D8%A8%D9%88%D8%B1%D8%AA%D9%81%D9%88%D9%84%D9%8A%D9%88-%D8%A7%D8%AD%D8%AA%D8%B1%D8%A7%D9%81%D9%8A-%D8%A8%D9%80-html-css-%D9%88-javascript
403 Forbidden,Non trouvé,Non trouvé,Non trouvé,Aucun avis,Inconnu,Inconnu,Aucun tag,https://khamsat.com/programming/full-app-creation/3157942-%D8%AA%D8%B7%D9%88%D9%8A%D8%B1-%D8%AA%D8%B7%D8%A8%D9%8A%D9%82%D8%A7%D8%AA-%D8%A3%D9%86%D8%AF%D8%B1%D9%88%D9%8A%D8%AF-%D9%88ios-%D8%A8%D8%A7%D8%B3%D8%AA%D8%AE%D8%AF%D8%A7%D9%85-react-native-%D9%88laravel
403 Forbidden,Non trouvé,Non trouvé,Non trouvé,Aucun avis,Inconnu,Inconnu,Aucun tag,https://khamsat.com/programming/python-programming/2163839-%D8%A8%D8%B1%D9%85%D8%AC%D8%A9-%D9%85%D8%B4%D8%A7%D8%B1%D9%8A%D8%B9-%D8%A8%D9%84%D8%BA%D8%A9-%D8%A7%D9%84%D8%AC%D8%A7%D9%81%D8%A7-%D8%A3%D9%88-%D8%A8%D8%A7%D9%8A%D8%AB%D9%88%D9%86-%D8%A3%D9%88-c
403 Forbidden,Non trouvé,Non trouvé,Non trouvé,Aucun avis,Inconnu,Inconnu,Aucun tag,https://khamsat.com/programming/api-integrations/3254344-%D8%A5%D9%86%D8%B4%D8%A7%D8%A1-rest-api-%D8%A7%D8%AD%D8%AA%D8%B1%D8%A7%D9%81%D9%8A%D8%A9-%D8%A8%D8%A7%D8%B3%D8%AA%D8%AE%D8%AF%D8%A7%D9%85-node.js-express-%D8%A3%D9%88-nestjs
403 Forbidden,Non trouvé,Non trouvé,Non trouvé,Aucun avis,Inconnu,Inconnu,Aucun tag,https://khamsat.com/programming/custom-website-development/3164564-%D8%A5%D9%86%D8%B4%D8%A7%D8%A1-%D9%88%D8%AA%D8%B5%D9%85%D9%8A%D9%85-%D9%88%D8%AA%D8%B7%D9%88%D9%8A%D8%B1-%D9%85%D9%88%D9%82%D8%B9-%D8%A5%D9%84%D9%83%D8%AA%D8%B1%D9%88%D9%86%D9%89-fullstack
403 Forbidden,Non trouvé,Non trouvé,Non trouvé,Aucun avis,Inconnu,Inconnu,Aucun tag,https://khamsat.com/programming/api-integrations/1973583-%D8%B9%D9%85%D9%84-api-%D9%83%D8%A7%D9%85%D9%84-crud-%D8%A8%D8%A3%D8%B3%D8%AA%D8%AE%D8%AF%D8%A7%D9%85-laravel
403 Forbidden,Non trouvé,Non trouvé,Non trouvé,Aucun avis,Inconnu,Inconnu,Aucun tag,https://khamsat.com/programming/full-app-creation/3117691-%D8%A7%D9%86%D8%B4%D8%A7%D8%A1-%D8%AA%D8%B7%D8%A8%D9%8A%D9%82-%D9%84%D9%84%D8%A7%D9%86%D8%AF%D8%B1%D9%8A%D8%AF%D9%88-%D9%88-ios-%D8%A8%D8%A7%D8%B3%D8%AA%D8%AE%D8%AF%D8%A7%D9%85-flutter
403 Forbidden,Non trouvé,Non trouvé,Non trouvé,Aucun avis,Inconnu,Inconnu,Aucun tag,https://khamsat.com/programming/python-programming/2953280-%D8%AD%D9%84%D9%88%D9%84-%D9%85%D8%A8%D8%AA%D9%83%D8%B1%D8%A9-%D8%A8%D8%A7%D8%B3%D8%AA%D8%AE%D8%AF%D8%A7%D9%85-python-%D8%A3%D8%AA%D9%85%D8%AA%D8%A9-%D8%A8%D8%B1%D9%85%D8%AC%D8%A9-%D9%88%D8%A7%D8%AC%D9%87%D8%A7%D8%AA-%D9%88%D8%BA%D9%8A%D8%B1%D9%87%D8%A7
403 Forbidden,Non trouvé,Non trouvé,Non trouvé,Aucun avis,Inconnu,Inconnu,Aucun tag,https://khamsat.com/programming/custom-website-development/2796581-%D8%AA%D8%B7%D9%88%D9%8A%D8%B1-%D9%88%D8%AA%D8%B5%D9%85%D9%8A%D9%85-%D9%88%D8%A7%D8%AC%D9%87%D8%A7%D8%AA-%D8%A7%D9%84%D9%85%D9%88%D8%A7%D9%82%D8%B9-%D8%A7%D9%84%D8%A7%D9%84%D9%83%D8%AA%D8%B1%D9%88%D9%86%D9%8A%D8%A9
403 Forbidden,Non trouvé,Non trouvé,Non trouvé,Aucun avis,Inconnu,Inconnu,Aucun tag,https://khamsat.com/programming/full-app-creation/3585146-%D8%A8%D8%B1%D9%85%D8%AC%D8%A9-%D8%AA%D8%B7%D8%A8%D9%8A%D9%82-%D9%85%D9%88%D8%A8%D8%A7%D9%8A%D9%84-%D8%A7%D8%AD%D8%AA%D8%B1%D8%A7%D9%81%D9%8A-%D8%A8%D9%80-flutter-%D9%84%D9%86%D8%B8%D8%A7%D9%85%D9%8A-android-%D9%88-ios
403 Forbidden,Non trouvé,Non trouvé,Non trouvé,Aucun avis,Inconnu,Inconnu,Aucun tag,https://khamsat.com/programming/python-programming/2915852-%D8%A7%D9%84%D8%A8%D8%B1%D9%85%D8%AC%D8%A9-%D8%A8%D9%84%D8%BA%D8%A9-%D8%A8%D8%A7%D9%8A%D8%AB%D9%88%D9%86-python-%D8%AA%D8%AD%D9%88%D9%8A%D9%84-%D8%A7%D9%84%D8%A3%D9%81%D9%83%D8%A7%D8%B1-%D8%A5%D9%84%D9%89-%D9%88%D8%A7%D9%82%D8%B9
403 Forbidden,Non trouvé,Non trouvé,Non trouvé,Aucun avis,Inconnu,Inconnu,Aucun tag,https://khamsat.com/programming/api-integrations/3107860-%D8%A7%D9%86%D8%B4%D8%A7%D8%A1-%D9%82%D9%88%D8%A7%D8%B9%D8%AF-%D8%A8%D9%8A%D8%A7%D9%86%D8%A7%D8%AA-mongodb-%D9%88-%D8%B1%D8%A8%D8%B7%D9%87%D8%A7-%D8%A8-express.jsnode.js-api
403 Forbidden,Non trouvé,Non trouvé,Non trouvé,Aucun avis,Inconnu,Inconnu,Aucun tag,https://khamsat.com/programming/custom-website-development/3801454-%D8%AA%D8%B5%D9%85%D9%8A%D9%85-%D8%A8%D9%88%D8%B1%D8%AA%D9%88%D9%81%D9%8A%D9%84%D9%88-html-css
403 Forbidden,Non trouvé,Non trouvé,Non trouvé,Aucun avis,Inconnu,Inconnu,Aucun tag,https://khamsat.com/programming/api-integrations/3846459-%D8%B1%D8%A8%D8%B7-%D9%88%D8%A7%D8%AA%D8%B3%D8%A7%D8%A8-%D8%A8%D8%A7%D9%88%D8%AF%D9%88-odoo-whatsapp
403 Forbidden,Non trouvé,Non trouvé,Non trouvé,Aucun avis,Inconnu,Inconnu,Aucun tag,https://khamsat.com/programming/full-app-creation/3152321-%D8%A5%D9%86%D8%B4%D8%A7%D8%A1-%D8%AA%D8%B7%D8%A8%D9%8A%D9%82-%D8%A7%D9%86%D8%AF%D8%B1%D9%88%D9%8A%D8%AF-kotlin-%D8%A8%D8%A3%D8%B9%D9%84%D9%89-%D8%AC%D9%88%D8%AF%D8%A9
403 Forbidden,Non trouvé,Non trouvé,Non trouvé,Aucun avis,Inconnu,Inconnu,Aucun tag,https://khamsat.com/programming/python-programming/2507322-%D9%83%D8%AA%D8%A7%D8%A8%D8%A9-%D9%86%D8%B5-regular-expression-regex-pattern
403 Forbidden,Non trouvé,Non trouvé,Non trouvé,Aucun avis,Inconnu,Inconnu,Aucun tag,https://khamsat.com/programming/custom-website-development/3044389-%D8%AA%D8%B5%D9%85%D9%8A%D9%85-%D9%88%D8%AA%D8%B7%D9%88%D9%8A%D8%B1-%D9%85%D9%88%D9%82%D8%B9-%D9%88%D9%8A%D8%A8-%D8%A8%D8%A7%D8%B3%D8%AA%D8%AE%D8%AF%D8%A7%D9%85-%D9%84%D8%A7%D8%B1%D8%A7%D9%81%D9%84-laravel
403 Forbidden,Non trouvé,Non trouvé,Non trouvé,Aucun avis,Inconnu,Inconnu,Aucun tag,https://khamsat.com/programming/full-app-creation/1681017-%D8%A8%D8%B1%D9%85%D8%AC%D8%A9-%D9%88%D8%A7%D8%AC%D9%87%D8%A7%D8%AA-%D8%AA%D8%B7%D8%A8%D9%8A%D9%82%D8%A7%D8%AA-%D8%A7%D9%84%D8%A7%D9%86%D8%AF%D8%B1%D9%88%D9%8A%D8%AF-%D9%88-%D8%A7%D9%84%D8%A7%D9%8A%D9%81%D9%88%D9%86-%D8%A8%D9%84%D8%BA%D8%A9-%D9%81%D9%84%D8%A7%D8%AA%D8%B1
403 Forbidden,Non trouvé,Non trouvé,Non trouvé,Aucun avis,Inconnu,Inconnu,Aucun tag,https://khamsat.com/programming/python-programming/2076602-%D8%A3%D9%8A-%D9%85%D8%B4%D8%B1%D9%88%D8%B9-%D8%A3%D9%88-%D9%85%D8%B3%D8%A3%D9%84%D8%A9-%D8%AA%D8%AA%D8%B7%D9%84%D8%A8-%D8%A8%D8%B1%D9%85%D8%AC%D8%A9-%D8%A8%D9%88%D8%A7%D8%B3%D8%B7%D8%A9-%D9%84%D8%BA%D8%A9-python
403 Forbidden,Non trouvé,Non trouvé,Non trouvé,Aucun avis,Inconnu,Inconnu,Aucun tag,https://khamsat.com/programming/api-integrations/3877227-%D8%AA%D8%AE%D8%B5%D9%8A%D8%B5-%D9%88%D8%AA%D8%B7%D9%88%D9%8A%D8%B1-%D9%86%D8%B8%D8%A7%D9%85-%D8%A3%D9%88%D8%AF%D9%88-odoo-erp-%D8%A5%D9%86%D8%B4%D8%A7%D8%A1-%D9%88%D8%AA%D8%B9%D8%AF%D9%8A%D9%84-modules
403 Forbidden,Non trouvé,Non trouvé,Non trouvé,Aucun avis,Inconnu,Inconnu,Aucun tag,https://khamsat.com/programming/custom-website-development/3767517-%D8%AA%D8%B7%D9%88%D9%8A%D8%B1-%D9%85%D9%88%D9%82%D8%B9-%D8%B4%D8%AE%D8%B5%D9%8A-%D9%8A%D8%B9%D9%83%D8%B3-%D9%87%D9%88%D9%8A%D8%AA%D9%83-%D8%A7%D9%84%D8%A7%D8%AD%D8%AA%D8%B1%D8%A7%D9%81%D9%8A%D8%A9
403 Forbidden,Non trouvé,Non trouvé,Non trouvé,Aucun avis,Inconnu,Inconnu,Aucun tag,https://khamsat.com/programming/full-app-creation/3782669-%D8%A5%D9%86%D8%B4%D8%A7%D8%A1-%D8%AA%D8%B7%D8%A8%D9%8A%D9%82-%D8%AC%D9%88%D8%A7%D9%84-%D8%A8%D9%88%D8%A7%D8%AC%D9%87%D8%A7%D8%AA-%D8%B1%D8%B3%D9%88%D9%85%D9%8A%D8%A9
403 Forbidden,Non trouvé,Non trouvé,Non trouvé,Aucun avis,Inconnu,Inconnu,Aucun tag,https://khamsat.com/programming/api-integrations/3468329-%D8%A8%D8%B1%D9%85%D8%AC%D8%A9-back-end-%D9%85%D8%AA%D9%83%D8%A7%D9%85%D9%84-%D9%84%D8%AA%D8%B7%D8%A8%D9%8A%D9%82%D8%A7%D8%AA-flutter
403 Forbidden,Non trouvé,Non trouvé,Non trouvé,Aucun avis,Inconnu,Inconnu,Aucun tag,https://khamsat.com/programming/python-programming/3050915-%D8%A5%D9%86%D8%B4%D8%A7%D8%A1-%D9%88%D8%AA%D8%B7%D9%88%D9%8A%D8%B1-%D9%88%D8%AD%D9%84-%D8%AC%D9%85%D9%8A%D8%B9-%D9%85%D8%B4%D8%A7%D9%83%D9%84-python
403 Forbidden,Non trouvé,Non trouvé,Non trouvé,Aucun avis,Inconnu,Inconnu,Aucun tag,https://khamsat.com/programming/custom-website-development/3659177-%D9%85%D9%88%D9%82%D8%B9-%D9%88%D9%8A%D8%A8-%D8%AA%D8%B5%D9%85%D9%8A%D9%85-%D9%85%D9%88%D8%A7%D9%82%D8%B9-%D8%A8%D8%B1%D9%85%D8%AC%D8%A9-%D9%85%D9%88%D8%A7%D9%82%D8%B9-react-node.js-fastapi
403 Forbidden,Non trouvé,Non trouvé,Non trouvé,Aucun avis,Inconnu,Inconnu,Aucun tag,https://khamsat.com/programming/full-app-creation/2665963-%D8%AA%D8%B5%D9%85%D9%8A%D9%85-%D9%88-%D8%A8%D8%B1%D9%85%D8%AC%D8%A9-%D8%AA%D8%B7%D8%A8%D9%8A%D9%82-androidios
403 Forbidden,Non trouvé,Non trouvé,Non trouvé,Aucun avis,Inconnu,Inconnu,Aucun tag,https://khamsat.com/programming/api-integrations/3723960-%D8%AA%D8%B7%D9%88%D9%8A%D8%B1-%D9%88%D8%A7%D8%AC%D9%87%D8%A7%D8%AA-%D8%A8%D8%B1%D9%85%D8%AC%D8%A9-%D8%AA%D8%B7%D8%A8%D9%8A%D9%82%D8%A7%D8%AA-api-development-%D8%A7%D8%AD%D8%AA%D8%B1%D8%A7%D9%81%D9%8A%D8%A9-%D9%88%D8%A2%D9%85%D9%86%D8%A9
403 Forbidden,Non trouvé,Non trouvé,Non trouvé,Aucun avis,Inconnu,Inconnu,Aucun tag,https://khamsat.com/programming/python-programming/3107474-%D8%A8%D9%86%D8%A7%D8%A1-%D9%86%D9%85%D8%A7%D8%B0%D8%AC-%D8%AA%D8%B9%D9%84%D9%85-%D8%A2%D9%84%D9%8A-%D8%A8%D8%A7%D8%B3%D8%AA%D8%AE%D8%AF%D8%A7%D9%85-%D8%A8%D8%A7%D9%8A%D8%AB%D9%88%D9%86-%D9%84%D8%AA%D8%AD%D9%84%D9%8A%D9%84-%D8%A8%D9%8A%D8%A7%D9%86%D8%A7%D8%AA%D9%83-%D9%88%D8%A7%D9%84%D8%AA%D9%86%D8%A8%D8%A4
403 Forbidden,Non trouvé,Non trouvé,Non trouvé,Aucun avis,Inconnu,Inconnu,Aucun tag,https://khamsat.com/programming/custom-website-development/2052611-%D8%AA%D8%B5%D9%85%D9%8A%D9%85-%D9%88%D8%AA%D9%83%D9%88%D9%8A%D8%AF-%D9%85%D9%88%D9%82%D8%B9%D9%83-%D8%A7%D9%84%D8%A7%D9%84%D9%83%D8%AA%D8%B1%D9%88%D9%86%D9%8A-%D8%A8%D8%B7%D8%B1%D9%8A%D9%82%D8%A9-%D8%A7%D8%AD%D8%AA%D8%B1%D8%A7%D9%81%D9%8A%D8%A9-%D8%A8%D8%A7%D9%82%D9%84-%D8%A7%D9%84%D8%AA%D9%83%D8%A7%D9%84%D9%8A%D9%81
403 Forbidden,Non trouvé,Non trouvé,Non trouvé,Aucun avis,Inconnu,Inconnu,Aucun tag,https://khamsat.com/programming/api-integrations/1764402-%D8%B9%D9%85%D9%84-api-%D9%83%D8%A7%D9%85%D9%84-crud-%D9%84%D8%AC%D8%AF%D9%88%D9%84-%D8%A8%D8%A7%D9%84%D9%82%D8%A7%D8%B9%D8%AF%D8%A9-%D8%A8%D8%A3%D8%B3%D8%AA%D8%AE%D8%AF%D8%A7%D9%85-laravel-%D9%85%D9%82%D8%A7%D8%A8%D9%84-5
403 Forbidden,Non trouvé,Non trouvé,Non trouvé,Aucun avis,Inconnu,Inconnu,Aucun tag,https://khamsat.com/programming/python-programming/3302745-%D8%AA%D9%86%D9%81%D9%8A%D8%B0-%D9%85%D8%B4%D8%A7%D8%B1%D9%8A%D8%B9-%D9%88-%D9%85%D8%B3%D8%A7%D8%A6%D9%84-%D9%88%D8%AD%D9%84%D9%88%D9%84-%D8%A8%D8%B1%D9%85%D8%AC%D9%8A%D8%A9-%D8%A8%D9%84%D8%BA%D8%A9-python
403 Forbidden,Non trouvé,Non trouvé,Non trouvé,Aucun avis,Inconnu,Inconnu,Aucun tag,https://khamsat.com/programming/full-app-creation/3703470-%D8%A7%D9%86%D8%B4%D8%A7%D8%A1-%D8%AA%D8%B7%D8%A8%D9%8A%D9%82-%D9%81%D9%84%D8%A7%D8%AA%D8%B1-android-ios
403 Forbidden,Non trouvé,Non trouvé,Non trouvé,Aucun avis,Inconnu,Inconnu,Aucun tag,https://khamsat.com/programming/custom-website-development/2362541-%D8%AA%D8%B5%D9%85%D9%8A%D9%85-%D9%88-%D8%A8%D8%B1%D9%85%D8%AC%D8%A9-%D8%B5%D9%81%D8%AD%D8%A9-%D9%88%D8%A7%D8%AD%D8%AF%D8%A9-%D8%A8%D8%A7%D8%B3%D8%AA%D8%AE%D8%AF%D8%A7%D9%85-%D9%84%D8%A7%D8%B1%D9%81%D9%8A%D9%84-laravel
403 Forbidden,Non trouvé,Non trouvé,Non trouvé,Aucun avis,Inconnu,Inconnu,Aucun tag,https://khamsat.com/programming/api-integrations/3920170-%D8%A7%D8%AD%D8%B5%D9%84-%D8%B9%D9%84%D9%89-%D9%88%D8%A7%D8%AC%D9%87%D8%A7%D8%AA-backend-api-%D9%85%D8%AA%D9%83%D8%A7%D9%85%D9%84%D8%A9-%D9%84%D9%85%D9%88%D9%82%D8%B9%D9%83-%D8%A3%D9%88-%D8%AA%D8%B7%D8%A8%D9%8A%D9%82%D9%83
403 Forbidden,Non trouvé,Non trouvé,Non trouvé,Aucun avis,Inconnu,Inconnu,Aucun tag,https://khamsat.com/programming/full-app-creation/3736710-%D8%AA%D8%AD%D9%88%D9%8A%D9%84-%D8%AA%D8%B5%D8%A7%D9%85%D9%8A%D9%85-figma-%D9%88-xd-%D8%A5%D9%84%D9%89-%D9%88%D8%A7%D8%AC%D9%87%D8%A7%D8%AA-flutter-%D8%A7%D8%AD%D8%AA%D8%B1%D8%A7%D9%81%D9%8A%D8%A9-%D9%88%D9%85%D8%AA%D8%AC%D8%A7%D9%88%D8%A8%D8%A9
403 Forbidden,Non trouvé,Non trouvé,Non trouvé,Aucun avis,Inconnu,Inconnu,Aucun tag,https://khamsat.com/programming/python-programming/2498981-%D8%A7%D9%86%D8%B4%D8%A7%D8%A1-%D8%A7%D9%8A-%D8%B3%D9%83%D8%B1%D9%8A%D8%A8%D8%AA-%D8%A8%D8%A7%D9%8A%D8%AB%D9%88%D9%86-%D9%84%D8%A7%D8%B3%D8%AA%D8%AE%D8%B1%D8%A7%D8%AC-%D8%A7%D9%84%D8%A8%D9%8A%D8%A7%D9%86%D8%A7%D8%AA-%D9%88%D8%A7%D9%84%D8%A7%D8%AA%D9%85%D8%AA%D8%A9
403 Forbidden,Non trouvé,Non trouvé,Non trouvé,Aucun avis,Inconnu,Inconnu,Aucun tag,https://khamsat.com/programming/custom-website-development/2495694-%D8%A8%D8%B1%D9%85%D8%AC%D8%A9-%D9%88%D8%AA%D8%B5%D9%85%D9%8A%D9%85-%D8%A7%D9%84%D9%85%D9%88%D8%A7%D9%82%D8%B9-%D8%A7%D9%84%D8%A7%D9%84%D9%83%D8%AA%D8%B1%D9%88%D9%86%D9%8A%D8%A9-front-end-development
403 Forbidden,Non trouvé,Non trouvé,Non trouvé,Aucun avis,Inconnu,Inconnu,Aucun tag,https://khamsat.com/programming/python-programming/2530660-%D8%A5%D9%86%D8%B4%D8%A7%D8%A1-%D9%85%D8%B4%D8%B1%D9%88%D8%B9-%D8%B9%D9%86-%D8%B7%D8%B1%D9%8A%D9%82-%D9%84%D8%BA%D9%87-python
403 Forbidden,Non trouvé,Non trouvé,Non trouvé,Aucun avis,Inconnu,Inconnu,Aucun tag,https://khamsat.com/programming/full-app-creation/3879181-%D8%B3%D8%A3%D9%82%D9%88%D9%85-%D8%A8%D8%AA%D8%B7%D9%88%D9%8A%D8%B1-%D8%AA%D8%B7%D8%A8%D9%8A%D9%82-%D9%85%D9%88%D8%A8%D8%A7%D9%8A%D9%84-%D8%A7%D8%AD%D8%AA%D8%B1%D8%A7%D9%81%D9%8A-%D9%8A%D8%B9%D9%85%D9%84-%D8%B9%D9%84%D9%89-android-ios
403 Forbidden,Non trouvé,Non trouvé,Non trouvé,Aucun avis,Inconnu,Inconnu,Aucun tag,https://khamsat.com/programming/api-integrations/2469273-%D8%A5%D8%B6%D8%A7%D9%81%D8%A9-%D8%AE%D8%A7%D8%B5%D9%8A%D8%A9-%D8%A7%D9%84%D8%AA%D8%B3%D8%AC%D9%8A%D9%84-%D9%81%D9%8A-%D9%85%D9%88%D9%82%D8%B9%D9%83-%D8%B9%D9%86-%D8%B7%D8%B1%D9%8A%D9%82-%D8%AC%D9%88%D8%AC%D9%84-%D9%81%D9%8A%D8%B3%D8%A8%D9%88%D9%83
403 Forbidden,Non trouvé,Non trouvé,Non trouvé,Aucun avis,Inconnu,Inconnu,Aucun tag,https://khamsat.com/programming/custom-website-development/1646642-%D8%A8%D8%B1%D9%85%D8%AC%D9%87-%D9%85%D9%88%D8%A7%D9%82%D8%B9-%D8%AD%D8%B5%D8%B1%D9%8A%D9%87-%D8%A8%D9%84%D8%BA%D8%A9-php-%D9%88%D8%A7%D8%B7%D8%A7%D8%B1-%D8%B9%D9%85%D9%84-laravel
403 Forbidden,Non trouvé,Non trouvé,Non trouvé,Aucun avis,Inconnu,Inconnu,Aucun tag,https://khamsat.com/programming/python-programming/2780578-%D9%83%D8%AA%D8%A7%D8%A8%D8%A9-%D8%A3%D9%83%D9%88%D8%A7%D8%AF-%D8%A8%D8%B1%D9%85%D8%AC%D9%8A%D8%A9-%D8%A8-python-java-c-c-c
403 Forbidden,Non trouvé,Non trouvé,Non trouvé,Aucun avis,Inconnu,Inconnu,Aucun tag,https://khamsat.com/programming/full-app-creation/2996035-%D8%A8%D8%B1%D9%86%D8%A7%D9%85%D8%AC-%D9%84%D8%AD%D9%81%D8%B8-%D8%A7%D9%84%D9%85%D9%87%D8%A7%D9%85-%D8%A7%D9%84%D9%8A%D9%88%D9%85%D9%8A%D9%87-%D8%B0%D9%88-%D9%88%D8%A7%D8%AC%D9%87%D9%87-%D8%A8%D8%B3%D9%8A%D8%B7%D9%87-%D8%A7%D9%84%D8%A7%D8%B3%D8%AA%D8%AD%D8%AF%D8%A7%D9%85
403 Forbidden,Non trouvé,Non trouvé,Non trouvé,Aucun avis,Inconnu,Inconnu,Aucun tag,https://khamsat.com/programming/api-integrations/2129314-web-api-%D9%88%D8%A7%D8%AC%D9%87%D8%A9-%D8%A8%D8%B1%D9%85%D8%AC%D8%A9-%D8%A7%D9%84%D8%AA%D8%B7%D8%A8%D9%8A%D9%82
403 Forbidden,Non trouvé,Non trouvé,Non trouvé,Aucun avis,Inconnu,Inconnu,Aucun tag,https://khamsat.com/programming/custom-website-development/2059695-%D8%AA%D8%AB%D8%A8%D9%8A%D8%AA-%D9%88%D8%A5%D8%B9%D8%AF%D8%A7%D8%AF-%D9%85%D9%86%D8%B5%D8%A9-%D8%AA%D8%B9%D9%84%D9%8A%D9%85%D9%8A%D8%A9-%D8%A8%D9%86%D8%B8%D8%A7%D9%85-moodle
403 Forbidden,Non trouvé,Non trouvé,Non trouvé,Aucun avis,Inconnu,Inconnu,Aucun tag,https://khamsat.com/programming/full-app-creation/3743976-%D8%A3%D8%B5%D9%85%D9%85-%D9%88%D8%A3%D8%B7%D9%88%D8%B1-%D9%84%D9%83-%D8%AA%D8%B7%D8%A8%D9%8A%D9%82-%D9%8A%D8%B9%D9%85%D9%84-%D8%B9%D9%84%D9%89-ios-%D9%88-android-%D8%A8%D8%A7%D8%B3%D8%AA%D8%AE%D8%AF%D8%A7%D9%85-flutter
403 Forbidden,Non trouvé,Non trouvé,Non trouvé,Aucun avis,Inconnu,Inconnu,Aucun tag,https://khamsat.com/programming/python-programming/2452527-%D9%83%D8%AA%D8%A7%D8%A8%D8%A9-%D8%A3%D9%83%D9%88%D8%A7%D8%AF-%D8%A8%D8%B1%D9%85%D8%AC%D9%8A%D8%A9-%D9%88%D8%AD%D9%84-%D8%AA%D9%85%D8%A7%D8%B1%D9%8A%D9%86-c-c-c-python-java
403 Forbidden,Non trouvé,Non trouvé,Non trouvé,Aucun avis,Inconnu,Inconnu,Aucun tag,https://khamsat.com/programming/api-integrations/3399773-%D9%86%D8%B8%D8%A7%D9%85-%D8%A5%D8%AF%D8%A7%D8%B1%D8%A9-%D8%A7%D9%84%D9%85%D9%87%D8%A7%D9%85-%D8%B9%D9%86-%D8%B7%D8%B1%D9%8A%D9%82-spring-api
403 Forbidden,Non trouvé,Non trouvé,Non trouvé,Aucun avis,Inconnu,Inconnu,Aucun tag,https://khamsat.com/programming/custom-website-development/2206484-%D8%AA%D8%B5%D9%85%D9%8A%D9%85-%D9%88%D8%A8%D8%B1%D9%85%D8%AC%D8%A9-%D8%A7%D9%84%D9%85%D9%88%D8%A7%D9%82%D8%B9-%D9%83%D8%A7%D9%85%D9%84%D8%A9
403 Forbidden,Non trouvé,Non trouvé,Non trouvé,Aucun avis,Inconnu,Inconnu,Aucun tag,https://khamsat.com/programming/full-app-creation/3879858-%D8%AA%D8%B7%D8%A8%D9%8A%D9%82-%D8%A7%D9%86%D8%AF%D8%B1%D9%88%D9%8A%D8%AF-%D8%A8xml-%D8%A7%D9%88-jetpack-compose-%D8%A8local-database-%D9%88fireb
403 Forbidden,Non trouvé,Non trouvé,Non trouvé,Aucun avis,Inconnu,Inconnu,Aucun tag,https://khamsat.com/programming/api-integrations/3883065-%D8%A8%D9%86%D8%A7%D8%A1-rest-apis-%D8%AE%D8%A7%D8%B5-%D8%A8%D9%85%D8%B4%D8%A7%D8%B1%D9%8A%D8%B9-%D8%A7%D9%84-crud-%D8%A8%D8%A7%D8%B3%D8%AA%D8%AE%D8%AF%D8%A7%D9%85-nodejs-express
403 Forbidden,Non trouvé,Non trouvé,Non trouvé,Aucun avis,Inconnu,Inconnu,Aucun tag,https://khamsat.com/programming/python-programming/2842682-%D8%AD%D9%84%D9%88%D9%84-%D8%A8%D8%B1%D9%85%D8%AC%D9%8A%D8%A9-%D9%85%D8%AA%D8%AE%D8%B5%D8%B5%D8%A9-%D8%A8%D8%A7%D8%B3%D8%AA%D8%AE%D8%AF%D8%A7%D9%85-%D8%A7%D9%84%D8%A8%D8%A7%D9%8A%D8%AB%D9%88%D9%86
403 Forbidden,Non trouvé,Non trouvé,Non trouvé,Aucun avis,Inconnu,Inconnu,Aucun tag,https://khamsat.com/programming/custom-website-development/2374819-%D8%A8%D8%B1%D9%85%D8%AC%D8%A9-%D8%B5%D9%81%D8%AD%D8%A9-%D9%88%D9%8A%D8%A8-%D8%A8%D8%A7%D8%B3%D8%AA%D8%AE%D8%AF%D8%A7%D9%85-html-css
403 Forbidden,Non trouvé,Non trouvé,Non trouvé,Aucun avis,Inconnu,Inconnu,Aucun tag,https://khamsat.com/programming/full-app-creation/3139385-%D8%AA%D8%B5%D9%85%D9%8A%D9%85-%D9%88%D8%A7%D8%AC%D9%87%D8%A7%D8%AA-%D9%84%D8%AA%D8%B7%D8%A8%D9%8A%D9%82%D8%A7%D8%AA-android-%D9%88-ios-%D9%84%D8%A7%D8%AD%D8%AA%D9%8A%D8%AC%D8%A7%D8%AA%D9%83
403 Forbidden,Non trouvé,Non trouvé,Non trouvé,Aucun avis,Inconnu,Inconnu,Aucun tag,https://khamsat.com/programming/api-integrations/3640866-%D8%A8%D9%86%D8%A7%D8%A1-restful-apis-%D8%A8%D8%A7%D8%B3%D8%AA%D8%AE%D8%AF%D8%A7%D9%85-express-%D9%88-mongodb
403 Forbidden,Non trouvé,Non trouvé,Non trouvé,Aucun avis,Inconnu,Inconnu,Aucun tag,https://khamsat.com/programming/python-programming/3166852-%D9%83%D8%AA%D8%A7%D8%A8%D8%A9-%D8%A3%D9%83%D9%88%D8%A7%D8%AF-python-%D9%88%D8%AD%D9%84-%D8%A7%D9%84%D9%85%D8%B4%D8%A7%D9%83%D9%84-%D8%A7%D9%84%D8%A8%D8%B1%D9%85%D8%AC%D9%8A%D8%A9
403 Forbidden,Non trouvé,Non trouvé,Non trouvé,Aucun avis,Inconnu,Inconnu,Aucun tag,https://khamsat.com/programming/custom-website-development/2808556-%D8%AA%D8%B5%D9%85%D9%8A%D9%85-%D9%85%D9%88%D9%82%D8%B9-%D9%83%D8%A7%D9%85%D9%84-%D9%8A%D8%AA%D9%86%D8%A7%D8%B3%D8%A8-%D9%85%D8%B9-%D9%81%D9%83%D8%B1%D9%87-%D9%85%D8%B4%D8%B1%D9%88%D8%B9%D9%83
403 Forbidden,Non trouvé,Non trouvé,Non trouvé,Aucun avis,Inconnu,Inconnu,Aucun tag,https://khamsat.com/programming/full-app-creation/3727897-%D8%A8%D8%B1%D9%85%D8%AC%D8%A9-%D8%AA%D8%B7%D8%A8%D9%8A%D9%82-flutter-%D8%A7%D8%AD%D8%AA%D8%B1%D8%A7%D9%81%D9%8A-%D9%84%D8%A3%D9%86%D8%AF%D8%B1%D9%88%D9%8A%D8%AF-%D9%88ios
403 Forbidden,Non trouvé,Non trouvé,Non trouvé,Aucun avis,Inconnu,Inconnu,Aucun tag,https://khamsat.com/programming/api-integrations/3824582-%D8%A8%D8%B1%D9%85%D8%AC%D9%87-restful-api-%D8%A8%D8%A7%D8%B3%D8%AA%D8%AE%D8%AF%D8%A7%D9%85-laravel
403 Forbidden,Non trouvé,Non trouvé,Non trouvé,Aucun avis,Inconnu,Inconnu,Aucun tag,https://khamsat.com/programming/python-programming/2817227-%D8%A7%D8%B3%D8%AA%D8%AE%D8%B1%D8%A7%D8%AC-%D8%A7%D9%84%D8%A8%D9%8A%D8%A7%D9%86%D8%A7%D8%AA-%D9%88%D8%A7%D9%84%D9%85%D8%B9%D9%84%D9%88%D9%85%D8%A7%D8%AA-%D9%85%D9%86-%D8%A7%D9%84%D9%85%D9%88%D8%A7%D9%82%D8%B9-%D8%A8%D8%A7%D8%B3%D8%AA%D8%AE%D8%AF%D8%A7%D9%85-pytohn
403 Forbidden,Non trouvé,Non trouvé,Non trouvé,Aucun avis,Inconnu,Inconnu,Aucun tag,https://khamsat.com/programming/custom-website-development/3310592-%D8%A5%D9%86%D8%B4%D8%A7%D8%A1-%D9%85%D9%88%D9%82%D8%B9-%D8%A7%D8%AD%D8%AA%D8%B1%D8%A7%D9%81%D9%8A-%D8%B9%D9%84%D9%89-%D9%85%D9%86%D8%B5%D8%A9-%D8%B3%D9%86%D8%AF%D9%8A%D8%A7%D9%86
403 Forbidden,Non trouvé,Non trouvé,Non trouvé,Aucun avis,Inconnu,Inconnu,Aucun tag,https://khamsat.com/programming/full-app-creation/3869699-%D8%B3%D8%A3%D8%B3%D8%A7%D8%B9%D8%AF%D9%83-%D9%81%D9%8A-%D8%AA%D9%86%D9%81%D9%8A%D8%B0-%D9%85%D9%87%D8%A7%D9%85-flutter-%D8%A8%D8%A7%D8%B3%D8%AA%D8%AE%D8%AF%D8%A7%D9%85-firebase
403 Forbidden,Non trouvé,Non trouvé,Non trouvé,Aucun avis,Inconnu,Inconnu,Aucun tag,https://khamsat.com/programming/api-integrations/3903303-%D8%A8%D8%B1%D9%85%D8%AC%D8%A9-%D8%AA%D8%B7%D8%A8%D9%8A%D9%82%D8%A7%D8%AA-%D8%A8%D8%A7%D9%8A%D8%AB%D9%88%D9%86-%D8%A8%D8%AC%D9%85%D9%8A%D8%B9-%D9%85%D8%B3%D8%AA%D9%88%D9%8A%D8%A7%D8%AA%D9%87%D8%A7-%D8%AA%D8%AA%D8%B6%D9%85%D9%86-%D8%AC%D9%85%D9%8A%D8%B9-%D8%A7%D9%84%D9%85%D9%86%D8%B5%D8%A7%D8%AA
403 Forbidden,Non trouvé,Non trouvé,Non trouvé,Aucun avis,Inconnu,Inconnu,Aucun tag,https://khamsat.com/programming/python-programming/3076107-%D9%83%D8%AA%D8%A7%D8%A8%D8%A9-%D8%A7%D9%84%D8%A3%D9%83%D9%88%D8%A7%D8%AF-%D8%A7%D9%84%D8%A8%D8%B1%D9%85%D8%AC%D9%8A%D8%A9-%D9%88%D8%AA%D8%B5%D9%85%D9%8A%D9%85-%D8%A7%D9%84%D8%AE%D9%88%D8%A7%D8%B1%D8%B2%D9%85%D9%8A%D8%A7%D8%AA-%D8%A8%D9%84%D8%BA%D8%A9-python-c
403 Forbidden,Non trouvé,Non trouvé,Non trouvé,Aucun avis,Inconnu,Inconnu,Aucun tag,https://khamsat.com/programming/custom-website-development/3329355-%D8%AA%D8%B5%D9%85%D9%8A%D9%85-%D9%85%D9%88%D9%82%D8%B9-%D8%A7%D9%84%D9%83%D8%AA%D8%B1%D9%88%D9%86%D9%8A-%D8%A8%D8%A7%D8%B3%D8%AA%D8%AE%D8%AF%D8%A7%D9%85-html-css-js
403 Forbidden,Non trouvé,Non trouvé,Non trouvé,Aucun avis,Inconnu,Inconnu,Aucun tag,https://khamsat.com/programming/full-app-creation/3786531-%D8%A3%D8%A8%D9%86%D9%8A-%D9%84%D9%83-ui-%D9%84%D8%AA%D8%B7%D8%A8%D9%8A%D9%82-%D9%85%D9%88%D8%A8%D8%A7%D9%8A%D9%84-%D8%A8%D9%81%D9%84%D8%AA%D8%B1-%D8%A8%D8%B4%D9%83%D9%84-%D8%B9%D8%B5%D8%B1%D9%8A-%D9%88%D8%B3%D9%84%D8%B3
403 Forbidden,Non trouvé,Non trouvé,Non trouvé,Aucun avis,Inconnu,Inconnu,Aucun tag,https://khamsat.com/programming/api-integrations/3498377-%D8%A8%D9%86%D8%A7%D8%A1-%D9%86%D8%B8%D8%A7%D9%85-%D8%AA%D8%B3%D8%AC%D9%8A%D9%84-%D8%AF%D8%AE%D9%88%D9%84-%D9%88%D8%AA%D8%B3%D8%AC%D9%8A%D9%84-%D9%85%D8%B3%D8%AA%D8%AE%D8%AF%D9%85%D9%8A%D9%86-%D9%85%D8%B9-jwt
403 Forbidden,Non trouvé,Non trouvé,Non trouvé,Aucun avis,Inconnu,Inconnu,Aucun tag,https://khamsat.com/programming/python-programming/1991286-%D8%A7%D9%84%D8%A8%D8%B1%D9%85%D8%AC%D8%A9-%D8%A8%D8%A7%D8%B3%D8%AA%D8%AE%D8%AF%D8%A7%D9%85-%D9%84%D8%BA%D8%A9-%D8%A8%D8%A7%D9%8A%D8%AB%D9%88%D9%86-python
403 Forbidden,Non trouvé,Non trouvé,Non trouvé,Aucun avis,Inconnu,Inconnu,Aucun tag,https://khamsat.com/programming/custom-website-development/1603640-%D8%A8%D8%B1%D9%85%D8%AC%D8%A9-%D9%85%D9%88%D9%82%D8%B9-%D8%A8%D9%84%D8%BA%D8%A9-php-%D9%88-mysql
403 Forbidden,Non trouvé,Non trouvé,Non trouvé,Aucun avis,Inconnu,Inconnu,Aucun tag,https://khamsat.com/programming/full-app-creation/3882850-%D8%A5%D9%86%D8%B4%D8%A7%D8%A1-%D8%AA%D8%B7%D8%A8%D9%8A%D9%82-%D9%85%D9%88%D8%A8%D8%A7%D9%8A%D9%84-%D9%83%D8%A7%D9%85%D9%84-%D8%A7%D8%AD%D8%AA%D8%B1%D8%A7%D9%81%D9%8A-%D9%8A%D8%B9%D9%85%D9%84-%D8%B9%D9%84%D9%89-android-%D9%88-ios
403 Forbidden,Non trouvé,Non trouvé,Non trouvé,Aucun avis,Inconnu,Inconnu,Aucun tag,https://khamsat.com/programming/api-integrations/3746405-%D8%A5%D8%B9%D8%AF%D8%A7%D8%AF-%D8%AE%D8%AF%D9%85%D8%A9-%D8%A7%D9%84%D8%A8%D8%B1%D9%8A%D8%AF-%D8%A7%D9%84%D8%A5%D9%84%D9%83%D8%AA%D8%B1%D9%88%D9%86%D9%8A-%D9%84%D9%84%D8%AA%D9%86%D8%A8%D9%8A%D9%87%D8%A7%D8%AA-%D8%B9%D8%A8%D8%B1-oracle-apex
403 Forbidden,Non trouvé,Non trouvé,Non trouvé,Aucun avis,Inconnu,Inconnu,Aucun tag,https://khamsat.com/programming/python-programming/1908267-%D8%A8%D8%B1%D9%85%D8%AC%D8%A9-%D9%85%D8%B4%D8%A7%D8%B1%D9%8A%D8%B9-%D8%A7%D9%84%D8%A8%D8%A7%D9%8A%D8%AB%D9%88%D9%86-%D9%88%D8%A7%D9%84%D8%B0%D9%83%D8%A7%D8%A1-%D8%A7%D9%84%D8%B5%D9%86%D8%B9%D9%8A
403 Forbidden,Non trouvé,Non trouvé,Non trouvé,Aucun avis,Inconnu,Inconnu,Aucun tag,https://khamsat.com/programming/custom-website-development/3859321-%D8%B3%D8%A3%D9%82%D9%88%D9%85-%D8%A8%D8%A5%D9%86%D8%B4%D8%A7%D8%A1-%D9%85%D9%88%D9%82%D8%B9-%D8%A7%D8%AD%D8%AA%D8%B1%D8%A7%D9%81%D9%8A-%D9%85%D8%AA%D9%83%D8%A7%D9%85%D9%84
403 Forbidden,Non trouvé,Non trouvé,Non trouvé,Aucun avis,Inconnu,Inconnu,Aucun tag,https://khamsat.com/programming/full-app-creation/3827672-%D8%A5%D9%86%D8%B4%D8%A7%D8%A1-%D8%AA%D8%B7%D8%A8%D9%8A%D9%82%D8%A7%D8%AA-android-%D8%A5%D8%AD%D8%AA%D8%B1%D8%A7%D9%81%D9%8A%D8%A9-%D9%88%D8%AD%D8%AF%D9%8A%D8%AB%D8%A9-%D8%A8%D8%A7%D8%B3%D8%AA%D8%AE%D8%AF%D8%A7%D9%85-kotlin
403 Forbidden,Non trouvé,Non trouvé,Non trouvé,Aucun avis,Inconnu,Inconnu,Aucun tag,https://khamsat.com/programming/api-integrations/3477241-%D8%AA%D8%B7%D9%88%D9%8A%D8%B1-%D8%A8%D8%A7%D9%83-%D8%A7%D9%86%D8%AF-%D9%88%D9%82%D8%A7%D8%B9%D8%AF%D9%87-%D8%A8%D9%8A%D8%A7%D9%86%D8%A7%D8%AA-%D8%A8%D8%A7%D8%B3%D8%AA%D8%AE%D8%AF%D8%A7%D9%85-.net
403 Forbidden,Non trouvé,Non trouvé,Non trouvé,Aucun avis,Inconnu,Inconnu,Aucun tag,https://khamsat.com/programming/python-programming/3539233-%D8%B3%D8%A3%D8%A8%D9%86%D9%8A-%D9%84%D9%83-%D8%A3%D8%AF%D8%A7%D8%A9-cli-%D8%A3%D9%88-gui-%D8%A8%D8%A7%D8%B3%D8%AA%D8%AE%D8%AF%D8%A7%D9%85-java-%D8%A3%D9%88-python-%D9%84%D8%A3%D9%8A-%D8%BA%D8%B1%D8%B6
403 Forbidden,Non trouvé,Non trouvé,Non trouvé,Aucun avis,Inconnu,Inconnu,Aucun tag,https://khamsat.com/programming/custom-website-development/3436858-%D8%B3%D8%A3%D9%82%D9%88%D9%85-%D8%A8%D8%AA%D8%B5%D9%85%D9%8A%D9%85-%D9%88%D8%AA%D8%B7%D9%88%D9%8A%D8%B1-%D9%85%D9%88%D9%82%D8%B9-%D9%88%D9%8A%D8%A8-%D8%A7%D8%AD%D8%AA%D8%B1%D8%A7%D9%81%D9%8A-%D8%A8%D8%A7%D8%B3%D8%AA%D8%AE%D8%AF%D8%A7%D9%85-react-%D8%A3%D9%88-next
403 Forbidden,Non trouvé,Non trouvé,Non trouvé,Aucun avis,Inconnu,Inconnu,Aucun tag,https://khamsat.com/programming/full-app-creation/3724596-%D8%AA%D8%AD%D9%88%D9%8A%D9%84-%D9%81%D9%83%D8%B1%D8%AA%D9%83-%D8%A5%D9%84%D9%89-%D8%AA%D8%B7%D8%A8%D9%8A%D9%82-%D9%85%D9%88%D8%A8%D8%A7%D9%8A%D9%84-%D9%85%D8%AA%D9%83%D8%A7%D9%85%D9%84-%D8%A8%D9%80%D9%80-flutter
403 Forbidden,Non trouvé,Non trouvé,Non trouvé,Aucun avis,Inconnu,Inconnu,Aucun tag,https://khamsat.com/programming/api-integrations/2963190-%D8%A8%D9%86%D8%A7%D8%A1-restful-apis-%D8%A8%D8%A7%D8%B3%D8%AA%D8%AE%D8%AF%D8%A7%D9%85-express
403 Forbidden,Non trouvé,Non trouvé,Non trouvé,Aucun avis,Inconnu,Inconnu,Aucun tag,https://khamsat.com/programming/python-programming/3849684-%D8%B3%D8%A3%D9%82%D9%88%D9%85-%D8%A8%D8%A8%D9%86%D8%A7%D8%A1-%D9%86%D9%85%D9%88%D8%B0%D8%AC-%D8%AA%D8%B9%D9%84%D9%85-%D8%A2%D9%84%D9%8A-%D9%84%D8%AA%D8%AD%D9%84%D9%8A%D9%84-%D8%A3%D9%88-%D8%AA%D8%B5%D9%86%D9%8A%D9%81-%D8%A8%D9%8A%D8%A7%D9%86%D8%A7%D8%AA%D9%83-%D8%A8%D8%AF%D9%82%D8%A9-%D8%B9%D8%A7%D9%84%D9%8A
403 Forbidden,Non trouvé,Non trouvé,Non trouvé,Aucun avis,Inconnu,Inconnu,Aucun tag,https://khamsat.com/programming/custom-website-development/2433973-%D8%AA%D8%B7%D9%88%D9%8A%D8%B1-%D8%B5%D9%81%D8%AD%D8%A9-%D9%88%D9%8A%D8%A8-%D9%85%D8%AA%D8%AC%D8%A7%D9%88%D8%A8-responsive
403 Forbidden,Non trouvé,Non trouvé,Non trouvé,Aucun avis,Inconnu,Inconnu,Aucun tag,https://khamsat.com/programming/full-app-creation/3729742-%D8%A7%D9%86%D8%B4%D8%A7%D8%A1-%D8%AA%D8%B7%D8%A8%D9%8A%D9%82-%D9%85%D9%88%D8%A8%D8%A7%D9%8A%D9%84-%D8%A7%D8%AD%D8%AA%D8%B1%D8%A7%D9%81%D9%8A-%D9%8A%D8%B9%D9%85%D9%84-%D8%B9%D9%84%D9%89-android-ios
403 Forbidden,Non trouvé,Non trouvé,Non trouvé,Aucun avis,Inconnu,Inconnu,Aucun tag,https://khamsat.com/programming/api-integrations/3746386-%D8%AA%D9%83%D8%A7%D9%85%D9%84-%D8%AA%D8%B7%D8%A8%D9%8A%D9%82%D9%83-%D9%85%D8%B9-whatsapp-%D9%84%D8%A5%D8%B1%D8%B3%D8%A7%D9%84-%D8%A7%D9%84%D8%B1%D8%B3%D8%A7%D8%A6%D9%84-%D8%AA%D9%84%D9%82%D8%A7%D8%A6%D9%8A%D8%A7-%D8%B9%D8%A8%D8%B1-oracle
403 Forbidden,Non trouvé,Non trouvé,Non trouvé,Aucun avis,Inconnu,Inconnu,Aucun tag,https://khamsat.com/programming/python-programming/893690-%D8%AD%D9%84-%D8%AC%D9%85%D9%8A%D8%B9-%D9%85%D8%B4%D9%83%D9%84%D8%A7%D8%AA-%D9%84%D8%BA%D9%87-%D8%A7%D9%84%D8%A8%D8%A7%D9%8A%D8%AB%D9%88%D9%86-python-%D8%AD%D9%84-%D9%85%D8%B4%D9%83%D9%84%D8%A9
403 Forbidden,Non trouvé,Non trouvé,Non trouvé,Aucun avis,Inconnu,Inconnu,Aucun tag,https://khamsat.com/programming/custom-website-development/2992079-%D8%AA%D8%B7%D9%88%D9%8A%D8%B1-%D9%88%D8%A7%D8%AC%D9%87%D8%A7%D8%AA-%D9%88%D9%8A%D8%A8-%D8%A7%D8%AD%D8%AA%D8%B1%D8%A7%D9%81%D9%8A%D9%87-%D9%8A%D8%A7%D8%B3%D8%AA%D8%AE%D8%AF%D8%A7%D9%85-html-css-javascript
403 Forbidden,Non trouvé,Non trouvé,Non trouvé,Aucun avis,Inconnu,Inconnu,Aucun tag,https://khamsat.com/programming/full-app-creation/3804534-%D8%AA%D8%B7%D9%88%D9%8A%D8%B1-%D8%AA%D8%B7%D8%A8%D9%8A%D9%82-%D8%A7%D8%AD%D8%AA%D8%B1%D8%A7%D9%81%D9%8A-%D8%A8%D8%A7%D8%B3%D8%AA%D8%AE%D8%AF%D8%A7%D9%85-flutter-%D9%8A%D8%B9%D9%85%D9%84-%D8%B9%D9%84%D9%89-android-%D9%88-ios
403 Forbidden,Non trouvé,Non trouvé,Non trouvé,Aucun avis,Inconnu,Inconnu,Aucun tag,https://khamsat.com/programming/python-programming/3046533-%D8%AA%D8%B5%D9%85%D9%8A%D9%85-%D9%88%D8%AA%D8%B7%D9%88%D9%8A%D8%B1-%D9%88%D8%A7%D8%AC%D9%87%D8%A7%D8%AA-%D8%B1%D8%B3%D9%88%D9%85%D9%8A%D8%A9-gui-%D8%A8%D8%A7%D8%B3%D8%AA%D8%AE%D8%AF%D8%A7%D9%85-python-%D9%88-tkinter
403 Forbidden,Non trouvé,Non trouvé,Non trouvé,Aucun avis,Inconnu,Inconnu,Aucun tag,https://khamsat.com/programming/api-integrations/3747485-%D8%AA%D8%B5%D9%85%D9%8A%D9%85-api-%D9%83%D8%A7%D9%85%D9%84-%D8%A8%D8%A7%D8%B3%D8%AA%D8%AE%D8%AF%D8%A7%D9%85-asp.net-core-%D9%88entity-framework
403 Forbidden,Non trouvé,Non trouvé,Non trouvé,Aucun avis,Inconnu,Inconnu,Aucun tag,https://khamsat.com/programming/custom-website-development/3374966-%D8%B3%D8%A3%D9%82%D9%88%D9%85-%D8%A8%D8%AA%D8%B7%D9%88%D9%8A%D8%B1-%D9%85%D9%88%D9%82%D8%B9-%D8%A5%D9%84%D9%83%D8%AA%D8%B1%D9%88%D9%86%D9%8A-%D8%AF%D9%8A%D9%86%D8%A7%D9%85%D9%8A%D9%83%D9%8A-%D8%A8%D8%A7%D8%B3%D8%AA%D8%AE%D8%AF%D8%A7%D9%85-php
403 Forbidden,Non trouvé,Non trouvé,Non trouvé,Aucun avis,Inconnu,Inconnu,Aucun tag,https://khamsat.com/programming/full-app-creation/3567161-%D8%A8%D8%B1%D9%85%D8%AC%D8%A9-%D9%88%D8%A7%D8%AC%D9%87%D8%A7%D8%AA-%D9%85%D9%88%D8%A8%D8%A7%D9%8A%D9%84-flutter
403 Forbidden,Non trouvé,Non trouvé,Non trouvé,Aucun avis,Inconnu,Inconnu,Aucun tag,https://khamsat.com/programming/api-integrations/3843285-%D8%B3%D8%A7%D9%86%D8%B4%D8%A6-%D9%88%D8%A7%D8%AC%D9%87%D8%A9-api-%D9%85%D9%86%D8%A7%D8%B3%D8%A8%D8%A9-%D9%84%D8%AA%D8%B7%D8%A8%D9%8A%D9%82%D9%83-%D8%A8%D8%A7%D8%B3%D8%AA%D8%AE%D8%AF%D8%A7%D9%85-express.js
403 Forbidden,Non trouvé,Non trouvé,Non trouvé,Aucun avis,Inconnu,Inconnu,Aucun tag,https://khamsat.com/programming/python-programming/2777799-%D9%83%D8%AA%D8%A7%D8%A8%D8%A9-%D8%A7%D9%83%D9%88%D8%A7%D8%AF-%D9%81%D9%8A-%D9%84%D8%BA%D8%A9-%D8%A7%D9%84%D8%A8%D8%A7%D9%8A%D8%AB%D9%88%D9%86-%D9%85%D9%86-%D8%A3%D8%AC%D9%84-%D8%AD%D9%84-%D9%85%D8%B4%D8%A7%D9%83%D9%84-%D8%A7%D9%84%D8%A8%D8%B1%D9%85%D8%AC%D8%A9
403 Forbidden,Non trouvé,Non trouvé,Non trouvé,Aucun avis,Inconnu,Inconnu,Aucun tag,https://khamsat.com/programming/custom-website-development/1015365-%D8%AA%D8%B5%D9%85%D9%8A%D9%85-%D9%85%D9%88%D9%82%D8%B9%D9%83-%D8%A8%D8%A7%D8%B3%D8%AA%D8%AE%D8%AF%D8%A7%D9%85-html5-css3-bootstrap4
403 Forbidden,Non trouvé,Non trouvé,Non trouvé,Aucun avis,Inconnu,Inconnu,Aucun tag,https://khamsat.com/programming/full-app-creation/3477391-%D8%A8%D8%B1%D9%85%D8%AC%D8%A9-%D8%AA%D8%B7%D8%A8%D9%8A%D9%82-%D9%84%D9%84%D8%A3%D9%8A%D9%81%D9%88%D9%86-%D9%88%D8%A7%D9%84%D8%A3%D9%86%D8%AF%D8%B1%D9%88%D9%8A%D8%AF-flutter-android-ios
403 Forbidden,Non trouvé,Non trouvé,Non trouvé,Aucun avis,Inconnu,Inconnu,Aucun tag,https://khamsat.com/programming/python-programming/2888811-%D8%A8%D9%88%D8%AA%D8%A7%D8%AA-%D8%A3%D9%86%D8%B4%D8%B7%D8%A9-%D9%85%D8%AA%D9%83%D8%B1%D8%B1%D8%A9-%D8%A8%D9%86%D9%82%D8%B1%D8%A9-%D9%84%D8%AA%D9%88%D9%81%D9%8A%D8%B1-%D8%A7%D9%84%D9%88%D9%82%D8%AA-%D9%88%D8%A7%D9%84%D8%AC%D9%87%D8%AF-automation
403 Forbidden,Non trouvé,Non trouvé,Non trouvé,Aucun avis,Inconnu,Inconnu,Aucun tag,https://khamsat.com/programming/api-integrations/3669792-%D8%A8%D8%B1%D9%85%D8%AC%D8%A9-%D9%88%D8%AA%D8%B7%D9%88%D9%8A%D8%B1-%D9%88%D8%A7%D8%AC%D9%87%D8%A7%D8%AA-%D8%A8%D8%B1%D9%85%D8%AC%D9%8A%D8%A9-apis-%D8%A8%D8%A7%D8%B3%D8%AA%D8%AE%D8%AF%D8%A7%D9%85-node.js-%D9%88-mongodb
403 Forbidden,Non trouvé,Non trouvé,Non trouvé,Aucun avis,Inconnu,Inconnu,Aucun tag,https://khamsat.com/programming/custom-website-development/2451164-%D8%A8%D8%B1%D9%85%D8%AC%D8%A9-%D9%85%D9%88%D9%82%D8%B9-%D9%88%D9%8A%D8%A8-%D9%85%D8%AA%D9%83%D8%A7%D9%85%D9%84-full-stack
403 Forbidden,Non trouvé,Non trouvé,Non trouvé,Aucun avis,Inconnu,Inconnu,Aucun tag,https://khamsat.com/programming/full-app-creation/3141445-%D8%AA%D8%B7%D9%88%D9%8A%D8%B1-%D8%AA%D8%B7%D8%A8%D9%8A%D9%82%D8%A7%D8%AA-%D9%85%D9%88%D8%A8%D8%A7%D9%8A%D9%84-%D9%85%D8%B9-%D8%AA%D9%83%D8%A7%D9%85%D9%84-%D8%A3%D9%86%D8%B8%D9%85%D8%A9-backend-%D9%88%D8%AD%D9%84%D9%88%D9%84-%D9%85%D8%A8%D8%AA%D9%83%D8%B1%D8%A9
403 Forbidden,Non trouvé,Non trouvé,Non trouvé,Aucun avis,Inconnu,Inconnu,Aucun tag,https://khamsat.com/programming/api-integrations/3617303-%D8%A8%D8%B1%D9%85%D8%AC%D8%A9-%D9%88%D8%A7%D8%AC%D9%87%D8%A7%D8%AA-restful-api-%D8%A7%D8%AD%D8%AA%D8%B1%D8%A7%D9%81%D9%8A%D8%A9-%D8%A8%D8%A7%D8%B3%D8%AA%D8%AE%D8%AF%D8%A7%D9%85-asp.net-core-web
403 Forbidden,Non trouvé,Non trouvé,Non trouvé,Aucun avis,Inconnu,Inconnu,Aucun tag,https://khamsat.com/programming/python-programming/3193285-%D8%A8%D9%86%D8%A7%D8%A1-%D9%85%D9%88%D8%AF%D9%84-%D8%AA%D8%B9%D9%84%D9%85-%D8%A7%D9%84%D8%A7%D9%84%D8%A9-machine-learning
403 Forbidden,Non trouvé,Non trouvé,Non trouvé,Aucun avis,Inconnu,Inconnu,Aucun tag,https://khamsat.com/programming/custom-website-development/3208554-%D8%A7%D9%86%D8%B4%D8%A7%D8%A1-%D9%88%D8%AA%D8%B7%D9%88%D9%8A%D8%B1-%D9%85%D9%88%D9%82%D8%B9-%D8%AA%D9%81%D8%A7%D8%B9%D9%84%D9%8A-%D8%B3%D9%8A%D8%A7%D8%AD%D9%8A
403 Forbidden,Non trouvé,Non trouvé,Non trouvé,Aucun avis,Inconnu,Inconnu,Aucun tag,https://khamsat.com/programming/full-app-creation/3054269-%D8%AA%D8%B5%D9%85%D9%8A%D9%85-%D9%88%D8%AA%D8%B7%D9%88%D9%8A%D8%B1-%D8%AA%D8%B7%D8%A8%D9%8A%D9%82%D8%A7%D8%AA-%D9%85%D8%AE%D8%B5%D8%B5%D8%A9-%D8%A8%D8%A3%D8%AF%D8%A7%D8%A1-%D9%85%D9%85%D8%AA%D8%A7%D8%B2-%D9%88%D8%AA%D8%AC%D8%B1%D8%A8%D8%A9%D9%85%D9%85%D9%8A%D8%B2%D8%A9
403 Forbidden,Non trouvé,Non trouvé,Non trouvé,Aucun avis,Inconnu,Inconnu,Aucun tag,https://khamsat.com/programming/python-programming/3684363-%D8%A8%D8%B1%D9%85%D8%AC%D8%A9-%D9%88%D8%AA%D8%B7%D9%88%D9%8A%D8%B1-%D8%AE%D8%AF%D9%85%D8%A7%D8%AA-%D8%A7%D9%85%D9%86%D9%8A%D8%A9-%D8%A8%D8%A7%D8%B3%D8%AA%D8%AE%D8%AF%D8%A7%D9%85-%D8%A8%D8%A7%D9%8A%D8%AB%D9%88%D9%86
403 Forbidden,Non trouvé,Non trouvé,Non trouvé,Aucun avis,Inconnu,Inconnu,Aucun tag,https://khamsat.com/programming/api-integrations/3775304-%D8%A8%D8%B1%D9%85%D8%AC%D8%A9-rest-api-%D8%A7%D8%AD%D8%AA%D8%B1%D8%A7%D9%81%D9%8A-%D8%A8%D8%A7%D8%B3%D8%AA%D8%AE%D8%AF%D8%A7%D9%85-node.js-%D9%88-mongodb
403 Forbidden,Non trouvé,Non trouvé,Non trouvé,Aucun avis,Inconnu,Inconnu,Aucun tag,https://khamsat.com/programming/custom-website-development/2496970-%D8%A7%D9%86%D8%B4%D8%A7%D8%A1-%D9%85%D9%88%D8%A7%D9%82%D8%B9-%D9%88%D9%85%D8%AA%D8%A7%D8%AC%D8%B1-%D8%A7%D9%84%D9%83%D8%AA%D8%B1%D9%88%D9%86%D9%8A%D8%A9-%D8%A8%D8%A7%D8%B3%D8%AA%D8%AE%D8%AF%D8%A7%D9%85-html-css-javascript
403 Forbidden,Non trouvé,Non trouvé,Non trouvé,Aucun avis,Inconnu,Inconnu,Aucun tag,https://khamsat.com/programming/full-app-creation/3746827-%D8%AA%D8%B7%D9%88%D9%8A%D8%B1-%D8%AA%D8%B7%D8%A8%D9%8A%D9%82%D8%A7%D8%AA-%D8%A3%D9%86%D8%AF%D8%B1%D9%88%D9%8A%D8%AF-%D9%88-ios-%D8%A8%D8%A3%D8%B3%D8%AA%D8%AE%D8%AF%D8%A7%D9%85-%D9%81%D9%84%D8%A7%D8%AA%D8%B1-flutter
403 Forbidden,Non trouvé,Non trouvé,Non trouvé,Aucun avis,Inconnu,Inconnu,Aucun tag,https://khamsat.com/programming/api-integrations/3758952-%D8%AA%D8%B7%D9%88%D9%8A%D8%B1-api-%D8%A7%D8%AD%D8%AA%D8%B1%D8%A7%D9%81%D9%8A-%D8%A8%D8%A7%D8%B3%D8%AA%D8%AE%D8%AF%D8%A7%D9%85-python-%D9%88-django-rest-framework
403 Forbidden,Non trouvé,Non trouvé,Non trouvé,Aucun avis,Inconnu,Inconnu,Aucun tag,https://khamsat.com/programming/python-programming/3046245-%D8%AA%D9%86%D8%B8%D9%8A%D9%81-%D9%88%D8%AA%D8%AD%D8%B6%D9%8A%D8%B1-%D8%A7%D9%84%D8%A8%D9%8A%D8%A7%D9%86%D8%A7%D8%AA-%D8%A8%D8%A7%D8%B3%D8%AA%D8%AE%D8%AF%D8%A7%D9%85-python-%D9%88-pandas
403 Forbidden,Non trouvé,Non trouvé,Non trouvé,Aucun avis,Inconnu,Inconnu,Aucun tag,https://khamsat.com/programming/custom-website-development/2327526-%D8%AA%D8%B5%D9%85%D9%8A%D9%85-%D8%A7%D9%84%D9%85%D9%88%D8%A7%D9%82%D8%B9-%D8%A7%D9%84%D8%A5%D9%84%D9%83%D8%AA%D8%B1%D9%88%D9%86%D9%8A%D8%A9-%D9%83%D8%A7%D9%85%D9%84%D9%87-frontend-developer
403 Forbidden,Non trouvé,Non trouvé,Non trouvé,Aucun avis,Inconnu,Inconnu,Aucun tag,https://khamsat.com/programming/full-app-creation/2234728-%D8%AA%D8%B7%D9%88%D9%8A%D8%B1-%D9%88%D8%A7%D8%AC%D9%87%D8%A7%D8%AA-%D8%AA%D8%B7%D8%A8%D9%8A%D9%82%D8%A7%D8%AA-%D8%A7%D9%84%D8%A7%D9%86%D8%AF%D8%B1%D9%88%D9%8A%D8%AF-%D9%88%D8%A7%D9%84%D8%A7%D9%8A%D9%81%D9%88%D9%86-%D8%A8%D8%A7%D8%B3%D8%AA%D8%AE%D8%AF%D8%A7%D9%85-%D9%81%D9%84%D8%A7%D8%AA%D8%B1
403 Forbidden,Non trouvé,Non trouvé,Non trouvé,Aucun avis,Inconnu,Inconnu,Aucun tag,https://khamsat.com/programming/python-programming/3069645-%D8%A7%D9%86%D8%B4%D8%A7%D8%A1-%D9%88%D8%AA%D8%B9%D8%AF%D9%8A%D9%84-%D8%B3%D9%83%D8%B1%D9%8A%D8%A8%D8%AA%D8%A7%D8%AA-%D8%A8%D8%A7%D9%8A%D8%AB%D9%88%D9%86
403 Forbidden,Non trouvé,Non trouvé,Non trouvé,Aucun avis,Inconnu,Inconnu,Aucun tag,https://khamsat.com/programming/api-integrations/3799197-%D8%A8%D9%86%D8%A7%D8%A1-%D9%88%D8%AA%D8%B7%D9%88%D9%8A%D8%B1-apis-%D8%B9%D8%A7%D9%84%D9%8A%D8%A9-%D8%A7%D9%84%D8%A3%D8%AF%D8%A7%D8%A1-%D9%88%D8%AD%D9%84%D9%88%D9%84-backend-%D9%85%D8%AE%D8%B5%D8%B5%D8%A9
403 Forbidden,Non trouvé,Non trouvé,Non trouvé,Aucun avis,Inconnu,Inconnu,Aucun tag,https://khamsat.com/programming/custom-website-development/1163435-%D8%AA%D8%B5%D9%85%D9%8A%D9%85-%D9%85%D9%88%D9%82%D8%B9-%D9%88%D9%8A%D8%A8-%D8%B9%D8%A8%D8%B1-laravel
403 Forbidden,Non trouvé,Non trouvé,Non trouvé,Aucun avis,Inconnu,Inconnu,Aucun tag,https://khamsat.com/programming/full-app-creation/2669674-%D8%AA%D8%B5%D9%85%D9%8A%D9%85-%D9%88%D8%A8%D9%86%D8%A7%D8%A1-%D8%AA%D8%B7%D8%A8%D9%8A%D9%82-%D8%A3%D9%86%D8%AF%D8%B1%D9%88%D9%8A%D8%AF-%D8%A8%D8%A7%D8%B3%D8%AA%D8%AE%D8%AF%D8%A7%D9%85-flutter-%D9%88%D8%B1%D8%A8%D8%B7%D9%87-%D8%A8%D8%A3%D9%8A-db
403 Forbidden,Non trouvé,Non trouvé,Non trouvé,Aucun avis,Inconnu,Inconnu,Aucun tag,https://khamsat.com/programming/api-integrations/3162405-%D8%AA%D8%B7%D9%88%D9%8A%D8%B1-%D9%88%D8%A7%D8%AC%D9%87%D8%A7%D8%AA-%D8%A8%D8%B1%D9%85%D8%AC%D9%8A%D8%A9-apis-%D8%A8%D8%A7%D8%B3%D8%AA%D8%AE%D8%AF%D8%A7%D9%85-c-.net-core
403 Forbidden,Non trouvé,Non trouvé,Non trouvé,Aucun avis,Inconnu,Inconnu,Aucun tag,https://khamsat.com/programming/python-programming/2522677-%D8%AD%D9%84-%D8%A3%D9%8A-%D9%85%D8%B3%D8%A3%D9%84%D8%A9-%D8%A3%D9%88-%D8%AA%D8%AF%D8%B1%D9%8A%D8%A8-%D8%A8%D9%84%D8%BA%D8%A9-python-%D8%A8%D9%85%D9%87%D8%A7%D8%B1%D8%A9-%D9%88-%D9%88%D8%B6%D9%88%D8%AD-
403 Forbidden,Non trouvé,Non trouvé,Non trouvé,Aucun avis,Inconnu,Inconnu,Aucun tag,https://khamsat.com/programming/custom-website-development/3753239-%D8%AA%D8%B5%D9%85%D9%8A%D9%85-%D9%85%D9%88%D8%A7%D9%82%D8%B9-%D8%A7%D8%AD%D8%AA%D8%B1%D8%A7%D9%81%D9%8A%D8%A9-%D9%85%D8%AA%D8%AC%D8%A7%D9%88%D8%A8%D8%A9-%D8%A8%D8%A3%D8%AD%D8%AF%D8%AB-%D8%AA%D9%82%D9%86%D9%8A%D8%A7%D8%AA-%D8%A7%D9%84%D9%88%D9%8A%D8%A8
403 Forbidden,Non trouvé,Non trouvé,Non trouvé,Aucun avis,Inconnu,Inconnu,Aucun tag,https://khamsat.com/programming/full-app-creation/3205913-%D8%AA%D8%B7%D8%A8%D9%8A%D9%82-%D8%B9%D9%85%D9%84-%D8%B7%D9%84%D8%A8%D8%A7%D8%AA-%D8%A3%D9%88%D9%86%D9%84%D8%A7%D9%8A%D9%86-%D8%A8%D8%A7%D8%B3%D8%AA%D8%AE%D8%AF%D8%A7%D9%85-flutter
403 Forbidden,Non trouvé,Non trouvé,Non trouvé,Aucun avis,Inconnu,Inconnu,Aucun tag,https://khamsat.com/programming/api-integrations/3790728-%D8%A5%D9%86%D8%B4%D8%A7%D8%A1-%D8%AA%D8%B7%D8%A8%D9%8A%D9%82-saas-%D8%A7%D8%AD%D8%AA%D8%B1%D8%A7%D9%81%D9%8A-%D9%85%D8%B9-%D8%A7%D9%84%D8%AA%D9%83%D8%A7%D9%85%D9%84%D8%A7%D8%AA-%D9%88%D8%A7%D9%84%D8%A3%D8%AA%D9%85%D8%AA%D8%A9-n8nwebhook
403 Forbidden,Non trouvé,Non trouvé,Non trouvé,Aucun avis,Inconnu,Inconnu,Aucun tag,https://khamsat.com/programming/python-programming/2709817-%D8%A8%D8%B1%D9%85%D8%AC%D9%87-%D8%B3%D9%83%D8%B1%D8%A8%D8%AA%D8%A7%D8%AA-%D8%A8%D8%A7%D9%8A%D8%AB%D9%88%D9%86-%D8%A8%D8%A7%D8%AD%D8%AA%D8%B1%D8%A7%D9%81%D9%8A%D8%A9-%D8%AA%D8%A7%D9%85%D8%A9
403 Forbidden,Non trouvé,Non trouvé,Non trouvé,Aucun avis,Inconnu,Inconnu,Aucun tag,https://khamsat.com/programming/custom-website-development/3099618-%D8%AA%D8%B5%D9%85%D9%8A%D9%85-%D9%85%D9%88%D9%82%D8%B9-%D8%AA%D8%B9%D9%84%D9%8A%D9%85-%D8%A7%D9%84%D9%83%D8%AA%D8%B1%D9%88%D9%86%D9%8A-%D9%85%D8%AA%D8%AC%D8%A7%D9%88%D8%A8-%D8%A8%D8%A7%D9%82%D9%84-%D8%B3%D8%B9%D8%B1
403 Forbidden,Non trouvé,Non trouvé,Non trouvé,Aucun avis,Inconnu,Inconnu,Aucun tag,https://khamsat.com/programming/full-app-creation/2739746-%D8%AA%D8%B5%D9%85%D9%8A%D9%85-%D8%AA%D8%B7%D8%A8%D9%8A%D9%82-android-%D8%A8%D8%A7%D8%B3%D8%AA%D8%AE%D8%AF%D8%A7%D9%85-flutter-%D9%88-firebase
403 Forbidden,Non trouvé,Non trouvé,Non trouvé,Aucun avis,Inconnu,Inconnu,Aucun tag,https://khamsat.com/programming/python-programming/2127875-%D8%AD%D9%84-%D9%85%D8%B3%D8%A7%D8%A6%D9%84-%D8%A8%D8%A7%D8%B3%D8%AA%D8%AE%D8%AF%D8%A7%D9%85-%D9%84%D8%BA%D8%A9-python
403 Forbidden,Non trouvé,Non trouvé,Non trouvé,Aucun avis,Inconnu,Inconnu,Aucun tag,https://khamsat.com/programming/api-integrations/3874608-%D8%AA%D8%B7%D9%88%D9%8A%D8%B1-api-restful-%D8%A7%D8%AD%D8%AA%D8%B1%D8%A7%D9%81%D9%8A-%D8%A8%D8%A7%D8%B3%D8%AA%D8%AE%D8%AF%D8%A7%D9%85-laravel
403 Forbidden,Non trouvé,Non trouvé,Non trouvé,Aucun avis,Inconnu,Inconnu,Aucun tag,https://khamsat.com/programming/custom-website-development/2861126-%D8%AA%D8%B5%D9%85%D9%8A%D9%85-%D9%88%D8%AA%D8%B7%D9%88%D9%8A%D8%B1-%D9%88%D8%A7%D8%AC%D9%87%D8%A7%D8%AA-%D9%85%D8%B3%D8%AA%D8%AE%D8%AF%D9%85-%D8%A7%D8%AD%D8%AA%D8%B1%D8%A7%D9%81%D9%8A%D8%A9-%D9%88%D8%AC%D8%B0%D8%A7%D8%A8%D8%A9-%D9%84%D9%85%D9%88%D8%A7%D9%82%D8%B9-%D8%A7%D9%84%D9%88%D9%8A%D8%A8
403 Forbidden,Non trouvé,Non trouvé,Non trouvé,Aucun avis,Inconnu,Inconnu,Aucun tag,https://khamsat.com/programming/full-app-creation/3889825-%D8%AA%D8%B7%D8%A8%D9%8A%D9%82-goat-%D9%83%D9%84-%D9%85%D8%A7-%D8%AA%D8%AD%D8%AA%D8%A7%D8%AC%D9%87-%D9%84%D8%B9%D8%B4%D8%A7%D9%82-%D9%83%D8%B1%D8%A9-%D8%A7%D9%84%D9%82%D8%AF%D9%85-%D9%86%D8%AA%D8%A7%D8%A6%D8%AC-%D8%A3%D8%AE%D8%A8%D8%A7%D8%B1-%D9%81%D9%8A%D8%AF
403 Forbidden,Non trouvé,Non trouvé,Non trouvé,Aucun avis,Inconnu,Inconnu,Aucun tag,https://khamsat.com/programming/api-integrations/3840295-%D8%A8%D9%86%D8%A7%D8%A1-api-%D9%81%D8%B9%D8%A7%D9%84-%D8%A8%D8%A7%D8%B3%D8%AA%D8%AE%D8%AF%D8%A7%D9%85-node-js-%D9%88-express-js
403 Forbidden,Non trouvé,Non trouvé,Non trouvé,Aucun avis,Inconnu,Inconnu,Aucun tag,https://khamsat.com/programming/python-programming/3444941-%D8%A5%D8%B9%D8%A7%D8%AF%D8%A9-%D8%AA%D9%88%D8%AC%D9%8A%D9%87-%D8%B1%D8%B3%D8%A7%D8%A6%D9%84-%D8%AA%D9%8A%D9%84%D9%8A%D8%AC%D8%B1%D8%A7%D9%85-%D8%AA%D9%84%D9%82%D8%A7%D8%A6%D9%8A%D8%A7-%D9%85%D9%86-%D8%B9%D8%AF%D8%A9-%D9%82%D9%86%D9%88%D8%A7%D8%AA-%D8%A5%D9%84%D9%89-%D9%82%D9%86%D8%A7%D8%AA%D9%83
403 Forbidden,Non trouvé,Non trouvé,Non trouvé,Aucun avis,Inconnu,Inconnu,Aucun tag,https://khamsat.com/programming/custom-website-development/3310940-%D8%A5%D9%86%D8%B4%D8%A7%D8%A1-%D9%85%D9%88%D9%82%D8%B9-%D8%A5%D9%84%D9%83%D8%AA%D8%B1%D9%88%D9%86%D9%8A-%D8%A8%D8%AA%D8%B5%D9%85%D9%8A%D9%85-%D9%85%D8%A8%D8%AF%D8%B9-%D9%88%D8%A7%D8%AD%D8%AA%D8%B1%D8%A7%D9%81%D9%8A-%D8%B9%D9%84%D9%89-%D8%B3%D9%86%D8%AF%D9%8A%D8%A7%D9%86
403 Forbidden,Non trouvé,Non trouvé,Non trouvé,Aucun avis,Inconnu,Inconnu,Aucun tag,https://khamsat.com/programming/full-app-creation/3089812-%D8%AA%D8%B7%D9%88%D9%8A%D8%B1-%D8%AA%D8%B7%D8%A8%D9%8A%D9%82%D8%A7%D8%AA-%D8%A3%D9%86%D8%AF%D8%B1%D9%88%D9%8A%D8%AF-%D8%A8%D8%A7%D8%B3%D8%AA%D8%AE%D8%AF%D8%A7%D9%85-kotlin-%D9%88-java
403 Forbidden,Non trouvé,Non trouvé,Non trouvé,Aucun avis,Inconnu,Inconnu,Aucun tag,https://khamsat.com/programming/python-programming/3612692-%D8%B3%D8%A3%D9%82%D9%88%D9%85-%D8%A8%D8%A8%D8%B1%D9%85%D8%AC%D8%A9-%D8%B3%D9%83%D8%B1%D9%8A%D8%A8%D8%AA-python-%D9%85%D8%AE%D8%B5%D8%B5-%D9%84%D8%A3%D8%AF%D8%A7%D8%A1-%D8%A3%D9%8A-%D9%85%D9%87%D9%85%D8%A9-%D8%A8%D8%B4%D9%83%D9%84-%D8%A7%D8%AD%D8%AA%D8%B1%D8%A7%D9%81%D9%8A
403 Forbidden,Non trouvé,Non trouvé,Non trouvé,Aucun avis,Inconnu,Inconnu,Aucun tag,https://khamsat.com/programming/api-integrations/3764150-%D8%B1%D8%A8%D8%B7-api-%D8%A8%D8%A5%D8%B3%D8%AA%D8%AE%D8%AF%D8%A7%D9%85-retrofit-%D9%81%D9%8A-%D8%AA%D8%B7%D8%A8%D9%8A%D9%82%D8%A7%D8%AA-flutter
403 Forbidden,Non trouvé,Non trouvé,Non trouvé,Aucun avis,Inconnu,Inconnu,Aucun tag,https://khamsat.com/programming/custom-website-development/2181037-%D8%AA%D8%B5%D9%85%D9%8A%D9%85-%D9%85%D9%88%D9%82%D8%B9-%D8%AA%D8%B9%D8%B1%D9%8A%D9%81%D9%8A-%D8%A8%D8%B3%D9%8A%D8%B7-%D8%A8%D8%B5%D9%81%D8%AD%D8%A7%D8%AA-%D8%AB%D8%A7%D8%A8%D8%AA%D8%A9
403 Forbidden,Non trouvé,Non trouvé,Non trouvé,Aucun avis,Inconnu,Inconnu,Aucun tag,https://khamsat.com/programming/full-app-creation/3039488-%D8%A7%D9%86%D8%B4%D8%A7%D8%A1-%D9%88-%D8%A8%D8%B1%D9%85%D8%AC%D8%A9-%D8%AA%D8%B7%D8%A8%D9%8A%D9%82-%D9%85%D9%88%D8%A8%D8%A7%D9%8A%D9%84-%D9%81%D9%84%D8%A7%D8%AA%D8%B1-flutter
403 Forbidden,Non trouvé,Non trouvé,Non trouvé,Aucun avis,Inconnu,Inconnu,Aucun tag,https://khamsat.com/programming/python-programming/3270097-%D8%AA%D8%AD%D9%84%D9%8A%D9%84-%D8%A8%D9%8A%D8%A7%D9%86%D8%A7%D8%AA-%D8%A8%D8%A7%D9%84%D8%A7%D8%B9%D8%AA%D9%85%D8%A7%D8%AF-%D8%B9%D9%84%D9%89-%D8%A7%D9%84%D8%A8%D8%B1%D9%85%D8%AC%D8%A9-%D8%A8%D8%A7%D8%B3%D8%AA%D8%AE%D8%AF%D8%A7%D9%85-%D8%A7%D9%84%D8%B0%D9%83%D8%A7%D8%A1-%D8%A7%D9%84%D8%A7%D8%B5%D8%B7%D9%86%D8%A7%D8%B9%D9%8A
403 Forbidden,Non trouvé,Non trouvé,Non trouvé,Aucun avis,Inconnu,Inconnu,Aucun tag,https://khamsat.com/programming/api-integrations/2876749-%D8%A8%D9%86%D8%A7%D8%A1-restfulapi-%D8%B9%D8%A7%D9%84%D9%8A-%D8%A7%D9%84%D8%AC%D9%88%D8%AF%D8%A9-node-js
403 Forbidden,Non trouvé,Non trouvé,Non trouvé,Aucun avis,Inconnu,Inconnu,Aucun tag,https://khamsat.com/programming/custom-website-development/2050940-%D8%A8%D8%B1%D9%85%D8%AC%D8%A9-%D9%88%D8%AA%D8%B7%D9%88%D9%8A%D8%B1-%D9%85%D9%88%D8%A7%D9%82%D8%B9-%D8%A7%D9%84%D9%88%D9%8A%D8%A8-php-mysql
403 Forbidden,Non trouvé,Non trouvé,Non trouvé,Aucun avis,Inconnu,Inconnu,Aucun tag,https://khamsat.com/programming/full-app-creation/1946255-%D8%A7%D8%AD%D9%88%D9%84-%D9%85%D9%88%D9%82%D8%B9%D9%83-%D8%A3%D9%88-%D9%85%D8%AF%D9%88%D9%86%D8%AA%D9%83-%D9%84%D8%AA%D8%B7%D8%A8%D9%8A%D9%82%D9%83-%D8%A7%D9%84%D8%AE%D8%A7%D8%B5-%D8%A8%D8%B4%D9%83%D9%84-%D8%A7%D8%AD%D8%AA%D8%B1%D8%A7%D9%81%D9%89-webview
403 Forbidden,Non trouvé,Non trouvé,Non trouvé,Aucun avis,Inconnu,Inconnu,Aucun tag,https://khamsat.com/programming/python-programming/2242373-%D8%AA%D8%B7%D9%88%D9%8A%D8%B1-%D8%A7%D9%84%D9%88%D8%A7%D8%AC%D9%87%D8%A9-%D8%A7%D9%84%D8%AE%D9%84%D9%81%D9%8A%D8%A9-%D9%84%D9%85%D9%88%D8%A7%D9%82%D8%B9-%D9%88%D8%AA%D8%B7%D8%A8%D9%8A%D9%82%D8%A7%D8%AA-%D8%A7%D9%84%D9%88%D9%8A%D8%A8-django-framework
403 Forbidden,Non trouvé,Non trouvé,Non trouvé,Aucun avis,Inconnu,Inconnu,Aucun tag,https://khamsat.com/programming/api-integrations/3843516-%D8%AA%D8%B5%D9%85%D9%8A%D9%85-rest-api-%D8%A7%D8%AD%D8%AA%D8%B1%D8%A7%D9%81%D9%8A%D8%A9-%D9%88%D8%A2%D9%85%D9%86%D8%A9-%D9%84%D9%85%D9%88%D9%82%D8%B9%D9%83-%D8%A3%D9%88-%D8%AA%D8%B7%D8%A8%D9%8A%D9%82-%D8%A7%D9%84%D9%85%D9%88%D8%A8%D8%A7%D9%8A%D9%84
403 Forbidden,Non trouvé,Non trouvé,Non trouvé,Aucun avis,Inconnu,Inconnu,Aucun tag,https://khamsat.com/programming/custom-website-development/3891662-%D8%AA%D8%B5%D9%85%D9%8A%D9%85-%D9%88%D8%A7%D8%AC%D9%87%D8%A9-%D9%85%D9%88%D9%82%D8%B9-%D8%A5%D9%84%D9%83%D8%AA%D8%B1%D9%88%D9%86%D9%8A
403 Forbidden,Non trouvé,Non trouvé,Non trouvé,Aucun avis,Inconnu,Inconnu,Aucun tag,https://khamsat.com/programming/full-app-creation/2027071-%D8%AA%D8%AD%D9%88%D9%8A%D9%84-%D8%A3%D9%8A-%D8%AA%D8%B5%D9%85%D9%8A%D9%85-%D9%84%D9%88%D8%A7%D8%AC%D9%87%D8%A7%D8%AA-%D8%A8%D8%B1%D9%85%D8%AC%D9%8A%D8%A9-%D8%A8%D8%A3%D8%B3%D8%AA%D8%AE%D8%AF%D8%A7%D9%85-flutter
403 Forbidden,Non trouvé,Non trouvé,Non trouvé,Aucun avis,Inconnu,Inconnu,Aucun tag,https://khamsat.com/programming/api-integrations/3726154-%D8%A5%D9%86%D8%B4%D8%A7%D8%A1-api-%D8%A7%D8%AD%D8%AA%D8%B1%D8%A7%D9%81%D9%8A-%D9%88%D8%A2%D9%85%D9%86-%D9%84%D8%B1%D8%A8%D8%B7-%D9%85%D9%88%D9%82%D8%B9%D9%83-%D8%A3%D9%88-%D8%AA%D8%B7%D8%A8%D9%8A%D9%82%D9%83-%D8%A8%D9%82%D8%A7%D8%B9%D8%AF%D8%A9-%D8%A8%D9%8A%D8%A7%D9%86%D8%A7%D8%AA
403 Forbidden,Non trouvé,Non trouvé,Non trouvé,Aucun avis,Inconnu,Inconnu,Aucun tag,https://khamsat.com/programming/python-programming/3119374-%D8%A8%D8%B1%D9%85%D8%AC%D8%A9-%D9%88%D8%A3%D8%AA%D9%85%D8%AA%D8%A9-%D8%A7%D9%84%D9%85%D9%87%D8%A7%D9%85-%D8%A8%D9%84%D8%BA%D8%A9-python
403 Forbidden,Non trouvé,Non trouvé,Non trouvé,Aucun avis,Inconnu,Inconnu,Aucun tag,https://khamsat.com/programming/custom-website-development/3240342-%D8%AA%D8%B5%D9%85%D9%8A%D9%85-%D9%88%D8%A8%D8%B1%D9%85%D8%AC%D8%A9-%D9%85%D9%88%D9%82%D8%B9-%D8%A8%D9%84%D8%BA%D8%A9-html-css-js-%D8%A8%D8%AC%D9%88%D8%AF%D8%A9-%D9%88%D8%A7%D8%AD%D8%AA%D8%B1%D8%A7%D9%81%D9%8A%D8%A9-%D8%B9%D8%A7%D9%84%D9%8A%D8%A9
403 Forbidden,Non trouvé,Non trouvé,Non trouvé,Aucun avis,Inconnu,Inconnu,Aucun tag,https://khamsat.com/programming/full-app-creation/3898431-%D8%A8%D8%B1%D9%85%D8%AC%D8%A9-%D8%B4%D8%A7%D8%B4%D8%A9-ios-%D9%88%D8%A7%D8%AD%D8%AF%D8%A9-%D8%A8%D9%80-swiftui-uikit-%D8%A8%D8%B4%D9%83%D9%84-%D8%A7%D8%AD%D8%AA%D8%B1%D8%A7%D9%81%D9%8A
403 Forbidden,Non trouvé,Non trouvé,Non trouvé,Aucun avis,Inconnu,Inconnu,Aucun tag,https://khamsat.com/programming/python-programming/3429094-%D8%A5%D9%86%D8%B4%D8%A7%D8%A1-%D8%B3%D9%83%D8%B1%D9%8A%D8%A8%D8%AA-python-%D9%85%D8%AE%D8%B5%D8%B5-%D9%84%D9%85%D9%87%D8%A7%D9%85-%D8%A8%D8%B3%D9%8A%D8%B7%D8%A9-%D8%A3%D9%88-%D8%AC%D9%85%D8%B9-%D8%A8%D9%8A%D8%A7%D9%86%D8%A7%D8%AA
403 Forbidden,Non trouvé,Non trouvé,Non trouvé,Aucun avis,Inconnu,Inconnu,Aucun tag,https://khamsat.com/programming/api-integrations/2134865-%D8%A7%D9%86%D8%B4%D8%A7%D8%A1-restfullapi-node.js-express-mongnodb
403 Forbidden,Non trouvé,Non trouvé,Non trouvé,Aucun avis,Inconnu,Inconnu,Aucun tag,https://khamsat.com/programming/custom-website-development/2423131-%D8%A5%D9%86%D8%B4%D8%A7%D8%A1-%D9%88%D8%A7%D8%AC%D9%87%D8%A7%D8%AA-ux-ui-%D8%B3%D9%87%D9%84%D8%A9-%D8%A7%D9%84%D8%A7%D8%B3%D8%AA%D8%AE%D8%AF%D8%A7%D9%85-%D9%84%D8%AC%D9%85%D9%8A%D8%B9-%D8%A7%D9%84%D9%85%D9%86%D8%B5%D8%A7%D8%AA
403 Forbidden,Non trouvé,Non trouvé,Non trouvé,Aucun avis,Inconnu,Inconnu,Aucun tag,https://khamsat.com/programming/full-app-creation/3883533-%D8%B9%D9%85%D9%84-%D8%AA%D8%B7%D8%A8%D9%8A%D9%82-%D8%A5%D8%B3%D9%84%D8%A7%D9%85%D9%8A-%D8%A7%D8%AD%D8%AA%D8%B1%D8%A7%D9%81%D9%8A-%D8%A8%D8%A7%D8%B3%D8%AA%D8%AE%D8%AF%D8%A7%D9%85-flutter
403 Forbidden,Non trouvé,Non trouvé,Non trouvé,Aucun avis,Inconnu,Inconnu,Aucun tag,https://khamsat.com/programming/api-integrations/3675838-%D8%A8%D8%B1%D9%85%D8%AC%D8%A9-%D8%A7%D9%84%D8%AA%D8%B7%D8%A8%D9%8A%D9%82%D8%A7%D8%AA-%D8%A8%D8%A7%D8%B3%D8%AA%D8%AE%D8%AF%D8%A7%D9%85-%D8%AF%D9%88%D8%AA-%D9%86%D8%AA
403 Forbidden,Non trouvé,Non trouvé,Non trouvé,Aucun avis,Inconnu,Inconnu,Aucun tag,https://khamsat.com/programming/python-programming/3087787-%D8%A8%D8%B1%D9%85%D8%AC%D8%A9-%D8%AA%D8%B7%D8%A8%D9%8A%D9%82-%D9%88%D9%8A%D8%A8-%D8%A8%D8%A7%D9%8A%D8%AB%D9%88%D9%86-django-flask
403 Forbidden,Non trouvé,Non trouvé,Non trouvé,Aucun avis,Inconnu,Inconnu,Aucun tag,https://khamsat.com/programming/custom-website-development/2157723-%D8%AA%D8%B5%D9%85%D9%8A%D9%85-%D8%B5%D9%81%D8%AD%D8%A9-%D9%88%D9%8A%D8%A8-%D8%A8%D8%A7%D8%B3%D8%AA%D8%AE%D8%AF%D8%A7%D9%85-html-%D9%88-css
403 Forbidden,Non trouvé,Non trouvé,Non trouvé,Aucun avis,Inconnu,Inconnu,Aucun tag,https://khamsat.com/programming/full-app-creation/2357581-%D8%A7%D9%86%D8%B4%D8%A7%D8%A1-%D8%AA%D8%B7%D8%A8%D9%8A%D9%82-flutter-%D8%A7%D8%AD%D8%AA%D8%B1%D8%A7%D9%81%D9%8A
403 Forbidden,Non trouvé,Non trouvé,Non trouvé,Aucun avis,Inconnu,Inconnu,Aucun tag,https://khamsat.com/programming/python-programming/1941399-%D9%83%D9%83%D8%AA%D8%A7%D8%A8%D8%A9-%D8%B3%D9%83%D8%B1%D9%8A%D8%A8%D8%AA-%D9%8A%D9%82%D9%88%D9%85-%D8%A8%D8%B9%D9%85%D9%84%D9%8A%D8%A7%D8%AA-%D8%A7%D9%84%D9%86%D8%B3%D8%AE-%D9%88-%D8%A7%D9%84%D9%84%D8%B5%D9%82-%D8%A8%D8%AF%D9%84%D8%A7-%D9%85%D9%86%D9%83
403 Forbidden,Non trouvé,Non trouvé,Non trouvé,Aucun avis,Inconnu,Inconnu,Aucun tag,https://khamsat.com/programming/api-integrations/3729421-%D8%A8%D8%B1%D9%85%D8%AC%D8%A9-%D9%88%D8%A7%D8%AC%D9%87%D8%A7%D8%AA-%D8%A8%D8%B1%D9%85%D8%AC%D9%8A%D8%A9-api-%D8%B3%D8%B1%D9%8A%D8%B9%D8%A9-%D9%88%D8%A2%D9%85%D9%86%D8%A9-node.js
403 Forbidden,Non trouvé,Non trouvé,Non trouvé,Aucun avis,Inconnu,Inconnu,Aucun tag,https://khamsat.com/programming/custom-website-development/2596024-%D8%AA%D8%B5%D9%85%D9%8A%D9%85-%D8%B5%D9%81%D8%AD%D9%87-%D9%85%D9%88%D9%82%D8%B9-%D9%88%D8%AA%D9%86%D9%81%D9%8A%D8%B0%D9%87%D8%A7-%D8%A8%D8%A7%D8%B3%D8%AA%D8%AE%D8%AF%D8%A7%D9%85-figmahtml5css3-js
403 Forbidden,Non trouvé,Non trouvé,Non trouvé,Aucun avis,Inconnu,Inconnu,Aucun tag,https://khamsat.com/programming/full-app-creation/2621678-%D8%AA%D8%B7%D9%88%D9%8A%D8%B1-%D8%AA%D8%B7%D8%A8%D9%8A%D9%82%D8%A7%D8%AA-%D8%A7%D8%AD%D8%AA%D8%B1%D8%A7%D9%81%D9%8A%D8%A9-%D8%A8-powerapps-%D9%88powerautomate-%D9%88-powerbi
403 Forbidden,Non trouvé,Non trouvé,Non trouvé,Aucun avis,Inconnu,Inconnu,Aucun tag,https://khamsat.com/programming/python-programming/2505592-%D8%A8%D8%B1%D9%85%D8%AC%D8%A9-%D9%85%D8%B4%D8%A7%D8%B1%D9%8A%D8%B9-%D8%A8%D8%B3%D9%8A%D8%B7%D8%A9-%D8%A8%D9%84%D8%BA%D8%A9-java-python-c
403 Forbidden,Non trouvé,Non trouvé,Non trouvé,Aucun avis,Inconnu,Inconnu,Aucun tag,https://khamsat.com/programming/api-integrations/3559935-%D8%A8%D8%B1%D9%85%D8%AC%D8%A9-backend-%D8%A8%D8%A7%D8%B3%D8%AA%D8%AE%D8%AF%D8%A7%D9%85-node.js-%D9%88express-%D9%88mongodb-%D9%84%D9%85%D9%88%D9%82%D8%B9%D9%83
403 Forbidden,Non trouvé,Non trouvé,Non trouvé,Aucun avis,Inconnu,Inconnu,Aucun tag,https://khamsat.com/programming/custom-website-development/2416915-%D8%AA%D8%B5%D9%85%D9%8A%D9%85-%D8%B5%D9%81%D8%AD%D8%A7%D8%AA-%D9%88%D9%8A%D8%A8-front_end
403 Forbidden,Non trouvé,Non trouvé,Non trouvé,Aucun avis,Inconnu,Inconnu,Aucun tag,https://khamsat.com/programming/full-app-creation/3722808-%D8%A8%D8%B1%D9%85%D8%AC%D8%A9-%D8%AA%D8%B7%D8%A8%D9%8A%D9%82%D8%A7%D8%AA-%D9%85%D9%88%D8%A8%D8%A7%D9%8A%D9%84-%D8%A8%D8%A7%D8%B3%D8%AA%D8%AE%D8%AF%D8%A7%D9%85-react-native
403 Forbidden,Non trouvé,Non trouvé,Non trouvé,Aucun avis,Inconnu,Inconnu,Aucun tag,https://khamsat.com/programming/python-programming/2540354-%D8%AA%D8%AB%D8%A8%D9%8A%D8%AA-autogpt-%D8%B9%D9%84%D9%8A-%D8%A7%D9%84%D9%83%D9%88%D9%85%D8%A8%D9%8A%D9%88%D8%AA%D8%B1-%D8%A7%D9%84%D9%85%D8%A7%D9%83-%D8%A7%D9%88-%D8%A7%D9%84%D9%88%D9%8A%D9%86%D8%AF%D9%88%D8%B2
403 Forbidden,Non trouvé,Non trouvé,Non trouvé,Aucun avis,Inconnu,Inconnu,Aucun tag,https://khamsat.com/programming/api-integrations/2780496-%D8%AE%D8%AF%D9%85%D8%A9-whatsapp-api-%D9%88%D8%A7%D8%AC%D9%87%D8%A9-%D8%A8%D8%B1%D9%85%D8%AC%D9%8A%D8%A9-%D8%B3%D9%87%D9%84%D8%A9-%D9%84%D8%A7%D8%B1%D8%B3%D8%A7%D9%84-%D8%B1%D8%B3%D8%A7%D8%A6%D9%84-%D9%88%D8%A7%D8%AA%D8%B3%D8%A7%D8%A8
403 Forbidden,Non trouvé,Non trouvé,Non trouvé,Aucun avis,Inconnu,Inconnu,Aucun tag,https://khamsat.com/programming/custom-website-development/2780713-%D8%AA%D8%B5%D9%85%D9%8A%D9%85-%D9%88%D8%A5%D9%86%D8%B4%D8%A7%D8%A1-%D9%85%D9%88%D9%82%D8%B9-%D8%A5%D9%84%D9%83%D8%AA%D8%B1%D9%88%D9%86%D9%8A-%D9%85%D9%86-%D8%A7%D9%84%D8%B5%D9%81%D8%B1-%D8%AD%D8%AA%D9%89-%D8%AA%D8%B5%D8%AF%D8%B1-%D9%85%D8%AD%D8%B1%D9%83%D8%A7%D8%AA-%D8%A7%D9%84%D8%A8%D8%AD%D8%AB
403 Forbidden,Non trouvé,Non trouvé,Non trouvé,Aucun avis,Inconnu,Inconnu,Aucun tag,https://khamsat.com/programming/full-app-creation/3709199-%D8%AA%D8%B7%D8%A8%D9%8A%D9%82-ecommerce-%D8%A8%D9%88%D8%A7%D8%B3%D8%B7%D8%A9-flutter-%D9%84-android-ios
403 Forbidden,Non trouvé,Non trouvé,Non trouvé,Aucun avis,Inconnu,Inconnu,Aucun tag,https://khamsat.com/programming/python-programming/2460279-%D8%A5%D9%86%D8%B4%D8%A7%D8%A1-%D8%B3%D9%83%D8%B1%D9%8A%D8%A8%D8%AA-%D8%A8%D9%84%D8%BA%D8%A9-python-%D9%85%D8%AE%D8%B5%D8%B5-%D9%84%D8%AA%D9%86%D9%81%D9%8A%D8%AF-%D8%A7%D9%84%D9%85%D9%87%D8%A7%D9%85
403 Forbidden,Non trouvé,Non trouvé,Non trouvé,Aucun avis,Inconnu,Inconnu,Aucun tag,https://khamsat.com/programming/api-integrations/3604669-%D8%A5%D9%86%D8%B4%D8%A7%D8%A1-rest-api-%D8%A7%D8%AD%D8%AA%D8%B1%D8%A7%D9%81%D9%8A%D8%A9-%D9%84%D9%84%D8%B1%D8%A8%D8%B7-%D9%85%D8%B9-%D8%AA%D8%B7%D8%A8%D9%8A%D9%82%D8%A7%D8%AA-%D8%A7%D9%84%D9%85%D9%88%D8%A8%D8%A7%D9%8A%D9%84-%D8%A3%D9%88-%D8%A7%D9%84%D9%88%D9%8A%D8%A8
403 Forbidden,Non trouvé,Non trouvé,Non trouvé,Aucun avis,Inconnu,Inconnu,Aucun tag,https://khamsat.com/programming/custom-website-development/3044681-%D8%AA%D8%B5%D9%85%D9%8A%D9%85-%D9%88%D8%AA%D8%B7%D9%88%D9%8A%D8%B1-%D9%85%D9%88%D9%82%D8%B9-%D8%B9%D9%82%D8%A7%D8%B1%D9%8A-%D9%85%D9%85%D9%8A%D8%B2
403 Forbidden,Non trouvé,Non trouvé,Non trouvé,Aucun avis,Inconnu,Inconnu,Aucun tag,https://khamsat.com/programming/full-app-creation/3141322-%D8%AA%D8%AD%D9%88%D9%8A%D9%84-%D8%A7%D9%8A-%D8%AA%D8%B5%D9%85%D9%8A%D9%85-%D8%A5%D9%84%D9%89-%D8%AA%D8%B7%D8%A8%D9%8A%D9%82-flutter
403 Forbidden,Non trouvé,Non trouvé,Non trouvé,Aucun avis,Inconnu,Inconnu,Aucun tag,https://khamsat.com/programming/api-integrations/2795457-%D8%A8%D8%B1%D9%85%D8%AC%D8%A9-restful-api-%D8%A8%D8%A7%D8%B3%D8%AA%D8%AE%D8%AF%D8%A7%D9%85-node.js
403 Forbidden,Non trouvé,Non trouvé,Non trouvé,Aucun avis,Inconnu,Inconnu,Aucun tag,https://khamsat.com/programming/python-programming/3594553-%D9%83%D8%AA%D8%A7%D8%A8%D8%A9-%D9%88%D8%AA%D8%B9%D8%AF%D9%8A%D9%84-%D8%A7%D9%83%D9%88%D8%A7%D8%AF-%D8%A8%D8%B1%D9%85%D8%AC%D9%8A%D8%A9-%D8%A8%D9%83%D9%81%D8%A7%D8%A1%D8%A9-%D9%88%D8%AD%D9%84-%D9%85%D8%B3%D8%A7%D8%A6%D9%84-python
403 Forbidden,Non trouvé,Non trouvé,Non trouvé,Aucun avis,Inconnu,Inconnu,Aucun tag,https://khamsat.com/programming/custom-website-development/2758841-%D8%A5%D9%86%D8%B4%D8%A7%D8%A1-%D9%85%D9%88%D9%82%D8%B9%D9%83-%D8%A7%D9%84%D8%A5%D9%84%D9%83%D8%AA%D8%B1%D9%88%D9%86%D9%8A-%D8%A7%D9%84%D8%A5%D8%AD%D8%AA%D8%B1%D8%A7%D9%81%D9%8A-%D9%88-%D8%A7%D9%84%D9%85%D8%AA%D9%85%D9%8A%D8%B2-%D8%B9%D9%84%D9%89-%D9%85%D9%86%D8%B5%D8%A9-wix
403 Forbidden,Non trouvé,Non trouvé,Non trouvé,Aucun avis,Inconnu,Inconnu,Aucun tag,https://khamsat.com/programming/full-app-creation/3736031-%D8%A8%D8%B1%D9%85%D8%AC%D8%A9-%D9%88-%D8%AA%D8%B7%D9%88%D9%8A%D8%B1-%D8%AA%D8%B7%D8%A8%D9%8A%D9%82%D8%A7%D8%AA-%D8%A7%D9%84%D8%A3%D9%86%D8%AF%D8%B1%D9%88%D9%8A%D8%AF
403 Forbidden,Non trouvé,Non trouvé,Non trouvé,Aucun avis,Inconnu,Inconnu,Aucun tag,https://khamsat.com/programming/api-integrations/3683818-%D8%AA%D8%B7%D9%88%D9%8A%D8%B1backend%D9%85%D8%AA%D9%83%D8%A7%D9%85%D9%84-%D9%85%D8%B9-%D8%AA%D8%B3%D8%AC%D9%8A%D9%84-%D8%AF%D8%AE%D9%88%D9%84-%D9%88%D8%B5%D9%84%D8%A7%D8%AD%D9%8A%D8%A7%D8%AA-%D9%88%D9%84%D9%88%D8%AD%D8%A9-%D8%AA%D8%AD%D9%83%D9%85-%D8%A7%D8%AD%D8%AA%D8%B1%D8%A7%D9%81%D9%8A%D8%A9
403 Forbidden,Non trouvé,Non trouvé,Non trouvé,Aucun avis,Inconnu,Inconnu,Aucun tag,https://khamsat.com/programming/python-programming/3861084-%D8%B3%D8%A3%D8%B5%D9%85%D9%85-%D9%84%D9%83-%D9%82%D8%A7%D8%B9%D8%AF%D8%A9-%D8%A8%D9%8A%D8%A7%D9%86%D8%A7%D8%AA-%D8%A7%D8%AD%D8%AA%D8%B1%D8%A7%D9%81%D9%8A%D8%A9-database-%D8%A8%D8%A7%D8%B3%D8%AA%D8%AE%D8%AF%D8%A7%D9%85-mysql
403 Forbidden,Non trouvé,Non trouvé,Non trouvé,Aucun avis,Inconnu,Inconnu,Aucun tag,https://khamsat.com/programming/custom-website-development/2996840-%D8%AA%D8%B5%D9%85%D9%8A%D9%85-%D9%85%D9%88%D8%A7%D9%82%D8%B9-html5-css3-javascript
403 Forbidden,Non trouvé,Non trouvé,Non trouvé,Aucun avis,Inconnu,Inconnu,Aucun tag,https://khamsat.com/programming/full-app-creation/3918160-%D8%AA%D8%B7%D9%88%D9%8A%D8%B1-%D8%AA%D8%B7%D8%A8%D9%8A%D9%82%D8%A7%D8%AA-android-%D8%A8%D8%A7%D8%B3%D8%AA%D8%AE%D8%AF%D8%A7%D9%85-flutter
403 Forbidden,Non trouvé,Non trouvé,Non trouvé,Aucun avis,Inconnu,Inconnu,Aucun tag,https://khamsat.com/programming/api-integrations/3710600-%D8%AA%D8%B7%D9%88%D9%8A%D8%B1-%D8%A8%D8%A7%D9%83-%D8%A5%D9%86%D8%AF-%D8%A7%D8%AD%D8%AA%D8%B1%D8%A7%D9%81%D9%8A-%D8%A8%D8%A7%D8%B3%D8%AA%D8%AE%D8%AF%D8%A7%D9%85-django-%D9%88-django-rest-framewor
403 Forbidden,Non trouvé,Non trouvé,Non trouvé,Aucun avis,Inconnu,Inconnu,Aucun tag,https://khamsat.com/programming/python-programming/3794830-%D9%83%D8%AA%D8%A7%D8%A8%D8%A9-%D8%B3%D9%83%D8%B1%D9%8A%D8%A8%D8%AA%D8%A7%D8%AA-python-%D9%84%D8%AD%D9%84-%D9%85%D8%B3%D8%A7%D8%A6%D9%84-%D8%A8%D8%B1%D9%85%D8%AC%D9%8A%D8%A9
403 Forbidden,Non trouvé,Non trouvé,Non trouvé,Aucun avis,Inconnu,Inconnu,Aucun tag,https://khamsat.com/programming/custom-website-development/2060529-%D8%A8%D8%B1%D9%85%D8%AC%D8%A9-%D9%85%D9%88%D8%A7%D9%82%D8%B9-%D8%A7%D9%84%D9%88%D9%8A%D8%A8-%D8%A8%D8%A7%D8%B3%D8%AA%D8%AE%D8%AF%D8%A7%D9%85-python-django-djangoapi-mysql
403 Forbidden,Non trouvé,Non trouvé,Non trouvé,Aucun avis,Inconnu,Inconnu,Aucun tag,https://khamsat.com/programming/full-app-creation/3856292-%D8%A5%D8%B9%D8%AF%D8%A7%D8%AF-%D9%88%D8%AA%D8%AD%D9%84%D9%8A%D9%84-%D9%85%D8%AA%D9%83%D8%A7%D9%85%D9%84-%D9%84%D9%85%D8%B3%D8%AA%D9%86%D8%AF%D8%A7%D8%AA-srs-%D9%88brd-%D9%88frd-%D8%A8%D8%B4%D9%83%D9%84-%D8%A7%D8%AD%D8%AA%D8%B1%D8%A7%D9%81%D9%8A
403 Forbidden,Non trouvé,Non trouvé,Non trouvé,Aucun avis,Inconnu,Inconnu,Aucun tag,https://khamsat.com/programming/python-programming/3714866-%D8%A5%D9%86%D8%B4%D8%A7%D8%A1-%D8%A8%D8%B1%D9%86%D8%A7%D9%85%D8%AC-%D9%84%D8%A5%D8%AF%D8%A7%D8%B1%D8%A9-%D8%A7%D9%84%D9%85%D9%87%D8%A7%D9%85-%D8%A3%D9%88-%D8%A7%D9%84%D8%A8%D9%8A%D8%A7%D9%86%D8%A7%D8%AA-%D8%A8%D8%A7%D8%B3%D8%AA%D8%AE%D8%AF%D8%A7%D9%85-python
403 Forbidden,Non trouvé,Non trouvé,Non trouvé,Aucun avis,Inconnu,Inconnu,Aucun tag,https://khamsat.com/programming/api-integrations/3882963-%D8%AA%D8%B7%D9%88%D9%8A%D8%B1-api-%D8%A7%D8%AD%D8%AA%D8%B1%D8%A7%D9%81%D9%8A%D8%A9-%D8%A8%D8%A7%D8%B3%D8%AA%D8%AE%D8%AF%D8%A7%D9%85-asp.net-core-%D9%85%D8%B9-%D9%82%D9%88%D8%A7%D8%B9%D8%AF-%D8%A8%D9%8A%D8%A7%D9%86%D8%A7%D8%AA-sql
403 Forbidden,Non trouvé,Non trouvé,Non trouvé,Aucun avis,Inconnu,Inconnu,Aucun tag,https://khamsat.com/programming/custom-website-development/2941978-%D8%A5%D9%86%D8%B4%D8%A7%D8%A1-%D9%85%D9%88%D9%82%D8%B9-%D9%88%D8%B1%D8%AF%D8%A8%D8%B1%D9%8A%D8%B3-%D8%A8%D8%B4%D9%83%D9%84-%D8%AC%D8%B0%D8%A7%D8%A8-%D9%88%D8%A7%D8%AD%D8%AA%D8%B1%D8%A7%D9%81%D9%8A
403 Forbidden,Non trouvé,Non trouvé,Non trouvé,Aucun avis,Inconnu,Inconnu,Aucun tag,https://khamsat.com/programming/full-app-creation/3481469-%D8%B3%D8%A3%D9%82%D9%88%D9%85-%D8%A8%D8%A8%D8%B1%D9%85%D8%AC%D8%A9-%D8%AA%D8%B7%D8%A8%D9%8A%D9%82-flutter-%D8%A7%D8%AD%D8%AA%D8%B1%D8%A7%D9%81%D9%8A-%D9%85%D8%AE%D8%B5%D8%B5-%D8%AD%D8%B3%D8%A8-%D8%B7%D9%84%D8%A8%D9%83-%D9%85%D8%B9-%D9%84%D9%88%D8%AD%D8%A9-%D8%AA%D8%AD%D9%83
403 Forbidden,Non trouvé,Non trouvé,Non trouvé,Aucun avis,Inconnu,Inconnu,Aucun tag,https://khamsat.com/programming/api-integrations/3254032-%D8%B1%D8%A8%D8%B7-%D8%AA%D8%B7%D8%A8%D9%8A%D9%82flutter-%D8%A8%D9%82%D8%A7%D8%B9%D8%AF%D8%A9-%D8%A8%D9%8A%D8%A7%D9%86%D8%A7%D8%AA-firebase-%D8%A3%D9%88-api-%D8%AE%D8%A7%D8%B1%D8%AC%D9%8A
403 Forbidden,Non trouvé,Non trouvé,Non trouvé,Aucun avis,Inconnu,Inconnu,Aucun tag,https://khamsat.com/programming/python-programming/3532895-%D8%AA%D9%86%D8%B8%D9%8A%D9%81-%D9%85%D9%84%D9%81%D8%A7%D8%AA-csv-%D9%88excel-%D8%B9%D9%86-%D8%B7%D8%B1%D9%8A%D9%82-python-%D9%88pandas
403 Forbidden,Non trouvé,Non trouvé,Non trouvé,Aucun avis,Inconnu,Inconnu,Aucun tag,https://khamsat.com/programming/custom-website-development/2939536-%D8%AA%D8%B5%D9%85%D9%8A%D9%85-%D9%85%D9%88%D8%A7%D9%82%D8%B9-%D9%85%D8%AA%D8%AC%D8%A7%D9%88%D8%A8%D8%A9-%D8%A8%D8%A7%D8%B3%D8%AA%D8%AE%D8%AF%D8%A7%D9%85-html-cssjs
403 Forbidden,Non trouvé,Non trouvé,Non trouvé,Aucun avis,Inconnu,Inconnu,Aucun tag,https://khamsat.com/programming/full-app-creation/3768518-%D8%AA%D8%B5%D9%85%D9%8A%D9%85-%D9%88%D8%AA%D8%B7%D9%88%D9%8A%D8%B1-%D8%AA%D8%B7%D8%A8%D9%8A%D9%82%D8%A7%D8%AA-%D8%A7%D9%84%D8%A3%D9%86%D8%AF%D8%B1%D9%88%D9%8A%D8%AF
403 Forbidden,Non trouvé,Non trouvé,Non trouvé,Aucun avis,Inconnu,Inconnu,Aucun tag,https://khamsat.com/programming/python-programming/2570986-%D8%B9%D9%85%D9%84-%D9%88%D8%B6%D8%B9-%D8%A7%D9%84%D8%B9%D9%84%D8%A7%D9%85%D8%A7%D8%AA-%D9%84%D9%84%D8%B5%D9%88%D8%B1-%D8%B3%D9%88%D8%A7%D8%A1-%D9%83%D8%A7%D9%86%D8%AA-%D8%AA%D8%AC%D8%B2%D8%A6%D8%A9-%D8%A3%D9%88-%D9%85%D8%B1%D8%A8%D8%B9-%D8%A5%D8%AD%D8%A7%D8%B7%D8%A9
403 Forbidden,Non trouvé,Non trouvé,Non trouvé,Aucun avis,Inconnu,Inconnu,Aucun tag,https://khamsat.com/programming/api-integrations/3803869-%D8%A5%D9%86%D8%B4%D8%A7%D8%A1-%D9%88%D8%A7%D8%AC%D9%87%D8%A7%D8%AA-api-%D8%A7%D8%AD%D8%AA%D8%B1%D8%A7%D9%81%D9%8A%D8%A9-%D8%A8%D8%A7%D8%B3%D8%AA%D8%AE%D8%AF%D8%A7%D9%85-.net-core
