Titre,Vendeur,Acheteurs,Notes,Date Dernier Avis,Catégorie,Sous-Catégorie,Mots Clés,Lien
سوف أقوم بإضافة متجرك على خرائط جوجل,فيصل ب.,2,3,منذ 3 سنوات و3 أشهر,تسويق رقمي,تحسين محركات البحث,"جوجل, خرائط, التجاري, الملف, googlemaps",https://khamsat.com/marketing/local-seo/2182801-%D8%B3%D9%88%D9%81-%D8%A3%D9%82%D9%88%D9%85-%D8%A8%D8%A5%D8%B6%D8%A7%D9%81%D8%A9-%D9%85%D8%AA%D8%AC%D8%B1%D9%83-%D8%B9%D9%84%D9%89-%D8%AE%D8%B1%D8%A7%D8%A6%D8%B7-%D8%AC%D9%88%D8%AC%D9%84
إضافة نشاطك التجاري وتوثيقة على خرائط جوجل ماب,.Mahmoud A,0,0,Aucun avis,تسويق رقمي,تحسين محركات البحث,جوجلخرائطmapتوثيقgoogle,https://khamsat.com/marketing/local-seo/2952836-%D8%A5%D8%B6%D8%A7%D9%81%D8%A9-%D9%86%D8%B4%D8%A7%D8%B7%D9%83-%D8%A7%D9%84%D8%AA%D8%AC%D8%A7%D8%B1%D9%8A-%D9%88%D8%AA%D9%88%D8%AB%D9%8A%D9%82%D8%A9-%D8%B9%D9%84%D9%89-%D8%AE%D8%B1%D8%A7%D8%A6%D8%B7-%D8%AC%D9%88%D8%AC%D9%84-%D9%85%D8%A7%D8%A8
سأقوم بتحسين السيو التقني لموقعك لرفع ترتيبه وأدائه في جوجل,.Mohamed K,0,0,Aucun avis,تسويق رقمي,تحسين محركات البحث,"سرعة الموقع, schema, technical seo, seo تقني, فهرسة الموقع",https://khamsat.com/marketing/seo-audit/3837192-%D8%B3%D8%A3%D9%82%D9%88%D9%85-%D8%A8%D8%AA%D8%AD%D8%B3%D9%8A%D9%86-%D8%A7%D9%84%D8%B3%D9%8A%D9%88-%D8%A7%D9%84%D8%AA%D9%82%D9%86%D9%8A-%D9%84%D9%85%D9%88%D9%82%D8%B9%D9%83-%D9%84%D8%B1%D9%81%D8%B9-%D8%AA%D8%B1%D8%AA%D9%8A%D8%A8%D9%87-%D9%88%D8%A3%D8%AF%D8%A7%D8%A6%D9%87-%D9%81%D9%8A-%D8%AC%D9%88%D8%AC%D9%84
نشر مقالاتك على الووردبريس أو البلوجر مع ضبط السيو,هبة س.,1,1,منذ سنتين و7 أشهر,تسويق رقمي,تحسين محركات البحث,"ووردبريس, مواقع, مقالات, seo, سيو, المقالات, السيو, معايير, تحسين السيو",https://khamsat.com/marketing/ecommerce-seo/2775825-%D9%86%D8%B4%D8%B1-%D9%85%D9%82%D8%A7%D9%84%D8%A7%D8%AA%D9%83-%D8%B9%D9%84%D9%89-%D8%A7%D9%84%D9%88%D9%88%D8%B1%D8%AF%D8%A8%D8%B1%D9%8A%D8%B3-%D8%A3%D9%88-%D8%A7%D9%84%D8%A8%D9%84%D9%88%D8%AC%D8%B1-%D9%85%D8%B9-%D8%B6%D8%A8%D8%B7-%D8%A7%D9%84%D8%B3%D9%8A%D9%88
تحليل المواقع والمواقع المنافسة وكشف الثغرات في الموقع,دالين م.,0,0,Aucun avis,تسويق رقمي,تحسين محركات البحث,"مواقع, تحليل مواقع, تحسين السيو, تحليل seo, المواقع المنافسة",https://khamsat.com/marketing/seo-audit/2710392-%D8%AA%D8%AD%D9%84%D9%8A%D9%84-%D8%A7%D9%84%D9%85%D9%88%D8%A7%D9%82%D8%B9-%D9%88%D8%A7%D9%84%D9%85%D9%88%D8%A7%D9%82%D8%B9-%D8%A7%D9%84%D9%85%D9%86%D8%A7%D9%81%D8%B3%D8%A9-%D9%88%D9%83%D8%B4%D9%81-%D8%A7%D9%84%D8%AB%D8%BA%D8%B1%D8%A7%D8%AA-%D9%81%D9%8A-%D8%A7%D9%84%D9%85%D9%88%D9%82%D8%B9
جيست بوست في موقع تجميلي نسائي دوفلو لتقوية موقعك,.Eslam M,1,0,Aucun avis,تسويق رقمي,تحسين محركات البحث,"اعلان, ارشفة, باك لينك, backlink, جيست بوست",https://khamsat.com/marketing/guest-posts/2587956-%D8%AC%D9%8A%D8%B3%D8%AA-%D8%A8%D9%88%D8%B3%D8%AA-%D9%81%D9%8A-%D9%85%D9%88%D9%82%D8%B9-%D8%AA%D8%AC%D9%85%D9%8A%D9%84%D9%8A-%D9%86%D8%B3%D8%A7%D8%A6%D9%8A-%D8%AF%D9%88%D9%81%D9%84%D9%88-%D9%84%D8%AA%D9%82%D9%88%D9%8A%D8%A9-%D9%85%D9%88%D9%82%D8%B9%D9%83
ضع نشاطك التجاري على خرائط Google واجذب عملاء أكثر!,سليمان ا.,0,1,منذ 8 أشهر و27 يوم,تسويق رقمي,تحسين محركات البحث,"تسويق الكتروني, خرائط, نشاطك, تحسين السيو, نشاطك التجاري",https://khamsat.com/marketing/local-seo/3762511-%D8%B6%D8%B9-%D9%86%D8%B4%D8%A7%D8%B7%D9%83-%D8%A7%D9%84%D8%AA%D8%AC%D8%A7%D8%B1%D9%8A-%D8%B9%D9%84%D9%89-%D8%AE%D8%B1%D8%A7%D8%A6%D8%B7-google-%D9%88%D8%A7%D8%AC%D8%B0%D8%A8-%D8%B9%D9%85%D9%84%D8%A7%D8%A1-%D8%A3%D9%83%D8%AB%D8%B1
عمل تحليل سيو شامل لموقعك لتحسين ترتيبه في محركات البحث,.Mennatallah R,0,0,Aucun avis,تسويق رقمي,تحسين محركات البحث,"تحليل, سيو, تحسين محركات البحث, تصدر نتائج البحث, تحسين السيو",https://khamsat.com/marketing/seo-audit/3284718-%D8%B9%D9%85%D9%84-%D8%AA%D8%AD%D9%84%D9%8A%D9%84-%D8%B3%D9%8A%D9%88-%D8%B4%D8%A7%D9%85%D9%84-%D9%84%D9%85%D9%88%D9%82%D8%B9%D9%83-%D9%84%D8%AA%D8%AD%D8%B3%D9%8A%D9%86-%D8%AA%D8%B1%D8%AA%D9%8A%D8%A8%D9%87-%D9%81%D9%8A-%D9%85%D8%AD%D8%B1%D9%83%D8%A7%D8%AA-%D8%A7%D9%84%D8%A8%D8%AD%D8%AB
زيادة انتشار موقعك من خلال فهرسة جوجل و قراءة جوجل لي Seo,.Andrew O,0,0,Aucun avis,تسويق رقمي,تحسين محركات البحث,"تسويق, مواقع, seo, سيو, السيو",https://khamsat.com/marketing/seo-services/3071590-%D8%B2%D9%8A%D8%A7%D8%AF%D8%A9-%D8%A7%D9%86%D8%AA%D8%B4%D8%A7%D8%B1-%D9%85%D9%88%D9%82%D8%B9%D9%83-%D9%85%D9%86-%D8%AE%D9%84%D8%A7%D9%84-%D9%81%D9%87%D8%B1%D8%B3%D8%A9-%D8%AC%D9%88%D8%AC%D9%84-%D9%88-%D9%82%D8%B1%D8%A7%D8%A1%D8%A9-%D8%AC%D9%88%D8%AC%D9%84-%D9%84%D9%8A-seo
اداره قناتك علي يوتيوب وتصدر نتائج البحث,رمزي ج.,1,1,منذ 4 سنوات وشهر,تسويق رقمي,تحسين محركات البحث,"حسابات, يوتيوب, youtube, seo, قناة",https://khamsat.com/marketing/youtube-seo/2051800-%D8%A7%D8%AF%D8%A7%D8%B1%D9%87-%D9%82%D9%86%D8%A7%D8%AA%D9%83-%D8%B9%D9%84%D9%8A-%D9%8A%D9%88%D8%AA%D9%8A%D9%88%D8%A8-%D9%88%D8%AA%D8%B5%D8%AF%D8%B1-%D9%86%D8%AA%D8%A7%D8%A6%D8%AC-%D8%A7%D9%84%D8%A8%D8%AD%D8%AB
جيست بوست احترافي في موقع طبي عن الصحة (2 رابط دوفلو),.Eslam M,0,0,Aucun avis,تسويق رقمي,تحسين محركات البحث,"اعلان, seo, سيو, باكلينك, جيست بوست",https://khamsat.com/marketing/guest-posts/2582659-%D8%AC%D9%8A%D8%B3%D8%AA-%D8%A8%D9%88%D8%B3%D8%AA-%D8%A7%D8%AD%D8%AA%D8%B1%D8%A7%D9%81%D9%8A-%D9%81%D9%8A-%D9%85%D9%88%D9%82%D8%B9-%D8%B7%D8%A8%D9%8A-%D8%B9%D9%86-%D8%A7%D9%84%D8%B5%D8%AD%D8%A9-2-%D8%B1%D8%A7%D8%A8%D8%B7-%D8%AF%D9%88%D9%81%D9%84%D9%88
عمل باكلينك احترافي متوافقين مع مجالك في الأسواق الخليجية,.Mennatallah R,0,0,Aucun avis,تسويق رقمي,تحسين محركات البحث,"روابط, ترافيك, سيو, backlink, باكلينك",https://khamsat.com/marketing/backlinks-building/3284417-%D8%B9%D9%85%D9%84-%D8%A8%D8%A7%D9%83%D9%84%D9%8A%D9%86%D9%83-%D8%A7%D8%AD%D8%AA%D8%B1%D8%A7%D9%81%D9%8A-%D9%85%D8%AA%D9%88%D8%A7%D9%81%D9%82%D9%8A%D9%86-%D9%85%D8%B9-%D9%85%D8%AC%D8%A7%D9%84%D9%83-%D9%81%D9%8A-%D8%A7%D9%84%D8%A3%D8%B3%D9%88%D8%A7%D9%82-%D8%A7%D9%84%D8%AE%D9%84%D9%8A%D8%AC%D9%8A%D8%A9
تحسين السيو SEO لكافة الموقع  الالكترونية,سليمان ا.,3,2,منذ 3 سنوات و10 أشهر,تسويق رقمي,تحسين محركات البحث,"wordpress, وردبريس, seo, تحسين, الإلكترونية",https://khamsat.com/marketing/seo-services/2237663-%D8%AA%D8%AD%D8%B3%D9%8A%D9%86-%D8%A7%D9%84%D8%B3%D9%8A%D9%88-seo-%D9%84%D9%83%D8%A7%D9%81%D8%A9-%D8%A7%D9%84%D9%85%D9%88%D9%82%D8%B9-%D8%A7%D9%84%D8%A7%D9%84%D9%83%D8%AA%D8%B1%D9%88%D9%86%D9%8A%D8%A9
اثبات ملكية موقعك واضافته إلى ادوات مشرفي المواقع في جوجل,عمر م.,5,4,منذ سنتين وشهرين,تسويق رقمي,تحسين محركات البحث,"موقع, ووردبريس, اضافة, ارشفة, موقعك, المواقع, إلى, سيو, أدوات, الدومين",https://khamsat.com/marketing/local-seo/1372613-%D8%A7%D8%AB%D8%A8%D8%A7%D8%AA-%D9%85%D9%84%D9%83%D9%8A%D8%A9-%D9%85%D9%88%D9%82%D8%B9%D9%83-%D9%88%D8%A7%D8%B6%D8%A7%D9%81%D8%AA%D9%87-%D8%A5%D9%84%D9%89-%D8%A7%D8%AF%D9%88%D8%A7%D8%AA-%D9%85%D8%B4%D8%B1%D9%81%D9%8A-%D8%A7%D9%84%D9%85%D9%88%D8%A7%D9%82%D8%B9-%D9%81%D9%8A-%D8%AC%D9%88%D8%AC%D9%84
باك لينك دوفولو  من موقع قوي اثروتي 84,.Ahmed M,0,0,Aucun avis,تسويق رقمي,تحسين محركات البحث,"دومين, روابط, رابط, seo, باك, لموقعك, لينك, backlink, باكلينك, باكلينكس",https://khamsat.com/marketing/backlinks-building/2500604-%D8%A8%D8%A7%D9%83-%D9%84%D9%8A%D9%86%D9%83-%D8%AF%D9%88%D9%81%D9%88%D9%84%D9%88-%D9%85%D9%86-%D9%85%D9%88%D9%82%D8%B9-%D9%82%D9%88%D9%8A-%D8%A7%D8%AB%D8%B1%D9%88%D8%AA%D9%8A-84
إعداد تقرير احترافي لتحليل المنافسين ودراسة السوق,.Ahmed S,0,0,Aucun avis,تسويق رقمي,تحسين محركات البحث,"تصميم, سيو, backlink, المنافسين, visualization",https://khamsat.com/marketing/seo-competitor-analysis/3845849-%D8%A5%D8%B9%D8%AF%D8%A7%D8%AF-%D8%AA%D9%82%D8%B1%D9%8A%D8%B1-%D8%A7%D8%AD%D8%AA%D8%B1%D8%A7%D9%81%D9%8A-%D9%84%D8%AA%D8%AD%D9%84%D9%8A%D9%84-%D8%A7%D9%84%D9%85%D9%86%D8%A7%D9%81%D8%B3%D9%8A%D9%86-%D9%88%D8%AF%D8%B1%D8%A7%D8%B3%D8%A9-%D8%A7%D9%84%D8%B3%D9%88%D9%82
إضافة نشاط تجاري خرائط جوجل ماب مع التوثيق وإثبات الملكية,.Mohamed E,0,0,Aucun avis,تسويق رقمي,تحسين محركات البحث,"جوجل, google, خرائط, خرائط جوجل, maps",https://khamsat.com/marketing/local-seo/3112191-%D8%A5%D8%B6%D8%A7%D9%81%D8%A9-%D9%86%D8%B4%D8%A7%D8%B7-%D8%AA%D8%AC%D8%A7%D8%B1%D9%8A-%D8%AE%D8%B1%D8%A7%D8%A6%D8%B7-%D8%AC%D9%88%D8%AC%D9%84-%D9%85%D8%A7%D8%A8-%D9%85%D8%B9-%D8%A7%D9%84%D8%AA%D9%88%D8%AB%D9%8A%D9%82-%D9%88%D8%A5%D8%AB%D8%A8%D8%A7%D8%AA-%D8%A7%D9%84%D9%85%D9%84%D9%83%D9%8A%D8%A9
تحسين سيو مواقع ووردبريس لزيادة الزيارات ورفع الترتيب في جوجل,أحمد ج.,1,1,منذ 7 أشهر ويوم,تسويق رقمي,تحسين محركات البحث,"ووردبريس, seo, تحسين محركات البحث, تصدر نتائج البحث, تحسين السيو",https://khamsat.com/marketing/ecommerce-seo/3914571-%D8%AA%D8%AD%D8%B3%D9%8A%D9%86-%D8%B3%D9%8A%D9%88-%D9%85%D9%88%D8%A7%D9%82%D8%B9-%D9%88%D9%88%D8%B1%D8%AF%D8%A8%D8%B1%D9%8A%D8%B3-%D9%84%D8%B2%D9%8A%D8%A7%D8%AF%D8%A9-%D8%A7%D9%84%D8%B2%D9%8A%D8%A7%D8%B1%D8%A7%D8%AA-%D9%88%D8%B1%D9%81%D8%B9-%D8%A7%D9%84%D8%AA%D8%B1%D8%AA%D9%8A%D8%A8-%D9%81%D9%8A-%D8%AC%D9%88%D8%AC%D9%84
التحليل الشامل لأداء قناة اليوتيوب,.Abdallah B,0,0,Aucun avis,تسويق رقمي,تحسين محركات البحث,"يوتيوب, youtube, seo, سيو, مفتاحية",https://khamsat.com/marketing/youtube-seo/3180755-%D8%A7%D9%84%D8%AA%D8%AD%D9%84%D9%8A%D9%84-%D8%A7%D9%84%D8%B4%D8%A7%D9%85%D9%84-%D9%84%D8%A3%D8%AF%D8%A7%D8%A1-%D9%82%D9%86%D8%A7%D8%A9-%D8%A7%D9%84%D9%8A%D9%88%D8%AA%D9%8A%D9%88%D8%A8
استراتيجيات التسويق الرقمي وتحسين محركات البحث SEO,.Khaled I,0,0,Aucun avis,تسويق رقمي,تحسين محركات البحث,"مواقع, seo, سيو, تحسين محركات البحث, تحسين السيو",https://khamsat.com/marketing/seo-competitor-analysis/3695399-%D8%A7%D8%B3%D8%AA%D8%B1%D8%A7%D8%AA%D9%8A%D8%AC%D9%8A%D8%A7%D8%AA-%D8%A7%D9%84%D8%AA%D8%B3%D9%88%D9%8A%D9%82-%D8%A7%D9%84%D8%B1%D9%82%D9%85%D9%8A-%D9%88%D8%AA%D8%AD%D8%B3%D9%8A%D9%86-%D9%85%D8%AD%D8%B1%D9%83%D8%A7%D8%AA-%D8%A7%D9%84%D8%A8%D8%AD%D8%AB-seo
نشر متجرك الإلكتروني في دليل منصة مشهور,.Muhammad A,0,0,Aucun avis,تسويق رقمي,تحسين محركات البحث,"seo, سيو, backlink, باكلينك, سلة",https://khamsat.com/marketing/ecommerce-seo/3282351-%D9%86%D8%B4%D8%B1-%D9%85%D8%AA%D8%AC%D8%B1%D9%83-%D8%A7%D9%84%D8%A5%D9%84%D9%83%D8%AA%D8%B1%D9%88%D9%86%D9%8A-%D9%81%D9%8A-%D8%AF%D9%84%D9%8A%D9%84-%D9%85%D9%86%D8%B5%D8%A9-%D9%85%D8%B4%D9%87%D9%88%D8%B1
تحسين الموقع الخاص بك  في محركات البحث وزيادة مصداقية الموقع,.Hala M,0,0,Aucun avis,تسويق رقمي,تحسين محركات البحث,"لينك, backlink",https://khamsat.com/marketing/seo-services/1093303-%D8%AA%D8%AD%D8%B3%D9%8A%D9%86-%D8%A7%D9%84%D9%85%D9%88%D9%82%D8%B9-%D8%A7%D9%84%D8%AE%D8%A7%D8%B5-%D8%A8%D9%83-%D9%81%D9%8A-%D9%85%D8%AD%D8%B1%D9%83%D8%A7%D8%AA-%D8%A7%D9%84%D8%A8%D8%AD%D8%AB-%D9%88%D8%B2%D9%8A%D8%A7%D8%AF%D8%A9-%D9%85%D8%B5%D8%AF%D8%A7%D9%82%D9%8A%D8%A9-%D8%A7%D9%84%D9%85%D9%88%D9%82%D8%B9
رفع الدومين اثورتي الخاص بموقعك إلى 35+ DA على مقياس MOZ,.Muhammed K,1,1,منذ 5 أشهر و21 يوم,تسويق رقمي,تحسين محركات البحث,"دومين, رفع, باكلينك, السيو, اثورتي",https://khamsat.com/marketing/backlinks-building/2974747-%D8%B1%D9%81%D8%B9-%D8%A7%D9%84%D8%AF%D9%88%D9%85%D9%8A%D9%86-%D8%A7%D8%AB%D9%88%D8%B1%D8%AA%D9%8A-%D8%A7%D9%84%D8%AE%D8%A7%D8%B5-%D8%A8%D9%85%D9%88%D9%82%D8%B9%D9%83-%D8%A5%D9%84%D9%89-35-da-%D8%B9%D9%84%D9%89-%D9%85%D9%82%D9%8A%D8%A7%D8%B3-moz
تحسين سيو لمتجرك الالكتروني لمنصة سلة,آصف ظ.,0,0,Aucun avis,تسويق رقمي,تحسين محركات البحث,"منتجات, سيو, سلة, salla, متجر سلة",https://khamsat.com/marketing/ecommerce-seo/2630838-%D8%AA%D8%AD%D8%B3%D9%8A%D9%86-%D8%B3%D9%8A%D9%88-%D9%84%D9%85%D8%AA%D8%AC%D8%B1%D9%83-%D8%A7%D9%84%D8%A7%D9%84%D9%83%D8%AA%D8%B1%D9%88%D9%86%D9%8A-%D9%84%D9%85%D9%86%D8%B5%D8%A9-%D8%B3%D9%84%D8%A9
سيو لي موقعك: عملية لتحسين ترتيبك في محركات البحث,.Yossef W,1,2,منذ سنة و5 أشهر,تسويق رقمي,تحسين محركات البحث,"مواقع, محركات البحث, محركات, سيو, باكلينك",https://khamsat.com/marketing/backlinks-building/2871603-%D8%B3%D9%8A%D9%88-%D9%84%D9%8A-%D9%85%D9%88%D9%82%D8%B9%D9%83-%D8%B9%D9%85%D9%84%D9%8A%D8%A9-%D9%84%D8%AA%D8%AD%D8%B3%D9%8A%D9%86-%D8%AA%D8%B1%D8%AA%D9%8A%D8%A8%D9%83-%D9%81%D9%8A-%D9%85%D8%AD%D8%B1%D9%83%D8%A7%D8%AA-%D8%A7%D9%84%D8%A8%D8%AD%D8%AB
تحسين احترافي لسيو منتجات متجرك على منصة سلة,كريم ا.,0,0,Aucun avis,تسويق رقمي,تحسين محركات البحث,"تحسين محركات البحث, سلة, تحسين السيو, وصف منتجات, متجر سلة",https://khamsat.com/marketing/ecommerce-seo/3131448-%D8%AA%D8%AD%D8%B3%D9%8A%D9%86-%D8%A7%D8%AD%D8%AA%D8%B1%D8%A7%D9%81%D9%8A-%D9%84%D8%B3%D9%8A%D9%88-%D9%85%D9%86%D8%AA%D8%AC%D8%A7%D8%AA-%D9%85%D8%AA%D8%AC%D8%B1%D9%83-%D8%B9%D9%84%D9%89-%D9%85%D9%86%D8%B5%D8%A9-%D8%B3%D9%84%D8%A9
عمل تحليل سيو لموقعك الإلكتروني SEO Audit,.Maryam E,5,4,منذ 3 سنوات و16 يوم,تسويق رقمي,تحسين محركات البحث,"كتابة, تحليل, wordpress, تسويق الكتروني, المواقع, seo, تقرير, adsense, سيو, تحسين محركات البحث",https://khamsat.com/marketing/seo-audit/2529170-%D8%B9%D9%85%D9%84-%D8%AA%D8%AD%D9%84%D9%8A%D9%84-%D8%B3%D9%8A%D9%88-%D9%84%D9%85%D9%88%D9%82%D8%B9%D9%83-%D8%A7%D9%84%D8%A5%D9%84%D9%83%D8%AA%D8%B1%D9%88%D9%86%D9%8A-seo-audit
اضافة بيانات متجرك أو نشاطك التجاري على خرائط جوجل ماب,.Ahmed H,100,79,منذ 3 أشهر و18 يوم,تسويق رقمي,تحسين محركات البحث,"نشاطي التجاري, نشاطي التجاري google, ادارة نشاطي التجاري, نشاطي التجاري على جوجل, اضافة نشاط تجاري على جوجل",https://khamsat.com/marketing/local-seo/1628248-%D8%A7%D8%B6%D8%A7%D9%81%D8%A9-%D8%A8%D9%8A%D8%A7%D9%86%D8%A7%D8%AA-%D9%85%D8%AA%D8%AC%D8%B1%D9%83-%D8%A3%D9%88-%D9%86%D8%B4%D8%A7%D8%B7%D9%83-%D8%A7%D9%84%D8%AA%D8%AC%D8%A7%D8%B1%D9%8A-%D8%B9%D9%84%D9%89-%D8%AE%D8%B1%D8%A7%D8%A6%D8%B7-%D8%AC%D9%88%D8%AC%D9%84-%D9%85%D8%A7%D8%A8
الصفحة المطلوبة غير موجودة,Non trouvé,Non trouvé,Non trouvé,Aucun avis,Inconnu,Inconnu,Aucun tag,https://khamsat.com/marketing/guest-posts/1996645-%D8%AC%D9%8A%D8%B3%D8%AA-%D8%A8%D9%88%D8%B3%D8%AA-%D8%B9%D9%84%D9%8A-%D9%85%D9%88%D9%82%D8%B9-%D8%B4%D8%A7%D9%8A-%D8%A3%D8%AE%D8%B6%D8%B1-%D8%A8%D8%B1%D9%88-%D8%A7%D9%84%D9%85%D8%AA%D8%AE%D8%B5%D8%B5-%D9%81%D9%8A-%D8%A7%D9%84%D9%83%D9%8A%D8%AA%D9%88-%D8%AF%D8%A7%D9%8A%D8%AA
تحسين سيو Seo  للمنتجات على متجر سلة Salla,.Mahmoud E,0,0,Aucun avis,تسويق رقمي,تحسين محركات البحث,"seo, سيو, تحسين محركات البحث, تحسين السيو, salla",https://khamsat.com/marketing/ecommerce-seo/3843242-%D8%AA%D8%AD%D8%B3%D9%8A%D9%86-%D8%B3%D9%8A%D9%88-seo-%D9%84%D9%84%D9%85%D9%86%D8%AA%D8%AC%D8%A7%D8%AA-%D8%B9%D9%84%D9%89-%D9%85%D8%AA%D8%AC%D8%B1-%D8%B3%D9%84%D8%A9-salla
تعديل وضبط سيو اليوتيوب لقناتك ليتصدر الفيديو النتائج الأولى,مدحت س.,2,2,منذ 3 سنوات و7 أشهر,تسويق رقمي,تحسين محركات البحث,"فيديو, يوتيوب, youtube, seo, كلمات, سيو, اليوتيوب, مفتاحية, keyword",https://khamsat.com/marketing/youtube-seo/2157381-%D8%AA%D8%B9%D8%AF%D9%8A%D9%84-%D9%88%D8%B6%D8%A8%D8%B7-%D8%B3%D9%8A%D9%88-%D8%A7%D9%84%D9%8A%D9%88%D8%AA%D9%8A%D9%88%D8%A8-%D9%84%D9%82%D9%86%D8%A7%D8%AA%D9%83-%D9%84%D9%8A%D8%AA%D8%B5%D8%AF%D8%B1-%D8%A7%D9%84%D9%81%D9%8A%D8%AF%D9%8A%D9%88-%D8%A7%D9%84%D9%86%D8%AA%D8%A7%D8%A6%D8%AC-%D8%A7%D9%84%D8%A3%D9%88%D9%84%D9%89
تحليل وتحسين ال SEO لموقعك او متجرك الالكتروني,عبدالرحمن ح.,0,0,Aucun avis,تسويق رقمي,تحسين محركات البحث,"seo, سيو, كلمات مفتاحية, تحسين محركات البحث, تحسين السيو",https://khamsat.com/marketing/seo-audit/3170248-%D8%AA%D8%AD%D9%84%D9%8A%D9%84-%D9%88%D8%AA%D8%AD%D8%B3%D9%8A%D9%86-%D8%A7%D9%84-seo-%D9%84%D9%85%D9%88%D9%82%D8%B9%D9%83-%D8%A7%D9%88-%D9%85%D8%AA%D8%AC%D8%B1%D9%83-%D8%A7%D9%84%D8%A7%D9%84%D9%83%D8%AA%D8%B1%D9%88%D9%86%D9%8A
ضبط سيو فيديوهين لقناتك على اليوتيوب,آصف ظ.,0,1,منذ سنتين و8 أشهر,تسويق رقمي,تحسين محركات البحث,"تطوير, يوتيوب, سيو, اليوتيوب, قناتك, السيو",https://khamsat.com/marketing/youtube-seo/2303774-%D8%B6%D8%A8%D8%B7-%D8%B3%D9%8A%D9%88-%D9%81%D9%8A%D8%AF%D9%8A%D9%88%D9%87%D9%8A%D9%86-%D9%84%D9%82%D9%86%D8%A7%D8%AA%D9%83-%D8%B9%D9%84%D9%89-%D8%A7%D9%84%D9%8A%D9%88%D8%AA%D9%8A%D9%88%D8%A8
جست بوست في موقع متخصص في تطبيقات وألعاب اندرويد,.Ahmed S,0,0,Aucun avis,تسويق رقمي,تحسين محركات البحث,"روابط, نشر, seo, رانك, خلفية, لينك, سيو, باكلينكس, بوست, جست",https://khamsat.com/marketing/guest-posts/2299564-%D8%AC%D8%B3%D8%AA-%D8%A8%D9%88%D8%B3%D8%AA-%D9%81%D9%8A-%D9%85%D9%88%D9%82%D8%B9-%D9%85%D8%AA%D8%AE%D8%B5%D8%B5-%D9%81%D9%8A-%D8%AA%D8%B7%D8%A8%D9%8A%D9%82%D8%A7%D8%AA-%D9%88%D8%A3%D9%84%D8%B9%D8%A7%D8%A8-%D8%A7%D9%86%D8%AF%D8%B1%D9%88%D9%8A%D8%AF
بناء باكلينكات قوية DA70 لرفع ترتيب موقعك في جوجل,.Yazan H,0,0,Aucun avis,تسويق رقمي,تحسين محركات البحث,"seo, باك لينك, باكلينك, السيو, تحسين محركات البحث",https://khamsat.com/marketing/backlinks-building/3763398-%D8%A8%D9%86%D8%A7%D8%A1-%D8%A8%D8%A7%D9%83%D9%84%D9%8A%D9%86%D9%83%D8%A7%D8%AA-%D9%82%D9%88%D9%8A%D8%A9-da70-%D9%84%D8%B1%D9%81%D8%B9-%D8%AA%D8%B1%D8%AA%D9%8A%D8%A8-%D9%85%D9%88%D9%82%D8%B9%D9%83-%D9%81%D9%8A-%D8%AC%D9%88%D8%AC%D9%84
تحسين SEO لمتجرك الإلكتروني على سلة,.Wafae K,0,0,Aucun avis,تسويق رقمي,تحسين محركات البحث,"ارشفة, seo, متجر, سيو, تحسين محركات البحث, سلة, سله, متجر سلة",https://khamsat.com/marketing/ecommerce-seo/2392353-%D8%AA%D8%AD%D8%B3%D9%8A%D9%86-seo-%D9%84%D9%85%D8%AA%D8%AC%D8%B1%D9%83-%D8%A7%D9%84%D8%A5%D9%84%D9%83%D8%AA%D8%B1%D9%88%D9%86%D9%8A-%D8%B9%D9%84%D9%89-%D8%B3%D9%84%D8%A9
افضل كلمات مفتاحية لتصدر موقعك في نتائج البحث,حسام ا.,0,0,Aucun avis,تسويق رقمي,تحسين محركات البحث,"تحليل, كلمات, سيو, مفتاحيه, تحسين محركات البحث",https://khamsat.com/marketing/keyword-research/3022869-%D8%A7%D9%81%D8%B6%D9%84-%D9%83%D9%84%D9%85%D8%A7%D8%AA-%D9%85%D9%81%D8%AA%D8%A7%D8%AD%D9%8A%D8%A9-%D9%84%D8%AA%D8%B5%D8%AF%D8%B1-%D9%85%D9%88%D9%82%D8%B9%D9%83-%D9%81%D9%8A-%D9%86%D8%AA%D8%A7%D8%A6%D8%AC-%D8%A7%D9%84%D8%A8%D8%AD%D8%AB
خدمة سيو كاملة لتحسين متجر سلة للظهور في محركات البحث,.Ahmed Y,7,9,منذ سنة و6 أشهر,تسويق رقمي,تحسين محركات البحث,"مقالة, seo, باك لينك, سيو, متجر سلة",https://khamsat.com/marketing/ecommerce-seo/3029788-%D8%AE%D8%AF%D9%85%D8%A9-%D8%B3%D9%8A%D9%88-%D9%83%D8%A7%D9%85%D9%84%D8%A9-%D9%84%D8%AA%D8%AD%D8%B3%D9%8A%D9%86-%D9%85%D8%AA%D8%AC%D8%B1-%D8%B3%D9%84%D8%A9-%D9%84%D9%84%D8%B8%D9%87%D9%88%D8%B1-%D9%81%D9%8A-%D9%85%D8%AD%D8%B1%D9%83%D8%A7%D8%AA-%D8%A7%D9%84%D8%A8%D8%AD%D8%AB
حزمة باكلينك متكاملة Tiered 2 لدعم موقعك على محركات البحث,.Boualem H,57,33,منذ شهر و19 يوم,تسويق رقمي,تحسين محركات البحث,"ترتيب, السيو, backlinks, دوفولو, اثورتي",https://khamsat.com/marketing/backlinks-building/2624181-%D8%AD%D8%B2%D9%85%D8%A9-%D8%A8%D8%A7%D9%83%D9%84%D9%8A%D9%86%D9%83-%D9%85%D8%AA%D9%83%D8%A7%D9%85%D9%84%D8%A9-tiered-2-%D9%84%D8%AF%D8%B9%D9%85-%D9%85%D9%88%D9%82%D8%B9%D9%83-%D8%B9%D9%84%D9%89-%D9%85%D8%AD%D8%B1%D9%83%D8%A7%D8%AA-%D8%A7%D9%84%D8%A8%D8%AD%D8%AB
خدمة تحليل SWOT حدد نقاط قوتك وضعفك واغتنم الفرص,.Salwa A,0,0,Aucun avis,تسويق رقمي,تحسين محركات البحث,"موقع, استشارات, مشروع, خطة, فرص, analysis, التحليل, المشروع, swot",https://khamsat.com/marketing/seo-audit/2846074-%D8%AE%D8%AF%D9%85%D8%A9-%D8%AA%D8%AD%D9%84%D9%8A%D9%84-swot-%D8%AD%D8%AF%D8%AF-%D9%86%D9%82%D8%A7%D8%B7-%D9%82%D9%88%D8%AA%D9%83-%D9%88%D8%B6%D8%B9%D9%81%D9%83-%D9%88%D8%A7%D8%BA%D8%AA%D9%86%D9%85-%D8%A7%D9%84%D9%81%D8%B1%D8%B5
إضافة موقعك التجاري على خرائط قوقل google map,.Ahmed E,0,0,Aucun avis,تسويق رقمي,تحسين محركات البحث,"موقع, تسويق, مواقع, جوجل, google, تجاري, محل, إلكترونى",https://khamsat.com/marketing/local-seo/2538492-%D8%A5%D8%B6%D8%A7%D9%81%D8%A9-%D9%85%D9%88%D9%82%D8%B9%D9%83-%D8%A7%D9%84%D8%AA%D8%AC%D8%A7%D8%B1%D9%8A-%D8%B9%D9%84%D9%89-%D8%AE%D8%B1%D8%A7%D8%A6%D8%B7-%D9%82%D9%88%D9%82%D9%84-google-map
إنشاء إعلانات جوجل لخرائط جوجل لجذب العملاء المحليين وزيادة,.Mohamed S,0,0,Aucun avis,تسويق رقمي,تحسين محركات البحث,"اعلانات, اعلانات جوجل, google ads, إعلانات جوجل ماب",https://khamsat.com/marketing/local-seo/3328591-%D8%A5%D9%86%D8%B4%D8%A7%D8%A1-%D8%A5%D8%B9%D9%84%D8%A7%D9%86%D8%A7%D8%AA-%D8%AC%D9%88%D8%AC%D9%84-%D9%84%D8%AE%D8%B1%D8%A7%D8%A6%D8%B7-%D8%AC%D9%88%D8%AC%D9%84-%D9%84%D8%AC%D8%B0%D8%A8-%D8%A7%D9%84%D8%B9%D9%85%D9%84%D8%A7%D8%A1-%D8%A7%D9%84%D9%85%D8%AD%D9%84%D9%8A%D9%8A%D9%86-%D9%88%D8%B2%D9%8A%D8%A7%D8%AF%D8%A9
خدمة تحسين محركات البحث SEO لمتجرك الإلكتروني أو موقعك,.Sara A,0,0,Aucun avis,تسويق رقمي,تحسين محركات البحث,"تطوير, مقالات, seo, تحسين محركات البحث, تحسين السيو",https://khamsat.com/marketing/ecommerce-seo/3451592-%D8%AE%D8%AF%D9%85%D8%A9-%D8%AA%D8%AD%D8%B3%D9%8A%D9%86-%D9%85%D8%AD%D8%B1%D9%83%D8%A7%D8%AA-%D8%A7%D9%84%D8%A8%D8%AD%D8%AB-seo-%D9%84%D9%85%D8%AA%D8%AC%D8%B1%D9%83-%D8%A7%D9%84%D8%A5%D9%84%D9%83%D8%AA%D8%B1%D9%88%D9%86%D9%8A-%D8%A3%D9%88-%D9%85%D9%88%D9%82%D8%B9%D9%83
تحسين محركات البحث سيو SEO لمتجرك أو موقعك الإلكتروني.,.Haitham H,0,0,Aucun avis,تسويق رقمي,تحسين محركات البحث,"seo, تحسين محركات البحث, تصدر نتائج البحث, تحسين السيو, متجر سلة",https://khamsat.com/marketing/ecommerce-seo/3074198-%D8%AA%D8%AD%D8%B3%D9%8A%D9%86-%D9%85%D8%AD%D8%B1%D9%83%D8%A7%D8%AA-%D8%A7%D9%84%D8%A8%D8%AD%D8%AB-%D8%B3%D9%8A%D9%88-seo-%D9%84%D9%85%D8%AA%D8%AC%D8%B1%D9%83-%D8%A3%D9%88-%D9%85%D9%88%D9%82%D8%B9%D9%83-%D8%A7%D9%84%D8%A5%D9%84%D9%83%D8%AA%D8%B1%D9%88%D9%86%D9%8A
باكلينك هاي اثورتي PR9 دوفولو يدوي,.Soufiane M,216,127,منذ 5 أشهر و27 يوم,تسويق رقمي,تحسين محركات البحث,"باكلينك, هاي, pr9, اثورتي",https://khamsat.com/marketing/backlinks-building/301137-15-%D8%A8%D8%A7%D9%83%D9%84%D9%8A%D9%86%D9%83-%D9%87%D8%A7%D9%8A-%D8%A7%D8%AB%D9%88%D8%B1%D8%AA%D9%8A-pr9-%D8%AF%D9%88%D9%81%D9%88%D9%84%D9%88-%D9%8A%D8%AF%D9%88%D9%8A
ربط متجرك بقوقل ميرشنت - Google Merchant Center,.Abdullah M,2,2,منذ سنتين و4 أشهر,تسويق رقمي,تحسين محركات البحث,"جوجل, ربط, تسوق, ميرشنت, google merchant center",https://khamsat.com/marketing/ecommerce-seo/2803936-%D8%B1%D8%A8%D8%B7-%D9%85%D8%AA%D8%AC%D8%B1%D9%83-%D8%A8%D9%82%D9%88%D9%82%D9%84-%D9%85%D9%8A%D8%B1%D8%B4%D9%86%D8%AA-google-merchant-center
سيو اليوتيوب | seo youtube تصدر نتائج البحث,حسام ا.,0,0,Aucun avis,تسويق رقمي,تحسين محركات البحث,"يوتيوب, youtube, seo, تحسين محركات البحث, تحسين السيو",https://khamsat.com/marketing/youtube-seo/3134917-%D8%B3%D9%8A%D9%88-%D8%A7%D9%84%D9%8A%D9%88%D8%AA%D9%8A%D9%88%D8%A8-seo-youtube-%D8%AA%D8%B5%D8%AF%D8%B1-%D9%86%D8%AA%D8%A7%D8%A6%D8%AC-%D8%A7%D9%84%D8%A8%D8%AD%D8%AB
سيو متاجر إلكترونية,Non trouvé,Non trouvé,Non trouvé,Aucun avis,تسويق رقمي,تحسين محركات البحث,Aucun tag,https://khamsat.com/marketing/ecommerce-seo/3047636-%D8%AA%D8%AD%D8%B3%D9%8A%D9%86-%D8%A7%D9%84%D8%B3%D9%8A%D9%88-seo-%D9%84%D9%85%D8%AA%D8%AC%D8%B1%D9%83-%D9%81%D9%8A-%D9%85%D9%86%D8%B5%D8%A9-%D8%A8%D8%A7%D8%AD%D8%AA%D8%B1%D8%A7%D9%81%D9%8A%D8%A9-%D9%88%D8%AE%D8%A8%D8%B1%D8%A9-%D9%83%D8%A8%D9%8A%D8%B1%D8%A9
أحصل على مرتبة في الصفحة الأولى من جوجل,معتز ه.,0,0,Aucun avis,تسويق رقمي,تحسين محركات البحث,Aucun tag,https://khamsat.com/marketing/seo-services/2325274-%D8%A3%D8%AD%D8%B5%D9%84-%D8%B9%D9%84%D9%89-%D9%85%D8%B1%D8%AA%D8%A8%D8%A9-%D9%81%D9%8A-%D8%A7%D9%84%D8%B5%D9%81%D8%AD%D8%A9-%D8%A7%D9%84%D8%A3%D9%88%D9%84%D9%89-%D9%85%D9%86-%D8%AC%D9%88%D8%AC%D9%84
تحليل شامل للسيو لموقعك على سلة  زد  ووردبريس  شوبيفاي,اسراء ع.,0,0,Aucun avis,تسويق رقمي,تحسين محركات البحث,"ووردبريس, سيو, زد, متجر الكتروني, فحص السيو",https://khamsat.com/marketing/seo-audit/3208377-%D8%AA%D8%AD%D9%84%D9%8A%D9%84-%D8%B4%D8%A7%D9%85%D9%84-%D9%84%D9%84%D8%B3%D9%8A%D9%88-%D9%84%D9%85%D9%88%D9%82%D8%B9%D9%83-%D8%B9%D9%84%D9%89-%D8%B3%D9%84%D8%A9-%D8%B2%D8%AF-%D9%88%D9%88%D8%B1%D8%AF%D8%A8%D8%B1%D9%8A%D8%B3-%D8%B4%D9%88%D8%A8%D9%8A%D9%81%D8%A7%D9%8A
التنصل من الروابط الخلفية الضارة Disavow toxic backlinks,.Naima S,0,0,Aucun avis,تسويق رقمي,تحسين محركات البحث,"الروابط, باكلينكس, backlinks, الضارة, التنصل",https://khamsat.com/marketing/backlinks-building/3046807-%D8%A7%D9%84%D8%AA%D9%86%D8%B5%D9%84-%D9%85%D9%86-%D8%A7%D9%84%D8%B1%D9%88%D8%A7%D8%A8%D8%B7-%D8%A7%D9%84%D8%AE%D9%84%D9%81%D9%8A%D8%A9-%D8%A7%D9%84%D8%B6%D8%A7%D8%B1%D8%A9-disavow-toxic-backlinks
"اصنع باك لينكس لموقعك بنفسك بعدد لا نـهائي, بـ5$ فقط !!",.Omar R,68,21,منذ 6 سنوات و10 أشهر,تسويق رقمي,تحسين محركات البحث,"seo, باك لينكس, باك لينك, أرشفة, سيو, باكلينك, دو فولو, باكلينكس, backlinks, dofollow",https://khamsat.com/marketing/backlinks-building/235613-%D8%A7%D8%B5%D9%86%D8%B9-%D8%A8%D8%A7%D9%83-%D9%84%D9%8A%D9%86%D9%83%D8%B3-%D9%84%D9%85%D9%88%D9%82%D8%B9%D9%83-%D8%A8%D9%86%D9%81%D8%B3%D9%83-%D8%A8%D8%B9%D8%AF%D8%AF-%D9%84%D8%A7-%D9%86%D9%80%D9%87%D8%A7%D8%A6%D9%8A-%D8%A8%D9%805-%D9%81%D9%82%D8%B7
اجعل موقعك يتصدر نتائج البحث مع خدمة سيو احترافية,.Elham H,0,0,Aucun avis,تسويق رقمي,تحسين محركات البحث,"seo, سيو, السيو, تصدر نتائج البحث, تحسين السيو",https://khamsat.com/marketing/seo-services/3098810-%D8%A7%D8%AC%D8%B9%D9%84-%D9%85%D9%88%D9%82%D8%B9%D9%83-%D9%8A%D8%AA%D8%B5%D8%AF%D8%B1-%D9%86%D8%AA%D8%A7%D8%A6%D8%AC-%D8%A7%D9%84%D8%A8%D8%AD%D8%AB-%D9%85%D8%B9-%D8%AE%D8%AF%D9%85%D8%A9-%D8%B3%D9%8A%D9%88-%D8%A7%D8%AD%D8%AA%D8%B1%D8%A7%D9%81%D9%8A%D8%A9
جيست بوست عالي الجودة مواقع تعليمية edu,.Saleh B,1,0,Aucun avis,تسويق رقمي,تحسين محركات البحث,"بوست, edu, جيست",https://khamsat.com/marketing/guest-posts/1259989-%D8%AC%D9%8A%D8%B3%D8%AA-%D8%A8%D9%88%D8%B3%D8%AA-%D8%B9%D8%A7%D9%84%D9%8A-%D8%A7%D9%84%D8%AC%D9%88%D8%AF%D8%A9-%D9%85%D9%88%D8%A7%D9%82%D8%B9-%D8%AA%D8%B9%D9%84%D9%8A%D9%85%D9%8A%D8%A9-edu
تصدر نتائج البحث: ضبط سيو SEO موقعك بإحترافية وتحسين سرعته,.Ahmed G,0,0,Aucun avis,تسويق رقمي,تحسين محركات البحث,"wordpress, seo, السيو, كلمات مفتاحية, تحسين محركات البحث, للسيو, تصدر نتائج البحث, تحسين السيو, تسريع الموقع, اعدادات السيو",https://khamsat.com/marketing/seo-audit/2673971-%D8%AA%D8%B5%D8%AF%D8%B1-%D9%86%D8%AA%D8%A7%D8%A6%D8%AC-%D8%A7%D9%84%D8%A8%D8%AD%D8%AB-%D8%B6%D8%A8%D8%B7-%D8%B3%D9%8A%D9%88-seo-%D9%85%D9%88%D9%82%D8%B9%D9%83-%D8%A8%D8%A5%D8%AD%D8%AA%D8%B1%D8%A7%D9%81%D9%8A%D8%A9-%D9%88%D8%AA%D8%AD%D8%B3%D9%8A%D9%86-%D8%B3%D8%B1%D8%B9%D8%AA%D9%87
باك لينك قوي DA70+ PA50+ PR7+,معتز ه.,0,0,Aucun avis,تسويق رقمي,تحسين محركات البحث,"لينكس, جوجل, باك, تحسين, لينك, فولو, follow, دو, backlinks, دوفلو, pr7, do, da70",https://khamsat.com/marketing/backlinks-building/2325238-%D8%A8%D8%A7%D9%83-%D9%84%D9%8A%D9%86%D9%83-%D9%82%D9%88%D9%8A-da70-pa50-pr7
نقدم نشر مقالة ترويجية جيست بوست Guest Post في موقع Medium,احمد م.,0,0,Aucun avis,تسويق رقمي,تحسين محركات البحث,"مقال, باك, سيو, backlink, guest",https://khamsat.com/marketing/guest-posts/3009164-%D9%86%D9%82%D8%AF%D9%85-%D9%86%D8%B4%D8%B1-%D9%85%D9%82%D8%A7%D9%84%D8%A9-%D8%AA%D8%B1%D9%88%D9%8A%D8%AC%D9%8A%D8%A9-%D8%AC%D9%8A%D8%B3%D8%AA-%D8%A8%D9%88%D8%B3%D8%AA-guest-post-%D9%81%D9%8A-%D9%85%D9%88%D9%82%D8%B9-medium
باك لينك  لتحسين محركات البحث (SEO) وتتعلق بروابط الإنترنت.,.Mohamed E,0,0,Aucun avis,تسويق رقمي,تحسين محركات البحث,"seo, باك, باك لينك, لينك, سيو, backlink, باكلينك, باكلينكس, backlinks, باكلينكات",https://khamsat.com/marketing/backlinks-building/2799455-%D8%A8%D8%A7%D9%83-%D9%84%D9%8A%D9%86%D9%83-%D9%84%D8%AA%D8%AD%D8%B3%D9%8A%D9%86-%D9%85%D8%AD%D8%B1%D9%83%D8%A7%D8%AA-%D8%A7%D9%84%D8%A8%D8%AD%D8%AB-seo-%D9%88%D8%AA%D8%AA%D8%B9%D9%84%D9%82-%D8%A8%D8%B1%D9%88%D8%A7%D8%A8%D8%B7-%D8%A7%D9%84%D8%A5%D9%86%D8%AA%D8%B1%D9%86%D8%AA
اعطيك العديد من النصائح المهمة في السيو Seo و المواقع,.Ali M,5,5,منذ سنة و7 أشهر,تسويق رقمي,تحسين محركات البحث,"نصائح, تعليم, seo, سيو, ارشادات",https://khamsat.com/marketing/seo-services/441035-%D8%A7%D8%B9%D8%B7%D9%8A%D9%83-%D8%A7%D9%84%D8%B9%D8%AF%D9%8A%D8%AF-%D9%85%D9%86-%D8%A7%D9%84%D9%86%D8%B5%D8%A7%D8%A6%D8%AD-%D8%A7%D9%84%D9%85%D9%87%D9%85%D8%A9-%D9%81%D9%8A-%D8%A7%D9%84%D8%B3%D9%8A%D9%88-seo-%D9%88-%D8%A7%D9%84%D9%85%D9%88%D8%A7%D9%82%D8%B9
باك لينك قوي ومتميز جودة مرتفعة جدا لتصدر محرك البحث,محمود ع.,5,4,منذ 9 أشهر و5 أيام,تسويق رقمي,تحسين محركات البحث,"باك لينك, سيو, باكلينك, تحسين محركات البحث, جيست بوست",https://khamsat.com/marketing/backlinks-building/3016050-%D8%A8%D8%A7%D9%83-%D9%84%D9%8A%D9%86%D9%83-%D9%82%D9%88%D9%8A-%D9%88%D9%85%D8%AA%D9%85%D9%8A%D8%B2-%D8%AC%D9%88%D8%AF%D8%A9-%D9%85%D8%B1%D8%AA%D9%81%D8%B9%D8%A9-%D8%AC%D8%AF%D8%A7-%D9%84%D8%AA%D8%B5%D8%AF%D8%B1-%D9%85%D8%AD%D8%B1%D9%83-%D8%A7%D9%84%D8%A8%D8%AD%D8%AB
تحسين السيو SEO ورفع تصنيف موقعك او متجرك,.Abdallatef D,34,30,منذ 9 أشهر و24 يوم,تسويق رقمي,تحسين محركات البحث,"سيو, مشاكل سيو, تحسين السيو, تقرير سيو, اصلاح السيو",https://khamsat.com/marketing/seo-services/2377957-%D8%AA%D8%AD%D8%B3%D9%8A%D9%86-%D8%A7%D9%84%D8%B3%D9%8A%D9%88-seo-%D9%88%D8%B1%D9%81%D8%B9-%D8%AA%D8%B5%D9%86%D9%8A%D9%81-%D9%85%D9%88%D9%82%D8%B9%D9%83-%D8%A7%D9%88-%D9%85%D8%AA%D8%AC%D8%B1%D9%83
تحسين محركات البحث السيو SEO,.Yamen E,0,0,Aucun avis,تسويق رقمي,تحسين محركات البحث,"seo, سيو, تحسين محركات البحث, تحسين السيو",https://khamsat.com/marketing/seo-audit/3349147-%D8%AA%D8%AD%D8%B3%D9%8A%D9%86-%D9%85%D8%AD%D8%B1%D9%83%D8%A7%D8%AA-%D8%A7%D9%84%D8%A8%D8%AD%D8%AB-%D8%A7%D9%84%D8%B3%D9%8A%D9%88-seo
الصفحة المطلوبة غير موجودة,Non trouvé,Non trouvé,Non trouvé,Aucun avis,Inconnu,Inconnu,Aucun tag,https://khamsat.com/marketing/local-seo/2398781-%D8%B6%D8%A7%D9%81%D8%A9-%D9%86%D8%B4%D8%A7%D8%B7%D9%83-%D8%A7%D9%84%D8%AA%D8%AC%D8%A7%D8%B1%D9%8A-%D8%A3%D9%88-%D9%85%D8%AD%D9%84-%D8%B9%D9%85%D9%84%D9%83-%D8%B9%D9%84%D9%8A-%D8%AE%D8%B1%D8%A7%D8%A6%D8%B7-%D8%AC%D9%88%D8%AC%D9%84-%D9%85%D8%A7%D8%A8
جيست بوست فى موقع أثيروتى عالى وترتيب جيد فى اليكسا,.Eslam Z,104,59,منذ سنة و3 أشهر,تسويق رقمي,تحسين محركات البحث,"مقالات, نشر, دعائية, بوست, جيست",https://khamsat.com/marketing/guest-posts/1240150-%D8%AC%D9%8A%D8%B3%D8%AA-%D8%A8%D9%88%D8%B3%D8%AA-%D9%81%D9%89-%D9%85%D9%88%D9%82%D8%B9-%D8%A3%D8%AB%D9%8A%D8%B1%D9%88%D8%AA%D9%89-%D8%B9%D8%A7%D9%84%D9%89-%D9%88%D8%AA%D8%B1%D8%AA%D9%8A%D8%A8-%D8%AC%D9%8A%D8%AF-%D9%81%D9%89-%D8%A7%D9%84%D9%8A%D9%83%D8%B3%D8%A7
حزمة باكلينك متكاملة لموقعك على مواقع عالية الدومين اثورتي,.Boualem H,257,155,منذ 8 أيام و20 ساعة,تسويق رقمي,تحسين محركات البحث,"ترتيب, باكلينك, باكلينكس, السيو, دوفلو",https://khamsat.com/marketing/backlinks-building/2191705-%D8%AD%D8%B2%D9%85%D8%A9-%D8%A8%D8%A7%D9%83%D9%84%D9%8A%D9%86%D9%83-%D9%85%D8%AA%D9%83%D8%A7%D9%85%D9%84%D8%A9-%D9%84%D9%85%D9%88%D9%82%D8%B9%D9%83-%D8%B9%D9%84%D9%89-%D9%85%D9%88%D8%A7%D9%82%D8%B9-%D8%B9%D8%A7%D9%84%D9%8A%D8%A9-%D8%A7%D9%84%D8%AF%D9%88%D9%85%D9%8A%D9%86-%D8%A7%D8%AB%D9%88%D8%B1%D8%AA%D9%8A
تحسين محركات البحث السيو SEO لموقعك ومتجرك الإلكتروني,.Mokhtar A,4,2,منذ سنتين و8 أشهر,تسويق رقمي,تحسين محركات البحث,"seo, محركات البحث, متجر, السيو, متاجر, تحسين محركات البحث, تصدر نتائج البحث, تحسين السيو, salla, متجر سلة",https://khamsat.com/marketing/seo-services/2685517-%D8%AA%D8%AD%D8%B3%D9%8A%D9%86-%D9%85%D8%AD%D8%B1%D9%83%D8%A7%D8%AA-%D8%A7%D9%84%D8%A8%D8%AD%D8%AB-%D8%A7%D9%84%D8%B3%D9%8A%D9%88-seo-%D9%84%D9%85%D9%88%D9%82%D8%B9%D9%83-%D9%88%D9%85%D8%AA%D8%AC%D8%B1%D9%83-%D8%A7%D9%84%D8%A5%D9%84%D9%83%D8%AA%D8%B1%D9%88%D9%86%D9%8A
تحسين SEO لقناتك على اليوتيوب وظهورها في نتائج البحث الاولي,.Mahmoud K,0,0,Aucun avis,تسويق رقمي,تحسين محركات البحث,"تسويق, youtube, اليوتيوب, keyword, تحسين محركات البحث",https://khamsat.com/marketing/youtube-seo/3133800-%D8%AA%D8%AD%D8%B3%D9%8A%D9%86-seo-%D9%84%D9%82%D9%86%D8%A7%D8%AA%D9%83-%D8%B9%D9%84%D9%89-%D8%A7%D9%84%D9%8A%D9%88%D8%AA%D9%8A%D9%88%D8%A8-%D9%88%D8%B8%D9%87%D9%88%D8%B1%D9%87%D8%A7-%D9%81%D9%8A-%D9%86%D8%AA%D8%A7%D8%A6%D8%AC-%D8%A7%D9%84%D8%A8%D8%AD%D8%AB-%D8%A7%D9%84%D8%A7%D9%88%D9%84%D9%8A
اضافة شركتك او متجرك علي خرائط جوجل,.Amr H,0,0,Aucun avis,تسويق رقمي,تحسين محركات البحث,"تسويق, جوجل, google, خرائط, للشركات, maps",https://khamsat.com/marketing/local-seo/1638685-%D8%A7%D8%B6%D8%A7%D9%81%D8%A9-%D8%B4%D8%B1%D9%83%D8%AA%D9%83-%D8%A7%D9%88-%D9%85%D8%AA%D8%AC%D8%B1%D9%83-%D8%B9%D9%84%D9%8A-%D8%AE%D8%B1%D8%A7%D8%A6%D8%B7-%D8%AC%D9%88%D8%AC%D9%84
باك لينك قوي ومتميز جودة مرتفعة لتصدر محرك البحث,محمود ع.,10,9,منذ 10 أشهر و16 يوم,تسويق رقمي,تحسين محركات البحث,"باك, لينك, سيو, باكلينك, تصدر",https://khamsat.com/marketing/backlinks-building/3007284-%D8%A8%D8%A7%D9%83-%D9%84%D9%8A%D9%86%D9%83-%D9%82%D9%88%D9%8A-%D9%88%D9%85%D8%AA%D9%85%D9%8A%D8%B2-%D8%AC%D9%88%D8%AF%D8%A9-%D9%85%D8%B1%D8%AA%D9%81%D8%B9%D8%A9-%D9%84%D8%AA%D8%B5%D8%AF%D8%B1-%D9%85%D8%AD%D8%B1%D9%83-%D8%A7%D9%84%D8%A8%D8%AD%D8%AB
استخراج أفضل كلمات مفتاحية لتصدر نتائج البحث في جوجل,ايمان ن.,0,0,Aucun avis,تسويق رقمي,تحسين محركات البحث,"seo, سيو, تحسين محركات البحث, بحث كلمات مفتاحية, استخراج كلمات مفتاحية",https://khamsat.com/marketing/keyword-research/3794753-%D8%A7%D8%B3%D8%AA%D8%AE%D8%B1%D8%A7%D8%AC-%D8%A3%D9%81%D8%B6%D9%84-%D9%83%D9%84%D9%85%D8%A7%D8%AA-%D9%85%D9%81%D8%AA%D8%A7%D8%AD%D9%8A%D8%A9-%D9%84%D8%AA%D8%B5%D8%AF%D8%B1-%D9%86%D8%AA%D8%A7%D8%A6%D8%AC-%D8%A7%D9%84%D8%A8%D8%AD%D8%AB-%D9%81%D9%8A-%D8%AC%D9%88%D8%AC%D9%84
تحليل شامل لموقعك أو متجرك لتحسين ظهوره في محركات البحث SEO,أحمد د.,1,1,منذ سنة و9 أشهر,تسويق رقمي,تحسين محركات البحث,"تحليل, seo, سيو, تحسين محركات البحث, تحسين السيو",https://khamsat.com/marketing/seo-audit/3042159-%D8%AA%D8%AD%D9%84%D9%8A%D9%84-%D8%B4%D8%A7%D9%85%D9%84-%D9%84%D9%85%D9%88%D9%82%D8%B9%D9%83-%D8%A3%D9%88-%D9%85%D8%AA%D8%AC%D8%B1%D9%83-%D9%84%D8%AA%D8%AD%D8%B3%D9%8A%D9%86-%D8%B8%D9%87%D9%88%D8%B1%D9%87-%D9%81%D9%8A-%D9%85%D8%AD%D8%B1%D9%83%D8%A7%D8%AA-%D8%A7%D9%84%D8%A8%D8%AD%D8%AB-seo
تحسين السيو لموقعك  On-Page  Technical  Schema,يوسف أ.,0,0,Aucun avis,تسويق رقمي,تحسين محركات البحث,"seo, سيو, تحسين محركات البحث, تصدر نتائج البحث, سيو ووردبريس",https://khamsat.com/marketing/ecommerce-seo/3685824-%D8%AA%D8%AD%D8%B3%D9%8A%D9%86-%D8%A7%D9%84%D8%B3%D9%8A%D9%88-%D9%84%D9%85%D9%88%D9%82%D8%B9%D9%83-on-page-technical-schema
الصفحة المطلوبة غير موجودة,Non trouvé,Non trouvé,Non trouvé,Aucun avis,Inconnu,Inconnu,Aucun tag,https://khamsat.com/marketing/keyword-research/3693577-%D8%A3%D9%82%D9%88%D9%89-%D8%A7%D9%84%D9%83%D9%84%D9%85%D8%A7%D8%AA-%D8%A7%D9%84%D9%85%D9%81%D8%AA%D8%A7%D8%AD%D9%8A%D8%A9-%D9%84%D8%B2%D9%8A%D8%A7%D8%AF%D8%A9-%D8%B2%D9%8A%D8%A7%D8%B1%D8%A7%D8%AA-%D9%85%D9%88%D9%82%D8%B9%D9%83
اعلان رابط نصي في   مواقع باك لينك دوفلو Dofollow,.Mohammed A,15,11,منذ سنة و7 أشهر,تسويق رقمي,تحسين محركات البحث,"اعلانات, لينك, سيو, backlink, dofollow",https://khamsat.com/marketing/backlinks-building/2087296-%D8%A7%D8%B9%D9%84%D8%A7%D9%86-%D8%B1%D8%A7%D8%A8%D8%B7-%D9%86%D8%B5%D9%8A-%D9%81%D9%8A-%D9%85%D9%88%D8%A7%D9%82%D8%B9-%D8%A8%D8%A7%D9%83-%D9%84%D9%8A%D9%86%D9%83-%D8%AF%D9%88%D9%81%D9%84%D9%88-dofollow
الصفحة المطلوبة غير موجودة,Non trouvé,Non trouvé,Non trouvé,Aucun avis,Inconnu,Inconnu,Aucun tag,https://khamsat.com/marketing/seo-audit/2061103-%D8%B3%D8%A3%D9%82%D9%88%D9%85-%D8%A8%D8%A5%D9%86%D8%B4%D8%A7%D8%A1-%D8%AA%D9%82%D8%B1%D9%8A%D8%B1-%D8%AA%D8%AD%D8%B3%D9%8A%D9%86-%D9%85%D8%AD%D8%B1%D9%83%D8%A7%D8%AA-%D8%A7%D9%84%D8%A8%D8%AD%D8%AB-%D9%84%D9%85%D9%88%D9%82%D8%B9%D9%83-%D8%B9%D9%84%D9%89-%D8%A7%D9%84%D9%88%D9%8A%D8%A8seo
رابط نصي اكسب الآف الباك اللينكس من موقع PA4,حمزة ن.,0,0,Aucun avis,تسويق رقمي,تحسين محركات البحث,"باك لينكس, كلمات مفتاحية, تحسين محركات البحث, دفولو",https://khamsat.com/marketing/backlinks-building/2834807-%D8%B1%D8%A7%D8%A8%D8%B7-%D9%86%D8%B5%D9%8A-%D8%A7%D9%83%D8%B3%D8%A8-%D8%A7%D9%84%D8%A2%D9%81-%D8%A7%D9%84%D8%A8%D8%A7%D9%83-%D8%A7%D9%84%D9%84%D9%8A%D9%86%D9%83%D8%B3-%D9%85%D9%86-%D9%85%D9%88%D9%82%D8%B9-pa4
باقة باك لينك لمواقع البث والأفلام والكورة والمتاجر والخدمات,.Mohammed A,2,2,منذ 8 أشهر و23 يوم,تسويق رقمي,تحسين محركات البحث,"ترافيك, seo, باكلينك, backlinks, اثورتي",https://khamsat.com/marketing/backlinks-building/2510600-%D8%A8%D8%A7%D9%82%D8%A9-%D8%A8%D8%A7%D9%83-%D9%84%D9%8A%D9%86%D9%83-%D9%84%D9%85%D9%88%D8%A7%D9%82%D8%B9-%D8%A7%D9%84%D8%A8%D8%AB-%D9%88%D8%A7%D9%84%D8%A3%D9%81%D9%84%D8%A7%D9%85-%D9%88%D8%A7%D9%84%D9%83%D9%88%D8%B1%D8%A9-%D9%88%D8%A7%D9%84%D9%85%D8%AA%D8%A7%D8%AC%D8%B1-%D9%88%D8%A7%D9%84%D8%AE%D8%AF%D9%85%D8%A7%D8%AA
15 باكلينكات دوفولو ذات جودة عالية و يدوية,.Soufiane M,67,38,منذ سنة و10 أشهر,تسويق رقمي,تحسين محركات البحث,"عالية, 15, جودة, دوفولو, يدوية, باكلينكات",https://khamsat.com/marketing/backlinks-building/227319-15-%D8%A8%D8%A7%D9%83%D9%84%D9%8A%D9%86%D9%83%D8%A7%D8%AA-%D8%AF%D9%88%D9%81%D9%88%D9%84%D9%88-%D8%B0%D8%A7%D8%AA-%D8%AC%D9%88%D8%AF%D8%A9-%D8%B9%D8%A7%D9%84%D9%8A%D8%A9-%D9%88-%D9%8A%D8%AF%D9%88%D9%8A%D8%A9
جيست بوست على منصة IT Sharks,.Ahmed A,0,0,Aucun avis,تسويق رقمي,تحسين محركات البحث,"ارشفة, backlinks, guest post, تحسين السيو, جيست بوست",https://khamsat.com/marketing/guest-posts/3867520-%D8%AC%D9%8A%D8%B3%D8%AA-%D8%A8%D9%88%D8%B3%D8%AA-%D8%B9%D9%84%D9%89-%D9%85%D9%86%D8%B5%D8%A9-it-sharks
باك لينك فى منصة IT Sharks,.Ahmed A,1,1,منذ شهرين و25 يوم,تسويق رقمي,تحسين محركات البحث,"ارشفة, باكلينكس, backlinks, دوفلو, تصدر نتائج البحث",https://khamsat.com/marketing/backlinks-building/3859551-%D8%A8%D8%A7%D9%83-%D9%84%D9%8A%D9%86%D9%83-%D9%81%D9%89-%D9%85%D9%86%D8%B5%D8%A9-it-sharks
باك لينك على منصة تيرا كورسيز,.Ahmed A,0,0,Aucun avis,تسويق رقمي,تحسين محركات البحث,"ارشفة, رابط نصي, backlinks, دوفلو, اثورتي",https://khamsat.com/marketing/backlinks-building/3860349-%D8%A8%D8%A7%D9%83-%D9%84%D9%8A%D9%86%D9%83-%D8%B9%D9%84%D9%89-%D9%85%D9%86%D8%B5%D8%A9-%D8%AA%D9%8A%D8%B1%D8%A7-%D9%83%D9%88%D8%B1%D8%B3%D9%8A%D8%B2
باك لينك,Non trouvé,Non trouvé,Non trouvé,Aucun avis,تسويق رقمي,تحسين محركات البحث,Aucun tag,https://khamsat.com/marketing/backlinks-building/2253577-%D8%A8%D8%A7%D9%83-%D9%84%D9%8A%D9%86%D9%83-%D9%88%D9%85%D9%84%D9%81%D8%A7%D8%AA-%D8%AA%D8%B9%D8%B1%D9%81%D9%8A%D9%87-%D9%81%D9%8A-%D8%A7%D9%83%D8%A8%D8%B1-%D8%A7%D9%84%D9%85%D9%88%D8%A7%D9%82%D8%B9-%D8%A7%D9%84%D8%B9%D8%A7%D9%84%D9%85%D9%8A%D9%87-%D8%A8%D9%8A%D8%AC-%D8%B1%D8%A7%D9%86%D9%83-%D8%B9%D8%A7%D9%84
تهيئة وضبط متاجر سله للارشفة وإرسال خرائط جوجل Salla SEO,.Mahmoud A,0,0,Aucun avis,تسويق رقمي,تحسين محركات البحث,"ارشفة, جوجل, seo, البحث, متجر, أرشفة, الأرشفة, تهيئة, متاجر, سلة, ضبط, سله, salla",https://khamsat.com/marketing/local-seo/2357073-%D8%AA%D9%87%D9%8A%D8%A6%D8%A9-%D9%88%D8%B6%D8%A8%D8%B7-%D9%85%D8%AA%D8%A7%D8%AC%D8%B1-%D8%B3%D9%84%D9%87-%D9%84%D9%84%D8%A7%D8%B1%D8%B4%D9%81%D8%A9-%D9%88%D8%A5%D8%B1%D8%B3%D8%A7%D9%84-%D8%AE%D8%B1%D8%A7%D8%A6%D8%B7-%D8%AC%D9%88%D8%AC%D9%84-salla-seo
وصف لمنتجات متجرك الإلكتروني ( 3 منتجات ب 5 دولار),.Elsayed A,5,6,منذ 5 سنوات وشهرين,تسويق رقمي,تحسين محركات البحث,"ويب, منتجات, seo, سيو, وصف, product, description, شوبيفاي",https://khamsat.com/marketing/seo-services/1406152-%D9%88%D8%B5%D9%81-%D9%84%D9%85%D9%86%D8%AA%D8%AC%D8%A7%D8%AA-%D9%85%D8%AA%D8%AC%D8%B1%D9%83-%D8%A7%D9%84%D8%A5%D9%84%D9%83%D8%AA%D8%B1%D9%88%D9%86%D9%8A-3-%D9%85%D9%86%D8%AA%D8%AC%D8%A7%D8%AA-%D8%A8-5-%D8%AF%D9%88%D9%84%D8%A7%D8%B1
جيست بوست على مواقع عربية قوية سعودية كويتية,محمود ع.,2,2,منذ 9 أشهر و26 يوم,تسويق رقمي,تحسين محركات البحث,"نشر, باك لينك, باكلينك, جيست بوست, جست",https://khamsat.com/marketing/guest-posts/3346484-%D8%AC%D9%8A%D8%B3%D8%AA-%D8%A8%D9%88%D8%B3%D8%AA-%D8%B9%D9%84%D9%89-%D9%85%D9%88%D8%A7%D9%82%D8%B9-%D8%B9%D8%B1%D8%A8%D9%8A%D8%A9-%D9%82%D9%88%D9%8A%D8%A9-%D8%B3%D8%B9%D9%88%D8%AF%D9%8A%D8%A9-%D9%83%D9%88%D9%8A%D8%AA%D9%8A%D8%A9
باك لينك,Non trouvé,Non trouvé,Non trouvé,Aucun avis,تسويق رقمي,تحسين محركات البحث,Aucun tag,https://khamsat.com/marketing/backlinks-building/2894067-%D8%A5%D9%86%D8%B4%D8%A7%D8%A1-%D8%A8%D8%A7%D9%83-%D9%84%D9%8A%D9%86%D9%83-%D9%82%D9%88%D9%8A-%D9%85%D9%86-%D9%85%D8%AF%D9%88%D9%86%D8%A7%D8%AA-%D8%A7%D9%84%D9%88%D9%8A%D8%A8-2.0-%D9%84%D8%AA%D8%B9%D8%B2%D9%8A%D8%B2-%D8%B8%D9%87%D9%88%D8%B1-%D9%85%D9%88%D9%82%D8%B9%D9%83
كلمات بحث رئيسية لصفحة أو مقال واحد فقط لتحسين أرشفة,محمد أ.,0,0,Aucun avis,تسويق رقمي,تحسين محركات البحث,"تسويق, خدمات, seo, إلكتروني, سيو",https://khamsat.com/marketing/keyword-research/2005598-%D9%83%D9%84%D9%85%D8%A7%D8%AA-%D8%A8%D8%AD%D8%AB-%D8%B1%D8%A6%D9%8A%D8%B3%D9%8A%D8%A9-%D9%84%D8%B5%D9%81%D8%AD%D8%A9-%D8%A3%D9%88-%D9%85%D9%82%D8%A7%D9%84-%D9%88%D8%A7%D8%AD%D8%AF-%D9%81%D9%82%D8%B7-%D9%84%D8%AA%D8%AD%D8%B3%D9%8A%D9%86-%D8%A3%D8%B1%D8%B4%D9%81%D8%A9
تحسين  محركات البحث سيو SEO  ورفع تصنيف موقعك,ردينه ا.,1,0,Aucun avis,تسويق رقمي,تحسين محركات البحث,"seo, سيو, تحسين محركات البحث, تصدر نتائج البحث, تحسين السيو",https://khamsat.com/marketing/seo-audit/2609929-%D8%AA%D8%AD%D8%B3%D9%8A%D9%86-%D9%85%D8%AD%D8%B1%D9%83%D8%A7%D8%AA-%D8%A7%D9%84%D8%A8%D8%AD%D8%AB-%D8%B3%D9%8A%D9%88-seo-%D9%88%D8%B1%D9%81%D8%B9-%D8%AA%D8%B5%D9%86%D9%8A%D9%81-%D9%85%D9%88%D9%82%D8%B9%D9%83
سيو محلي Local SEO,Non trouvé,Non trouvé,Non trouvé,Aucun avis,تسويق رقمي,تحسين محركات البحث,Aucun tag,https://khamsat.com/marketing/local-seo/3084950-%D8%AA%D9%87%D9%8A%D8%A6%D8%A9-%D9%85%D8%AD%D8%B1%D9%83%D8%A7%D8%AA-%D8%A7%D9%84%D8%A8%D8%AD%D8%AB-%D9%88%D8%AA%D8%AD%D8%B3%D9%8A%D9%86-%D8%B8%D9%87%D9%88%D8%B1-%D9%86%D8%B4%D8%A7%D8%B7%D9%83-%D8%A7%D9%84%D8%AA%D8%AC%D8%A7%D8%B1%D9%8A-%D9%81%D9%8A-%D8%A7%D9%88%D9%84-%D8%A7%D9%84%D9%86%D8%AA%D8%A7%D8%A6%D8%AC
رفع الدومين اثورتي خاص بموقعك الى 30+ DA على MOZ,.Boualem H,50,28,منذ 5 أشهر و10 أيام,تسويق رقمي,تحسين محركات البحث,"دومين, رفع, باكلينك, السيو, اثورتي",https://khamsat.com/marketing/backlinks-building/2795469-%D8%B1%D9%81%D8%B9-%D8%A7%D9%84%D8%AF%D9%88%D9%85%D9%8A%D9%86-%D8%A7%D8%AB%D9%88%D8%B1%D8%AA%D9%8A-%D8%AE%D8%A7%D8%B5-%D8%A8%D9%85%D9%88%D9%82%D8%B9%D9%83-%D8%A7%D9%84%D9%89-30-da-%D8%B9%D9%84%D9%89-moz
تحليل SEO احترافي لصفحات من موقعك,.Tareq B,2,2,منذ 11 شهر و29 يوم,تسويق رقمي,تحسين محركات البحث,"تحليل, فحص, seo, تحسين محركات البحث, كشف المشاكل",https://khamsat.com/marketing/seo-audit/3266723-%D8%AA%D8%AD%D9%84%D9%8A%D9%84-seo-%D8%A7%D8%AD%D8%AA%D8%B1%D8%A7%D9%81%D9%8A-%D9%84%D8%B5%D9%81%D8%AD%D8%A7%D8%AA-%D9%85%D9%86-%D9%85%D9%88%D9%82%D8%B9%D9%83
الصفحة المطلوبة غير موجودة,Non trouvé,Non trouvé,Non trouvé,Aucun avis,Inconnu,Inconnu,Aucun tag,https://khamsat.com/marketing/seo-services/1079798-%D9%83%D8%AA%D8%A7%D8%A8%D8%A9-%D9%85%D9%82%D8%A7%D9%84%D8%A7%D8%AA-%D9%85%D8%AA%D9%88%D8%A7%D9%81%D9%82%D8%A9-%D9%85%D8%B9-%D8%B4%D8%B1%D9%88%D8%B7-%D8%A7%D9%84-seo-%D8%AA%D9%86%D8%A7%D8%B3%D8%A8-%D9%86%D9%8A%D8%AA%D8%B4-%D9%85%D9%88%D9%82%D8%B9%D9%83
باك لينك دوفولو حصري على موقع إخباري مميز لتحسين ترتيب موقعك,احمد ا.,2,1,منذ 11 شهر و24 يوم,تسويق رقمي,تحسين محركات البحث,"روابط, seo, سيو, backlink, باكلينك",https://khamsat.com/marketing/backlinks-building/3283048-%D8%A8%D8%A7%D9%83-%D9%84%D9%8A%D9%86%D9%83-%D8%AF%D9%88%D9%81%D9%88%D9%84%D9%88-%D8%AD%D8%B5%D8%B1%D9%8A-%D8%B9%D9%84%D9%89-%D9%85%D9%88%D9%82%D8%B9-%D8%A5%D8%AE%D8%A8%D8%A7%D8%B1%D9%8A-%D9%85%D9%85%D9%8A%D8%B2-%D9%84%D8%AA%D8%AD%D8%B3%D9%8A%D9%86-%D8%AA%D8%B1%D8%AA%D9%8A%D8%A8-%D9%85%D9%88%D9%82%D8%B9%D9%83
تحليل سيو شامل,Non trouvé,Non trouvé,Non trouvé,Aucun avis,تسويق رقمي,تحسين محركات البحث,Aucun tag,https://khamsat.com/marketing/seo-audit/1254095-%D8%AA%D9%82%D8%B1%D9%8A%D8%B1-%D8%B4%D8%A7%D9%85%D9%84-%D9%88%D9%85%D9%81%D8%B5%D9%84-%D9%84%D8%AA%D8%AD%D8%B3%D9%8A%D9%86-seo-%D9%84%D9%85%D9%88%D9%82%D8%B9%D9%83-%D9%88-%D8%A5%D9%8A%D8%AC%D8%A7%D8%AF-%D8%A7%D9%84%D8%A3%D8%AE%D8%B7%D8%A7%D8%A1
تحليل الكلمة المفتاحية: نسبة البحث والمنافسة والتكلفة,.Zahreddine W,0,0,Aucun avis,تسويق رقمي,تحسين محركات البحث,"اعلانات, سيو, السيو, كلمات مفتاحية, keywords",https://khamsat.com/marketing/keyword-research/2971312-%D8%AA%D8%AD%D9%84%D9%8A%D9%84-%D8%A7%D9%84%D9%83%D9%84%D9%85%D8%A9-%D8%A7%D9%84%D9%85%D9%81%D8%AA%D8%A7%D8%AD%D9%8A%D8%A9-%D9%86%D8%B3%D8%A8%D8%A9-%D8%A7%D9%84%D8%A8%D8%AD%D8%AB-%D9%88%D8%A7%D9%84%D9%85%D9%86%D8%A7%D9%81%D8%B3%D8%A9-%D9%88%D8%A7%D9%84%D8%AA%D9%83%D9%84%D9%81%D8%A9
ربط متجرك في سلة على جوجل Analytics و Search Console,.Hanan A,10,6,منذ سنتين و10 أشهر,تسويق رقمي,تحسين محركات البحث,"بحث, تسويق, اعلانات, محتوى, seo",https://khamsat.com/marketing/ecommerce-seo/1984536-%D8%B1%D8%A8%D8%B7-%D9%85%D8%AA%D8%AC%D8%B1%D9%83-%D9%81%D9%8A-%D8%B3%D9%84%D8%A9-%D8%B9%D9%84%D9%89-%D8%AC%D9%88%D8%AC%D9%84-analytics-%D9%88-search-console
اختيار كلمات مفتاحية كثيرة البحث قليلة المنافسة,احمد ش.,0,0,Aucun avis,تسويق رقمي,تحسين محركات البحث,"خوارزميات, مقالات, كتابة محتوى مواقع, تحليل احصائي, تسويق مواقع",https://khamsat.com/marketing/keyword-research/3100058-%D8%A7%D8%AE%D8%AA%D9%8A%D8%A7%D8%B1-%D9%83%D9%84%D9%85%D8%A7%D8%AA-%D9%85%D9%81%D8%AA%D8%A7%D8%AD%D9%8A%D8%A9-%D9%83%D8%AB%D9%8A%D8%B1%D8%A9-%D8%A7%D9%84%D8%A8%D8%AD%D8%AB-%D9%82%D9%84%D9%8A%D9%84%D8%A9-%D8%A7%D9%84%D9%85%D9%86%D8%A7%D9%81%D8%B3%D8%A9
عمل SEO احترافي لمتجرك الإلكتروني في سلة,.Hanan A,42,37,منذ سنتين وشهر,تسويق رقمي,تحسين محركات البحث,"بحث, تسويق, اعلانات, محتوى, بريد, الكتروني, seo, اميل",https://khamsat.com/marketing/ecommerce-seo/2191391-%D8%B9%D9%85%D9%84-seo-%D8%A7%D8%AD%D8%AA%D8%B1%D8%A7%D9%81%D9%8A-%D9%84%D9%85%D8%AA%D8%AC%D8%B1%D9%83-%D8%A7%D9%84%D8%A5%D9%84%D9%83%D8%AA%D8%B1%D9%88%D9%86%D9%8A-%D9%81%D9%8A-%D8%B3%D9%84%D8%A9
اختيار عنوان ووصف وكلمات مفتاحية لفيديو اليوتيوب تراعى السيو,احمد ش.,0,0,Aucun avis,تسويق رقمي,تحسين محركات البحث,"seo, قناة يوتيوب, كلمات مفتاحية, keywords, تحسين السيو",https://khamsat.com/marketing/youtube-seo/3106511-%D8%A7%D8%AE%D8%AA%D9%8A%D8%A7%D8%B1-%D8%B9%D9%86%D9%88%D8%A7%D9%86-%D9%88%D9%88%D8%B5%D9%81-%D9%88%D9%83%D9%84%D9%85%D8%A7%D8%AA-%D9%85%D9%81%D8%AA%D8%A7%D8%AD%D9%8A%D8%A9-%D9%84%D9%81%D9%8A%D8%AF%D9%8A%D9%88-%D8%A7%D9%84%D9%8A%D9%88%D8%AA%D9%8A%D9%88%D8%A8-%D8%AA%D8%B1%D8%A7%D8%B9%D9%89-%D8%A7%D9%84%D8%B3%D9%8A%D9%88
الصفحة المطلوبة غير موجودة,Non trouvé,Non trouvé,Non trouvé,Aucun avis,Inconnu,Inconnu,Aucun tag,https://khamsat.com/marketing/local-seo/2665784-%D8%A7%D8%B6%D8%A7%D9%81%D8%A9-%D9%88%D8%A5%D8%B9%D8%AF%D8%A7%D8%AF-%D8%A7%D9%84%D9%85%D9%84%D9%81-%D8%A7%D9%84%D8%AA%D8%AC%D8%A7%D8%B1%D9%8A-%D8%B9%D9%84%D9%89-%D8%AE%D8%B1%D8%A7%D8%A6%D8%B7-%D8%AC%D9%88%D8%AC%D9%84-%D8%AC%D9%88%D8%AC%D9%84-%D9%85%D8%A7%D8%A8
باك لينك في 200 موقع متنوع بين منتديات و blog و web2,.Mohamed A,0,0,Aucun avis,تسويق رقمي,تحسين محركات البحث,"ويب, باك, لينك, سيو, باكلينك",https://khamsat.com/marketing/backlinks-building/3463450-%D8%A8%D8%A7%D9%83-%D9%84%D9%8A%D9%86%D9%83-%D9%81%D9%8A-200-%D9%85%D9%88%D9%82%D8%B9-%D9%85%D8%AA%D9%86%D9%88%D8%B9-%D8%A8%D9%8A%D9%86-%D9%85%D9%86%D8%AA%D8%AF%D9%8A%D8%A7%D8%AA-%D9%88-blog-%D9%88-web2
اقوم بتحسيين السيو لمتجرك في منصة سلة باحترافية,ابراهيم ح.,137,86,منذ 4 أشهر و11 يوم,تسويق رقمي,تحسين محركات البحث,"سيو, تحسين محركات البحث, سلة, تحسين السيو, متجر سلة",https://khamsat.com/marketing/ecommerce-seo/2757207-%D8%A7%D9%82%D9%88%D9%85-%D8%A8%D8%AA%D8%AD%D8%B3%D9%8A%D9%8A%D9%86-%D8%A7%D9%84%D8%B3%D9%8A%D9%88-%D9%84%D9%85%D8%AA%D8%AC%D8%B1%D9%83-%D9%81%D9%8A-%D9%85%D9%86%D8%B5%D8%A9-%D8%B3%D9%84%D8%A9-%D8%A8%D8%A7%D8%AD%D8%AA%D8%B1%D8%A7%D9%81%D9%8A%D8%A9
جيست بوست موقع موثوق موقع كبير لتصدر في جوجل,محمود ع.,21,11,منذ سنة و9 أيام,تسويق رقمي,تحسين محركات البحث,"باك لينك, باكلينك, جيست, جست بوست, جست",https://khamsat.com/marketing/guest-posts/3044933-%D8%AC%D9%8A%D8%B3%D8%AA-%D8%A8%D9%88%D8%B3%D8%AA-%D9%85%D9%88%D9%82%D8%B9-%D9%85%D9%88%D8%AB%D9%88%D9%82-%D9%85%D9%88%D9%82%D8%B9-%D9%83%D8%A8%D9%8A%D8%B1-%D9%84%D8%AA%D8%B5%D8%AF%D8%B1-%D9%81%D9%8A-%D8%AC%D9%88%D8%AC%D9%84
اعلان نصى فى موقع دومين اثورتى 55 و آلاف الباك لينكس دو-فولو,.Mohamed S,3,2,منذ سنتين و10 أشهر,تسويق رقمي,تحسين محركات البحث,"اعلان, نصي, رابط, باك لينك, backlinks, بناء باك لينك, اعلان رابط نصي, جيست بوست",https://khamsat.com/marketing/backlinks-building/2196655-%D8%A7%D8%B9%D9%84%D8%A7%D9%86-%D9%86%D8%B5%D9%89-%D9%81%D9%89-%D9%85%D9%88%D9%82%D8%B9-%D8%AF%D9%88%D9%85%D9%8A%D9%86-%D8%A7%D8%AB%D9%88%D8%B1%D8%AA%D9%89-55-%D9%88-%D8%A2%D9%84%D8%A7%D9%81-%D8%A7%D9%84%D8%A8%D8%A7%D9%83-%D9%84%D9%8A%D9%86%D9%83%D8%B3-%D8%AF%D9%88-%D9%81%D9%88%D9%84%D9%88
تحسين موقعك  فى نتائج الصفحة الاولى بمحركات البحث جوجل,علاء ه.,4,4,منذ 10 أشهر و26 يوم,تسويق رقمي,تحسين محركات البحث,"تسويق, الكترونى, سيو, المتاجر, المفتاحية",https://khamsat.com/marketing/seo-services/2085601-%D8%AA%D8%AD%D8%B3%D9%8A%D9%86-%D9%85%D9%88%D9%82%D8%B9%D9%83-%D9%81%D9%89-%D9%86%D8%AA%D8%A7%D8%A6%D8%AC-%D8%A7%D9%84%D8%B5%D9%81%D8%AD%D8%A9-%D8%A7%D9%84%D8%A7%D9%88%D9%84%D9%89-%D8%A8%D9%85%D8%AD%D8%B1%D9%83%D8%A7%D8%AA-%D8%A7%D9%84%D8%A8%D8%AD%D8%AB-%D8%AC%D9%88%D8%AC%D9%84
أضافة إدارة منتج على متجر نون البائعين وتحسين الوصف,.Mashaal A,0,0,Aucun avis,تسويق رقمي,تحسين محركات البحث,"منتجات, seo, تجارة إلكترونية, إدخال بيانات, نون",https://khamsat.com/marketing/ecommerce-seo/2929486-%D8%A3%D8%B6%D8%A7%D9%81%D8%A9-%D8%A5%D8%AF%D8%A7%D8%B1%D8%A9-%D9%85%D9%86%D8%AA%D8%AC-%D8%B9%D9%84%D9%89-%D9%85%D8%AA%D8%AC%D8%B1-%D9%86%D9%88%D9%86-%D8%A7%D9%84%D8%A8%D8%A7%D8%A6%D8%B9%D9%8A%D9%86-%D9%88%D8%AA%D8%AD%D8%B3%D9%8A%D9%86-%D8%A7%D9%84%D9%88%D8%B5%D9%81
اكتشف الكلمات المفتاحية ستجعل موقعك يتصدر جوجل بسهولة,.Hager E,5,4,منذ 13 يوم و7 ساعات,تسويق رقمي,تحسين محركات البحث,"seo, كلمات, كلمات مفتاحية, keywords, تحسين محركات البحث",https://khamsat.com/marketing/keyword-research/3814320-%D8%A7%D9%83%D8%AA%D8%B4%D9%81-%D8%A7%D9%84%D9%83%D9%84%D9%85%D8%A7%D8%AA-%D8%A7%D9%84%D9%85%D9%81%D8%AA%D8%A7%D8%AD%D9%8A%D8%A9-%D8%B3%D8%AA%D8%AC%D8%B9%D9%84-%D9%85%D9%88%D9%82%D8%B9%D9%83-%D9%8A%D8%AA%D8%B5%D8%AF%D8%B1-%D8%AC%D9%88%D8%AC%D9%84-%D8%A8%D8%B3%D9%87%D9%88%D9%84%D8%A9
رابط نصي في جامعة المنح للتعليم الإلكتروني,.Abdelwahab E,32,10,منذ سنتين و6 أشهر,تسويق رقمي,تحسين محركات البحث,"عن, موقعك, نصي, رابط, أعلن, دوفولو",https://khamsat.com/marketing/backlinks-building/413985-%D8%B1%D8%A7%D8%A8%D8%B7-%D9%86%D8%B5%D9%8A-%D9%81%D9%8A-%D8%AC%D8%A7%D9%85%D8%B9%D8%A9-%D8%A7%D9%84%D9%85%D9%86%D8%AD-%D9%84%D9%84%D8%AA%D8%B9%D9%84%D9%8A%D9%85-%D8%A7%D9%84%D8%A5%D9%84%D9%83%D8%AA%D8%B1%D9%88%D9%86%D9%8A
تحليل سرعة الموقع وتقرير تحسين متقدم LiteSpeed/Cloudflare,.Mahmoud F,0,0,Aucun avis,تسويق رقمي,تحسين محركات البحث,"ووردبريس, seo, تسريع, cloudflare, litespeed",https://khamsat.com/marketing/seo-audit/3882854-%D8%AA%D8%AD%D9%84%D9%8A%D9%84-%D8%B3%D8%B1%D8%B9%D8%A9-%D8%A7%D9%84%D9%85%D9%88%D9%82%D8%B9-%D9%88%D8%AA%D9%82%D8%B1%D9%8A%D8%B1-%D8%AA%D8%AD%D8%B3%D9%8A%D9%86-%D9%85%D8%AA%D9%82%D8%AF%D9%85-litespeedcloudflare
إصلاح أخطاء 404 وإنقاذ تصنيف السيو باستخدام Rank Math,.Mahmoud F,0,0,Aucun avis,تسويق رقمي,تحسين محركات البحث,"تحويل, 404, rank math, سيو تقني, redirection",https://khamsat.com/marketing/seo-services/3883013-%D8%A5%D8%B5%D9%84%D8%A7%D8%AD-%D8%A3%D8%AE%D8%B7%D8%A7%D8%A1-404-%D9%88%D8%A5%D9%86%D9%82%D8%A7%D8%B0-%D8%AA%D8%B5%D9%86%D9%8A%D9%81-%D8%A7%D9%84%D8%B3%D9%8A%D9%88-%D8%A8%D8%A7%D8%B3%D8%AA%D8%AE%D8%AF%D8%A7%D9%85-rank-math
احصل على باك لينكات عالية الجودة لتحسين ظهور موقعك فى جوجل,.Hager E,0,0,Aucun avis,تسويق رقمي,تحسين محركات البحث,"روابط, باك لينك, سيو, باكلينك, دوفلو",https://khamsat.com/marketing/backlinks-building/3815513-%D8%A7%D8%AD%D8%B5%D9%84-%D8%B9%D9%84%D9%89-%D8%A8%D8%A7%D9%83-%D9%84%D9%8A%D9%86%D9%83%D8%A7%D8%AA-%D8%B9%D8%A7%D9%84%D9%8A%D8%A9-%D8%A7%D9%84%D8%AC%D9%88%D8%AF%D8%A9-%D9%84%D8%AA%D8%AD%D8%B3%D9%8A%D9%86-%D8%B8%D9%87%D9%88%D8%B1-%D9%85%D9%88%D9%82%D8%B9%D9%83-%D9%81%D9%89-%D8%AC%D9%88%D8%AC%D9%84
تحليل سيو كامل لمنافسيك مع أهم الكلمات للتصدر عليهم,.Hager E,0,0,Aucun avis,تسويق رقمي,تحسين محركات البحث,"seo, سيو, المنافسين, كلمات مفتاحية, تحسين محركات البحث",https://khamsat.com/marketing/seo-competitor-analysis/3813482-%D8%AA%D8%AD%D9%84%D9%8A%D9%84-%D8%B3%D9%8A%D9%88-%D9%83%D8%A7%D9%85%D9%84-%D9%84%D9%85%D9%86%D8%A7%D9%81%D8%B3%D9%8A%D9%83-%D9%85%D8%B9-%D8%A3%D9%87%D9%85-%D8%A7%D9%84%D9%83%D9%84%D9%85%D8%A7%D8%AA-%D9%84%D9%84%D8%AA%D8%B5%D8%AF%D8%B1-%D8%B9%D9%84%D9%8A%D9%87%D9%85
كُن الأقوى في مجالك بإيجاد أهم الكلمات المفتاحية لموقعك.,.Abdelwahab E,5,2,منذ 6 سنوات و10 أشهر,تسويق رقمي,تحسين محركات البحث,"سيو, السيو, خدمات سيو, خدماتseo",https://khamsat.com/marketing/keyword-research/703217-%D9%83%D9%86-%D8%A7%D9%84%D8%A3%D9%82%D9%88%D9%89-%D9%81%D9%8A-%D9%85%D8%AC%D8%A7%D9%84%D9%83-%D8%A8%D8%A5%D9%8A%D8%AC%D8%A7%D8%AF-%D8%A3%D9%87%D9%85-%D8%A7%D9%84%D9%83%D9%84%D9%85%D8%A7%D8%AA-%D8%A7%D9%84%D9%85%D9%81%D8%AA%D8%A7%D8%AD%D9%8A%D8%A9-%D9%84%D9%85%D9%88%D9%82%D8%B9%D9%83
تهيئة منتجات ومقالات متجرك الإلكتروني للظهور في جوجل,.Hager E,2,2,منذ 16 يوم و12 ساعة,تسويق رقمي,تحسين محركات البحث,"منتجات, سيو, تهيئة, متجر الكتروني, سلة",https://khamsat.com/marketing/ecommerce-seo/3815575-%D8%AA%D9%87%D9%8A%D8%A6%D8%A9-%D9%85%D9%86%D8%AA%D8%AC%D8%A7%D8%AA-%D9%88%D9%85%D9%82%D8%A7%D9%84%D8%A7%D8%AA-%D9%85%D8%AA%D8%AC%D8%B1%D9%83-%D8%A7%D9%84%D8%A5%D9%84%D9%83%D8%AA%D8%B1%D9%88%D9%86%D9%8A-%D9%84%D9%84%D8%B8%D9%87%D9%88%D8%B1-%D9%81%D9%8A-%D8%AC%D9%88%D8%AC%D9%84
الصفحة المطلوبة غير موجودة,Non trouvé,Non trouvé,Non trouvé,Aucun avis,Inconnu,Inconnu,Aucun tag,https://khamsat.com/marketing/local-seo/2162753-%D8%A7%D8%B6%D8%A7%D9%81%D8%A9-%D9%85%D8%AD%D9%84%D9%83-%D8%A7%D9%88-%D8%B4%D8%B1%D9%83%D8%AA%D9%83-%D8%B9%D9%84%D9%8A-%D8%AE%D8%B1%D8%A7%D8%A6%D8%B7-%D8%AC%D9%88%D8%AC%D9%84
تحسين الظهور في جوجل لمتجرك علي منصة سلة وضبط إعدادات SEO,.Ziad E,61,48,منذ سنة وشهرين,تسويق رقمي,تحسين محركات البحث,"seo, الارشفة, تحسين محركات البحث, منصة سلة, متجر سلة",https://khamsat.com/marketing/ecommerce-seo/1672386-%D8%AA%D8%AD%D8%B3%D9%8A%D9%86-%D8%A7%D9%84%D8%B8%D9%87%D9%88%D8%B1-%D9%81%D9%8A-%D8%AC%D9%88%D8%AC%D9%84-%D9%84%D9%85%D8%AA%D8%AC%D8%B1%D9%83-%D8%B9%D9%84%D9%8A-%D9%85%D9%86%D8%B5%D8%A9-%D8%B3%D9%84%D8%A9-%D9%88%D8%B6%D8%A8%D8%B7-%D8%A5%D8%B9%D8%AF%D8%A7%D8%AF%D8%A7%D8%AA-seo
رفع متجرك الإلكتروني لتصدر نتائج بحث Google بكلمات مفتاحية,.Mohamed Y,26,18,منذ 10 أشهر و25 يوم,تسويق رقمي,تحسين محركات البحث,"محركات, أدله, باكلينك, دوفولو, تحسين محركات البحث",https://khamsat.com/marketing/backlinks-building/1606963-%D8%B1%D9%81%D8%B9-%D9%85%D8%AA%D8%AC%D8%B1%D9%83-%D8%A7%D9%84%D8%A5%D9%84%D9%83%D8%AA%D8%B1%D9%88%D9%86%D9%8A-%D9%84%D8%AA%D8%B5%D8%AF%D8%B1-%D9%86%D8%AA%D8%A7%D8%A6%D8%AC-%D8%A8%D8%AD%D8%AB-google-%D8%A8%D9%83%D9%84%D9%85%D8%A7%D8%AA-%D9%85%D9%81%D8%AA%D8%A7%D8%AD%D9%8A%D8%A9
تقرير سيو مفصل لموقعك,فاطمة ض.,3,2,منذ 3 سنوات وشهرين,تسويق رقمي,تحسين محركات البحث,سيو,https://khamsat.com/marketing/seo-audit/1119266-%D8%AA%D9%82%D8%B1%D9%8A%D8%B1-%D8%B3%D9%8A%D9%88-%D9%85%D9%81%D8%B5%D9%84-%D9%84%D9%85%D9%88%D9%82%D8%B9%D9%83
باك لينك,Non trouvé,Non trouvé,Non trouvé,Aucun avis,تسويق رقمي,تحسين محركات البحث,Aucun tag,https://khamsat.com/marketing/backlinks-building/1978687-%D8%A5%D8%B9%D9%84%D8%A7%D9%86-%D8%B1%D8%A7%D8%A8%D8%B7-%D9%86%D8%B5%D9%8A-%D9%81%D9%8A-%D9%85%D9%86%D8%B5%D8%A9-%D8%A7%D8%B3%D8%AA%D9%82%D9%84-%D9%85%D8%AA%D8%B5%D8%AF%D8%B1-%D8%AC%D9%88%D8%AC%D9%84-backlink-dofollow
الصفحة المطلوبة غير موجودة,Non trouvé,Non trouvé,Non trouvé,Aucun avis,Inconnu,Inconnu,Aucun tag,https://khamsat.com/marketing/backlinks-building/3193094-%D8%B1%D8%A7%D8%A8%D8%B7-%D9%86%D8%B5%D9%8A-%D8%AF%D9%88%D9%81%D9%84%D9%88-dofollow-%D9%81%D9%8A-%D9%85%D9%88%D9%82%D8%B9-%D8%AE%D8%AF%D9%85%D8%A7%D8%AA-%D9%85%D9%85%D9%8A%D8%B2-%D8%AF%D9%88%D9%85%D9%8A%D9%86-%D8%A7%D8%AB%D9%88%D8%B1%D8%AA%D9%89-49
الصفحة المطلوبة غير موجودة,Non trouvé,Non trouvé,Non trouvé,Aucun avis,Inconnu,Inconnu,Aucun tag,https://khamsat.com/marketing/backlinks-building/2631905-%D8%B1%D8%A7%D8%A8%D8%B7-%D9%86%D8%B5%D9%8A-backlink-dofollow-%D9%85%D9%86-%D9%85%D9%88%D9%82%D8%B9-%D8%A5%D8%AE%D8%A8%D8%A7%D8%B1%D9%8A-%D9%83%D8%A8%D9%8A%D8%B1-%D9%88%D9%85%D8%AA%D9%86%D9%88%D8%B9
جيست بوست أقوى موقع موثوق موقع كبير لتصدر في جوجل,محمود ع.,8,5,منذ سنة و4 أشهر,تسويق رقمي,تحسين محركات البحث,"نصي, باكلنك, جيست, جيست بوست, جست",https://khamsat.com/marketing/guest-posts/3028664-%D8%AC%D9%8A%D8%B3%D8%AA-%D8%A8%D9%88%D8%B3%D8%AA-%D8%A3%D9%82%D9%88%D9%89-%D9%85%D9%88%D9%82%D8%B9-%D9%85%D9%88%D8%AB%D9%88%D9%82-%D9%85%D9%88%D9%82%D8%B9-%D9%83%D8%A8%D9%8A%D8%B1-%D9%84%D8%AA%D8%B5%D8%AF%D8%B1-%D9%81%D9%8A-%D8%AC%D9%88%D8%AC%D9%84
تصدر نتائج البحث في يوتيوب,أحمد ا.,11,6,منذ سنة و4 أشهر,تسويق رقمي,تحسين محركات البحث,"تسويق, اليوتيوب, مفتاحية, تصدر, خدمات اليوتيوب",https://khamsat.com/marketing/youtube-seo/1497980-%D8%AA%D8%B5%D8%AF%D8%B1-%D9%86%D8%AA%D8%A7%D8%A6%D8%AC-%D8%A7%D9%84%D8%A8%D8%AD%D8%AB-%D9%81%D9%8A-%D9%8A%D9%88%D8%AA%D9%8A%D9%88%D8%A8
تحسين محتوى موقعك ليتصدر محركات البحث SEO Audit,.Fatma H,9,5,منذ 3 سنوات وشهر,تسويق رقمي,تحسين محركات البحث,"تحليل, محتوى, تحديث, seo, page, سيو, on, audit",https://khamsat.com/marketing/seo-audit/2068432-%D8%AA%D8%AD%D8%B3%D9%8A%D9%86-%D9%85%D8%AD%D8%AA%D9%88%D9%89-%D9%85%D9%88%D9%82%D8%B9%D9%83-%D9%84%D9%8A%D8%AA%D8%B5%D8%AF%D8%B1-%D9%85%D8%AD%D8%B1%D9%83%D8%A7%D8%AA-%D8%A7%D9%84%D8%A8%D8%AD%D8%AB-seo-audit
خدمة أرشفة المواقع بإنشاء خريطة لموقعك وتقديمها لجوجل.,.Abdelwahab E,8,4,منذ 9 أشهر ويومين,تسويق رقمي,تحسين محركات البحث,"أرشفة المواقع, تحسين أرشفة المواقع",https://khamsat.com/marketing/seo-services/691785-%D8%AE%D8%AF%D9%85%D8%A9-%D8%A3%D8%B1%D8%B4%D9%81%D8%A9-%D8%A7%D9%84%D9%85%D9%88%D8%A7%D9%82%D8%B9-%D8%A8%D8%A5%D9%86%D8%B4%D8%A7%D8%A1-%D8%AE%D8%B1%D9%8A%D8%B7%D8%A9-%D9%84%D9%85%D9%88%D9%82%D8%B9%D9%83-%D9%88%D8%AA%D9%82%D8%AF%D9%8A%D9%85%D9%87%D8%A7-%D9%84%D8%AC%D9%88%D8%AC%D9%84
الصفحة المطلوبة غير موجودة,Non trouvé,Non trouvé,Non trouvé,Aucun avis,Inconnu,Inconnu,Aucun tag,https://khamsat.com/marketing/backlinks-building/2716038-%D8%A8%D8%A7%D9%83-%D9%84%D9%8A%D9%86%D9%83-%D8%B1%D8%A7%D8%A8%D8%B7-%D9%86%D8%B5%D9%8A-backlink-dofollow-%D9%85%D9%86-%D9%85%D9%88%D9%82%D8%B9-%D8%B6%D8%AE%D9%85
سأضع رابط موقعك نصي في منتديات قوية للباك لينك دوفلو,.Mohammed A,6,4,منذ 3 أشهر و9 أيام,تسويق رقمي,تحسين محركات البحث,"اعلانات, ارشفة, رابط نصي, باك لينك, تصدر جوجل",https://khamsat.com/marketing/backlinks-building/2410117-%D8%B3%D8%A3%D8%B6%D8%B9-%D8%B1%D8%A7%D8%A8%D8%B7-%D9%85%D9%88%D9%82%D8%B9%D9%83-%D9%86%D8%B5%D9%8A-%D9%81%D9%8A-%D9%85%D9%86%D8%AA%D8%AF%D9%8A%D8%A7%D8%AA-%D9%82%D9%88%D9%8A%D8%A9-%D9%84%D9%84%D8%A8%D8%A7%D9%83-%D9%84%D9%8A%D9%86%D9%83-%D8%AF%D9%88%D9%81%D9%84%D9%88
بحث كلمات مفتاحية,Non trouvé,Non trouvé,Non trouvé,Aucun avis,تسويق رقمي,تحسين محركات البحث,Aucun tag,https://khamsat.com/marketing/keyword-research/2843337-%D8%A8%D8%AD%D8%AB-%D8%A7%D9%84%D9%83%D9%84%D9%85%D8%A7%D8%AA-%D8%A7%D9%84%D9%85%D9%81%D8%AA%D8%A7%D8%AD%D9%8A%D8%A9-%D9%84%D8%AA%D8%AD%D8%B3%D9%8A%D9%86-%D9%86%D8%AA%D8%A7%D8%A6%D8%AC%D9%83-%D9%81%D9%89-%D9%85%D8%AD%D8%B1%D9%83%D8%A7%D8%AA-%D8%A7%D9%84%D8%A8%D8%AD%D8%AB
سأقوم بعمل بحث كلمات مفتاحية احترافي لزيادة ظهور موقعك,.Youssef M,0,0,Aucun avis,تسويق رقمي,تحسين محركات البحث,"جوجل, كلمات مفتاحية, keywords, تسويق رقمي, تحسين السيو",https://khamsat.com/marketing/keyword-research/3793659-%D8%B3%D8%A3%D9%82%D9%88%D9%85-%D8%A8%D8%B9%D9%85%D9%84-%D8%A8%D8%AD%D8%AB-%D9%83%D9%84%D9%85%D8%A7%D8%AA-%D9%85%D9%81%D8%AA%D8%A7%D8%AD%D9%8A%D8%A9-%D8%A7%D8%AD%D8%AA%D8%B1%D8%A7%D9%81%D9%8A-%D9%84%D8%B2%D9%8A%D8%A7%D8%AF%D8%A9-%D8%B8%D9%87%D9%88%D8%B1-%D9%85%D9%88%D9%82%D8%B9%D9%83
فحص شامل لموقعك لكشف كل أخطاء السيو SEO وشرح الحلول ببساطة,.Mohammed A,295,177,منذ 9 أشهر و11 يوم,تسويق رقمي,تحسين محركات البحث,"اعلان, مدونة, بلوجر, اعلانات, اشهار, بانر, المواقع, seo, متجر",https://khamsat.com/marketing/seo-audit/1447028-%D9%81%D8%AD%D8%B5-%D8%B4%D8%A7%D9%85%D9%84-%D9%84%D9%85%D9%88%D9%82%D8%B9%D9%83-%D9%84%D9%83%D8%B4%D9%81-%D9%83%D9%84-%D8%A3%D8%AE%D8%B7%D8%A7%D8%A1-%D8%A7%D9%84%D8%B3%D9%8A%D9%88-seo-%D9%88%D8%B4%D8%B1%D8%AD-%D8%A7%D9%84%D8%AD%D9%84%D9%88%D9%84-%D8%A8%D8%A8%D8%B3%D8%A7%D8%B7%D8%A9
كلمات مفتاحية متوافقة مع السيو ومحركات البحث الأكثر ربحية,محمد ا.,0,0,Aucun avis,تسويق رقمي,تحسين محركات البحث,"ووردبريس, مواقع, كتابة, مقالات, seo, كلمات, سيو, بحثية, مفتاحية, keywords",https://khamsat.com/marketing/keyword-research/2740992-%D9%83%D9%84%D9%85%D8%A7%D8%AA-%D9%85%D9%81%D8%AA%D8%A7%D8%AD%D9%8A%D8%A9-%D9%85%D8%AA%D9%88%D8%A7%D9%81%D9%82%D8%A9-%D9%85%D8%B9-%D8%A7%D9%84%D8%B3%D9%8A%D9%88-%D9%88%D9%85%D8%AD%D8%B1%D9%83%D8%A7%D8%AA-%D8%A7%D9%84%D8%A8%D8%AD%D8%AB-%D8%A7%D9%84%D8%A3%D9%83%D8%AB%D8%B1-%D8%B1%D8%A8%D8%AD%D9%8A%D8%A9
كلمات مفتاحية ذهبية للتصدر في الصفحة الأولى,.Elzehiri E,0,0,Aucun avis,تسويق رقمي,تحسين محركات البحث,"seo, سيو, تحسين محركات البحث, تحسين السيو, كلمات مفتاحية عربية",https://khamsat.com/marketing/keyword-research/2675673-%D9%83%D9%84%D9%85%D8%A7%D8%AA-%D9%85%D9%81%D8%AA%D8%A7%D8%AD%D9%8A%D8%A9-%D8%B0%D9%87%D8%A8%D9%8A%D8%A9-%D9%84%D9%84%D8%AA%D8%B5%D8%AF%D8%B1-%D9%81%D9%8A-%D8%A7%D9%84%D8%B5%D9%81%D8%AD%D8%A9-%D8%A7%D9%84%D8%A3%D9%88%D9%84%D9%89
سيو احترافي لمتجرك على زد لرفع الظهور وزيادة المبيعات,رضوان ح.,0,0,Aucun avis,تسويق رقمي,تحسين محركات البحث,"seo, سيو, زد, تحسين محركات البحث, تحسين السيو",https://khamsat.com/marketing/ecommerce-seo/3309805-%D8%B3%D9%8A%D9%88-%D8%A7%D8%AD%D8%AA%D8%B1%D8%A7%D9%81%D9%8A-%D9%84%D9%85%D8%AA%D8%AC%D8%B1%D9%83-%D8%B9%D9%84%D9%89-%D8%B2%D8%AF-%D9%84%D8%B1%D9%81%D8%B9-%D8%A7%D9%84%D8%B8%D9%87%D9%88%D8%B1-%D9%88%D8%B2%D9%8A%D8%A7%D8%AF%D8%A9-%D8%A7%D9%84%D9%85%D8%A8%D9%8A%D8%B9%D8%A7%D8%AA
زيادة  تصنيف موقعك (DR ) على ahrefs الى 30,.Boualem H,11,5,منذ 7 أيام و11 ساعة,تسويق رقمي,تحسين محركات البحث,"seo, سيو, backlinks, تحسين محركات البحث, تصدر نتائج البحث",https://khamsat.com/marketing/backlinks-building/2973242-%D8%B2%D9%8A%D8%A7%D8%AF%D8%A9-%D8%AA%D8%B5%D9%86%D9%8A%D9%81-%D9%85%D9%88%D9%82%D8%B9%D9%83-dr-%D8%B9%D9%84%D9%89-ahrefs-%D8%A7%D9%84%D9%89-30
نشر مقال ترويجي جيست بوست guest post في مجموعة مواقع مميزة و,فاتن ع.,3,4,منذ سنة و16 يوم,تسويق رقمي,تحسين محركات البحث,"ووردبريس, تطوير مواقع, تسويق الكتروني, باك لينك, تحسين محركات البحث, خدمات seo, جيست بوست",https://khamsat.com/marketing/guest-posts/2390422-%D9%86%D8%B4%D8%B1-%D9%85%D9%82%D8%A7%D9%84-%D8%AA%D8%B1%D9%88%D9%8A%D8%AC%D9%8A-%D8%AC%D9%8A%D8%B3%D8%AA-%D8%A8%D9%88%D8%B3%D8%AA-guest-post-%D9%81%D9%8A-%D9%85%D8%AC%D9%85%D9%88%D8%B9%D8%A9-%D9%85%D9%88%D8%A7%D9%82%D8%B9-%D9%85%D9%85%D9%8A%D8%B2%D8%A9-%D9%88
ربط متاجرك على زد في خدمة جوجل Analytics و Search Console,.Hanan A,11,7,منذ 3 سنوات و6 أشهر,تسويق رقمي,تحسين محركات البحث,"بحث, تسويق, اعلانات, محتوى, seo",https://khamsat.com/marketing/ecommerce-seo/1956318-%D8%B1%D8%A8%D8%B7-%D9%85%D8%AA%D8%A7%D8%AC%D8%B1%D9%83-%D8%B9%D9%84%D9%89-%D8%B2%D8%AF-%D9%81%D9%8A-%D8%AE%D8%AF%D9%85%D8%A9-%D8%AC%D9%88%D8%AC%D9%84-analytics-%D9%88-search-console
عمل SEO للمنتجات متجرك في سلة salla,مختار ا.,0,0,Aucun avis,تسويق رقمي,تحسين محركات البحث,"seo, سيو, تحسين محركات البحث, تحسين السيو, متجر سلة",https://khamsat.com/marketing/ecommerce-seo/3884197-%D8%B9%D9%85%D9%84-seo-%D9%84%D9%84%D9%85%D9%86%D8%AA%D8%AC%D8%A7%D8%AA-%D9%85%D8%AA%D8%AC%D8%B1%D9%83-%D9%81%D9%8A-%D8%B3%D9%84%D8%A9-salla
سيو متاجر إلكترونية,Non trouvé,Non trouvé,Non trouvé,Aucun avis,تسويق رقمي,تحسين محركات البحث,Aucun tag,https://khamsat.com/marketing/ecommerce-seo/3254204-%D8%A7%D9%86%D8%B4%D8%A7%D8%A1-%D8%AD%D9%85%D9%84%D8%A7%D8%AA-%D8%A7%D8%B9%D9%84%D8%A7%D9%86%D9%8A%D8%A9-%D8%A7%D8%AD%D8%AA%D8%B1%D8%A7%D9%81%D9%8A%D8%A9-%D8%B9%D9%84%D9%89-%D8%A7%D9%85%D8%A7%D8%B2%D9%88%D9%86-%D9%88%D9%86%D9%88%D9%86
أعطيك ملف به 10 آلاف كلمة مفتاحية لموقعك ( حسب تصنيفه ) Keyw,.Youcef Nour Islam L,0,0,Aucun avis,تسويق رقمي,تحسين محركات البحث,"بلوجر, تحسين, سيو, السيو",https://khamsat.com/marketing/keyword-research/1335240-%D8%A3%D8%B9%D8%B7%D9%8A%D9%83-%D9%85%D9%84%D9%81-%D8%A8%D9%87-10-%D8%A2%D9%84%D8%A7%D9%81-%D9%83%D9%84%D9%85%D8%A9-%D9%85%D9%81%D8%AA%D8%A7%D8%AD%D9%8A%D8%A9-%D9%84%D9%85%D9%88%D9%82%D8%B9%D9%83-%D8%AD%D8%B3%D8%A8-%D8%AA%D8%B5%D9%86%D9%8A%D9%81%D9%87-keyw
تنفيذ كامل لتحسين محركات البحث (SEO) لموقعك,.Muhammed T,0,0,Aucun avis,تسويق رقمي,تحسين محركات البحث,"مواقع, تسويق الكتروني, seo, سيو, تحسين محركات البحث",https://khamsat.com/marketing/seo-audit/3881144-%D8%AA%D9%86%D9%81%D9%8A%D8%B0-%D9%83%D8%A7%D9%85%D9%84-%D9%84%D8%AA%D8%AD%D8%B3%D9%8A%D9%86-%D9%85%D8%AD%D8%B1%D9%83%D8%A7%D8%AA-%D8%A7%D9%84%D8%A8%D8%AD%D8%AB-seo-%D9%84%D9%85%D9%88%D9%82%D8%B9%D9%83
ربط متجر سلة مع التطبيقات الاضافية وخدمات جوجل,.Mohammed Nour A,3,1,منذ 3 سنوات و10 أشهر,تسويق رقمي,تحسين محركات البحث,"جوجل, google, قنوات, مخازن, merchant, analytics, سله, tags, أدز, zapier",https://khamsat.com/marketing/ecommerce-seo/2082773-%D8%B1%D8%A8%D8%B7-%D9%85%D8%AA%D8%AC%D8%B1-%D8%B3%D9%84%D8%A9-%D9%85%D8%B9-%D8%A7%D9%84%D8%AA%D8%B7%D8%A8%D9%8A%D9%82%D8%A7%D8%AA-%D8%A7%D9%84%D8%A7%D8%B6%D8%A7%D9%81%D9%8A%D8%A9-%D9%88%D8%AE%D8%AF%D9%85%D8%A7%D8%AA-%D8%AC%D9%88%D8%AC%D9%84
عمل seo لمتجرك وإضافة المنتجات على سلة,.Ahmed M,0,0,Aucun avis,تسويق رقمي,تحسين محركات البحث,"تسويق, تسويق الكتروني, seo, تحسين محركات البحث, تحسين السيو",https://khamsat.com/marketing/ecommerce-seo/3361438-%D8%B9%D9%85%D9%84-seo-%D9%84%D9%85%D8%AA%D8%AC%D8%B1%D9%83-%D9%88%D8%A5%D8%B6%D8%A7%D9%81%D8%A9-%D8%A7%D9%84%D9%85%D9%86%D8%AA%D8%AC%D8%A7%D8%AA-%D8%B9%D9%84%D9%89-%D8%B3%D9%84%D8%A9
"تقرير SEO Audit ""فحص شامل"" لموقعك",.Ayah H,0,0,Aucun avis,تسويق رقمي,تحسين محركات البحث,"موقع, تحليل, صفحة, الكتروني, site, متجر, سيو, وصف, map, keywords, meta, description, robot.text",https://khamsat.com/marketing/seo-audit/2200903-%D8%AA%D9%82%D8%B1%D9%8A%D8%B1-seo-audit-%D9%81%D8%AD%D8%B5-%D8%B4%D8%A7%D9%85%D9%84-%D9%84%D9%85%D9%88%D9%82%D8%B9%D9%83
رابطك النصي في 3 مواقع مميزة,.Mohammed A,95,59,منذ 11 شهر و15 ساعة,تسويق رقمي,تحسين محركات البحث,"موقع, روابط, اعلانات, نصي, رابط",https://khamsat.com/marketing/backlinks-building/1650452-%D8%B1%D8%A7%D8%A8%D8%B7%D9%83-%D8%A7%D9%84%D9%86%D8%B5%D9%8A-%D9%81%D9%8A-3-%D9%85%D9%88%D8%A7%D9%82%D8%B9-%D9%85%D9%85%D9%8A%D8%B2%D8%A9
سيو متاجر إلكترونية,Non trouvé,Non trouvé,Non trouvé,Aucun avis,تسويق رقمي,تحسين محركات البحث,Aucun tag,https://khamsat.com/marketing/ecommerce-seo/2812222-%D9%81%D8%AD%D8%B5-%D8%B4%D8%A7%D9%85%D9%84-%D9%84%D9%85%D8%AA%D8%AC%D8%B1%D9%83-%D9%84%D9%83%D8%B4%D9%81-%D9%83%D9%84-%D8%A3%D8%AE%D8%B7%D8%A7%D8%A1-%D8%A7%D9%84%D8%B3%D9%8A%D9%88-seo-%D9%88%D8%A8%D8%B9%D8%B6-%D8%A7%D9%84%D9%86%D8%B5%D8%A7%D8%A6%D8%AD-%D8%A7%D9%84%D9%87%D8%A7%D9%85%D8%A9
بحث كلمات مفتاحية,Non trouvé,Non trouvé,Non trouvé,Aucun avis,تسويق رقمي,تحسين محركات البحث,Aucun tag,https://khamsat.com/marketing/keyword-research/2989769-%D9%83%D9%84%D9%85%D8%A7%D8%AA-%D9%85%D9%81%D8%AA%D8%A7%D8%AD%D9%8A%D8%A9-%D9%85%D8%B3%D8%AA%D9%87%D8%AF%D9%81%D8%A9-%D9%84%D8%B1%D9%81%D8%B9-%D9%85%D9%88%D9%82%D8%B9%D9%83-%D8%A3%D9%88-%D9%85%D9%86%D8%AA%D8%AC%D9%83-%D9%81%D9%8A-%D9%86%D8%AA%D8%A7%D8%A6%D8%AC-%D8%A8%D8%AD%D8%AB-%D8%AC%D9%88%D8%AC%D9%84
تحليل سيو SEO شامل لموقع بلوجر blogger,حسام الدين ا.,0,0,Aucun avis,تسويق رقمي,تحسين محركات البحث,"بلوجر, كتابه, seo, سيو, مقاله",https://khamsat.com/marketing/ecommerce-seo/3879329-%D8%AA%D8%AD%D9%84%D9%8A%D9%84-%D8%B3%D9%8A%D9%88-seo-%D8%B4%D8%A7%D9%85%D9%84-%D9%84%D9%85%D9%88%D9%82%D8%B9-%D8%A8%D9%84%D9%88%D8%AC%D8%B1-blogger
تحليل سيو SEO شامل لموقع توسع  Twsaa SEO,حسام الدين ا.,0,0,Aucun avis,تسويق رقمي,تحسين محركات البحث,"seo, سيو, تحسين محركات البحث, تصدر نتائج البحث, توسع",https://khamsat.com/marketing/ecommerce-seo/3886034-%D8%AA%D8%AD%D9%84%D9%8A%D9%84-%D8%B3%D9%8A%D9%88-seo-%D8%B4%D8%A7%D9%85%D9%84-%D9%84%D9%85%D9%88%D9%82%D8%B9-%D8%AA%D9%88%D8%B3%D8%B9-twsaa-seo
إضافة باك لينك دوفولو لموقعك داخل موقع طبي قوي DA 19 – +100,حسام الدين ا.,1,1,منذ شهرين و15 يوم,تسويق رقمي,تحسين محركات البحث,"مقالات, backlink, باكلينك, السيو, دوفولو",https://khamsat.com/marketing/ecommerce-seo/3909675-%D8%A5%D8%B6%D8%A7%D9%81%D8%A9-%D8%A8%D8%A7%D9%83-%D9%84%D9%8A%D9%86%D9%83-%D8%AF%D9%88%D9%81%D9%88%D9%84%D9%88-%D9%84%D9%85%D9%88%D9%82%D8%B9%D9%83-%D8%AF%D8%A7%D8%AE%D9%84-%D9%85%D9%88%D9%82%D8%B9-%D8%B7%D8%A8%D9%8A-%D9%82%D9%88%D9%8A-da-19-100
ضع رابط موقعك ب6 مواقع باك لينك DA/PA عالي للتصدر بجوجل,.Mohammed A,3,2,منذ 6 أشهر و25 يوم,تسويق رقمي,تحسين محركات البحث,"روابط, اعلانات, نصي, رابط, متجر",https://khamsat.com/marketing/backlinks-building/2013933-%D8%B6%D8%B9-%D8%B1%D8%A7%D8%A8%D8%B7-%D9%85%D9%88%D9%82%D8%B9%D9%83-%D8%A86-%D9%85%D9%88%D8%A7%D9%82%D8%B9-%D8%A8%D8%A7%D9%83-%D9%84%D9%8A%D9%86%D9%83-dapa-%D8%B9%D8%A7%D9%84%D9%8A-%D9%84%D9%84%D8%AA%D8%B5%D8%AF%D8%B1-%D8%A8%D8%AC%D9%88%D8%AC%D9%84
سيو متاجر إلكترونية,Non trouvé,Non trouvé,Non trouvé,Aucun avis,تسويق رقمي,تحسين محركات البحث,Aucun tag,https://khamsat.com/marketing/ecommerce-seo/2927503-%D9%81%D8%AD%D8%B5-%D9%88%D8%AA%D8%AD%D9%84%D9%8A%D9%84-%D8%A7%D9%84%D8%B3%D9%8A%D9%88-%D9%84%D9%85%D8%AA%D8%AC%D8%B1%D9%83-%D8%A7%D9%84%D8%A5%D9%84%D9%83%D8%AA%D8%B1%D9%88%D9%86%D9%8A-%D8%B9%D9%84%D9%89-%D8%B3%D9%84%D8%A9-%D8%A7%D9%88-%D8%B2%D8%AF-salla-seo
وضع خطة محتوى إحترافية لتصدر نتائج البحث,.Tareq B,0,0,Aucun avis,تسويق رقمي,تحسين محركات البحث,"مواقع, تحليل, seo, كلمات مفتاحية, تصدر نتائج البحث",https://khamsat.com/marketing/keyword-research/3289334-%D9%88%D8%B6%D8%B9-%D8%AE%D8%B7%D8%A9-%D9%85%D8%AD%D8%AA%D9%88%D9%89-%D8%A5%D8%AD%D8%AA%D8%B1%D8%A7%D9%81%D9%8A%D8%A9-%D9%84%D8%AA%D8%B5%D8%AF%D8%B1-%D9%86%D8%AA%D8%A7%D8%A6%D8%AC-%D8%A7%D9%84%D8%A8%D8%AD%D8%AB
تحليل سيو SEO شامل لمواقع زدZid,حسام الدين ا.,0,0,Aucun avis,تسويق رقمي,تحسين محركات البحث,"مواقع, seo, تحسين محركات البحث, تجارةالكترونية, zid",https://khamsat.com/marketing/seo-audit/3348581-%D8%AA%D8%AD%D9%84%D9%8A%D9%84-%D8%B3%D9%8A%D9%88-seo-%D8%B4%D8%A7%D9%85%D9%84-%D9%84%D9%85%D9%88%D8%A7%D9%82%D8%B9-%D8%B2%D8%AFzid
تحليل سيو SEO شامل لمواقع شوبيفاى Shopify,حسام الدين ا.,0,0,Aucun avis,تسويق رقمي,تحسين محركات البحث,"seo, سيو, تحسين محركات البحث, shopify, شوبيفاى",https://khamsat.com/marketing/seo-audit/3352789-%D8%AA%D8%AD%D9%84%D9%8A%D9%84-%D8%B3%D9%8A%D9%88-seo-%D8%B4%D8%A7%D9%85%D9%84-%D9%84%D9%85%D9%88%D8%A7%D9%82%D8%B9-%D8%B4%D9%88%D8%A8%D9%8A%D9%81%D8%A7%D9%89-shopify
تحليل سيو SEO شامل لمواقع جمله Joomla,حسام الدين ا.,0,0,Aucun avis,تسويق رقمي,تحسين محركات البحث,"تحليل, joomla, seo, تحسين محركات البحث, جمله",https://khamsat.com/marketing/seo-audit/3353018-%D8%AA%D8%AD%D9%84%D9%8A%D9%84-%D8%B3%D9%8A%D9%88-seo-%D8%B4%D8%A7%D9%85%D9%84-%D9%84%D9%85%D9%88%D8%A7%D9%82%D8%B9-%D8%AC%D9%85%D9%84%D9%87-joomla
+ 690 باكلينك دوفولو متنوع في مواقع مدونات وويكي,.Mourad C,0,0,Aucun avis,تسويق رقمي,تحسين محركات البحث,"باكلينك, باكلينكس, باكلينكات, تحسين السيو, مسك الكلمات المفتاحية",https://khamsat.com/marketing/backlinks-building/3074123-690-%D8%A8%D8%A7%D9%83%D9%84%D9%8A%D9%86%D9%83-%D8%AF%D9%88%D9%81%D9%88%D9%84%D9%88-%D9%85%D8%AA%D9%86%D9%88%D8%B9-%D9%81%D9%8A-%D9%85%D9%88%D8%A7%D9%82%D8%B9-%D9%85%D8%AF%D9%88%D9%86%D8%A7%D8%AA-%D9%88%D9%88%D9%8A%D9%83%D9%8A
تحليل سيو SEO شامل لمواقع ويكس WIX,حسام الدين ا.,0,0,Aucun avis,تسويق رقمي,تحسين محركات البحث,"seo, سيو, السيو, wix, ويكس",https://khamsat.com/marketing/seo-audit/3352550-%D8%AA%D8%AD%D9%84%D9%8A%D9%84-%D8%B3%D9%8A%D9%88-seo-%D8%B4%D8%A7%D9%85%D9%84-%D9%84%D9%85%D9%88%D8%A7%D9%82%D8%B9-%D9%88%D9%8A%D9%83%D8%B3-wix
فحص سيو SEO  متجرك او موقعك الإلكتروني,.Nisreen E,0,0,Aucun avis,تسويق رقمي,تحسين محركات البحث,"seo, سيو, تحسين محركات البحث, تصدر نتائج البحث, تحسين السيو",https://khamsat.com/marketing/seo-audit/3654627-%D9%81%D8%AD%D8%B5-%D8%B3%D9%8A%D9%88-seo-%D9%85%D8%AA%D8%AC%D8%B1%D9%83-%D8%A7%D9%88-%D9%85%D9%88%D9%82%D8%B9%D9%83-%D8%A7%D9%84%D8%A5%D9%84%D9%83%D8%AA%D8%B1%D9%88%D9%86%D9%8A
سيو يوتيوب لرفع ترتيب الفيديوهات,.Nisreen E,0,0,Aucun avis,تسويق رقمي,تحسين محركات البحث,"جوجل, تحسين محركات البحث, تصدر نتائج البحث, seo youtube, سيو يوتيوب",https://khamsat.com/marketing/youtube-seo/3654545-%D8%B3%D9%8A%D9%88-%D9%8A%D9%88%D8%AA%D9%8A%D9%88%D8%A8-%D9%84%D8%B1%D9%81%D8%B9-%D8%AA%D8%B1%D8%AA%D9%8A%D8%A8-%D8%A7%D9%84%D9%81%D9%8A%D8%AF%D9%8A%D9%88%D9%87%D8%A7%D8%AA
تعديل مقالات لتكون متوافقة مع السيو على وورد بريس,.Amel S,6,5,منذ سنة وشهرين,تسويق رقمي,تحسين محركات البحث,"وورد, بريس, تعديل, البحث, محركات, السيو, تصدر",https://khamsat.com/marketing/seo-services/1643663-%D8%AA%D8%B9%D8%AF%D9%8A%D9%84-%D9%85%D9%82%D8%A7%D9%84%D8%A7%D8%AA-%D9%84%D8%AA%D9%83%D9%88%D9%86-%D9%85%D8%AA%D9%88%D8%A7%D9%81%D9%82%D8%A9-%D9%85%D8%B9-%D8%A7%D9%84%D8%B3%D9%8A%D9%88-%D8%B9%D9%84%D9%89-%D9%88%D9%88%D8%B1%D8%AF-%D8%A8%D8%B1%D9%8A%D8%B3
تحليل SEO دقيق وشامل للمنافسين,.Tareq B,0,0,Aucun avis,تسويق رقمي,تحسين محركات البحث,"مواقع, تحليل, seo, سيو, منافسين",https://khamsat.com/marketing/seo-competitor-analysis/3266806-%D8%AA%D8%AD%D9%84%D9%8A%D9%84-seo-%D8%AF%D9%82%D9%8A%D9%82-%D9%88%D8%B4%D8%A7%D9%85%D9%84-%D9%84%D9%84%D9%85%D9%86%D8%A7%D9%81%D8%B3%D9%8A%D9%86
تحليل سيو SEO شامل لمواقع سله salla,حسام الدين ا.,1,1,منذ 4 أشهر و15 يوم,تسويق رقمي,تحسين محركات البحث,"تحليل, seo, تحسين محركات البحث, salla, منصة سلة",https://khamsat.com/marketing/seo-audit/3348531-%D8%AA%D8%AD%D9%84%D9%8A%D9%84-%D8%B3%D9%8A%D9%88-seo-%D8%B4%D8%A7%D9%85%D9%84-%D9%84%D9%85%D9%88%D8%A7%D9%82%D8%B9-%D8%B3%D9%84%D9%87-salla
ارشفة احترافية لموقعك فى جوجل فى خلال 3 ايام,علاء ه.,42,34,منذ 10 أشهر و27 يوم,تسويق رقمي,تحسين محركات البحث,"تسويق, ارشفة, موقعك, seo, باك, تحسين, لينك, البحث, أرشفة, سيو",https://khamsat.com/marketing/seo-services/1615947-%D8%A7%D8%B1%D8%B4%D9%81%D8%A9-%D8%A7%D8%AD%D8%AA%D8%B1%D8%A7%D9%81%D9%8A%D8%A9-%D9%84%D9%85%D9%88%D9%82%D8%B9%D9%83-%D9%81%D9%89-%D8%AC%D9%88%D8%AC%D9%84-%D9%81%D9%89-%D8%AE%D9%84%D8%A7%D9%84-3-%D8%A7%D9%8A%D8%A7%D9%85
اضع لك رابطك النصي في متجر خدمة لي,.Mohammed A,5,4,منذ 7 أشهر و29 يوم,تسويق رقمي,تحسين محركات البحث,"إعلان, نصي, رابط, backlink, dofollow",https://khamsat.com/marketing/backlinks-building/2000286-%D8%A7%D8%B6%D8%B9-%D9%84%D9%83-%D8%B1%D8%A7%D8%A8%D8%B7%D9%83-%D8%A7%D9%84%D9%86%D8%B5%D9%8A-%D9%81%D9%8A-%D9%85%D8%AA%D8%AC%D8%B1-%D8%AE%D8%AF%D9%85%D8%A9-%D9%84%D9%8A
دراسة منافسين وتحليل swot,ولاء ع.,0,0,Aucun avis,تسويق رقمي,تحسين محركات البحث,"تحليل, تسويق الكتروني, خطة تسويقية, المنافسين, تحليل بيانات",https://khamsat.com/marketing/seo-competitor-analysis/3645354-%D8%AF%D8%B1%D8%A7%D8%B3%D8%A9-%D9%85%D9%86%D8%A7%D9%81%D8%B3%D9%8A%D9%86-%D9%88%D8%AA%D8%AD%D9%84%D9%8A%D9%84-swot
تحسين السيو والسرعة لموقعك على ووردبريس,ابراهيم ح.,2,1,منذ 9 أشهر و21 يوم,تسويق رقمي,تحسين محركات البحث,"ووردبرس, seo, تحسين محركات البحث, خدمات ووردبريس, تحسين السيو",https://khamsat.com/marketing/ecommerce-seo/3206769-%D8%AA%D8%AD%D8%B3%D9%8A%D9%86-%D8%A7%D9%84%D8%B3%D9%8A%D9%88-%D9%88%D8%A7%D9%84%D8%B3%D8%B1%D8%B9%D8%A9-%D9%84%D9%85%D9%88%D9%82%D8%B9%D9%83-%D8%B9%D9%84%D9%89-%D9%88%D9%88%D8%B1%D8%AF%D8%A8%D8%B1%D9%8A%D8%B3
ادارة متجر امازون  بأضافة المنتجات و عمل افضل ليستينج,.Maged H,0,0,Aucun avis,تسويق رقمي,تحسين محركات البحث,"تحليل, amazon, تجارة الكترونية, امازون, اضافة منتجات",https://khamsat.com/marketing/ecommerce-seo/3217708-%D8%A7%D8%AF%D8%A7%D8%B1%D8%A9-%D9%85%D8%AA%D8%AC%D8%B1-%D8%A7%D9%85%D8%A7%D8%B2%D9%88%D9%86-%D8%A8%D8%A3%D8%B6%D8%A7%D9%81%D8%A9-%D8%A7%D9%84%D9%85%D9%86%D8%AA%D8%AC%D8%A7%D8%AA-%D9%88-%D8%B9%D9%85%D9%84-%D8%A7%D9%81%D8%B6%D9%84-%D9%84%D9%8A%D8%B3%D8%AA%D9%8A%D9%86%D8%AC
نشر مقالك التقني على موقع تقني.نت,محمد ب.,1,0,Aucun avis,تسويق رقمي,تحسين محركات البحث,"مقال, نشر, المواقع, باك, بوست, guest",https://khamsat.com/marketing/guest-posts/2612226-%D9%86%D8%B4%D8%B1-%D9%85%D9%82%D8%A7%D9%84%D9%83-%D8%A7%D9%84%D8%AA%D9%82%D9%86%D9%8A-%D8%B9%D9%84%D9%89-%D9%85%D9%88%D9%82%D8%B9-%D8%AA%D9%82%D9%86%D9%8A.%D9%86%D8%AA
إنشاء روابط عبر مقالات Wiki في مواقع ويكي عالية الجودة,.Md R,0,0,Aucun avis,تسويق رقمي,تحسين محركات البحث,"seo, backlink, wiki, engines",https://khamsat.com/marketing/backlinks-building/3286704-%D8%A5%D9%86%D8%B4%D8%A7%D8%A1-%D8%B1%D9%88%D8%A7%D8%A8%D8%B7-%D8%B9%D8%A8%D8%B1-%D9%85%D9%82%D8%A7%D9%84%D8%A7%D8%AA-wiki-%D9%81%D9%8A-%D9%85%D9%88%D8%A7%D9%82%D8%B9-%D9%88%D9%8A%D9%83%D9%8A-%D8%B9%D8%A7%D9%84%D9%8A%D8%A9-%D8%A7%D9%84%D8%AC%D9%88%D8%AF%D8%A9
اجراء اي تعديل على خرائط جوجل,.Abdulaziz B,0,0,Aucun avis,تسويق رقمي,تحسين محركات البحث,"اضافة, جوجل, تعديل, خرائط, ماب",https://khamsat.com/marketing/local-seo/3668283-%D8%A7%D8%AC%D8%B1%D8%A7%D8%A1-%D8%A7%D9%8A-%D8%AA%D8%B9%D8%AF%D9%8A%D9%84-%D8%B9%D9%84%D9%89-%D8%AE%D8%B1%D8%A7%D8%A6%D8%B7-%D8%AC%D9%88%D8%AC%D9%84
تحسين محركات البحث لمتجر الكتروني علي سلة,.Mohamed A,2,3,منذ شهرين و19 يوم,تسويق رقمي,تحسين محركات البحث,"seo, تحسين محركات البحث, تحسين السيو, salla, متجر سلة",https://khamsat.com/marketing/ecommerce-seo/2989628-%D8%AA%D8%AD%D8%B3%D9%8A%D9%86-%D9%85%D8%AD%D8%B1%D9%83%D8%A7%D8%AA-%D8%A7%D9%84%D8%A8%D8%AD%D8%AB-%D9%84%D9%85%D8%AA%D8%AC%D8%B1-%D8%A7%D9%84%D9%83%D8%AA%D8%B1%D9%88%D9%86%D9%8A-%D8%B9%D9%84%D9%8A-%D8%B3%D9%84%D8%A9
يدويا  باك لينك pr9 اثيورتي 90 لمسك كلمات مفتاحية,.Mohamed Y,47,31,منذ سنة و9 أشهر,تسويق رقمي,تحسين محركات البحث,"باكلينك, باكلينكس, دوفولو, تصدر نتائج البحث",https://khamsat.com/marketing/backlinks-building/954648-%D9%8A%D8%AF%D9%88%D9%8A%D8%A7-%D8%A8%D8%A7%D9%83-%D9%84%D9%8A%D9%86%D9%83-pr9-%D8%A7%D8%AB%D9%8A%D9%88%D8%B1%D8%AA%D9%8A-90-%D9%84%D9%85%D8%B3%D9%83-%D9%83%D9%84%D9%85%D8%A7%D8%AA-%D9%85%D9%81%D8%AA%D8%A7%D8%AD%D9%8A%D8%A9
تحسين محركات البحث لمتجر الكتروني علي سلة,.Hanan A,0,0,Aucun avis,تسويق رقمي,تحسين محركات البحث,"seo, متجر, سيو, تحسين محركات البحث, المتجر, سلة, تصدر نتائج البحث, سله, salla, متجر سلة",https://khamsat.com/marketing/ecommerce-seo/2490813-%D8%AA%D8%AD%D8%B3%D9%8A%D9%86-%D9%85%D8%AD%D8%B1%D9%83%D8%A7%D8%AA-%D8%A7%D9%84%D8%A8%D8%AD%D8%AB-%D9%84%D9%85%D8%AA%D8%AC%D8%B1-%D8%A7%D9%84%D9%83%D8%AA%D8%B1%D9%88%D9%86%D9%8A-%D8%B9%D9%84%D9%8A-%D8%B3%D9%84%D8%A9
تحسين محركات البحث لمتجر الكتروني علي سلة,.Hanan A,0,0,Aucun avis,تسويق رقمي,تحسين محركات البحث,"seo, متجر, سيو, تحسين محركات البحث, المتجر, سلة, تصدر نتائج البحث, سله, salla, متجر سلة",https://khamsat.com/marketing/ecommerce-seo/2490813-%D8%AA%D8%AD%D8%B3%D9%8A%D9%86-%D9%85%D8%AD%D8%B1%D9%83%D8%A7%D8%AA-%D8%A7%D9%84%D8%A8%D8%AD%D8%AB-%D9%84%D9%85%D8%AA%D8%AC%D8%B1-%D8%A7%D9%84%D9%83%D8%AA%D8%B1%D9%88%D9%86%D9%8A-%D8%B9%D9%84%D9%8A-%D8%B3%D9%84%D8%A9
خدمات سيو أخرى,Non trouvé,Non trouvé,Non trouvé,Aucun avis,تسويق رقمي,تحسين محركات البحث,Aucun tag,https://khamsat.com/marketing/seo-services/2426269-%D8%AA%D8%AD%D8%B3%D9%8A%D9%86-%D8%B8%D9%87%D9%88%D8%B1-%D9%85%D9%88%D9%82%D8%B9%D9%83-%D9%88%D8%A3%D8%B1%D8%B4%D9%81%D8%AA%D9%87-%D9%88%D8%AA%D8%B5%D8%AF%D8%B1-%D9%85%D8%AD%D8%B1%D9%83%D8%A7%D8%AA-%D8%A7%D9%84%D8%A8%D8%AD%D8%AB
عمل ايميل بدومين موقعك على منصة سلة,.Hanan A,0,0,Aucun avis,تسويق رقمي,تحسين محركات البحث,"بحث, تسويق, اعلانات, محتوى, بريد, الكتروني, seo, اميل",https://khamsat.com/marketing/ecommerce-seo/2304554-%D8%B9%D9%85%D9%84-%D8%A7%D9%8A%D9%85%D9%8A%D9%84-%D8%A8%D8%AF%D9%88%D9%85%D9%8A%D9%86-%D9%85%D9%88%D9%82%D8%B9%D9%83-%D8%B9%D9%84%D9%89-%D9%85%D9%86%D8%B5%D8%A9-%D8%B3%D9%84%D8%A9
خطة سيو‏SEO‏ شاملة لتحسين متاجر سلة وزد وغيرها للتصدر ‏بجوجل,.Bassem A,15,9,منذ 5 أشهر و23 يوم,تسويق رقمي,تحسين محركات البحث,"seo, خطة, متجر الكتروني, تحسين السيو, متجر سلة",https://khamsat.com/marketing/ecommerce-seo/2958455-%D8%AE%D8%B7%D8%A9-%D8%B3%D9%8A%D9%88seo-%D8%B4%D8%A7%D9%85%D9%84%D8%A9-%D9%84%D8%AA%D8%AD%D8%B3%D9%8A%D9%86-%D9%85%D8%AA%D8%A7%D8%AC%D8%B1-%D8%B3%D9%84%D8%A9-%D9%88%D8%B2%D8%AF-%D9%88%D8%BA%D9%8A%D8%B1%D9%87%D8%A7-%D9%84%D9%84%D8%AA%D8%B5%D8%AF%D8%B1-%D8%A8%D8%AC%D9%88%D8%AC%D9%84
قم بإضافة BACKLINK أو GUEST POST في موقع brameg.org,.Mohammad S,0,0,Aucun avis,تسويق رقمي,تحسين محركات البحث,"seo, باك لينك, سيو, تحسين السيو, guestpost",https://khamsat.com/marketing/guest-posts/2509173-%D9%82%D9%85-%D8%A8%D8%A5%D8%B6%D8%A7%D9%81%D8%A9-backlink-%D8%A3%D9%88-guest-post-%D9%81%D9%8A-%D9%85%D9%88%D9%82%D8%B9-brameg.org
بحث كلمات مفتاحية,Non trouvé,Non trouvé,Non trouvé,Aucun avis,تسويق رقمي,تحسين محركات البحث,Aucun tag,https://khamsat.com/marketing/keyword-research/2735269-%D8%A7%D8%B3%D8%AA%D8%AE%D8%B1%D8%A7%D8%AC-%D8%A7%D9%84%D9%83%D9%84%D9%85%D8%A7%D8%AA-%D8%A7%D9%84%D9%85%D9%81%D8%AA%D8%A7%D8%AD%D9%8A%D8%A9-%D8%A7%D9%84%D8%A3%D9%83%D8%AB%D8%B1-%D8%A8%D8%AD%D8%AB%D8%A7-%D9%84%D9%84%D8%AA%D8%B5%D8%AF%D8%B1-%D9%81%D9%89-%D8%AC%D9%88%D8%AC%D9%84
خطة كاملة تحسين محركات البحث وعمل SEO لموقعك,.Mohamed S,1,0,Aucun avis,تسويق رقمي,تحسين محركات البحث,"seo, وردبرس, سيو, تحسين محركات البحث, تحسين السيو",https://khamsat.com/marketing/ecommerce-seo/3734054-%D8%AE%D8%B7%D8%A9-%D9%83%D8%A7%D9%85%D9%84%D8%A9-%D8%AA%D8%AD%D8%B3%D9%8A%D9%86-%D9%85%D8%AD%D8%B1%D9%83%D8%A7%D8%AA-%D8%A7%D9%84%D8%A8%D8%AD%D8%AB-%D9%88%D8%B9%D9%85%D9%84-seo-%D9%84%D9%85%D9%88%D9%82%D8%B9%D9%83
إضافة نشاطك التجاري على قوقل ماب  Google Map,صالح ع.,1,0,Aucun avis,تسويق رقمي,تحسين محركات البحث,"جوجل, google, قوقل, خرائط, ماب, جوجل ماب, نشاط تجاري, قوقل ماب, اضافة موقع علي قوقل ماب, اثبات ملكية نشاط تجاري",https://khamsat.com/marketing/seo-services/2833070-%D8%A5%D8%B6%D8%A7%D9%81%D8%A9-%D9%86%D8%B4%D8%A7%D8%B7%D9%83-%D8%A7%D9%84%D8%AA%D8%AC%D8%A7%D8%B1%D9%8A-%D8%B9%D9%84%D9%89-%D9%82%D9%88%D9%82%D9%84-%D9%85%D8%A7%D8%A8-google-map
إضافة نشاطك التجاري على خرائط جوجل,.Mina S,0,1,منذ سنتين و10 أشهر,تسويق رقمي,تحسين محركات البحث,"تسويق, تسويق الكتروني, جوجل, اعلانات جوجل, google, خرائط, التجاري, maps, نشاطي, مابس",https://khamsat.com/marketing/local-seo/2659815-%D8%A5%D8%B6%D8%A7%D9%81%D8%A9-%D9%86%D8%B4%D8%A7%D8%B7%D9%83-%D8%A7%D9%84%D8%AA%D8%AC%D8%A7%D8%B1%D9%8A-%D8%B9%D9%84%D9%89-%D8%AE%D8%B1%D8%A7%D8%A6%D8%B7-%D8%AC%D9%88%D8%AC%D9%84
سأقوم بتحليل سيو شامل لموقعك مع تقرير وخطة تحسين احترافيه,عمر ع.,2,1,منذ 5 أشهر و13 يوم,تسويق رقمي,تحسين محركات البحث,"مواقع, تحليل, الكتروني, seo, تحسين السيو",https://khamsat.com/marketing/seo-audit/3303685-%D8%B3%D8%A3%D9%82%D9%88%D9%85-%D8%A8%D8%AA%D8%AD%D9%84%D9%8A%D9%84-%D8%B3%D9%8A%D9%88-%D8%B4%D8%A7%D9%85%D9%84-%D9%84%D9%85%D9%88%D9%82%D8%B9%D9%83-%D9%85%D8%B9-%D8%AA%D9%82%D8%B1%D9%8A%D8%B1-%D9%88%D8%AE%D8%B7%D8%A9-%D8%AA%D8%AD%D8%B3%D9%8A%D9%86-%D8%A7%D8%AD%D8%AA%D8%B1%D8%A7%D9%81%D9%8A%D9%87
تحليل وتحسين سيو لمتجرك الإلكتروني على سلة SEO لرفع الزيارات,محمد ع.,0,0,Aucun avis,تسويق رقمي,تحسين محركات البحث,"seo, تحسين محركات البحث, تحليل سيو, متجر سلة salla, تحسين سيو seo متجر salla",https://khamsat.com/marketing/ecommerce-seo/3137966-%D8%AA%D8%AD%D9%84%D9%8A%D9%84-%D9%88%D8%AA%D8%AD%D8%B3%D9%8A%D9%86-%D8%B3%D9%8A%D9%88-%D9%84%D9%85%D8%AA%D8%AC%D8%B1%D9%83-%D8%A7%D9%84%D8%A5%D9%84%D9%83%D8%AA%D8%B1%D9%88%D9%86%D9%8A-%D8%B9%D9%84%D9%89-%D8%B3%D9%84%D8%A9-seo-%D9%84%D8%B1%D9%81%D8%B9-%D8%A7%D9%84%D8%B2%D9%8A%D8%A7%D8%B1%D8%A7%D8%AA
سأقوم ببحث كلمات مفتاحية احترافي لتحسين سيو وزيارات موقعك,عمر ع.,0,0,Aucun avis,تسويق رقمي,تحسين محركات البحث,"كلمات مفتاحية, keywords, تحسين محركات البحث, تصدر نتائج البحث, تحسين السيو",https://khamsat.com/marketing/keyword-research/3311372-%D8%B3%D8%A3%D9%82%D9%88%D9%85-%D8%A8%D8%A8%D8%AD%D8%AB-%D9%83%D9%84%D9%85%D8%A7%D8%AA-%D9%85%D9%81%D8%AA%D8%A7%D8%AD%D9%8A%D8%A9-%D8%A7%D8%AD%D8%AA%D8%B1%D8%A7%D9%81%D9%8A-%D9%84%D8%AA%D8%AD%D8%B3%D9%8A%D9%86-%D8%B3%D9%8A%D9%88-%D9%88%D8%B2%D9%8A%D8%A7%D8%B1%D8%A7%D8%AA-%D9%85%D9%88%D9%82%D8%B9%D9%83
تحسين متجرك الالكتروني علي خرائط جوجل,.Ramadan S,1,2,منذ سنتين و11 شهر,تسويق رقمي,تحسين محركات البحث,"تطوير, مواقع, كتابة, تحسين محركات البحث",https://khamsat.com/marketing/local-seo/2508578-%D8%AA%D8%AD%D8%B3%D9%8A%D9%86-%D9%85%D8%AA%D8%AC%D8%B1%D9%83-%D8%A7%D9%84%D8%A7%D9%84%D9%83%D8%AA%D8%B1%D9%88%D9%86%D9%8A-%D8%B9%D9%84%D9%8A-%D8%AE%D8%B1%D8%A7%D8%A6%D8%B7-%D8%AC%D9%88%D8%AC%D9%84
اضافة بيانات متجرك او نشاطك التجارى علي خرائط جوجل,.Ramadan S,2,1,منذ 4 سنوات وشهرين,تسويق رقمي,تحسين محركات البحث,"جوجل, خرائط, نشاطك, ماب",https://khamsat.com/marketing/local-seo/2021126-%D8%A7%D8%B6%D8%A7%D9%81%D8%A9-%D8%A8%D9%8A%D8%A7%D9%86%D8%A7%D8%AA-%D9%85%D8%AA%D8%AC%D8%B1%D9%83-%D8%A7%D9%88-%D9%86%D8%B4%D8%A7%D8%B7%D9%83-%D8%A7%D9%84%D8%AA%D8%AC%D8%A7%D8%B1%D9%89-%D8%B9%D9%84%D9%8A-%D8%AE%D8%B1%D8%A7%D8%A6%D8%B7-%D8%AC%D9%88%D8%AC%D9%84
البحث عن نيتش قوي وكلمات مفتاحيه لكتابك على kdp امازون,.Mai M,0,0,Aucun avis,تسويق رقمي,تحسين محركات البحث,"كلمات مفتاحيه, كيندل, keywords, amzon, نيش, kindle, kdp, publisher rocket, كاتيجوري, كيندل أمازون",https://khamsat.com/marketing/keyword-research/2841444-%D8%A7%D9%84%D8%A8%D8%AD%D8%AB-%D8%B9%D9%86-%D9%86%D9%8A%D8%AA%D8%B4-%D9%82%D9%88%D9%8A-%D9%88%D9%83%D9%84%D9%85%D8%A7%D8%AA-%D9%85%D9%81%D8%AA%D8%A7%D8%AD%D9%8A%D9%87-%D9%84%D9%83%D8%AA%D8%A7%D8%A8%D9%83-%D8%B9%D9%84%D9%89-kdp-%D8%A7%D9%85%D8%A7%D8%B2%D9%88%D9%86
أفضل 40 كلمات مفتاحية للموقع لتصدر الموقع وزياده الزوار,شروق أ.,1,0,Aucun avis,تسويق رقمي,تحسين محركات البحث,"زوار, كلمات, سيو, مفتاحية, keyword",https://khamsat.com/marketing/keyword-research/1196067-%D8%A3%D9%81%D8%B6%D9%84-40-%D9%83%D9%84%D9%85%D8%A7%D8%AA-%D9%85%D9%81%D8%AA%D8%A7%D8%AD%D9%8A%D8%A9-%D9%84%D9%84%D9%85%D9%88%D9%82%D8%B9-%D9%84%D8%AA%D8%B5%D8%AF%D8%B1-%D8%A7%D9%84%D9%85%D9%88%D9%82%D8%B9-%D9%88%D8%B2%D9%8A%D8%A7%D8%AF%D9%87-%D8%A7%D9%84%D8%B2%D9%88%D8%A7%D8%B1
باك لينك عالية المستوى يدوي وآمن 100% مع تقرير شامل,.Abdallatef D,4,4,منذ سنة و8 أشهر,تسويق رقمي,تحسين محركات البحث,"باك لينك, سيو, backlink, باكلينك, باكلينكس",https://khamsat.com/marketing/backlinks-building/3054994-%D8%A8%D8%A7%D9%83-%D9%84%D9%8A%D9%86%D9%83-%D8%B9%D8%A7%D9%84%D9%8A%D8%A9-%D8%A7%D9%84%D9%85%D8%B3%D8%AA%D9%88%D9%89-%D9%8A%D8%AF%D9%88%D9%8A-%D9%88%D8%A2%D9%85%D9%86-100-%D9%85%D8%B9-%D8%AA%D9%82%D8%B1%D9%8A%D8%B1-%D8%B4%D8%A7%D9%85%D9%84
ضبط SEO لمنتجاتك او الصفحة الرئيسية لمتجرك على اي منصة متاجر,.Mohammed A,3,3,منذ 3 سنوات و6 أشهر,تسويق رقمي,تحسين محركات البحث,"ووردبريس, wordpress, seo, زد, سلة",https://khamsat.com/marketing/ecommerce-seo/2090805-%D8%B6%D8%A8%D8%B7-seo-%D9%84%D9%85%D9%86%D8%AA%D8%AC%D8%A7%D8%AA%D9%83-%D8%A7%D9%88-%D8%A7%D9%84%D8%B5%D9%81%D8%AD%D8%A9-%D8%A7%D9%84%D8%B1%D8%A6%D9%8A%D8%B3%D9%8A%D8%A9-%D9%84%D9%85%D8%AA%D8%AC%D8%B1%D9%83-%D8%B9%D9%84%D9%89-%D8%A7%D9%8A-%D9%85%D9%86%D8%B5%D8%A9-%D9%85%D8%AA%D8%A7%D8%AC%D8%B1
فحص السيو وتحليل موقعك الإلكتروني أو متجرك، تصدر نتائج جوجل,.El Mustapha K,0,0,Aucun avis,تسويق رقمي,تحسين محركات البحث,"جوجل, seo, تحسين, سيو, السيو",https://khamsat.com/marketing/seo-audit/2866661-%D9%81%D8%AD%D8%B5-%D8%A7%D9%84%D8%B3%D9%8A%D9%88-%D9%88%D8%AA%D8%AD%D9%84%D9%8A%D9%84-%D9%85%D9%88%D9%82%D8%B9%D9%83-%D8%A7%D9%84%D8%A5%D9%84%D9%83%D8%AA%D8%B1%D9%88%D9%86%D9%8A-%D8%A3%D9%88-%D9%85%D8%AA%D8%AC%D8%B1%D9%83-%D8%AA%D8%B5%D8%AF%D8%B1-%D9%86%D8%AA%D8%A7%D8%A6%D8%AC-%D8%AC%D9%88%D8%AC%D9%84
إضافة موقع شركتك او محلك التجارى على خرائط Google Maps,.Ahmed H,0,0,Aucun avis,تسويق رقمي,تحسين محركات البحث,"google, خرائط, نشاطك, ماب",https://khamsat.com/marketing/local-seo/2106506-%D8%A5%D8%B6%D8%A7%D9%81%D8%A9-%D9%85%D9%88%D9%82%D8%B9-%D8%B4%D8%B1%D9%83%D8%AA%D9%83-%D8%A7%D9%88-%D9%85%D8%AD%D9%84%D9%83-%D8%A7%D9%84%D8%AA%D8%AC%D8%A7%D8%B1%D9%89-%D8%B9%D9%84%D9%89-%D8%AE%D8%B1%D8%A7%D8%A6%D8%B7-google-maps
نشر أخبار أو مقال في مجلات و مواقع إخبارية,أناس ب.,0,0,Aucun avis,تسويق رقمي,تحسين محركات البحث,"كتابة, مقالة, خبر, مقال, مجلة, أخبار, صحافة, كتابة مقالة, جريدة, كتابة خبر",https://khamsat.com/marketing/guest-posts/2785015-%D9%86%D8%B4%D8%B1-%D8%A3%D8%AE%D8%A8%D8%A7%D8%B1-%D8%A3%D9%88-%D9%85%D9%82%D8%A7%D9%84-%D9%81%D9%8A-%D9%85%D8%AC%D9%84%D8%A7%D8%AA-%D9%88-%D9%85%D9%88%D8%A7%D9%82%D8%B9-%D8%A5%D8%AE%D8%A8%D8%A7%D8%B1%D9%8A%D8%A9
بناء روابط خارجية لموقعك الالكتروني بطريقة guest post,.Wesam H,0,0,Aucun avis,تسويق رقمي,تحسين محركات البحث,"مواقع, باك لينك, backlink, تحسين محركات البحث, جيست بوست",https://khamsat.com/marketing/guest-posts/2936575-%D8%A8%D9%86%D8%A7%D8%A1-%D8%B1%D9%88%D8%A7%D8%A8%D8%B7-%D8%AE%D8%A7%D8%B1%D8%AC%D9%8A%D8%A9-%D9%84%D9%85%D9%88%D9%82%D8%B9%D9%83-%D8%A7%D9%84%D8%A7%D9%84%D9%83%D8%AA%D8%B1%D9%88%D9%86%D9%8A-%D8%A8%D8%B7%D8%B1%D9%8A%D9%82%D8%A9-guest-post
الصفحة المطلوبة غير موجودة,Non trouvé,Non trouvé,Non trouvé,Aucun avis,Inconnu,Inconnu,Aucun tag,https://khamsat.com/marketing/ecommerce-seo/2483022-%D9%88%D8%B5%D9%81-%D9%88%D8%AA%D8%AD%D8%B3%D9%8A%D9%86-seo-%D9%85%D9%86%D8%AA%D8%AC%D8%A7%D8%AA-%D8%A7%D9%84%D9%85%D8%AA%D8%A7%D8%AC%D8%B1-%D8%A7%D9%84%D8%A7%D9%84%D9%83%D8%AA%D8%B1%D9%88%D9%86%D9%8A%D8%A9
رفع الدومين اثورتي  بطريقة طبيعيّة مذهلة,.Ramadan S,0,0,Aucun avis,تسويق رقمي,تحسين محركات البحث,"جوجل, خرائط, ماب",https://khamsat.com/marketing/seo-services/2286740-%D8%B1%D9%81%D8%B9-%D8%A7%D9%84%D8%AF%D9%88%D9%85%D9%8A%D9%86-%D8%A7%D8%AB%D9%88%D8%B1%D8%AA%D9%8A-%D8%A8%D8%B7%D8%B1%D9%8A%D9%82%D8%A9-%D8%B7%D8%A8%D9%8A%D8%B9%D9%8A%D8%A9-%D9%85%D8%B0%D9%87%D9%84%D8%A9
إضافة نشاطك التجاري الي خرائط جوجل Google maps,.Samoeal L,0,0,Aucun avis,تسويق رقمي,تحسين محركات البحث,"جوجل, google, خرائط, maps, مابس",https://khamsat.com/marketing/local-seo/1747449-%D8%A5%D8%B6%D8%A7%D9%81%D8%A9-%D9%86%D8%B4%D8%A7%D8%B7%D9%83-%D8%A7%D9%84%D8%AA%D8%AC%D8%A7%D8%B1%D9%8A-%D8%A7%D9%84%D9%8A-%D8%AE%D8%B1%D8%A7%D8%A6%D8%B7-%D8%AC%D9%88%D8%AC%D9%84-google-maps
خدمات سيو أخرى,Non trouvé,Non trouvé,Non trouvé,Aucun avis,تسويق رقمي,تحسين محركات البحث,Aucun tag,https://khamsat.com/marketing/seo-services/2560803-%D8%AA%D8%AD%D8%B3%D9%8A%D9%86-%D8%B8%D9%87%D9%88%D8%B1-%D9%85%D9%88%D9%82%D8%B9%D9%83-%D9%81%D9%8A-%D9%85%D8%AD%D8%B1%D9%83%D8%A7%D8%AA-%D8%A7%D9%84%D8%A8%D8%AD%D8%AB-%D8%A7%D9%84%D8%B9%D8%A7%D9%84%D9%85%D9%8A%D9%87
اضافة شركتك او متجرك على خرائط جوجل google maps,.Mohamed S,0,0,Aucun avis,تسويق رقمي,تحسين محركات البحث,"اضافة, جوجل, google, عنوان, متجرك, خرائط, map, شركتك",https://khamsat.com/marketing/local-seo/2266048-%D8%A7%D8%B6%D8%A7%D9%81%D8%A9-%D8%B4%D8%B1%D9%83%D8%AA%D9%83-%D8%A7%D9%88-%D9%85%D8%AA%D8%AC%D8%B1%D9%83-%D8%B9%D9%84%D9%89-%D8%AE%D8%B1%D8%A7%D8%A6%D8%B7-%D8%AC%D9%88%D8%AC%D9%84-google-maps
تحليل سيو شامل,Non trouvé,Non trouvé,Non trouvé,Aucun avis,تسويق رقمي,تحسين محركات البحث,Aucun tag,https://khamsat.com/marketing/seo-audit/2560794-%D9%81%D8%AD%D8%B5-%D8%A7%D9%84%D8%B3%D9%8A%D9%88-seo-%D9%84%D9%85%D9%88%D9%82%D8%B9%D9%83-%D9%88%D8%AA%D9%82%D8%AF%D9%8A%D9%85-%D8%AA%D9%82%D8%B1%D9%8A%D8%B1-%D8%B4%D8%A7%D9%85%D9%84-%D9%84%D9%84%D8%AA%D8%AD%D8%B3%D9%8A%D9%86
اضافة نشاطك التجاري أو متجرك على خرائط جوجل,.Sarra B,8,7,منذ 8 أشهر و6 أيام,تسويق رقمي,تحسين محركات البحث,"اضافة, التجاري, نشاطك, لجوجل, ماب",https://khamsat.com/marketing/local-seo/1726109-%D8%A7%D8%B6%D8%A7%D9%81%D8%A9-%D9%86%D8%B4%D8%A7%D8%B7%D9%83-%D8%A7%D9%84%D8%AA%D8%AC%D8%A7%D8%B1%D9%8A-%D8%A3%D9%88-%D9%85%D8%AA%D8%AC%D8%B1%D9%83-%D8%B9%D9%84%D9%89-%D8%AE%D8%B1%D8%A7%D8%A6%D8%B7-%D8%AC%D9%88%D8%AC%D9%84
الصفحة المطلوبة غير موجودة,Non trouvé,Non trouvé,Non trouvé,Aucun avis,Inconnu,Inconnu,Aucun tag,https://khamsat.com/marketing/local-seo/3110044-%D8%A5%D8%AB%D8%A8%D8%A7%D8%AA-%D9%85%D9%84%D9%83%D9%8A%D8%A9-%D9%86%D8%B4%D8%A7%D8%B7%D9%83-%D8%A7%D9%84%D8%AA%D8%AC%D8%A7%D8%B1%D9%8A-%D8%B9%D9%84%D9%89-%D8%AE%D8%B1%D8%A7%D8%A6%D8%B7-%D8%AC%D9%88%D8%AC%D9%84-%D9%85%D8%A7%D8%A8
أعلن عن موقعك أو تطبيقك في ملتقى السعودية - مراجعة مقالية,.Maha E,11,5,منذ 4 أشهر و7 أيام,تسويق رقمي,تحسين محركات البحث,"اعلان, تسويق, مراجعة, لموقعك, لتطبيقات",https://khamsat.com/marketing/guest-posts/964724-%D8%A3%D8%B9%D9%84%D9%86-%D8%B9%D9%86-%D9%85%D9%88%D9%82%D8%B9%D9%83-%D8%A3%D9%88-%D8%AA%D8%B7%D8%A8%D9%8A%D9%82%D9%83-%D9%81%D9%8A-%D9%85%D9%84%D8%AA%D9%82%D9%89-%D8%A7%D9%84%D8%B3%D8%B9%D9%88%D8%AF%D9%8A%D8%A9-%D9%85%D8%B1%D8%A7%D8%AC%D8%B9%D8%A9-%D9%85%D9%82%D8%A7%D9%84%D9%8A%D8%A9
فحص شامل لموقعك لكشف مشاكل الفهرسة والسيو SEO بجوجل,.Rawan E,0,0,Aucun avis,تسويق رقمي,تحسين محركات البحث,"wordpress, seo, تحسين محركات البحث, فهرسة, meta data",https://khamsat.com/marketing/seo-audit/3705180-%D9%81%D8%AD%D8%B5-%D8%B4%D8%A7%D9%85%D9%84-%D9%84%D9%85%D9%88%D9%82%D8%B9%D9%83-%D9%84%D9%83%D8%B4%D9%81-%D9%85%D8%B4%D8%A7%D9%83%D9%84-%D8%A7%D9%84%D9%81%D9%87%D8%B1%D8%B3%D8%A9-%D9%88%D8%A7%D9%84%D8%B3%D9%8A%D9%88-seo-%D8%A8%D8%AC%D9%88%D8%AC%D9%84
سيو متاجر الالكترونية,.Salman N,0,0,Aucun avis,تسويق رقمي,تحسين محركات البحث,"السعودية, seo, سيو, تحسين محركات البحث, سلة",https://khamsat.com/marketing/ecommerce-seo/3086516-%D8%B3%D9%8A%D9%88-%D9%85%D8%AA%D8%A7%D8%AC%D8%B1-%D8%A7%D9%84%D8%A7%D9%84%D9%83%D8%AA%D8%B1%D9%88%D9%86%D9%8A%D8%A9
إضافة بيانات متجرك الإلكتروني و نشاطك التجاري إلي خرائط جوجل,محمد ب.,0,0,Aucun avis,تسويق رقمي,تحسين محركات البحث,"موقع, جوجل, google, غوغل, خريطة, خرائط, map, نشاطك, ماب, نشاطي",https://khamsat.com/marketing/local-seo/2608790-%D8%A5%D8%B6%D8%A7%D9%81%D8%A9-%D8%A8%D9%8A%D8%A7%D9%86%D8%A7%D8%AA-%D9%85%D8%AA%D8%AC%D8%B1%D9%83-%D8%A7%D9%84%D8%A5%D9%84%D9%83%D8%AA%D8%B1%D9%88%D9%86%D9%8A-%D9%88-%D9%86%D8%B4%D8%A7%D8%B7%D9%83-%D8%A7%D9%84%D8%AA%D8%AC%D8%A7%D8%B1%D9%8A-%D8%A5%D9%84%D9%8A-%D8%AE%D8%B1%D8%A7%D8%A6%D8%B7-%D8%AC%D9%88%D8%AC%D9%84
أقوم باضافة محلك التجاري أو شركتك إلي خرائط جوجل,اية ط.,0,0,Aucun avis,تسويق رقمي,تحسين محركات البحث,"جوجل, google, خريطة, خرائط, map",https://khamsat.com/marketing/local-seo/817637-%D8%A3%D9%82%D9%88%D9%85-%D8%A8%D8%A7%D8%B6%D8%A7%D9%81%D8%A9-%D9%85%D8%AD%D9%84%D9%83-%D8%A7%D9%84%D8%AA%D8%AC%D8%A7%D8%B1%D9%8A-%D8%A3%D9%88-%D8%B4%D8%B1%D9%83%D8%AA%D9%83-%D8%A5%D9%84%D9%8A-%D8%AE%D8%B1%D8%A7%D8%A6%D8%B7-%D8%AC%D9%88%D8%AC%D9%84
ترشيح اسم براند جديد فى نفس مجال عملك,.Mesbah M,0,0,Aucun avis,تسويق رقمي,تحسين محركات البحث,"مواقع, براندينغ, براند, هوية بصرية, براندنج",https://khamsat.com/marketing/seo-services/3678711-%D8%AA%D8%B1%D8%B4%D9%8A%D8%AD-%D8%A7%D8%B3%D9%85-%D8%A8%D8%B1%D8%A7%D9%86%D8%AF-%D8%AC%D8%AF%D9%8A%D8%AF-%D9%81%D9%89-%D9%86%D9%81%D8%B3-%D9%85%D8%AC%D8%A7%D9%84-%D8%B9%D9%85%D9%84%D9%83
باقة باك لينك متنوعة ويب تو ويكي ويب ديركشن بلوجر بوك مارك,.Abdelrahman M,0,0,Aucun avis,تسويق رقمي,تحسين محركات البحث,"seo, باك لينك, باكلينك, backlinks, تحسين السيو",https://khamsat.com/marketing/backlinks-building/3677940-%D8%A8%D8%A7%D9%82%D8%A9-%D8%A8%D8%A7%D9%83-%D9%84%D9%8A%D9%86%D9%83-%D9%85%D8%AA%D9%86%D9%88%D8%B9%D8%A9-%D9%88%D9%8A%D8%A8-%D8%AA%D9%88-%D9%88%D9%8A%D9%83%D9%8A-%D9%88%D9%8A%D8%A8-%D8%AF%D9%8A%D8%B1%D9%83%D8%B4%D9%86-%D8%A8%D9%84%D9%88%D8%AC%D8%B1-%D8%A8%D9%88%D9%83-%D9%85%D8%A7%D8%B1%D9%83
سأقوم بإنشاء وتوثيق ملف نشاطك التجاري على خرائط جوجل باحتراف,.Walid E,0,0,Aucun avis,تسويق رقمي,تحسين محركات البحث,"خرائط جوجل, جوجل ماب, ملف نشاط تجاري, google business profile, إضافة موقع",https://khamsat.com/marketing/seo-services/3747105-%D8%B3%D8%A3%D9%82%D9%88%D9%85-%D8%A8%D8%A5%D9%86%D8%B4%D8%A7%D8%A1-%D9%88%D8%AA%D9%88%D8%AB%D9%8A%D9%82-%D9%85%D9%84%D9%81-%D9%86%D8%B4%D8%A7%D8%B7%D9%83-%D8%A7%D9%84%D8%AA%D8%AC%D8%A7%D8%B1%D9%8A-%D8%B9%D9%84%D9%89-%D8%AE%D8%B1%D8%A7%D8%A6%D8%B7-%D8%AC%D9%88%D8%AC%D9%84-%D8%A8%D8%A7%D8%AD%D8%AA%D8%B1%D8%A7%D9%81
تحسين SEO الأساسي لموقعك متجرك الإلكتروني انطلق بقوة في محرك,.Mohammed H,0,0,Aucun avis,تسويق رقمي,تحسين محركات البحث,"seo, متجر, تحسين محركات البحث, تصدر نتائج البحث, تحسين السيو",https://khamsat.com/marketing/seo-services/3388087-%D8%AA%D8%AD%D8%B3%D9%8A%D9%86-seo-%D8%A7%D9%84%D8%A3%D8%B3%D8%A7%D8%B3%D9%8A-%D9%84%D9%85%D9%88%D9%82%D8%B9%D9%83-%D9%85%D8%AA%D8%AC%D8%B1%D9%83-%D8%A7%D9%84%D8%A5%D9%84%D9%83%D8%AA%D8%B1%D9%88%D9%86%D9%8A-%D8%A7%D9%86%D8%B7%D9%84%D9%82-%D8%A8%D9%82%D9%88%D8%A9-%D9%81%D9%8A-%D9%85%D8%AD%D8%B1%D9%83
فحص وتدقيق السيو التقني لجميع صفحات موقعك,.Mohamed H,0,0,Aucun avis,تسويق رقمي,تحسين محركات البحث,"تحسين محركات البحث, تدقيق سيو, seo audit, السيو التقني, تكنكال سيو",https://khamsat.com/marketing/seo-audit/3556414-%D9%81%D8%AD%D8%B5-%D9%88%D8%AA%D8%AF%D9%82%D9%8A%D9%82-%D8%A7%D9%84%D8%B3%D9%8A%D9%88-%D8%A7%D9%84%D8%AA%D9%82%D9%86%D9%8A-%D9%84%D8%AC%D9%85%D9%8A%D8%B9-%D8%B5%D9%81%D8%AD%D8%A7%D8%AA-%D9%85%D9%88%D9%82%D8%B9%D9%83
اقتباسات Google Maps citation في خرائط Google لنشاطك التجاري,عمرو ش.,2,1,منذ 4 أشهر و27 يوم,تسويق رقمي,تحسين محركات البحث,"تسويق الكتروني, google, تحسين, البحث, خرائط, نشاطك, اقتباس, maps, ماب, google maps citation",https://khamsat.com/marketing/keyword-research/2829089-%D8%A7%D9%82%D8%AA%D8%A8%D8%A7%D8%B3%D8%A7%D8%AA-google-maps-citation-%D9%81%D9%8A-%D8%AE%D8%B1%D8%A7%D8%A6%D8%B7-google-%D9%84%D9%86%D8%B4%D8%A7%D8%B7%D9%83-%D8%A7%D9%84%D8%AA%D8%AC%D8%A7%D8%B1%D9%8A
العمل على on-Page SEP لموقعك الألكتروني,نفيسة ع.,0,0,Aucun avis,تسويق رقمي,تحسين محركات البحث,"سيو, تحسين محركات البحث, تصدر نتائج البحث, onpage, السيو الداخلي",https://khamsat.com/marketing/seo-audit/3634628-%D8%A7%D9%84%D8%B9%D9%85%D9%84-%D8%B9%D9%84%D9%89-on-page-sep-%D9%84%D9%85%D9%88%D9%82%D8%B9%D9%83-%D8%A7%D9%84%D8%A3%D9%84%D9%83%D8%AA%D8%B1%D9%88%D9%86%D9%8A
تهيئة صفحة موقعك للظهور في نتائج جوجل باحترافية On-Page SEO,محمد ع.,0,0,Aucun avis,تسويق رقمي,تحسين محركات البحث,"seo, سيو, تحسين محركات البحث, تحسين الصفحات, تهيئة المواقع",https://khamsat.com/marketing/seo-services/3781323-%D8%AA%D9%87%D9%8A%D8%A6%D8%A9-%D8%B5%D9%81%D8%AD%D8%A9-%D9%85%D9%88%D9%82%D8%B9%D9%83-%D9%84%D9%84%D8%B8%D9%87%D9%88%D8%B1-%D9%81%D9%8A-%D9%86%D8%AA%D8%A7%D8%A6%D8%AC-%D8%AC%D9%88%D8%AC%D9%84-%D8%A8%D8%A7%D8%AD%D8%AA%D8%B1%D8%A7%D9%81%D9%8A%D8%A9-on-page-seo
الصفحة المطلوبة غير موجودة,Non trouvé,Non trouvé,Non trouvé,Aucun avis,Inconnu,Inconnu,Aucun tag,https://khamsat.com/marketing/ecommerce-seo/3112518-%D8%AA%D8%AD%D8%B3%D9%8A%D9%86-%D9%85%D8%AD%D8%B1%D9%83%D8%A7%D8%AA-%D8%A7%D9%84%D8%A8%D8%AD%D8%AB-%D8%B9%D9%84%D9%89-%D9%85%D9%86%D8%B5%D8%A9-%D8%B3%D9%84%D8%A9-%D9%84%D8%B2%D9%8A%D8%A7%D8%AF%D8%A9-%D8%B8%D9%87%D9%88%D8%B1-%D9%85%D8%AA%D8%AC%D8%B1%D9%83-%D8%A7%D9%84%D8%A5%D9%84%D9%83%D8%AA%D8%B1%D9%88%D9%86%D9%8A
البحث  عن الكلمات المفتاحية لتصدر المواقع,.Ahmed E,0,0,Aucun avis,تسويق رقمي,تحسين محركات البحث,"seo, سيو, مفتاحية, كلمات مفتاحية, keywords",https://khamsat.com/marketing/keyword-research/3264070-%D8%A7%D9%84%D8%A8%D8%AD%D8%AB-%D8%B9%D9%86-%D8%A7%D9%84%D9%83%D9%84%D9%85%D8%A7%D8%AA-%D8%A7%D9%84%D9%85%D9%81%D8%AA%D8%A7%D8%AD%D9%8A%D8%A9-%D9%84%D8%AA%D8%B5%D8%AF%D8%B1-%D8%A7%D9%84%D9%85%D9%88%D8%A7%D9%82%D8%B9
باك لينكس دومين اثورتي مرتفع و سوشيال بوك مارك,.Abdelghani R,0,0,Aucun avis,تسويق رقمي,تحسين محركات البحث,"باك لينك, باكلينك, باكلينكس, السيو, backlinks",https://khamsat.com/marketing/backlinks-building/2879748-%D8%A8%D8%A7%D9%83-%D9%84%D9%8A%D9%86%D9%83%D8%B3-%D8%AF%D9%88%D9%85%D9%8A%D9%86-%D8%A7%D8%AB%D9%88%D8%B1%D8%AA%D9%8A-%D9%85%D8%B1%D8%AA%D9%81%D8%B9-%D9%88-%D8%B3%D9%88%D8%B4%D9%8A%D8%A7%D9%84-%D8%A8%D9%88%D9%83-%D9%85%D8%A7%D8%B1%D9%83
خدمة الجيست بوست الاحترافية – باك لينكات قوية وآمنة 100%,.Ayoob A,1,1,منذ 3 أشهر و15 يوم,تسويق رقمي,تحسين محركات البحث,"روابط, باك, لينك, سيو, backlink",https://khamsat.com/marketing/guest-posts/3820893-%D8%AE%D8%AF%D9%85%D8%A9-%D8%A7%D9%84%D8%AC%D9%8A%D8%B3%D8%AA-%D8%A8%D9%88%D8%B3%D8%AA-%D8%A7%D9%84%D8%A7%D8%AD%D8%AA%D8%B1%D8%A7%D9%81%D9%8A%D8%A9-%D8%A8%D8%A7%D9%83-%D9%84%D9%8A%D9%86%D9%83%D8%A7%D8%AA-%D9%82%D9%88%D9%8A%D8%A9-%D9%88%D8%A2%D9%85%D9%86%D8%A9-100
رابط backlink نصي dofollow في موقع قديم ومفهرس وزيارات يومية,.Ahmed D,0,0,Aucun avis,تسويق رقمي,تحسين محركات البحث,"seo, backlink, باكلينك, backlinks, دوفولو",https://khamsat.com/marketing/backlinks-building/3887695-%D8%B1%D8%A7%D8%A8%D8%B7-backlink-%D9%86%D8%B5%D9%8A-dofollow-%D9%81%D9%8A-%D9%85%D9%88%D9%82%D8%B9-%D9%82%D8%AF%D9%8A%D9%85-%D9%88%D9%85%D9%81%D9%87%D8%B1%D8%B3-%D9%88%D8%B2%D9%8A%D8%A7%D8%B1%D8%A7%D8%AA-%D9%8A%D9%88%D9%85%D9%8A%D8%A9
ربط موقعك بجوجل سيرش كونسول Google search console,حسام الدين ا.,3,2,منذ 3 أشهر و3 أيام,تسويق رقمي,تحسين محركات البحث,"جوجل, seo, محرك, سيو, google search console",https://khamsat.com/marketing/ecommerce-seo/3893111-%D8%B1%D8%A8%D8%B7-%D9%85%D9%88%D9%82%D8%B9%D9%83-%D8%A8%D8%AC%D9%88%D8%AC%D9%84-%D8%B3%D9%8A%D8%B1%D8%B4-%D9%83%D9%88%D9%86%D8%B3%D9%88%D9%84-google-search-console
تحسين محركات البحث للمتاجر الالكترونية,.Ahmed A,0,0,Aucun avis,تسويق رقمي,تحسين محركات البحث,"تسويق الكتروني, تحسين محركات البحث, تصدر نتائج البحث, تحسين السيو, منصة سلة",https://khamsat.com/marketing/ecommerce-seo/3288320-%D8%AA%D8%AD%D8%B3%D9%8A%D9%86-%D9%85%D8%AD%D8%B1%D9%83%D8%A7%D8%AA-%D8%A7%D9%84%D8%A8%D8%AD%D8%AB-%D9%84%D9%84%D9%85%D8%AA%D8%A7%D8%AC%D8%B1-%D8%A7%D9%84%D8%A7%D9%84%D9%83%D8%AA%D8%B1%D9%88%D9%86%D9%8A%D8%A9
سأقوم بتحسين مقالات موقعك لتتصدر نتائج البحثSEO Optimization,.Fady H,0,0,Aucun avis,تسويق رقمي,تحسين محركات البحث,"seo, مدونة بلوجر, كلمات مفتاحية, تحسين محركات البحث",https://khamsat.com/marketing/seo-audit/3766616-%D8%B3%D8%A3%D9%82%D9%88%D9%85-%D8%A8%D8%AA%D8%AD%D8%B3%D9%8A%D9%86-%D9%85%D9%82%D8%A7%D9%84%D8%A7%D8%AA-%D9%85%D9%88%D9%82%D8%B9%D9%83-%D9%84%D8%AA%D8%AA%D8%B5%D8%AF%D8%B1-%D9%86%D8%AA%D8%A7%D8%A6%D8%AC-%D8%A7%D9%84%D8%A8%D8%AD%D8%ABseo-optimization
تحسين ظهور الموقع في محركات البحث,.Doaa A,0,0,Aucun avis,تسويق رقمي,تحسين محركات البحث,"سيو, السيو, تحسين محركات البحث, للسيو, تحسين السيو",https://khamsat.com/marketing/seo-services/3120283-%D8%AA%D8%AD%D8%B3%D9%8A%D9%86-%D8%B8%D9%87%D9%88%D8%B1-%D8%A7%D9%84%D9%85%D9%88%D9%82%D8%B9-%D9%81%D9%8A-%D9%85%D8%AD%D8%B1%D9%83%D8%A7%D8%AA-%D8%A7%D9%84%D8%A8%D8%AD%D8%AB
تحسين السيو الداخلي On-Page SEO لزيادة التفاعل وترتيب الموقع,.Mohey Eldeen M,0,0,Aucun avis,تسويق رقمي,تحسين محركات البحث,"seo, سيو, تحسين محركات البحث, تصدر نتائج البحث, تحسين السيو",https://khamsat.com/marketing/seo-services/3110455-%D8%AA%D8%AD%D8%B3%D9%8A%D9%86-%D8%A7%D9%84%D8%B3%D9%8A%D9%88-%D8%A7%D9%84%D8%AF%D8%A7%D8%AE%D9%84%D9%8A-on-page-seo-%D9%84%D8%B2%D9%8A%D8%A7%D8%AF%D8%A9-%D8%A7%D9%84%D8%AA%D9%81%D8%A7%D8%B9%D9%84-%D9%88%D8%AA%D8%B1%D8%AA%D9%8A%D8%A8-%D8%A7%D9%84%D9%85%D9%88%D9%82%D8%B9
تحسين محركات البحث وتحليل شامل لموقعك,.Doaa A,0,0,Aucun avis,تسويق رقمي,تحسين محركات البحث,"seo, سيو, كلمات مفتاحية, تحسين محركات البحث, تحسين السيو",https://khamsat.com/marketing/seo-audit/3113490-%D8%AA%D8%AD%D8%B3%D9%8A%D9%86-%D9%85%D8%AD%D8%B1%D9%83%D8%A7%D8%AA-%D8%A7%D9%84%D8%A8%D8%AD%D8%AB-%D9%88%D8%AA%D8%AD%D9%84%D9%8A%D9%84-%D8%B4%D8%A7%D9%85%D9%84-%D9%84%D9%85%D9%88%D9%82%D8%B9%D9%83
استفد من باك لينك في مواقع محببة لجوجل من نوع Web 2.0,.Abdelghani R,0,0,Aucun avis,تسويق رقمي,تحسين محركات البحث,"باك لينك, سيو, باكلينك, backlinks, باكلينكات",https://khamsat.com/marketing/backlinks-building/2875814-%D8%A7%D8%B3%D8%AA%D9%81%D8%AF-%D9%85%D9%86-%D8%A8%D8%A7%D9%83-%D9%84%D9%8A%D9%86%D9%83-%D9%81%D9%8A-%D9%85%D9%88%D8%A7%D9%82%D8%B9-%D9%85%D8%AD%D8%A8%D8%A8%D8%A9-%D9%84%D8%AC%D9%88%D8%AC%D9%84-%D9%85%D9%86-%D9%86%D9%88%D8%B9-web-2.0
الكشف عن اخطاء المواقع وتحسينها لمحركات البحث,.Eslam R,0,0,Aucun avis,تسويق رقمي,تحسين محركات البحث,"مواقع الكترونية, seo, سيو, تحسين محركات البحث, تحسين السيو",https://khamsat.com/marketing/seo-competitor-analysis/3786780-%D8%A7%D9%84%D9%83%D8%B4%D9%81-%D8%B9%D9%86-%D8%A7%D8%AE%D8%B7%D8%A7%D8%A1-%D8%A7%D9%84%D9%85%D9%88%D8%A7%D9%82%D8%B9-%D9%88%D8%AA%D8%AD%D8%B3%D9%8A%D9%86%D9%87%D8%A7-%D9%84%D9%85%D8%AD%D8%B1%D9%83%D8%A7%D8%AA-%D8%A7%D9%84%D8%A8%D8%AD%D8%AB
ضبط اعدادات السيو SEO بواسطة اضافة Yoast  او RankMath,.Mohamed Q,0,0,Aucun avis,تسويق رقمي,تحسين محركات البحث,"wordpress, seo, السيو, yoast, rankmath",https://khamsat.com/marketing/seo-audit/3773413-%D8%B6%D8%A8%D8%B7-%D8%A7%D8%B9%D8%AF%D8%A7%D8%AF%D8%A7%D8%AA-%D8%A7%D9%84%D8%B3%D9%8A%D9%88-seo-%D8%A8%D9%88%D8%A7%D8%B3%D8%B7%D8%A9-%D8%A7%D8%B6%D8%A7%D9%81%D8%A9-yoast-%D8%A7%D9%88-rankmath
إضافة موقعك على خرائط جوجل يساعد على زيادة العملاء,بيشوي س.,0,0,Aucun avis,تسويق رقمي,تحسين محركات البحث,"تصميم, تطوير, مواقع, كتابة, خريطة, خرائط, maps, location",https://khamsat.com/marketing/local-seo/2608176-%D8%A5%D8%B6%D8%A7%D9%81%D8%A9-%D9%85%D9%88%D9%82%D8%B9%D9%83-%D8%B9%D9%84%D9%89-%D8%AE%D8%B1%D8%A7%D8%A6%D8%B7-%D8%AC%D9%88%D8%AC%D9%84-%D9%8A%D8%B3%D8%A7%D8%B9%D8%AF-%D8%B9%D9%84%D9%89-%D8%B2%D9%8A%D8%A7%D8%AF%D8%A9-%D8%A7%D9%84%D8%B9%D9%85%D9%84%D8%A7%D8%A1
احصل على رابط نصي Dofollow في موقعي أحلى عالم,.Taher A,0,0,Aucun avis,تسويق رقمي,تحسين محركات البحث,"إعلان, رابط, باك لينك, باكلينك, باكلنك",https://khamsat.com/marketing/backlinks-building/3072126-%D8%A7%D8%AD%D8%B5%D9%84-%D8%B9%D9%84%D9%89-%D8%B1%D8%A7%D8%A8%D8%B7-%D9%86%D8%B5%D9%8A-dofollow-%D9%81%D9%8A-%D9%85%D9%88%D9%82%D8%B9%D9%8A-%D8%A3%D8%AD%D9%84%D9%89-%D8%B9%D8%A7%D9%84%D9%85
تحليل سيو شامل,Non trouvé,Non trouvé,Non trouvé,Aucun avis,تسويق رقمي,تحسين محركات البحث,Aucun tag,https://khamsat.com/marketing/seo-audit/3084093-%D8%AA%D8%AD%D9%84%D9%8A%D9%84-%D8%B4%D8%A7%D9%85%D9%84-%D9%84%D8%AA%D8%AD%D8%B3%D9%8A%D9%86-%D9%85%D8%AD%D8%B1%D9%83%D8%A7%D8%AA-%D8%A7%D9%84%D8%A8%D8%AD%D8%AB-seo-%D9%88%D8%B2%D9%8A%D8%A7%D8%AF%D8%A9-%D8%AA%D8%B1%D8%AA%D9%8A%D8%A8-%D9%85%D9%88%D9%82%D8%B9%D9%83
تحليل سيو شامل,Non trouvé,Non trouvé,Non trouvé,Aucun avis,تسويق رقمي,تحسين محركات البحث,Aucun tag,https://khamsat.com/marketing/seo-audit/3084093-%D8%AA%D8%AD%D9%84%D9%8A%D9%84-%D8%B4%D8%A7%D9%85%D9%84-%D9%84%D8%AA%D8%AD%D8%B3%D9%8A%D9%86-%D9%85%D8%AD%D8%B1%D9%83%D8%A7%D8%AA-%D8%A7%D9%84%D8%A8%D8%AD%D8%AB-seo-%D9%88%D8%B2%D9%8A%D8%A7%D8%AF%D8%A9-%D8%AA%D8%B1%D8%AA%D9%8A%D8%A8-%D9%85%D9%88%D9%82%D8%B9%D9%83
نشر جيست بوست حصري بموقع استثماري متصدر على غوغل,.Wiame S,0,0,Aucun avis,تسويق رقمي,تحسين محركات البحث,"backlink, باكلينك, guest post, جيست بوست, باك لينك دوفولو",https://khamsat.com/marketing/guest-posts/3506720-%D9%86%D8%B4%D8%B1-%D8%AC%D9%8A%D8%B3%D8%AA-%D8%A8%D9%88%D8%B3%D8%AA-%D8%AD%D8%B5%D8%B1%D9%8A-%D8%A8%D9%85%D9%88%D9%82%D8%B9-%D8%A7%D8%B3%D8%AA%D8%AB%D9%85%D8%A7%D8%B1%D9%8A-%D9%85%D8%AA%D8%B5%D8%AF%D8%B1-%D8%B9%D9%84%D9%89-%D8%BA%D9%88%D8%BA%D9%84
تحليل المنافسين باحترافية  اكتشف أسرار نجاح منافسيك,ايمان م.,0,0,Aucun avis,تسويق رقمي,تحسين محركات البحث,"تسويق, تحليل, تسويق الكتروني, المنافسين, تحليل منافسين",https://khamsat.com/marketing/seo-competitor-analysis/3340627-%D8%AA%D8%AD%D9%84%D9%8A%D9%84-%D8%A7%D9%84%D9%85%D9%86%D8%A7%D9%81%D8%B3%D9%8A%D9%86-%D8%A8%D8%A7%D8%AD%D8%AA%D8%B1%D8%A7%D9%81%D9%8A%D8%A9-%D8%A7%D9%83%D8%AA%D8%B4%D9%81-%D8%A3%D8%B3%D8%B1%D8%A7%D8%B1-%D9%86%D8%AC%D8%A7%D8%AD-%D9%85%D9%86%D8%A7%D9%81%D8%B3%D9%8A%D9%83
جيست بوست في موقع جولدن آبس,احمد م.,0,0,Aucun avis,تسويق رقمي,تحسين محركات البحث,"مقالات, الكويت, باك لينك, جيست بوست, guestpost",https://khamsat.com/marketing/guest-posts/3340236-%D8%AC%D9%8A%D8%B3%D8%AA-%D8%A8%D9%88%D8%B3%D8%AA-%D9%81%D9%8A-%D9%85%D9%88%D9%82%D8%B9-%D8%AC%D9%88%D9%84%D8%AF%D9%86-%D8%A2%D8%A8%D8%B3
تعزيز قوة موقعك مع باقة باك لينك عالية الجودة,.Sherif A,0,0,Aucun avis,تسويق رقمي,تحسين محركات البحث,"seo, backlink, تحسين محركات البحث, تحسين السيو",https://khamsat.com/marketing/backlinks-building/3087080-%D8%AA%D8%B9%D8%B2%D9%8A%D8%B2-%D9%82%D9%88%D8%A9-%D9%85%D9%88%D9%82%D8%B9%D9%83-%D9%85%D8%B9-%D8%A8%D8%A7%D9%82%D8%A9-%D8%A8%D8%A7%D9%83-%D9%84%D9%8A%D9%86%D9%83-%D8%B9%D8%A7%D9%84%D9%8A%D8%A9-%D8%A7%D9%84%D8%AC%D9%88%D8%AF%D8%A9
اضافة اسم محلك أو شركتك علي خرائط جوجل,.Ahmed A,0,0,Aucun avis,تسويق رقمي,تحسين محركات البحث,"جوجل, خرائط, google maps, خرائط جوجل, maps",https://khamsat.com/marketing/local-seo/2459152-%D8%A7%D8%B6%D8%A7%D9%81%D8%A9-%D8%A7%D8%B3%D9%85-%D9%85%D8%AD%D9%84%D9%83-%D8%A3%D9%88-%D8%B4%D8%B1%D9%83%D8%AA%D9%83-%D8%B9%D9%84%D9%8A-%D8%AE%D8%B1%D8%A7%D8%A6%D8%B7-%D8%AC%D9%88%D8%AC%D9%84
تحسين ظهور موقعك او متجرك في محركات البحث,.Abdulmageed A,1,1,منذ 5 أشهر و28 يوم,تسويق رقمي,تحسين محركات البحث,"سيو, السيو, مفتاحية, تحسين محركات البحث",https://khamsat.com/marketing/seo-audit/3733420-%D8%AA%D8%AD%D8%B3%D9%8A%D9%86-%D8%B8%D9%87%D9%88%D8%B1-%D9%85%D9%88%D9%82%D8%B9%D9%83-%D8%A7%D9%88-%D9%85%D8%AA%D8%AC%D8%B1%D9%83-%D9%81%D9%8A-%D9%85%D8%AD%D8%B1%D9%83%D8%A7%D8%AA-%D8%A7%D9%84%D8%A8%D8%AD%D8%AB
إضافة موقعك على خرائط جوجل يساعد على زيادة العملاء,بيشوي س.,0,0,Aucun avis,تسويق رقمي,تحسين محركات البحث,"تصميم, تطوير, مواقع, كتابة, خريطة, خرائط, maps, location",https://khamsat.com/marketing/local-seo/2608176-%D8%A5%D8%B6%D8%A7%D9%81%D8%A9-%D9%85%D9%88%D9%82%D8%B9%D9%83-%D8%B9%D9%84%D9%89-%D8%AE%D8%B1%D8%A7%D8%A6%D8%B7-%D8%AC%D9%88%D8%AC%D9%84-%D9%8A%D8%B3%D8%A7%D8%B9%D8%AF-%D8%B9%D9%84%D9%89-%D8%B2%D9%8A%D8%A7%D8%AF%D8%A9-%D8%A7%D9%84%D8%B9%D9%85%D9%84%D8%A7%D8%A1
تحسين 5 مقالات لتتوافق مع معايير وشروط SEO,.Abdelrahman M,0,0,Aucun avis,تسويق رقمي,تحسين محركات البحث,Aucun tag,https://khamsat.com/marketing/seo-services/2117816-%D8%AA%D8%AD%D8%B3%D9%8A%D9%86-5-%D9%85%D9%82%D8%A7%D9%84%D8%A7%D8%AA-%D9%84%D8%AA%D8%AA%D9%88%D8%A7%D9%81%D9%82-%D9%85%D8%B9-%D9%85%D8%B9%D8%A7%D9%8A%D9%8A%D8%B1-%D9%88%D8%B4%D8%B1%D9%88%D8%B7-seo
ربط موقعك مع Google Search Console و Bing Webmaster,.Mohamed A,5,5,منذ شهر و17 يوم,تسويق رقمي,تحسين محركات البحث,"جوجل, seo, البحث, محركات, تحسين محركات البحث",https://khamsat.com/marketing/ecommerce-seo/2910424-%D8%B1%D8%A8%D8%B7-%D9%85%D9%88%D9%82%D8%B9%D9%83-%D9%85%D8%B9-google-search-console-%D9%88-bing-webmaster
خدمة تحسين محركات البحث (SEO) لموقعك الإلكتروني,.Doaa A,0,0,Aucun avis,تسويق رقمي,تحسين محركات البحث,"seo, تحسين, سيو, تحسين محركات البحث, تحسين السيو",https://khamsat.com/marketing/seo-services/3120289-%D8%AE%D8%AF%D9%85%D8%A9-%D8%AA%D8%AD%D8%B3%D9%8A%D9%86-%D9%85%D8%AD%D8%B1%D9%83%D8%A7%D8%AA-%D8%A7%D9%84%D8%A8%D8%AD%D8%AB-seo-%D9%84%D9%85%D9%88%D9%82%D8%B9%D9%83-%D8%A7%D9%84%D8%A5%D9%84%D9%83%D8%AA%D8%B1%D9%88%D9%86%D9%8A
إعلان رابط نصي دوفولو على موقع تقني شهير لزيادة الباك لينكس,.Bilal A,1,0,Aucun avis,تسويق رقمي,تحسين محركات البحث,"اعلان, رابط نصي, باك لينك, backlink, باكلينكس",https://khamsat.com/marketing/backlinks-building/3097099-%D8%A5%D8%B9%D9%84%D8%A7%D9%86-%D8%B1%D8%A7%D8%A8%D8%B7-%D9%86%D8%B5%D9%8A-%D8%AF%D9%88%D9%81%D9%88%D9%84%D9%88-%D8%B9%D9%84%D9%89-%D9%85%D9%88%D9%82%D8%B9-%D8%AA%D9%82%D9%86%D9%8A-%D8%B4%D9%87%D9%8A%D8%B1-%D9%84%D8%B2%D9%8A%D8%A7%D8%AF%D8%A9-%D8%A7%D9%84%D8%A8%D8%A7%D9%83-%D9%84%D9%8A%D9%86%D9%83%D8%B3
30 موقع للحصول على باك لينك يوتيوب و ارشفة سريعة للفيديوهات,.Abderrahmane E,0,0,Aucun avis,تسويق رقمي,تحسين محركات البحث,"تسويق, دعم, مشتركين, قنوات, اليوتوب, يوتوب, تحقيق, الدخل, شروط",https://khamsat.com/marketing/backlinks-building/1352818-30-%D9%85%D9%88%D9%82%D8%B9-%D9%84%D9%84%D8%AD%D8%B5%D9%88%D9%84-%D8%B9%D9%84%D9%89-%D8%A8%D8%A7%D9%83-%D9%84%D9%8A%D9%86%D9%83-%D9%8A%D9%88%D8%AA%D9%8A%D9%88%D8%A8-%D9%88-%D8%A7%D8%B1%D8%B4%D9%81%D8%A9-%D8%B3%D8%B1%D9%8A%D8%B9%D8%A9-%D9%84%D9%84%D9%81%D9%8A%D8%AF%D9%8A%D9%88%D9%87%D8%A7%D8%AA
تحليل (SEO) سيو شامل لقناتك لتصدر محركات البحث على اليوتيوب,.Abdulrhman D,0,0,Aucun avis,تسويق رقمي,تحسين محركات البحث,"youtube, seo, اليوتيوب, كلمات مفتاحية, تحسين محركات البحث",https://khamsat.com/marketing/seo-audit/2865105-%D8%AA%D8%AD%D9%84%D9%8A%D9%84-seo-%D8%B3%D9%8A%D9%88-%D8%B4%D8%A7%D9%85%D9%84-%D9%84%D9%82%D9%86%D8%A7%D8%AA%D9%83-%D9%84%D8%AA%D8%B5%D8%AF%D8%B1-%D9%85%D8%AD%D8%B1%D9%83%D8%A7%D8%AA-%D8%A7%D9%84%D8%A8%D8%AD%D8%AB-%D8%B9%D9%84%D9%89-%D8%A7%D9%84%D9%8A%D9%88%D8%AA%D9%8A%D9%88%D8%A8
سيو متاجر إلكترونية,Non trouvé,Non trouvé,Non trouvé,Aucun avis,تسويق رقمي,تحسين محركات البحث,Aucun tag,https://khamsat.com/marketing/ecommerce-seo/2559993-%D8%AA%D9%87%D9%8A%D8%A6%D8%A9-%D9%85%D8%AA%D8%AC%D8%B1%D9%83-%D9%84%D9%8A%D9%83%D9%88%D9%86-%D9%85%D8%AA%D9%88%D8%A7%D9%81%D9%82-%D9%85%D8%B9-seo-%D9%88%D8%AA%D8%B5%D8%AF%D8%B1-%D9%85%D8%AD%D8%B1%D9%83%D8%A7%D8%AA-%D8%A7%D9%84%D8%A8%D8%AD%D8%AB-%D8%A7%D9%84%D8%B9%D8%A7%D9%84%D9%85%D9%8A%D8%A9
الصفحة المطلوبة غير موجودة,Non trouvé,Non trouvé,Non trouvé,Aucun avis,Inconnu,Inconnu,Aucun tag,https://khamsat.com/marketing/guest-posts/3024968-%D9%83%D8%AA%D8%A7%D8%A8%D8%A9-%D9%85%D9%82%D8%A7%D9%84%D8%A7%D8%AA-%D8%A5%D8%AE%D8%A8%D8%A7%D8%B1%D9%8A%D8%A9-%D9%81%D9%8A-%D8%B5%D8%AD%D9%81-%D8%A7%D9%84%D9%88%D8%B7%D9%86-%D8%A7%D9%84%D8%B9%D8%B1%D8%A8%D9%8A
خدمة تحليل SEO شامل لموقعك لزيادة الزيارات في جوجل,إسراء ف.,0,0,Aucun avis,تسويق رقمي,تحسين محركات البحث,"فحص, seo, تحسين السيو, seo audit, تحليل مشاكل السيو",https://khamsat.com/marketing/seo-audit/3022098-%D8%AE%D8%AF%D9%85%D8%A9-%D8%AA%D8%AD%D9%84%D9%8A%D9%84-seo-%D8%B4%D8%A7%D9%85%D9%84-%D9%84%D9%85%D9%88%D9%82%D8%B9%D9%83-%D9%84%D8%B2%D9%8A%D8%A7%D8%AF%D8%A9-%D8%A7%D9%84%D8%B2%D9%8A%D8%A7%D8%B1%D8%A7%D8%AA-%D9%81%D9%8A-%D8%AC%D9%88%D8%AC%D9%84
رفع المنتجات علي متجرك الالكتلروني,.Azza A,0,0,Aucun avis,تسويق رقمي,تحسين محركات البحث,"موقع, الكترونية, منتجات, متجر, shopify",https://khamsat.com/marketing/ecommerce-seo/3035990-%D8%B1%D9%81%D8%B9-%D8%A7%D9%84%D9%85%D9%86%D8%AA%D8%AC%D8%A7%D8%AA-%D8%B9%D9%84%D9%8A-%D9%85%D8%AA%D8%AC%D8%B1%D9%83-%D8%A7%D9%84%D8%A7%D9%84%D9%83%D8%AA%D9%84%D8%B1%D9%88%D9%86%D9%8A
ملف بحث لتحليل المنافسين لموقعك,إسراء ف.,0,0,Aucun avis,تسويق رقمي,تحسين محركات البحث,"تحسين محركات البحث, تحسين السيو, تحليل منافسين, competitor analysis, بحث منافسين",https://khamsat.com/marketing/seo-competitor-analysis/3021129-%D9%85%D9%84%D9%81-%D8%A8%D8%AD%D8%AB-%D9%84%D8%AA%D8%AD%D9%84%D9%8A%D9%84-%D8%A7%D9%84%D9%85%D9%86%D8%A7%D9%81%D8%B3%D9%8A%D9%86-%D9%84%D9%85%D9%88%D9%82%D8%B9%D9%83
تهيئة الصفح داخليا on page seo,.Khaled M,0,0,Aucun avis,تسويق رقمي,تحسين محركات البحث,"seo, سيو, تحسين محركات البحث, on page seo, تهيئة الصفح داخليا",https://khamsat.com/marketing/seo-services/3132937-%D8%AA%D9%87%D9%8A%D8%A6%D8%A9-%D8%A7%D9%84%D8%B5%D9%81%D8%AD-%D8%AF%D8%A7%D8%AE%D9%84%D9%8A%D8%A7-on-page-seo
اضافة وربط منتجاتك على Google Merchant بإحتراف,.Ahmed F,1,1,منذ سنتين و5 أشهر,تسويق رقمي,تحسين محركات البحث,"اعلان, جوجل, اعلانات جوجل, المتاجر, متاجر, متاجر الكترونية, تحسين السيو",https://khamsat.com/marketing/ecommerce-seo/2780334-%D8%A7%D8%B6%D8%A7%D9%81%D8%A9-%D9%88%D8%B1%D8%A8%D8%B7-%D9%85%D9%86%D8%AA%D8%AC%D8%A7%D8%AA%D9%83-%D8%B9%D9%84%D9%89-google-merchant-%D8%A8%D8%A5%D8%AD%D8%AA%D8%B1%D8%A7%D9%81
سيو متاجر إلكترونية,Non trouvé,Non trouvé,Non trouvé,Aucun avis,تسويق رقمي,تحسين محركات البحث,Aucun tag,https://khamsat.com/marketing/ecommerce-seo/2780350-%D8%AA%D8%AD%D8%B3%D9%8A%D9%86-%D8%B3%D9%8A%D9%88-%D9%85%D9%86%D8%B5%D8%A9-%D8%B3%D9%84%D8%A9-%D9%88%D8%B2%D8%AF-%D9%85%D8%B9-%D8%AE%D8%B7%D8%A9-%D8%AA%D8%B5%D8%AF%D8%B1
سأقوم ببناء باكلينك سيو فريد PR10 على مواقع عالية دومين اثورتي,.Boualem H,53,29,منذ 14 يوم و20 ساعة,تسويق رقمي,تحسين محركات البحث,"جوجل, ترتيب, باكلينك, السيو, دوفلو",https://khamsat.com/marketing/backlinks-building/2022240-%D8%B3%D8%A3%D9%82%D9%88%D9%85-%D8%A8%D8%A8%D9%86%D8%A7%D8%A1-%D8%A8%D8%A7%D9%83%D9%84%D9%8A%D9%86%D9%83-%D8%B3%D9%8A%D9%88-%D9%81%D8%B1%D9%8A%D8%AF-pr10-%D8%B9%D9%84%D9%89-%D9%85%D9%88%D8%A7%D9%82%D8%B9-%D8%B9%D8%A7%D9%84%D9%8A%D8%A9-%D8%AF%D9%88%D9%85%D9%8A%D9%86-%D8%A7%D8%AB%D9%88%D8%B1%D8%AA%D9%8A
تحسين فيديو يوتيوب: عنوان، وصف، كلمات مفتاحية,.Abdulrhman D,0,0,Aucun avis,تسويق رقمي,تحسين محركات البحث,"قناة يوتيوب, كلمات مفتاحية, تحسين السيو, youtube description, youtube seo",https://khamsat.com/marketing/youtube-seo/2865223-%D8%AA%D8%AD%D8%B3%D9%8A%D9%86-%D9%81%D9%8A%D8%AF%D9%8A%D9%88-%D9%8A%D9%88%D8%AA%D9%8A%D9%88%D8%A8-%D8%B9%D9%86%D9%88%D8%A7%D9%86-%D9%88%D8%B5%D9%81-%D9%83%D9%84%D9%85%D8%A7%D8%AA-%D9%85%D9%81%D8%AA%D8%A7%D8%AD%D9%8A%D8%A9
كتابة وصف منتجات احترافي متوافق مع قواعد SEO,محمد ا.,0,0,Aucun avis,تسويق رقمي,تحسين محركات البحث,"سيو, كلمات مفتاحية, تحسين السيو, وصف منتجات, متجر سلة",https://khamsat.com/marketing/ecommerce-seo/2961246-%D9%83%D8%AA%D8%A7%D8%A8%D8%A9-%D9%88%D8%B5%D9%81-%D9%85%D9%86%D8%AA%D8%AC%D8%A7%D8%AA-%D8%A7%D8%AD%D8%AA%D8%B1%D8%A7%D9%81%D9%8A-%D9%85%D8%AA%D9%88%D8%A7%D9%81%D9%82-%D9%85%D8%B9-%D9%82%D9%88%D8%A7%D8%B9%D8%AF-seo
سأنشر مقالتك في المواقع الإخبارية العربية,لمياء ح.,0,0,Aucun avis,تسويق رقمي,تحسين محركات البحث,"أخبار, كتابة مقالات, صحف, guest post, جيست بوست",https://khamsat.com/marketing/guest-posts/3033549-%D8%B3%D8%A3%D9%86%D8%B4%D8%B1-%D9%85%D9%82%D8%A7%D9%84%D8%AA%D9%83-%D9%81%D9%8A-%D8%A7%D9%84%D9%85%D9%88%D8%A7%D9%82%D8%B9-%D8%A7%D9%84%D8%A5%D8%AE%D8%A8%D8%A7%D8%B1%D9%8A%D8%A9-%D8%A7%D9%84%D8%B9%D8%B1%D8%A8%D9%8A%D8%A9
إضافة نشاطك التجاري على خرائط قوقل ماب,.Akram M,0,0,Aucun avis,تسويق رقمي,تحسين محركات البحث,"مواقع, نشاطك, google maps, google ads, اثبات ملكية",https://khamsat.com/marketing/local-seo/2961369-%D8%A5%D8%B6%D8%A7%D9%81%D8%A9-%D9%86%D8%B4%D8%A7%D8%B7%D9%83-%D8%A7%D9%84%D8%AA%D8%AC%D8%A7%D8%B1%D9%8A-%D8%B9%D9%84%D9%89-%D8%AE%D8%B1%D8%A7%D8%A6%D8%B7-%D9%82%D9%88%D9%82%D9%84-%D9%85%D8%A7%D8%A8
عمل تحسينات SEO لمنتجات من اختيارك على متجر سلة أو زد,.Mohamed N,0,0,Aucun avis,تسويق رقمي,تحسين محركات البحث,"seo, سيو, السيو, تحسين محركات البحث, تحسين السيو",https://khamsat.com/marketing/ecommerce-seo/2893194-%D8%B9%D9%85%D9%84-%D8%AA%D8%AD%D8%B3%D9%8A%D9%86%D8%A7%D8%AA-seo-%D9%84%D9%85%D9%86%D8%AA%D8%AC%D8%A7%D8%AA-%D9%85%D9%86-%D8%A7%D8%AE%D8%AA%D9%8A%D8%A7%D8%B1%D9%83-%D8%B9%D9%84%D9%89-%D9%85%D8%AA%D8%AC%D8%B1-%D8%B3%D9%84%D8%A9-%D8%A3%D9%88-%D8%B2%D8%AF
تحسين SEO لمتجرك ورفع ترتيبه في جوجل بطرق احترافية,أحمد ش.,1,1,منذ سنة وشهر,تسويق رقمي,تحسين محركات البحث,"seo, backlink, تحسين محركات البحث, منصة سلة, متجر سلة",https://khamsat.com/marketing/ecommerce-seo/3222717-%D8%AA%D8%AD%D8%B3%D9%8A%D9%86-seo-%D9%84%D9%85%D8%AA%D8%AC%D8%B1%D9%83-%D9%88%D8%B1%D9%81%D8%B9-%D8%AA%D8%B1%D8%AA%D9%8A%D8%A8%D9%87-%D9%81%D9%8A-%D8%AC%D9%88%D8%AC%D9%84-%D8%A8%D8%B7%D8%B1%D9%82-%D8%A7%D8%AD%D8%AA%D8%B1%D8%A7%D9%81%D9%8A%D8%A9
خطة سيو SEO بالمحتوى للتصدر بجوجل للمتاجر والشركات والخدمات,.Bassem A,48,29,منذ 6 أشهر و13 يوم,تسويق رقمي,تحسين محركات البحث,"seo, تحسين محركات البحث, تحسين السيو, geo, ai overviews",https://khamsat.com/marketing/seo-services/2922833-%D8%AE%D8%B7%D8%A9-%D8%B3%D9%8A%D9%88-seo-%D8%A8%D8%A7%D9%84%D9%85%D8%AD%D8%AA%D9%88%D9%89-%D9%84%D9%84%D8%AA%D8%B5%D8%AF%D8%B1-%D8%A8%D8%AC%D9%88%D8%AC%D9%84-%D9%84%D9%84%D9%85%D8%AA%D8%A7%D8%AC%D8%B1-%D9%88%D8%A7%D9%84%D8%B4%D8%B1%D9%83%D8%A7%D8%AA-%D9%88%D8%A7%D9%84%D8%AE%D8%AF%D9%85%D8%A7%D8%AA
خدمة سيو لمتاجر سلة وزد لتصدر نتائج محركات البحث,.Mohamed N,0,0,Aucun avis,تسويق رقمي,تحسين محركات البحث,"seo, تحسين محركات البحث, سلة, تصدر نتائج البحث, تحسين السيو",https://khamsat.com/marketing/ecommerce-seo/2962292-%D8%AE%D8%AF%D9%85%D8%A9-%D8%B3%D9%8A%D9%88-%D9%84%D9%85%D8%AA%D8%A7%D8%AC%D8%B1-%D8%B3%D9%84%D8%A9-%D9%88%D8%B2%D8%AF-%D9%84%D8%AA%D8%B5%D8%AF%D8%B1-%D9%86%D8%AA%D8%A7%D8%A6%D8%AC-%D9%85%D8%AD%D8%B1%D9%83%D8%A7%D8%AA-%D8%A7%D9%84%D8%A8%D8%AD%D8%AB
بحث أفضل كلمات مفتاحية للتصدر بجوجل بسرعة لمتجرك أو موقعك,.Bassem A,9,9,منذ 9 أشهر و6 أيام,تسويق رقمي,تحسين محركات البحث,"seo, سيو, كلمات مفتاحية, keywords, تصدر",https://khamsat.com/marketing/keyword-research/2923570-%D8%A8%D8%AD%D8%AB-%D8%A3%D9%81%D8%B6%D9%84-%D9%83%D9%84%D9%85%D8%A7%D8%AA-%D9%85%D9%81%D8%AA%D8%A7%D8%AD%D9%8A%D8%A9-%D9%84%D9%84%D8%AA%D8%B5%D8%AF%D8%B1-%D8%A8%D8%AC%D9%88%D8%AC%D9%84-%D8%A8%D8%B3%D8%B1%D8%B9%D8%A9-%D9%84%D9%85%D8%AA%D8%AC%D8%B1%D9%83-%D8%A3%D9%88-%D9%85%D9%88%D9%82%D8%B9%D9%83
اضافة نشاطك التجاري على خرائط جوجل,.Mohamed G,0,0,Aucun avis,تسويق رقمي,تحسين محركات البحث,"جوجل, google, قوقل, خرائط, نشاطي",https://khamsat.com/marketing/local-seo/3074948-%D8%A7%D8%B6%D8%A7%D9%81%D8%A9-%D9%86%D8%B4%D8%A7%D8%B7%D9%83-%D8%A7%D9%84%D8%AA%D8%AC%D8%A7%D8%B1%D9%8A-%D8%B9%D9%84%D9%89-%D8%AE%D8%B1%D8%A7%D8%A6%D8%B7-%D8%AC%D9%88%D8%AC%D9%84
خدمة SEO لمتجرك الألكتروني في سلة لتصدر نتائج البحث,.Mohamed N,0,0,Aucun avis,تسويق رقمي,تحسين محركات البحث,"سيو, تحسين محركات البحث, سلة, تصدر نتائج البحث, تحسين السيو",https://khamsat.com/marketing/ecommerce-seo/2893195-%D8%AE%D8%AF%D9%85%D8%A9-seo-%D9%84%D9%85%D8%AA%D8%AC%D8%B1%D9%83-%D8%A7%D9%84%D8%A3%D9%84%D9%83%D8%AA%D8%B1%D9%88%D9%86%D9%8A-%D9%81%D9%8A-%D8%B3%D9%84%D8%A9-%D9%84%D8%AA%D8%B5%D8%AF%D8%B1-%D9%86%D8%AA%D8%A7%D8%A6%D8%AC-%D8%A7%D9%84%D8%A8%D8%AD%D8%AB
الصفحة المطلوبة غير موجودة,Non trouvé,Non trouvé,Non trouvé,Aucun avis,Inconnu,Inconnu,Aucun tag,https://khamsat.com/marketing/local-seo/3027633-%D8%A3%D8%B6%D9%81-%D9%86%D8%B4%D8%A7%D8%B7%D9%83-%D8%A7%D9%84%D8%AA%D8%AC%D8%A7%D8%B1%D9%8A-%D8%A5%D9%84%D9%89-%D9%85%D9%84%D8%A7%D9%8A%D9%8A%D9%86-%D8%A7%D9%84%D8%AE%D8%B1%D8%A7%D8%A6%D8%B7
اساعدك فى تصدر نتائج البحث يوتيوب,.Yaser A,25,18,منذ 3 سنوات و10 أشهر,تسويق رقمي,تحسين محركات البحث,"بحث, ترجمة, تسويق, تويتر, يوتيوب, البحث, تصدر, نتايج",https://khamsat.com/marketing/youtube-seo/1316447-%D8%A7%D8%B3%D8%A7%D8%B9%D8%AF%D9%83-%D9%81%D9%89-%D8%AA%D8%B5%D8%AF%D8%B1-%D9%86%D8%AA%D8%A7%D8%A6%D8%AC-%D8%A7%D9%84%D8%A8%D8%AD%D8%AB-%D9%8A%D9%88%D8%AA%D9%8A%D9%88%D8%A8
سأقوم ب إصلاحات ووردبريس لتحسين محركات البحث جوجولSEO,محمد ا.,1,1,منذ 4 سنوات و4 أشهر,تسويق رقمي,تحسين محركات البحث,"wordpress, seo, سيو, للموقع, onpage",https://khamsat.com/marketing/seo-services/2059858-%D8%B3%D8%A3%D9%82%D9%88%D9%85-%D8%A8-%D8%A5%D8%B5%D9%84%D8%A7%D8%AD%D8%A7%D8%AA-%D9%88%D9%88%D8%B1%D8%AF%D8%A8%D8%B1%D9%8A%D8%B3-%D9%84%D8%AA%D8%AD%D8%B3%D9%8A%D9%86-%D9%85%D8%AD%D8%B1%D9%83%D8%A7%D8%AA-%D8%A7%D9%84%D8%A8%D8%AD%D8%AB-%D8%AC%D9%88%D8%AC%D9%88%D9%84seo
رابط نصي لموقعك في موقع ملتقى السعودية -  www.ksa-sef.com,.Maha E,96,59,منذ سنة و12 يوم,تسويق رقمي,تحسين محركات البحث,"رابط نصي, باك لينك, باكلينكس, دوفلو, موقع سعودي",https://khamsat.com/marketing/backlinks-building/742144-%D8%B1%D8%A7%D8%A8%D8%B7-%D9%86%D8%B5%D9%8A-%D9%84%D9%85%D9%88%D9%82%D8%B9%D9%83-%D9%81%D9%8A-%D9%85%D9%88%D9%82%D8%B9-%D9%85%D9%84%D8%AA%D9%82%D9%89-%D8%A7%D9%84%D8%B3%D8%B9%D9%88%D8%AF%D9%8A%D8%A9-www.ksa-sef.com
احصل الان على باك لينك قوي لتطبيقك ولموقعك,.Mohammed A,3,3,منذ سنة وشهرين,تسويق رقمي,تحسين محركات البحث,"تسويق, المواقع, seo, باك, خلفية, لينك, backlink, باكلينك, backlinks, جيست",https://khamsat.com/marketing/backlinks-building/2501279-%D8%A7%D8%AD%D8%B5%D9%84-%D8%A7%D9%84%D8%A7%D9%86-%D8%B9%D9%84%D9%89-%D8%A8%D8%A7%D9%83-%D9%84%D9%8A%D9%86%D9%83-%D9%82%D9%88%D9%8A-%D9%84%D8%AA%D8%B7%D8%A8%D9%8A%D9%82%D9%83-%D9%88%D9%84%D9%85%D9%88%D9%82%D8%B9%D9%83
تهيئة SEO قناة يوتيوب بإحترافية,.Mohamed Y,22,19,منذ سنة وشهرين,تسويق رقمي,تحسين محركات البحث,"تصميم, مواقع, يوتيوب, سيو, تصدرنتائج البحث",https://khamsat.com/marketing/youtube-seo/607694-%D8%AA%D9%87%D9%8A%D8%A6%D8%A9-seo-%D9%82%D9%86%D8%A7%D8%A9-%D9%8A%D9%88%D8%AA%D9%8A%D9%88%D8%A8-%D8%A8%D8%A5%D8%AD%D8%AA%D8%B1%D8%A7%D9%81%D9%8A%D8%A9
فحص سيو تقني شامل لمتجرك لإكتشاف الأخطاء واصلاحها Site Audit,.Bassem A,5,5,منذ سنة و20 يوم,تسويق رقمي,تحسين محركات البحث,"تحليل, فحص, متجر, سيو, منصة سلة",https://khamsat.com/marketing/seo-audit/2958624-%D9%81%D8%AD%D8%B5-%D8%B3%D9%8A%D9%88-%D8%AA%D9%82%D9%86%D9%8A-%D8%B4%D8%A7%D9%85%D9%84-%D9%84%D9%85%D8%AA%D8%AC%D8%B1%D9%83-%D9%84%D8%A5%D9%83%D8%AA%D8%B4%D8%A7%D9%81-%D8%A7%D9%84%D8%A3%D8%AE%D8%B7%D8%A7%D8%A1-%D9%88%D8%A7%D8%B5%D9%84%D8%A7%D8%AD%D9%87%D8%A7-site-audit
الصفحة المطلوبة غير موجودة,Non trouvé,Non trouvé,Non trouvé,Aucun avis,Inconnu,Inconnu,Aucun tag,https://khamsat.com/marketing/seo-audit/1028660-%D8%AA%D9%87%D9%8A%D8%A6%D8%A9-%D9%85%D9%88%D9%82%D8%B9%D9%83-%D8%AF%D8%A7%D8%AE%D9%84%D9%8A%D8%A7-on-page-seo
تقرير SEO عن موقعك يتضمن فحص الكلمات المفتاحيه - فحص البرمجه,محمد ر.,2,0,Aucun avis,تسويق رقمي,تحسين محركات البحث,"تحليل, مقالات, فحص, الموقع, تحسين, كلمات, سيو, ترتيب, مفتاحيه, البرمجه",https://khamsat.com/marketing/seo-audit/1762738-%D8%AA%D9%82%D8%B1%D9%8A%D8%B1-seo-%D8%B9%D9%86-%D9%85%D9%88%D9%82%D8%B9%D9%83-%D9%8A%D8%AA%D8%B6%D9%85%D9%86-%D9%81%D8%AD%D8%B5-%D8%A7%D9%84%D9%83%D9%84%D9%85%D8%A7%D8%AA-%D8%A7%D9%84%D9%85%D9%81%D8%AA%D8%A7%D8%AD%D9%8A%D9%87-%D9%81%D8%AD%D8%B5-%D8%A7%D9%84%D8%A8%D8%B1%D9%85%D8%AC%D9%87
تحليل سيو شامل,Non trouvé,Non trouvé,Non trouvé,Aucun avis,تسويق رقمي,تحسين محركات البحث,Aucun tag,https://khamsat.com/marketing/seo-audit/2094208-%D8%A7%D8%B1%D8%B4%D9%81%D8%A9-%D9%85%D8%AF%D9%88%D9%86%D8%A7%D8%AA-%D8%A8%D9%84%D9%88%D8%AC%D8%B1-%D8%A7%D9%88-%D9%88%D9%88%D8%B1%D8%AF%D8%A8%D8%B1%D9%8A%D8%B3-%D9%88%D8%AA%D9%87%D9%8A%D8%A6%D8%AA%D9%87%D8%A7-%D9%84%D9%85%D8%AD%D8%B1%D9%83%D8%A7%D8%AA-%D8%A7%D9%84%D8%A8%D8%AD%D8%AB-seo
احصل علي اقوي كلمات مفتاحيه لتحسين ترتيب فيديوهاتك باليوتيوب,.Mohamed A,40,26,منذ سنة و8 أشهر,تسويق رقمي,تحسين محركات البحث,"يوتيوب, youtube, seo, كلمات, مشاهدات, انشاء, مفتاحيه, اليوتيوب, اشتراكات, قناه, تصدر, تفاعل",https://khamsat.com/marketing/youtube-seo/1493200-%D8%A7%D8%AD%D8%B5%D9%84-%D8%B9%D9%84%D9%8A-%D8%A7%D9%82%D9%88%D9%8A-%D9%83%D9%84%D9%85%D8%A7%D8%AA-%D9%85%D9%81%D8%AA%D8%A7%D8%AD%D9%8A%D9%87-%D9%84%D8%AA%D8%AD%D8%B3%D9%8A%D9%86-%D8%AA%D8%B1%D8%AA%D9%8A%D8%A8-%D9%81%D9%8A%D8%AF%D9%8A%D9%88%D9%87%D8%A7%D8%AA%D9%83-%D8%A8%D8%A7%D9%84%D9%8A%D9%88%D8%AA%D9%8A%D9%88%D8%A8
إضافة وترويج مشروعك أو شركتك أو مطعمك على Google Map,أحمد أ.,0,0,Aucun avis,تسويق رقمي,تحسين محركات البحث,"موقع, اضافة, جوجل, google, خريطة",https://khamsat.com/marketing/local-seo/2138521-%D8%A7%D8%B6%D8%A7%D9%81%D8%A9-%D9%88%D8%AA%D8%B1%D9%88%D9%8A%D8%AC-%D9%85%D8%B4%D8%B1%D9%88%D8%B9%D9%83-%D8%A3%D9%88-%D8%B4%D8%B1%D9%83%D8%AA%D9%83-%D8%A3%D9%88-%D9%85%D8%B7%D8%B9%D9%85%D9%83-%D8%B9%D9%84%D9%89-google-map
تحسين محركات البحث وعمل SEO لموقعك (Silver Package),.Mohamed S,3,2,منذ سنة ويومين,تسويق رقمي,تحسين محركات البحث,"مدونات, وردبرس, المتاجر, تحسين محركات البحث, تحسين السيو",https://khamsat.com/marketing/seo-services/3091905-%D8%AA%D8%AD%D8%B3%D9%8A%D9%86-%D9%85%D8%AD%D8%B1%D9%83%D8%A7%D8%AA-%D8%A7%D9%84%D8%A8%D8%AD%D8%AB-%D9%88%D8%B9%D9%85%D9%84-seo-%D9%84%D9%85%D9%88%D9%82%D8%B9%D9%83-silver-package
رابط نصي دوفلو في موقع تقني مميز دومين اثورتي 24 DA,.Nagy K,0,0,Aucun avis,تسويق رقمي,تحسين محركات البحث,"رابط نصي, seo, باك لينك, سيو, باكلينك",https://khamsat.com/marketing/backlinks-building/2943486-%D8%B1%D8%A7%D8%A8%D8%B7-%D9%86%D8%B5%D9%8A-%D8%AF%D9%88%D9%81%D9%84%D9%88-%D9%81%D9%8A-%D9%85%D9%88%D9%82%D8%B9-%D8%AA%D9%82%D9%86%D9%8A-%D9%85%D9%85%D9%8A%D8%B2-%D8%AF%D9%88%D9%85%D9%8A%D9%86-%D8%A7%D8%AB%D9%88%D8%B1%D8%AA%D9%8A-24-da
تحليل تفصيلي لموقعك لتصدرمحركات البحث (تقرير) في اقل من ساعه,.Abduallah R,27,16,منذ سنتين و10 أيام,تسويق رقمي,تحسين محركات البحث,"تسويق, تحليل, فحص, موقعك, الكتروني, seo, البحث, محركات, السيو, تهيئه",https://khamsat.com/marketing/seo-audit/1693361-%D8%AA%D8%AD%D9%84%D9%8A%D9%84-%D8%AA%D9%81%D8%B5%D9%8A%D9%84%D9%8A-%D9%84%D9%85%D9%88%D9%82%D8%B9%D9%83-%D9%84%D8%AA%D8%B5%D8%AF%D8%B1%D9%85%D8%AD%D8%B1%D9%83%D8%A7%D8%AA-%D8%A7%D9%84%D8%A8%D8%AD%D8%AB-%D8%AA%D9%82%D8%B1%D9%8A%D8%B1-%D9%81%D9%8A-%D8%A7%D9%82%D9%84-%D9%85%D9%86-%D8%B3%D8%A7%D8%B9%D9%87
أعلن الآن في مدونتي واستفد من الانتشار الواسع,فيصل ع.,0,0,Aucun avis,تسويق رقمي,تحسين محركات البحث,"تسويق, اعلانات, التسويق, الإعلانات, التسويق بالمحتوى",https://khamsat.com/marketing/guest-posts/2987512-%D8%A3%D8%B9%D9%84%D9%86-%D8%A7%D9%84%D8%A2%D9%86-%D9%81%D9%8A-%D9%85%D8%AF%D9%88%D9%86%D8%AA%D9%8A-%D9%88%D8%A7%D8%B3%D8%AA%D9%81%D8%AF-%D9%85%D9%86-%D8%A7%D9%84%D8%A7%D9%86%D8%AA%D8%B4%D8%A7%D8%B1-%D8%A7%D9%84%D9%88%D8%A7%D8%B3%D8%B9
دوفولو باكلينك لموقعك او تطبيقك من موقع امازون ذات 96DA,.Salah Aldeen A,0,0,Aucun avis,تسويق رقمي,تحسين محركات البحث,"مقالات, خدمات, seo, لينك, domain, backlink, باكلينك, السيو, backlinks, دوفولو",https://khamsat.com/marketing/backlinks-building/2609468-%D8%AF%D9%88%D9%81%D9%88%D9%84%D9%88-%D8%A8%D8%A7%D9%83%D9%84%D9%8A%D9%86%D9%83-%D9%84%D9%85%D9%88%D9%82%D8%B9%D9%83-%D8%A7%D9%88-%D8%AA%D8%B7%D8%A8%D9%8A%D9%82%D9%83-%D9%85%D9%86-%D9%85%D9%88%D9%82%D8%B9-%D8%A7%D9%85%D8%A7%D8%B2%D9%88%D9%86-%D8%B0%D8%A7%D8%AA-96da
رابط نصي على مدونة سلامة في السعودية والخليج,متجر ن.,0,0,Aucun avis,تسويق رقمي,تحسين محركات البحث,"مدونة, ارشفة, رابط, رابط نصي, seo, باك, لينك, محركات, تحسين محركات البحث, تحسين السيو",https://khamsat.com/marketing/backlinks-building/2783881-%D8%B1%D8%A7%D8%A8%D8%B7-%D9%86%D8%B5%D9%8A-%D8%B9%D9%84%D9%89-%D9%85%D8%AF%D9%88%D9%86%D8%A9-%D8%B3%D9%84%D8%A7%D9%85%D8%A9-%D9%81%D9%8A-%D8%A7%D9%84%D8%B3%D8%B9%D9%88%D8%AF%D9%8A%D8%A9-%D9%88%D8%A7%D9%84%D8%AE%D9%84%D9%8A%D8%AC
باك لينك,Non trouvé,Non trouvé,Non trouvé,Aucun avis,تسويق رقمي,تحسين محركات البحث,Aucun tag,https://khamsat.com/marketing/backlinks-building/2593020-%D8%A8%D8%A7%D9%83-%D9%84%D9%8A%D9%86%D9%83-%D8%AF%D9%88%D9%81%D9%84%D9%88-backlink-dofollow-%D9%81%D9%8A-%D9%85%D9%88%D9%82%D8%B9-%D8%A7%D9%84%D8%B3%D8%B9%D9%88%D8%AF%D9%8A-%D8%A7%D8%B9%D9%84%D8%A7%D9%86%D8%A7%D8%AA
تحويل مقالات موقعك لتصبح متناسبة مع معايير السيو SEO,فراس أ.,0,0,Aucun avis,تسويق رقمي,تحسين محركات البحث,Aucun tag,https://khamsat.com/marketing/seo-services/1394900-%D8%AA%D8%AD%D9%88%D9%8A%D9%84-%D9%85%D9%82%D8%A7%D9%84%D8%A7%D8%AA-%D9%85%D9%88%D9%82%D8%B9%D9%83-%D9%84%D8%AA%D8%B5%D8%A8%D8%AD-%D9%85%D8%AA%D9%86%D8%A7%D8%B3%D8%A8%D8%A9-%D9%85%D8%B9-%D9%85%D8%B9%D8%A7%D9%8A%D9%8A%D8%B1-%D8%A7%D9%84%D8%B3%D9%8A%D9%88-seo
أعلى   keywords بنتائج البحث في نيتش موقعك وتحليل للمنافسين,محمود و.,82,56,منذ يومين و22 ساعة,تسويق رقمي,تحسين محركات البحث,"خدمات, seo, سيو, تحليل المنافسين, keywords",https://khamsat.com/marketing/keyword-research/1017738-%D8%A3%D8%B9%D9%84%D9%89-keywords-%D8%A8%D9%86%D8%AA%D8%A7%D8%A6%D8%AC-%D8%A7%D9%84%D8%A8%D8%AD%D8%AB-%D9%81%D9%8A-%D9%86%D9%8A%D8%AA%D8%B4-%D9%85%D9%88%D9%82%D8%B9%D9%83-%D9%88%D8%AA%D8%AD%D9%84%D9%8A%D9%84-%D9%84%D9%84%D9%85%D9%86%D8%A7%D9%81%D8%B3%D9%8A%D9%86
تصدر محركات البحث في اليوتيوب ومسك ترتيب في محركات البحث,.Mohamed A,1,1,منذ 4 سنوات و18 يوم,تسويق رقمي,تحسين محركات البحث,"بحث, فيديو, جوجل, يوتيوب, youtube, google, search, seo, تحسين, مشاهدات, لايكات, سيو, مشتركين, قناه, تصدر, ظهور, ترند",https://khamsat.com/marketing/youtube-seo/1832659-%D8%AA%D8%B5%D8%AF%D8%B1-%D9%85%D8%AD%D8%B1%D9%83%D8%A7%D8%AA-%D8%A7%D9%84%D8%A8%D8%AD%D8%AB-%D9%81%D9%8A-%D8%A7%D9%84%D9%8A%D9%88%D8%AA%D9%8A%D9%88%D8%A8-%D9%88%D9%85%D8%B3%D9%83-%D8%AA%D8%B1%D8%AA%D9%8A%D8%A8-%D9%81%D9%8A-%D9%85%D8%AD%D8%B1%D9%83%D8%A7%D8%AA-%D8%A7%D9%84%D8%A8%D8%AD%D8%AB
تحسين محركات البحث وعمل SEO لموقعك,.Mohamed S,8,6,منذ سنة وشهر,تسويق رقمي,تحسين محركات البحث,"مدونة, seo, سيو, تحسين محركات البحث, تحسين السيو",https://khamsat.com/marketing/seo-audit/2833366-%D8%AA%D8%AD%D8%B3%D9%8A%D9%86-%D9%85%D8%AD%D8%B1%D9%83%D8%A7%D8%AA-%D8%A7%D9%84%D8%A8%D8%AD%D8%AB-%D9%88%D8%B9%D9%85%D9%84-seo-%D9%84%D9%85%D9%88%D9%82%D8%B9%D9%83
اقوم بتهيئه قناتك seo ولك 50 كلمه مفتاحيه لفيديو على يوتيوب,.Ahmed M,0,0,Aucun avis,تسويق رقمي,تحسين محركات البحث,"تسويق, يوتيوب, youtube, خدمات, seo, قناة, البحث, محرك, سيو, video, فيديوهات, ظهور, تصدرمحركات",https://khamsat.com/marketing/youtube-seo/1746580-%D8%A7%D9%82%D9%88%D9%85-%D8%A8%D8%AA%D9%87%D9%8A%D8%A6%D9%87-%D9%82%D9%86%D8%A7%D8%AA%D9%83-seo-%D9%88%D9%84%D9%83-50-%D9%83%D9%84%D9%85%D9%87-%D9%85%D9%81%D8%AA%D8%A7%D8%AD%D9%8A%D9%87-%D9%84%D9%81%D9%8A%D8%AF%D9%8A%D9%88-%D8%B9%D9%84%D9%89-%D9%8A%D9%88%D8%AA%D9%8A%D9%88%D8%A8
فحص و تحليل سيو شامل لموقعك أو متجرك الألكتروني,.Mark E,0,0,Aucun avis,تسويق رقمي,تحسين محركات البحث,"ووربريس, تحسين محركات البحث, تحسين السيو, شوبيفاي, منصة سلة",https://khamsat.com/marketing/seo-audit/2762454-%D9%81%D8%AD%D8%B5-%D9%88-%D8%AA%D8%AD%D9%84%D9%8A%D9%84-%D8%B3%D9%8A%D9%88-%D8%B4%D8%A7%D9%85%D9%84-%D9%84%D9%85%D9%88%D9%82%D8%B9%D9%83-%D8%A3%D9%88-%D9%85%D8%AA%D8%AC%D8%B1%D9%83-%D8%A7%D9%84%D8%A3%D9%84%D9%83%D8%AA%D8%B1%D9%88%D9%86%D9%8A
تحسين محركات البحث سيو للمتاجر الإلكترونية على سلة,.Mark E,0,0,Aucun avis,تسويق رقمي,تحسين محركات البحث,"تسويق الكتروني, اعلانات جوجل, متجر الكتروني, اعلانات ممولة, تحسين السيو, متجر سلة",https://khamsat.com/marketing/ecommerce-seo/2645074-%D8%AA%D8%AD%D8%B3%D9%8A%D9%86-%D9%85%D8%AD%D8%B1%D9%83%D8%A7%D8%AA-%D8%A7%D9%84%D8%A8%D8%AD%D8%AB-%D8%B3%D9%8A%D9%88-%D9%84%D9%84%D9%85%D8%AA%D8%A7%D8%AC%D8%B1-%D8%A7%D9%84%D8%A5%D9%84%D9%83%D8%AA%D8%B1%D9%88%D9%86%D9%8A%D8%A9-%D8%B9%D9%84%D9%89-%D8%B3%D9%84%D8%A9
جيست بوست,Non trouvé,Non trouvé,Non trouvé,Aucun avis,تسويق رقمي,تحسين محركات البحث,Aucun tag,https://khamsat.com/marketing/guest-posts/2993245-%D8%A7%D8%AD%D8%B5%D9%84-%D8%B9%D9%84%D9%89-%D8%A8%D8%A7%D9%83-%D9%84%D9%8A%D9%86%D9%83-%D8%AC%D9%8A%D8%B3%D8%AA-%D8%A8%D9%88%D8%B3%D8%AA-%D8%AF%D9%88%D9%81%D9%88%D9%84%D9%88-%D9%85%D9%86-%D8%A3%D9%81%D8%B6%D9%84-%D9%85%D9%88%D8%A7%D9%82%D8%B9-%D8%A7%D9%84%D8%A5%D8%B9%D9%84%D8%A7%D9%86%D8%A7%D8%AA-%D8%A7%D9%84%D9%85%D8%A8%D9%88%D8%A8%D8%A9-%D9%88%D8%A7%D9%84%D9%85%D9%88%D8%A7%D9%82%D8%B9-%D8%A7%D9%84%D8%A5%D8%AE%D8%A8%D8%A7%D8%B1%D9%8A%D8%A9
تحسين سرعة موقعك لاقصى سرعة لزيادة ظهور موقعك في مواقع البحث و لسيو افضل,.Ahmed F,90,88,منذ 7 أشهر و9 أيام,تسويق رقمي,تحسين محركات البحث,"ووردبريس, جوجل, تحسين, سيو, سرعة",https://khamsat.com/marketing/seo-services/1265580-%D8%AA%D8%AD%D8%B3%D9%8A%D9%86-%D8%B3%D8%B1%D8%B9%D8%A9-%D9%85%D9%88%D9%82%D8%B9%D9%83-%D9%84%D8%A7%D9%82%D8%B5%D9%89-%D8%B3%D8%B1%D8%B9%D8%A9-%D9%84%D8%B2%D9%8A%D8%A7%D8%AF%D8%A9-%D8%B8%D9%87%D9%88%D8%B1-%D9%85%D9%88%D9%82%D8%B9%D9%83-%D9%81%D9%8A-%D9%85%D9%88%D8%A7%D9%82%D8%B9-%D8%A7%D9%84%D8%A8%D8%AD%D8%AB-%D9%88-%D9%84%D8%B3%D9%8A%D9%88-%D8%A7%D9%81%D8%B6%D9%84
رابط اعلاني نصّي لتحسين SEO موقعك أو متجرك,.Mahmoud I,0,0,Aucun avis,تسويق رقمي,تحسين محركات البحث,"مواقع, لينكس, seo, باك, سيو",https://khamsat.com/marketing/backlinks-building/3897019-%D8%B1%D8%A7%D8%A8%D8%B7-%D8%A7%D8%B9%D9%84%D8%A7%D9%86%D9%8A-%D9%86%D8%B5%D9%8A-%D9%84%D8%AA%D8%AD%D8%B3%D9%8A%D9%86-seo-%D9%85%D9%88%D9%82%D8%B9%D9%83-%D8%A3%D9%88-%D9%85%D8%AA%D8%AC%D8%B1%D9%83
خدمات سيو أخرى,Non trouvé,Non trouvé,Non trouvé,Aucun avis,تسويق رقمي,تحسين محركات البحث,Aucun tag,https://khamsat.com/marketing/seo-services/1347226-%D8%A7%D9%84%D8%A8%D9%8A%D8%A7%D9%86%D8%A7%D8%AA-%D8%A7%D9%84%D9%85%D9%86%D8%B8%D9%85%D8%A9-%D8%A7%D8%B3%D9%83%D9%8A%D9%85%D8%A7-schema-%D9%84%D8%B8%D9%87%D9%88%D8%B1-%D8%A7%D9%82%D8%B3%D8%A7%D9%85-%D8%A7%D9%84%D9%85%D9%88%D9%82%D8%B9-%D8%AA%D8%AD%D8%AA-%D8%A7%D8%B3%D9%85-%D9%85%D9%88%D9%82%D8%B9%D9%83-%D9%81%D9%8A-%D9%85%D8%AD%D8%B1%D9%83%D8%A7%D8%AA-%D8%A7%D9%84%D8%A8%D8%AD%D8%AB
رابط إعلاني نصّي (dofollow) لموقعك او متجرك لتحسين SEO,.Mahmoud I,0,0,Aucun avis,تسويق رقمي,تحسين محركات البحث,"اعلان, مواقع, اعلانات, لينكس, seo, باك, تحسين, لموقعك, البحث, محركات",https://khamsat.com/marketing/backlinks-building/2135424-%D8%B1%D8%A7%D8%A8%D8%B7-%D8%A5%D8%B9%D9%84%D8%A7%D9%86%D9%8A-%D9%86%D8%B5%D9%8A-dofollow-%D9%84%D9%85%D9%88%D9%82%D8%B9%D9%83-%D8%A7%D9%88-%D9%85%D8%AA%D8%AC%D8%B1%D9%83-%D9%84%D8%AA%D8%AD%D8%B3%D9%8A%D9%86-seo
فحص SEO احترافي لموقعك مع تقرير مفصل,.Mohamed M,0,0,Aucun avis,تسويق رقمي,تحسين محركات البحث,"فحص, seo, سيو, اخطاء, موقع الكتروني",https://khamsat.com/marketing/seo-audit/3299728-%D9%81%D8%AD%D8%B5-seo-%D8%A7%D8%AD%D8%AA%D8%B1%D8%A7%D9%81%D9%8A-%D9%84%D9%85%D9%88%D9%82%D8%B9%D9%83-%D9%85%D8%B9-%D8%AA%D9%82%D8%B1%D9%8A%D8%B1-%D9%85%D9%81%D8%B5%D9%84
أرشفة موقعك في محركات البحث وإصلاح أخطاء الأرشفة,.Emad A,5,4,منذ 3 أشهر و18 يوم,تسويق رقمي,تحسين محركات البحث,"محركات البحث, أرشفة, فهرسة",https://khamsat.com/marketing/seo-services/2445465-%D8%A3%D8%B1%D8%B4%D9%81%D8%A9-%D9%85%D9%88%D9%82%D8%B9%D9%83-%D9%81%D9%8A-%D9%85%D8%AD%D8%B1%D9%83%D8%A7%D8%AA-%D8%A7%D9%84%D8%A8%D8%AD%D8%AB-%D9%88%D8%A5%D8%B5%D9%84%D8%A7%D8%AD-%D8%A3%D8%AE%D8%B7%D8%A7%D8%A1-%D8%A7%D9%84%D8%A3%D8%B1%D8%B4%D9%81%D8%A9
إضافة نشاطك التجاري على جوجل ماب Google Map 2024,كريم ب.,0,0,Aucun avis,تسويق رقمي,تحسين محركات البحث,"ترويج, جوجل, google, قوقل, مشروع, تجاري, خرائط, map, الخرائط, ماب",https://khamsat.com/marketing/local-seo/2836450-%D8%A5%D8%B6%D8%A7%D9%81%D8%A9-%D9%86%D8%B4%D8%A7%D8%B7%D9%83-%D8%A7%D9%84%D8%AA%D8%AC%D8%A7%D8%B1%D9%8A-%D8%B9%D9%84%D9%89-%D8%AC%D9%88%D8%AC%D9%84-%D9%85%D8%A7%D8%A8-google-map-2024
تحليل موقعك بأدوات مدفوعة ومميزة,شذا ق.,2,1,منذ 6 أشهر و3 أيام,تسويق رقمي,تحسين محركات البحث,"تسويق, تحليل, الكتروني, المواقع, تحسين, البحث, محركات, سيو",https://khamsat.com/marketing/seo-audit/1966310-%D8%AA%D8%AD%D9%84%D9%8A%D9%84-%D9%85%D9%88%D9%82%D8%B9%D9%83-%D8%A8%D8%A3%D8%AF%D9%88%D8%A7%D8%AA-%D9%85%D8%AF%D9%81%D9%88%D8%B9%D8%A9-%D9%88%D9%85%D9%85%D9%8A%D8%B2%D8%A9
تحسين الموقع فى محركات البحث من تسريع وارشفة,.Ahmed E,0,0,Aucun avis,تسويق رقمي,تحسين محركات البحث,"جوجل, تسريع, تحسين, الارشفة, بينج",https://khamsat.com/marketing/seo-services/1071406-%D8%AA%D8%AD%D8%B3%D9%8A%D9%86-%D8%A7%D9%84%D9%85%D9%88%D9%82%D8%B9-%D9%81%D9%89-%D9%85%D8%AD%D8%B1%D9%83%D8%A7%D8%AA-%D8%A7%D9%84%D8%A8%D8%AD%D8%AB-%D9%85%D9%86-%D8%AA%D8%B3%D8%B1%D9%8A%D8%B9-%D9%88%D8%A7%D8%B1%D8%B4%D9%81%D8%A9
أحصل علي 20 رابط يشير الي موقعك لزيادة ثقة جوجل(Backlinks),.Mohamed S,0,0,Aucun avis,تسويق رقمي,تحسين محركات البحث,"seo, باك لينك, backlinks, تحسين السيو, ربط خارجي",https://khamsat.com/marketing/backlinks-building/3171030-%D8%A3%D8%AD%D8%B5%D9%84-%D8%B9%D9%84%D9%8A-20-%D8%B1%D8%A7%D8%A8%D8%B7-%D9%8A%D8%B4%D9%8A%D8%B1-%D8%A7%D9%84%D9%8A-%D9%85%D9%88%D9%82%D8%B9%D9%83-%D9%84%D8%B2%D9%8A%D8%A7%D8%AF%D8%A9-%D8%AB%D9%82%D8%A9-%D8%AC%D9%88%D8%AC%D9%84backlinks
خدمات سيو أخرى,Non trouvé,Non trouvé,Non trouvé,Aucun avis,تسويق رقمي,تحسين محركات البحث,Aucun tag,https://khamsat.com/marketing/seo-services/1614496-%D8%A7%D8%B6%D8%A7%D9%81%D8%A9-%D9%85%D9%88%D9%82%D8%B9%D9%83-%D9%81%D9%8A-%D8%AC%D9%88%D8%AC%D9%84-%D9%86%D9%8A%D9%88%D8%B2-google-news-%D9%84%D9%85%D9%88%D8%A7%D9%82%D8%B9-%D8%A7%D9%84%D8%A7%D8%AE%D8%A8%D8%A7%D8%B1
وصف منتجات احترافي متوافقة مع السيو لزيادة مبيعات متجرك,أحمد ش.,0,0,Aucun avis,تسويق رقمي,تحسين محركات البحث,"كتابة, سيو, المنتجات, متاجر الكترونية, وصف منتج",https://khamsat.com/marketing/ecommerce-seo/3226303-%D9%88%D8%B5%D9%81-%D9%85%D9%86%D8%AA%D8%AC%D8%A7%D8%AA-%D8%A7%D8%AD%D8%AA%D8%B1%D8%A7%D9%81%D9%8A-%D9%85%D8%AA%D9%88%D8%A7%D9%81%D9%82%D8%A9-%D9%85%D8%B9-%D8%A7%D9%84%D8%B3%D9%8A%D9%88-%D9%84%D8%B2%D9%8A%D8%A7%D8%AF%D8%A9-%D9%85%D8%A8%D9%8A%D8%B9%D8%A7%D8%AA-%D9%85%D8%AA%D8%AC%D8%B1%D9%83
مقالات SEO احترافية لرفع ترتيب موقعك في جوجل,أحمد ش.,0,0,Aucun avis,تسويق رقمي,تحسين محركات البحث,"مقالات, seo, السيو, تحسين محركات البحث, تصدر نتائج البحث",https://khamsat.com/marketing/ecommerce-seo/3226281-%D9%85%D9%82%D8%A7%D9%84%D8%A7%D8%AA-seo-%D8%A7%D8%AD%D8%AA%D8%B1%D8%A7%D9%81%D9%8A%D8%A9-%D9%84%D8%B1%D9%81%D8%B9-%D8%AA%D8%B1%D8%AA%D9%8A%D8%A8-%D9%85%D9%88%D9%82%D8%B9%D9%83-%D9%81%D9%8A-%D8%AC%D9%88%D8%AC%D9%84
التخلص من الروابط الضارة التي تؤثر على ترتيب موقعك في جوجل,.Alaa K,0,0,Aucun avis,تسويق رقمي,تحسين محركات البحث,"البحث, محركات, سيو, backlink, باكلينكس",https://khamsat.com/marketing/backlinks-building/2892335-%D8%A7%D9%84%D8%AA%D8%AE%D9%84%D8%B5-%D9%85%D9%86-%D8%A7%D9%84%D8%B1%D9%88%D8%A7%D8%A8%D8%B7-%D8%A7%D9%84%D8%B6%D8%A7%D8%B1%D8%A9-%D8%A7%D9%84%D8%AA%D9%8A-%D8%AA%D8%A4%D8%AB%D8%B1-%D8%B9%D9%84%D9%89-%D8%AA%D8%B1%D8%AA%D9%8A%D8%A8-%D9%85%D9%88%D9%82%D8%B9%D9%83-%D9%81%D9%8A-%D8%AC%D9%88%D8%AC%D9%84
تحسين ترتيب متجرك علي منصة سلة في جوجل بعمل تحسينات seo سلة,.Eslam R,0,0,Aucun avis,تسويق رقمي,تحسين محركات البحث,"تحسين محركات البحث, متجر سلة, تحسين محركات البحث seo سلة, تحسينات seo سلة, seo سلة",https://khamsat.com/marketing/ecommerce-seo/2901164-%D8%AA%D8%AD%D8%B3%D9%8A%D9%86-%D8%AA%D8%B1%D8%AA%D9%8A%D8%A8-%D9%85%D8%AA%D8%AC%D8%B1%D9%83-%D8%B9%D9%84%D9%8A-%D9%85%D9%86%D8%B5%D8%A9-%D8%B3%D9%84%D8%A9-%D9%81%D9%8A-%D8%AC%D9%88%D8%AC%D9%84-%D8%A8%D8%B9%D9%85%D9%84-%D8%AA%D8%AD%D8%B3%D9%8A%D9%86%D8%A7%D8%AA-seo-%D8%B3%D9%84%D8%A9
تحسين سيو متاجر سلة لمضاعفة المبيعات بدون اعلانات ممولة,.Bassem A,0,0,Aucun avis,تسويق رقمي,تحسين محركات البحث,"سيو, تحسين محركات البحث, سلة, تحسين السيو, متجر سلة",https://khamsat.com/marketing/ecommerce-seo/3638537-%D8%AA%D8%AD%D8%B3%D9%8A%D9%86-%D8%B3%D9%8A%D9%88-%D9%85%D8%AA%D8%A7%D8%AC%D8%B1-%D8%B3%D9%84%D8%A9-%D9%84%D9%85%D8%B6%D8%A7%D8%B9%D9%81%D8%A9-%D8%A7%D9%84%D9%85%D8%A8%D9%8A%D8%B9%D8%A7%D8%AA-%D8%A8%D8%AF%D9%88%D9%86-%D8%A7%D8%B9%D9%84%D8%A7%D9%86%D8%A7%D8%AA-%D9%85%D9%85%D9%88%D9%84%D8%A9
باك لينك لموقعك فى مواقع عالمية ونفس تخصص موقعك 25 رابط,محمود و.,10,10,منذ سنة و7 أشهر,تسويق رقمي,تحسين محركات البحث,"عمل, خدمات, بناء, المواقع, باك, لينك, فى, بوست, جيست",https://khamsat.com/marketing/backlinks-building/1002314-%D8%A8%D8%A7%D9%83-%D9%84%D9%8A%D9%86%D9%83-%D9%84%D9%85%D9%88%D9%82%D8%B9%D9%83-%D9%81%D9%89-%D9%85%D9%88%D8%A7%D9%82%D8%B9-%D8%B9%D8%A7%D9%84%D9%85%D9%8A%D8%A9-%D9%88%D9%86%D9%81%D8%B3-%D8%AA%D8%AE%D8%B5%D8%B5-%D9%85%D9%88%D9%82%D8%B9%D9%83-25-%D8%B1%D8%A7%D8%A8%D8%B7
اضافة جيست بوست فى منتدي بيج اثيورتي 38 ودومين اثيورتي 32,محمود و.,24,13,منذ سنة و7 أشهر,تسويق رقمي,تحسين محركات البحث,"روابط, شراء, موقعك, نصوص, باك, لينك, فى, بوست, جيست",https://khamsat.com/marketing/guest-posts/943263-%D8%A7%D8%B6%D8%A7%D9%81%D8%A9-%D8%AC%D9%8A%D8%B3%D8%AA-%D8%A8%D9%88%D8%B3%D8%AA-%D9%81%D9%89-%D9%85%D9%86%D8%AA%D8%AF%D9%8A-%D8%A8%D9%8A%D8%AC-%D8%A7%D8%AB%D9%8A%D9%88%D8%B1%D8%AA%D9%8A-38-%D9%88%D8%AF%D9%88%D9%85%D9%8A%D9%86-%D8%A7%D8%AB%D9%8A%D9%88%D8%B1%D8%AA%D9%8A-32
موقعك متوافق لأعلى درجة مع الجوال والديسك توب وتحسين سرعته,محمود و.,39,25,منذ سنتين و8 أشهر,تسويق رقمي,تحسين محركات البحث,"seo, السيو, تحسين سرعة الموقع, website speed, load time",https://khamsat.com/marketing/seo-services/1012081-%D9%85%D9%88%D9%82%D8%B9%D9%83-%D9%85%D8%AA%D9%88%D8%A7%D9%81%D9%82-%D9%84%D8%A3%D8%B9%D9%84%D9%89-%D8%AF%D8%B1%D8%AC%D8%A9-%D9%85%D8%B9-%D8%A7%D9%84%D8%AC%D9%88%D8%A7%D9%84-%D9%88%D8%A7%D9%84%D8%AF%D9%8A%D8%B3%D9%83-%D8%AA%D9%88%D8%A8-%D9%88%D8%AA%D8%AD%D8%B3%D9%8A%D9%86-%D8%B3%D8%B1%D8%B9%D8%AA%D9%87
ضبط السيو الداخلى لمتجرك على سلة,.Ibrahem M,3,3,منذ سنة و9 أشهر,تسويق رقمي,تحسين محركات البحث,"روابط, سيو, تحسين محركات البحث, سلة, تحسين السيو, منصة سلة, متجر سلة, سيو داخلى",https://khamsat.com/marketing/ecommerce-seo/2746676-%D8%B6%D8%A8%D8%B7-%D8%A7%D9%84%D8%B3%D9%8A%D9%88-%D8%A7%D9%84%D8%AF%D8%A7%D8%AE%D9%84%D9%89-%D9%84%D9%85%D8%AA%D8%AC%D8%B1%D9%83-%D8%B9%D9%84%D9%89-%D8%B3%D9%84%D8%A9
اضافة موقعك الى اخبار جوجل للحصول على الاف الباك لينكس,.Mahmoud I,1,0,Aucun avis,تسويق رقمي,تحسين محركات البحث,"اعلانات, لينكس, اخبار, جوجل, المواقع, seo, باك, تحسين, البحث, محركات",https://khamsat.com/marketing/backlinks-building/2135585-%D8%A7%D8%B6%D8%A7%D9%81%D8%A9-%D9%85%D9%88%D9%82%D8%B9%D9%83-%D8%A7%D9%84%D9%89-%D8%A7%D8%AE%D8%A8%D8%A7%D8%B1-%D8%AC%D9%88%D8%AC%D9%84-%D9%84%D9%84%D8%AD%D8%B5%D9%88%D9%84-%D8%B9%D9%84%D9%89-%D8%A7%D9%84%D8%A7%D9%81-%D8%A7%D9%84%D8%A8%D8%A7%D9%83-%D9%84%D9%8A%D9%86%D9%83%D8%B3
استراتجية تحسين السيو SEO لرفع تصنيف موقعك او متجرك,اسكندر م.,11,7,منذ سنتين و4 أشهر,تسويق رقمي,تحسين محركات البحث,"تحليل, google, seo, سيو, السيو, تحسين محركات البحث, سلة, تصدر نتائج البحث, تحسين السيو, شوبيفاي",https://khamsat.com/marketing/seo-audit/2664947-%D8%A7%D8%B3%D8%AA%D8%B1%D8%A7%D8%AA%D8%AC%D9%8A%D8%A9-%D8%AA%D8%AD%D8%B3%D9%8A%D9%86-%D8%A7%D9%84%D8%B3%D9%8A%D9%88-seo-%D9%84%D8%B1%D9%81%D8%B9-%D8%AA%D8%B5%D9%86%D9%8A%D9%81-%D9%85%D9%88%D9%82%D8%B9%D9%83-%D8%A7%D9%88-%D9%85%D8%AA%D8%AC%D8%B1%D9%83
تحليل لموقعك  الالكتروني والمواقع  المنافسة,.Eslam T,1,0,Aucun avis,تسويق رقمي,تحسين محركات البحث,"موقع, تسويق, تحليل, خطة, القمة",https://khamsat.com/marketing/seo-competitor-analysis/1456771-%D8%AA%D8%AD%D9%84%D9%8A%D9%84-%D9%84%D9%85%D9%88%D9%82%D8%B9%D9%83-%D8%A7%D9%84%D8%A7%D9%84%D9%83%D8%AA%D8%B1%D9%88%D9%86%D9%8A-%D9%88%D8%A7%D9%84%D9%85%D9%88%D8%A7%D9%82%D8%B9-%D8%A7%D9%84%D9%85%D9%86%D8%A7%D9%81%D8%B3%D8%A9
باكلينكس دوفلو من موقع بيج رانك 4,عادل م.,195,127,منذ 3 أشهر و5 أيام,تسويق رقمي,تحسين محركات البحث,"روابط, جوجل, نص, رابط, seo, رانك, باك, نصية, كلمات, لينك",https://khamsat.com/marketing/backlinks-building/845445-%D8%A8%D8%A7%D9%83%D9%84%D9%8A%D9%86%D9%83%D8%B3-%D8%AF%D9%88%D9%81%D9%84%D9%88-%D9%85%D9%86-%D9%85%D9%88%D9%82%D8%B9-%D8%A8%D9%8A%D8%AC-%D8%B1%D8%A7%D9%86%D9%83-4
اضافة رابط نصي دوفولو لموقعك ليتصدر نتائج البحث,.Taha H,2,2,منذ سنة و18 يوم,تسويق رقمي,تحسين محركات البحث,"ووردبريس, رابط نصي, باك لينك, روابط نصية, جيست بوست",https://khamsat.com/marketing/backlinks-building/2396690-%D8%A7%D8%B6%D8%A7%D9%81%D8%A9-%D8%B1%D8%A7%D8%A8%D8%B7-%D9%86%D8%B5%D9%8A-%D8%AF%D9%88%D9%81%D9%88%D9%84%D9%88-%D9%84%D9%85%D9%88%D9%82%D8%B9%D9%83-%D9%84%D9%8A%D8%AA%D8%B5%D8%AF%D8%B1-%D9%86%D8%AA%D8%A7%D8%A6%D8%AC-%D8%A7%D9%84%D8%A8%D8%AD%D8%AB
30 كلمة رئيسية لستخدمهم داخل موقعك (Best Keywords),.Fares R,6,5,منذ 3 سنوات و20 يوم,تسويق رقمي,تحسين محركات البحث,"المواقع, تحسين, البحث, محركات, الكلمات, تصدير, الرئيسية",https://khamsat.com/marketing/keyword-research/2294823-30-%D9%83%D9%84%D9%85%D8%A9-%D8%B1%D8%A6%D9%8A%D8%B3%D9%8A%D8%A9-%D9%84%D8%B3%D8%AA%D8%AE%D8%AF%D9%85%D9%87%D9%85-%D8%AF%D8%A7%D8%AE%D9%84-%D9%85%D9%88%D9%82%D8%B9%D9%83-best-keywords
الصفحة المطلوبة غير موجودة,Non trouvé,Non trouvé,Non trouvé,Aucun avis,Inconnu,Inconnu,Aucun tag,https://khamsat.com/marketing/backlinks-building/2878128-%D8%B1%D8%A7%D8%A8%D8%B7-%D9%86%D8%B5%D9%8A-%D8%A8%D8%A7%D9%83%D9%84%D9%8A%D9%86%D9%83-%D9%81%D9%89-%D9%85%D9%88%D8%A7%D9%82%D8%B9-%D9%87%D8%A7%D9%89-%D8%A3%D9%88%D8%AB%D8%B1%D8%AA%D9%89-%D8%AD%D8%AA%D9%89-44-%D9%84%D8%AA%D8%B5%D8%AF%D8%B1-%D8%AC%D9%88%D8%AC%D9%84
افضل جيست بوست يضمن تصدر موقعك بنسبة 100% سبام سكور 1%,.Taha H,75,51,منذ شهر و29 يوم,تسويق رقمي,تحسين محركات البحث,"ووردبريس, رابط نصي, باك لينك, سيو, جيست بوست",https://khamsat.com/marketing/guest-posts/1911144-%D8%A7%D9%81%D8%B6%D9%84-%D8%AC%D9%8A%D8%B3%D8%AA-%D8%A8%D9%88%D8%B3%D8%AA-%D9%8A%D8%B6%D9%85%D9%86-%D8%AA%D8%B5%D8%AF%D8%B1-%D9%85%D9%88%D9%82%D8%B9%D9%83-%D8%A8%D9%86%D8%B3%D8%A8%D8%A9-100-%D8%B3%D8%A8%D8%A7%D9%85-%D8%B3%D9%83%D9%88%D8%B1-1
حل مشكلة أسباب جديدة تمنع فهرسة صفحات موقعك,.Islam E,0,0,Aucun avis,تسويق رقمي,تحسين محركات البحث,"استضافة, مواقع, جوجل, أرشفة, فهرسة",https://khamsat.com/marketing/seo-audit/2925309-%D8%AD%D9%84-%D9%85%D8%B4%D9%83%D9%84%D8%A9-%D8%A3%D8%B3%D8%A8%D8%A7%D8%A8-%D8%AC%D8%AF%D9%8A%D8%AF%D8%A9-%D8%AA%D9%85%D9%86%D8%B9-%D9%81%D9%87%D8%B1%D8%B3%D8%A9-%D8%B5%D9%81%D8%AD%D8%A7%D8%AA-%D9%85%D9%88%D9%82%D8%B9%D9%83
حل مشكلة أسباب جديدة تمنع فهرسة صفحات موقعك,.Islam E,0,0,Aucun avis,تسويق رقمي,تحسين محركات البحث,"استضافة, مواقع, جوجل, أرشفة, فهرسة",https://khamsat.com/marketing/seo-audit/2925309-%D8%AD%D9%84-%D9%85%D8%B4%D9%83%D9%84%D8%A9-%D8%A3%D8%B3%D8%A8%D8%A7%D8%A8-%D8%AC%D8%AF%D9%8A%D8%AF%D8%A9-%D8%AA%D9%85%D9%86%D8%B9-%D9%81%D9%87%D8%B1%D8%B3%D8%A9-%D8%B5%D9%81%D8%AD%D8%A7%D8%AA-%D9%85%D9%88%D9%82%D8%B9%D9%83
عمل  باكلينك wep2 blog دومين اثورتى من 50 الى 70,.Ibrahem M,11,5,منذ 12 شهر و11 ساعة,تسويق رقمي,تحسين محركات البحث,"ووردبريس, دومين, ويب, seo, سيو, backlink, باكلينك, backlinks, 2.0, اثورتي",https://khamsat.com/marketing/backlinks-building/2811484-%D8%B9%D9%85%D9%84-%D8%A8%D8%A7%D9%83%D9%84%D9%8A%D9%86%D9%83-wep2-blog-%D8%AF%D9%88%D9%85%D9%8A%D9%86-%D8%A7%D8%AB%D9%88%D8%B1%D8%AA%D9%89-%D9%85%D9%86-50-%D8%A7%D9%84%D9%89-70
تصدر نتائج جوجل مع خدمة فحص السيو وتحليل موقعك الالكتروني واحصل على تقرير بالمشكلات والحلول,عادل م.,134,85,منذ شهرين و27 يوم,تسويق رقمي,تحسين محركات البحث,"موقع, تطوير, مواقع, ارشفة, جوجل, زوار, seo, تحسين, محركات, سيو",https://khamsat.com/marketing/seo-audit/841667-%D8%AA%D8%B5%D8%AF%D8%B1-%D9%86%D8%AA%D8%A7%D8%A6%D8%AC-%D8%AC%D9%88%D8%AC%D9%84-%D9%85%D8%B9-%D8%AE%D8%AF%D9%85%D8%A9-%D9%81%D8%AD%D8%B5-%D8%A7%D9%84%D8%B3%D9%8A%D9%88-%D9%88%D8%AA%D8%AD%D9%84%D9%8A%D9%84-%D9%85%D9%88%D9%82%D8%B9%D9%83-%D8%A7%D9%84%D8%A7%D9%84%D9%83%D8%AA%D8%B1%D9%88%D9%86%D9%8A-%D9%88%D8%A7%D8%AD%D8%B5%D9%84-%D8%B9%D9%84%D9%89-%D8%AA%D9%82%D8%B1%D9%8A%D8%B1-%D8%A8%D8%A7%D9%84%D9%85%D8%B4%D9%83%D9%84%D8%A7%D8%AA-%D9%88%D8%A7%D9%84%D8%AD%D9%84%D9%88%D9%84
جيست بوست فى مواقع خدمات سعودية ترفع ترتيبك فى جوجل,عادل م.,7,2,منذ شهرين و16 ساعة,تسويق رقمي,تحسين محركات البحث,"بوست, post, جيست, guest, جست",https://khamsat.com/marketing/guest-posts/2880212-%D8%AC%D9%8A%D8%B3%D8%AA-%D8%A8%D9%88%D8%B3%D8%AA-%D9%81%D9%89-%D9%85%D9%88%D8%A7%D9%82%D8%B9-%D8%AE%D8%AF%D9%85%D8%A7%D8%AA-%D8%B3%D8%B9%D9%88%D8%AF%D9%8A%D8%A9-%D8%AA%D8%B1%D9%81%D8%B9-%D8%AA%D8%B1%D8%AA%D9%8A%D8%A8%D9%83-%D9%81%D9%89-%D8%AC%D9%88%D8%AC%D9%84
زيادة الدومين اثورتى الى 50 DA ومسك كلمات فى الصفحة الاولي,.Ibrahem M,14,8,منذ 10 أشهر و4 أيام,تسويق رقمي,تحسين محركات البحث,"زيادة, seo, تحسين السيو, رفع الدومين اثورتى, دومين اثورتى",https://khamsat.com/marketing/seo-services/2046978-%D8%B2%D9%8A%D8%A7%D8%AF%D8%A9-%D8%A7%D9%84%D8%AF%D9%88%D9%85%D9%8A%D9%86-%D8%A7%D8%AB%D9%88%D8%B1%D8%AA%D9%89-%D8%A7%D9%84%D9%89-50-da-%D9%88%D9%85%D8%B3%D9%83-%D9%83%D9%84%D9%85%D8%A7%D8%AA-%D9%81%D9%89-%D8%A7%D9%84%D8%B5%D9%81%D8%AD%D8%A9-%D8%A7%D9%84%D8%A7%D9%88%D9%84%D9%8A
أقوى 50 كلمة مفتاحية لتقوية سيو موقعك وتصدر محركات البحث SEO,عادل م.,11,9,منذ 9 أشهر و23 يوم,تسويق رقمي,تحسين محركات البحث,"بحث, جوجل, كلمات, key, سيو, مفتاحية, keyword, words",https://khamsat.com/marketing/keyword-research/1198403-%D8%A3%D9%82%D9%88%D9%89-50-%D9%83%D9%84%D9%85%D8%A9-%D9%85%D9%81%D8%AA%D8%A7%D8%AD%D9%8A%D8%A9-%D9%84%D8%AA%D9%82%D9%88%D9%8A%D8%A9-%D8%B3%D9%8A%D9%88-%D9%85%D9%88%D9%82%D8%B9%D9%83-%D9%88%D8%AA%D8%B5%D8%AF%D8%B1-%D9%85%D8%AD%D8%B1%D9%83%D8%A7%D8%AA-%D8%A7%D9%84%D8%A8%D8%AD%D8%AB-seo
تهيئة موقع خارجيا off page seo,محمود و.,7,7,منذ 3 أشهر و9 ساعات,تسويق رقمي,تحسين محركات البحث,"seo, باك لينكس, backlinks, off page seo, بناء باك لينكس",https://khamsat.com/marketing/seo-services/1058763-%D8%AA%D9%87%D9%8A%D8%A6%D8%A9-%D9%85%D9%88%D9%82%D8%B9-%D8%AE%D8%A7%D8%B1%D8%AC%D9%8A%D8%A7-off-page-seo
التنصل من الروابط الخلفية الضارة بموقعك Disavow Baclinks,عادل م.,8,6,منذ سنتين و6 أشهر,تسويق رقمي,تحسين محركات البحث,"بحث, روابط, جوجل, خلفية, الروابط, باكلينكس, الخلفية, تنصل, التنصل, disavow",https://khamsat.com/marketing/backlinks-building/1604373-%D8%A7%D9%84%D8%AA%D9%86%D8%B5%D9%84-%D9%85%D9%86-%D8%A7%D9%84%D8%B1%D9%88%D8%A7%D8%A8%D8%B7-%D8%A7%D9%84%D8%AE%D9%84%D9%81%D9%8A%D8%A9-%D8%A7%D9%84%D8%B6%D8%A7%D8%B1%D8%A9-%D8%A8%D9%85%D9%88%D9%82%D8%B9%D9%83-disavow-baclinks
اضافه متجرك أو نشاطك التجاري على Google Maps,عثمان ع.,0,0,Aucun avis,تسويق رقمي,تحسين محركات البحث,خرائط,https://khamsat.com/marketing/local-seo/1703372-%D8%A7%D8%B6%D8%A7%D9%81%D9%87-%D9%85%D8%AA%D8%AC%D8%B1%D9%83-%D8%A3%D9%88-%D9%86%D8%B4%D8%A7%D8%B7%D9%83-%D8%A7%D9%84%D8%AA%D8%AC%D8%A7%D8%B1%D9%8A-%D8%B9%D9%84%D9%89-google-maps
أضع لك رابط نصي في بوابة مشاهير العرب,إسلام ج.,0,0,Aucun avis,تسويق رقمي,تحسين محركات البحث,"روابط, إعلانات, موقعك, نصي, ترتيب, باكلينك, back, links, باكلنك, تحسين السيو",https://khamsat.com/marketing/backlinks-building/2777800-%D8%A3%D8%B6%D8%B9-%D9%84%D9%83-%D8%B1%D8%A7%D8%A8%D8%B7-%D9%86%D8%B5%D9%8A-%D9%81%D9%8A-%D8%A8%D9%88%D8%A7%D8%A8%D8%A9-%D9%85%D8%B4%D8%A7%D9%87%D9%8A%D8%B1-%D8%A7%D9%84%D8%B9%D8%B1%D8%A8
روابط لتخفيض ترتيب موقعك فى اليكسا + 20 رابط edu&gov يدوى,.Ibrahem M,73,33,منذ سنتين و16 يوم,تسويق رقمي,تحسين محركات البحث,"روابط, باكلينك, backlinks, edu, gov",https://khamsat.com/marketing/seo-services/1199995-%D8%B1%D9%88%D8%A7%D8%A8%D8%B7-%D9%84%D8%AA%D8%AE%D9%81%D9%8A%D8%B6-%D8%AA%D8%B1%D8%AA%D9%8A%D8%A8-%D9%85%D9%88%D9%82%D8%B9%D9%83-%D9%81%D9%89-%D8%A7%D9%84%D9%8A%D9%83%D8%B3%D8%A7-20-%D8%B1%D8%A7%D8%A8%D8%B7-edugov-%D9%8A%D8%AF%D9%88%D9%89
كتابة مقال جيست بوست متوافقة مع SEO ونشرة فى دومين اثورتى 48,.Ibrahem M,3,2,منذ 7 أشهر و7 ساعات,تسويق رقمي,تحسين محركات البحث,"كتابة, مقالات, مقال, seo, كتابة مقالات حصرية",https://khamsat.com/marketing/guest-posts/2361504-%D9%83%D8%AA%D8%A7%D8%A8%D8%A9-%D9%85%D9%82%D8%A7%D9%84-%D8%AC%D9%8A%D8%B3%D8%AA-%D8%A8%D9%88%D8%B3%D8%AA-%D9%85%D8%AA%D9%88%D8%A7%D9%81%D9%82%D8%A9-%D9%85%D8%B9-seo-%D9%88%D9%86%D8%B4%D8%B1%D8%A9-%D9%81%D9%89-%D8%AF%D9%88%D9%85%D9%8A%D9%86-%D8%A7%D8%AB%D9%88%D8%B1%D8%AA%D9%89-48
عمل رابط بيج رانك 8 9 دومين اثورتى 100 80 يدوى,.Ibrahem M,205,113,منذ 7 أشهر و24 يوم,تسويق رقمي,تحسين محركات البحث,"seo, باكلينك, backlinks, باكلينك دوفلو, تحسين سيو",https://khamsat.com/marketing/backlinks-building/1033480-%D8%B9%D9%85%D9%84-%D8%B1%D8%A7%D8%A8%D8%B7-%D8%A8%D9%8A%D8%AC-%D8%B1%D8%A7%D9%86%D9%83-8-9-%D8%AF%D9%88%D9%85%D9%8A%D9%86-%D8%A7%D8%AB%D9%88%D8%B1%D8%AA%D9%89-100-80-%D9%8A%D8%AF%D9%88%D9%89
تصدر نتائج البحث في يوتيوب لفيديو الخاص بك,.Sameh M,0,0,Aucun avis,تسويق رقمي,تحسين محركات البحث,"فيديو, يوتيوب, سيو, نتائج, تصدر",https://khamsat.com/marketing/youtube-seo/2050030-%D8%AA%D8%B5%D8%AF%D8%B1-%D9%86%D8%AA%D8%A7%D8%A6%D8%AC-%D8%A7%D9%84%D8%A8%D8%AD%D8%AB-%D9%81%D9%8A-%D9%8A%D9%88%D8%AA%D9%8A%D9%88%D8%A8-%D9%84%D9%81%D9%8A%D8%AF%D9%8A%D9%88-%D8%A7%D9%84%D8%AE%D8%A7%D8%B5-%D8%A8%D9%83
seo للمواقع وتحسين محرك البحث ( سيو ) عن طريق تحليل الموقع,.Ghaith M,1,1,منذ 3 سنوات و11 شهر,تسويق رقمي,تحسين محركات البحث,"مواقع, google, seo, سيو, السيو",https://khamsat.com/marketing/seo-audit/2237236-seo-%D9%84%D9%84%D9%85%D9%88%D8%A7%D9%82%D8%B9-%D9%88%D8%AA%D8%AD%D8%B3%D9%8A%D9%86-%D9%85%D8%AD%D8%B1%D9%83-%D8%A7%D9%84%D8%A8%D8%AD%D8%AB-%D8%B3%D9%8A%D9%88-%D8%B9%D9%86-%D8%B7%D8%B1%D9%8A%D9%82-%D8%AA%D8%AD%D9%84%D9%8A%D9%84-%D8%A7%D9%84%D9%85%D9%88%D9%82%D8%B9
أكتب مقال حصري عن موقعك متفق مع قواعد السيو وأنشره فى موقعى,عادل م.,30,22,منذ سنة و7 أشهر,تسويق رقمي,تحسين محركات البحث,"جوجل, نشر, seo, سيو, باكلينكس, guest post, جيست بوست",https://khamsat.com/marketing/guest-posts/1021991-%D8%A3%D9%83%D8%AA%D8%A8-%D9%85%D9%82%D8%A7%D9%84-%D8%AD%D8%B5%D8%B1%D9%8A-%D8%B9%D9%86-%D9%85%D9%88%D9%82%D8%B9%D9%83-%D9%85%D8%AA%D9%81%D9%82-%D9%85%D8%B9-%D9%82%D9%88%D8%A7%D8%B9%D8%AF-%D8%A7%D9%84%D8%B3%D9%8A%D9%88-%D9%88%D8%A3%D9%86%D8%B4%D8%B1%D9%87-%D9%81%D9%89-%D9%85%D9%88%D9%82%D8%B9%D9%89
إنشاء خريطة موقع احترافية لموقعك الإلكتروني لتحسين الأرشفة فى جوجل,عادل م.,29,23,منذ سنتين و4 أشهر,تسويق رقمي,تحسين محركات البحث,"موقع, ارشفة, جوجل, seo, سيو, sitemap, خريطة",https://khamsat.com/marketing/seo-services/905275-%D8%A5%D9%86%D8%B4%D8%A7%D8%A1-%D8%AE%D8%B1%D9%8A%D8%B7%D8%A9-%D9%85%D9%88%D9%82%D8%B9-%D8%A7%D8%AD%D8%AA%D8%B1%D8%A7%D9%81%D9%8A%D8%A9-%D9%84%D9%85%D9%88%D9%82%D8%B9%D9%83-%D8%A7%D9%84%D8%A5%D9%84%D9%83%D8%AA%D8%B1%D9%88%D9%86%D9%8A-%D9%84%D8%AA%D8%AD%D8%B3%D9%8A%D9%86-%D8%A7%D9%84%D8%A3%D8%B1%D8%B4%D9%81%D8%A9-%D9%81%D9%89-%D8%AC%D9%88%D8%AC%D9%84
رابط نصي في موقع الغربة ،أقوى باكلينك لموقعك,.Abdelati T,1,0,Aucun avis,تسويق رقمي,تحسين محركات البحث,"تطوير, ترويج, اشهار, seo, باكلينك",https://khamsat.com/marketing/backlinks-building/3225789-%D8%B1%D8%A7%D8%A8%D8%B7-%D9%86%D8%B5%D9%8A-%D9%81%D9%8A-%D9%85%D9%88%D9%82%D8%B9-%D8%A7%D9%84%D8%BA%D8%B1%D8%A8%D8%A9-%D8%A3%D9%82%D9%88%D9%89-%D8%A8%D8%A7%D9%83%D9%84%D9%8A%D9%86%D9%83-%D9%84%D9%85%D9%88%D9%82%D8%B9%D9%83
10 روابط دوفلو لموقعك فى الصفحة الرئيسية,.Ibrahem M,10,5,منذ سنتين وشهر,تسويق رقمي,تحسين محركات البحث,"روابط, باك, لينك, الصفحة, دوفلو, بكلينك, دائمة, الرئيسية",https://khamsat.com/marketing/backlinks-building/1276784-10-%D8%B1%D9%88%D8%A7%D8%A8%D8%B7-%D8%AF%D9%88%D9%81%D9%84%D9%88-%D9%84%D9%85%D9%88%D9%82%D8%B9%D9%83-%D9%81%D9%89-%D8%A7%D9%84%D8%B5%D9%81%D8%AD%D8%A9-%D8%A7%D9%84%D8%B1%D8%A6%D9%8A%D8%B3%D9%8A%D8%A9
أضيف لك إشعار باستعمال موقعك لملفات الارتباط (الكوكيز) لتحسين السيو الداخلى وتصدر محركات البحث,عادل م.,7,6,منذ 3 سنوات وشهرين,تسويق رقمي,تحسين محركات البحث,"جوجل, seo, البحث, محركات, سيو",https://khamsat.com/marketing/seo-services/1167939-%D8%A3%D8%B6%D9%8A%D9%81-%D9%84%D9%83-%D8%A5%D8%B4%D8%B9%D8%A7%D8%B1-%D8%A8%D8%A7%D8%B3%D8%AA%D8%B9%D9%85%D8%A7%D9%84-%D9%85%D9%88%D9%82%D8%B9%D9%83-%D9%84%D9%85%D9%84%D9%81%D8%A7%D8%AA-%D8%A7%D9%84%D8%A7%D8%B1%D8%AA%D8%A8%D8%A7%D8%B7-%D8%A7%D9%84%D9%83%D9%88%D9%83%D9%8A%D8%B2-%D9%84%D8%AA%D8%AD%D8%B3%D9%8A%D9%86-%D8%A7%D9%84%D8%B3%D9%8A%D9%88-%D8%A7%D9%84%D8%AF%D8%A7%D8%AE%D9%84%D9%89-%D9%88%D8%AA%D8%B5%D8%AF%D8%B1-%D9%85%D8%AD%D8%B1%D9%83%D8%A7%D8%AA-%D8%A7%D9%84%D8%A8%D8%AD%D8%AB
جيست بوست Guest Post في موقع تقني عربي +54 DR DA,.Amani A,4,2,منذ سنة و10 أشهر,تسويق رقمي,تحسين محركات البحث,"روابط, باك لينك, backlink, دوفولو, guestpost",https://khamsat.com/marketing/guest-posts/2105234-%D8%AC%D9%8A%D8%B3%D8%AA-%D8%A8%D9%88%D8%B3%D8%AA-guest-post-%D9%81%D9%8A-%D9%85%D9%88%D9%82%D8%B9-%D8%AA%D9%82%D9%86%D9%8A-%D8%B9%D8%B1%D8%A8%D9%8A-54-dr-da
جيست بوست Guest Post في موقع تقني أجنبي +54  DR DA,.Amani A,2,0,Aucun avis,تسويق رقمي,تحسين محركات البحث,"backlink, باكلينك, دوفولو, dofollow",https://khamsat.com/marketing/guest-posts/2106886-%D8%AC%D9%8A%D8%B3%D8%AA-%D8%A8%D9%88%D8%B3%D8%AA-guest-post-%D9%81%D9%8A-%D9%85%D9%88%D9%82%D8%B9-%D8%AA%D9%82%D9%86%D9%8A-%D8%A3%D8%AC%D9%86%D8%A8%D9%8A-54-dr-da
سأقوم باضافة اسم متجرك اوشركتك اومكتبك على خرائط جوجل,.Jihad E,0,0,Aucun avis,تسويق رقمي,تحسين محركات البحث,"جوجل, google, خرائط, map, maps",https://khamsat.com/marketing/local-seo/1680899-%D8%B3%D8%A3%D9%82%D9%88%D9%85-%D8%A8%D8%A7%D8%B6%D8%A7%D9%81%D8%A9-%D8%A7%D8%B3%D9%85-%D9%85%D8%AA%D8%AC%D8%B1%D9%83-%D8%A7%D9%88%D8%B4%D8%B1%D9%83%D8%AA%D9%83-%D8%A7%D9%88%D9%85%D9%83%D8%AA%D8%A8%D9%83-%D8%B9%D9%84%D9%89-%D8%AE%D8%B1%D8%A7%D8%A6%D8%B7-%D8%AC%D9%88%D8%AC%D9%84
حملة سيو لموقعك 260 باك لينك ما بين WIKI-EDU-WEB2 لتصدرجوجل,محمد ع.,436,259,منذ شهرين و8 أيام,تسويق رقمي,تحسين محركات البحث,"seo, لينك, أرشفة, سيو, باكلينكات",https://khamsat.com/marketing/backlinks-building/774912-%D8%AD%D9%85%D9%84%D8%A9-%D8%B3%D9%8A%D9%88-%D9%84%D9%85%D9%88%D9%82%D8%B9%D9%83-260-%D8%A8%D8%A7%D9%83-%D9%84%D9%8A%D9%86%D9%83-%D9%85%D8%A7-%D8%A8%D9%8A%D9%86-wiki-edu-web2-%D9%84%D8%AA%D8%B5%D8%AF%D8%B1%D8%AC%D9%88%D8%AC%D9%84
أكتسح محرك البحث عن طريق 900 باكلينك دوفولو و 100 تعليمي Edu,محمد ع.,68,37,منذ 9 أشهر و14 ساعة,تسويق رقمي,تحسين محركات البحث,"seo, باك, لموقعك, لينك, البحث, محركات, حملة, أرشفة, سيو, تهيئة, دوفولو, edu, web2, باكلينكات",https://khamsat.com/marketing/backlinks-building/986963-%D8%A3%D9%83%D8%AA%D8%B3%D8%AD-%D9%85%D8%AD%D8%B1%D9%83-%D8%A7%D9%84%D8%A8%D8%AD%D8%AB-%D8%B9%D9%86-%D8%B7%D8%B1%D9%8A%D9%82-900-%D8%A8%D8%A7%D9%83%D9%84%D9%8A%D9%86%D9%83-%D8%AF%D9%88%D9%81%D9%88%D9%84%D9%88-%D9%88-100-%D8%AA%D8%B9%D9%84%D9%8A%D9%85%D9%8A-edu
الصفحة المطلوبة غير موجودة,Non trouvé,Non trouvé,Non trouvé,Aucun avis,Inconnu,Inconnu,Aucun tag,https://khamsat.com/marketing/backlinks-building/1715962-%D9%86%D8%B4%D8%B1-%D9%88%D8%AA%D8%B9%D8%B2%D9%8A%D8%B2-%D9%82%D9%88%D8%A9-%D9%85%D9%88%D9%82%D8%B9%D9%83-%D8%B9%D8%A8%D8%B1-%D8%A8%D8%A7%D9%83-%D9%84%D9%8A%D9%86%D9%83-%D9%84%D8%AA%D8%AD%D8%B3%D9%8A%D9%86-%D8%A7%D9%84%D8%A3%D8%B1%D8%B4%D9%81%D8%A9-%D9%88%D8%A7%D9%84%D9%80-seo
خطة SEO احترافيه للصعود بموقعك وتصدر النتائج الاولى بجوجل,احمد م.,1,1,منذ 3 سنوات وشهر,تسويق رقمي,تحسين محركات البحث,"موقع, مواقع, تحليل, عمل, ارشفة, seo, report, خطة, سيو, analysis, منافسين",https://khamsat.com/marketing/seo-services/1746681-%D8%AE%D8%B7%D8%A9-seo-%D8%A7%D8%AD%D8%AA%D8%B1%D8%A7%D9%81%D9%8A%D9%87-%D9%84%D9%84%D8%B5%D8%B9%D9%88%D8%AF-%D8%A8%D9%85%D9%88%D9%82%D8%B9%D9%83-%D9%88%D8%AA%D8%B5%D8%AF%D8%B1-%D8%A7%D9%84%D9%86%D8%AA%D8%A7%D8%A6%D8%AC-%D8%A7%D9%84%D8%A7%D9%88%D9%84%D9%89-%D8%A8%D8%AC%D9%88%D8%AC%D9%84
تحسين محركات البحث للمتاجر الالكترونية,.Al Shimaa E,1,1,منذ سنة و10 أشهر,تسويق رقمي,تحسين محركات البحث,"تسويق الكتروني, seo, متجر الكتروني, تحسين محركات البحث, تحسين السيو",https://khamsat.com/marketing/ecommerce-seo/3005360-%D8%AA%D8%AD%D8%B3%D9%8A%D9%86-%D9%85%D8%AD%D8%B1%D9%83%D8%A7%D8%AA-%D8%A7%D9%84%D8%A8%D8%AD%D8%AB-%D9%84%D9%84%D9%85%D8%AA%D8%A7%D8%AC%D8%B1-%D8%A7%D9%84%D8%A7%D9%84%D9%83%D8%AA%D8%B1%D9%88%D9%86%D9%8A%D8%A9
تحسين SEO لقناتك فى اليوتيوب,عمرو ع.,4,4,منذ 4 سنوات و10 أشهر,تسويق رقمي,تحسين محركات البحث,"يوتيوب, seo, رانك, سيو",https://khamsat.com/marketing/youtube-seo/1781553-%D8%AA%D8%AD%D8%B3%D9%8A%D9%86-seo-%D9%84%D9%82%D9%86%D8%A7%D8%AA%D9%83-%D9%81%D9%89-%D8%A7%D9%84%D9%8A%D9%88%D8%AA%D9%8A%D9%88%D8%A8
ضف نشاطك التجاري في قوقل ماب,.Ahmed Y,1,1,منذ 6 سنوات و7 أشهر,تسويق رقمي,تحسين محركات البحث,"شركة, مبيعات, جوجل, ارباح, seo, سيو",https://khamsat.com/marketing/local-seo/1225124-%D8%B6%D9%81-%D9%86%D8%B4%D8%A7%D8%B7%D9%83-%D8%A7%D9%84%D8%AA%D8%AC%D8%A7%D8%B1%D9%8A-%D9%81%D9%8A-%D9%82%D9%88%D9%82%D9%84-%D9%85%D8%A7%D8%A8
"جيست بوست في موقع سيارات "" الوطن كار ""  DA 54",.Ahmed G,5,2,منذ سنتين وشهرين,تسويق رقمي,تحسين محركات البحث,"سيارات, باك لينك, سيو, جيست, guest, جيست بوست, عربيات",https://khamsat.com/marketing/guest-posts/2825672-%D8%AC%D9%8A%D8%B3%D8%AA-%D8%A8%D9%88%D8%B3%D8%AA-%D9%81%D9%8A-%D9%85%D9%88%D9%82%D8%B9-%D8%B3%D9%8A%D8%A7%D8%B1%D8%A7%D8%AA-%D8%A7%D9%84%D9%88%D8%B7%D9%86-%D9%83%D8%A7%D8%B1-da-54
نشر جيست بوست روابط دوفولو على موقع الخليج لايف,.Ahmed G,8,6,منذ شهر و18 يوم,تسويق رقمي,تحسين محركات البحث,"كتابة محتوى, باك لينك, سيو, جيست بوست, مقال باكلينكس",https://khamsat.com/marketing/guest-posts/2462201-%D9%86%D8%B4%D8%B1-%D8%AC%D9%8A%D8%B3%D8%AA-%D8%A8%D9%88%D8%B3%D8%AA-%D8%B1%D9%88%D8%A7%D8%A8%D8%B7-%D8%AF%D9%88%D9%81%D9%88%D9%84%D9%88-%D8%B9%D9%84%D9%89-%D9%85%D9%88%D9%82%D8%B9-%D8%A7%D9%84%D8%AE%D9%84%D9%8A%D8%AC-%D9%84%D8%A7%D9%8A%D9%81
10000 باكلينكسbacklinks اغلبها دوفولو في مدونات عالية الجودى,.Abdenacer B,22,6,منذ سنة وشهر,تسويق رقمي,تحسين محركات البحث,"مدونات, موقعك, نشر, عالية, blog, باكلينكس, backlinks, الجودى",https://khamsat.com/marketing/backlinks-building/988544-10000-%D8%A8%D8%A7%D9%83%D9%84%D9%8A%D9%86%D9%83%D8%B3backlinks-%D8%A7%D8%BA%D9%84%D8%A8%D9%87%D8%A7-%D8%AF%D9%88%D9%81%D9%88%D9%84%D9%88-%D9%81%D9%8A-%D9%85%D8%AF%D9%88%D9%86%D8%A7%D8%AA-%D8%B9%D8%A7%D9%84%D9%8A%D8%A9-%D8%A7%D9%84%D8%AC%D9%88%D8%AF%D9%89
جيست بوست على موقع بوابة متدورش DA 54,.Ahmed G,3,2,منذ 9 أشهر و28 يوم,تسويق رقمي,تحسين محركات البحث,"seo, باك, لينك, باكلينكس, بوست, دوفولو, باكلينكات, جيست",https://khamsat.com/marketing/guest-posts/2825696-%D8%AC%D9%8A%D8%B3%D8%AA-%D8%A8%D9%88%D8%B3%D8%AA-%D8%B9%D9%84%D9%89-%D9%85%D9%88%D9%82%D8%B9-%D8%A8%D9%88%D8%A7%D8%A8%D8%A9-%D9%85%D8%AA%D8%AF%D9%88%D8%B1%D8%B4-da-54
نشر جيست بوست يحتوي على 3 باك لينك دوفولو لموقعك,.Ahmed G,9,5,منذ 11 شهر و29 يوم,تسويق رقمي,تحسين محركات البحث,"كتابه, باك, لينك, بوست, جيست",https://khamsat.com/marketing/guest-posts/1878094-%D9%86%D8%B4%D8%B1-%D8%AC%D9%8A%D8%B3%D8%AA-%D8%A8%D9%88%D8%B3%D8%AA-%D9%8A%D8%AD%D8%AA%D9%88%D9%8A-%D8%B9%D9%84%D9%89-3-%D8%A8%D8%A7%D9%83-%D9%84%D9%8A%D9%86%D9%83-%D8%AF%D9%88%D9%81%D9%88%D9%84%D9%88-%D9%84%D9%85%D9%88%D9%82%D8%B9%D9%83
أنشر موقعك في 1000 web 2.0 backlinks باكلينك عالية الجودى ب5,.Abdenacer B,11,3,منذ 4 سنوات و3 أشهر,تسويق رقمي,تحسين محركات البحث,"ويب, web, backlinks, 2.0, باكلينكات, امنة, اوثوريتي",https://khamsat.com/marketing/backlinks-building/833770-%D8%A3%D9%86%D8%B4%D8%B1-%D9%85%D9%88%D9%82%D8%B9%D9%83-%D9%81%D9%8A-1000-web-2.0-backlinks-%D8%A8%D8%A7%D9%83%D9%84%D9%8A%D9%86%D9%83-%D8%B9%D8%A7%D9%84%D9%8A%D8%A9-%D8%A7%D9%84%D8%AC%D9%88%D8%AF%D9%89-%D8%A85
جسيت بوست على موقع عرب نيوز  DA54,.Ahmed G,8,6,منذ 10 أشهر و29 يوم,تسويق رقمي,تحسين محركات البحث,"باك لينك, باكلينك, guest post, جيست بوست",https://khamsat.com/marketing/guest-posts/2825719-%D8%AC%D8%B3%D9%8A%D8%AA-%D8%A8%D9%88%D8%B3%D8%AA-%D8%B9%D9%84%D9%89-%D9%85%D9%88%D9%82%D8%B9-%D8%B9%D8%B1%D8%A8-%D9%86%D9%8A%D9%88%D8%B2-da54
احصل على 300 باكلينك من مواقع edu backlinks gov عالية الجودى,.Abdenacer B,49,22,منذ سنة و3 أشهر,تسويق رقمي,تحسين محركات البحث,"نشر, باكلينكس, edu, gov, مواقع حكومية",https://khamsat.com/marketing/backlinks-building/834516-%D8%A7%D8%AD%D8%B5%D9%84-%D8%B9%D9%84%D9%89-300-%D8%A8%D8%A7%D9%83%D9%84%D9%8A%D9%86%D9%83-%D9%85%D9%86-%D9%85%D9%88%D8%A7%D9%82%D8%B9-edu-backlinks-gov-%D8%B9%D8%A7%D9%84%D9%8A%D8%A9-%D8%A7%D9%84%D8%AC%D9%88%D8%AF%D9%89
"أنشر موقعك يدويا في 100 موقع دوفولو 6,5,PageRan 8,7",.Abdenacer B,147,65,منذ 4 سنوات و8 أشهر,تسويق رقمي,تحسين محركات البحث,"نشر, يدوي, باكلينك, باكلينكس, عالي, backlinks, اثوريتي",https://khamsat.com/marketing/backlinks-building/61278-%D8%A3%D9%86%D8%B4%D8%B1-%D9%85%D9%88%D9%82%D8%B9%D9%83-%D9%8A%D8%AF%D9%88%D9%8A%D8%A7-%D9%81%D9%8A-100-%D9%85%D9%88%D9%82%D8%B9-%D8%AF%D9%88%D9%81%D9%88%D9%84%D9%88-65pageran-87
اضافة موقعك يدويا في50موقع web 2.0 backlinks عالية الجودى 5$,.Abdenacer B,7,4,منذ 6 سنوات و5 أشهر,تسويق رقمي,تحسين محركات البحث,web 2.0 backlinks,https://khamsat.com/marketing/backlinks-building/833894-%D8%A7%D8%B6%D8%A7%D9%81%D8%A9-%D9%85%D9%88%D9%82%D8%B9%D9%83-%D9%8A%D8%AF%D9%88%D9%8A%D8%A7-%D9%81%D9%8A50%D9%85%D9%88%D9%82%D8%B9-web-2.0-backlinks-%D8%B9%D8%A7%D9%84%D9%8A%D8%A9-%D8%A7%D9%84%D8%AC%D9%88%D8%AF%D9%89-5
تحسين سيو SEO المتاجر الإلكترونية,خديجة م.,7,5,منذ سنة و5 أشهر,تسويق رقمي,تحسين محركات البحث,"تطوير مواقع, seo, السيو, متاجر الكترونيه, تحسين السيو",https://khamsat.com/marketing/seo-audit/2419061-%D8%AA%D8%AD%D8%B3%D9%8A%D9%86-%D8%B3%D9%8A%D9%88-seo-%D8%A7%D9%84%D9%85%D8%AA%D8%A7%D8%AC%D8%B1-%D8%A7%D9%84%D8%A5%D9%84%D9%83%D8%AA%D8%B1%D9%88%D9%86%D9%8A%D8%A9
باك لينك قوي دوفلو في مواقع ومنتديات ومحركات بحث,.Abdenacer B,1174,592,منذ 9 أشهر و3 أيام,تسويق رقمي,تحسين محركات البحث,"ارشفة, لينك, backlinks, دوفلو, اثورتي",https://khamsat.com/marketing/backlinks-building/52975-%D8%A8%D8%A7%D9%83-%D9%84%D9%8A%D9%86%D9%83-%D9%82%D9%88%D9%8A-%D8%AF%D9%88%D9%81%D9%84%D9%88-%D9%81%D9%8A-%D9%85%D9%88%D8%A7%D9%82%D8%B9-%D9%88%D9%85%D9%86%D8%AA%D8%AF%D9%8A%D8%A7%D8%AA-%D9%88%D9%85%D8%AD%D8%B1%D9%83%D8%A7%D8%AA-%D8%A8%D8%AD%D8%AB
الحصول على باك لينك قوي 20 باك لينك يدوي دائم وامن 80DA+وPr9,.Abdenacer B,2,0,Aucun avis,تسويق رقمي,تحسين محركات البحث,"مواقع, ارشفة, على, باك, لينك, قوي, الحصول, الباك, عالي, backlinks, دوفلو, اثورتي",https://khamsat.com/marketing/backlinks-building/1798056-%D8%A7%D9%84%D8%AD%D8%B5%D9%88%D9%84-%D8%B9%D9%84%D9%89-%D8%A8%D8%A7%D9%83-%D9%84%D9%8A%D9%86%D9%83-%D9%82%D9%88%D9%8A-20-%D8%A8%D8%A7%D9%83-%D9%84%D9%8A%D9%86%D9%83-%D9%8A%D8%AF%D9%88%D9%8A-%D8%AF%D8%A7%D8%A6%D9%85-%D9%88%D8%A7%D9%85%D9%86-80da%D9%88pr9
"احصل على 80 باكلينك PR9 backlinks,8,7 هاي اثورتي عالي الجودى",.Abdenacer B,27,12,منذ شهرين و18 يوم,تسويق رقمي,تحسين محركات البحث,"نشر, باكلينكس, backlinks, حكومية, pr9ويكي",https://khamsat.com/marketing/backlinks-building/834548-%D8%A7%D8%AD%D8%B5%D9%84-%D8%B9%D9%84%D9%89-80-%D8%A8%D8%A7%D9%83%D9%84%D9%8A%D9%86%D9%83-pr9-backlinks87-%D9%87%D8%A7%D9%8A-%D8%A7%D8%AB%D9%88%D8%B1%D8%AA%D9%8A-%D8%B9%D8%A7%D9%84%D9%8A-%D8%A7%D9%84%D8%AC%D9%88%D8%AF%D9%89
احصل على باكلينكس ويكي wiki backlinks قوية وعالية الجوى,.Abdenacer B,38,15,منذ 8 أشهر و26 يوم,تسويق رقمي,تحسين محركات البحث,"نشر, باكلينكس, ويكي, backlinks, wiki",https://khamsat.com/marketing/backlinks-building/833917-%D8%A7%D8%AD%D8%B5%D9%84-%D8%B9%D9%84%D9%89-%D8%A8%D8%A7%D9%83%D9%84%D9%8A%D9%86%D9%83%D8%B3-%D9%88%D9%8A%D9%83%D9%8A-wiki-backlinks-%D9%82%D9%88%D9%8A%D8%A9-%D9%88%D8%B9%D8%A7%D9%84%D9%8A%D8%A9-%D8%A7%D9%84%D8%AC%D9%88%D9%89
انشاء خريطة لموقع sitemap ورفعها في ادوات مشرفي المواقع,مصطفى م.,25,18,منذ 6 سنوات و6 أشهر,تسويق رقمي,تحسين محركات البحث,"ارشفة, جوجل, google, المواقع, أرشفه, أرشفة, sitemap, خريطة, ارشفه, أدوات",https://khamsat.com/marketing/seo-services/643968-%D8%A7%D9%86%D8%B4%D8%A7%D8%A1-%D8%AE%D8%B1%D9%8A%D8%B7%D8%A9-%D9%84%D9%85%D9%88%D9%82%D8%B9-sitemap-%D9%88%D8%B1%D9%81%D8%B9%D9%87%D8%A7-%D9%81%D9%8A-%D8%A7%D8%AF%D9%88%D8%A7%D8%AA-%D9%85%D8%B4%D8%B1%D9%81%D9%8A-%D8%A7%D9%84%D9%85%D9%88%D8%A7%D9%82%D8%B9
ارشفة منتداك بشكل احترافي متكامل فقط ب 5 دولار (vbulletin ),مصطفى م.,14,8,منذ 7 سنوات و10 أشهر,تسويق رقمي,تحسين محركات البحث,"روابط, ارشفة, جوجل, زوار, google, هاك, vbseo, محركات",https://khamsat.com/marketing/seo-services/21245-%D8%A7%D8%B1%D8%B4%D9%81%D8%A9-%D9%85%D9%86%D8%AA%D8%AF%D8%A7%D9%83-%D8%A8%D8%B4%D9%83%D9%84-%D8%A7%D8%AD%D8%AA%D8%B1%D8%A7%D9%81%D9%8A-%D9%85%D8%AA%D9%83%D8%A7%D9%85%D9%84-%D9%81%D9%82%D8%B7-%D8%A8-5-%D8%AF%D9%88%D9%84%D8%A7%D8%B1-vbulletin
مقال تسويقي SEO لمتاجر سله وزد,خديجة م.,2,0,Aucun avis,تسويق رقمي,تحسين محركات البحث,"كتابة, مقالات, سيو, متاجر الكترونية, منصة سلة",https://khamsat.com/marketing/seo-audit/2682146-%D9%85%D9%82%D8%A7%D9%84-%D8%AA%D8%B3%D9%88%D9%8A%D9%82%D9%8A-seo-%D9%84%D9%85%D8%AA%D8%A7%D8%AC%D8%B1-%D8%B3%D9%84%D9%87-%D9%88%D8%B2%D8%AF
اقوى جيست بوست من موقع عالى الجودة,.Abd Almohsen F,2,2,منذ سنة و9 أشهر,تسويق رقمي,تحسين محركات البحث,"backlink, باكلينك, باكلنك, جيست بوست, guestpost",https://khamsat.com/marketing/guest-posts/3003572-%D8%A7%D9%82%D9%88%D9%89-%D8%AC%D9%8A%D8%B3%D8%AA-%D8%A8%D9%88%D8%B3%D8%AA-%D9%85%D9%86-%D9%85%D9%88%D9%82%D8%B9-%D8%B9%D8%A7%D9%84%D9%89-%D8%A7%D9%84%D8%AC%D9%88%D8%AF%D8%A9
الصفحة المطلوبة غير موجودة,Non trouvé,Non trouvé,Non trouvé,Aucun avis,Inconnu,Inconnu,Aucun tag,https://khamsat.com/marketing/guest-posts/1780962-%D8%AC%D9%8A%D8%B3%D8%AA-%D8%A8%D9%88%D8%B3%D8%AA-%D8%AF%D9%88%D9%81%D9%88%D9%84%D9%88-%D9%81%D9%8A-%D9%85%D9%88%D9%82%D8%B9-%D8%A7%D8%AB%D9%88%D8%B1%D8%AA%D9%8A-%D9%88%D8%AA%D8%B1%D8%AA%D9%8A%D8%A8-%D8%B9%D8%A7%D9%84%D9%8A-%D9%81%D9%8A-%D8%A7%D9%84%D9%8A%D9%83%D8%B3%D8%A7
أحصل على باك لينك دوفلو قوي (دومين اثورتي عالي),.Abdallah S,1,1,منذ سنتين و10 أشهر,تسويق رقمي,تحسين محركات البحث,"دومين, روابط, باك, خلفية, لينك, بوست, دوفلو, جيست, اثورتي, ahrefs",https://khamsat.com/marketing/backlinks-building/2295391-%D8%A3%D8%AD%D8%B5%D9%84-%D8%B9%D9%84%D9%89-%D8%A8%D8%A7%D9%83-%D9%84%D9%8A%D9%86%D9%83-%D8%AF%D9%88%D9%81%D9%84%D9%88-%D9%82%D9%88%D9%8A-%D8%AF%D9%88%D9%85%D9%8A%D9%86-%D8%A7%D8%AB%D9%88%D8%B1%D8%AA%D9%8A-%D8%B9%D8%A7%D9%84%D9%8A
خدمة SEO : يدويا 55 باك لينك دوفولو Dofollow وأمن 100%,هبه ا.,1,1,منذ سنتين وشهرين,تسويق رقمي,تحسين محركات البحث,"خدمة, seo, باك, لينك, دوفولو, dofollow",https://khamsat.com/marketing/backlinks-building/1597182-%D8%AE%D8%AF%D9%85%D8%A9-seo-%D9%8A%D8%AF%D9%88%D9%8A%D8%A7-55-%D8%A8%D8%A7%D9%83-%D9%84%D9%8A%D9%86%D9%83-%D8%AF%D9%88%D9%81%D9%88%D9%84%D9%88-dofollow-%D9%88%D8%A3%D9%85%D9%86-100
نشر جيست بوست برابط دوفولو على موقع إيجبتاوى اخبارى متنوع,.Abd Almohsen F,5,6,منذ سنة و7 أشهر,تسويق رقمي,تحسين محركات البحث,"باك لينك, سيو, بوست, اثورتى, جيست بوست",https://khamsat.com/marketing/guest-posts/2419872-%D9%86%D8%B4%D8%B1-%D8%AC%D9%8A%D8%B3%D8%AA-%D8%A8%D9%88%D8%B3%D8%AA-%D8%A8%D8%B1%D8%A7%D8%A8%D8%B7-%D8%AF%D9%88%D9%81%D9%88%D9%84%D9%88-%D8%B9%D9%84%D9%89-%D9%85%D9%88%D9%82%D8%B9-%D8%A5%D9%8A%D8%AC%D8%A8%D8%AA%D8%A7%D9%88%D9%89-%D8%A7%D8%AE%D8%A8%D8%A7%D8%B1%D9%89-%D9%85%D8%AA%D9%86%D9%88%D8%B9
اقوم بالبحث واعطائك أفضل الكلمات المفتاحية لقناتك اليوتيوب,.Mostafa M,2,2,منذ 11 شهر و3 أيام,تسويق رقمي,تحسين محركات البحث,"تطوير, يوتيوب, youtube, زيادة, كلمات, لايكات, مفتاح, متفاعلين, مشتركيين, قنات",https://khamsat.com/marketing/youtube-seo/1345025-%D8%A7%D9%82%D9%88%D9%85-%D8%A8%D8%A7%D9%84%D8%A8%D8%AD%D8%AB-%D9%88%D8%A7%D8%B9%D8%B7%D8%A7%D8%A6%D9%83-%D8%A3%D9%81%D8%B6%D9%84-%D8%A7%D9%84%D9%83%D9%84%D9%85%D8%A7%D8%AA-%D8%A7%D9%84%D9%85%D9%81%D8%AA%D8%A7%D8%AD%D9%8A%D8%A9-%D9%84%D9%82%D9%86%D8%A7%D8%AA%D9%83-%D8%A7%D9%84%D9%8A%D9%88%D8%AA%D9%8A%D9%88%D8%A8
سأقوم بأرشفة مجلة الووورد بريس بشكل احترافي,مصطفى م.,190,116,منذ 3 أشهر و9 أيام,تسويق رقمي,تحسين محركات البحث,"بحث, وورد, بريس, جوجل, google, تسريع, محرك, سيو, ارشفه, تهيئة",https://khamsat.com/marketing/seo-services/8179-%D8%B3%D8%A3%D9%82%D9%88%D9%85-%D8%A8%D8%A3%D8%B1%D8%B4%D9%81%D8%A9-%D9%85%D8%AC%D9%84%D8%A9-%D8%A7%D9%84%D9%88%D9%88%D9%88%D8%B1%D8%AF-%D8%A8%D8%B1%D9%8A%D8%B3-%D8%A8%D8%B4%D9%83%D9%84-%D8%A7%D8%AD%D8%AA%D8%B1%D8%A7%D9%81%D9%8A
خدمة ارشفة المواقع  1500 محرك بحث عالمى 5$,هبه ا.,117,79,منذ 4 أشهر و26 يوم,تسويق رقمي,تحسين محركات البحث,"ارشفة, موقعك, سيو",https://khamsat.com/marketing/seo-services/951567-%D8%AE%D8%AF%D9%85%D8%A9-%D8%A7%D8%B1%D8%B4%D9%81%D8%A9-%D8%A7%D9%84%D9%85%D9%88%D8%A7%D9%82%D8%B9-1500-%D9%85%D8%AD%D8%B1%D9%83-%D8%A8%D8%AD%D8%AB-%D8%B9%D8%A7%D9%84%D9%85%D9%89-5
كيفية اضافة بيانات نشاطك التجاري على خرائط جوجل باحترافية,.Mostafa M,0,0,Aucun avis,تسويق رقمي,تحسين محركات البحث,"تصميم, موقع, تطوير, عمل, جوجل, تنزيل, مكان, ماب",https://khamsat.com/marketing/local-seo/1637448-%D9%83%D9%8A%D9%81%D9%8A%D8%A9-%D8%A7%D8%B6%D8%A7%D9%81%D8%A9-%D8%A8%D9%8A%D8%A7%D9%86%D8%A7%D8%AA-%D9%86%D8%B4%D8%A7%D8%B7%D9%83-%D8%A7%D9%84%D8%AA%D8%AC%D8%A7%D8%B1%D9%8A-%D8%B9%D9%84%D9%89-%D8%AE%D8%B1%D8%A7%D8%A6%D8%B7-%D8%AC%D9%88%D8%AC%D9%84-%D8%A8%D8%A7%D8%AD%D8%AA%D8%B1%D8%A7%D9%81%D9%8A%D8%A9
اضافة متجرك على خرائط جوجل ماب Map بيوم واحد,.Shimaa A,0,0,Aucun avis,تسويق رقمي,تحسين محركات البحث,"تسويق, جوجل, خرائط, map, ماب",https://khamsat.com/marketing/local-seo/1779113-%D8%A7%D8%B6%D8%A7%D9%81%D8%A9-%D9%85%D8%AA%D8%AC%D8%B1%D9%83-%D8%B9%D9%84%D9%89-%D8%AE%D8%B1%D8%A7%D8%A6%D8%B7-%D8%AC%D9%88%D8%AC%D9%84-%D9%85%D8%A7%D8%A8-map-%D8%A8%D9%8A%D9%88%D9%85-%D9%88%D8%A7%D8%AD%D8%AF
اعطيك كلمات مفتاحية حتى تتصدر البحث,.Nouran F,0,0,Aucun avis,تسويق رقمي,تحسين محركات البحث,"بحث, تسويق, ترويج, يوتيوب, نشر, الربح, كلمات, سيو, الكلمات, ساعات",https://khamsat.com/marketing/youtube-seo/1378798-%D8%A7%D8%B9%D8%B7%D9%8A%D9%83-%D9%83%D9%84%D9%85%D8%A7%D8%AA-%D9%85%D9%81%D8%AA%D8%A7%D8%AD%D9%8A%D8%A9-%D8%AD%D8%AA%D9%89-%D8%AA%D8%AA%D8%B5%D8%AF%D8%B1-%D8%A7%D9%84%D8%A8%D8%AD%D8%AB
التنصل من الباكلينكس الضارة بموقعك Disavow Spam Backlinks,.Reda A,0,0,Aucun avis,تسويق رقمي,تحسين محركات البحث,"seo, سيو, backlink, باكلينك, التنصل",https://khamsat.com/marketing/seo-services/2589022-%D8%A7%D9%84%D8%AA%D9%86%D8%B5%D9%84-%D9%85%D9%86-%D8%A7%D9%84%D8%A8%D8%A7%D9%83%D9%84%D9%8A%D9%86%D9%83%D8%B3-%D8%A7%D9%84%D8%B6%D8%A7%D8%B1%D8%A9-%D8%A8%D9%85%D9%88%D9%82%D8%B9%D9%83-disavow-spam-backlinks
جيست بوست قوى جدا من موقع اخبار مصر,.Abd Almohsen F,0,0,Aucun avis,تسويق رقمي,تحسين محركات البحث,"backlink, باكلينك, باكلنك, جيست بوست, guestpost",https://khamsat.com/marketing/guest-posts/3039737-%D8%AC%D9%8A%D8%B3%D8%AA-%D8%A8%D9%88%D8%B3%D8%AA-%D9%82%D9%88%D9%89-%D8%AC%D8%AF%D8%A7-%D9%85%D9%86-%D9%85%D9%88%D9%82%D8%B9-%D8%A7%D8%AE%D8%A8%D8%A7%D8%B1-%D9%85%D8%B5%D8%B1
سأراجع قناتك على يوتيوب وأعطيك نصائح لتطويرها وتصدر البحث,أنس ا.,7,6,منذ سنة و5 أشهر,تسويق رقمي,تحسين محركات البحث,"في, مراجعة, أخطاء, يوتيوب, الربح, قناة, إنشاء, إصلاح, تحقيق",https://khamsat.com/marketing/youtube-seo/2064920-%D8%B3%D8%A3%D8%B1%D8%A7%D8%AC%D8%B9-%D9%82%D9%86%D8%A7%D8%AA%D9%83-%D8%B9%D9%84%D9%89-%D9%8A%D9%88%D8%AA%D9%8A%D9%88%D8%A8-%D9%88%D8%A3%D8%B9%D8%B7%D9%8A%D9%83-%D9%86%D8%B5%D8%A7%D8%A6%D8%AD-%D9%84%D8%AA%D8%B7%D9%88%D9%8A%D8%B1%D9%87%D8%A7-%D9%88%D8%AA%D8%B5%D8%AF%D8%B1-%D8%A7%D9%84%D8%A8%D8%AD%D8%AB
الصفحة المطلوبة غير موجودة,Non trouvé,Non trouvé,Non trouvé,Aucun avis,Inconnu,Inconnu,Aucun tag,https://khamsat.com/marketing/guest-posts/3021134-%D9%85%D9%8A%D8%B2-%D9%85%D9%88%D9%82%D8%B9%D9%83-%D8%A8%D8%AC%D9%8A%D8%B3%D8%AA-%D8%A8%D9%88%D8%B3%D8%AA-%D9%82%D9%88%D9%89-%D9%85%D9%86-%D9%85%D9%88%D9%82%D8%B9-%D9%85%D8%B1%D8%A7%D8%AC%D8%B9%D8%A9-%D9%87%D9%88%D8%A7%D8%AA%D9%81
جيست بوست على موقع DA65 لكسب باكلنك وتصدر محركات البحث,حسام ا.,40,31,منذ سنتين و5 أشهر,تسويق رقمي,تحسين محركات البحث,"اعلان, ارشفة, جوجل, نصي, رابط",https://khamsat.com/marketing/guest-posts/1821573-%D8%AC%D9%8A%D8%B3%D8%AA-%D8%A8%D9%88%D8%B3%D8%AA-%D8%B9%D9%84%D9%89-%D9%85%D9%88%D9%82%D8%B9-da65-%D9%84%D9%83%D8%B3%D8%A8-%D8%A8%D8%A7%D9%83%D9%84%D9%86%D9%83-%D9%88%D8%AA%D8%B5%D8%AF%D8%B1-%D9%85%D8%AD%D8%B1%D9%83%D8%A7%D8%AA-%D8%A7%D9%84%D8%A8%D8%AD%D8%AB
سأجعل فيديوهاتك على يوتيوب تتصدر نتائج البحث الاولى,أنس ا.,1,1,منذ 3 سنوات و11 شهر,تسويق رقمي,تحسين محركات البحث,"بحث, يوتيوب, youtube, search, seo, تحسين, البحث, محركات, سيو, اليوتيوب, نتائج",https://khamsat.com/marketing/youtube-seo/2077522-%D8%B3%D8%A3%D8%AC%D8%B9%D9%84-%D9%81%D9%8A%D8%AF%D9%8A%D9%88%D9%87%D8%A7%D8%AA%D9%83-%D8%B9%D9%84%D9%89-%D9%8A%D9%88%D8%AA%D9%8A%D9%88%D8%A8-%D8%AA%D8%AA%D8%B5%D8%AF%D8%B1-%D9%86%D8%AA%D8%A7%D8%A6%D8%AC-%D8%A7%D9%84%D8%A8%D8%AD%D8%AB-%D8%A7%D9%84%D8%A7%D9%88%D9%84%D9%89
بناء صفحة للشركات أو المؤسسات على موقع لينكدان Linkedin,.Adnan M,35,34,منذ 4 أشهر و20 يوم,كتابة وترجمة,محتوى دراسي ومهني,"تصميم, شركات, شركة, linkedin, لينكدإن",https://khamsat.com/marketing/social-media-management/2786393-%D8%A8%D9%86%D8%A7%D8%A1-%D8%B5%D9%81%D8%AD%D8%A9-%D9%84%D9%84%D8%B4%D8%B1%D9%83%D8%A7%D8%AA-%D8%A7%D9%88-%D8%A7%D9%84%D9%85%D8%A4%D8%B3%D8%B3%D8%A7%D8%AA-%D8%B9%D9%84%D9%89-%D9%85%D9%88%D9%82%D8%B9-%D9%84%D9%8A%D9%86%D9%83%D8%AF%D8%A7%D9%86-linkedin
ادارة وتطوير حساب انستغرام,سامي ف.,2,1,منذ 6 أشهر و7 أيام,تسويق رقمي,التسويق عبر مواقع التواصل,"حساب, زيادة, متابعين, ادارة, انستغرام",https://khamsat.com/marketing/social-media-management/3281120-%D8%A7%D8%AF%D8%A7%D8%B1%D8%A9-%D9%88%D8%AA%D8%B7%D9%88%D9%8A%D8%B1-%D8%AD%D8%B3%D8%A7%D8%A8-%D8%A7%D9%86%D8%B3%D8%AA%D8%BA%D8%B1%D8%A7%D9%85
ادارة صفحات السوشيال ميديا,ندى ح.,2,2,منذ 5 أشهر و5 أيام,تسويق رقمي,التسويق عبر مواقع التواصل,"تسويق الكتروني, التسويق الالكتروني, تسويقيه, إدارة صفحات, مواقع التواصل الاجتماعي",https://khamsat.com/marketing/social-media-management/2999641-%D8%A7%D8%AF%D8%A7%D8%B1%D8%A9-%D8%B5%D9%81%D8%AD%D8%A7%D8%AA-%D8%A7%D9%84%D8%B3%D9%88%D8%B4%D9%8A%D8%A7%D9%84-%D9%85%D9%8A%D8%AF%D9%8A%D8%A7
إدارة صفحة انستغرام باحتراف,.Rafeka A,32,25,منذ شهرين و24 يوم,تسويق رقمي,التسويق عبر مواقع التواصل,"حساب, صفحة, إدارة, انستقرام, سوشيال",https://khamsat.com/marketing/social-media-management/1963344-%D8%A5%D8%AF%D8%A7%D8%B1%D8%A9-%D8%B5%D9%81%D8%AD%D8%A9-%D8%A7%D9%86%D8%B3%D8%AA%D8%BA%D8%B1%D8%A7%D9%85-%D8%A8%D8%A7%D8%AD%D8%AA%D8%B1%D8%A7%D9%81
إدارة وتطوير حسابك على لينكدإن باحترافية,امانى ف.,2,2,منذ 7 أشهر و24 يوم,تسويق رقمي,التسويق عبر مواقع التواصل,"تسويق الكتروني, linkedin, إدارة صفحات, لينكدان, سوشيال ميديا",https://khamsat.com/marketing/social-media-management/3905829-%D8%A5%D8%AF%D8%A7%D8%B1%D8%A9-%D9%88%D8%AA%D8%B7%D9%88%D9%8A%D8%B1-%D8%AD%D8%B3%D8%A7%D8%A8%D9%83-%D8%B9%D9%84%D9%89-%D9%84%D9%8A%D9%86%D9%83%D8%AF%D8%A5%D9%86-%D8%A8%D8%A7%D8%AD%D8%AA%D8%B1%D8%A7%D9%81%D9%8A%D8%A9
إدارة حسابات التواصل الاجتماعي من التخطيط إلى النشر الفعال,عمر ك.,3,2,منذ 6 أشهر و7 أيام,تسويق رقمي,التسويق عبر مواقع التواصل,"صفحات, social media, ادارة صفحات, مواقع التواصل الاجتماعي, سوشيل ميديا",https://khamsat.com/marketing/social-media-management/3652079-%D8%A5%D8%AF%D8%A7%D8%B1%D8%A9-%D8%AD%D8%B3%D8%A7%D8%A8%D8%A7%D8%AA-%D8%A7%D9%84%D8%AA%D9%88%D8%A7%D8%B5%D9%84-%D8%A7%D9%84%D8%A7%D8%AC%D8%AA%D9%85%D8%A7%D8%B9%D9%8A-%D9%85%D9%86-%D8%A7%D9%84%D8%AA%D8%AE%D8%B7%D9%8A%D8%B7-%D8%A5%D9%84%D9%89-%D8%A7%D9%84%D9%86%D8%B4%D8%B1-%D8%A7%D9%84%D9%81%D8%B9%D8%A7%D9%84
ادارة حساب انستجرام خدمة متكاملة,.Basma S,4,4,منذ شهرين و18 يوم,تسويق رقمي,التسويق عبر مواقع التواصل,"حسابات, instagram, انستقرام, ادارة صفحات, سوشيال ميديا",https://khamsat.com/marketing/social-media-management/3319830-%D8%A7%D8%AF%D8%A7%D8%B1%D8%A9-%D8%AD%D8%B3%D8%A7%D8%A8-%D8%A7%D9%86%D8%B3%D8%AA%D8%AC%D8%B1%D8%A7%D9%85-%D8%AE%D8%AF%D9%85%D8%A9-%D9%85%D8%AA%D9%83%D8%A7%D9%85%D9%84%D8%A9
ادارة صفحات التواصل الاجتماعي والتسويق لمنتجاتك,ندا م.,1,1,منذ 8 أشهر و15 يوم,تسويق رقمي,التسويق عبر مواقع التواصل,"تسويق, زيادة, التسويق الالكتروني, ادارة, ادارة صفحات",https://khamsat.com/marketing/social-media-management/2494796-%D8%A7%D8%AF%D8%A7%D8%B1%D8%A9-%D8%B5%D9%81%D8%AD%D8%A7%D8%AA-%D8%A7%D9%84%D8%AA%D9%88%D8%A7%D8%B5%D9%84-%D8%A7%D9%84%D8%A7%D8%AC%D8%AA%D9%85%D8%A7%D8%B9%D9%8A-%D9%88%D8%A7%D9%84%D8%AA%D8%B3%D9%88%D9%8A%D9%82-%D9%84%D9%85%D9%86%D8%AA%D8%AC%D8%A7%D8%AA%D9%83
إدارة صفحات مواقع التواصل,.Meriem H,3,3,منذ سنتين و11 شهر,تسويق رقمي,التسويق عبر مواقع التواصل,"كتابة, محتوى, نشر, صفحات, إدارة",https://khamsat.com/marketing/social-media-management/1928415-%D8%A5%D8%AF%D8%A7%D8%B1%D8%A9-%D8%B5%D9%81%D8%AD%D8%A7%D8%AA-%D9%85%D9%88%D8%A7%D9%82%D8%B9-%D8%A7%D9%84%D8%AA%D9%88%D8%A7%D8%B5%D9%84
إدارة حسابات التواصل الاجتماعي باحترافية إنستغرام، فيسبوك,.Islam M,6,4,منذ سنة و4 أشهر,تسويق رقمي,التسويق عبر مواقع التواصل,"تسويق, ادارة صفحات, مواقع التواصل الاجتماعي, تصميم سوشيال, ادارة حسابات التواصل الاجتماعي",https://khamsat.com/marketing/social-media-management/2990109-%D8%A5%D8%AF%D8%A7%D8%B1%D8%A9-%D8%AD%D8%B3%D8%A7%D8%A8%D8%A7%D8%AA-%D8%A7%D9%84%D8%AA%D9%88%D8%A7%D8%B5%D9%84-%D8%A7%D9%84%D8%A7%D8%AC%D8%AA%D9%85%D8%A7%D8%B9%D9%8A-%D8%A8%D8%A7%D8%AD%D8%AA%D8%B1%D8%A7%D9%81%D9%8A%D8%A9-%D8%A5%D9%86%D8%B3%D8%AA%D8%BA%D8%B1%D8%A7%D9%85-%D9%81%D9%8A%D8%B3%D8%A8%D9%88%D9%83
إدارة حسابات التواصل الإجتماعي ( فيس - تويتر - إنستا ),.Manar A,3,3,منذ 9 أشهر و4 أيام,تسويق رقمي,التسويق عبر مواقع التواصل,"تسويق, تحليل, فيسبوك, محتوى, صفحات, تواصل إجتماعي, ادارة, ميديا, صناعة, سوشيل",https://khamsat.com/marketing/social-media-management/2451480-%D8%A5%D8%AF%D8%A7%D8%B1%D8%A9-%D8%AD%D8%B3%D8%A7%D8%A8%D8%A7%D8%AA-%D8%A7%D9%84%D8%AA%D9%88%D8%A7%D8%B5%D9%84-%D8%A7%D9%84%D8%A5%D8%AC%D8%AA%D9%85%D8%A7%D8%B9%D9%8A-%D9%81%D9%8A%D8%B3-%D8%AA%D9%88%D9%8A%D8%AA%D8%B1-%D8%A5%D9%86%D8%B3%D8%AA%D8%A7
إدارة حسابات التواصل الإجتماعي,محمد ع.,13,11,منذ 13 يوم و9 ساعات,تسويق رقمي,التسويق عبر مواقع التواصل,"حسابات, محتوى, صفحات, ادارة, مواقع التواصل الاجتماعي",https://khamsat.com/marketing/social-media-management/2946847-%D8%A5%D8%AF%D8%A7%D8%B1%D8%A9-%D8%AD%D8%B3%D8%A7%D8%A8%D8%A7%D8%AA-%D8%A7%D9%84%D8%AA%D9%88%D8%A7%D8%B5%D9%84-%D8%A7%D9%84%D8%A5%D8%AC%D8%AA%D9%85%D8%A7%D8%B9%D9%8A
أدارة حساباتك على مواقع التواصل,.Peter W,12,10,منذ 21 يوم و21 ساعة,تسويق رقمي,التسويق عبر مواقع التواصل,"تصميم, مواقع, فيسبوك, تسويق الكتروني, ادارة صفحات",https://khamsat.com/marketing/social-media-management/3184835-%D8%A3%D8%AF%D8%A7%D8%B1%D8%A9-%D8%AD%D8%B3%D8%A7%D8%A8%D8%A7%D8%AA%D9%83-%D8%B9%D9%84%D9%89-%D9%85%D9%88%D8%A7%D9%82%D8%B9-%D8%A7%D9%84%D8%AA%D9%88%D8%A7%D8%B5%D9%84
إدارة منصات التواصل الإجتماعي,.Mohammed K,22,19,منذ سنة وشهرين,تسويق رقمي,التسويق عبر مواقع التواصل,"social media, انستغرام, انستجرام, ادارة صفحات, سوشل ميديا",https://khamsat.com/marketing/social-media-management/2352088-%D8%A5%D8%AF%D8%A7%D8%B1%D8%A9-%D9%85%D9%86%D8%B5%D8%A7%D8%AA-%D8%A7%D9%84%D8%AA%D9%88%D8%A7%D8%B5%D9%84-%D8%A7%D9%84%D8%A5%D8%AC%D8%AA%D9%85%D8%A7%D8%B9%D9%8A
خدمة عملاء على كافة مواقع التواصل الاجتماعي لشركتك أو موقعك,أغيد ا.,1,1,منذ سنتين و4 أشهر,تسويق رقمي,التسويق عبر مواقع التواصل,"فيسبوك, تواصل, عملاء, انستغرام, واتساب",https://khamsat.com/marketing/social-media-management/2738717-%D8%AE%D8%AF%D9%85%D8%A9-%D8%B9%D9%85%D9%84%D8%A7%D8%A1-%D8%B9%D9%84%D9%89-%D9%83%D8%A7%D9%81%D8%A9-%D9%85%D9%88%D8%A7%D9%82%D8%B9-%D8%A7%D9%84%D8%AA%D9%88%D8%A7%D8%B5%D9%84-%D8%A7%D9%84%D8%A7%D8%AC%D8%AA%D9%85%D8%A7%D8%B9%D9%8A-%D9%84%D8%B4%D8%B1%D9%83%D8%AA%D9%83-%D8%A3%D9%88-%D9%85%D9%88%D9%82%D8%B9%D9%83
إدارة صفحة الفيسبوك,.Badr S,4,4,منذ 8 أشهر ويومين,تسويق رقمي,التسويق عبر مواقع التواصل,"فيسبوك, محرر, محترف, ادارة, ادمن",https://khamsat.com/marketing/social-media-management/1757333-%D8%A5%D8%AF%D8%A7%D8%B1%D8%A9-%D8%B5%D9%81%D8%AD%D8%A9-%D8%A7%D9%84%D9%81%D9%8A%D8%B3%D8%A8%D9%88%D9%83
الصفحة المطلوبة غير موجودة,Non trouvé,Non trouvé,Non trouvé,Aucun avis,Inconnu,Inconnu,Aucun tag,https://khamsat.com/marketing/social-media-management/3555596-%D8%A5%D8%AF%D8%A7%D8%B1%D8%A9-%D8%AD%D8%B3%D8%A7%D8%A8%D8%A7%D8%AA-%D8%A7%D9%84%D8%AA%D9%88%D8%A7%D8%B5%D9%84-%D8%A7%D9%84%D8%A7%D8%AC%D8%AA%D9%85%D8%A7%D8%B9%D9%8A-%D9%88%D8%AA%D8%B5%D9%85%D9%8A%D9%85-%D9%85%D8%AD%D8%AA%D9%88%D9%89-%D8%A8%D8%B5%D8%B1%D9%8A-%D8%AC%D8%B0%D8%A7%D8%A8
إدارة صفحة فيس بوك اجعل علامتك التجارية تلمع,.Ammar Y,1,1,منذ سنة و9 أشهر,تسويق رقمي,التسويق عبر مواقع التواصل,"تسويق, فيسبوك, تسويق إلكتروني, إدارة صفحات, سوشيال ميديا",https://khamsat.com/marketing/social-media-management/2893674-%D8%A5%D8%AF%D8%A7%D8%B1%D8%A9-%D8%B5%D9%81%D8%AD%D8%A9-%D9%81%D9%8A%D8%B3-%D8%A8%D9%88%D9%83-%D8%A7%D8%AC%D8%B9%D9%84-%D8%B9%D9%84%D8%A7%D9%85%D8%AA%D9%83-%D8%A7%D9%84%D8%AA%D8%AC%D8%A7%D8%B1%D9%8A%D8%A9-%D8%AA%D9%84%D9%85%D8%B9
ارتقِ بوجودك الرقمي: إدارة احترافية لمنصات التواصل الاجتماعي,.Houssem Eddine B,3,2,منذ سنة وشهرين,تسويق رقمي,التسويق عبر مواقع التواصل,"تسويق الكتروني, إدارة صفحات, مواقع التواصل الاجتماعي, إعلانات سوشيال ميديا, ادارة وسائل التواصل الاجتماعي",https://khamsat.com/marketing/social-media-management/3055688-%D8%A7%D8%B1%D8%AA%D9%82-%D8%A8%D9%88%D8%AC%D9%88%D8%AF%D9%83-%D8%A7%D9%84%D8%B1%D9%82%D9%85%D9%8A-%D8%A5%D8%AF%D8%A7%D8%B1%D8%A9-%D8%A7%D8%AD%D8%AA%D8%B1%D8%A7%D9%81%D9%8A%D8%A9-%D9%84%D9%85%D9%86%D8%B5%D8%A7%D8%AA-%D8%A7%D9%84%D8%AA%D9%88%D8%A7%D8%B5%D9%84-%D8%A7%D9%84%D8%A7%D8%AC%D8%AA%D9%85%D8%A7%D8%B9%D9%8A
إدارة صفحات ومواقع التواصل الإجتماعي بشكل احترافي,.Ayman A,3,3,منذ 10 أشهر و21 يوم,تسويق رقمي,التسويق عبر مواقع التواصل,"تصميم, اعلانات, كتابة, انستغرام, إدارة صفحات",https://khamsat.com/marketing/social-media-management/2942004-%D8%A5%D8%AF%D8%A7%D8%B1%D8%A9-%D8%B5%D9%81%D8%AD%D8%A7%D8%AA-%D9%88%D9%85%D9%88%D8%A7%D9%82%D8%B9-%D8%A7%D9%84%D8%AA%D9%88%D8%A7%D8%B5%D9%84-%D8%A7%D9%84%D8%A5%D8%AC%D8%AA%D9%85%D8%A7%D8%B9%D9%8A-%D8%A8%D8%B4%D9%83%D9%84-%D8%A7%D8%AD%D8%AA%D8%B1%D8%A7%D9%81%D9%8A
إدارة حسابات منصات التواصل الإجتماعي بدقة ومهارة.,محمد ا.,4,3,منذ سنتين و5 أشهر,تسويق رقمي,التسويق عبر مواقع التواصل,"فيسبوك, خدمة عملاء, social media, انستغرام, انستجرام, ادارة صفحات, منصات, الإجتماعي, سوشل ميديا, تيكتوك",https://khamsat.com/marketing/social-media-management/2655332-%D8%A5%D8%AF%D8%A7%D8%B1%D8%A9-%D8%AD%D8%B3%D8%A7%D8%A8%D8%A7%D8%AA-%D9%85%D9%86%D8%B5%D8%A7%D8%AA-%D8%A7%D9%84%D8%AA%D9%88%D8%A7%D8%B5%D9%84-%D8%A7%D9%84%D8%A5%D8%AC%D8%AA%D9%85%D8%A7%D8%B9%D9%8A-%D8%A8%D8%AF%D9%82%D8%A9-%D9%88%D9%85%D9%87%D8%A7%D8%B1%D8%A9
ادمن متميز لادارة جميع حساباتك في اي وقت تريده,.Esraa S,4,4,منذ سنة و9 أشهر,تسويق رقمي,التسويق عبر مواقع التواصل,"فيس بوك, يوتيوب, ادمن, سوشيال ميديا, إدارة حساب",https://khamsat.com/marketing/social-media-management/2397684-%D8%A7%D8%AF%D9%85%D9%86-%D9%85%D8%AA%D9%85%D9%8A%D8%B2-%D9%84%D8%A7%D8%AF%D8%A7%D8%B1%D8%A9-%D8%AC%D9%85%D9%8A%D8%B9-%D8%AD%D8%B3%D8%A7%D8%A8%D8%A7%D8%AA%D9%83-%D9%81%D9%8A-%D8%A7%D9%8A-%D9%88%D9%82%D8%AA-%D8%AA%D8%B1%D9%8A%D8%AF%D9%87
خطة النشر الشهرية لنشاطك التجاري,.Ahmed A,1,1,منذ سنتين و9 أشهر,تسويق رقمي,التسويق عبر مواقع التواصل,"التسويق الإلكتروني, مواقع التواصل, كتابة محتوي, التسويق بالمحتوى, تصميم سوشيال ميديا",https://khamsat.com/marketing/social-media-management/2649367-%D8%AE%D8%B7%D8%A9-%D8%A7%D9%84%D9%86%D8%B4%D8%B1-%D8%A7%D9%84%D8%B4%D9%87%D8%B1%D9%8A%D8%A9-%D9%84%D9%86%D8%B4%D8%A7%D8%B7%D9%83-%D8%A7%D9%84%D8%AA%D8%AC%D8%A7%D8%B1%D9%8A
سأقوم بالترويج للمحتوى الخاص بك على حسابي Linkedin,يونس م.,5,3,منذ سنة و28 يوم,تسويق رقمي,التسويق عبر مواقع التواصل,"تسويق, ترويج, تسويق الكتروني, محتوى, لينكدان",https://khamsat.com/marketing/social-media-management/3081150-%D8%B3%D8%A3%D9%82%D9%88%D9%85-%D8%A8%D8%A7%D9%84%D8%AA%D8%B1%D9%88%D9%8A%D8%AC-%D9%84%D9%84%D9%85%D8%AD%D8%AA%D9%88%D9%89-%D8%A7%D9%84%D8%AE%D8%A7%D8%B5-%D8%A8%D9%83-%D8%B9%D9%84%D9%89-%D8%AD%D8%B3%D8%A7%D8%A8%D9%8A-linkedin
ادارة حسابات تواصل اجتماعي فيسبوك,منة الله م.,1,1,منذ سنة و4 أشهر,تسويق رقمي,التسويق عبر مواقع التواصل,"اعلان, تسويق, فيسبوك, ادارة صفحات, سوشيال ميديا",https://khamsat.com/marketing/social-media-management/3132993-%D8%A7%D8%AF%D8%A7%D8%B1%D8%A9-%D8%AD%D8%B3%D8%A7%D8%A8%D8%A7%D8%AA-%D8%AA%D9%88%D8%A7%D8%B5%D9%84-%D8%A7%D8%AC%D8%AA%D9%85%D8%A7%D8%B9%D9%8A-%D9%81%D9%8A%D8%B3%D8%A8%D9%88%D9%83
إدارة مواقع التواصل الاجتماعي,.Ahmed B,2,2,منذ سنة و6 أشهر,تسويق رقمي,التسويق عبر مواقع التواصل,"صفحات, انستغرام, ادارة صفحات",https://khamsat.com/marketing/social-media-management/2936176-%D8%A5%D8%AF%D8%A7%D8%B1%D8%A9-%D9%85%D9%88%D8%A7%D9%82%D8%B9-%D8%A7%D9%84%D8%AA%D9%88%D8%A7%D8%B5%D9%84-%D8%A7%D9%84%D8%A7%D8%AC%D8%AA%D9%85%D8%A7%D8%B9%D9%8A
إدارة صفحة فيس بوك أو انستغرام,ميريهان ا.,4,2,منذ سنتين و3 أشهر,تسويق رقمي,التسويق عبر مواقع التواصل,"تصميم, فيس بوك, فيسبوك, حسابات, إدارة, تواصل اجتماعي, انستقرام, انستغرام, ادارة صفحات, سوشيال ميديا",https://khamsat.com/marketing/social-media-management/2655941-%D8%A5%D8%AF%D8%A7%D8%B1%D8%A9-%D8%B5%D9%81%D8%AD%D8%A9-%D9%81%D9%8A%D8%B3-%D8%A8%D9%88%D9%83-%D8%A3%D9%88-%D8%A7%D9%86%D8%B3%D8%AA%D8%BA%D8%B1%D8%A7%D9%85
اداره كامله لصفحه فيسبوك وواتساب بطريقه احترافيه,.Amr K,1,1,منذ 8 أشهر و3 أيام,تسويق رقمي,التسويق عبر مواقع التواصل,"تسويق, فيسبوك, بوست, ادارة صفحات, سوشيال ميديا",https://khamsat.com/marketing/social-media-management/3770515-%D8%A7%D8%AF%D8%A7%D8%B1%D9%87-%D9%83%D8%A7%D9%85%D9%84%D9%87-%D9%84%D8%B5%D9%81%D8%AD%D9%87-%D9%81%D9%8A%D8%B3%D8%A8%D9%88%D9%83-%D9%88%D9%88%D8%A7%D8%AA%D8%B3%D8%A7%D8%A8-%D8%A8%D8%B7%D8%B1%D9%8A%D9%82%D9%87-%D8%A7%D8%AD%D8%AA%D8%B1%D8%A7%D9%81%D9%8A%D9%87
ادمن (مشرف) أدارة صفحات التواصل الاجتماعي,.Khaled E,11,8,منذ سنة و6 أشهر,تسويق رقمي,التسويق عبر مواقع التواصل,"اعلانات, فيسبوك, مشرف, ادارة, ادمن, انستغرام, سوشيال, مواقع التواصل الاجتماعي, سوشيل ميديا",https://khamsat.com/marketing/social-media-management/2471046-%D8%A7%D8%AF%D9%85%D9%86-%D9%85%D8%B4%D8%B1%D9%81-%D8%A3%D8%AF%D8%A7%D8%B1%D8%A9-%D8%B5%D9%81%D8%AD%D8%A7%D8%AA-%D8%A7%D9%84%D8%AA%D9%88%D8%A7%D8%B5%D9%84-%D8%A7%D9%84%D8%A7%D8%AC%D8%AA%D9%85%D8%A7%D8%B9%D9%8A
إدارة حسابات التواصل الاجتماعي,Non trouvé,Non trouvé,Non trouvé,Aucun avis,تسويق رقمي,التسويق عبر مواقع التواصل,Aucun tag,https://khamsat.com/marketing/social-media-management/2833744-%D8%A5%D8%AF%D8%A7%D8%B1%D8%A9-%D8%B5%D9%81%D8%AD%D8%A7%D8%AA-%D8%A7%D9%84%D8%AA%D9%88%D8%A7%D8%B5%D9%84-%D8%A7%D9%84%D8%A5%D8%AC%D8%AA%D9%85%D8%A7%D8%B9%D9%8A-%D8%B9%D9%84%D9%89-%D8%A7%D9%84%D9%81%D9%8A%D8%B3-%D8%A8%D9%88%D9%83
إدارة صفحات مواقع التواصل الإجتماعي بشكل احترافي مميز,.Ahmed H,6,3,منذ 10 أشهر و14 يوم,تسويق رقمي,التسويق عبر مواقع التواصل,"تصميم, فيسبوك, إدارة, إدارة صفحات, سوشيال ميديا",https://khamsat.com/marketing/social-media-management/2902834-%D8%A5%D8%AF%D8%A7%D8%B1%D8%A9-%D8%B5%D9%81%D8%AD%D8%A7%D8%AA-%D9%85%D9%88%D8%A7%D9%82%D8%B9-%D8%A7%D9%84%D8%AA%D9%88%D8%A7%D8%B5%D9%84-%D8%A7%D9%84%D8%A5%D8%AC%D8%AA%D9%85%D8%A7%D8%B9%D9%8A-%D8%A8%D8%B4%D9%83%D9%84-%D8%A7%D8%AD%D8%AA%D8%B1%D8%A7%D9%81%D9%8A-%D9%85%D9%85%D9%8A%D8%B2
إدارة حسابات التواصل الاجتماعي,Non trouvé,Non trouvé,Non trouvé,Aucun avis,تسويق رقمي,التسويق عبر مواقع التواصل,Aucun tag,https://khamsat.com/marketing/social-media-management/2833744-%D8%A5%D8%AF%D8%A7%D8%B1%D8%A9-%D8%B5%D9%81%D8%AD%D8%A7%D8%AA-%D8%A7%D9%84%D8%AA%D9%88%D8%A7%D8%B5%D9%84-%D8%A7%D9%84%D8%A5%D8%AC%D8%AA%D9%85%D8%A7%D8%B9%D9%8A-%D8%B9%D9%84%D9%89-%D8%A7%D9%84%D9%81%D9%8A%D8%B3-%D8%A8%D9%88%D9%83
إدارة الصفحات السوشيال ميديا,.Nagham S,1,1,منذ سنة وشهرين,تسويق رقمي,التسويق عبر مواقع التواصل,"خوارزميات, حسابات, الحسابات, إدارة الصفحات",https://khamsat.com/marketing/social-media-management/2975317-%D8%A5%D8%AF%D8%A7%D8%B1%D8%A9-%D8%A7%D9%84%D8%B5%D9%81%D8%AD%D8%A7%D8%AA-%D8%A7%D9%84%D8%B3%D9%88%D8%B4%D9%8A%D8%A7%D9%84-%D9%85%D9%8A%D8%AF%D9%8A%D8%A7
إدارة حساب أنستغرام,ريمة ع.,10,6,منذ سنة و4 أشهر,تسويق رقمي,التسويق عبر مواقع التواصل,"تصميم, ميديا, أنستغرام, سوشل, ستوريات",https://khamsat.com/marketing/social-media-management/1740922-%D8%A5%D8%AF%D8%A7%D8%B1%D8%A9-%D8%AD%D8%B3%D8%A7%D8%A8-%D8%A3%D9%86%D8%B3%D8%AA%D8%BA%D8%B1%D8%A7%D9%85
التواصل المباشر مع العملاء والدعم الفني,.Mennatullah A,3,1,منذ سنتين وشهر,تسويق رقمي,التسويق عبر مواقع التواصل,"تصميم, مواقع, لوجو, تفريغ, كتابة, pdf, word, الدعم الفني, مواقع التواصل الاجتماعي, مواقع التواصل",https://khamsat.com/marketing/social-media-management/2519811-%D8%A7%D9%84%D8%AA%D9%88%D8%A7%D8%B5%D9%84-%D8%A7%D9%84%D9%85%D8%A8%D8%A7%D8%B4%D8%B1-%D9%85%D8%B9-%D8%A7%D9%84%D8%B9%D9%85%D9%84%D8%A7%D8%A1-%D9%88%D8%A7%D9%84%D8%AF%D8%B9%D9%85-%D8%A7%D9%84%D9%81%D9%86%D9%8A
ادارة حساب على الفيسبوك أو الانستغرام,.Ilham I,8,7,منذ سنة و25 يوم,تسويق رقمي,التسويق عبر مواقع التواصل,"فيسبوك, مساعد, ميديا, انستغرام, سوشيال",https://khamsat.com/marketing/social-media-management/2065293-%D8%A7%D8%AF%D8%A7%D8%B1%D8%A9-%D8%AD%D8%B3%D8%A7%D8%A8-%D8%B9%D9%84%D9%89-%D8%A7%D9%84%D9%81%D9%8A%D8%B3%D8%A8%D9%88%D9%83-%D8%A3%D9%88-%D8%A7%D9%84%D8%A7%D9%86%D8%B3%D8%AA%D8%BA%D8%B1%D8%A7%D9%85
إدارة حسابات سوشيال ميديا,.Maria T,13,12,منذ 3 أشهر و22 ساعة,تسويق رقمي,التسويق عبر مواقع التواصل,"تسويق, ميديا, ادارة صفحات, مواقع التواصل الاجتماعي, سوشيال ميديا",https://khamsat.com/marketing/social-media-management/3093271-%D8%A5%D8%AF%D8%A7%D8%B1%D8%A9-%D8%AD%D8%B3%D8%A7%D8%A8%D8%A7%D8%AA-%D8%B3%D9%88%D8%B4%D9%8A%D8%A7%D9%84-%D9%85%D9%8A%D8%AF%D9%8A%D8%A7
إدارة حسابك على لينكدان بشكل احترافي اطلاق إعلانات ممولة,إيمان ه.,5,5,منذ 4 أشهر و26 يوم,تسويق رقمي,التسويق عبر مواقع التواصل,"تصميم, linkedin, حملة اعلانية, لينكدان, اعلان سوشيال ميديا",https://khamsat.com/marketing/social-media-management/3696365-%D8%A5%D8%AF%D8%A7%D8%B1%D8%A9-%D8%AD%D8%B3%D8%A7%D8%A8%D9%83-%D8%B9%D9%84%D9%89-%D9%84%D9%8A%D9%86%D9%83%D8%AF%D8%A7%D9%86-%D8%A8%D8%B4%D9%83%D9%84-%D8%A7%D8%AD%D8%AA%D8%B1%D8%A7%D9%81%D9%8A-%D8%A7%D8%B7%D9%84%D8%A7%D9%82-%D8%A5%D8%B9%D9%84%D8%A7%D9%86%D8%A7%D8%AA-%D9%85%D9%85%D9%88%D9%84%D8%A9
ادارة صفحات مواقع التواصل الاجتماعي,نور ب.,2,1,منذ 3 سنوات و5 أشهر,تسويق رقمي,التسويق عبر مواقع التواصل,"تسويق, فيسبوك, حسابات, تواصل, انستجرام",https://khamsat.com/marketing/social-media-management/2425430-%D8%A7%D8%AF%D8%A7%D8%B1%D8%A9-%D8%B5%D9%81%D8%AD%D8%A7%D8%AA-%D9%85%D9%88%D8%A7%D9%82%D8%B9-%D8%A7%D9%84%D8%AA%D9%88%D8%A7%D8%B5%D9%84-%D8%A7%D9%84%D8%A7%D8%AC%D8%AA%D9%85%D8%A7%D8%B9%D9%8A
تحميل ملفات فيديو وصور لحسابات انستغرام كاملة Instagram,.Majed J,1,0,Aucun avis,تسويق رقمي,التسويق عبر مواقع التواصل,"فيديو, صور, تحميل, انستقرام, انستغرام",https://khamsat.com/marketing/social-media-management/2861642-%D8%AA%D8%AD%D9%85%D9%8A%D9%84-%D9%85%D9%84%D9%81%D8%A7%D8%AA-%D9%81%D9%8A%D8%AF%D9%8A%D9%88-%D9%88%D8%B5%D9%88%D8%B1-%D9%84%D8%AD%D8%B3%D8%A7%D8%A8%D8%A7%D8%AA-%D8%A7%D9%86%D8%B3%D8%AA%D8%BA%D8%B1%D8%A7%D9%85-%D9%83%D8%A7%D9%85%D9%84%D8%A9-instagram
إدارة حسابك علي مواقع التواصل الإجتماعي,يارا ق.,11,9,منذ شهر و16 يوم,تسويق رقمي,التسويق عبر مواقع التواصل,"حسابات, محتوى, إدارة, مواقع التواصل الاجتماعي, سوشيال ميديا",https://khamsat.com/marketing/social-media-management/2914206-%D8%A5%D8%AF%D8%A7%D8%B1%D8%A9-%D8%AD%D8%B3%D8%A7%D8%A8%D9%83-%D8%B9%D9%84%D9%8A-%D9%85%D9%88%D8%A7%D9%82%D8%B9-%D8%A7%D9%84%D8%AA%D9%88%D8%A7%D8%B5%D9%84-%D8%A7%D9%84%D8%A5%D8%AC%D8%AA%D9%85%D8%A7%D8%B9%D9%8A
إدارة صفحات التواصل الإجتماعي,.Kholoud S,12,11,منذ 6 أشهر و15 يوم,تسويق رقمي,التسويق عبر مواقع التواصل,"تسويق الكتروني, إدارة صفحات, تسويق رقمي, الإدارة, التسويق عبر التواصل",https://khamsat.com/marketing/social-media-management/2957512-%D8%A5%D8%AF%D8%A7%D8%B1%D8%A9-%D8%B5%D9%81%D8%AD%D8%A7%D8%AA-%D8%A7%D9%84%D8%AA%D9%88%D8%A7%D8%B5%D9%84-%D8%A7%D9%84%D8%A5%D8%AC%D8%AA%D9%85%D8%A7%D8%B9%D9%8A
إدارة صفحة انستقرام باحترافية,سامح ع.,3,3,منذ 3 أشهر و15 يوم,تسويق رقمي,التسويق عبر مواقع التواصل,"تسويق الكتروني, instagram, انستقرام, إدارة صفحات, اعلانات انستقرام",https://khamsat.com/marketing/social-media-management/3842477-%D8%A5%D8%AF%D8%A7%D8%B1%D8%A9-%D8%B5%D9%81%D8%AD%D8%A9-%D8%A7%D9%86%D8%B3%D8%AA%D9%82%D8%B1%D8%A7%D9%85-%D8%A8%D8%A7%D8%AD%D8%AA%D8%B1%D8%A7%D9%81%D9%8A%D8%A9
الصفحة المطلوبة غير موجودة,Non trouvé,Non trouvé,Non trouvé,Aucun avis,Inconnu,Inconnu,Aucun tag,https://khamsat.com/marketing/social-media-management/2675748-%D8%A5%D8%AF%D8%A7%D8%B1%D8%A9-%D8%B5%D9%81%D8%AD%D8%A7%D8%AA-%D8%A7%D9%84%D9%81%D9%8A%D8%B3%D8%A8%D9%88%D9%83-%D8%A8%D8%A7%D8%AD%D8%AA%D8%B1%D8%A7%D9%81%D9%8A%D8%A9
خدمة إدارة حسابات السوشيال ميديا باحترافية عالية,طارق ق.,8,7,منذ 9 أشهر و26 يوم,تسويق رقمي,التسويق عبر مواقع التواصل,"ادارة, تواصل اجتماعي, ادارة صفحات, مواقع التواصل الاجتماعي, تصميم سوشيال",https://khamsat.com/marketing/social-media-management/3039940-%D8%AE%D8%AF%D9%85%D8%A9-%D8%A5%D8%AF%D8%A7%D8%B1%D8%A9-%D8%AD%D8%B3%D8%A7%D8%A8%D8%A7%D8%AA-%D8%A7%D9%84%D8%B3%D9%88%D8%B4%D9%8A%D8%A7%D9%84-%D9%85%D9%8A%D8%AF%D9%8A%D8%A7-%D8%A8%D8%A7%D8%AD%D8%AA%D8%B1%D8%A7%D9%81%D9%8A%D8%A9-%D8%B9%D8%A7%D9%84%D9%8A%D8%A9
إدارة حسابك الانستقرام باحتراف,.Walaa A,20,16,منذ 19 يوم و18 ساعة,تسويق رقمي,التسويق عبر مواقع التواصل,"تصميم, محتوى, ادارة, ميديا, سوشل",https://khamsat.com/marketing/social-media-management/2111063-%D8%A5%D8%AF%D8%A7%D8%B1%D8%A9-%D8%AD%D8%B3%D8%A7%D8%A8%D9%83-%D8%A7%D9%84%D8%A7%D9%86%D8%B3%D8%AA%D9%82%D8%B1%D8%A7%D9%85-%D8%A8%D8%A7%D8%AD%D8%AA%D8%B1%D8%A7%D9%81
ادارة صفحات السوشيال الميديا,.Mostafa N,2,1,منذ سنتين و22 يوم,تسويق رقمي,التسويق عبر مواقع التواصل,"مواقع, فيس, تسويق الكتروني, ادارة, ادارة صفحات",https://khamsat.com/marketing/social-media-management/2910236-%D8%A7%D8%AF%D8%A7%D8%B1%D8%A9-%D8%B5%D9%81%D8%AD%D8%A7%D8%AA-%D8%A7%D9%84%D8%B3%D9%88%D8%B4%D9%8A%D8%A7%D9%84-%D8%A7%D9%84%D9%85%D9%8A%D8%AF%D9%8A%D8%A7
إدارة مواقع التواصل الاجتماعي,.Lana A,3,2,منذ سنة وشهرين,تسويق رقمي,التسويق عبر مواقع التواصل,"تسويق الكتروني, محتوى, انستقرام, الانستقرام, إدارة صفحات",https://khamsat.com/marketing/social-media-management/3074890-%D8%A5%D8%AF%D8%A7%D8%B1%D8%A9-%D9%85%D9%88%D8%A7%D9%82%D8%B9-%D8%A7%D9%84%D8%AA%D9%88%D8%A7%D8%B5%D9%84-%D8%A7%D9%84%D8%A7%D8%AC%D8%AA%D9%85%D8%A7%D8%B9%D9%8A
إدارة صفحات التواصل الإجتماعي بإستراتيجيات مناسبة لمشروعك,.Ismail S,9,9,منذ 14 يوم و22 ساعة,تسويق رقمي,التسويق عبر مواقع التواصل,"تسويق, فيسبوك, إنستغرام, سناب شات, تيك توك",https://khamsat.com/marketing/social-media-management/2556153-%D8%A5%D8%AF%D8%A7%D8%B1%D8%A9-%D8%B5%D9%81%D8%AD%D8%A7%D8%AA-%D8%A7%D9%84%D8%AA%D9%88%D8%A7%D8%B5%D9%84-%D8%A7%D9%84%D8%A5%D8%AC%D8%AA%D9%85%D8%A7%D8%B9%D9%8A-%D8%A8%D8%A5%D8%B3%D8%AA%D8%B1%D8%A7%D8%AA%D9%8A%D8%AC%D9%8A%D8%A7%D8%AA-%D9%85%D9%86%D8%A7%D8%B3%D8%A8%D8%A9-%D9%84%D9%85%D8%B4%D8%B1%D9%88%D8%B9%D9%83
إدراة الصفحات والمجموعات باحترافية عالية,.Malak A,11,8,منذ سنة وشهرين,تسويق رقمي,التسويق عبر مواقع التواصل,"تسويق, صفحات, تواصل, إدارة, إجتماعي",https://khamsat.com/marketing/social-media-management/1710603-%D8%A5%D8%AF%D8%B1%D8%A7%D8%A9-%D8%A7%D9%84%D8%B5%D9%81%D8%AD%D8%A7%D8%AA-%D9%88%D8%A7%D9%84%D9%85%D8%AC%D9%85%D9%88%D8%B9%D8%A7%D8%AA-%D8%A8%D8%A7%D8%AD%D8%AA%D8%B1%D8%A7%D9%81%D9%8A%D8%A9-%D8%B9%D8%A7%D9%84%D9%8A%D8%A9
إدارة صفحتك على الفيسبوك بأفضل شكل,نجم الدين ا.,1,1,منذ سنة و9 أشهر,تسويق رقمي,التسويق عبر مواقع التواصل,"تسويق, فيسبوك, صفحات, التواصل, الاجتماعي",https://khamsat.com/marketing/social-media-management/3015471-%D8%A5%D8%AF%D8%A7%D8%B1%D8%A9-%D8%B5%D9%81%D8%AD%D8%AA%D9%83-%D8%B9%D9%84%D9%89-%D8%A7%D9%84%D9%81%D9%8A%D8%B3%D8%A8%D9%88%D9%83-%D8%A8%D8%A3%D9%81%D8%B6%D9%84-%D8%B4%D9%83%D9%84
ادارة حسابك على مواقع التواصل الاجتماعي,.Ramez A,7,6,منذ سنة و10 أشهر,تسويق رقمي,التسويق عبر مواقع التواصل,"تسويق الكتروني, التسويق, انستغرام, ادارة صفحات, سوشيال ميديا",https://khamsat.com/marketing/social-media-management/2443189-%D8%A7%D8%AF%D8%A7%D8%B1%D8%A9-%D8%AD%D8%B3%D8%A7%D8%A8%D9%83-%D8%B9%D9%84%D9%89-%D9%85%D9%88%D8%A7%D9%82%D8%B9-%D8%A7%D9%84%D8%AA%D9%88%D8%A7%D8%B5%D9%84-%D8%A7%D9%84%D8%A7%D8%AC%D8%AA%D9%85%D8%A7%D8%B9%D9%8A
ادارة صفحتك على الفيسبوك,هيام ا.,5,5,منذ سنة و11 شهر,تسويق رقمي,التسويق عبر مواقع التواصل,"فيسبوك, صفحة, ادارة. تسويق .الرد على الرسائل",https://khamsat.com/marketing/social-media-management/601636-%D8%A7%D8%AF%D8%A7%D8%B1%D8%A9-%D8%B5%D9%81%D8%AD%D8%AA%D9%83-%D8%B9%D9%84%D9%89-%D8%A7%D9%84%D9%81%D9%8A%D8%B3%D8%A8%D9%88%D9%83
ادارة صفحتك على الفيس بوك والرد على الرسائل,.Nagwa S,1,1,منذ سنة و5 أشهر,تسويق رقمي,التسويق عبر مواقع التواصل,"facebook, احترافية, صفحة, نشر, ادارة",https://khamsat.com/marketing/social-media-management/3102289-%D8%A7%D8%AF%D8%A7%D8%B1%D8%A9-%D8%B5%D9%81%D8%AD%D8%AA%D9%83-%D8%B9%D9%84%D9%89-%D8%A7%D9%84%D9%81%D9%8A%D8%B3-%D8%A8%D9%88%D9%83-%D9%88%D8%A7%D9%84%D8%B1%D8%AF-%D8%B9%D9%84%D9%89-%D8%A7%D9%84%D8%B1%D8%B3%D8%A7%D8%A6%D9%84
إدارة صفحات و حسابات السوشيال ميديا,.Youssef J,2,3,منذ 8 أشهر و20 يوم,تسويق رقمي,التسويق عبر مواقع التواصل,"تسويق, فيسبوك, ادارة صفحات, إنستغرام, سوشيال ميديا",https://khamsat.com/marketing/social-media-management/3409594-%D8%A5%D8%AF%D8%A7%D8%B1%D8%A9-%D8%B5%D9%81%D8%AD%D8%A7%D8%AA-%D9%88-%D8%AD%D8%B3%D8%A7%D8%A8%D8%A7%D8%AA-%D8%A7%D9%84%D8%B3%D9%88%D8%B4%D9%8A%D8%A7%D9%84-%D9%85%D9%8A%D8%AF%D9%8A%D8%A7
الصفحة المطلوبة غير موجودة,Non trouvé,Non trouvé,Non trouvé,Aucun avis,Inconnu,Inconnu,Aucun tag,https://khamsat.com/marketing/social-media-management/3145738-linktree-%D9%84%D8%B9%D8%B1%D8%B6-%D8%AC%D9%85%D9%8A%D8%B9-%D8%A7%D9%84%D8%B1%D9%88%D8%A7%D8%A8%D8%B7-%D8%A7%D9%84%D8%B1%D9%82%D9%85%D9%8A%D8%A9-%D9%84%D9%84%D8%A8%D9%8A%D8%B2%D9%86%D8%B3
إدارة صفحات السوشيل ميديا بخطة احترافية,.Enas A,5,2,منذ 10 أشهر و10 أيام,تسويق رقمي,التسويق عبر مواقع التواصل,"تسويق, ادارة, social media, بوستات, سوشل ميديا",https://khamsat.com/marketing/social-media-management/2675832-%D8%A5%D8%AF%D8%A7%D8%B1%D8%A9-%D8%B5%D9%81%D8%AD%D8%A7%D8%AA-%D8%A7%D9%84%D8%B3%D9%88%D8%B4%D9%8A%D9%84-%D9%85%D9%8A%D8%AF%D9%8A%D8%A7-%D8%A8%D8%AE%D8%B7%D8%A9-%D8%A7%D8%AD%D8%AA%D8%B1%D8%A7%D9%81%D9%8A%D8%A9
إدارة صفحات مواقع التواصل الاجتماعي,.Abderraouf G,5,5,منذ سنة و8 أشهر,تسويق رقمي,التسويق عبر مواقع التواصل,"تصميم سوشيال ميديا, social media manager, إدارة حساب انستقرام, إدارة حسابات فيسبوك, مدير صفحات",https://khamsat.com/marketing/social-media-management/1498360-%D8%A5%D8%AF%D8%A7%D8%B1%D8%A9-%D8%B5%D9%81%D8%AD%D8%A7%D8%AA-%D9%85%D9%88%D8%A7%D9%82%D8%B9-%D8%A7%D9%84%D8%AA%D9%88%D8%A7%D8%B5%D9%84-%D8%A7%D9%84%D8%A7%D8%AC%D8%AA%D9%85%D8%A7%D8%B9%D9%8A
إدارة حسابات التواصل الإجتماعي,يونس ش.,2,2,منذ سنة و3 أشهر,تسويق رقمي,التسويق عبر مواقع التواصل,"تسويق الكتروني, حسابات, إدارة صفحات, مواقع التواصل الاجتماعي, سوشل ميديا",https://khamsat.com/marketing/social-media-management/3199982-%D8%A5%D8%AF%D8%A7%D8%B1%D8%A9-%D8%AD%D8%B3%D8%A7%D8%A8%D8%A7%D8%AA-%D8%A7%D9%84%D8%AA%D9%88%D8%A7%D8%B5%D9%84-%D8%A7%D9%84%D8%A5%D8%AC%D8%AA%D9%85%D8%A7%D8%B9%D9%8A
إدارة حسابات الانستغرام أيا كان نوع المحتوى,.Aya S,12,8,منذ 5 أيام و23 ساعة,تسويق رقمي,التسويق عبر مواقع التواصل,"تصميم, ادارة, انستغرام, الانستغرام, بالمحتوى",https://khamsat.com/marketing/social-media-management/2153984-%D8%A5%D8%AF%D8%A7%D8%B1%D8%A9-%D8%AD%D8%B3%D8%A7%D8%A8%D8%A7%D8%AA-%D8%A7%D9%84%D8%A7%D9%86%D8%B3%D8%AA%D8%BA%D8%B1%D8%A7%D9%85-%D8%A3%D9%8A%D8%A7-%D9%83%D8%A7%D9%86-%D9%86%D9%88%D8%B9-%D8%A7%D9%84%D9%85%D8%AD%D8%AA%D9%88%D9%89
إدارة صفحات السوشيال ميديا بإحترافية,.Walaa M,11,8,منذ 8 أشهر و9 أيام,تسويق رقمي,التسويق عبر مواقع التواصل,"التسويق على تويتر, التسويق على سناب شات, التسويق عبر انستقرام, التسويق عبر تيك توك, إدارة حسابات التواصل الاجتماعي",https://khamsat.com/marketing/social-media-management/2145336-%D8%A5%D8%AF%D8%A7%D8%B1%D8%A9-%D8%B5%D9%81%D8%AD%D8%A7%D8%AA-%D8%A7%D9%84%D8%B3%D9%88%D8%B4%D9%8A%D8%A7%D9%84-%D9%85%D9%8A%D8%AF%D9%8A%D8%A7-%D8%A8%D8%A5%D8%AD%D8%AA%D8%B1%D8%A7%D9%81%D9%8A%D8%A9
إدارة صفحات السوشيال الميديا,جهاد ع.,0,0,Aucun avis,تسويق رقمي,التسويق عبر مواقع التواصل,"فيسبوك, تسويق الكتروني, ادارة صفحات, إدارة صفحات السيوشال ميديا, إدارة صفحة الفسيبوك",https://khamsat.com/marketing/social-media-management/3339905-%D8%A5%D8%AF%D8%A7%D8%B1%D8%A9-%D8%B5%D9%81%D8%AD%D8%A7%D8%AA-%D8%A7%D9%84%D8%B3%D9%88%D8%B4%D9%8A%D8%A7%D9%84-%D8%A7%D9%84%D9%85%D9%8A%D8%AF%D9%8A%D8%A7
إدارة جميع منصات التواصل الإجتماعي مع تنزيل يومي,ريم أ.,6,6,منذ سنة و9 أشهر,تسويق رقمي,التسويق عبر مواقع التواصل,"فيسبوك, إدارة, التواصل, انستجرام, سوشل ميديا",https://khamsat.com/marketing/social-media-management/2839308-%D8%A5%D8%AF%D8%A7%D8%B1%D8%A9-%D8%AC%D9%85%D9%8A%D8%B9-%D9%85%D9%86%D8%B5%D8%A7%D8%AA-%D8%A7%D9%84%D8%AA%D9%88%D8%A7%D8%B5%D9%84-%D8%A7%D9%84%D8%A5%D8%AC%D8%AA%D9%85%D8%A7%D8%B9%D9%8A-%D9%85%D8%B9-%D8%AA%D9%86%D8%B2%D9%8A%D9%84-%D9%8A%D9%88%D9%85%D9%8A
إدارة حساب تيك توك TikTok,آلاء م.,3,2,منذ 12 يوم و7 ساعات,تسويق رقمي,التسويق عبر مواقع التواصل,"ادارة صفحات, مواقع التواصل الاجتماعي, سوشيال ميديا, tiktok, تيكتوك",https://khamsat.com/marketing/social-media-management/3864124-%D8%A5%D8%AF%D8%A7%D8%B1%D8%A9-%D8%AD%D8%B3%D8%A7%D8%A8-%D8%AA%D9%8A%D9%83-%D8%AA%D9%88%D9%83-tiktok
ادارة صفحتك علي فيسبوك ادارة محترفة,عز الدين ج.,0,0,Aucun avis,تسويق رقمي,التسويق عبر مواقع التواصل,"فيسبوك, صفحة, رسائل, تعليقات, ادارة صفحات",https://khamsat.com/marketing/social-media-management/3747473-%D8%A7%D8%AF%D8%A7%D8%B1%D8%A9-%D8%B5%D9%81%D8%AD%D8%AA%D9%83-%D8%B9%D9%84%D9%8A-%D9%81%D9%8A%D8%B3%D8%A8%D9%88%D9%83-%D8%A7%D8%AF%D8%A7%D8%B1%D8%A9-%D9%85%D8%AD%D8%AA%D8%B1%D9%81%D8%A9
خدمة إدارة للعلامات التجارية أو شخصية على السوشيال ميديا,.Ilyas E,3,2,منذ 8 أشهر و9 أيام,تسويق رقمي,التسويق عبر مواقع التواصل,"تصميم, ادارة, إدارة صفحات, سوشيال ميديا, بوست سوشيال ميديا",https://khamsat.com/marketing/social-media-management/3075082-%D8%AE%D8%AF%D9%85%D8%A9-%D8%A5%D8%AF%D8%A7%D8%B1%D8%A9-%D9%84%D9%84%D8%B9%D9%84%D8%A7%D9%85%D8%A7%D8%AA-%D8%A7%D9%84%D8%AA%D8%AC%D8%A7%D8%B1%D9%8A%D8%A9-%D8%A3%D9%88-%D8%B4%D8%AE%D8%B5%D9%8A%D8%A9-%D8%B9%D9%84%D9%89-%D8%A7%D9%84%D8%B3%D9%88%D8%B4%D9%8A%D8%A7%D9%84-%D9%85%D9%8A%D8%AF%D9%8A%D8%A7
ادارة صفحتك على فيسبوك والتسويق لمنتجك,.Dina A,21,13,منذ سنة و7 أشهر,تسويق رقمي,التسويق عبر مواقع التواصل,"بوك, الفيس, عبر, التسويق, أنستجرام",https://khamsat.com/marketing/social-media-management/1801003-%D8%A7%D8%AF%D8%A7%D8%B1%D8%A9-%D8%B5%D9%81%D8%AD%D8%AA%D9%83-%D8%B9%D9%84%D9%89-%D9%81%D9%8A%D8%B3%D8%A8%D9%88%D9%83-%D9%88%D8%A7%D9%84%D8%AA%D8%B3%D9%88%D9%8A%D9%82-%D9%84%D9%85%D9%86%D8%AA%D8%AC%D9%83
إدارة حسابات التواصل الاجتماعي,Non trouvé,Non trouvé,Non trouvé,Aucun avis,تسويق رقمي,التسويق عبر مواقع التواصل,Aucun tag,https://khamsat.com/marketing/social-media-management/2672789-%D8%A5%D8%AF%D8%A7%D8%B1%D8%A9-%D8%AD%D8%B3%D8%A7%D8%A8-%D8%A7%D9%84%D8%A3%D9%86%D8%B3%D8%AA%D9%82%D8%B1%D8%A7%D9%85-%D8%A8%D8%A5%D8%AD%D8%AA%D8%B1%D8%A7%D9%81%D9%8A%D8%A9
أدارة صفحات على Instagram,عبدالخالق ع.,1,1,منذ 3 سنوات و7 أشهر,تسويق رقمي,التسويق عبر مواقع التواصل,"أدارة حسابات السوشل ميديا, تسويق عبره الأنستغرام",https://khamsat.com/marketing/social-media-management/2371844-%D8%A3%D8%AF%D8%A7%D8%B1%D8%A9-%D8%B5%D9%81%D8%AD%D8%A7%D8%AA-%D8%B9%D9%84%D9%89-instagram
إدارة صفحات الفيسبوك والانستجرام ومنصات التواصل الاجتماعي,.Dalia A,18,14,منذ 8 أشهر و20 يوم,تسويق رقمي,التسويق عبر مواقع التواصل,"إدارة, خدمه, التواصل, الاجتماعي, منصات",https://khamsat.com/marketing/social-media-management/2045525-%D8%A5%D8%AF%D8%A7%D8%B1%D8%A9-%D8%B5%D9%81%D8%AD%D8%A7%D8%AA-%D8%A7%D9%84%D9%81%D9%8A%D8%B3%D8%A8%D9%88%D9%83-%D9%88%D8%A7%D9%84%D8%A7%D9%86%D8%B3%D8%AA%D8%AC%D8%B1%D8%A7%D9%85-%D9%88%D9%85%D9%86%D8%B5%D8%A7%D8%AA-%D8%A7%D9%84%D8%AA%D9%88%D8%A7%D8%B5%D9%84-%D8%A7%D9%84%D8%A7%D8%AC%D8%AA%D9%85%D8%A7%D8%B9%D9%8A
إدارة ونشر منشورات على صفحات الفيس بوك,.Khloud M,1,1,منذ سنة و9 أشهر,تسويق رقمي,التسويق عبر مواقع التواصل,"فيسبوك, facebook, منشورات, إدارة, الفيسبوك",https://khamsat.com/marketing/social-media-management/2853093-%D8%A5%D8%AF%D8%A7%D8%B1%D8%A9-%D9%88%D9%86%D8%B4%D8%B1-%D9%85%D9%86%D8%B4%D9%88%D8%B1%D8%A7%D8%AA-%D8%B9%D9%84%D9%89-%D8%B5%D9%81%D8%AD%D8%A7%D8%AA-%D8%A7%D9%84%D9%81%D9%8A%D8%B3-%D8%A8%D9%88%D9%83
الصفحة المطلوبة غير موجودة,Non trouvé,Non trouvé,Non trouvé,Aucun avis,Inconnu,Inconnu,Aucun tag,https://khamsat.com/marketing/social-media-management/2739671-%D8%A7%D8%AF%D9%8A%D8%B1-%D8%B5%D9%81%D8%AD%D8%AA%D9%83-%D8%B9%D9%84%D9%89-%D9%85%D9%88%D8%A7%D9%82%D8%B9-%D8%A7%D9%84%D8%AA%D9%88%D8%A7%D8%B5%D9%84-%D8%A7%D9%84%D8%A7%D8%AC%D8%AA%D9%85%D8%A7%D8%B9%D9%8A
ادارة حساب الانستجرام لمتجرك الالكتروني,.Khadija M,2,1,منذ سنة و9 أشهر,تسويق رقمي,التسويق عبر مواقع التواصل,"تصميم, اعلان, تسويق, فيسبوك, تواصل",https://khamsat.com/marketing/social-media-management/2533907-%D8%A7%D8%AF%D8%A7%D8%B1%D8%A9-%D8%AD%D8%B3%D8%A7%D8%A8-%D8%A7%D9%84%D8%A7%D9%86%D8%B3%D8%AA%D8%AC%D8%B1%D8%A7%D9%85-%D9%84%D9%85%D8%AA%D8%AC%D8%B1%D9%83-%D8%A7%D9%84%D8%A7%D9%84%D9%83%D8%AA%D8%B1%D9%88%D9%86%D9%8A
ادارة حسابات التواصل الاجتماعي,.Esraa M,1,0,Aucun avis,تسويق رقمي,التسويق عبر مواقع التواصل,"تسويق, كتابة محتوى مواقع, كتابة محتوى, ادارة صفحات, كتابة محتوى تسويقي",https://khamsat.com/marketing/social-media-management/3369416-%D8%A7%D8%AF%D8%A7%D8%B1%D8%A9-%D8%AD%D8%B3%D8%A7%D8%A8%D8%A7%D8%AA-%D8%A7%D9%84%D8%AA%D9%88%D8%A7%D8%B5%D9%84-%D8%A7%D9%84%D8%A7%D8%AC%D8%AA%D9%85%D8%A7%D8%B9%D9%8A
إدارة صفحتك أو حسابك على الفيس بوك و انستجرام,.Mahmoud W,0,0,Aucun avis,تسويق رقمي,التسويق عبر مواقع التواصل,"تسويق, منشورات, صفحة, ادارة, انستجرام",https://khamsat.com/marketing/social-media-management/3489275-%D8%A5%D8%AF%D8%A7%D8%B1%D8%A9-%D8%B5%D9%81%D8%AD%D8%AA%D9%83-%D8%A3%D9%88-%D8%AD%D8%B3%D8%A7%D8%A8%D9%83-%D8%B9%D9%84%D9%89-%D8%A7%D9%84%D9%81%D9%8A%D8%B3-%D8%A8%D9%88%D9%83-%D9%88-%D8%A7%D9%86%D8%B3%D8%AA%D8%AC%D8%B1%D8%A7%D9%85
خدمة العملاء والدعم الفني (customer service)بطريقة احترافية,سلسبيل أ.,2,1,منذ سنة و3 أشهر,تسويق رقمي,التسويق عبر مواقع التواصل,"الدعم, ادارة صفحات, خدمة العملاء, مساعد افتراضي",https://khamsat.com/marketing/social-media-management/2717763-%D8%AE%D8%AF%D9%85%D8%A9-%D8%A7%D9%84%D8%B9%D9%85%D9%84%D8%A7%D8%A1-%D9%88%D8%A7%D9%84%D8%AF%D8%B9%D9%85-%D8%A7%D9%84%D9%81%D9%86%D9%8A-customer-service%D8%A8%D8%B7%D8%B1%D9%8A%D9%82%D8%A9-%D8%A7%D8%AD%D8%AA%D8%B1%D8%A7%D9%81%D9%8A%D8%A9
إدارة احترافية لصفحات التواصل الاجتماعي,ياسر ج.,1,0,Aucun avis,تسويق رقمي,التسويق عبر مواقع التواصل,"فيسبوك, انستغرام, ادارة صفحات, مواقع التواصل الاجتماعي, سوشيال ميديا",https://khamsat.com/marketing/social-media-management/3053262-%D8%A5%D8%AF%D8%A7%D8%B1%D8%A9-%D8%A7%D8%AD%D8%AA%D8%B1%D8%A7%D9%81%D9%8A%D8%A9-%D9%84%D8%B5%D9%81%D8%AD%D8%A7%D8%AA-%D8%A7%D9%84%D8%AA%D9%88%D8%A7%D8%B5%D9%84-%D8%A7%D9%84%D8%A7%D8%AC%D8%AA%D9%85%D8%A7%D8%B9%D9%8A
ادارة حساباتك على الانستقرام وX وغيره,فيصل احسان ر.,9,8,منذ 8 أشهر و22 يوم,تسويق رقمي,التسويق عبر مواقع التواصل,"تسويق, حسابات, ادارة صفحات, سوشيال ميديا, ادارة حسابات التواصل",https://khamsat.com/marketing/social-media-management/2919266-%D8%A7%D8%AF%D8%A7%D8%B1%D8%A9-%D8%AD%D8%B3%D8%A7%D8%A8%D8%A7%D8%AA%D9%83-%D8%B9%D9%84%D9%89-%D8%A7%D9%84%D8%A7%D9%86%D8%B3%D8%AA%D9%82%D8%B1%D8%A7%D9%85-%D9%88x-%D9%88%D8%BA%D9%8A%D8%B1%D9%87
خدمة إدارة صفحات ومجموعات فيس بوك وإنستجرام,امانى ف.,0,0,Aucun avis,تسويق رقمي,التسويق عبر مواقع التواصل,"تسويق, الفيسبوك, انستجرام, إدارة صفحات, سوشيال ميديا",https://khamsat.com/marketing/social-media-management/3889859-%D8%AE%D8%AF%D9%85%D8%A9-%D8%A5%D8%AF%D8%A7%D8%B1%D8%A9-%D8%B5%D9%81%D8%AD%D8%A7%D8%AA-%D9%88%D9%85%D8%AC%D9%85%D9%88%D8%B9%D8%A7%D8%AA-%D9%81%D9%8A%D8%B3-%D8%A8%D9%88%D9%83-%D9%88%D8%A5%D9%86%D8%B3%D8%AA%D8%AC%D8%B1%D8%A7%D9%85
الصفحة المطلوبة غير موجودة,Non trouvé,Non trouvé,Non trouvé,Aucun avis,Inconnu,Inconnu,Aucun tag,https://khamsat.com/marketing/social-media-management/3004467-%D8%A7%D8%AF%D8%A7%D8%B1%D8%A9-%D8%AD%D8%B3%D8%A7%D8%A8%D8%A7%D8%AA-%D8%A7%D9%84%D8%AA%D9%88%D8%A7%D8%B5%D9%84-%D8%A7%D9%84%D8%A7%D8%AC%D8%AA%D9%85%D8%A7%D8%B9%D9%8A
إدارة الصفحات وبشكل إبداعي ومحترف,بسمة ا.,8,7,منذ سنتين و10 أشهر,تسويق رقمي,التسويق عبر مواقع التواصل,"تسويق, تفريغ, كتابة, تسويق الكتروني, ادارة صفحات",https://khamsat.com/marketing/social-media-management/2599639-%D8%A5%D8%AF%D8%A7%D8%B1%D8%A9-%D8%A7%D9%84%D8%B5%D9%81%D8%AD%D8%A7%D8%AA-%D9%88%D8%A8%D8%B4%D9%83%D9%84-%D8%A5%D8%A8%D8%AF%D8%A7%D8%B9%D9%8A-%D9%88%D9%85%D8%AD%D8%AA%D8%B1%D9%81
ادارة جميع منصات السوشيال ميديا,نورهان م.,1,1,منذ سنة وشهر,تسويق رقمي,التسويق عبر مواقع التواصل,"فيسبوك, انستقرام, ادارة صفحات, سوشيال, تيك توك",https://khamsat.com/marketing/social-media-management/2871823-%D8%A7%D8%AF%D8%A7%D8%B1%D8%A9-%D8%AC%D9%85%D9%8A%D8%B9-%D9%85%D9%86%D8%B5%D8%A7%D8%AA-%D8%A7%D9%84%D8%B3%D9%88%D8%B4%D9%8A%D8%A7%D9%84-%D9%85%D9%8A%D8%AF%D9%8A%D8%A7
عزز وجودك الرقمي بإدارة احترافية لصفحة الفيسبوك الخاصه بك,.Asmaa G,2,2,منذ سنة و4 أشهر,تسويق رقمي,التسويق عبر مواقع التواصل,"حسابات, الفيسبوك, ادارة, منصات, سوشيال ميديا",https://khamsat.com/marketing/social-media-management/3134151-%D8%B9%D8%B2%D8%B2-%D9%88%D8%AC%D9%88%D8%AF%D9%83-%D8%A7%D9%84%D8%B1%D9%82%D9%85%D9%8A-%D8%A8%D8%A5%D8%AF%D8%A7%D8%B1%D8%A9-%D8%A7%D8%AD%D8%AA%D8%B1%D8%A7%D9%81%D9%8A%D8%A9-%D9%84%D8%B5%D9%81%D8%AD%D8%A9-%D8%A7%D9%84%D9%81%D9%8A%D8%B3%D8%A8%D9%88%D9%83-%D8%A7%D9%84%D8%AE%D8%A7%D8%B5%D9%87-%D8%A8%D9%83
إدارة استراتيجية لحسابات السوشيال ميديا لزيادة المبيعات,محمد ب.,3,2,منذ 10 أشهر و13 يوم,تسويق رقمي,التسويق عبر مواقع التواصل,"تسويق, facebook, instagram, social media, ادارة صفحات",https://khamsat.com/marketing/social-media-management/3639502-%D8%A5%D8%AF%D8%A7%D8%B1%D8%A9-%D8%A7%D8%B3%D8%AA%D8%B1%D8%A7%D8%AA%D9%8A%D8%AC%D9%8A%D8%A9-%D9%84%D8%AD%D8%B3%D8%A7%D8%A8%D8%A7%D8%AA-%D8%A7%D9%84%D8%B3%D9%88%D8%B4%D9%8A%D8%A7%D9%84-%D9%85%D9%8A%D8%AF%D9%8A%D8%A7-%D9%84%D8%B2%D9%8A%D8%A7%D8%AF%D8%A9-%D8%A7%D9%84%D9%85%D8%A8%D9%8A%D8%B9%D8%A7%D8%AA
ادارة مواقع التواصل الاجتماعي,.Mohamed A,3,3,منذ سنة و6 أشهر,تسويق رقمي,التسويق عبر مواقع التواصل,"تسويق الكتروني, كتابة محتوى, موقعك, ادارة, بوستات سوشيال ميديا",https://khamsat.com/marketing/social-media-management/2960371-%D8%A7%D8%AF%D8%A7%D8%B1%D8%A9-%D9%85%D9%88%D8%A7%D9%82%D8%B9-%D8%A7%D9%84%D8%AA%D9%88%D8%A7%D8%B5%D9%84-%D8%A7%D9%84%D8%A7%D8%AC%D8%AA%D9%85%D8%A7%D8%B9%D9%8A
الرد على العملاء في حسابات التواصل باستخدام الذكاء الاصطناعي,.Ahmed G,7,6,منذ 7 أشهر و29 يوم,تسويق رقمي,التسويق عبر مواقع التواصل,"تواصل اجتماعي, بوت, ادارة صفحات, خدمة العملاء, الذكاء الاصطناعي",https://khamsat.com/marketing/social-media-management/3137858-%D8%A7%D9%84%D8%B1%D8%AF-%D8%B9%D9%84%D9%89-%D8%A7%D9%84%D8%B9%D9%85%D9%84%D8%A7%D8%A1-%D9%81%D9%8A-%D8%AD%D8%B3%D8%A7%D8%A8%D8%A7%D8%AA-%D8%A7%D9%84%D8%AA%D9%88%D8%A7%D8%B5%D9%84-%D8%A8%D8%A7%D8%B3%D8%AA%D8%AE%D8%AF%D8%A7%D9%85-%D8%A7%D9%84%D8%B0%D9%83%D8%A7%D8%A1-%D8%A7%D9%84%D8%A7%D8%B5%D8%B7%D9%86%D8%A7%D8%B9%D9%8A
إدارة صفحات الفيسبوك و التليجرام إدارة مميزة,آية س.,8,5,منذ سنتين وشهر,تسويق رقمي,التسويق عبر مواقع التواصل,"صفحات, إدارة, الفيسبوك, انستقرام, ادارة صفحات",https://khamsat.com/marketing/social-media-management/2133386-%D8%A5%D8%AF%D8%A7%D8%B1%D8%A9-%D8%B5%D9%81%D8%AD%D8%A7%D8%AA-%D8%A7%D9%84%D9%81%D9%8A%D8%B3%D8%A8%D9%88%D9%83-%D9%88-%D8%A7%D9%84%D8%AA%D9%84%D9%8A%D8%AC%D8%B1%D8%A7%D9%85-%D8%A5%D8%AF%D8%A7%D8%B1%D8%A9-%D9%85%D9%85%D9%8A%D8%B2%D8%A9
إدارة حسابات انستقرام بشكل إحترافي,حمزة ع.,2,1,منذ 4 سنوات و3 أشهر,تسويق رقمي,التسويق عبر مواقع التواصل,"حساب, على, عبر, التسويق, الاعلان, انستقرام, أنستجرام, أنستغرام, أنستقرام, تمسك",https://khamsat.com/marketing/social-media-management/2073801-%D8%A5%D8%AF%D8%A7%D8%B1%D8%A9-%D8%AD%D8%B3%D8%A7%D8%A8%D8%A7%D8%AA-%D8%A7%D9%86%D8%B3%D8%AA%D9%82%D8%B1%D8%A7%D9%85-%D8%A8%D8%B4%D9%83%D9%84-%D8%A5%D8%AD%D8%AA%D8%B1%D8%A7%D9%81%D9%8A
إدارة حسابات التواصل الاجتماعي وخدمة العملاء,.Ayoub B,0,0,Aucun avis,تسويق رقمي,التسويق عبر مواقع التواصل,"تصميم, تسويق الكتروني, ادارة, مواقع التواصل الاجتماعي, سوشيال ميديا",https://khamsat.com/marketing/social-media-management/2898266-%D8%A5%D8%AF%D8%A7%D8%B1%D8%A9-%D8%AD%D8%B3%D8%A7%D8%A8%D8%A7%D8%AA-%D8%A7%D9%84%D8%AA%D9%88%D8%A7%D8%B5%D9%84-%D8%A7%D9%84%D8%A7%D8%AC%D8%AA%D9%85%D8%A7%D8%B9%D9%8A-%D9%88%D8%AE%D8%AF%D9%85%D8%A9-%D8%A7%D9%84%D8%B9%D9%85%D9%84%D8%A7%D8%A1
خدمة LinkedIn بروفيشنال ابني ملفك الشخصي,.Salwa A,1,1,منذ سنتين وشهر,تسويق رقمي,التسويق عبر مواقع التواصل,"سيرة ذاتية, linkedin, توظيف, profile, لينكدان",https://khamsat.com/marketing/social-media-management/2846054-%D8%AE%D8%AF%D9%85%D8%A9-linkedin-%D8%A8%D8%B1%D9%88%D9%81%D9%8A%D8%B4%D9%86%D8%A7%D9%84-%D8%A7%D8%A8%D9%86%D9%8A-%D9%85%D9%84%D9%81%D9%83-%D8%A7%D9%84%D8%B4%D8%AE%D8%B5%D9%8A
ادارة حسابات مواقع التواصل الاجتماعي,مارينا م.,3,3,منذ سنة و11 شهر,تسويق رقمي,التسويق عبر مواقع التواصل,"مواقع, فيسبوك, انستقرام, ادارة صفحات, مواقع التواصل الاجتماعي",https://khamsat.com/marketing/social-media-management/2870391-%D8%A7%D8%AF%D8%A7%D8%B1%D8%A9-%D8%AD%D8%B3%D8%A7%D8%A8%D8%A7%D8%AA-%D9%85%D9%88%D8%A7%D9%82%D8%B9-%D8%A7%D9%84%D8%AA%D9%88%D8%A7%D8%B5%D9%84-%D8%A7%D9%84%D8%A7%D8%AC%D8%AA%D9%85%D8%A7%D8%B9%D9%8A
خدمة عملاء للتعامل مع جمهورك على مواقع التواصل الاجتماعي,.Mostafa S,7,6,منذ سنتين و11 شهر,تسويق رقمي,التسويق عبر مواقع التواصل,"تسويق, تويتر, فيسبوك, عملاء, خدمة عملاء, انستجرام, واتساب, ادارة حساب تويتر, ادارة حساب انستقرام, ادارة حساب فيسبوك",https://khamsat.com/marketing/social-media-management/1790845-%D8%AE%D8%AF%D9%85%D8%A9-%D8%B9%D9%85%D9%84%D8%A7%D8%A1-%D9%84%D9%84%D8%AA%D8%B9%D8%A7%D9%85%D9%84-%D9%85%D8%B9-%D8%AC%D9%85%D9%87%D9%88%D8%B1%D9%83-%D8%B9%D9%84%D9%89-%D9%85%D9%88%D8%A7%D9%82%D8%B9-%D8%A7%D9%84%D8%AA%D9%88%D8%A7%D8%B5%D9%84-%D8%A7%D9%84%D8%A7%D8%AC%D8%AA%D9%85%D8%A7%D8%B9%D9%8A
إدارة صفحات التواصل الاجتماعي,.Ahmed A,0,0,Aucun avis,تسويق رقمي,التسويق عبر مواقع التواصل,"تسويق, صفحات, إدارة, انستغرام, سوشيال ميديا",https://khamsat.com/marketing/social-media-management/3018596-%D8%A5%D8%AF%D8%A7%D8%B1%D8%A9-%D8%B5%D9%81%D8%AD%D8%A7%D8%AA-%D8%A7%D9%84%D8%AA%D9%88%D8%A7%D8%B5%D9%84-%D8%A7%D9%84%D8%A7%D8%AC%D8%AA%D9%85%D8%A7%D8%B9%D9%8A
إدارة حسابات التواصل الاجتماعي,.Abdulrahman S,56,43,منذ 5 أشهر و22 يوم,تسويق رقمي,التسويق عبر مواقع التواصل,"تويتر, انستغرام, سناب شات, تيك توك",https://khamsat.com/marketing/social-media-management/1980779-%D8%A5%D8%AF%D8%A7%D8%B1%D8%A9-%D8%AD%D8%B3%D8%A7%D8%A8%D8%A7%D8%AA-%D8%A7%D9%84%D8%AA%D9%88%D8%A7%D8%B5%D9%84-%D8%A7%D9%84%D8%A7%D8%AC%D8%AA%D9%85%D8%A7%D8%B9%D9%8A
كتابة محتوى إعلاني للسوشيال ميديا,.Basma S,3,3,منذ سنة ويوم,كتابة وترجمة,محتوى تسويقي,"كتابة, مبيعات, كتابة محتوى, اعلاني, سوشيال ميديا",https://khamsat.com/marketing/social-media-management/3071318-%D9%83%D8%AA%D8%A7%D8%A8%D8%A9-%D9%85%D8%AD%D8%AA%D9%88%D9%89-%D8%A5%D8%B9%D9%84%D8%A7%D9%86%D9%8A-%D9%84%D9%84%D8%B3%D9%88%D8%B4%D9%8A%D8%A7%D9%84-%D9%85%D9%8A%D8%AF%D9%8A%D8%A7
إدارة حساباتك على مواقع التواصل الاجتماعي,.Mohamed S,1,0,Aucun avis,تسويق رقمي,التسويق عبر مواقع التواصل,"تطوير, فيسبوك, ادارة صفحات, مواقع التواصل الاجتماعي, سوشيال ميديا",https://khamsat.com/marketing/social-media-management/3784276-%D8%A5%D8%AF%D8%A7%D8%B1%D8%A9-%D8%AD%D8%B3%D8%A7%D8%A8%D8%A7%D8%AA%D9%83-%D8%B9%D9%84%D9%89-%D9%85%D9%88%D8%A7%D9%82%D8%B9-%D8%A7%D9%84%D8%AA%D9%88%D8%A7%D8%B5%D9%84-%D8%A7%D9%84%D8%A7%D8%AC%D8%AA%D9%85%D8%A7%D8%B9%D9%8A
خدمتك المتكاملة لإدارة صفحاتك على السوشيال ميديا,.Marwan A,0,0,Aucun avis,تسويق رقمي,التسويق عبر مواقع التواصل,"تسويق, ادارة صفحات, إدارة صفحات, مواقع التواصل الاجتماعي, سوشيل ميديا",https://khamsat.com/marketing/social-media-management/3756468-%D8%AE%D8%AF%D9%85%D8%AA%D9%83-%D8%A7%D9%84%D9%85%D8%AA%D9%83%D8%A7%D9%85%D9%84%D8%A9-%D9%84%D8%A5%D8%AF%D8%A7%D8%B1%D8%A9-%D8%B5%D9%81%D8%AD%D8%A7%D8%AA%D9%83-%D8%B9%D9%84%D9%89-%D8%A7%D9%84%D8%B3%D9%88%D8%B4%D9%8A%D8%A7%D9%84-%D9%85%D9%8A%D8%AF%D9%8A%D8%A7
إدارة حساب فيسبوك وإنستجرام,.Basma A,0,0,Aucun avis,تسويق رقمي,التسويق عبر مواقع التواصل,"زيادة التفاعل, كتابة محتوى وتصميم, إدارة سوشيال ميديا, فيسبوك وإنستجرام, نشر يومي",https://khamsat.com/marketing/social-media-management/3918149-%D8%A5%D8%AF%D8%A7%D8%B1%D8%A9-%D8%AD%D8%B3%D8%A7%D8%A8-%D9%81%D9%8A%D8%B3%D8%A8%D9%88%D9%83-%D9%88%D8%A5%D9%86%D8%B3%D8%AA%D8%AC%D8%B1%D8%A7%D9%85
إدارة مواقع التواصل الاجتماعي باحترافية,.Alaa A,4,4,منذ 9 أشهر ويوم,تسويق رقمي,التسويق عبر مواقع التواصل,"تسويق الكتروني, انستقرام, ادارة صفحات, سوشيال ميديا, إعلانات سوشيال ميديا",https://khamsat.com/marketing/social-media-management/3058006-%D8%A5%D8%AF%D8%A7%D8%B1%D8%A9-%D9%85%D9%88%D8%A7%D9%82%D8%B9-%D8%A7%D9%84%D8%AA%D9%88%D8%A7%D8%B5%D9%84-%D8%A7%D9%84%D8%A7%D8%AC%D8%AA%D9%85%D8%A7%D8%B9%D9%8A-%D8%A8%D8%A7%D8%AD%D8%AA%D8%B1%D8%A7%D9%81%D9%8A%D8%A9
المساعدة في ادارة صفحات الفيسبوك,رهام ع.,39,24,منذ سنة وشهر,تسويق رقمي,التسويق عبر مواقع التواصل,"تطوير, فيسبوك, إدارة, ميديا, سوشيال",https://khamsat.com/marketing/social-media-management/1578122-%D8%A7%D9%84%D9%85%D8%B3%D8%A7%D8%B9%D8%AF%D8%A9-%D9%81%D9%8A-%D8%A7%D8%AF%D8%A7%D8%B1%D8%A9-%D8%B5%D9%81%D8%AD%D8%A7%D8%AA-%D8%A7%D9%84%D9%81%D9%8A%D8%B3%D8%A8%D9%88%D9%83
الاشراف علي صفحات السوشيال ميديا وكتابة محتوى,.Marwa M,8,2,منذ سنة و4 أشهر,تسويق رقمي,التسويق عبر مواقع التواصل,"اعلان, تسويق, كتابة, ترويج, إدارة",https://khamsat.com/marketing/social-media-management/1832970-%D8%A7%D9%84%D8%A7%D8%B4%D8%B1%D8%A7%D9%81-%D8%B9%D9%84%D9%8A-%D8%B5%D9%81%D8%AD%D8%A7%D8%AA-%D8%A7%D9%84%D8%B3%D9%88%D8%B4%D9%8A%D8%A7%D9%84-%D9%85%D9%8A%D8%AF%D9%8A%D8%A7-%D9%88%D9%83%D8%AA%D8%A7%D8%A8%D8%A9-%D9%85%D8%AD%D8%AA%D9%88%D9%89
إدارة السوشيال ميديا باحتراف لتحويل صفحتك إلى حضور أقوى وتفاعل أعلى,حمزة ك.,7,5,منذ شهرين ويومين,تسويق رقمي,التسويق عبر مواقع التواصل,"facebook, instagram, مواقع التواصل الاجتماعي, لينكدان, إدارة صفحات سوشيال ميديا",https://khamsat.com/marketing/social-media-management/2325710-%D8%A5%D8%AF%D8%A7%D8%B1%D8%A9-%D8%B5%D9%81%D8%AD%D8%A7%D8%AA-%D8%B3%D9%88%D8%B4%D9%8A%D8%A7%D9%84-%D9%85%D9%8A%D8%AF%D9%8A%D8%A7-%D8%A8%D8%A7%D8%AD%D8%AA%D8%B1%D8%A7%D9%81%D9%8A%D8%A9-%D9%84%D8%B2%D9%8A%D8%A7%D8%AF%D8%A9-%D8%A7%D9%84%D8%AA%D9%81%D8%A7%D8%B9%D9%84-%D9%88%D8%A7%D9%84%D9%85%D8%A8%D9%8A%D8%B9%D8%A7%D8%AA
ادارة حسابك على تويتر او صفحة على تويتر او متجر او شركة,زكرياء ا.,3,2,منذ 3 سنوات و6 أشهر,تسويق رقمي,التسويق عبر مواقع التواصل,"تسويق, تويتر, صفحة, إدارة, ادارة",https://khamsat.com/marketing/social-media-management/1790047-%D8%A7%D8%AF%D8%A7%D8%B1%D8%A9-%D8%AD%D8%B3%D8%A7%D8%A8%D9%83-%D8%B9%D9%84%D9%89-%D8%AA%D9%88%D9%8A%D8%AA%D8%B1-%D8%A7%D9%88-%D8%B5%D9%81%D8%AD%D8%A9-%D8%B9%D9%84%D9%89-%D8%AA%D9%88%D9%8A%D8%AA%D8%B1-%D8%A7%D9%88-%D9%85%D8%AA%D8%AC%D8%B1-%D8%A7%D9%88-%D8%B4%D8%B1%D9%83%D8%A9
إدارة حسابات على مواقع التواصل,.Deema K,25,16,منذ 6 أشهر و14 يوم,تسويق رقمي,التسويق عبر مواقع التواصل,"انستقرام, مواقع التواصل الاجتماعي, تصميم بوست, ادارة سوشيال ميديا, تصميم بوستات سوشيال ميديا",https://khamsat.com/marketing/social-media-management/1912138-%D8%A7%D8%AF%D8%A7%D8%B1%D8%A9-%D8%AD%D8%B3%D8%A7%D8%A8%D8%A7%D8%AA-%D8%B9%D9%84%D9%89-%D9%85%D9%88%D8%A7%D9%82%D8%B9-%D8%A7%D9%84%D8%AA%D9%88%D8%A7%D8%B5%D9%84
إدارة صفحات الفيسبوك والرد علي العملاء,.Mustafa H,0,0,Aucun avis,تسويق رقمي,التسويق عبر مواقع التواصل,"فيسبوك, facebook, خدمة عملاء, إدارة صفحات, مواقع التواصل الاجتماعي",https://khamsat.com/marketing/social-media-management/3696450-%D8%A5%D8%AF%D8%A7%D8%B1%D8%A9-%D8%B5%D9%81%D8%AD%D8%A7%D8%AA-%D8%A7%D9%84%D9%81%D9%8A%D8%B3%D8%A8%D9%88%D9%83-%D9%88%D8%A7%D9%84%D8%B1%D8%AF-%D8%B9%D9%84%D9%8A-%D8%A7%D9%84%D8%B9%D9%85%D9%84%D8%A7%D8%A1
ادارة صفحة فيس بوك باحترافية,سامح ع.,2,1,منذ 8 أشهر و8 أيام,تسويق رقمي,التسويق عبر مواقع التواصل,"فيس بوك, فيسبوك, كتابة محتوى, ادارة, ادارة صفحات",https://khamsat.com/marketing/social-media-management/3842670-%D8%A7%D8%AF%D8%A7%D8%B1%D8%A9-%D8%B5%D9%81%D8%AD%D8%A9-%D9%81%D9%8A%D8%B3-%D8%A8%D9%88%D9%83-%D8%A8%D8%A7%D8%AD%D8%AA%D8%B1%D8%A7%D9%81%D9%8A%D8%A9
إدارة صفحات السوشيال ميديا فيسبوك,عمر خ.,0,0,Aucun avis,تسويق رقمي,التسويق عبر مواقع التواصل,"تسويق, فيسبوك, صفحات, ادارة, سوشيال ميديا",https://khamsat.com/marketing/social-media-management/2599600-%D8%A5%D8%AF%D8%A7%D8%B1%D8%A9-%D8%B5%D9%81%D8%AD%D8%A7%D8%AA-%D8%A7%D9%84%D8%B3%D9%88%D8%B4%D9%8A%D8%A7%D9%84-%D9%85%D9%8A%D8%AF%D9%8A%D8%A7-%D9%81%D9%8A%D8%B3%D8%A8%D9%88%D9%83
تميز بإدارة حساباتك خدمات السوشال ميديا,أسامة ا.,4,3,منذ سنتين و9 أشهر,تسويق رقمي,التسويق عبر مواقع التواصل,"تويتر, فيس, بوك, حسابات, يوتيوب, إدارة, شات, التواصل, الاجتماعي, ميديا",https://khamsat.com/marketing/social-media-management/2109883-%D8%AA%D9%85%D9%8A%D8%B2-%D8%A8%D8%A5%D8%AF%D8%A7%D8%B1%D8%A9-%D8%AD%D8%B3%D8%A7%D8%A8%D8%A7%D8%AA%D9%83-%D8%AE%D8%AF%D9%85%D8%A7%D8%AA-%D8%A7%D9%84%D8%B3%D9%88%D8%B4%D8%A7%D9%84-%D9%85%D9%8A%D8%AF%D9%8A%D8%A7
إدارة صفحات الفيسبوك  أو الانستغرام  باحترافية,.Shady G,0,0,Aucun avis,تسويق رقمي,التسويق عبر مواقع التواصل,"فيسبوك, ادمن, انستغرام, ادارة صفحات, سوشل ميديا",https://khamsat.com/marketing/social-media-management/2965432-%D8%A5%D8%AF%D8%A7%D8%B1%D8%A9-%D8%B5%D9%81%D8%AD%D8%A7%D8%AA-%D8%A7%D9%84%D9%81%D9%8A%D8%B3%D8%A8%D9%88%D9%83-%D8%A3%D9%88-%D8%A7%D9%84%D8%A7%D9%86%D8%B3%D8%AA%D8%BA%D8%B1%D8%A7%D9%85-%D8%A8%D8%A7%D8%AD%D8%AA%D8%B1%D8%A7%D9%81%D9%8A%D8%A9
إدارة صفحاتك باحترافية فيسبوك انستاجرام,الشيماء أ.,2,2,منذ سنة وشهر,تسويق رقمي,التسويق عبر مواقع التواصل,"فيسبوك, منشورات, ادارة صفحات, انستاجرام, سوشيال ميديا",https://khamsat.com/marketing/social-media-management/3138575-%D8%A5%D8%AF%D8%A7%D8%B1%D8%A9-%D8%B5%D9%81%D8%AD%D8%A7%D8%AA%D9%83-%D8%A8%D8%A7%D8%AD%D8%AA%D8%B1%D8%A7%D9%81%D9%8A%D8%A9-%D9%81%D9%8A%D8%B3%D8%A8%D9%88%D9%83-%D8%A7%D9%86%D8%B3%D8%AA%D8%A7%D8%AC%D8%B1%D8%A7%D9%85
ادارة منصات التواصل اللاجتماعي,.Doaa R,1,1,منذ سنتين و10 أشهر,تسويق رقمي,التسويق عبر مواقع التواصل,"تسويق, تواصل اجتماعي, انستغرام, ادارة صفحات, منصات",https://khamsat.com/marketing/social-media-management/2601254-%D8%A7%D8%AF%D8%A7%D8%B1%D8%A9-%D9%85%D9%86%D8%B5%D8%A7%D8%AA-%D8%A7%D9%84%D8%AA%D9%88%D8%A7%D8%B5%D9%84-%D8%A7%D9%84%D9%84%D8%A7%D8%AC%D8%AA%D9%85%D8%A7%D8%B9%D9%8A
إدارة حسابات التواصل الاجتماعي,Non trouvé,Non trouvé,Non trouvé,Aucun avis,تسويق رقمي,التسويق عبر مواقع التواصل,Aucun tag,https://khamsat.com/marketing/social-media-management/2116646-%D8%B3%D8%A3%D8%B3%D8%A7%D8%B9%D8%AF%D9%83-%D8%B9%D9%84%D9%89-%D8%A7%D8%AF%D8%A7%D8%B1%D8%A9-%D8%B5%D9%81%D8%AD%D8%A7%D8%AA-%D8%A7%D9%84%D8%A3%D9%86%D8%B3%D8%AA%D8%BA%D8%B1%D8%A7%D9%85
إدارة صفحات التواصل الإجتماعي فيس بوك إنستجرام تليجرام,مصطفى م.,5,4,منذ سنة و20 يوم,تسويق رقمي,التسويق عبر مواقع التواصل,"انستجرام, زيادة التفاعل, سوشيال ميديا, إدارة حسابات, إدارة صفحات التواصل الاجتماعي",https://khamsat.com/marketing/social-media-management/2769666-%D8%A5%D8%AF%D8%A7%D8%B1%D8%A9-%D8%B5%D9%81%D8%AD%D8%A7%D8%AA-%D8%A7%D9%84%D8%AA%D9%88%D8%A7%D8%B5%D9%84-%D8%A7%D9%84%D8%A5%D8%AC%D8%AA%D9%85%D8%A7%D8%B9%D9%8A-%D9%81%D9%8A%D8%B3-%D8%A8%D9%88%D9%83-%D8%A5%D9%86%D8%B3%D8%AA%D8%AC%D8%B1%D8%A7%D9%85-%D8%AA%D9%84%D9%8A%D8%AC%D8%B1%D8%A7%D9%85
إدارة حسابات منصات التواصل الإجتماعي بأحترافية عالية,أحمد ع.,0,0,Aucun avis,تسويق رقمي,التسويق عبر مواقع التواصل,"الفيسبوك, إنستقرام, سناب شات, تيك توك, إدارة حسابات التواصل",https://khamsat.com/marketing/social-media-management/3694105-%D8%A5%D8%AF%D8%A7%D8%B1%D8%A9-%D8%AD%D8%B3%D8%A7%D8%A8%D8%A7%D8%AA-%D9%85%D9%86%D8%B5%D8%A7%D8%AA-%D8%A7%D9%84%D8%AA%D9%88%D8%A7%D8%B5%D9%84-%D8%A7%D9%84%D8%A5%D8%AC%D8%AA%D9%85%D8%A7%D8%B9%D9%8A-%D8%A8%D8%A3%D8%AD%D8%AA%D8%B1%D8%A7%D9%81%D9%8A%D8%A9-%D8%B9%D8%A7%D9%84%D9%8A%D8%A9
سوف ادير لك حسابك علي انستاجرام,.Zienab A,2,2,منذ سنة وشهر,تسويق رقمي,التسويق عبر مواقع التواصل,"ادارة صفحات, انستاجرام, سوشيل ميديا",https://khamsat.com/marketing/social-media-management/1606253-%D8%B3%D9%88%D9%81-%D8%A7%D8%AF%D9%8A%D8%B1-%D9%84%D9%83-%D8%AD%D8%B3%D8%A7%D8%A8%D9%83-%D8%B9%D9%84%D9%8A-%D8%A7%D9%86%D8%B3%D8%AA%D8%A7%D8%AC%D8%B1%D8%A7%D9%85
ادارة واتساب او صفحات تواصل الاجتماعي الي شركاتك من بعد,.Karim A,0,0,Aucun avis,تسويق رقمي,التسويق عبر مواقع التواصل,"فيسبوك, ادارة, ادارة صفحات, واتساب, بوستات سوشيال ميديا",https://khamsat.com/marketing/social-media-management/3563448-%D8%A7%D8%AF%D8%A7%D8%B1%D8%A9-%D9%88%D8%A7%D8%AA%D8%B3%D8%A7%D8%A8-%D8%A7%D9%88-%D8%B5%D9%81%D8%AD%D8%A7%D8%AA-%D8%AA%D9%88%D8%A7%D8%B5%D9%84-%D8%A7%D9%84%D8%A7%D8%AC%D8%AA%D9%85%D8%A7%D8%B9%D9%8A-%D8%A7%D9%84%D9%8A-%D8%B4%D8%B1%D9%83%D8%A7%D8%AA%D9%83-%D9%85%D9%86-%D8%A8%D8%B9%D8%AF
إدارة احترافية لصفحات السوشيال ميديا باحترافية وتنظيم مستمر,.Menna Allah A,0,0,Aucun avis,تسويق رقمي,التسويق عبر مواقع التواصل,"تطوير, إدارة صفحات",https://khamsat.com/marketing/social-media-management/3214791-%D8%A5%D8%AF%D8%A7%D8%B1%D8%A9-%D8%A7%D8%AD%D8%AA%D8%B1%D8%A7%D9%81%D9%8A%D8%A9-%D9%84%D8%B5%D9%81%D8%AD%D8%A7%D8%AA-%D8%A7%D9%84%D8%B3%D9%88%D8%B4%D9%8A%D8%A7%D9%84-%D9%85%D9%8A%D8%AF%D9%8A%D8%A7-%D8%A8%D8%A7%D8%AD%D8%AA%D8%B1%D8%A7%D9%81%D9%8A%D8%A9-%D9%88%D8%AA%D9%86%D8%B8%D9%8A%D9%85-%D9%85%D8%B3%D8%AA%D9%85%D8%B1
الصفحة المطلوبة غير موجودة,Non trouvé,Non trouvé,Non trouvé,Aucun avis,Inconnu,Inconnu,Aucun tag,https://khamsat.com/marketing/social-media-management/1974552-%D8%A5%D8%AF%D8%A7%D8%B1%D8%A9-%D8%B5%D9%81%D8%AD%D8%A7%D8%AA-%D8%A7%D9%84%D9%81%D9%8A%D8%B3-%D8%A8%D9%88%D9%83-%D8%A8%D8%AF%D9%82%D8%A9-%D9%88%D8%A5%D8%AD%D8%AA%D8%B1%D9%81%D9%8A%D8%A9
ادارة حسابك الانستغرام ،الفيس بوك وتويتر بكل اتقان,اخلاص أ.,8,7,منذ سنتين و5 أشهر,تسويق رقمي,التسويق عبر مواقع التواصل,"مواقع, التواصل, الاجتماعي, ادارة, الكتابة, التدقيق",https://khamsat.com/marketing/social-media-management/2122772-%D8%A7%D8%AF%D8%A7%D8%B1%D8%A9-%D8%AD%D8%B3%D8%A7%D8%A8%D9%83-%D8%A7%D9%84%D8%A7%D9%86%D8%B3%D8%AA%D8%BA%D8%B1%D8%A7%D9%85-%D8%A7%D9%84%D9%81%D9%8A%D8%B3-%D8%A8%D9%88%D9%83-%D9%88%D8%AA%D9%88%D9%8A%D8%AA%D8%B1-%D8%A8%D9%83%D9%84-%D8%A7%D8%AA%D9%82%D8%A7%D9%86
مدير حسابات التواصل الاجتماعي وسوشيل ميديا,احمد ا.,1,0,Aucun avis,تسويق رقمي,التسويق عبر مواقع التواصل,"تسويق الكتروني, صفحات, خدمة عملاء, ادارة, سوشيال ميديا",https://khamsat.com/marketing/social-media-management/3407511-%D9%85%D8%AF%D9%8A%D8%B1-%D8%AD%D8%B3%D8%A7%D8%A8%D8%A7%D8%AA-%D8%A7%D9%84%D8%AA%D9%88%D8%A7%D8%B5%D9%84-%D8%A7%D9%84%D8%A7%D8%AC%D8%AA%D9%85%D8%A7%D8%B9%D9%8A-%D9%88%D8%B3%D9%88%D8%B4%D9%8A%D9%84-%D9%85%D9%8A%D8%AF%D9%8A%D8%A7
إدارة حساب TikTok باحترافية,هيام ا.,0,0,Aucun avis,تسويق رقمي,التسويق عبر مواقع التواصل,"تسويق, إدارة, تيك توك, tiktok, تيكتوك",https://khamsat.com/marketing/social-media-management/3178937-%D8%A5%D8%AF%D8%A7%D8%B1%D8%A9-%D8%AD%D8%B3%D8%A7%D8%A8-tiktok-%D8%A8%D8%A7%D8%AD%D8%AA%D8%B1%D8%A7%D9%81%D9%8A%D8%A9
إدارة حسابك على تويتر,عمر ك.,8,6,منذ 4 أشهر و16 يوم,تسويق رقمي,التسويق عبر مواقع التواصل,"تويتر, اعلانات, twitter, رتويت, ادارة صفحات",https://khamsat.com/marketing/social-media-management/3109728-%D8%B3%D8%A3%D9%82%D9%88%D9%85-%D8%A8%D8%A5%D8%AF%D8%A7%D8%B1%D8%A9-%D9%88%D8%AA%D8%B3%D9%88%D9%8A%D9%82-%D8%AD%D8%B3%D8%A7%D8%A8%D9%83-%D8%B9%D9%84%D9%89-%D8%AA%D9%88%D9%8A%D8%AA%D8%B1-x
ادارة صفحات السوشيال ميديا,.Yousra M,0,0,Aucun avis,تسويق رقمي,التسويق عبر مواقع التواصل,"منشورات, ادارة صفحات, مواقع التواصل الاجتماعي, سوشيال ميديا",https://khamsat.com/marketing/social-media-management/3176641-%D8%A7%D8%AF%D8%A7%D8%B1%D8%A9-%D8%B5%D9%81%D8%AD%D8%A7%D8%AA-%D8%A7%D9%84%D8%B3%D9%88%D8%B4%D9%8A%D8%A7%D9%84-%D9%85%D9%8A%D8%AF%D9%8A%D8%A7
إدارة حسابات التواصل الاجتماعي باحتراف,.Oday J,3,3,منذ 9 أشهر و29 يوم,تسويق رقمي,التسويق عبر مواقع التواصل,"تصميم, فيسبوك, صفحات, ادارة, انستغرام",https://khamsat.com/marketing/social-media-management/2135197-%D8%A5%D8%AF%D8%A7%D8%B1%D8%A9-%D8%AD%D8%B3%D8%A7%D8%A8%D8%A7%D8%AA-%D8%A7%D9%84%D8%AA%D9%88%D8%A7%D8%B5%D9%84-%D8%A7%D9%84%D8%A7%D8%AC%D8%AA%D9%85%D8%A7%D8%B9%D9%8A-%D8%A8%D8%A7%D8%AD%D8%AA%D8%B1%D8%A7%D9%81
إدارة إحترافية لصفحة فيسبوك,.Khaled M,14,13,منذ 5 أشهر و18 يوم,تسويق رقمي,التسويق عبر مواقع التواصل,"فيسبوك, التسويق الإلكتروني, انستجرام, ادارة صفحات, سوشال ميديا",https://khamsat.com/marketing/social-media-management/1066071-%D8%A5%D8%AF%D8%A7%D8%B1%D8%A9-%D8%A5%D8%AD%D8%AA%D8%B1%D8%A7%D9%81%D9%8A%D8%A9-%D9%84%D8%B5%D9%81%D8%AD%D8%A9-%D9%81%D9%8A%D8%B3%D8%A8%D9%88%D9%83
إدارة احترافية لصفحات الفيسبوك,رحمه ا.,0,0,Aucun avis,تسويق رقمي,التسويق عبر مواقع التواصل,"تسويق, فيسبوك, مواقع التواصل الاجتماعي, مواقع التواصل, سوشل ميديا",https://khamsat.com/marketing/social-media-management/3123996-%D8%A5%D8%AF%D8%A7%D8%B1%D8%A9-%D8%A7%D8%AD%D8%AA%D8%B1%D8%A7%D9%81%D9%8A%D8%A9-%D9%84%D8%B5%D9%81%D8%AD%D8%A7%D8%AA-%D8%A7%D9%84%D9%81%D9%8A%D8%B3%D8%A8%D9%88%D9%83
الصفحة المطلوبة غير موجودة,Non trouvé,Non trouvé,Non trouvé,Aucun avis,Inconnu,Inconnu,Aucun tag,https://khamsat.com/marketing/social-media-management/2937469-%D8%A5%D8%AF%D8%A7%D8%B1%D8%A9-%D8%AD%D8%B3%D8%A7%D8%A8%D8%A7%D8%AA-%D8%A7%D9%84%D8%AA%D9%88%D8%A7%D8%B5%D9%84-%D8%A7%D9%84%D8%A7%D8%AC%D8%AA%D9%85%D8%A7%D8%B9%D9%8A
ادارة صفحة الفيس بوك انستقرام تويتر,دعاء ص.,3,2,منذ 3 سنوات و7 أشهر,تسويق رقمي,التسويق عبر مواقع التواصل,"تسويق, تويتر, فيسبوك, صفحات, انستقرام",https://khamsat.com/marketing/social-media-management/2124089-%D8%A7%D8%AF%D8%A7%D8%B1%D8%A9-%D8%B5%D9%81%D8%AD%D8%A9-%D8%A7%D9%84%D9%81%D9%8A%D8%B3-%D8%A8%D9%88%D9%83-%D8%A7%D9%86%D8%B3%D8%AA%D9%82%D8%B1%D8%A7%D9%85-%D8%AA%D9%88%D9%8A%D8%AA%D8%B1
ادارة صفحات الفيس بوك ادارة جيدة,.Mohamed S,0,0,Aucun avis,تسويق رقمي,التسويق عبر مواقع التواصل,"فيس, ترويج, تسويق الكتروني, الفيسبوك, ادارة صفحات",https://khamsat.com/marketing/social-media-management/2998243-%D8%A7%D8%AF%D8%A7%D8%B1%D8%A9-%D8%B5%D9%81%D8%AD%D8%A7%D8%AA-%D8%A7%D9%84%D9%81%D9%8A%D8%B3-%D8%A8%D9%88%D9%83-%D8%A7%D8%AF%D8%A7%D8%B1%D8%A9-%D8%AC%D9%8A%D8%AF%D8%A9
إدارة المحتوى والنشر لصفحة شركتك على منصات التواصل,.Ahmed A,0,0,Aucun avis,تسويق رقمي,التسويق عبر مواقع التواصل,"كتابة محتوى, تسويق إلكتروني, تواصل اجتماعي, ادارة صفحات, سوشيال ميديا",https://khamsat.com/marketing/social-media-management/3825557-%D8%A5%D8%AF%D8%A7%D8%B1%D8%A9-%D8%A7%D9%84%D9%85%D8%AD%D8%AA%D9%88%D9%89-%D9%88%D8%A7%D9%84%D9%86%D8%B4%D8%B1-%D9%84%D8%B5%D9%81%D8%AD%D8%A9-%D8%B4%D8%B1%D9%83%D8%AA%D9%83-%D8%B9%D9%84%D9%89-%D9%85%D9%86%D8%B5%D8%A7%D8%AA-%D8%A7%D9%84%D8%AA%D9%88%D8%A7%D8%B5%D9%84
إدارة حسابات السوشيال ميديا و الرد على العملاء,.Lamiaa A,0,0,Aucun avis,تسويق رقمي,التسويق عبر مواقع التواصل,"تسويق, صور, حسابات, إلكتروني, ادارة, تواصل اجتماعي, ميديا, ادارة صفحات, السوشيال, تسويق رقمي",https://khamsat.com/marketing/social-media-management/2708114-%D8%A5%D8%AF%D8%A7%D8%B1%D8%A9-%D8%AD%D8%B3%D8%A7%D8%A8%D8%A7%D8%AA-%D8%A7%D9%84%D8%B3%D9%88%D8%B4%D9%8A%D8%A7%D9%84-%D9%85%D9%8A%D8%AF%D9%8A%D8%A7-%D9%88-%D8%A7%D9%84%D8%B1%D8%AF-%D8%B9%D9%84%D9%89-%D8%A7%D9%84%D8%B9%D9%85%D9%84%D8%A7%D8%A1
ادمن نشيط لصفحات الفيس بوك,مصطفي ا.,53,33,منذ شهرين و18 يوم,تسويق رقمي,التسويق عبر مواقع التواصل,"تصميم, تسويق الكتروني, facebook, منشورات, ادمن",https://khamsat.com/marketing/social-media-management/384256-%D8%A7%D8%AF%D9%85%D9%86-%D9%86%D8%B4%D9%8A%D8%B7-%D9%84%D8%B5%D9%81%D8%AD%D8%A7%D8%AA-%D8%A7%D9%84%D9%81%D9%8A%D8%B3-%D8%A8%D9%88%D9%83
إدارة حسابات التواصل الاجتماعي,Non trouvé,Non trouvé,Non trouvé,Aucun avis,تسويق رقمي,التسويق عبر مواقع التواصل,Aucun tag,https://khamsat.com/marketing/social-media-management/2769912-%D8%A7%D8%AF%D8%B1%D8%A7%D8%A9-%D8%B5%D9%81%D8%AD%D8%AA%D9%83-%D8%B9%D9%84%D9%8A-%D9%81%D9%8A%D8%B3%D8%A8%D9%88%D9%83-%D9%88%D8%A7%D9%86%D8%B3%D8%AA%D8%AC%D8%B1%D8%A7%D9%85-%D8%A8%D9%83%D9%84-%D8%A7%D8%AD%D8%AA%D8%B1%D8%A7%D9%81%D9%8A%D8%A9-%D9%88%D8%A7%D9%86%D8%AA%D8%A7%D8%AC%D9%8A%D8%A9
ادارة حساب LinkedIn لينكدان باحترافية ..تضمن الوظيفة,.Fathy A,0,0,Aucun avis,تسويق رقمي,التسويق عبر مواقع التواصل,"وظيفة, سيرة ذاتية, linkedin, كتابة السيرة الذاتية, لينكدان",https://khamsat.com/marketing/social-media-management/3352143-%D8%A7%D8%AF%D8%A7%D8%B1%D8%A9-%D8%AD%D8%B3%D8%A7%D8%A8-linkedin-%D9%84%D9%8A%D9%86%D9%83%D8%AF%D8%A7%D9%86-%D8%A8%D8%A7%D8%AD%D8%AA%D8%B1%D8%A7%D9%81%D9%8A%D8%A9-.%D8%AA%D8%B6%D9%85%D9%86-%D8%A7%D9%84%D9%88%D8%B8%D9%8A%D9%81%D8%A9
ادارة و تطوير قنوات يوتيوب,.Maha I,0,0,Aucun avis,تسويق رقمي,التسويق عبر مواقع التواصل,"حسابات, youtube, seo, ميديا, تحسين محركات البحث",https://khamsat.com/marketing/social-media-management/3885203-%D8%A7%D8%AF%D8%A7%D8%B1%D8%A9-%D9%88-%D8%AA%D8%B7%D9%88%D9%8A%D8%B1-%D9%82%D9%86%D9%88%D8%A7%D8%AA-%D9%8A%D9%88%D8%AA%D9%8A%D9%88%D8%A8
إدارة صفحات الفيسبوك باحترافية,.Reham A,1,1,منذ 7 أشهر و11 يوم,تسويق رقمي,التسويق عبر مواقع التواصل,"تسويق, فيسبوك, ادارة صفحات, سوشيال ميديا, خطة محتوى",https://khamsat.com/marketing/social-media-management/3812863-%D8%A5%D8%AF%D8%A7%D8%B1%D8%A9-%D8%B5%D9%81%D8%AD%D8%A7%D8%AA-%D8%A7%D9%84%D9%81%D9%8A%D8%B3%D8%A8%D9%88%D9%83-%D8%A8%D8%A7%D8%AD%D8%AA%D8%B1%D8%A7%D9%81%D9%8A%D8%A9
إدارة صفحتك على الإنستجرام,.Sara M,31,24,منذ 4 أيام و11 ساعة,تسويق رقمي,التسويق عبر مواقع التواصل,"تصميم, صفحات, الاجتماعي, ادارة, انستجرام",https://khamsat.com/marketing/social-media-management/2359820-%D8%A5%D8%AF%D8%A7%D8%B1%D8%A9-%D8%B5%D9%81%D8%AD%D8%AA%D9%83-%D8%B9%D9%84%D9%89-%D8%A7%D9%84%D8%A5%D9%86%D8%B3%D8%AA%D8%AC%D8%B1%D8%A7%D9%85
اداره صفحات و حسابات السوشيال ميديا,.Omnia K,2,3,منذ 8 أشهر و22 يوم,تسويق رقمي,التسويق عبر مواقع التواصل,"تصميم, موقع, إدارة, ادارة صفحات, سوشيال",https://khamsat.com/marketing/social-media-management/3425361-%D8%A7%D8%AF%D8%A7%D8%B1%D9%87-%D8%B5%D9%81%D8%AD%D8%A7%D8%AA-%D9%88-%D8%AD%D8%B3%D8%A7%D8%A8%D8%A7%D8%AA-%D8%A7%D9%84%D8%B3%D9%88%D8%B4%D9%8A%D8%A7%D9%84-%D9%85%D9%8A%D8%AF%D9%8A%D8%A7
إدارة مواقع التواصل الاجتماعي,هناء ح.,2,2,منذ 4 سنوات و8 أشهر,تسويق رقمي,التسويق عبر مواقع التواصل,صفحات ادارة رد رسائل عمل,https://khamsat.com/marketing/social-media-management/1863903-%D8%A5%D8%AF%D8%A7%D8%B1%D8%A9-%D9%85%D9%88%D8%A7%D9%82%D8%B9-%D8%A7%D9%84%D8%AA%D9%88%D8%A7%D8%B5%D9%84-%D8%A7%D9%84%D8%A7%D8%AC%D8%AA%D9%85%D8%A7%D8%B9%D9%8A
إدارة مجموعات وصفحات الفيسبوك بإحترافية,الحاج ي.,0,0,Aucun avis,تسويق رقمي,التسويق عبر مواقع التواصل,"فيسبوك, إدارة, الفيسبوك, جروبات, ادمن",https://khamsat.com/marketing/social-media-management/3604102-%D8%A5%D8%AF%D8%A7%D8%B1%D8%A9-%D9%85%D8%AC%D9%85%D9%88%D8%B9%D8%A7%D8%AA-%D9%88%D8%B5%D9%81%D8%AD%D8%A7%D8%AA-%D8%A7%D9%84%D9%81%D9%8A%D8%B3%D8%A8%D9%88%D9%83-%D8%A8%D8%A5%D8%AD%D8%AA%D8%B1%D8%A7%D9%81%D9%8A%D8%A9
إدارة مواقع التواصل الاجتماعي,.Madonna E,1,1,منذ 3 سنوات وشهر,تسويق رقمي,التسويق عبر مواقع التواصل,"فيسبوك, حسابات, إدارة, عبر, social, التسويق, التواصل, الاجتماعي, وسائل, سوشيال",https://khamsat.com/marketing/social-media-management/2541737-%D8%A5%D8%AF%D8%A7%D8%B1%D8%A9-%D9%85%D9%88%D8%A7%D9%82%D8%B9-%D8%A7%D9%84%D8%AA%D9%88%D8%A7%D8%B5%D9%84-%D8%A7%D9%84%D8%A7%D8%AC%D8%AA%D9%85%D8%A7%D8%B9%D9%8A
إدارة محترفة لصفحاتك على منصات السوشيال ميديا,بسملة م.,1,0,Aucun avis,تسويق رقمي,التسويق عبر مواقع التواصل,"صفحات, انستقرام, سوشيال ميديا",https://khamsat.com/marketing/social-media-management/3134962-%D8%A5%D8%AF%D8%A7%D8%B1%D8%A9-%D9%85%D8%AD%D8%AA%D8%B1%D9%81%D8%A9-%D9%84%D8%B5%D9%81%D8%AD%D8%A7%D8%AA%D9%83-%D8%B9%D9%84%D9%89-%D9%85%D9%86%D8%B5%D8%A7%D8%AA-%D8%A7%D9%84%D8%B3%D9%88%D8%B4%D9%8A%D8%A7%D9%84-%D9%85%D9%8A%D8%AF%D9%8A%D8%A7
إدارة احترافية لصفحة فيسبوك,.Sarrah E,0,0,Aucun avis,تسويق رقمي,التسويق عبر مواقع التواصل,"التسويق, الفيسبوك, التسويق الالكتروني, التسويق بالمحتوى",https://khamsat.com/marketing/social-media-management/3130716-%D8%A5%D8%AF%D8%A7%D8%B1%D8%A9-%D8%A7%D8%AD%D8%AA%D8%B1%D8%A7%D9%81%D9%8A%D8%A9-%D9%84%D8%B5%D9%81%D8%AD%D8%A9-%D9%81%D9%8A%D8%B3%D8%A8%D9%88%D9%83
ادارة صفحات السوشيال ميديا,.Hesham E,0,0,Aucun avis,تسويق رقمي,التسويق عبر مواقع التواصل,"فيسبوك, رسائل, social, ادارة, سوشيال ميديا",https://khamsat.com/marketing/social-media-management/3018206-%D8%A7%D8%AF%D8%A7%D8%B1%D8%A9-%D8%B5%D9%81%D8%AD%D8%A7%D8%AA-%D8%A7%D9%84%D8%B3%D9%88%D8%B4%D9%8A%D8%A7%D9%84-%D9%85%D9%8A%D8%AF%D9%8A%D8%A7
إدارة صفحة انستغرام باحتراف,ماريه م.,1,1,منذ 29 يوم و18 ساعة,تسويق رقمي,التسويق عبر مواقع التواصل,"حساب, صفحة, إدارة, انستقرام, سوشيال",https://khamsat.com/marketing/social-media-management/3878932-%D8%A5%D8%AF%D8%A7%D8%B1%D8%A9-%D8%B5%D9%81%D8%AD%D8%A9-%D8%A7%D9%86%D8%B3%D8%AA%D8%BA%D8%B1%D8%A7%D9%85-%D8%A8%D8%A7%D8%AD%D8%AA%D8%B1%D8%A7%D9%81
إدارة حساب تويتر X  مختص في الحسابات الكروية,.Karim M,0,0,Aucun avis,تسويق رقمي,التسويق عبر مواقع التواصل,"تويتر, كتابة, حسابات, تغريدات, متابعين",https://khamsat.com/marketing/social-media-management/3800719-%D8%A5%D8%AF%D8%A7%D8%B1%D8%A9-%D8%AD%D8%B3%D8%A7%D8%A8-%D8%AA%D9%88%D9%8A%D8%AA%D8%B1-x-%D9%85%D8%AE%D8%AA%D8%B5-%D9%81%D9%8A-%D8%A7%D9%84%D8%AD%D8%B3%D8%A7%D8%A8%D8%A7%D8%AA-%D8%A7%D9%84%D9%83%D8%B1%D9%88%D9%8A%D8%A9
كتابة فيديو اسكربيت تسويقي على منصة فيس بوك أوانستغرام,.Sarrah E,0,0,Aucun avis,تسويق رقمي,التسويق عبر مواقع التواصل,"فيديو, كتابة, محتوى, سكربت, تسويقية",https://khamsat.com/marketing/social-media-management/3118555-%D9%83%D8%AA%D8%A7%D8%A8%D8%A9-%D9%81%D9%8A%D8%AF%D9%8A%D9%88-%D8%A7%D8%B3%D9%83%D8%B1%D8%A8%D9%8A%D8%AA-%D8%AA%D8%B3%D9%88%D9%8A%D9%82%D9%8A-%D8%B9%D9%84%D9%89-%D9%85%D9%86%D8%B5%D8%A9-%D9%81%D9%8A%D8%B3-%D8%A8%D9%88%D9%83-%D8%A3%D9%88%D8%A7%D9%86%D8%B3%D8%AA%D8%BA%D8%B1%D8%A7%D9%85
ادارة  حساباتك التواصل بشكل احترافي,إيمان ه.,1,1,منذ 9 أشهر و26 يوم,تسويق رقمي,التسويق عبر مواقع التواصل,"فيسبوك, الصفحات, ادارة صفحات, سوشيال ميديا, تسويق رقمي",https://khamsat.com/marketing/social-media-management/3711752-%D8%A7%D8%AF%D8%A7%D8%B1%D8%A9-%D8%AD%D8%B3%D8%A7%D8%A8%D8%A7%D8%AA%D9%83-%D8%A7%D9%84%D8%AA%D9%88%D8%A7%D8%B5%D9%84-%D8%A8%D8%B4%D9%83%D9%84-%D8%A7%D8%AD%D8%AA%D8%B1%D8%A7%D9%81%D9%8A
أداره وأدمن صفحات الفيس بوك,.Aya E,0,0,Aucun avis,تسويق رقمي,التسويق عبر مواقع التواصل,"تصميم, اعلان, فيسبوك, تسويق الكتروني, ادارة",https://khamsat.com/marketing/social-media-management/3859823-%D8%A3%D8%AF%D8%A7%D8%B1%D9%87-%D9%88%D8%A3%D8%AF%D9%85%D9%86-%D8%B5%D9%81%D8%AD%D8%A7%D8%AA-%D8%A7%D9%84%D9%81%D9%8A%D8%B3-%D8%A8%D9%88%D9%83
إدارة الصفحات بشكل إبداعي واحترافي,.Mohammed M,0,0,Aucun avis,تسويق رقمي,التسويق عبر مواقع التواصل,"تسويق, مواقع, تسويق الكتروني, احترافي, ادارة صفحات",https://khamsat.com/marketing/social-media-management/3896965-%D8%A5%D8%AF%D8%A7%D8%B1%D8%A9-%D8%A7%D9%84%D8%B5%D9%81%D8%AD%D8%A7%D8%AA-%D8%A8%D8%B4%D9%83%D9%84-%D8%A5%D8%A8%D8%AF%D8%A7%D8%B9%D9%8A-%D9%88%D8%A7%D8%AD%D8%AA%D8%B1%D8%A7%D9%81%D9%8A
أداره وأدمن صفحات الفيس بوك,.Aya E,0,0,Aucun avis,تسويق رقمي,التسويق عبر مواقع التواصل,"تصميم, اعلان, فيسبوك, تسويق الكتروني, ادارة",https://khamsat.com/marketing/social-media-management/3859823-%D8%A3%D8%AF%D8%A7%D8%B1%D9%87-%D9%88%D8%A3%D8%AF%D9%85%D9%86-%D8%B5%D9%81%D8%AD%D8%A7%D8%AA-%D8%A7%D9%84%D9%81%D9%8A%D8%B3-%D8%A8%D9%88%D9%83
إدارة الصفحات بشكل إبداعي واحترافي,.Mohammed M,0,0,Aucun avis,تسويق رقمي,التسويق عبر مواقع التواصل,"تسويق, مواقع, تسويق الكتروني, احترافي, ادارة صفحات",https://khamsat.com/marketing/social-media-management/3896965-%D8%A5%D8%AF%D8%A7%D8%B1%D8%A9-%D8%A7%D9%84%D8%B5%D9%81%D8%AD%D8%A7%D8%AA-%D8%A8%D8%B4%D9%83%D9%84-%D8%A5%D8%A8%D8%AF%D8%A7%D8%B9%D9%8A-%D9%88%D8%A7%D8%AD%D8%AA%D8%B1%D8%A7%D9%81%D9%8A
ادارة صفحتك على الفيس بوك والرد على الرسائل,.Mayada T,0,0,Aucun avis,تسويق رقمي,التسويق عبر مواقع التواصل,"facebook, صفحة, نشر, ادارة, انستجرام",https://khamsat.com/marketing/social-media-management/3866153-%D8%A7%D8%AF%D8%A7%D8%B1%D8%A9-%D8%B5%D9%81%D8%AD%D8%AA%D9%83-%D8%B9%D9%84%D9%89-%D8%A7%D9%84%D9%81%D9%8A%D8%B3-%D8%A8%D9%88%D9%83-%D9%88%D8%A7%D9%84%D8%B1%D8%AF-%D8%B9%D9%84%D9%89-%D8%A7%D9%84%D8%B1%D8%B3%D8%A7%D8%A6%D9%84
مسئول ادارة حسابات التواصل الاجتماعي,مرام ع.,0,0,Aucun avis,تسويق رقمي,التسويق عبر مواقع التواصل,"فيسبوك, حسابات, انستقرام, ادارة صفحات, سوشيال ميديا",https://khamsat.com/marketing/social-media-management/3816360-%D9%85%D8%B3%D8%A6%D9%88%D9%84-%D8%A7%D8%AF%D8%A7%D8%B1%D8%A9-%D8%AD%D8%B3%D8%A7%D8%A8%D8%A7%D8%AA-%D8%A7%D9%84%D8%AA%D9%88%D8%A7%D8%B5%D9%84-%D8%A7%D9%84%D8%A7%D8%AC%D8%AA%D9%85%D8%A7%D8%B9%D9%8A
ادارة حسابات السوشيال ميديا بشكل احترافى,روان س.,0,0,Aucun avis,تسويق رقمي,التسويق عبر مواقع التواصل,"خطة تسويقية, تصميم بوستات, كتابة المحتوى, خطة سوشيال ميديا, ادارة حسابات سوشيال ميديا",https://khamsat.com/marketing/social-media-management/3917775-%D8%A7%D8%AF%D8%A7%D8%B1%D8%A9-%D8%AD%D8%B3%D8%A7%D8%A8%D8%A7%D8%AA-%D8%A7%D9%84%D8%B3%D9%88%D8%B4%D9%8A%D8%A7%D9%84-%D9%85%D9%8A%D8%AF%D9%8A%D8%A7-%D8%A8%D8%B4%D9%83%D9%84-%D8%A7%D8%AD%D8%AA%D8%B1%D8%A7%D9%81%D9%89
إدارة احترافية لحسابات التواصل لتحقيق أقصى تفاعل,محمود خ.,0,0,Aucun avis,تسويق رقمي,التسويق عبر مواقع التواصل,"تصميم محتوى جذاب, إدارة احترافية للسوشيال ميديا, زيادة تفاعل الجمهور, تحسين الوصول الرقمي, إدارة منصات التواصل",https://khamsat.com/marketing/social-media-management/3088315-%D8%A5%D8%AF%D8%A7%D8%B1%D8%A9-%D8%A7%D8%AD%D8%AA%D8%B1%D8%A7%D9%81%D9%8A%D8%A9-%D9%84%D8%AD%D8%B3%D8%A7%D8%A8%D8%A7%D8%AA-%D8%A7%D9%84%D8%AA%D9%88%D8%A7%D8%B5%D9%84-%D9%84%D8%AA%D8%AD%D9%82%D9%8A%D9%82-%D8%A3%D9%82%D8%B5%D9%89-%D8%AA%D9%81%D8%A7%D8%B9%D9%84
أدمن نشيط في مواقع السوشيال ميديا,.Menna Allah M,2,2,منذ سنتين و27 يوم,تسويق رقمي,التسويق عبر مواقع التواصل,"أدمن, موديرتور",https://khamsat.com/marketing/social-media-management/2195621-%D8%A3%D8%AF%D9%85%D9%86-%D9%86%D8%B4%D9%8A%D8%B7-%D9%81%D9%8A-%D9%85%D9%88%D8%A7%D9%82%D8%B9-%D8%A7%D9%84%D8%B3%D9%88%D8%B4%D9%8A%D8%A7%D9%84-%D9%85%D9%8A%D8%AF%D9%8A%D8%A7
إدارة مواقعك للتواصل الاجتماعي بكل سرعة ودقة ومهارة,.Fatma B,0,0,Aucun avis,تسويق رقمي,التسويق عبر مواقع التواصل,"مواقع, فيس بوك, ادارة صفحات, الانستجرام, الواتساب",https://khamsat.com/marketing/social-media-management/3876793-%D8%A5%D8%AF%D8%A7%D8%B1%D8%A9-%D9%85%D9%88%D8%A7%D9%82%D8%B9%D9%83-%D9%84%D9%84%D8%AA%D9%88%D8%A7%D8%B5%D9%84-%D8%A7%D9%84%D8%A7%D8%AC%D8%AA%D9%85%D8%A7%D8%B9%D9%8A-%D8%A8%D9%83%D9%84-%D8%B3%D8%B1%D8%B9%D8%A9-%D9%88%D8%AF%D9%82%D8%A9-%D9%88%D9%85%D9%87%D8%A7%D8%B1%D8%A9
إدارة صفحات انستاغرام و فيسبوك,أنور م.,0,0,Aucun avis,تسويق رقمي,التسويق عبر مواقع التواصل,"فيسبوك, إدارة, انستقرام, إدارة صفحات, سوشيال ميديا",https://khamsat.com/marketing/social-media-management/3909024-%D8%A5%D8%AF%D8%A7%D8%B1%D8%A9-%D8%B5%D9%81%D8%AD%D8%A7%D8%AA-%D8%A7%D9%86%D8%B3%D8%AA%D8%A7%D8%BA%D8%B1%D8%A7%D9%85-%D9%88-%D9%81%D9%8A%D8%B3%D8%A8%D9%88%D9%83
إدارة حسابات السوشيال ميديا,.Abdulrhman A,0,0,Aucun avis,تسويق رقمي,التسويق عبر مواقع التواصل,"تسويق, فيسبوك, محتوى, انستجرام, سوشيال ميديا",https://khamsat.com/marketing/social-media-management/3704517-%D8%A5%D8%AF%D8%A7%D8%B1%D8%A9-%D8%AD%D8%B3%D8%A7%D8%A8%D8%A7%D8%AA-%D8%A7%D9%84%D8%B3%D9%88%D8%B4%D9%8A%D8%A7%D9%84-%D9%85%D9%8A%D8%AF%D9%8A%D8%A7
ادارة صفحات سوشل ميديا فيس بوك -انستجرام,دعاء ا.,0,0,Aucun avis,تسويق رقمي,التسويق عبر مواقع التواصل,"فيسبوك, صفحات, ادارة, instagram, سوشيال ميديا",https://khamsat.com/marketing/social-media-management/3759248-%D8%A7%D8%AF%D8%A7%D8%B1%D8%A9-%D8%B5%D9%81%D8%AD%D8%A7%D8%AA-%D8%B3%D9%88%D8%B4%D9%84-%D9%85%D9%8A%D8%AF%D9%8A%D8%A7-%D9%81%D9%8A%D8%B3-%D8%A8%D9%88%D9%83-%D8%A7%D9%86%D8%B3%D8%AA%D8%AC%D8%B1%D8%A7%D9%85
إدارة منصات التواصل الاجتماعي من مكان واحد,.Mohamed F,0,0,Aucun avis,تسويق رقمي,التسويق عبر مواقع التواصل,"إدارة, social media, ادارة صفحات, مواقع التواصل الاجتماعي, سوشيال ميديا",https://khamsat.com/marketing/social-media-management/3924175-%D8%A5%D8%AF%D8%A7%D8%B1%D8%A9-%D9%85%D9%86%D8%B5%D8%A7%D8%AA-%D8%A7%D9%84%D8%AA%D9%88%D8%A7%D8%B5%D9%84-%D8%A7%D9%84%D8%A7%D8%AC%D8%AA%D9%85%D8%A7%D8%B9%D9%8A-%D9%85%D9%86-%D9%85%D9%83%D8%A7%D9%86-%D9%88%D8%A7%D8%AD%D8%AF
ادارة حسابات التواصل الاجتماعى,.Mohamed E,0,0,Aucun avis,تسويق رقمي,التسويق عبر مواقع التواصل,"تسويق, تسويق الكتروني, ادارة صفحات, مواقع التواصل الاجتماعي, سوشيال ميديا",https://khamsat.com/marketing/social-media-management/3895142-%D8%A7%D8%AF%D8%A7%D8%B1%D8%A9-%D8%AD%D8%B3%D8%A7%D8%A8%D8%A7%D8%AA-%D8%A7%D9%84%D8%AA%D9%88%D8%A7%D8%B5%D9%84-%D8%A7%D9%84%D8%A7%D8%AC%D8%AA%D9%85%D8%A7%D8%B9%D9%89
ادارة صفحات فيسبوك بإهتمام عالي,.Tayeb C,0,0,Aucun avis,تسويق رقمي,التسويق عبر مواقع التواصل,"تصميم, فيسبوك, صفحات, ادارة",https://khamsat.com/marketing/social-media-management/3126373-%D8%A7%D8%AF%D8%A7%D8%B1%D8%A9-%D8%B5%D9%81%D8%AD%D8%A7%D8%AA-%D9%81%D9%8A%D8%B3%D8%A8%D9%88%D9%83-%D8%A8%D8%A5%D9%87%D8%AA%D9%85%D8%A7%D9%85-%D8%B9%D8%A7%D9%84%D9%8A
إدارة حسابات التواصل الاجتماعي,Non trouvé,Non trouvé,Non trouvé,Aucun avis,تسويق رقمي,التسويق عبر مواقع التواصل,Aucun tag,https://khamsat.com/marketing/social-media-management/3845845-%D8%A5%D8%AF%D8%A7%D8%B1%D8%A9-%D8%AD%D8%B3%D8%A7%D8%A8-%D8%A7%D9%84%D8%A7%D9%86%D8%B3%D8%AA%D9%82%D8%B1%D8%A7%D9%85-%D8%A8%D8%B4%D9%83%D9%84-%D8%A7%D8%AD%D8%AA%D8%B1%D8%A7%D9%81%D9%8A
إدارة لحسابات السوشيال ميديا,.John W,0,0,Aucun avis,تسويق رقمي,التسويق عبر مواقع التواصل,"تسويق الكتروني, social media, إدارة صفحات, مواقع التواصل الاجتماعي, تسويق رقمي",https://khamsat.com/marketing/social-media-management/3875483-%D8%A5%D8%AF%D8%A7%D8%B1%D8%A9-%D9%84%D8%AD%D8%B3%D8%A7%D8%A8%D8%A7%D8%AA-%D8%A7%D9%84%D8%B3%D9%88%D8%B4%D9%8A%D8%A7%D9%84-%D9%85%D9%8A%D8%AF%D9%8A%D8%A7
إدارة صفحات السوشيال ميديا باحتراف + نشر محتوى وتنظيم الردود,محمد ي.,0,0,Aucun avis,تسويق رقمي,التسويق عبر مواقع التواصل,"كتابة محتوى, تسويق إلكتروني, خطة تسويقية, إدارة صفحات, مواقع التواصل الاجتماعي",https://khamsat.com/marketing/social-media-management/3851896-%D8%A5%D8%AF%D8%A7%D8%B1%D8%A9-%D8%B5%D9%81%D8%AD%D8%A7%D8%AA-%D8%A7%D9%84%D8%B3%D9%88%D8%B4%D9%8A%D8%A7%D9%84-%D9%85%D9%8A%D8%AF%D9%8A%D8%A7-%D8%A8%D8%A7%D8%AD%D8%AA%D8%B1%D8%A7%D9%81-%D9%86%D8%B4%D8%B1-%D9%85%D8%AD%D8%AA%D9%88%D9%89-%D9%88%D8%AA%D9%86%D8%B8%D9%8A%D9%85-%D8%A7%D9%84%D8%B1%D8%AF%D9%88%D8%AF
إدارة منصات التواصل الاجتماعي سوشيال ميديا,.Ahmed F,0,0,Aucun avis,تسويق رقمي,التسويق عبر مواقع التواصل,"كتابة محتوي, إدارة السوشيال ميديا, تصميم سوشيال ميديا, إدارة منصات التواصل الاجتماعي, مدير صفحات سوشيال ميديا",https://khamsat.com/marketing/social-media-management/3894369-%D8%A5%D8%AF%D8%A7%D8%B1%D8%A9-%D9%85%D9%86%D8%B5%D8%A7%D8%AA-%D8%A7%D9%84%D8%AA%D9%88%D8%A7%D8%B5%D9%84-%D8%A7%D9%84%D8%A7%D8%AC%D8%AA%D9%85%D8%A7%D8%B9%D9%8A-%D8%B3%D9%88%D8%B4%D9%8A%D8%A7%D9%84-%D9%85%D9%8A%D8%AF%D9%8A%D8%A7
إدارة صفحات و مواقع التواصل الاجتماعي,مالك ا.,0,0,Aucun avis,تسويق رقمي,التسويق عبر مواقع التواصل,"فيس بوك, ادارة صفحات, مواقع التواصل الاجتماعي, سوشيال ميديا, سوشيل ميديا",https://khamsat.com/marketing/social-media-management/3787844-%D8%A5%D8%AF%D8%A7%D8%B1%D8%A9-%D8%B5%D9%81%D8%AD%D8%A7%D8%AA-%D9%88-%D9%85%D9%88%D8%A7%D9%82%D8%B9-%D8%A7%D9%84%D8%AA%D9%88%D8%A7%D8%B5%D9%84-%D8%A7%D9%84%D8%A7%D8%AC%D8%AA%D9%85%D8%A7%D8%B9%D9%8A
إدارة صفحات فيس بوك بطريقة احترافية,.Nourseen N,0,0,Aucun avis,تسويق رقمي,التسويق عبر مواقع التواصل,"فيس بوك, فيسبوك, صفحات, ادارة, ادارة صفحات",https://khamsat.com/marketing/social-media-management/3887049-%D8%A5%D8%AF%D8%A7%D8%B1%D8%A9-%D8%B5%D9%81%D8%AD%D8%A7%D8%AA-%D9%81%D9%8A%D8%B3-%D8%A8%D9%88%D9%83-%D8%A8%D8%B7%D8%B1%D9%8A%D9%82%D8%A9-%D8%A7%D8%AD%D8%AA%D8%B1%D8%A7%D9%81%D9%8A%D8%A9
إدارة صفحات التواصل الاجتماعي,هايدي ا.,0,0,Aucun avis,تسويق رقمي,التسويق عبر مواقع التواصل,"تسويق, حسابات, إدارة صفحات, مواقع التواصل الاجتماعي, سوشيال ميديا",https://khamsat.com/marketing/social-media-management/3883177-%D8%A5%D8%AF%D8%A7%D8%B1%D8%A9-%D8%B5%D9%81%D8%AD%D8%A7%D8%AA-%D8%A7%D9%84%D8%AA%D9%88%D8%A7%D8%B5%D9%84-%D8%A7%D9%84%D8%A7%D8%AC%D8%AA%D9%85%D8%A7%D8%B9%D9%8A
إطلاق وإدارة إعلانات فيسبوك باحترافية لزيادة مبيعاتك,.Yasmin A,0,0,Aucun avis,تسويق رقمي,التسويق عبر مواقع التواصل,"تسويق الكتروني, الاعلانات, حملات اعلانية, اعلانات ممولة, اعلانات سوشيال ميديا",https://khamsat.com/marketing/social-media-management/3735029-%D8%A5%D8%B7%D9%84%D8%A7%D9%82-%D9%88%D8%A5%D8%AF%D8%A7%D8%B1%D8%A9-%D8%A5%D8%B9%D9%84%D8%A7%D9%86%D8%A7%D8%AA-%D9%81%D9%8A%D8%B3%D8%A8%D9%88%D9%83-%D8%A8%D8%A7%D8%AD%D8%AA%D8%B1%D8%A7%D9%81%D9%8A%D8%A9-%D9%84%D8%B2%D9%8A%D8%A7%D8%AF%D8%A9-%D9%85%D8%A8%D9%8A%D8%B9%D8%A7%D8%AA%D9%83
حملة رسائل بأعلان لعملاء صفحتك التجارية,هيثم س.,0,0,Aucun avis,تسويق رقمي,التسويق عبر مواقع التواصل,"تسويق, فيسبوك, رسائل, ارسال, اعلان فيسبوك, رسائل فيسبوك, حملة رسائل, اعادة مراسلين, رسائل العملاء",https://khamsat.com/marketing/social-media-management/2433518-%D8%AD%D9%85%D9%84%D8%A9-%D8%B1%D8%B3%D8%A7%D8%A6%D9%84-%D8%A8%D8%A3%D8%B9%D9%84%D8%A7%D9%86-%D9%84%D8%B9%D9%85%D9%84%D8%A7%D8%A1-%D8%B5%D9%81%D8%AD%D8%AA%D9%83-%D8%A7%D9%84%D8%AA%D8%AC%D8%A7%D8%B1%D9%8A%D8%A9
إدارة صفحات السوشيال ميديا,روان س.,0,0,Aucun avis,تسويق رقمي,التسويق عبر مواقع التواصل,"فيسبوك, نشر, انستجرام, إدارة صفحات, سوشيال ميديا",https://khamsat.com/marketing/social-media-management/3871745-%D8%A5%D8%AF%D8%A7%D8%B1%D8%A9-%D8%B5%D9%81%D8%AD%D8%A7%D8%AA-%D8%A7%D9%84%D8%B3%D9%88%D8%B4%D9%8A%D8%A7%D9%84-%D9%85%D9%8A%D8%AF%D9%8A%D8%A7
مدير حسابات التواصل الإجتماعي,.Mayar A,0,0,Aucun avis,تسويق رقمي,التسويق عبر مواقع التواصل,"تسويق الكتروني, اعلانات فيسبوك, سوشيال ميديا, صناعة المحتوى, إداراة حسابات التواصل",https://khamsat.com/marketing/social-media-management/3796209-%D9%85%D8%AF%D9%8A%D8%B1-%D8%AD%D8%B3%D8%A7%D8%A8%D8%A7%D8%AA-%D8%A7%D9%84%D8%AA%D9%88%D8%A7%D8%B5%D9%84-%D8%A7%D9%84%D8%A5%D8%AC%D8%AA%D9%85%D8%A7%D8%B9%D9%8A
إدارة صفحات التواصل الاجتماعي,سارة ا.,0,0,Aucun avis,تسويق رقمي,التسويق عبر مواقع التواصل,"فيسبوك, صفحات, مواقع التواصل الاجتماعي, سوشيال ميديا",https://khamsat.com/marketing/social-media-management/3547062-%D8%A5%D8%AF%D8%A7%D8%B1%D8%A9-%D8%B5%D9%81%D8%AD%D8%A7%D8%AA-%D8%A7%D9%84%D8%AA%D9%88%D8%A7%D8%B5%D9%84-%D8%A7%D9%84%D8%A7%D8%AC%D8%AA%D9%85%D8%A7%D8%B9%D9%8A
الصفحة المطلوبة غير موجودة,Non trouvé,Non trouvé,Non trouvé,Aucun avis,Inconnu,Inconnu,Aucun tag,https://khamsat.com/marketing/social-media-management/3844593-%D9%83%D8%AA%D8%A7%D8%A8%D8%A9-%D9%85%D8%AD%D8%AA%D9%88%D9%8A-%D8%AA%D8%B3%D9%88%D9%8A%D9%82%D9%8A-%D8%AA%D9%81%D8%A7%D8%B9%D9%84%D9%8A-%D9%84%D9%85%D9%86%D8%B4%D9%88%D8%B1%D8%A7%D8%AA-%D8%A7%D9%84%D8%B3%D9%88%D8%B4%D9%8A%D8%A7%D9%84-%D9%85%D9%8A%D8%AF%D9%8A%D8%A7
ادارة حساب الانستجرام مهما كان محتواك,.Mohammed E,0,0,Aucun avis,تسويق رقمي,التسويق عبر مواقع التواصل,"تسويق, إدارة, تواصل اجتماعي, انستقرام, سوشل ميديا",https://khamsat.com/marketing/social-media-management/3677354-%D8%A7%D8%AF%D8%A7%D8%B1%D8%A9-%D8%AD%D8%B3%D8%A7%D8%A8-%D8%A7%D9%84%D8%A7%D9%86%D8%B3%D8%AA%D8%AC%D8%B1%D8%A7%D9%85-%D9%85%D9%87%D9%85%D8%A7-%D9%83%D8%A7%D9%86-%D9%85%D8%AD%D8%AA%D9%88%D8%A7%D9%83
ادارة محتوي منصات الكتروني,.Amira Y,0,0,Aucun avis,تسويق رقمي,التسويق عبر مواقع التواصل,"تصميم, كتابة, مقالات, كتابة محتوى, سوشال ميديا",https://khamsat.com/marketing/social-media-management/3779588-%D8%A7%D8%AF%D8%A7%D8%B1%D8%A9-%D9%85%D8%AD%D8%AA%D9%88%D9%8A-%D9%85%D9%86%D8%B5%D8%A7%D8%AA-%D8%A7%D9%84%D9%83%D8%AA%D8%B1%D9%88%D9%86%D9%8A
أدمن في صفحات ومجموعات منصات التواصل الاجتماعي,داوود ش.,2,2,منذ 3 سنوات و10 أشهر,تسويق رقمي,التسويق عبر مواقع التواصل,انترنت,https://khamsat.com/marketing/social-media-management/2219249-%D8%A3%D8%AF%D9%85%D9%86-%D9%81%D9%8A-%D8%B5%D9%81%D8%AD%D8%A7%D8%AA-%D9%88%D9%85%D8%AC%D9%85%D9%88%D8%B9%D8%A7%D8%AA-%D9%85%D9%86%D8%B5%D8%A7%D8%AA-%D8%A7%D9%84%D8%AA%D9%88%D8%A7%D8%B5%D9%84-%D8%A7%D9%84%D8%A7%D8%AC%D8%AA%D9%85%D8%A7%D8%B9%D9%8A
ادارة صفحة الفيس بوك او الانستجرام,.Esraa A,0,0,Aucun avis,تسويق رقمي,التسويق عبر مواقع التواصل,"تصميم, تصميم اعلانات, فيس بوك, كتابة, تسويق الكتروني, كتابة محتوى, تصميم فيسبوك, انستقرام, انستجرام, ادارة صفحات",https://khamsat.com/marketing/social-media-management/2759125-%D8%A7%D8%AF%D8%A7%D8%B1%D8%A9-%D8%B5%D9%81%D8%AD%D8%A9-%D8%A7%D9%84%D9%81%D9%8A%D8%B3-%D8%A8%D9%88%D9%83-%D8%A7%D9%88-%D8%A7%D9%84%D8%A7%D9%86%D8%B3%D8%AA%D8%AC%D8%B1%D8%A7%D9%85
ادارة صفحة فيسبوك بإحترافية,.Youstina H,0,0,Aucun avis,تسويق رقمي,التسويق عبر مواقع التواصل,"تسويق, فيسبوك, ادارة صفحات, سوشيال ميديا",https://khamsat.com/marketing/social-media-management/3701372-%D8%A7%D8%AF%D8%A7%D8%B1%D8%A9-%D8%B5%D9%81%D8%AD%D8%A9-%D9%81%D9%8A%D8%B3%D8%A8%D9%88%D9%83-%D8%A8%D8%A5%D8%AD%D8%AA%D8%B1%D8%A7%D9%81%D9%8A%D8%A9
إدارة صفحات على الفيس بوك,.Shahd A,0,0,Aucun avis,تسويق رقمي,التسويق عبر مواقع التواصل,"فيسبوك, إدارة صفحات, إدارة صفحات الفيسبوك",https://khamsat.com/marketing/social-media-management/3263949-%D8%A5%D8%AF%D8%A7%D8%B1%D8%A9-%D8%B5%D9%81%D8%AD%D8%A7%D8%AA-%D8%B9%D9%84%D9%89-%D8%A7%D9%84%D9%81%D9%8A%D8%B3-%D8%A8%D9%88%D9%83
اداره صفحات التواصل الاجتماعي,.Shireen A,0,0,Aucun avis,تسويق رقمي,التسويق عبر مواقع التواصل,"تسويق, فيسبوك, ديكور, الاجتماعي",https://khamsat.com/marketing/social-media-management/1899545-%D8%A7%D8%AF%D8%A7%D8%B1%D9%87-%D8%B5%D9%81%D8%AD%D8%A7%D8%AA-%D8%A7%D9%84%D8%AA%D9%88%D8%A7%D8%B5%D9%84-%D8%A7%D9%84%D8%A7%D8%AC%D8%AA%D9%85%D8%A7%D8%B9%D9%8A
ادارة حسابات علي فيسبوك و لينكدان,.Rawda O,0,0,Aucun avis,تسويق رقمي,التسويق عبر مواقع التواصل,"فيسبوك, منشورات, ادارة صفحات, لينكدان, سوشيال ميديا",https://khamsat.com/marketing/social-media-management/3858896-%D8%A7%D8%AF%D8%A7%D8%B1%D8%A9-%D8%AD%D8%B3%D8%A7%D8%A8%D8%A7%D8%AA-%D8%B9%D9%84%D9%8A-%D9%81%D9%8A%D8%B3%D8%A8%D9%88%D9%83-%D9%88-%D9%84%D9%8A%D9%86%D9%83%D8%AF%D8%A7%D9%86
إدارة حسابات التواصل الاجتماعي,Non trouvé,Non trouvé,Non trouvé,Aucun avis,تسويق رقمي,التسويق عبر مواقع التواصل,Aucun tag,https://khamsat.com/marketing/social-media-management/3321900-%D8%A5%D8%AF%D8%A7%D8%B1%D8%A9-%D8%B5%D9%81%D8%AD%D8%A9-%D8%A7%D9%84%D9%81%D9%8A%D8%B3%D8%A8%D9%88%D9%83-%D9%84%D9%86%D8%B4%D8%A7%D8%B7%D9%83-%D8%A7%D9%84%D8%AA%D8%AC%D8%A7%D8%B1%D9%89
إدارة حسابات التواصل الاجتماعي,Non trouvé,Non trouvé,Non trouvé,Aucun avis,تسويق رقمي,التسويق عبر مواقع التواصل,Aucun tag,https://khamsat.com/marketing/social-media-management/2970169-%D8%A5%D8%AF%D8%A7%D8%B1%D8%A9-%D8%AD%D8%B3%D8%A7%D8%A8%D8%A7%D8%AA-%D9%81%D9%8A%D8%B3%D8%A8%D9%88%D9%83-%D9%88%D8%A5%D9%86%D8%B3%D8%AA%D8%BA%D8%B1%D8%A7%D9%85-%D9%84%D8%AA%D8%AD%D9%82%D9%8A%D9%82-%D8%A7%D9%84%D9%86%D8%AC%D8%A7%D8%AD-%D8%A7%D9%84%D8%B1%D9%82%D9%85%D9%8A
إدارة صفحة فيسبوك والرد على الرسائل والتعليقات باحترافية,هبه ا.,0,0,Aucun avis,تسويق رقمي,التسويق عبر مواقع التواصل,"فيس بوك, فيسبوك, اعلانات فيسبوك, تعليقات, تفاعل",https://khamsat.com/marketing/social-media-management/3170114-%D8%A5%D8%AF%D8%A7%D8%B1%D8%A9-%D8%B5%D9%81%D8%AD%D8%A9-%D9%81%D9%8A%D8%B3%D8%A8%D9%88%D9%83-%D9%88%D8%A7%D9%84%D8%B1%D8%AF-%D8%B9%D9%84%D9%89-%D8%A7%D9%84%D8%B1%D8%B3%D8%A7%D8%A6%D9%84-%D9%88%D8%A7%D9%84%D8%AA%D8%B9%D9%84%D9%8A%D9%82%D8%A7%D8%AA-%D8%A8%D8%A7%D8%AD%D8%AA%D8%B1%D8%A7%D9%81%D9%8A%D8%A9
إدارة حسابات التواصل الاجتماعي (فيس بوك -انستقرام -تيك توك),.Salma R,0,0,Aucun avis,تسويق رقمي,التسويق عبر مواقع التواصل,"نشر, التسويق الالكتروني, ادارة صفحات, مواقع التواصل الاجتماعي, سوشيال ميديا",https://khamsat.com/marketing/social-media-management/3366718-%D8%A5%D8%AF%D8%A7%D8%B1%D8%A9-%D8%AD%D8%B3%D8%A7%D8%A8%D8%A7%D8%AA-%D8%A7%D9%84%D8%AA%D9%88%D8%A7%D8%B5%D9%84-%D8%A7%D9%84%D8%A7%D8%AC%D8%AA%D9%85%D8%A7%D8%B9%D9%8A-%D9%81%D9%8A%D8%B3-%D8%A8%D9%88%D9%83-%D8%A7%D9%86%D8%B3%D8%AA%D9%82%D8%B1%D8%A7%D9%85-%D8%AA%D9%8A%D9%83-%D8%AA%D9%88%D9%83
ادراة صفحاتك علي السوشيال ميديا Facebook - Instagram,.Ahmed N,0,0,Aucun avis,تسويق رقمي,التسويق عبر مواقع التواصل,"خدمة عملاء, ادارة, ادمن, ادارة صفحات, سوشيال ميديا",https://khamsat.com/marketing/social-media-management/2864390-%D8%A7%D8%AF%D8%B1%D8%A7%D8%A9-%D8%B5%D9%81%D8%AD%D8%A7%D8%AA%D9%83-%D8%B9%D9%84%D9%8A-%D8%A7%D9%84%D8%B3%D9%88%D8%B4%D9%8A%D8%A7%D9%84-%D9%85%D9%8A%D8%AF%D9%8A%D8%A7-facebook-instagram
إدارة احترافية لصفحات التواصل الاجتماعي لزيادة التفاعل,.Skander B,1,1,منذ سنة و7 أشهر,تسويق رقمي,التسويق عبر مواقع التواصل,"فيسبوك, تسويق الكتروني, التسويق, ادارة صفحات, مواقع التواصل الاجتماعي",https://khamsat.com/marketing/social-media-management/3088135-%D8%A5%D8%AF%D8%A7%D8%B1%D8%A9-%D8%A7%D8%AD%D8%AA%D8%B1%D8%A7%D9%81%D9%8A%D8%A9-%D9%84%D8%B5%D9%81%D8%AD%D8%A7%D8%AA-%D8%A7%D9%84%D8%AA%D9%88%D8%A7%D8%B5%D9%84-%D8%A7%D9%84%D8%A7%D8%AC%D8%AA%D9%85%D8%A7%D8%B9%D9%8A-%D9%84%D8%B2%D9%8A%D8%A7%D8%AF%D8%A9-%D8%A7%D9%84%D8%AA%D9%81%D8%A7%D8%B9%D9%84
ادارة احترافية لصفحات فيسبوك,.Osama M,0,0,Aucun avis,تسويق رقمي,التسويق عبر مواقع التواصل,"تصميم, فيسبوك, صفحات, ادارة, تصميم بوستات سوشيال ميديا",https://khamsat.com/marketing/social-media-management/3155580-%D8%A7%D8%AF%D8%A7%D8%B1%D8%A9-%D8%A7%D8%AD%D8%AA%D8%B1%D8%A7%D9%81%D9%8A%D8%A9-%D9%84%D8%B5%D9%81%D8%AD%D8%A7%D8%AA-%D9%81%D9%8A%D8%B3%D8%A8%D9%88%D9%83
إدارة احترافية لحساباتك على السوشيال ميديا,.Oussama A,0,0,Aucun avis,تسويق رقمي,التسويق عبر مواقع التواصل,"تسويق, social media, إدارة صفحات, سوشيال ميديا, تصميم بوستات سوشيال ميديا",https://khamsat.com/marketing/social-media-management/3255346-%D8%A5%D8%AF%D8%A7%D8%B1%D8%A9-%D8%A7%D8%AD%D8%AA%D8%B1%D8%A7%D9%81%D9%8A%D8%A9-%D9%84%D8%AD%D8%B3%D8%A7%D8%A8%D8%A7%D8%AA%D9%83-%D8%B9%D9%84%D9%89-%D8%A7%D9%84%D8%B3%D9%88%D8%B4%D9%8A%D8%A7%D9%84-%D9%85%D9%8A%D8%AF%D9%8A%D8%A7
انشاء خطة محتوي اسبوعية - Weekly content calendar,.Marina A,0,0,Aucun avis,تسويق رقمي,التسويق عبر مواقع التواصل,"تصميم, مواقع, calendar, تصميم بوستات, تصميم بوستات سوشيال ميديا",https://khamsat.com/marketing/social-media-management/3789358-%D8%A7%D9%86%D8%B4%D8%A7%D8%A1-%D8%AE%D8%B7%D8%A9-%D9%85%D8%AD%D8%AA%D9%88%D9%8A-%D8%A7%D8%B3%D8%A8%D9%88%D8%B9%D9%8A%D8%A9-weekly-content-calendar
إدارة حساباتك بشكل احترافي,بشرى ا.,0,0,Aucun avis,تسويق رقمي,التسويق عبر مواقع التواصل,"مواقع, حسابات, نشر, النشر, يومية",https://khamsat.com/marketing/social-media-management/3581243-%D8%A5%D8%AF%D8%A7%D8%B1%D8%A9-%D8%AD%D8%B3%D8%A7%D8%A8%D8%A7%D8%AA%D9%83-%D8%A8%D8%B4%D9%83%D9%84-%D8%A7%D8%AD%D8%AA%D8%B1%D8%A7%D9%81%D9%8A
ادارة حسابك على تويتر كاملا,رهام ع.,1,0,Aucun avis,تسويق رقمي,التسويق عبر مواقع التواصل,"تويتر, ميديا, ادارة صفحات, سوشيال",https://khamsat.com/marketing/social-media-management/2573649-%D8%A7%D8%AF%D8%A7%D8%B1%D8%A9-%D8%AD%D8%B3%D8%A7%D8%A8%D9%83-%D8%B9%D9%84%D9%89-%D8%AA%D9%88%D9%8A%D8%AA%D8%B1-%D9%83%D8%A7%D9%85%D9%84%D8%A7
إدارة حسابات التواصل الاجتماعي,Non trouvé,Non trouvé,Non trouvé,Aucun avis,تسويق رقمي,التسويق عبر مواقع التواصل,Aucun tag,https://khamsat.com/marketing/social-media-management/2206533-%D8%B3%D8%A3%D8%B3%D8%A7%D8%B9%D8%AF%D9%83-%D9%81%D9%8A-%D8%AD%D8%B0%D9%81-%D8%A7%D9%84%D8%A8%D9%88%D8%B3%D8%AA%D8%A7%D8%AA-%D8%A7%D9%84%D9%82%D8%AF%D9%8A%D9%85-%D9%85%D9%86-%D8%AD%D8%B3%D8%A7%D8%A8%D9%83-%D9%81%D9%8A-%D8%A3%D9%86%D8%B3%D8%AA%D9%82%D8%B1%D8%A7%D9%85
إدارة احترافية لصفحات التواصل الاجتماعي تفاعل ونشر مستمر,احمد ع.,0,0,Aucun avis,تسويق رقمي,التسويق عبر مواقع التواصل,"فيسبوك, تسويق الكتروني, انستغرام, إدارة صفحات, مواقع التواصل الاجتماعي",https://khamsat.com/marketing/social-media-management/3133942-%D8%A5%D8%AF%D8%A7%D8%B1%D8%A9-%D8%A7%D8%AD%D8%AA%D8%B1%D8%A7%D9%81%D9%8A%D8%A9-%D9%84%D8%B5%D9%81%D8%AD%D8%A7%D8%AA-%D8%A7%D9%84%D8%AA%D9%88%D8%A7%D8%B5%D9%84-%D8%A7%D9%84%D8%A7%D8%AC%D8%AA%D9%85%D8%A7%D8%B9%D9%8A-%D8%AA%D9%81%D8%A7%D8%B9%D9%84-%D9%88%D9%86%D8%B4%D8%B1-%D9%85%D8%B3%D8%AA%D9%85%D8%B1
إدارة سوشيال ميديا باحترافية تفاعل أكبرحضور أقوى نتائج مضمونة,إسراء م.,1,1,منذ 3 أشهر و7 أيام,تسويق رقمي,التسويق عبر مواقع التواصل,"تويتر, فيسبوك, ادارة, انستغرام, سوشيال",https://khamsat.com/marketing/social-media-management/3138360-%D8%A5%D8%AF%D8%A7%D8%B1%D8%A9-%D8%B3%D9%88%D8%B4%D9%8A%D8%A7%D9%84-%D9%85%D9%8A%D8%AF%D9%8A%D8%A7-%D8%A8%D8%A7%D8%AD%D8%AA%D8%B1%D8%A7%D9%81%D9%8A%D8%A9-%D8%AA%D9%81%D8%A7%D8%B9%D9%84-%D8%A3%D9%83%D8%A8%D8%B1%D8%AD%D8%B6%D9%88%D8%B1-%D8%A3%D9%82%D9%88%D9%89-%D9%86%D8%AA%D8%A7%D8%A6%D8%AC-%D9%85%D8%B6%D9%85%D9%88%D9%86%D8%A9
إدارة صفحتك على وسائل التواصل كما يجب أن يكون,.Ahmed A,0,0,Aucun avis,تسويق رقمي,التسويق عبر مواقع التواصل,"فيسبوك, انستقرام, social media, بوستات, ادارة صفحات, إدارة صفحات, سوشيال ميديا, تصميم سوشيال ميديا, إعلانات سوشيال ميديا, تيكتوك",https://khamsat.com/marketing/social-media-management/2842112-%D8%A5%D8%AF%D8%A7%D8%B1%D8%A9-%D8%B5%D9%81%D8%AD%D8%AA%D9%83-%D8%B9%D9%84%D9%89-%D9%88%D8%B3%D8%A7%D8%A6%D9%84-%D8%A7%D9%84%D8%AA%D9%88%D8%A7%D8%B5%D9%84-%D9%83%D9%85%D8%A7-%D9%8A%D8%AC%D8%A8-%D8%A3%D9%86-%D9%8A%D9%83%D9%88%D9%86
إدارة حسابات إنستغرام باحترافٍ وتميّز,بوبكر ص.,1,1,منذ شهرين و17 يوم,تسويق رقمي,التسويق عبر مواقع التواصل,"ادارة, instagram, انستقرام, ادارة صفحات, سوشيال ميديا",https://khamsat.com/marketing/social-media-management/3820707-%D8%A5%D8%AF%D8%A7%D8%B1%D8%A9-%D8%AD%D8%B3%D8%A7%D8%A8%D8%A7%D8%AA-%D8%A5%D9%86%D8%B3%D8%AA%D8%BA%D8%B1%D8%A7%D9%85-%D8%A8%D8%A7%D8%AD%D8%AA%D8%B1%D8%A7%D9%81-%D9%88%D8%AA%D9%85%D9%8A%D8%B2
إدارة حسابات منصات التواصل الإجتماعي بدقة ومهارة,.Ayman S,1,0,Aucun avis,تسويق رقمي,التسويق عبر مواقع التواصل,"فيسبوك, تسويق الكتروني, ادارة صفحات, الإجتماعي, سوشل ميديا",https://khamsat.com/marketing/social-media-management/3030413-%D8%A5%D8%AF%D8%A7%D8%B1%D8%A9-%D8%AD%D8%B3%D8%A7%D8%A8%D8%A7%D8%AA-%D9%85%D9%86%D8%B5%D8%A7%D8%AA-%D8%A7%D9%84%D8%AA%D9%88%D8%A7%D8%B5%D9%84-%D8%A7%D9%84%D8%A5%D8%AC%D8%AA%D9%85%D8%A7%D8%B9%D9%8A-%D8%A8%D8%AF%D9%82%D8%A9-%D9%88%D9%85%D9%87%D8%A7%D8%B1%D8%A9
إدراة حسابات التواصل الاجتماعي,أسد ع.,0,0,Aucun avis,تسويق رقمي,التسويق عبر مواقع التواصل,"مواقع, فيسبوك, انستقرام, ادارة صفحات, مواقع التواصل الاجتماعي",https://khamsat.com/marketing/social-media-management/3928509-%D8%A5%D8%AF%D8%B1%D8%A7%D8%A9-%D8%AD%D8%B3%D8%A7%D8%A8%D8%A7%D8%AA-%D8%A7%D9%84%D8%AA%D9%88%D8%A7%D8%B5%D9%84-%D8%A7%D9%84%D8%A7%D8%AC%D8%AA%D9%85%D8%A7%D8%B9%D9%8A
إعداد تحليل احترافي لمواقع التواصل الإجتماعي,ريم ح.,0,0,Aucun avis,تسويق رقمي,التسويق عبر مواقع التواصل,"تسويق, تحليل, محتوى, مؤشرات, سوشيل ميديا",https://khamsat.com/marketing/social-media-management/3907227-%D8%A5%D8%B9%D8%AF%D8%A7%D8%AF-%D8%AA%D8%AD%D9%84%D9%8A%D9%84-%D8%A7%D8%AD%D8%AA%D8%B1%D8%A7%D9%81%D9%8A-%D9%84%D9%85%D9%88%D8%A7%D9%82%D8%B9-%D8%A7%D9%84%D8%AA%D9%88%D8%A7%D8%B5%D9%84-%D8%A7%D9%84%D8%A5%D8%AC%D8%AA%D9%85%D8%A7%D8%B9%D9%8A
إدارة حسابك أو صفحتك على الفيسبوك,سيدي محمد ا.,0,0,Aucun avis,تسويق رقمي,التسويق عبر مواقع التواصل,"فيسبوك, صفحات, إدارة, التواصل, الاجتماعي",https://khamsat.com/marketing/social-media-management/3814685-%D8%A5%D8%AF%D8%A7%D8%B1%D8%A9-%D8%AD%D8%B3%D8%A7%D8%A8%D9%83-%D8%A3%D9%88-%D8%B5%D9%81%D8%AD%D8%AA%D9%83-%D8%B9%D9%84%D9%89-%D8%A7%D9%84%D9%81%D9%8A%D8%B3%D8%A8%D9%88%D9%83
إدارة استراتيجية لحسابات السوشيال ميديا لزيادة المبيعات,حمزة ا.,2,1,منذ 4 أشهر و3 أيام,تسويق رقمي,التسويق عبر مواقع التواصل,"تسويق, خطة, social media, ادارة صفحات, مواقع التواصل الاجتماعي",https://khamsat.com/marketing/social-media-management/3780276-%D8%A5%D8%AF%D8%A7%D8%B1%D8%A9-%D8%A7%D8%B3%D8%AA%D8%B1%D8%A7%D8%AA%D9%8A%D8%AC%D9%8A%D8%A9-%D9%84%D8%AD%D8%B3%D8%A7%D8%A8%D8%A7%D8%AA-%D8%A7%D9%84%D8%B3%D9%88%D8%B4%D9%8A%D8%A7%D9%84-%D9%85%D9%8A%D8%AF%D9%8A%D8%A7-%D9%84%D8%B2%D9%8A%D8%A7%D8%AF%D8%A9-%D8%A7%D9%84%D9%85%D8%A8%D9%8A%D8%B9%D8%A7%D8%AA
إدارة صفحاتك علي وسائل التواصل الاجتماعي  إدارة شاملة,.Mohamed N,0,0,Aucun avis,تسويق رقمي,التسويق عبر مواقع التواصل,"فيسبوك, انستجرام, إدارة صفحات, سناب شات, تيك توك",https://khamsat.com/marketing/social-media-management/3800883-%D8%A5%D8%AF%D8%A7%D8%B1%D8%A9-%D8%B5%D9%81%D8%AD%D8%A7%D8%AA%D9%83-%D8%B9%D9%84%D9%8A-%D9%88%D8%B3%D8%A7%D8%A6%D9%84-%D8%A7%D9%84%D8%AA%D9%88%D8%A7%D8%B5%D9%84-%D8%A7%D9%84%D8%A7%D8%AC%D8%AA%D9%85%D8%A7%D8%B9%D9%8A-%D8%A5%D8%AF%D8%A7%D8%B1%D8%A9-%D8%B4%D8%A7%D9%85%D9%84%D8%A9
سأصمم وأدير محتوى احترافي لحسابك على إنستغرام بأسلوب راق,ربا ا.,0,0,Aucun avis,تسويق رقمي,التسويق عبر مواقع التواصل,"تسويق, إنستغرام, تسويق رقمي, تصميم بوستات, إدارة حسابات",https://khamsat.com/marketing/social-media-management/3887892-%D8%B3%D8%A3%D8%B5%D9%85%D9%85-%D9%88%D8%A3%D8%AF%D9%8A%D8%B1-%D9%85%D8%AD%D8%AA%D9%88%D9%89-%D8%A7%D8%AD%D8%AA%D8%B1%D8%A7%D9%81%D9%8A-%D9%84%D8%AD%D8%B3%D8%A7%D8%A8%D9%83-%D8%B9%D9%84%D9%89-%D8%A5%D9%86%D8%B3%D8%AA%D8%BA%D8%B1%D8%A7%D9%85-%D8%A8%D8%A3%D8%B3%D9%84%D9%88%D8%A8-%D8%B1%D8%A7%D9%82
تسويق واداره صفحات لجميع المنصات,اسلام ا.,0,0,Aucun avis,تسويق رقمي,التسويق عبر مواقع التواصل,"تسويق الكتروني, فايسبوك, انستغرام, سوشيال ميديا, ادارة صفحات سوشيال ميديا",https://khamsat.com/marketing/social-media-management/3890338-%D8%AA%D8%B3%D9%88%D9%8A%D9%82-%D9%88%D8%A7%D8%AF%D8%A7%D8%B1%D9%87-%D8%B5%D9%81%D8%AD%D8%A7%D8%AA-%D9%84%D8%AC%D9%85%D9%8A%D8%B9-%D8%A7%D9%84%D9%85%D9%86%D8%B5%D8%A7%D8%AA
إدارة احترافية لحسابات التواصل الاجتماعي لعلامتك التجارية,عبدالرحمن ع.,0,0,Aucun avis,تسويق رقمي,التسويق عبر مواقع التواصل,"تسويق الكتروني, ادارة صفحات, مواقع التواصل الاجتماعي, سوشيال ميديا, خطة محتوى",https://khamsat.com/marketing/social-media-management/3844054-%D8%A5%D8%AF%D8%A7%D8%B1%D8%A9-%D8%A7%D8%AD%D8%AA%D8%B1%D8%A7%D9%81%D9%8A%D8%A9-%D9%84%D8%AD%D8%B3%D8%A7%D8%A8%D8%A7%D8%AA-%D8%A7%D9%84%D8%AA%D9%88%D8%A7%D8%B5%D9%84-%D8%A7%D9%84%D8%A7%D8%AC%D8%AA%D9%85%D8%A7%D8%B9%D9%8A-%D9%84%D8%B9%D9%84%D8%A7%D9%85%D8%AA%D9%83-%D8%A7%D9%84%D8%AA%D8%AC%D8%A7%D8%B1%D9%8A%D8%A9
كتابة نبذة احترافية BIO لحسابات التواصل الاجتماعي,.Taha Y,0,0,Aucun avis,كتابة وترجمة,أخرى,"فايسبوك, لينكدان, سوشيال ميديا, انستا, تيكتوك",https://khamsat.com/marketing/social-media-management/3883133-%D9%83%D8%AA%D8%A7%D8%A8%D8%A9-%D9%86%D8%A8%D8%B0%D8%A9-%D8%A7%D8%AD%D8%AA%D8%B1%D8%A7%D9%81%D9%8A%D8%A9-bio-%D9%84%D8%AD%D8%B3%D8%A7%D8%A8%D8%A7%D8%AA-%D8%A7%D9%84%D8%AA%D9%88%D8%A7%D8%B5%D9%84-%D8%A7%D9%84%D8%A7%D8%AC%D8%AA%D9%85%D8%A7%D8%B9%D9%8A
إدارة محتوى وسائل التواصل الاجتماعي وزيادة التفاعل,.Mohamed O,0,0,Aucun avis,تسويق رقمي,التسويق عبر مواقع التواصل,"تصميم, تطوير, مواقع, لوجو, مقالات",https://khamsat.com/marketing/social-media-management/3806652-%D8%A5%D8%AF%D8%A7%D8%B1%D8%A9-%D9%85%D8%AD%D8%AA%D9%88%D9%89-%D9%88%D8%B3%D8%A7%D8%A6%D9%84-%D8%A7%D9%84%D8%AA%D9%88%D8%A7%D8%B5%D9%84-%D8%A7%D9%84%D8%A7%D8%AC%D8%AA%D9%85%D8%A7%D8%B9%D9%8A-%D9%88%D8%B2%D9%8A%D8%A7%D8%AF%D8%A9-%D8%A7%D9%84%D8%AA%D9%81%D8%A7%D8%B9%D9%84
إدارة احترافية لقناتك على يوتيوب,محمد ش.,0,0,Aucun avis,تسويق رقمي,التسويق عبر مواقع التواصل,"اليوتيوب, اعلانات اليوتيوب, إدارة قناة اليوتيوب, سيو اليوتبوب, محتوى اليوتيوب",https://khamsat.com/marketing/social-media-management/3373991-%D8%A5%D8%AF%D8%A7%D8%B1%D8%A9-%D8%A7%D8%AD%D8%AA%D8%B1%D8%A7%D9%81%D9%8A%D8%A9-%D9%84%D9%82%D9%86%D8%A7%D8%AA%D9%83-%D8%B9%D9%84%D9%89-%D9%8A%D9%88%D8%AA%D9%8A%D9%88%D8%A8
حذف منشورات فيسبوك وانستجرام وتويتر,.Moath R,0,0,Aucun avis,تسويق رقمي,التسويق عبر مواقع التواصل,"تويتر, فيسبوك, منشورات, حذف, انستجرام, بوستات, ازالة",https://khamsat.com/marketing/social-media-management/1596276-%D8%AD%D8%B0%D9%81-%D9%85%D9%86%D8%B4%D9%88%D8%B1%D8%A7%D8%AA-%D9%81%D9%8A%D8%B3%D8%A8%D9%88%D9%83-%D9%88%D8%A7%D9%86%D8%B3%D8%AA%D8%AC%D8%B1%D8%A7%D9%85-%D9%88%D8%AA%D9%88%D9%8A%D8%AA%D8%B1
ادارة صفحات التواصل الاجتماعي,محمد ع.,0,0,Aucun avis,تسويق رقمي,التسويق عبر مواقع التواصل,"فيسبوك, منشورات, محتوي, بوستات, سوشيال ميديا",https://khamsat.com/marketing/social-media-management/2738782-%D8%A7%D8%AF%D8%A7%D8%B1%D8%A9-%D8%B5%D9%81%D8%AD%D8%A7%D8%AA-%D8%A7%D9%84%D8%AA%D9%88%D8%A7%D8%B5%D9%84-%D8%A7%D9%84%D8%A7%D8%AC%D8%AA%D9%85%D8%A7%D8%B9%D9%8A
إدارة حسابات التواصل الاجتماعي,Non trouvé,Non trouvé,Non trouvé,Aucun avis,تسويق رقمي,التسويق عبر مواقع التواصل,Aucun tag,https://khamsat.com/marketing/social-media-management/3325450-%D8%A5%D8%AF%D8%A7%D8%B1%D8%A9-%D8%AD%D8%B3%D8%A7%D8%A8%D8%A7%D8%AA-%D8%A7%D9%84%D8%AA%D9%88%D8%A7%D8%B5%D9%84-%D8%A7%D9%84%D8%A7%D8%AC%D8%AA%D9%85%D8%A7%D8%B9%D9%8A-%D8%A8%D8%A7%D8%AD%D8%AA%D8%B1%D8%A7%D9%81%D9%8A%D8%A9
اداره حسابات التواصل الاجتماعي فيسبوك إنستغرام تيك توك,محمد ش.,0,0,Aucun avis,تسويق رقمي,التسويق عبر مواقع التواصل,"كتابة محتوى, إدارة صفحات, السوشيال",https://khamsat.com/marketing/social-media-management/3249884-%D8%A7%D8%AF%D8%A7%D8%B1%D9%87-%D8%AD%D8%B3%D8%A7%D8%A8%D8%A7%D8%AA-%D8%A7%D9%84%D8%AA%D9%88%D8%A7%D8%B5%D9%84-%D8%A7%D9%84%D8%A7%D8%AC%D8%AA%D9%85%D8%A7%D8%B9%D9%8A-%D9%81%D9%8A%D8%B3%D8%A8%D9%88%D9%83-%D8%A5%D9%86%D8%B3%D8%AA%D8%BA%D8%B1%D8%A7%D9%85-%D8%AA%D9%8A%D9%83-%D8%AA%D9%88%D9%83
إدارة حسابات التواصل الاجتماعي,Non trouvé,Non trouvé,Non trouvé,Aucun avis,تسويق رقمي,التسويق عبر مواقع التواصل,Aucun tag,https://khamsat.com/marketing/social-media-management/3337599-%D8%A5%D8%B9%D8%AF%D8%A7%D8%AF-%D8%AE%D8%B7%D8%A9-%D9%85%D8%AD%D8%AA%D9%88%D9%89-%D8%B4%D9%87%D8%B1%D9%8A%D8%A9-%D9%81%D9%8A%D8%B3%D8%A8%D9%88%D9%83-%D9%88-%D8%A7%D9%86%D8%B3%D8%AA%D8%A7%D8%AC%D8%B1%D8%A7%D9%85
إدارة حسابك على انستقرام باحترافية,.Youssef A,0,0,Aucun avis,تسويق رقمي,التسويق عبر مواقع التواصل,"تسويق الكتروني, متابعين, انستقرام, تفاعل, إدارة صفحات, إدارة صفحات انستقرام",https://khamsat.com/marketing/social-media-management/2797639-%D8%A5%D8%AF%D8%A7%D8%B1%D8%A9-%D8%AD%D8%B3%D8%A7%D8%A8%D9%83-%D8%B9%D9%84%D9%89-%D8%A7%D9%86%D8%B3%D8%AA%D9%82%D8%B1%D8%A7%D9%85-%D8%A8%D8%A7%D8%AD%D8%AA%D8%B1%D8%A7%D9%81%D9%8A%D8%A9
المساعدة في ادارة صفحات الفيسبوك,.Sandy R,0,0,Aucun avis,تسويق رقمي,التسويق عبر مواقع التواصل,"فيسبوك, صفحات, الفيس, ادارة, سوشيال",https://khamsat.com/marketing/social-media-management/2974441-%D8%A7%D9%84%D9%85%D8%B3%D8%A7%D8%B9%D8%AF%D8%A9-%D9%81%D9%8A-%D8%A7%D8%AF%D8%A7%D8%B1%D8%A9-%D8%B5%D9%81%D8%AD%D8%A7%D8%AA-%D8%A7%D9%84%D9%81%D9%8A%D8%B3%D8%A8%D9%88%D9%83
الصفحة المطلوبة غير موجودة,Non trouvé,Non trouvé,Non trouvé,Aucun avis,Inconnu,Inconnu,Aucun tag,https://khamsat.com/marketing/social-media-management/2959142-%D8%A5%D8%AF%D8%A7%D8%B1%D8%A9-%D8%B5%D9%81%D8%AD%D8%A9-%D8%A7%D9%84%D9%81%D9%8A%D8%B3%D8%A8%D9%88%D9%83-%D8%A7%D9%84%D8%AE%D8%A7%D8%B5%D8%A9-%D8%A8%D9%85%D8%B4%D8%B1%D9%88%D8%B9%D9%83
ادارة حسابك على انستغرام باحترافيه,جنا ح.,0,0,Aucun avis,تسويق رقمي,التسويق عبر مواقع التواصل,"انستقرام, ادارة صفحات, مواقع التواصل الاجتماعي, سوشيال ميديا",https://khamsat.com/marketing/social-media-management/3330438-%D8%A7%D8%AF%D8%A7%D8%B1%D8%A9-%D8%AD%D8%B3%D8%A7%D8%A8%D9%83-%D8%B9%D9%84%D9%89-%D8%A7%D9%86%D8%B3%D8%AA%D8%BA%D8%B1%D8%A7%D9%85-%D8%A8%D8%A7%D8%AD%D8%AA%D8%B1%D8%A7%D9%81%D9%8A%D9%87
إدارة صفحات السوشيال ميديا,هداية ا.,7,7,منذ 16 يوم و21 ساعة,تسويق رقمي,التسويق عبر مواقع التواصل,"تصميم, تصميم اعلانات, إدارة, التسويق الإلكتروني, تصميم بوستات سوشيال ميديا",https://khamsat.com/marketing/social-media-management/3673190-%D8%A5%D8%AF%D8%A7%D8%B1%D8%A9-%D8%B5%D9%81%D8%AD%D8%A7%D8%AA-%D8%A7%D9%84%D8%B3%D9%88%D8%B4%D9%8A%D8%A7%D9%84-%D9%85%D9%8A%D8%AF%D9%8A%D8%A7
إدارة صفحات مواقع التواصل الاجتماعي بدقة عالية واحترافية,ممدوح ع.,0,0,Aucun avis,تسويق رقمي,التسويق عبر مواقع التواصل,"فيس بوك, تويتر, فيسبوك, حسابات, صفحة, صفحات, إدارة, انستغرام, ادارة صفحات, سوشيل ميديا",https://khamsat.com/marketing/social-media-management/2520519-%D8%A5%D8%AF%D8%A7%D8%B1%D8%A9-%D8%B5%D9%81%D8%AD%D8%A7%D8%AA-%D9%85%D9%88%D8%A7%D9%82%D8%B9-%D8%A7%D9%84%D8%AA%D9%88%D8%A7%D8%B5%D9%84-%D8%A7%D9%84%D8%A7%D8%AC%D8%AA%D9%85%D8%A7%D8%B9%D9%8A-%D8%A8%D8%AF%D9%82%D8%A9-%D8%B9%D8%A7%D9%84%D9%8A%D8%A9-%D9%88%D8%A7%D8%AD%D8%AA%D8%B1%D8%A7%D9%81%D9%8A%D8%A9
سأقوم بإدارة وتسويق محتواك على وسائل التواصل باحترافية,نور ع.,0,0,Aucun avis,تسويق رقمي,التسويق عبر مواقع التواصل,"تسويق, كتابه, twitter, تواصل, ادارة صفحات",https://khamsat.com/marketing/social-media-management/3505982-%D8%B3%D8%A3%D9%82%D9%88%D9%85-%D8%A8%D8%A5%D8%AF%D8%A7%D8%B1%D8%A9-%D9%88%D8%AA%D8%B3%D9%88%D9%8A%D9%82-%D9%85%D8%AD%D8%AA%D9%88%D8%A7%D9%83-%D8%B9%D9%84%D9%89-%D9%88%D8%B3%D8%A7%D8%A6%D9%84-%D8%A7%D9%84%D8%AA%D9%88%D8%A7%D8%B5%D9%84-%D8%A8%D8%A7%D8%AD%D8%AA%D8%B1%D8%A7%D9%81%D9%8A%D8%A9
ادارة صفحات التواصل الاجتماعى,.Farah M,0,0,Aucun avis,تسويق رقمي,التسويق عبر مواقع التواصل,"فيسبوك, التواصل, الاجتماعي, ميديا, ادارة صفحات",https://khamsat.com/marketing/social-media-management/2839184-%D8%A7%D8%AF%D8%A7%D8%B1%D8%A9-%D8%B5%D9%81%D8%AD%D8%A7%D8%AA-%D8%A7%D9%84%D8%AA%D9%88%D8%A7%D8%B5%D9%84-%D8%A7%D9%84%D8%A7%D8%AC%D8%AA%D9%85%D8%A7%D8%B9%D9%89
إدارة مواقع التواصل الاجتماعي,.Linda R,0,0,Aucun avis,تسويق رقمي,التسويق عبر مواقع التواصل,"فيسبوك, ادارة, تواصل اجتماعي, ادارة صفحات, سوشيل ميديا",https://khamsat.com/marketing/social-media-management/3036944-%D8%A5%D8%AF%D8%A7%D8%B1%D8%A9-%D9%85%D9%88%D8%A7%D9%82%D8%B9-%D8%A7%D9%84%D8%AA%D9%88%D8%A7%D8%B5%D9%84-%D8%A7%D9%84%D8%A7%D8%AC%D8%AA%D9%85%D8%A7%D8%B9%D9%8A
اداره وتسويق للصفحات والحسابات,.Shereen B,0,0,Aucun avis,تسويق رقمي,التسويق عبر مواقع التواصل,"تسويق الكتروني, admin, إدارة, page, الرقمي",https://khamsat.com/marketing/social-media-management/3214123-%D8%A7%D8%AF%D8%A7%D8%B1%D9%87-%D9%88%D8%AA%D8%B3%D9%88%D9%8A%D9%82-%D9%84%D9%84%D8%B5%D9%81%D8%AD%D8%A7%D8%AA-%D9%88%D8%A7%D9%84%D8%AD%D8%B3%D8%A7%D8%A8%D8%A7%D8%AA
خدمة عملاء احترافية على المواقع الاجتماعية,هدى م.,1,1,منذ شهر و19 يوم,تسويق رقمي,التسويق عبر مواقع التواصل,"مواقع, خدمة عملاء, مساعد, واتساب, سوشيال ميديا",https://khamsat.com/marketing/social-media-management/3149876-%D8%AE%D8%AF%D9%85%D8%A9-%D8%B9%D9%85%D9%84%D8%A7%D8%A1-%D8%A7%D8%AD%D8%AA%D8%B1%D8%A7%D9%81%D9%8A%D8%A9-%D8%B9%D9%84%D9%89-%D8%A7%D9%84%D9%85%D9%88%D8%A7%D9%82%D8%B9-%D8%A7%D9%84%D8%A7%D8%AC%D8%AA%D9%85%D8%A7%D8%B9%D9%8A%D8%A9
إدارة حسابات السوشال ميديا بكفاءة عالية,.Ahlam A,0,0,Aucun avis,تسويق رقمي,التسويق عبر مواقع التواصل,"يوتيوب, انستجرام, إدارة صفحات, مواقع التواصل الاجتماعي, سوشيال ميديا",https://khamsat.com/marketing/social-media-management/3764565-%D8%A5%D8%AF%D8%A7%D8%B1%D8%A9-%D8%AD%D8%B3%D8%A7%D8%A8%D8%A7%D8%AA-%D8%A7%D9%84%D8%B3%D9%88%D8%B4%D8%A7%D9%84-%D9%85%D9%8A%D8%AF%D9%8A%D8%A7-%D8%A8%D9%83%D9%81%D8%A7%D8%A1%D8%A9-%D8%B9%D8%A7%D9%84%D9%8A%D8%A9
أخصائي إدارة مواقع التواصل محتوى احترافي، تحليل سوق، نمو,.Reem M,0,0,Aucun avis,تسويق رقمي,التسويق عبر مواقع التواصل,"تسويق, تحليل, انستغرام, ادارة صفحات, سوشيال ميديا",https://khamsat.com/marketing/social-media-management/3412952-%D8%A3%D8%AE%D8%B5%D8%A7%D8%A6%D9%8A-%D8%A5%D8%AF%D8%A7%D8%B1%D8%A9-%D9%85%D9%88%D8%A7%D9%82%D8%B9-%D8%A7%D9%84%D8%AA%D9%88%D8%A7%D8%B5%D9%84-%D9%85%D8%AD%D8%AA%D9%88%D9%89-%D8%A7%D8%AD%D8%AA%D8%B1%D8%A7%D9%81%D9%8A-%D8%AA%D8%AD%D9%84%D9%8A%D9%84-%D8%B3%D9%88%D9%82-%D9%86%D9%85%D9%88
ادارة حسابات التواصل الاجتماعي فيسبوك انستاجرام لينكد ان,.Taha Y,0,0,Aucun avis,تسويق رقمي,التسويق عبر مواقع التواصل,"فيسبوك, ادارة صفحات, لينكدان, سوشيال ميديا, انستا",https://khamsat.com/marketing/social-media-management/3874790-%D8%A7%D8%AF%D8%A7%D8%B1%D8%A9-%D8%AD%D8%B3%D8%A7%D8%A8%D8%A7%D8%AA-%D8%A7%D9%84%D8%AA%D9%88%D8%A7%D8%B5%D9%84-%D8%A7%D9%84%D8%A7%D8%AC%D8%AA%D9%85%D8%A7%D8%B9%D9%8A-%D9%81%D9%8A%D8%B3%D8%A8%D9%88%D9%83-%D8%A7%D9%86%D8%B3%D8%AA%D8%A7%D8%AC%D8%B1%D8%A7%D9%85-%D9%84%D9%8A%D9%86%D9%83%D8%AF-%D8%A7%D9%86
خدمة إدارة صفحات ومواقع التواصل الاجتماعي,سعيد ا.,0,0,Aucun avis,تسويق رقمي,التسويق عبر مواقع التواصل,"فيسبوك, حسابات, ادارة صفحات, مواقع التواصل الاجتماعي, سوشيال ميديا",https://khamsat.com/marketing/social-media-management/2993587-%D8%AE%D8%AF%D9%85%D8%A9-%D8%A5%D8%AF%D8%A7%D8%B1%D8%A9-%D8%B5%D9%81%D8%AD%D8%A7%D8%AA-%D9%88%D9%85%D9%88%D8%A7%D9%82%D8%B9-%D8%A7%D9%84%D8%AA%D9%88%D8%A7%D8%B5%D9%84-%D8%A7%D9%84%D8%A7%D8%AC%D8%AA%D9%85%D8%A7%D8%B9%D9%8A
إدارة صفحتك على الفيسبوك بشكل احترافى,.Sara M,3,4,منذ سنتين و12 شهر,تسويق رقمي,التسويق عبر مواقع التواصل,"تصميم, تسويق, فيسبوك, صفحات, إدارة",https://khamsat.com/marketing/social-media-management/2361805-%D8%A5%D8%AF%D8%A7%D8%B1%D8%A9-%D8%B5%D9%81%D8%AD%D8%AA%D9%83-%D8%B9%D9%84%D9%89-%D8%A7%D9%84%D9%81%D9%8A%D8%B3%D8%A8%D9%88%D9%83-%D8%A8%D8%B4%D9%83%D9%84-%D8%A5%D8%AD%D8%AA%D8%B1%D8%A7%D9%81%D9%89
ادارة حساب انستقرام  لمدة أسبوع,.Asmaa A,16,12,منذ 3 سنوات وشهرين,تسويق رقمي,التسويق عبر مواقع التواصل,مواقع,https://khamsat.com/marketing/social-media-management/1687530-%D8%A7%D8%AF%D8%A7%D8%B1%D8%A9-%D8%AD%D8%B3%D8%A7%D8%A8-%D8%A7%D9%86%D8%B3%D8%AA%D9%82%D8%B1%D8%A7%D9%85-%D9%84%D9%85%D8%AF%D8%A9-%D8%A3%D8%B3%D8%A8%D9%88%D8%B9
إدارة حسابات السوشيال ميديا فيسبوك وتويتر و انستجرام,هند ن.,0,0,Aucun avis,تسويق رقمي,التسويق عبر مواقع التواصل,"تويتر, فيسبوك, صفحات, ادارة, انستغرام, ادارة صفحات",https://khamsat.com/marketing/social-media-management/2692293-%D8%A5%D8%AF%D8%A7%D8%B1%D8%A9-%D8%AD%D8%B3%D8%A7%D8%A8%D8%A7%D8%AA-%D8%A7%D9%84%D8%B3%D9%88%D8%B4%D9%8A%D8%A7%D9%84-%D9%85%D9%8A%D8%AF%D9%8A%D8%A7-%D9%81%D9%8A%D8%B3%D8%A8%D9%88%D9%83-%D9%88%D8%AA%D9%88%D9%8A%D8%AA%D8%B1-%D9%88-%D8%A7%D9%86%D8%B3%D8%AA%D8%AC%D8%B1%D8%A7%D9%85
اداره صفحات التواصل الاجتماعي,.Aya G,5,4,منذ سنتين و18 يوم,تسويق رقمي,التسويق عبر مواقع التواصل,"تصميم, انستغرام, ادارة صفحات, سوشيال, منصات",https://khamsat.com/marketing/social-media-management/2060944-%D8%A7%D8%AF%D8%A7%D8%B1%D9%87-%D8%B5%D9%81%D8%AD%D8%A7%D8%AA-%D8%A7%D9%84%D8%AA%D9%88%D8%A7%D8%B5%D9%84-%D8%A7%D9%84%D8%A7%D8%AC%D8%AA%D9%85%D8%A7%D8%B9%D9%8A
ادارة حسابات التواصل الاجتماعي ب احترافيه,مجدي م.,0,0,Aucun avis,تسويق رقمي,التسويق عبر مواقع التواصل,"تسويق, فيس بوك, حسابات, انستغرام, سوشيال ميديا",https://khamsat.com/marketing/social-media-management/3053584-%D8%A7%D8%AF%D8%A7%D8%B1%D8%A9-%D8%AD%D8%B3%D8%A7%D8%A8%D8%A7%D8%AA-%D8%A7%D9%84%D8%AA%D9%88%D8%A7%D8%B5%D9%84-%D8%A7%D9%84%D8%A7%D8%AC%D8%AA%D9%85%D8%A7%D8%B9%D9%8A-%D8%A8-%D8%A7%D8%AD%D8%AA%D8%B1%D8%A7%D9%81%D9%8A%D9%87
ادارة صفحات مشروعك على الفيس بوك,آلاء ع.,0,0,Aucun avis,تسويق رقمي,التسويق عبر مواقع التواصل,"فيسبوك, احترافية, نشر, صفحات, ادارة",https://khamsat.com/marketing/social-media-management/2908060-%D8%A7%D8%AF%D8%A7%D8%B1%D8%A9-%D8%B5%D9%81%D8%AD%D8%A7%D8%AA-%D9%85%D8%B4%D8%B1%D9%88%D8%B9%D9%83-%D8%B9%D9%84%D9%89-%D8%A7%D9%84%D9%81%D9%8A%D8%B3-%D8%A8%D9%88%D9%83
ادارة حسابك على فيس بوك وزيادة قاعدة عملائك بسرعة,رحاب ع.,0,0,Aucun avis,تسويق رقمي,التسويق عبر مواقع التواصل,"تصميم, فيس بوك, فيسبوك, صفحات, ادارة",https://khamsat.com/marketing/social-media-management/3123265-%D8%A7%D8%AF%D8%A7%D8%B1%D8%A9-%D8%AD%D8%B3%D8%A7%D8%A8%D9%83-%D8%B9%D9%84%D9%89-%D9%81%D9%8A%D8%B3-%D8%A8%D9%88%D9%83-%D9%88%D8%B2%D9%8A%D8%A7%D8%AF%D8%A9-%D9%82%D8%A7%D8%B9%D8%AF%D8%A9-%D8%B9%D9%85%D9%84%D8%A7%D8%A6%D9%83-%D8%A8%D8%B3%D8%B1%D8%B9%D8%A9
الصفحة المطلوبة غير موجودة,Non trouvé,Non trouvé,Non trouvé,Aucun avis,Inconnu,Inconnu,Aucun tag,https://khamsat.com/marketing/social-media-management/3507890-%D8%A5%D8%AF%D8%A7%D8%B1%D8%A9-%D9%85%D8%AA%D9%83%D8%A7%D9%85%D9%84%D8%A9-%D9%84%D8%AD%D8%B3%D8%A7%D8%A8%D8%A7%D8%AA-%D8%A7%D9%84%D8%AA%D9%88%D8%A7%D8%B5%D9%84-%D8%A7%D9%84%D8%A7%D8%AC%D8%AA%D9%85%D8%A7%D8%B9%D9%8A-%D8%AA%D8%AE%D8%B7%D9%8A%D8%B7-%D9%86%D8%B4%D8%B1-%D8%AA%D9%81%D8%A7%D8%B9%D9%84
الاشراف على صفحة الفيس بوك مع إدارة,.Mennatullah A,1,0,Aucun avis,تسويق رقمي,التسويق عبر مواقع التواصل,"إدارة, التسويق, الفيسبوك, صفحتك",https://khamsat.com/marketing/social-media-management/2884409-%D8%A7%D9%84%D8%A7%D8%B4%D8%B1%D8%A7%D9%81-%D8%B9%D9%84%D9%89-%D8%B5%D9%81%D8%AD%D8%A9-%D8%A7%D9%84%D9%81%D9%8A%D8%B3-%D8%A8%D9%88%D9%83-%D9%85%D8%B9-%D8%A5%D8%AF%D8%A7%D8%B1%D8%A9
خدمة إدارة حسابات مواقع التواصل الاجتماعي بشكل احترافي,.Alaa K,3,1,منذ سنة و6 أشهر,تسويق رقمي,التسويق عبر مواقع التواصل,"ادارة صفحات, مواقع التواصل الاجتماعي, social media design, تصميم سوشيال, سوشل ميديا",https://khamsat.com/marketing/social-media-management/3016726-%D8%AE%D8%AF%D9%85%D8%A9-%D8%A5%D8%AF%D8%A7%D8%B1%D8%A9-%D8%AD%D8%B3%D8%A7%D8%A8%D8%A7%D8%AA-%D9%85%D9%88%D8%A7%D9%82%D8%B9-%D8%A7%D9%84%D8%AA%D9%88%D8%A7%D8%B5%D9%84-%D8%A7%D9%84%D8%A7%D8%AC%D8%AA%D9%85%D8%A7%D8%B9%D9%8A-%D8%A8%D8%B4%D9%83%D9%84-%D8%A7%D8%AD%D8%AA%D8%B1%D8%A7%D9%81%D9%8A
ادارة حسابات السوشيل ميديا,.Samah A,0,0,Aucun avis,تسويق رقمي,التسويق عبر مواقع التواصل,"فيسبوك, تسويق الكتروني, ادارة صفحات, مواقع التواصل الاجتماعي, سوشيال ميديا",https://khamsat.com/marketing/social-media-management/3844159-%D8%A7%D8%AF%D8%A7%D8%B1%D8%A9-%D8%AD%D8%B3%D8%A7%D8%A8%D8%A7%D8%AA-%D8%A7%D9%84%D8%B3%D9%88%D8%B4%D9%8A%D9%84-%D9%85%D9%8A%D8%AF%D9%8A%D8%A7
سأدير إعلاناتك على إنستغرام لزيادة المبيعات وجذب العملاء,عبدالله ر.,0,0,Aucun avis,تسويق رقمي,التسويق عبر مواقع التواصل,"تصميم اعلانات, انستقرام, الإعلانات, اعلانات سوشيال ميديا",https://khamsat.com/marketing/social-media-management/3719129-%D8%B3%D8%A3%D8%AF%D9%8A%D8%B1-%D8%A5%D8%B9%D9%84%D8%A7%D9%86%D8%A7%D8%AA%D9%83-%D8%B9%D9%84%D9%89-%D8%A5%D9%86%D8%B3%D8%AA%D8%BA%D8%B1%D8%A7%D9%85-%D9%84%D8%B2%D9%8A%D8%A7%D8%AF%D8%A9-%D8%A7%D9%84%D9%85%D8%A8%D9%8A%D8%B9%D8%A7%D8%AA-%D9%88%D8%AC%D8%B0%D8%A8-%D8%A7%D9%84%D8%B9%D9%85%D9%84%D8%A7%D8%A1
اداره كامله لصفحه فيسبوك وانستغرام بطريقة احترافية,.Sara A,0,0,Aucun avis,تسويق رقمي,التسويق عبر مواقع التواصل,"تسويق, ادارة صفحات, سوشيال ميديا",https://khamsat.com/marketing/social-media-management/3908437-%D8%A7%D8%AF%D8%A7%D8%B1%D9%87-%D9%83%D8%A7%D9%85%D9%84%D9%87-%D9%84%D8%B5%D9%81%D8%AD%D9%87-%D9%81%D9%8A%D8%B3%D8%A8%D9%88%D9%83-%D9%88%D8%A7%D9%86%D8%B3%D8%AA%D8%BA%D8%B1%D8%A7%D9%85-%D8%A8%D8%B7%D8%B1%D9%8A%D9%82%D8%A9-%D8%A7%D8%AD%D8%AA%D8%B1%D8%A7%D9%81%D9%8A%D8%A9
اداره وكتابه محتوى صفحات فيسبوك وانستجرام,.Soad S,0,0,Aucun avis,تسويق رقمي,التسويق عبر مواقع التواصل,"كتابة, فيسبوك, محتوى, انستجرام, سوشيال",https://khamsat.com/marketing/social-media-management/3838997-%D8%A7%D8%AF%D8%A7%D8%B1%D9%87-%D9%88%D9%83%D8%AA%D8%A7%D8%A8%D9%87-%D9%85%D8%AD%D8%AA%D9%88%D9%89-%D8%B5%D9%81%D8%AD%D8%A7%D8%AA-%D9%81%D9%8A%D8%B3%D8%A8%D9%88%D9%83-%D9%88%D8%A7%D9%86%D8%B3%D8%AA%D8%AC%D8%B1%D8%A7%D9%85
ادارة حسابات السوشيال ميديا,.Nada M,0,0,Aucun avis,تسويق رقمي,التسويق عبر مواقع التواصل,"تصميم, تسويق الكتروني, خطة تسويقية, حملات اعلانية, ادارة صفحات سوشيال ميديا",https://khamsat.com/marketing/social-media-management/3825931-%D8%A7%D8%AF%D8%A7%D8%B1%D8%A9-%D8%AD%D8%B3%D8%A7%D8%A8%D8%A7%D8%AA-%D8%A7%D9%84%D8%B3%D9%88%D8%B4%D9%8A%D8%A7%D9%84-%D9%85%D9%8A%D8%AF%D9%8A%D8%A7
سأقوم بإدارة حساباتك على السوشيال ميديا وزيادة التفاعل,.Abdo A,0,0,Aucun avis,تسويق رقمي,التسويق عبر مواقع التواصل,"فيس, بوك, social media, ادارة صفحات, سوشيال ميديا",https://khamsat.com/marketing/social-media-management/3524019-%D8%B3%D8%A3%D9%82%D9%88%D9%85-%D8%A8%D8%A5%D8%AF%D8%A7%D8%B1%D8%A9-%D8%AD%D8%B3%D8%A7%D8%A8%D8%A7%D8%AA%D9%83-%D8%B9%D9%84%D9%89-%D8%A7%D9%84%D8%B3%D9%88%D8%B4%D9%8A%D8%A7%D9%84-%D9%85%D9%8A%D8%AF%D9%8A%D8%A7-%D9%88%D8%B2%D9%8A%D8%A7%D8%AF%D8%A9-%D8%A7%D9%84%D8%AA%D9%81%D8%A7%D8%B9%D9%84
إدارة كل حسابات السوشيال ميديا,.Mohamed S,0,0,Aucun avis,تسويق رقمي,التسويق عبر مواقع التواصل,"كتابة محتوى, ميديا, سوشيال ميديا, السوشيال, صناعة المحتوى",https://khamsat.com/marketing/social-media-management/3026824-%D8%A5%D8%AF%D8%A7%D8%B1%D8%A9-%D9%83%D9%84-%D8%AD%D8%B3%D8%A7%D8%A8%D8%A7%D8%AA-%D8%A7%D9%84%D8%B3%D9%88%D8%B4%D9%8A%D8%A7%D9%84-%D9%85%D9%8A%D8%AF%D9%8A%D8%A7
اداره حسابات التواصل فيسبوك/ انستجرام/ لنكيدان,.Zeyad M,0,0,Aucun avis,تسويق رقمي,التسويق عبر مواقع التواصل,"تصميم, مواقع, كتابة, فيسبوك, تسويق الكتروني",https://khamsat.com/marketing/social-media-management/3466187-%D8%A7%D8%AF%D8%A7%D8%B1%D9%87-%D8%AD%D8%B3%D8%A7%D8%A8%D8%A7%D8%AA-%D8%A7%D9%84%D8%AA%D9%88%D8%A7%D8%B5%D9%84-%D9%81%D9%8A%D8%B3%D8%A8%D9%88%D9%83-%D8%A7%D9%86%D8%B3%D8%AA%D8%AC%D8%B1%D8%A7%D9%85-%D9%84%D9%86%D9%83%D9%8A%D8%AF%D8%A7%D9%86
ادارة صفحة فيسبوك وخدمة عملاء,علي م.,0,0,Aucun avis,تسويق رقمي,التسويق عبر مواقع التواصل,تسويق,https://khamsat.com/marketing/social-media-management/2934195-%D8%A7%D8%AF%D8%A7%D8%B1%D8%A9-%D8%B5%D9%81%D8%AD%D8%A9-%D9%81%D9%8A%D8%B3%D8%A8%D9%88%D9%83-%D9%88%D8%AE%D8%AF%D9%85%D8%A9-%D8%B9%D9%85%D9%84%D8%A7%D8%A1
إدارة حسابات التواصل الاجتماعي باحترافية,.Amal T,0,0,Aucun avis,تسويق رقمي,التسويق عبر مواقع التواصل,"فيسبوك, social media, انستغرام, انستجرام, ادارة صفحات",https://khamsat.com/marketing/social-media-management/2854804-%D8%A5%D8%AF%D8%A7%D8%B1%D8%A9-%D8%AD%D8%B3%D8%A7%D8%A8%D8%A7%D8%AA-%D8%A7%D9%84%D8%AA%D9%88%D8%A7%D8%B5%D9%84-%D8%A7%D9%84%D8%A7%D8%AC%D8%AA%D9%85%D8%A7%D8%B9%D9%8A-%D8%A8%D8%A7%D8%AD%D8%AA%D8%B1%D8%A7%D9%81%D9%8A%D8%A9
إدارة حسابات سوشيال ميديا باحترافية,محمد أ.,0,0,Aucun avis,تسويق رقمي,التسويق عبر مواقع التواصل,"فيسبوك, محتوى, إدارة, انستجرام, نمو حساب",https://khamsat.com/marketing/social-media-management/3598387-%D8%A5%D8%AF%D8%A7%D8%B1%D8%A9-%D8%AD%D8%B3%D8%A7%D8%A8%D8%A7%D8%AA-%D8%B3%D9%88%D8%B4%D9%8A%D8%A7%D9%84-%D9%85%D9%8A%D8%AF%D9%8A%D8%A7-%D8%A8%D8%A7%D8%AD%D8%AA%D8%B1%D8%A7%D9%81%D9%8A%D8%A9
ادارة صفحات التواصل الإجتماعي باحتراف,عمار ق.,0,0,Aucun avis,تسويق رقمي,التسويق عبر مواقع التواصل,"فيسبوك, social media, ادارة صفحات, سوشيال ميديا, تسويق رقمي",https://khamsat.com/marketing/social-media-management/3059035-%D8%A7%D8%AF%D8%A7%D8%B1%D8%A9-%D8%B5%D9%81%D8%AD%D8%A7%D8%AA-%D8%A7%D9%84%D8%AA%D9%88%D8%A7%D8%B5%D9%84-%D8%A7%D9%84%D8%A5%D8%AC%D8%AA%D9%85%D8%A7%D8%B9%D9%8A-%D8%A8%D8%A7%D8%AD%D8%AA%D8%B1%D8%A7%D9%81
تهيئه و اعداد قناه يوتيوب بالشكل صحيح ومصمم باحترافيه,عبدالوهاب ا.,0,0,Aucun avis,تسويق رقمي,التسويق عبر مواقع التواصل,"تسويق, يوتيوب, youtube, قناة, البحث",https://khamsat.com/marketing/social-media-management/3587669-%D8%AA%D9%87%D9%8A%D8%A6%D9%87-%D9%88-%D8%A7%D8%B9%D8%AF%D8%A7%D8%AF-%D9%82%D9%86%D8%A7%D9%87-%D9%8A%D9%88%D8%AA%D9%8A%D9%88%D8%A8-%D8%A8%D8%A7%D9%84%D8%B4%D9%83%D9%84-%D8%B5%D8%AD%D9%8A%D8%AD-%D9%88%D9%85%D8%B5%D9%85%D9%85-%D8%A8%D8%A7%D8%AD%D8%AA%D8%B1%D8%A7%D9%81%D9%8A%D9%87
اداره حسابات لينكدان باحترافية,ابراهيم ر.,0,0,Aucun avis,تسويق رقمي,التسويق عبر مواقع التواصل,"تسويق, ادارة صفحات, سوشيال, إدارة صفحات, لينكدان",https://khamsat.com/marketing/social-media-management/3788621-%D8%A7%D8%AF%D8%A7%D8%B1%D9%87-%D8%AD%D8%B3%D8%A7%D8%A8%D8%A7%D8%AA-%D9%84%D9%8A%D9%86%D9%83%D8%AF%D8%A7%D9%86-%D8%A8%D8%A7%D8%AD%D8%AA%D8%B1%D8%A7%D9%81%D9%8A%D8%A9
ادارة حسابات مواقع التواصل الاجتماعى,.Mona D,0,0,Aucun avis,تسويق رقمي,التسويق عبر مواقع التواصل,"اعلان, تسويق, فيس بوك, كتابة محتوى, الانستجرام",https://khamsat.com/marketing/social-media-management/3822756-%D8%A7%D8%AF%D8%A7%D8%B1%D8%A9-%D8%AD%D8%B3%D8%A7%D8%A8%D8%A7%D8%AA-%D9%85%D9%88%D8%A7%D9%82%D8%B9-%D8%A7%D9%84%D8%AA%D9%88%D8%A7%D8%B5%D9%84-%D8%A7%D9%84%D8%A7%D8%AC%D8%AA%D9%85%D8%A7%D8%B9%D9%89
إدارة حسابك على الأنستجرام,أمير أ.,0,0,Aucun avis,تسويق رقمي,التسويق عبر مواقع التواصل,"اعلان, تسويق, ترويج, منتجات, تواصل, ممول, marketing, ادارة, instagram, انستقرام",https://khamsat.com/marketing/social-media-management/2799092-%D8%A5%D8%AF%D8%A7%D8%B1%D8%A9-%D8%AD%D8%B3%D8%A7%D8%A8%D9%83-%D8%B9%D9%84%D9%89-%D8%A7%D9%84%D8%A3%D9%86%D8%B3%D8%AA%D8%AC%D8%B1%D8%A7%D9%85
ادارة صفحات التواصل الاجتماعي,.Abdullah M,11,10,منذ 4 أشهر و28 يوم,تسويق رقمي,التسويق عبر مواقع التواصل,"facebook, منشورات, media, إدارة, تحسين, الصفحة, النشر, انستقرام, يومية, بوستات سوشيال ميديا",https://khamsat.com/marketing/social-media-management/2842704-%D8%A7%D8%AF%D8%A7%D8%B1%D8%A9-%D8%B5%D9%81%D8%AD%D8%A7%D8%AA-%D8%A7%D9%84%D8%AA%D9%88%D8%A7%D8%B5%D9%84-%D8%A7%D9%84%D8%A7%D8%AC%D8%AA%D9%85%D8%A7%D8%B9%D9%8A
الصفحة المطلوبة غير موجودة,Non trouvé,Non trouvé,Non trouvé,Aucun avis,Inconnu,Inconnu,Aucun tag,https://khamsat.com/marketing/social-media-management/2526624-%D8%A7%D8%AF%D8%A7%D8%B1%D8%A9-%D8%B5%D9%81%D8%AD%D8%A7%D8%AA-%D8%A7%D9%84%D9%81%D9%8A%D8%B3%D8%A8%D9%88%D9%83-%D9%88%D8%A7%D9%84%D8%A7%D9%86%D8%B3%D8%AA%D9%82%D8%B1%D8%A7%D9%85
إدارة صفحتك على فيسبوك وانستغرام,علي م.,0,0,Aucun avis,تسويق رقمي,التسويق عبر مواقع التواصل,"تسويق, اعلانات, فيسبوك, عمل, صفحة, نشر, صفحات, الكتروني, الرسائل, فايس",https://khamsat.com/marketing/social-media-management/2690650-%D8%A5%D8%AF%D8%A7%D8%B1%D8%A9-%D8%B5%D9%81%D8%AD%D8%AA%D9%83-%D8%B9%D9%84%D9%89-%D9%81%D9%8A%D8%B3%D8%A8%D9%88%D9%83-%D9%88%D8%A7%D9%86%D8%B3%D8%AA%D8%BA%D8%B1%D8%A7%D9%85
إدارة صفحاتك على السوشيال ميديا,.Jousten S,0,0,Aucun avis,تسويق رقمي,التسويق عبر مواقع التواصل,"فيسبوك, تسويق الكتروني, ادارة صفحات, سوشيال ميديا, اعلان سوشيال ميديا",https://khamsat.com/marketing/social-media-management/3818721-%D8%A5%D8%AF%D8%A7%D8%B1%D8%A9-%D8%B5%D9%81%D8%AD%D8%A7%D8%AA%D9%83-%D8%B9%D9%84%D9%89-%D8%A7%D9%84%D8%B3%D9%88%D8%B4%D9%8A%D8%A7%D9%84-%D9%85%D9%8A%D8%AF%D9%8A%D8%A7
تطوير حساب انستقرام بطريقة احترافية,مشعل ا.,13,10,منذ 8 أشهر و26 يوم,تسويق رقمي,التسويق عبر مواقع التواصل,"تصميم, تطوير, حساب, انستقرام, هايلايت",https://khamsat.com/marketing/social-media-management/2893912-%D8%AA%D8%B7%D9%88%D9%8A%D8%B1-%D8%AD%D8%B3%D8%A7%D8%A8-%D8%A7%D9%86%D8%B3%D8%AA%D9%82%D8%B1%D8%A7%D9%85-%D8%A8%D8%B7%D8%B1%D9%8A%D9%82%D8%A9-%D8%A7%D8%AD%D8%AA%D8%B1%D8%A7%D9%81%D9%8A%D8%A9
إدارة صفحات التواصل الاجتماعي باحتراف,.Mohammed A,1,1,منذ 3 سنوات و10 أشهر,تسويق رقمي,التسويق عبر مواقع التواصل,"تسويق, صفحات, الكتروني, إدارة, التواصل, الاجتماعي, رقمي",https://khamsat.com/marketing/social-media-management/2146750-%D8%A5%D8%AF%D8%A7%D8%B1%D8%A9-%D8%B5%D9%81%D8%AD%D8%A7%D8%AA-%D8%A7%D9%84%D8%AA%D9%88%D8%A7%D8%B5%D9%84-%D8%A7%D9%84%D8%A7%D8%AC%D8%AA%D9%85%D8%A7%D8%B9%D9%8A-%D8%A8%D8%A7%D8%AD%D8%AA%D8%B1%D8%A7%D9%81
إدارة صفحات التواصل الاجتماعي فيس بوك تويتر انستجرام,حازم م.,1,1,منذ 4 أشهر و26 يوم,تسويق رقمي,التسويق عبر مواقع التواصل,"تسويق, فيسبوك, انستغرام, واتس اب, إدارة صفحات",https://khamsat.com/marketing/social-media-management/3056219-%D8%A5%D8%AF%D8%A7%D8%B1%D8%A9-%D8%B5%D9%81%D8%AD%D8%A7%D8%AA-%D8%A7%D9%84%D8%AA%D9%88%D8%A7%D8%B5%D9%84-%D8%A7%D9%84%D8%A7%D8%AC%D8%AA%D9%85%D8%A7%D8%B9%D9%8A-%D9%81%D9%8A%D8%B3-%D8%A8%D9%88%D9%83-%D8%AA%D9%88%D9%8A%D8%AA%D8%B1-%D8%A7%D9%86%D8%B3%D8%AA%D8%AC%D8%B1%D8%A7%D9%85
سأقوم بإدارة وتصميم محتوى احترافي لحسابات السوشيال ميديا,اميرة م.,3,1,منذ 4 أشهر و22 يوم,تسويق رقمي,التسويق عبر مواقع التواصل,"تصميم, تصميم بوسترات, السوشيال, بوستات فيسبوك, اعلان سوشيال ميديا",https://khamsat.com/marketing/social-media-management/3631843-%D8%B3%D8%A3%D9%82%D9%88%D9%85-%D8%A8%D8%A5%D8%AF%D8%A7%D8%B1%D8%A9-%D9%88%D8%AA%D8%B5%D9%85%D9%8A%D9%85-%D9%85%D8%AD%D8%AA%D9%88%D9%89-%D8%A7%D8%AD%D8%AA%D8%B1%D8%A7%D9%81%D9%8A-%D9%84%D8%AD%D8%B3%D8%A7%D8%A8%D8%A7%D8%AA-%D8%A7%D9%84%D8%B3%D9%88%D8%B4%D9%8A%D8%A7%D9%84-%D9%85%D9%8A%D8%AF%D9%8A%D8%A7
سأمكنك من اضافة مشاركات الي صفحتك علي فيس بوك بضغطة واحدة,.Ahmed A,0,0,Aucun avis,تسويق رقمي,التسويق عبر مواقع التواصل,"اعلان, تسويق, فيس بوك, فيسبوك, تسويق الكتروني, facebook, نشر, مشاركة, ادارة صفحات, تفاعل",https://khamsat.com/marketing/social-media-management/2842401-%D8%B3%D8%A3%D9%85%D9%83%D9%86%D9%83-%D9%85%D9%86-%D8%A7%D8%B6%D8%A7%D9%81%D8%A9-%D9%85%D8%B4%D8%A7%D8%B1%D9%83%D8%A7%D8%AA-%D8%A7%D9%84%D9%8A-%D8%B5%D9%81%D8%AD%D8%AA%D9%83-%D8%B9%D9%84%D9%8A-%D9%81%D9%8A%D8%B3-%D8%A8%D9%88%D9%83-%D8%A8%D8%B6%D8%BA%D8%B7%D8%A9-%D9%88%D8%A7%D8%AD%D8%AF%D8%A9
سأقوم بإدارة حسابات التواصل الاجتماعي وتوفير الوقت عليك,محمد ا.,0,0,Aucun avis,تسويق رقمي,التسويق عبر مواقع التواصل,"تسويق, تصميم اعلانات, تسويق الكتروني, سوشال ميديا, بوستات سوشيال ميديا",https://khamsat.com/marketing/social-media-management/3896497-%D8%B3%D8%A3%D9%82%D9%88%D9%85-%D8%A8%D8%A5%D8%AF%D8%A7%D8%B1%D8%A9-%D8%AD%D8%B3%D8%A7%D8%A8%D8%A7%D8%AA-%D8%A7%D9%84%D8%AA%D9%88%D8%A7%D8%B5%D9%84-%D8%A7%D9%84%D8%A7%D8%AC%D8%AA%D9%85%D8%A7%D8%B9%D9%8A-%D9%88%D8%AA%D9%88%D9%81%D9%8A%D8%B1-%D8%A7%D9%84%D9%88%D9%82%D8%AA-%D8%B9%D9%84%D9%8A%D9%83
ادارة صفحات التواصل الاجتماعي  بشكل احترافي,.Mina A,0,0,Aucun avis,تسويق رقمي,التسويق عبر مواقع التواصل,"ادارة صفحات, تسويق رقمي, ادارة صفحات السوشيال ميديا, ادارة صفحات التواصل الاجتماعي, ادارة صفحة فيسبوك",https://khamsat.com/marketing/social-media-management/2998114-%D8%A7%D8%AF%D8%A7%D8%B1%D8%A9-%D8%B5%D9%81%D8%AD%D8%A7%D8%AA-%D8%A7%D9%84%D8%AA%D9%88%D8%A7%D8%B5%D9%84-%D8%A7%D9%84%D8%A7%D8%AC%D8%AA%D9%85%D8%A7%D8%B9%D9%8A-%D8%A8%D8%B4%D9%83%D9%84-%D8%A7%D8%AD%D8%AA%D8%B1%D8%A7%D9%81%D9%8A
اداراة صفحات السوشيال ميديا,طاهر ا.,0,0,Aucun avis,تسويق رقمي,التسويق عبر مواقع التواصل,"فيسبوك, ادارة صفحات, سوشيال ميديا, اعلانات ممولة, تصميم صفحات الفيس بوك",https://khamsat.com/marketing/social-media-management/3668229-%D8%A7%D8%AF%D8%A7%D8%B1%D8%A7%D8%A9-%D8%B5%D9%81%D8%AD%D8%A7%D8%AA-%D8%A7%D9%84%D8%B3%D9%88%D8%B4%D9%8A%D8%A7%D9%84-%D9%85%D9%8A%D8%AF%D9%8A%D8%A7
سأكون مسؤولة الردود على صفحاتك بلغة عربية قوية فصحى/مصريه,.Nour S,0,0,Aucun avis,تسويق رقمي,التسويق عبر مواقع التواصل,خدمة العملاء,https://khamsat.com/marketing/social-media-management/3818509-%D8%B3%D8%A3%D9%83%D9%88%D9%86-%D9%85%D8%B3%D8%A4%D9%88%D9%84%D8%A9-%D8%A7%D9%84%D8%B1%D8%AF%D9%88%D8%AF-%D8%B9%D9%84%D9%89-%D8%B5%D9%81%D8%AD%D8%A7%D8%AA%D9%83-%D8%A8%D9%84%D8%BA%D8%A9-%D8%B9%D8%B1%D8%A8%D9%8A%D8%A9-%D9%82%D9%88%D9%8A%D8%A9-%D9%81%D8%B5%D8%AD%D9%89%D9%85%D8%B5%D8%B1%D9%8A%D9%87
الصفحة المطلوبة غير موجودة,Non trouvé,Non trouvé,Non trouvé,Aucun avis,Inconnu,Inconnu,Aucun tag,https://khamsat.com/marketing/social-media-management/2990524-%D8%A7%D8%AF%D8%A7%D8%B1%D8%A9-%D8%AD%D8%B3%D8%A7%D8%A8%D8%A7%D8%AA-%D8%A7%D9%84%D8%AA%D9%88%D8%A7%D8%B5%D9%84-%D8%A7%D9%84%D8%A7%D8%AC%D8%AA%D9%85%D8%A7%D8%B9%D9%8A-%D8%A8%D8%A7%D8%AD%D8%AA%D8%B1%D8%A7%D9%81%D9%8A%D8%A9
الصفحة المطلوبة غير موجودة,Non trouvé,Non trouvé,Non trouvé,Aucun avis,Inconnu,Inconnu,Aucun tag,https://khamsat.com/marketing/social-media-management/2488191-%D8%AF%D8%B9%D9%85-%D8%A7%D9%84%D8%B9%D9%85%D9%84%D8%A7%D8%A1-%D8%B9%D8%A8%D8%B1-%D9%88%D8%B3%D8%A7%D8%A6%D9%84-%D8%A7%D9%84%D8%AA%D9%88%D8%A7%D8%B5%D9%84-%D8%A7%D9%84%D8%A5%D8%AC%D8%AA%D9%85%D8%A7%D8%B9%D9%8A-%D9%81%D9%8A-%D8%A7%D9%84%D9%8A%D9%88%D9%85
إدارة حسابات السوشيال ميديا باحترافية,.Maram M,0,0,Aucun avis,تسويق رقمي,التسويق عبر مواقع التواصل,"خطة تسويقية, التسويق الالكتروني, ادارة صفحات, إدارة حسابات السوشيال ميديا",https://khamsat.com/marketing/social-media-management/3651911-%D8%A5%D8%AF%D8%A7%D8%B1%D8%A9-%D8%AD%D8%B3%D8%A7%D8%A8%D8%A7%D8%AA-%D8%A7%D9%84%D8%B3%D9%88%D8%B4%D9%8A%D8%A7%D9%84-%D9%85%D9%8A%D8%AF%D9%8A%D8%A7-%D8%A8%D8%A7%D8%AD%D8%AA%D8%B1%D8%A7%D9%81%D9%8A%D8%A9
إدارة صفحة سوشيال ميديا,مريم ح.,0,0,Aucun avis,تسويق رقمي,التسويق عبر مواقع التواصل,"فيس, فيسبوك, صفحة, إدارة, ادارة صفحات",https://khamsat.com/marketing/social-media-management/3588118-%D8%A5%D8%AF%D8%A7%D8%B1%D8%A9-%D8%B5%D9%81%D8%AD%D8%A9-%D8%B3%D9%88%D8%B4%D9%8A%D8%A7%D9%84-%D9%85%D9%8A%D8%AF%D9%8A%D8%A7
ادارة صفحات التواصل الاجتماعي,سارة أ.,8,7,منذ 7 أشهر و20 يوم,تسويق رقمي,التسويق عبر مواقع التواصل,"تسويق, كتابة, تعليم, كتب, مبيعات, محتوى, قراءة",https://khamsat.com/marketing/social-media-management/2078520-%D8%A7%D8%AF%D8%A7%D8%B1%D8%A9-%D8%B5%D9%81%D8%AD%D8%A7%D8%AA-%D8%A7%D9%84%D8%AA%D9%88%D8%A7%D8%B5%D9%84-%D8%A7%D9%84%D8%A7%D8%AC%D8%AA%D9%85%D8%A7%D8%B9%D9%8A
خدمة عملاء وإدارة صفحات السوشيال ميديا,.Esraa M,0,0,Aucun avis,تسويق رقمي,التسويق عبر مواقع التواصل,"خدمة عملاء, ادارة صفحات, الخدمات, خدمة العملاء",https://khamsat.com/marketing/social-media-management/2928090-%D8%AE%D8%AF%D9%85%D8%A9-%D8%B9%D9%85%D9%84%D8%A7%D8%A1-%D9%88%D8%A5%D8%AF%D8%A7%D8%B1%D8%A9-%D8%B5%D9%81%D8%AD%D8%A7%D8%AA-%D8%A7%D9%84%D8%B3%D9%88%D8%B4%D9%8A%D8%A7%D9%84-%D9%85%D9%8A%D8%AF%D9%8A%D8%A7
سأضع اعلان لك داخل تطبيق هاتف,.Mohammad S,0,0,Aucun avis,تسويق رقمي,التسويق عبر مواقع التواصل,"اعلان, اندرويد, ابل, تطبيق, android, apple",https://khamsat.com/marketing/social-media-management/2547183-%D8%B3%D8%A3%D8%B6%D8%B9-%D8%A7%D8%B9%D9%84%D8%A7%D9%86-%D9%84%D9%83-%D8%AF%D8%A7%D8%AE%D9%84-%D8%AA%D8%B7%D8%A8%D9%8A%D9%82-%D9%87%D8%A7%D8%AA%D9%81
إدارة صفحات سوشيال ميديا بكفائة,.Fofo A,0,0,Aucun avis,تسويق رقمي,التسويق عبر مواقع التواصل,"facebook, إدارة, التواصل, تفاعل, إدارة صفحات",https://khamsat.com/marketing/social-media-management/3333683-%D8%A5%D8%AF%D8%A7%D8%B1%D8%A9-%D8%B5%D9%81%D8%AD%D8%A7%D8%AA-%D8%B3%D9%88%D8%B4%D9%8A%D8%A7%D9%84-%D9%85%D9%8A%D8%AF%D9%8A%D8%A7-%D8%A8%D9%83%D9%81%D8%A7%D8%A6%D8%A9
الصفحة المطلوبة غير موجودة,Non trouvé,Non trouvé,Non trouvé,Aucun avis,Inconnu,Inconnu,Aucun tag,https://khamsat.com/marketing/social-media-management/2936082-%D8%A7%D8%AF%D8%A7%D8%B1%D8%A9-%D8%AD%D8%B3%D8%A7%D8%A8-%D8%A7%D9%84%D8%A7%D9%86%D8%B3%D8%AA%D9%82%D8%B1%D8%A7%D9%85
إدارة مواقع وحسابات وصفحات السوشيل ميديا,.Osama A,0,0,Aucun avis,تسويق رقمي,التسويق عبر مواقع التواصل,"تصميم, تسويق, كتابة, إدارة, تسويق إلكتروني",https://khamsat.com/marketing/social-media-management/2484528-%D8%A5%D8%AF%D8%A7%D8%B1%D8%A9-%D9%85%D9%88%D8%A7%D9%82%D8%B9-%D9%88%D8%AD%D8%B3%D8%A7%D8%A8%D8%A7%D8%AA-%D9%88%D8%B5%D9%81%D8%AD%D8%A7%D8%AA-%D8%A7%D9%84%D8%B3%D9%88%D8%B4%D9%8A%D9%84-%D9%85%D9%8A%D8%AF%D9%8A%D8%A7
إدارة حسابات التواصل الاجتماعي,.Samar B,0,0,Aucun avis,تسويق رقمي,التسويق عبر مواقع التواصل,"كتابة, فيسبوك, انستقرام, ادارة صفحات, إدارة صفحات",https://khamsat.com/marketing/social-media-management/2987904-%D8%A5%D8%AF%D8%A7%D8%B1%D8%A9-%D8%AD%D8%B3%D8%A7%D8%A8%D8%A7%D8%AA-%D8%A7%D9%84%D8%AA%D9%88%D8%A7%D8%B5%D9%84-%D8%A7%D9%84%D8%A7%D8%AC%D8%AA%D9%85%D8%A7%D8%B9%D9%8A
إدارة حسابات التواصل الاجتماعي,Non trouvé,Non trouvé,Non trouvé,Aucun avis,تسويق رقمي,التسويق عبر مواقع التواصل,Aucun tag,https://khamsat.com/marketing/social-media-management/3835419-%D8%A5%D8%AF%D8%A7%D8%B1%D8%A9-%D8%A7%D8%AD%D8%AA%D8%B1%D8%A7%D9%81%D9%8A%D8%A9-%D9%84%D8%B5%D9%81%D8%AD%D8%A7%D8%AA-%D9%81%D9%8A%D8%B3%D8%A8%D9%88%D9%83-%D9%88%D8%A5%D9%86%D8%B3%D8%AA%D8%BA%D8%B1%D8%A7%D9%85
سأدير صفحتك علي فيسبوك باحترافية,.Sama W,0,0,Aucun avis,تسويق رقمي,التسويق عبر مواقع التواصل,"تسويق, فيسبوك, صفحة, تواصل اجتماعي, إدارة صفحات",https://khamsat.com/marketing/social-media-management/3859991-%D8%B3%D8%A3%D8%AF%D9%8A%D8%B1-%D8%B5%D9%81%D8%AD%D8%AA%D9%83-%D8%B9%D9%84%D9%8A-%D9%81%D9%8A%D8%B3%D8%A8%D9%88%D9%83-%D8%A8%D8%A7%D8%AD%D8%AA%D8%B1%D8%A7%D9%81%D9%8A%D8%A9
تسويق وتصميم وإدارة حسابات السوشال ميديا,.Salsabeel A,0,0,Aucun avis,تسويق رقمي,التسويق عبر مواقع التواصل,"تصميم, انستجرام, إدارة صفحات, مواقع التواصل الاجتماعي, التسويق بالمحتوى",https://khamsat.com/marketing/social-media-management/3718151-%D8%AA%D8%B3%D9%88%D9%8A%D9%82-%D9%88%D8%AA%D8%B5%D9%85%D9%8A%D9%85-%D9%88%D8%A5%D8%AF%D8%A7%D8%B1%D8%A9-%D8%AD%D8%B3%D8%A7%D8%A8%D8%A7%D8%AA-%D8%A7%D9%84%D8%B3%D9%88%D8%B4%D8%A7%D9%84-%D9%85%D9%8A%D8%AF%D9%8A%D8%A7
ادارة حساباتك على  موقع فيسبوك,.Shahd S,0,0,Aucun avis,تسويق رقمي,التسويق عبر مواقع التواصل,"اعلان, تسويق, تواصل, ادارة صفحات, تصميم بوستات سوشيال ميديا",https://khamsat.com/marketing/social-media-management/3609186-%D8%A7%D8%AF%D8%A7%D8%B1%D8%A9-%D8%AD%D8%B3%D8%A7%D8%A8%D8%A7%D8%AA%D9%83-%D8%B9%D9%84%D9%89-%D9%85%D9%88%D9%82%D8%B9-%D9%81%D9%8A%D8%B3%D8%A8%D9%88%D9%83
أدارة صفحات فيسبوك و أنستجرام,.Andrew O,0,0,Aucun avis,تسويق رقمي,التسويق عبر مواقع التواصل,"فيسبوك, انستغرام, ادارة صفحات, مواقع التواصل الاجتماعي, سوشيال ميديا",https://khamsat.com/marketing/social-media-management/3071245-%D8%A3%D8%AF%D8%A7%D8%B1%D8%A9-%D8%B5%D9%81%D8%AD%D8%A7%D8%AA-%D9%81%D9%8A%D8%B3%D8%A8%D9%88%D9%83-%D9%88-%D8%A3%D9%86%D8%B3%D8%AA%D8%AC%D8%B1%D8%A7%D9%85
إدارة حسابات التواصل الاجتماعي,Non trouvé,Non trouvé,Non trouvé,Aucun avis,تسويق رقمي,التسويق عبر مواقع التواصل,Aucun tag,https://khamsat.com/marketing/social-media-management/3787285-%D8%A5%D8%AF%D8%A7%D8%B1%D8%A9-%D9%88%D8%AA%D8%B3%D9%88%D9%8A%D9%82-%D8%AD%D8%B3%D8%A7%D8%A8-%D8%A5%D9%86%D8%B3%D8%AA%D8%BA%D8%B1%D8%A7%D9%85-%D8%A8%D8%A7%D8%AD%D8%AA%D8%B1%D8%A7%D9%81-%D9%84%D8%B2%D9%8A%D8%A7%D8%AF%D8%A9-%D8%A7%D9%84%D8%A7%D9%86%D8%AA%D8%B4%D8%A7%D8%B1-%D9%88%D8%A7%D9%84%D8%AC%D9%85%D9%87%D9%88%D8%B1
إدارة حسابات التواصل الإجتماعي,.Mennatallah R,0,0,Aucun avis,تسويق رقمي,التسويق عبر مواقع التواصل,"تسويق, إدارة صفحات, مواقع التواصل الاجتماعي, سوشيال ميديا, وسائل تواصل اجتماعي",https://khamsat.com/marketing/social-media-management/3342198-%D8%A5%D8%AF%D8%A7%D8%B1%D8%A9-%D8%AD%D8%B3%D8%A7%D8%A8%D8%A7%D8%AA-%D8%A7%D9%84%D8%AA%D9%88%D8%A7%D8%B5%D9%84-%D8%A7%D9%84%D8%A5%D8%AC%D8%AA%D9%85%D8%A7%D8%B9%D9%8A
ادارة الصفحات على منصات التواصل الاجتماعي,.Ramy M,0,0,Aucun avis,تسويق رقمي,التسويق عبر مواقع التواصل,"تسويق, فيس بوك, فيس, تواصل اجتماعي, سوشيال ميديا",https://khamsat.com/marketing/social-media-management/3666178-%D8%A7%D8%AF%D8%A7%D8%B1%D8%A9-%D8%A7%D9%84%D8%B5%D9%81%D8%AD%D8%A7%D8%AA-%D8%B9%D9%84%D9%89-%D9%85%D9%86%D8%B5%D8%A7%D8%AA-%D8%A7%D9%84%D8%AA%D9%88%D8%A7%D8%B5%D9%84-%D8%A7%D9%84%D8%A7%D8%AC%D8%AA%D9%85%D8%A7%D8%B9%D9%8A
إدارة جميع صفحات التواصل الاجتماعي واليوتيوب,عمر أ.,0,0,Aucun avis,تسويق رقمي,التسويق عبر مواقع التواصل,"تسويق, صفحات, إدارة, المتابعين, التواصل",https://khamsat.com/marketing/social-media-management/2164898-%D8%A5%D8%AF%D8%A7%D8%B1%D8%A9-%D8%AC%D9%85%D9%8A%D8%B9-%D8%B5%D9%81%D8%AD%D8%A7%D8%AA-%D8%A7%D9%84%D8%AA%D9%88%D8%A7%D8%B5%D9%84-%D8%A7%D9%84%D8%A7%D8%AC%D8%AA%D9%85%D8%A7%D8%B9%D9%8A-%D9%88%D8%A7%D9%84%D9%8A%D9%88%D8%AA%D9%8A%D9%88%D8%A8
خدمة عملاء و إدارة الصفحات,.Mohamed A,1,1,منذ سنة و11 يوم,تسويق رقمي,التسويق عبر مواقع التواصل,"فيس بوك, دعم فني, تطبيق, تطبيقات, خدمة عملاء, ادارة, service, ادارة صفحات, سوشيل",https://khamsat.com/marketing/social-media-management/2686186-%D8%AE%D8%AF%D9%85%D8%A9-%D8%B9%D9%85%D9%84%D8%A7%D8%A1-%D9%88-%D8%A5%D8%AF%D8%A7%D8%B1%D8%A9-%D8%A7%D9%84%D8%B5%D9%81%D8%AD%D8%A7%D8%AA
إدارة حسابات التواصل الأجتماعي بأحترافية,.Hatem A,0,0,Aucun avis,تسويق رقمي,التسويق عبر مواقع التواصل,"تسويق الكتروني, التسويق, social media, ادارة صفحات, سوشيال ميديا",https://khamsat.com/marketing/social-media-management/3078406-%D8%A5%D8%AF%D8%A7%D8%B1%D8%A9-%D8%AD%D8%B3%D8%A7%D8%A8%D8%A7%D8%AA-%D8%A7%D9%84%D8%AA%D9%88%D8%A7%D8%B5%D9%84-%D8%A7%D9%84%D8%A3%D8%AC%D8%AA%D9%85%D8%A7%D8%B9%D9%8A-%D8%A8%D8%A3%D8%AD%D8%AA%D8%B1%D8%A7%D9%81%D9%8A%D8%A9
إدارة حسابات التواصل الاجتماعي,صفاء ا.,5,4,منذ سنتين وشهرين,تسويق رقمي,التسويق عبر مواقع التواصل,"تسويق, ترويج, facebook, ads, instagram",https://khamsat.com/marketing/social-media-management/2249472-%D8%A5%D8%AF%D8%A7%D8%B1%D8%A9-%D8%AD%D8%B3%D8%A7%D8%A8%D8%A7%D8%AA-%D8%A7%D9%84%D8%AA%D9%88%D8%A7%D8%B5%D9%84-%D8%A7%D9%84%D8%A7%D8%AC%D8%AA%D9%85%D8%A7%D8%B9%D9%8A
إدارة بيدجات السوشيال ميديا,هبه ا.,0,0,Aucun avis,تسويق رقمي,التسويق عبر مواقع التواصل,"تصميم, شعار, تطوير, لوجو, كتابة",https://khamsat.com/marketing/social-media-management/3254657-%D8%A5%D8%AF%D8%A7%D8%B1%D8%A9-%D8%A8%D9%8A%D8%AF%D8%AC%D8%A7%D8%AA-%D8%A7%D9%84%D8%B3%D9%88%D8%B4%D9%8A%D8%A7%D9%84-%D9%85%D9%8A%D8%AF%D9%8A%D8%A7
خدمة عملاء لكافة مواقع التواصل الاجتماعي,أحمد أ.,0,0,Aucun avis,تسويق رقمي,التسويق عبر مواقع التواصل,"تسويق, دعم, خدمة, الرد, خدمة العملاء",https://khamsat.com/marketing/social-media-management/2775476-%D8%AE%D8%AF%D9%85%D8%A9-%D8%B9%D9%85%D9%84%D8%A7%D8%A1-%D9%84%D9%83%D8%A7%D9%81%D8%A9-%D9%85%D9%88%D8%A7%D9%82%D8%B9-%D8%A7%D9%84%D8%AA%D9%88%D8%A7%D8%B5%D9%84-%D8%A7%D9%84%D8%A7%D8%AC%D8%AA%D9%85%D8%A7%D8%B9%D9%8A
إدارة صفحات السوشيال الميديا باحتراف,نغم د.,0,0,Aucun avis,تسويق رقمي,التسويق عبر مواقع التواصل,"فيسبوك, انستجرام, ادارة صفحات, سوشيال, مواقع التواصل الاجتماعي",https://khamsat.com/marketing/social-media-management/3881689-%D8%A5%D8%AF%D8%A7%D8%B1%D8%A9-%D8%B5%D9%81%D8%AD%D8%A7%D8%AA-%D8%A7%D9%84%D8%B3%D9%88%D8%B4%D9%8A%D8%A7%D9%84-%D8%A7%D9%84%D9%85%D9%8A%D8%AF%D9%8A%D8%A7-%D8%A8%D8%A7%D8%AD%D8%AA%D8%B1%D8%A7%D9%81
إدارة صفحات ومجموعات فيس بوك في كل المجالات تسويق، دعايا,.Wafaa M,3,3,منذ 4 سنوات و7 أشهر,تسويق رقمي,التسويق عبر مواقع التواصل,"تسويق, فيس, بوك, صفحات, إدارة",https://khamsat.com/marketing/social-media-management/1633020-%D8%A5%D8%AF%D8%A7%D8%B1%D8%A9-%D8%B5%D9%81%D8%AD%D8%A7%D8%AA-%D9%88%D9%85%D8%AC%D9%85%D9%88%D8%B9%D8%A7%D8%AA-%D9%81%D9%8A%D8%B3-%D8%A8%D9%88%D9%83-%D9%81%D9%8A-%D9%83%D9%84-%D8%A7%D9%84%D9%85%D8%AC%D8%A7%D9%84%D8%A7%D8%AA-%D8%AA%D8%B3%D9%88%D9%8A%D9%82-%D8%AF%D8%B9%D8%A7%D9%8A%D8%A7
تطوير حسابك علي لينكدان باحترافية تجذب العملاء والوظائف,علياء ح.,0,0,Aucun avis,تسويق رقمي,التسويق عبر مواقع التواصل,"تصميم, تطوير, مقالات, لينكدان",https://khamsat.com/marketing/social-media-management/3773907-%D8%AA%D8%B7%D9%88%D9%8A%D8%B1-%D8%AD%D8%B3%D8%A7%D8%A8%D9%83-%D8%B9%D9%84%D9%8A-%D9%84%D9%8A%D9%86%D9%83%D8%AF%D8%A7%D9%86-%D8%A8%D8%A7%D8%AD%D8%AA%D8%B1%D8%A7%D9%81%D9%8A%D8%A9-%D8%AA%D8%AC%D8%B0%D8%A8-%D8%A7%D9%84%D8%B9%D9%85%D9%84%D8%A7%D8%A1-%D9%88%D8%A7%D9%84%D9%88%D8%B8%D8%A7%D8%A6%D9%81
إعداد حساب احترافي على منصة LinkedIn,محي الدين ا.,0,0,Aucun avis,تسويق رقمي,التسويق عبر مواقع التواصل,"تصميم, تطوير, مواقع, كتابة, linkedin",https://khamsat.com/marketing/social-media-management/3169219-%D8%A5%D8%B9%D8%AF%D8%A7%D8%AF-%D8%AD%D8%B3%D8%A7%D8%A8-%D8%A7%D8%AD%D8%AA%D8%B1%D8%A7%D9%81%D9%8A-%D8%B9%D9%84%D9%89-%D9%85%D9%86%D8%B5%D8%A9-linkedin
إدارة قنوات تليجرام إدارة احترافية منشورات مترجمة,.Maiy S,1,1,منذ 4 أشهر و15 يوم,تسويق رقمي,التسويق عبر مواقع التواصل,"دعاية, marketing, telegram, تلجرام, تليجرام",https://khamsat.com/marketing/social-media-management/2059327-%D8%A5%D8%AF%D8%A7%D8%B1%D8%A9-%D9%82%D9%86%D9%88%D8%A7%D8%AA-%D8%AA%D9%84%D9%8A%D8%AC%D8%B1%D8%A7%D9%85-%D8%A5%D8%AF%D8%A7%D8%B1%D8%A9-%D8%A7%D8%AD%D8%AA%D8%B1%D8%A7%D9%81%D9%8A%D8%A9-%D9%85%D9%86%D8%B4%D9%88%D8%B1%D8%A7%D8%AA-%D9%85%D8%AA%D8%B1%D8%AC%D9%85%D8%A9
إداره صفحات إنستاجرام وفيسبوك,.Ahmad Y,0,0,Aucun avis,تسويق رقمي,التسويق عبر مواقع التواصل,"فيسبوك, اداره, إنستجرام, إنستقرام, إدارة صفحات",https://khamsat.com/marketing/social-media-management/3135706-%D8%A5%D8%AF%D8%A7%D8%B1%D9%87-%D8%B5%D9%81%D8%AD%D8%A7%D8%AA-%D8%A5%D9%86%D8%B3%D8%AA%D8%A7%D8%AC%D8%B1%D8%A7%D9%85-%D9%88%D9%81%D9%8A%D8%B3%D8%A8%D9%88%D9%83
الصفحة المطلوبة غير موجودة,Non trouvé,Non trouvé,Non trouvé,Aucun avis,Inconnu,Inconnu,Aucun tag,https://khamsat.com/marketing/social-media-management/3883773-%D8%A7%D9%84%D8%A7%D8%AF%D8%A7%D8%B1%D8%A9-%D9%88%D8%A7%D9%84%D8%A7%D8%B9%D9%84%D8%A7%D9%86-%D8%B9%D9%84%D9%8A-%D8%AD%D8%B3%D8%A7%D8%A8%D8%A7%D8%AA-%D8%A7%D9%84%D8%AA%D9%88%D8%A7%D8%B5%D9%84-%D8%A7%D9%84%D8%A7%D8%AC%D8%AA%D9%85%D8%A7%D8%B9%D9%8A
ادارة حسابات السوشيال ميديا انستجرام فيس بوك تيك توك,ملك م.,0,0,Aucun avis,تسويق رقمي,التسويق عبر مواقع التواصل,"تصميم, فيس بوك, ادارة صفحات, الانستجرام, سوشيال ميديا",https://khamsat.com/marketing/social-media-management/3866898-%D8%A7%D8%AF%D8%A7%D8%B1%D8%A9-%D8%AD%D8%B3%D8%A7%D8%A8%D8%A7%D8%AA-%D8%A7%D9%84%D8%B3%D9%88%D8%B4%D9%8A%D8%A7%D9%84-%D9%85%D9%8A%D8%AF%D9%8A%D8%A7-%D8%A7%D9%86%D8%B3%D8%AA%D8%AC%D8%B1%D8%A7%D9%85-%D9%81%D9%8A%D8%B3-%D8%A8%D9%88%D9%83-%D8%AA%D9%8A%D9%83-%D8%AA%D9%88%D9%83
إدارة صفحات فيسبوك والرد على العملاء,.Ahmed B,0,0,Aucun avis,تسويق رقمي,التسويق عبر مواقع التواصل,"كتابة, فيسبوك, facebook, الفيسبوك, إدارة صفحات",https://khamsat.com/marketing/social-media-management/3672297-%D8%A5%D8%AF%D8%A7%D8%B1%D8%A9-%D8%B5%D9%81%D8%AD%D8%A7%D8%AA-%D9%81%D9%8A%D8%B3%D8%A8%D9%88%D9%83-%D9%88%D8%A7%D9%84%D8%B1%D8%AF-%D8%B9%D9%84%D9%89-%D8%A7%D9%84%D8%B9%D9%85%D9%84%D8%A7%D8%A1
الصفحة المطلوبة غير موجودة,Non trouvé,Non trouvé,Non trouvé,Aucun avis,Inconnu,Inconnu,Aucun tag,https://khamsat.com/marketing/social-media-management/3791474-%D8%A5%D8%AF%D8%A7%D8%B1%D8%A9-%D8%B5%D9%81%D8%AD%D8%A7%D8%AA-%D8%A7%D9%84%D8%B3%D9%88%D8%B4%D9%8A%D8%A7%D9%84-%D9%85%D9%8A%D8%AF%D9%8A%D8%A7-%D9%81%D9%8A%D8%B3%D8%A8%D9%88%D9%83-%D9%88-%D8%A5%D9%86%D8%B3%D8%AA%D8%AC%D8%B1%D8%A7%D9%85
ادارة منصات التواصل الاجتماعي,.Nermen Y,0,0,Aucun avis,تسويق رقمي,التسويق عبر مواقع التواصل,"تصميم, فيس, صفحات, ميديا, سوشيال ميديا",https://khamsat.com/marketing/social-media-management/3806661-%D8%A7%D8%AF%D8%A7%D8%B1%D8%A9-%D9%85%D9%86%D8%B5%D8%A7%D8%AA-%D8%A7%D9%84%D8%AA%D9%88%D8%A7%D8%B5%D9%84-%D8%A7%D9%84%D8%A7%D8%AC%D8%AA%D9%85%D8%A7%D8%B9%D9%8A
إدارة صفحات سوشل ميديا ب احترافية,عبير ا.,0,0,Aucun avis,تسويق رقمي,التسويق عبر مواقع التواصل,"فيسبوك, منشورات, instagram, ادارة صفحات, تصميم بوستات سوشيال ميديا",https://khamsat.com/marketing/social-media-management/3601956-%D8%A5%D8%AF%D8%A7%D8%B1%D8%A9-%D8%B5%D9%81%D8%AD%D8%A7%D8%AA-%D8%B3%D9%88%D8%B4%D9%84-%D9%85%D9%8A%D8%AF%D9%8A%D8%A7-%D8%A8-%D8%A7%D8%AD%D8%AA%D8%B1%D8%A7%D9%81%D9%8A%D8%A9
إدارة صفحاتك باحتراف Moderator للرد على التعليقات والرسائل,.Mawada S,0,0,Aucun avis,تسويق رقمي,التسويق عبر مواقع التواصل,"دعم فني, خدمة عملاء, استفسارات, إدارة صفحات, سوشيال ميديا",https://khamsat.com/marketing/social-media-management/3850238-%D8%A5%D8%AF%D8%A7%D8%B1%D8%A9-%D8%B5%D9%81%D8%AD%D8%A7%D8%AA%D9%83-%D8%A8%D8%A7%D8%AD%D8%AA%D8%B1%D8%A7%D9%81-moderator%D9%84%D9%84%D8%B1%D8%AF-%D8%B9%D9%84%D9%89-%D8%A7%D9%84%D8%AA%D8%B9%D9%84%D9%8A%D9%82%D8%A7%D8%AA-%D9%88%D8%A7%D9%84%D8%B1%D8%B3%D8%A7%D8%A6%D9%84
إدارة حسابات التواصل الإجتماعي,.Abdelaleem O,0,0,Aucun avis,تسويق رقمي,التسويق عبر مواقع التواصل,"فيس بوك, تسويق الكتروني, كتابة محتوى, إدارة صفحات, مواقع التواصل الاجتماعي",https://khamsat.com/marketing/social-media-management/3104355-%D8%A5%D8%AF%D8%A7%D8%B1%D8%A9-%D8%AD%D8%B3%D8%A7%D8%A8%D8%A7%D8%AA-%D8%A7%D9%84%D8%AA%D9%88%D8%A7%D8%B5%D9%84-%D8%A7%D9%84%D8%A5%D8%AC%D8%AA%D9%85%D8%A7%D8%B9%D9%8A
إدارة حسابات التواصل الإجتماعي,محمد م.,2,2,منذ سنتين و9 أشهر,تسويق رقمي,التسويق عبر مواقع التواصل,"تويتر, كتابة, فيسبوك, اعلانات جوجل, انستجرام, ادارة صفحات, سوشيال ميديا, اعلانات ممولة, سناب شات, تيك توك",https://khamsat.com/marketing/social-media-management/2482500-%D8%A5%D8%AF%D8%A7%D8%B1%D8%A9-%D8%AD%D8%B3%D8%A7%D8%A8%D8%A7%D8%AA-%D8%A7%D9%84%D8%AA%D9%88%D8%A7%D8%B5%D9%84-%D8%A7%D9%84%D8%A5%D8%AC%D8%AA%D9%85%D8%A7%D8%B9%D9%8A
إدارة سوشيال ميديا شاملة,.Reem K,1,1,منذ 5 أشهر و22 يوم,تسويق رقمي,التسويق عبر مواقع التواصل,"كتابة محتوى, إدارة صفحات, سوشيل ميديا, خطة محتوى, تصميم بوستات سوشيال ميديا",https://khamsat.com/marketing/social-media-management/3852310-%D8%A5%D8%AF%D8%A7%D8%B1%D8%A9-%D8%B3%D9%88%D8%B4%D9%8A%D8%A7%D9%84-%D9%85%D9%8A%D8%AF%D9%8A%D8%A7-%D8%B4%D8%A7%D9%85%D9%84%D8%A9
الصفحة المطلوبة غير موجودة,Non trouvé,Non trouvé,Non trouvé,Aucun avis,Inconnu,Inconnu,Aucun tag,https://khamsat.com/marketing/social-media-management/3306683-%D8%A7%D8%AF%D8%A7%D8%B1%D8%A9-%D9%85%D9%88%D8%A7%D9%82%D8%B9-%D8%A7%D9%84%D8%AA%D9%88%D8%A7%D8%B5%D9%84-%D8%A7%D9%84%D8%A7%D8%AC%D8%AA%D9%85%D8%A7%D8%B9%D9%8A
إدارة ذكية لصفحتك لتفاعل أكبر ونجاح مستمر,.Shrouk A,0,0,Aucun avis,تسويق رقمي,التسويق عبر مواقع التواصل,"فيسبوك, تسويق الكتروني, اعلان فيسبوك, إدارة صفحات, سوشيال ميديا",https://khamsat.com/marketing/social-media-management/3137515-%D8%A5%D8%AF%D8%A7%D8%B1%D8%A9-%D8%B0%D9%83%D9%8A%D8%A9-%D9%84%D8%B5%D9%81%D8%AD%D8%AA%D9%83-%D9%84%D8%AA%D9%81%D8%A7%D8%B9%D9%84-%D8%A3%D9%83%D8%A8%D8%B1-%D9%88%D9%86%D8%AC%D8%A7%D8%AD-%D9%85%D8%B3%D8%AA%D9%85%D8%B1
إدارة الحسابات على Snapchat,رامي ح.,0,0,Aucun avis,تسويق رقمي,التسويق عبر مواقع التواصل,"تسويق الكتروني, مواقع التواصل الاجتماعي, سوشيال ميديا, snapchat, سناب شات",https://khamsat.com/marketing/social-media-management/3654009-%D8%A5%D8%AF%D8%A7%D8%B1%D8%A9-%D8%A7%D9%84%D8%AD%D8%B3%D8%A7%D8%A8%D8%A7%D8%AA-%D8%B9%D9%84%D9%89-snapchat
الاشراف و ادارة حسابات مواقع التواصل الاجتماعي مع تنظيمها .,أمال ز.,1,1,منذ 4 سنوات و4 أشهر,تسويق رقمي,التسويق عبر مواقع التواصل,"تسويق, فيسبوك, حسابات, حساب, محتوى, ادارة, انستغرام",https://khamsat.com/marketing/social-media-management/1974637-%D8%A7%D9%84%D8%A7%D8%B4%D8%B1%D8%A7%D9%81-%D9%88-%D8%A7%D8%AF%D8%A7%D8%B1%D8%A9-%D8%AD%D8%B3%D8%A7%D8%A8%D8%A7%D8%AA-%D9%85%D9%88%D8%A7%D9%82%D8%B9-%D8%A7%D9%84%D8%AA%D9%88%D8%A7%D8%B5%D9%84-%D8%A7%D9%84%D8%A7%D8%AC%D8%AA%D9%85%D8%A7%D8%B9%D9%8A-%D9%85%D8%B9-%D8%AA%D9%86%D8%B8%D9%8A%D9%85%D9%87%D8%A7-
إدارة حسابات التواصل الإجتماعي,رامي ح.,0,0,Aucun avis,تسويق رقمي,التسويق عبر مواقع التواصل,"حسابات, إدارة, إدارة صفحات, مواقع التواصل الاجتماعي, سوشل ميديا",https://khamsat.com/marketing/social-media-management/3652490-%D8%A5%D8%AF%D8%A7%D8%B1%D8%A9-%D8%AD%D8%B3%D8%A7%D8%A8%D8%A7%D8%AA-%D8%A7%D9%84%D8%AA%D9%88%D8%A7%D8%B5%D9%84-%D8%A7%D9%84%D8%A5%D8%AC%D8%AA%D9%85%D8%A7%D8%B9%D9%8A
إدارة صفحة الفايسبوك,مريم ا.,19,11,منذ 29 يوم و14 ساعة,تسويق رقمي,التسويق عبر مواقع التواصل,فايسبوك,https://khamsat.com/marketing/social-media-management/764850-%D8%A5%D8%AF%D8%A7%D8%B1%D8%A9-%D8%B5%D9%81%D8%AD%D8%A9-%D8%A7%D9%84%D9%81%D8%A7%D9%8A%D8%B3%D8%A8%D9%88%D9%83
الصفحة المطلوبة غير موجودة,Non trouvé,Non trouvé,Non trouvé,Aucun avis,Inconnu,Inconnu,Aucun tag,https://khamsat.com/marketing/social-media-management/3319941-%D8%A5%D8%AF%D8%A7%D8%B1%D8%A9-%D9%88-%D8%A5%D8%B4%D8%B1%D8%A7%D9%81-%D8%A7%D8%AD%D8%AA%D8%B1%D8%A7%D9%81%D9%8A-%D9%84%D8%AD%D8%B3%D8%A7%D8%A8%D9%83-%D8%A3%D9%88-%D9%85%D8%AC%D9%85%D9%88%D8%B9%D8%AA%D9%83-%D8%B9%D9%84%D9%89-%D9%85%D9%86%D8%B5%D8%A7%D8%AA-%D8%A7%D9%84%D8%AA%D9%88%D8%A7%D8%B5%D9%84
ادارة وسائل تواصل اجتماعي,منة الله م.,0,1,منذ 10 أشهر و10 أيام,تسويق رقمي,التسويق عبر مواقع التواصل,"تسويق, كتابة, فيسبوك, إعلانات, ادارة",https://khamsat.com/marketing/social-media-management/3136770-%D8%A7%D8%AF%D8%A7%D8%B1%D8%A9-%D9%88%D8%B3%D8%A7%D8%A6%D9%84-%D8%AA%D9%88%D8%A7%D8%B5%D9%84-%D8%A7%D8%AC%D8%AA%D9%85%D8%A7%D8%B9%D9%8A
Social media moderation ادارة التعليقات والرسائل علي الصفحات,اسراء ش.,0,0,Aucun avis,تسويق رقمي,التسويق عبر مواقع التواصل,"instagram, social media, ادارة صفحات, community management, moderator",https://khamsat.com/marketing/social-media-management/3749177-social-media-moderation-%D8%A7%D8%AF%D8%A7%D8%B1%D8%A9-%D8%A7%D9%84%D8%AA%D8%B9%D9%84%D9%8A%D9%82%D8%A7%D8%AA-%D9%88%D8%A7%D9%84%D8%B1%D8%B3%D8%A7%D8%A6%D9%84-%D8%B9%D9%84%D9%8A-%D8%A7%D9%84%D8%B5%D9%81%D8%AD%D8%A7%D8%AA
إدارة صفحات السوشيال ميديا باحترافية,.Aumer H,3,3,منذ 3 أشهر و4 أيام,تسويق رقمي,التسويق عبر مواقع التواصل,"تسويق, كتابة محتوى, إدارة صفحات, سوشيال ميديا, تصميم بوستات سوشيال ميديا",https://khamsat.com/marketing/social-media-management/3630863-%D8%A5%D8%AF%D8%A7%D8%B1%D8%A9-%D8%B5%D9%81%D8%AD%D8%A7%D8%AA-%D8%A7%D9%84%D8%B3%D9%88%D8%B4%D9%8A%D8%A7%D9%84-%D9%85%D9%8A%D8%AF%D9%8A%D8%A7-%D8%A8%D8%A7%D8%AD%D8%AA%D8%B1%D8%A7%D9%81%D9%8A%D8%A9
ادارة صفحات التواصل الاجتماعي,.Muhammad M,1,1,منذ 7 أشهر و7 أيام,تسويق رقمي,التسويق عبر مواقع التواصل,"تسويق, فيسبوك, انستجرام, تحليلات, سوشيل ميديا",https://khamsat.com/marketing/social-media-management/3062743-%D8%A7%D8%AF%D8%A7%D8%B1%D8%A9-%D8%B5%D9%81%D8%AD%D8%A7%D8%AA-%D8%A7%D9%84%D8%AA%D9%88%D8%A7%D8%B5%D9%84-%D8%A7%D9%84%D8%A7%D8%AC%D8%AA%D9%85%D8%A7%D8%B9%D9%8A
إدارة صفحات على منصتي  فيسبوك وانستاغرام,لجين ا.,0,0,Aucun avis,تسويق رقمي,التسويق عبر مواقع التواصل,"فيسبوك, صفحات, إدارة, انستا",https://khamsat.com/marketing/social-media-management/1741877-%D8%A5%D8%AF%D8%A7%D8%B1%D8%A9-%D8%B5%D9%81%D8%AD%D8%A7%D8%AA-%D8%B9%D9%84%D9%89-%D9%85%D9%86%D8%B5%D8%AA%D9%8A-%D9%81%D9%8A%D8%B3%D8%A8%D9%88%D9%83-%D9%88%D8%A7%D9%86%D8%B3%D8%AA%D8%A7%D8%BA%D8%B1%D8%A7%D9%85
إدارة حسابات التواصل الأجتماعي,.Mayada M,0,0,Aucun avis,تسويق رقمي,التسويق عبر مواقع التواصل,"تسويق الكتروني, كتابة محتوى, إدارة صفحات, تصميمات سوشيال ميديا, إعلانات سوشيال ميديا",https://khamsat.com/marketing/social-media-management/3882038-%D8%A5%D8%AF%D8%A7%D8%B1%D8%A9-%D8%AD%D8%B3%D8%A7%D8%A8%D8%A7%D8%AA-%D8%A7%D9%84%D8%AA%D9%88%D8%A7%D8%B5%D9%84-%D8%A7%D9%84%D8%A3%D8%AC%D8%AA%D9%85%D8%A7%D8%B9%D9%8A
سأكتب لك محتوى سوشيال ميديا يحكي قصة براندك ويشد الانتباه,.Amal A,0,0,Aucun avis,تسويق رقمي,التسويق عبر مواقع التواصل,"اعلان, تطوير, مواقع, كتابة, سوشل ميديا",https://khamsat.com/marketing/social-media-management/3442941-%D8%B3%D8%A3%D9%83%D8%AA%D8%A8-%D9%84%D9%83-%D9%85%D8%AD%D8%AA%D9%88%D9%89-%D8%B3%D9%88%D8%B4%D9%8A%D8%A7%D9%84-%D9%85%D9%8A%D8%AF%D9%8A%D8%A7-%D9%8A%D8%AD%D9%83%D9%8A-%D9%82%D8%B5%D8%A9-%D8%A8%D8%B1%D8%A7%D9%86%D8%AF%D9%83-%D9%88%D9%8A%D8%B4%D8%AF-%D8%A7%D9%84%D8%A7%D9%86%D8%AA%D8%A8%D8%A7%D9%87
تفعيل خدمه تيك توك لايف - Tiktok Live علي حسابك,.Moheb Y,1,0,Aucun avis,تسويق رقمي,التسويق عبر مواقع التواصل,"حسابات, تفعيل, مباشر, بث, followers, ادارة, لايف, live, توك, تيك",https://khamsat.com/marketing/social-media-management/2293855-%D8%AA%D9%81%D8%B9%D9%8A%D9%84-%D8%AE%D8%AF%D9%85%D9%87-%D8%AA%D9%8A%D9%83-%D8%AA%D9%88%D9%83-%D9%84%D8%A7%D9%8A%D9%81-tiktok-live-%D8%B9%D9%84%D9%8A-%D8%AD%D8%B3%D8%A7%D8%A8%D9%83
إدارة  حسابات التواصل الاجتماعي,.Sara S,3,2,منذ 3 سنوات و8 أشهر,تسويق رقمي,التسويق عبر مواقع التواصل,"تسويق, فيسبوك, صفحات, إلكتروني, ميديا",https://khamsat.com/marketing/social-media-management/2137744-%D8%A5%D8%AF%D8%A7%D8%B1%D8%A9-%D8%AD%D8%B3%D8%A7%D8%A8%D8%A7%D8%AA-%D8%A7%D9%84%D8%AA%D9%88%D8%A7%D8%B5%D9%84-%D8%A7%D9%84%D8%A7%D8%AC%D8%AA%D9%85%D8%A7%D8%B9%D9%8A
كتابة محتوى تسويقي ابداعي وجذاب,احمد ز.,1,0,Aucun avis,تسويق رقمي,التسويق عبر مواقع التواصل,"كتابة محتوى, بوستات, مواقع التواصل الاجتماعي, سوشيال ميديا, وصف منتجات",https://khamsat.com/marketing/social-media-management/3428195-%D9%83%D8%AA%D8%A7%D8%A8%D8%A9-%D9%85%D8%AD%D8%AA%D9%88%D9%89-%D8%AA%D8%B3%D9%88%D9%8A%D9%82%D9%8A-%D8%A7%D8%A8%D8%AF%D8%A7%D8%B9%D9%8A-%D9%88%D8%AC%D8%B0%D8%A7%D8%A8
ادارة حسابات السوشيال الميديا,.Dina A,0,0,Aucun avis,تسويق رقمي,التسويق عبر مواقع التواصل,"تسويق, تسويق الكتروني, خطة تسويقية, ادارة صفحات, سوشيال ميديا",https://khamsat.com/marketing/social-media-management/3824415-%D8%A7%D8%AF%D8%A7%D8%B1%D8%A9-%D8%AD%D8%B3%D8%A7%D8%A8%D8%A7%D8%AA-%D8%A7%D9%84%D8%B3%D9%88%D8%B4%D9%8A%D8%A7%D9%84-%D8%A7%D9%84%D9%85%D9%8A%D8%AF%D9%8A%D8%A7
كتابة محتوى للسوشيال ميديا بأنواعه المختلفة,.Dina A,0,0,Aucun avis,تسويق رقمي,التسويق عبر مواقع التواصل,"تسويق, كتابة, كتابة محتوى, محتوى, سوشيل ميديا",https://khamsat.com/marketing/social-media-management/3729845-%D9%83%D8%AA%D8%A7%D8%A8%D8%A9-%D9%85%D8%AD%D8%AA%D9%88%D9%89-%D9%84%D9%84%D8%B3%D9%88%D8%B4%D9%8A%D8%A7%D9%84-%D9%85%D9%8A%D8%AF%D9%8A%D8%A7-%D8%A8%D8%A3%D9%86%D9%88%D8%A7%D8%B9%D9%87-%D8%A7%D9%84%D9%85%D8%AE%D8%AA%D9%84%D9%81%D8%A9
إدارة حسابات التواصل الاجتماعى,.Esraa M,0,0,Aucun avis,تسويق رقمي,التسويق عبر مواقع التواصل,"فيس بوك, انستجرام, ادارة صفحات, مواقع التواصل الاجتماعي, تيك توك",https://khamsat.com/marketing/social-media-management/3732120-%D8%A5%D8%AF%D8%A7%D8%B1%D8%A9-%D8%AD%D8%B3%D8%A7%D8%A8%D8%A7%D8%AA-%D8%A7%D9%84%D8%AA%D9%88%D8%A7%D8%B5%D9%84-%D8%A7%D9%84%D8%A7%D8%AC%D8%AA%D9%85%D8%A7%D8%B9%D9%89
إدارة صفحات الفيسبوك و الرد علي الرسائل و التعليقات,.Rania S,0,0,Aucun avis,تسويق رقمي,التسويق عبر مواقع التواصل,"تصميم, كتابة, الفيسبوك, ادارة صفحات, سوشيال ميديا",https://khamsat.com/marketing/social-media-management/3825593-%D8%A5%D8%AF%D8%A7%D8%B1%D8%A9-%D8%B5%D9%81%D8%AD%D8%A7%D8%AA-%D8%A7%D9%84%D9%81%D9%8A%D8%B3%D8%A8%D9%88%D9%83-%D9%88-%D8%A7%D9%84%D8%B1%D8%AF-%D8%B9%D9%84%D9%8A-%D8%A7%D9%84%D8%B1%D8%B3%D8%A7%D8%A6%D9%84-%D9%88-%D8%A7%D9%84%D8%AA%D8%B9%D9%84%D9%8A%D9%82%D8%A7%D8%AA
إدارة صفحات و مواقع التواصل الإجتماعي,.Mohamad A,0,0,Aucun avis,تسويق رقمي,التسويق عبر مواقع التواصل,"حسابات, محتوى, صفحات, إدارة, مواقع التواصل الاجتماعي",https://khamsat.com/marketing/social-media-management/2947175-%D8%A5%D8%AF%D8%A7%D8%B1%D8%A9-%D8%B5%D9%81%D8%AD%D8%A7%D8%AA-%D9%88-%D9%85%D9%88%D8%A7%D9%82%D8%B9-%D8%A7%D9%84%D8%AA%D9%88%D8%A7%D8%B5%D9%84-%D8%A7%D9%84%D8%A5%D8%AC%D8%AA%D9%85%D8%A7%D8%B9%D9%8A
سأقوم بإدارة صفحتك على مواقع التواصل الإجتماعي,.Eman M,6,6,منذ 3 سنوات و5 أشهر,تسويق رقمي,التسويق عبر مواقع التواصل,"تصميم, موقع, تسويق, كتابه, الكترونى, رسائل, تواصل, مساعد, رد, ادارة",https://khamsat.com/marketing/social-media-management/2118789-%D8%B3%D8%A3%D9%82%D9%88%D9%85-%D8%A8%D8%A5%D8%AF%D8%A7%D8%B1%D8%A9-%D8%B5%D9%81%D8%AD%D8%AA%D9%83-%D8%B9%D9%84%D9%89-%D9%85%D9%88%D8%A7%D9%82%D8%B9-%D8%A7%D9%84%D8%AA%D9%88%D8%A7%D8%B5%D9%84-%D8%A7%D9%84%D8%A5%D8%AC%D8%AA%D9%85%D8%A7%D8%B9%D9%8A
ادارة حسابك الانستقرام بكل حرفية,.Walaa A,4,3,منذ 4 سنوات و11 يوم,تسويق رقمي,التسويق عبر مواقع التواصل,"تصميم, اعلان, تسويق, تطوير, كتابة محتوى, محتوى, انستقرام, سوشال ميديا, ادارة حسابات تواصل",https://khamsat.com/marketing/social-media-management/1739093-%D8%A7%D8%AF%D8%A7%D8%B1%D8%A9-%D8%AD%D8%B3%D8%A7%D8%A8%D9%83-%D8%A7%D9%84%D8%A7%D9%86%D8%B3%D8%AA%D9%82%D8%B1%D8%A7%D9%85-%D8%A8%D9%83%D9%84-%D8%AD%D8%B1%D9%81%D9%8A%D8%A9
إدارة حسابك الخاص في تويتر,عمرو ا.,1,0,Aucun avis,تسويق رقمي,التسويق عبر مواقع التواصل,"تويتر, حساب, إداره",https://khamsat.com/marketing/social-media-management/2265529-%D8%A5%D8%AF%D8%A7%D8%B1%D8%A9-%D8%AD%D8%B3%D8%A7%D8%A8%D9%83-%D8%A7%D9%84%D8%AE%D8%A7%D8%B5-%D9%81%D9%8A-%D8%AA%D9%88%D9%8A%D8%AA%D8%B1
إدارة حسابك باحترافية لزيادة التفاعل والنمو,مي ع.,1,1,منذ سنة وشهرين,تسويق رقمي,التسويق عبر مواقع التواصل,"الفيسبوك, ادارة صفحات, الانستقرام, سوشيال ميديا, ادارة سوشيال ميديا",https://khamsat.com/marketing/social-media-management/3136189-%D8%A5%D8%AF%D8%A7%D8%B1%D8%A9-%D8%AD%D8%B3%D8%A7%D8%A8%D9%83-%D8%A8%D8%A7%D8%AD%D8%AA%D8%B1%D8%A7%D9%81%D9%8A%D8%A9-%D9%84%D8%B2%D9%8A%D8%A7%D8%AF%D8%A9-%D8%A7%D9%84%D8%AA%D9%81%D8%A7%D8%B9%D9%84-%D9%88%D8%A7%D9%84%D9%86%D9%85%D9%88
إدارة حسابات التواصل الاجتماعي,.Basant G,0,0,Aucun avis,تسويق رقمي,التسويق عبر مواقع التواصل,"تسويق, تسويق الكتروني, social media, إدارة صفحات, مواقع التواصل الاجتماعي",https://khamsat.com/marketing/social-media-management/3674711-%D8%A5%D8%AF%D8%A7%D8%B1%D8%A9-%D8%AD%D8%B3%D8%A7%D8%A8%D8%A7%D8%AA-%D8%A7%D9%84%D8%AA%D9%88%D8%A7%D8%B5%D9%84-%D8%A7%D9%84%D8%A7%D8%AC%D8%AA%D9%85%D8%A7%D8%B9%D9%8A
إدارة صفحات السوشيال ميديا باحترافية,.Hend S,0,0,Aucun avis,تسويق رقمي,التسويق عبر مواقع التواصل,"تسويق, تويتر, فيسبوك, تسويق الكتروني, كتابة محتوى, منشورات, نشر بوست, نشر ريلز",https://khamsat.com/marketing/social-media-management/2426650-%D8%A5%D8%AF%D8%A7%D8%B1%D8%A9-%D8%B5%D9%81%D8%AD%D8%A7%D8%AA-%D8%A7%D9%84%D8%B3%D9%88%D8%B4%D9%8A%D8%A7%D9%84-%D9%85%D9%8A%D8%AF%D9%8A%D8%A7-%D8%A8%D8%A7%D8%AD%D8%AA%D8%B1%D8%A7%D9%81%D9%8A%D8%A9
هل تريد تطوير وادارة حساباتك على السوشيال ميديا,أحمد م.,0,0,Aucun avis,تسويق رقمي,التسويق عبر مواقع التواصل,"تسويق الكتروني, خطة تسويقية, انستغرام, ادارة صفحات, سوشيال ميديا",https://khamsat.com/marketing/social-media-management/3210277-%D9%87%D9%84-%D8%AA%D8%B1%D9%8A%D8%AF-%D8%AA%D8%B7%D9%88%D9%8A%D8%B1-%D9%88%D8%A7%D8%AF%D8%A7%D8%B1%D8%A9-%D8%AD%D8%B3%D8%A7%D8%A8%D8%A7%D8%AA%D9%83-%D8%B9%D9%84%D9%89-%D8%A7%D9%84%D8%B3%D9%88%D8%B4%D9%8A%D8%A7%D9%84-%D9%85%D9%8A%D8%AF%D9%8A%D8%A7
ادارة صفحات السوشيال ميديا فيس بوك انستقرام اكس لينكدان,جاسم ي.,0,0,Aucun avis,تسويق رقمي,التسويق عبر مواقع التواصل,"تصميم, خطة تسويقية, صفحتك, إدارة صفحات, تصميمات سوشيال ميديا",https://khamsat.com/marketing/social-media-management/3264661-%D8%A7%D8%AF%D8%A7%D8%B1%D8%A9-%D8%B5%D9%81%D8%AD%D8%A7%D8%AA-%D8%A7%D9%84%D8%B3%D9%88%D8%B4%D9%8A%D8%A7%D9%84-%D9%85%D9%8A%D8%AF%D9%8A%D8%A7-%D9%81%D9%8A%D8%B3-%D8%A8%D9%88%D9%83-%D8%A7%D9%86%D8%B3%D8%AA%D9%82%D8%B1%D8%A7%D9%85-%D8%A7%D9%83%D8%B3-%D9%84%D9%8A%D9%86%D9%83%D8%AF%D8%A7%D9%86
إدارة الصفحات وبشكل إبداعي ومحترف,.Ahmed A,0,0,Aucun avis,تسويق رقمي,التسويق عبر مواقع التواصل,"تصميم, تطوير, مواقع, كتابة, word",https://khamsat.com/marketing/social-media-management/3086456-%D8%A5%D8%AF%D8%A7%D8%B1%D8%A9-%D8%A7%D9%84%D8%B5%D9%81%D8%AD%D8%A7%D8%AA-%D9%88%D8%A8%D8%B4%D9%83%D9%84-%D8%A5%D8%A8%D8%AF%D8%A7%D8%B9%D9%8A-%D9%88%D9%85%D8%AD%D8%AA%D8%B1%D9%81
إدارة مشروعك الخاص (موقع إلكتروني، متجر، مدونة، تطبيق),.Omar R,1,1,منذ 4 سنوات و4 أشهر,تسويق رقمي,التسويق عبر مواقع التواصل,"موقع, دعم, فني, خدمة, عملاء, مساعد, ادارة, مدير",https://khamsat.com/marketing/social-media-management/1797831-%D8%A5%D8%AF%D8%A7%D8%B1%D8%A9-%D9%85%D8%B4%D8%B1%D9%88%D8%B9%D9%83-%D8%A7%D9%84%D8%AE%D8%A7%D8%B5-%D9%85%D9%88%D9%82%D8%B9-%D8%A5%D9%84%D9%83%D8%AA%D8%B1%D9%88%D9%86%D9%8A-%D9%85%D8%AA%D8%AC%D8%B1-%D9%85%D8%AF%D9%88%D9%86%D8%A9-%D8%AA%D8%B7%D8%A8%D9%8A%D9%82
إدارة الحملات الإعلانية وحسابات التواصل لتحقيق أعلى النتائج,.Omar D,0,0,Aucun avis,تسويق رقمي,التسويق عبر مواقع التواصل,"تسويق الكتروني, حملة اعلانية, اعلان ممول, إدارة صفحات, مواقع التواصل الاجتماعي",https://khamsat.com/marketing/social-media-management/3594547-%D8%A5%D8%AF%D8%A7%D8%B1%D8%A9-%D8%A7%D9%84%D8%AD%D9%85%D9%84%D8%A7%D8%AA-%D8%A7%D9%84%D8%A5%D8%B9%D9%84%D8%A7%D9%86%D9%8A%D8%A9-%D9%88%D8%AD%D8%B3%D8%A7%D8%A8%D8%A7%D8%AA-%D8%A7%D9%84%D8%AA%D9%88%D8%A7%D8%B5%D9%84-%D9%84%D8%AA%D8%AD%D9%82%D9%8A%D9%82-%D8%A3%D8%B9%D9%84%D9%89-%D8%A7%D9%84%D9%86%D8%AA%D8%A7%D8%A6%D8%AC
إدارة احترافية لحسابات السوشيال ميديا,داليا س.,0,0,Aucun avis,تسويق رقمي,التسويق عبر مواقع التواصل,"تسويق, social media, ادارة صفحات, إدارة منصات التواصل الاجتماعي, إدارة حسابات السوشيال ميديا",https://khamsat.com/marketing/social-media-management/3326617-%D8%A5%D8%AF%D8%A7%D8%B1%D8%A9-%D8%A7%D8%AD%D8%AA%D8%B1%D8%A7%D9%81%D9%8A%D8%A9-%D9%84%D8%AD%D8%B3%D8%A7%D8%A8%D8%A7%D8%AA-%D8%A7%D9%84%D8%B3%D9%88%D8%B4%D9%8A%D8%A7%D9%84-%D9%85%D9%8A%D8%AF%D9%8A%D8%A7
إدارة منصات التواصل الإجتماعى,أيمن ع.,0,0,Aucun avis,تسويق رقمي,التسويق عبر مواقع التواصل,"كتابة محتوى, تسويق إلكتروني, ادارة صفحات, تصميم منشورات, سوشيال ميديا",https://khamsat.com/marketing/social-media-management/3879865-%D8%A5%D8%AF%D8%A7%D8%B1%D8%A9-%D9%85%D9%86%D8%B5%D8%A7%D8%AA-%D8%A7%D9%84%D8%AA%D9%88%D8%A7%D8%B5%D9%84-%D8%A7%D9%84%D8%A5%D8%AC%D8%AA%D9%85%D8%A7%D8%B9%D9%89
إدارة صفحات السوشيال ميديا باحتراف,.Nada M,0,0,Aucun avis,تسويق رقمي,التسويق عبر مواقع التواصل,"فيسبوك, انستقرام, واتساب, إدارة صفحات, تيك توك",https://khamsat.com/marketing/social-media-management/3716199-%D8%A5%D8%AF%D8%A7%D8%B1%D8%A9-%D8%B5%D9%81%D8%AD%D8%A7%D8%AA-%D8%A7%D9%84%D8%B3%D9%88%D8%B4%D9%8A%D8%A7%D9%84-%D9%85%D9%8A%D8%AF%D9%8A%D8%A7-%D8%A8%D8%A7%D8%AD%D8%AA%D8%B1%D8%A7%D9%81
ادارة حسابات لنيكد ان Linkedin,محمد ا.,0,0,Aucun avis,تسويق رقمي,التسويق عبر مواقع التواصل,"linkedin, بروفايل, لنكدان, لينكدان, لينك ان",https://khamsat.com/marketing/social-media-management/2550334-%D8%A7%D8%AF%D8%A7%D8%B1%D8%A9-%D8%AD%D8%B3%D8%A7%D8%A8%D8%A7%D8%AA-%D9%84%D9%86%D9%8A%D9%83%D8%AF-%D8%A7%D9%86-linkedin
سأقوم بادارة حملاتك الاعلانيه على منصة تيك توك TikTok,ابراهيم ع.,0,0,Aucun avis,تسويق رقمي,التسويق عبر مواقع التواصل,"تسويق, إعلان, دعاية, اعلانات, السعودية, حملة, ممول, اعلانات ممولة, tiktok, تيكتوك",https://khamsat.com/marketing/social-media-management/2759625-%D8%B3%D8%A3%D9%82%D9%88%D9%85-%D8%A8%D8%A7%D8%AF%D8%A7%D8%B1%D8%A9-%D8%AD%D9%85%D9%84%D8%A7%D8%AA%D9%83-%D8%A7%D9%84%D8%A7%D8%B9%D9%84%D8%A7%D9%86%D9%8A%D9%87-%D8%B9%D9%84%D9%89-%D9%85%D9%86%D8%B5%D8%A9-%D8%AA%D9%8A%D9%83-%D8%AA%D9%88%D9%83-tiktok
منشورات يومية لاداره صفحتك على الفيس بوك لاسبوع كامل,سالى م.,22,15,منذ 8 أشهر و21 يوم,تسويق رقمي,التسويق عبر مواقع التواصل,"دعايا, فيس, محتوى, منشورات, بوست",https://khamsat.com/marketing/social-media-management/257509-%D9%85%D9%86%D8%B4%D9%88%D8%B1%D8%A7%D8%AA-%D9%8A%D9%88%D9%85%D9%8A%D8%A9-%D9%84%D8%A7%D8%AF%D8%A7%D8%B1%D9%87-%D8%B5%D9%81%D8%AD%D8%AA%D9%83-%D8%B9%D9%84%D9%89-%D8%A7%D9%84%D9%81%D9%8A%D8%B3-%D8%A8%D9%88%D9%83-%D9%84%D8%A7%D8%B3%D8%A8%D9%88%D8%B9-%D9%83%D8%A7%D9%85%D9%84
سأقوم بإدارة صفحات التواصل الاجتماعي ادارة مميزة,ابراهيم ع.,0,0,Aucun avis,تسويق رقمي,التسويق عبر مواقع التواصل,"اعلان, تسويق, اعلانات, فيسبوك, الكترونى",https://khamsat.com/marketing/social-media-management/2768295-%D8%B3%D8%A3%D9%82%D9%88%D9%85-%D8%A8%D8%A5%D8%AF%D8%A7%D8%B1%D8%A9-%D8%B5%D9%81%D8%AD%D8%A7%D8%AA-%D8%A7%D9%84%D8%AA%D9%88%D8%A7%D8%B5%D9%84-%D8%A7%D9%84%D8%A7%D8%AC%D8%AA%D9%85%D8%A7%D8%B9%D9%8A-%D8%A7%D8%AF%D8%A7%D8%B1%D8%A9-%D9%85%D9%85%D9%8A%D8%B2%D8%A9
ادارة صفحتك على فيسبوك باحترافية,نوران م.,0,0,Aucun avis,تسويق رقمي,التسويق عبر مواقع التواصل,"تسويق, كتابة محتوى مواقع, ادارة صفحات, سوشيال, زيادة التفاعل على فيسبوك",https://khamsat.com/marketing/social-media-management/3738581-%D8%A7%D8%AF%D8%A7%D8%B1%D8%A9-%D8%B5%D9%81%D8%AD%D8%AA%D9%83-%D8%B9%D9%84%D9%89-%D9%81%D9%8A%D8%B3%D8%A8%D9%88%D9%83-%D8%A8%D8%A7%D8%AD%D8%AA%D8%B1%D8%A7%D9%81%D9%8A%D8%A9
إدارة حسابات التواصل الاجتماعي لزيادة التفاعل وتحقيق اهدافك.,.Martina N,0,0,Aucun avis,تسويق رقمي,التسويق عبر مواقع التواصل,"تسويق, فيسبوك, إدارة صفحات, مواقع التواصل الاجتماعي, تصميم سوشيال",https://khamsat.com/marketing/social-media-management/3118561-%D8%A5%D8%AF%D8%A7%D8%B1%D8%A9-%D8%AD%D8%B3%D8%A7%D8%A8%D8%A7%D8%AA-%D8%A7%D9%84%D8%AA%D9%88%D8%A7%D8%B5%D9%84-%D8%A7%D9%84%D8%A7%D8%AC%D8%AA%D9%85%D8%A7%D8%B9%D9%8A-%D9%84%D8%B2%D9%8A%D8%A7%D8%AF%D8%A9-%D8%A7%D9%84%D8%AA%D9%81%D8%A7%D8%B9%D9%84-%D9%88%D8%AA%D8%AD%D9%82%D9%8A%D9%82-%D8%A7%D9%87%D8%AF%D8%A7%D9%81%D9%83
خدمة عملاء فورية واحترافية على كافة منصات التواصل الاجتماعي,جنى ي.,0,0,Aucun avis,تسويق رقمي,التسويق عبر مواقع التواصل,"فيسبوك, تواصل, خدمة عملاء, انستغرام, واتساب",https://khamsat.com/marketing/social-media-management/3593148-%D8%AE%D8%AF%D9%85%D8%A9-%D8%B9%D9%85%D9%84%D8%A7%D8%A1-%D9%81%D9%88%D8%B1%D9%8A%D8%A9-%D9%88%D8%A7%D8%AD%D8%AA%D8%B1%D8%A7%D9%81%D9%8A%D8%A9-%D8%B9%D9%84%D9%89-%D9%83%D8%A7%D9%81%D8%A9-%D9%85%D9%86%D8%B5%D8%A7%D8%AA-%D8%A7%D9%84%D8%AA%D9%88%D8%A7%D8%B5%D9%84-%D8%A7%D9%84%D8%A7%D8%AC%D8%AA%D9%85%D8%A7%D8%B9%D9%8A
إدارة صفحات التواصل الاجتماعي,منار ع.,0,0,Aucun avis,تسويق رقمي,التسويق عبر مواقع التواصل,"تسويق, فيسبوك, صفحة, صفحات, إدارة, انستغرام, إنستغرام, إدارة صفحات, مواقع التواصل الاجتماعي, تيك",https://khamsat.com/marketing/social-media-management/2813688-%D8%A5%D8%AF%D8%A7%D8%B1%D8%A9-%D8%B5%D9%81%D8%AD%D8%A7%D8%AA-%D8%A7%D9%84%D8%AA%D9%88%D8%A7%D8%B5%D9%84-%D8%A7%D9%84%D8%A7%D8%AC%D8%AA%D9%85%D8%A7%D8%B9%D9%8A
إدارة صفحات السوشيال ميديا باحترافية,.Dina S,6,4,منذ شهر و3 أيام,تسويق رقمي,التسويق عبر مواقع التواصل,"كتابة محتوى, خطة تسويقية, إدارة صفحات, سوشيال ميديا, تصميم بوستات سوشيال ميديا",https://khamsat.com/marketing/social-media-management/3674591-%D8%A5%D8%AF%D8%A7%D8%B1%D8%A9-%D8%B5%D9%81%D8%AD%D8%A7%D8%AA-%D8%A7%D9%84%D8%B3%D9%88%D8%B4%D9%8A%D8%A7%D9%84-%D9%85%D9%8A%D8%AF%D9%8A%D8%A7-%D8%A8%D8%A7%D8%AD%D8%AA%D8%B1%D8%A7%D9%81%D9%8A%D8%A9
إدارة المحتوى للمواقع والقنوات وحسابات التواصل الاجتماعي,.Zahreddine W,0,0,Aucun avis,تسويق رقمي,التسويق عبر مواقع التواصل,"تطوير, مواقع, كتابة, ادارة, ادارة صفحات",https://khamsat.com/marketing/social-media-management/2879165-%D8%A5%D8%AF%D8%A7%D8%B1%D8%A9-%D8%A7%D9%84%D9%85%D8%AD%D8%AA%D9%88%D9%89-%D9%84%D9%84%D9%85%D9%88%D8%A7%D9%82%D8%B9-%D9%88%D8%A7%D9%84%D9%82%D9%86%D9%88%D8%A7%D8%AA-%D9%88%D8%AD%D8%B3%D8%A7%D8%A8%D8%A7%D8%AA-%D8%A7%D9%84%D8%AA%D9%88%D8%A7%D8%B5%D9%84-%D8%A7%D9%84%D8%A7%D8%AC%D8%AA%D9%85%D8%A7%D8%B9%D9%8A
إدارة صفحات التواصل الاجتماعي,ياسمين أ.,4,4,منذ 3 أشهر و25 يوم,تسويق رقمي,التسويق عبر مواقع التواصل,"حسابات, اداره, ادارة صفحات, سوشيال ميديا",https://khamsat.com/marketing/social-media-management/3157776-%D8%A5%D8%AF%D8%A7%D8%B1%D8%A9-%D8%B5%D9%81%D8%AD%D8%A7%D8%AA-%D8%A7%D9%84%D8%AA%D9%88%D8%A7%D8%B5%D9%84-%D8%A7%D9%84%D8%A7%D8%AC%D8%AA%D9%85%D8%A7%D8%B9%D9%8A
إدارة صفحات ومجموعات فيسبوك,احمد ا.,2,2,منذ 3 سنوات و8 أشهر,تسويق رقمي,التسويق عبر مواقع التواصل,"تويتر, فيس, بوك, ادارة, انستجرام",https://khamsat.com/marketing/social-media-management/1539501-%D8%A5%D8%AF%D8%A7%D8%B1%D8%A9-%D8%B5%D9%81%D8%AD%D8%A7%D8%AA-%D9%88%D9%85%D8%AC%D9%85%D9%88%D8%B9%D8%A7%D8%AA-%D9%81%D9%8A%D8%B3%D8%A8%D9%88%D9%83
سأدير مواقع التواصل الاجتماعي الخاصةبنشاطك التجاري باحترافية,.Farah A,7,4,منذ سنة و3 أشهر,تسويق رقمي,التسويق عبر مواقع التواصل,"تسويق, الكتروني, المواقع, إدارة, الصفحات",https://khamsat.com/marketing/social-media-management/2270309-%D8%B3%D8%A3%D8%AF%D9%8A%D8%B1-%D9%85%D9%88%D8%A7%D9%82%D8%B9-%D8%A7%D9%84%D8%AA%D9%88%D8%A7%D8%B5%D9%84-%D8%A7%D9%84%D8%A7%D8%AC%D8%AA%D9%85%D8%A7%D8%B9%D9%8A-%D8%A7%D9%84%D8%AE%D8%A7%D8%B5%D8%A9%D8%A8%D9%86%D8%B4%D8%A7%D8%B7%D9%83-%D8%A7%D9%84%D8%AA%D8%AC%D8%A7%D8%B1%D9%8A-%D8%A8%D8%A7%D8%AD%D8%AA%D8%B1%D8%A7%D9%81%D9%8A%D8%A9
إدارة حسابات منصات التواصل الإجتماعي,.Mohammed N,0,0,Aucun avis,تسويق رقمي,التسويق عبر مواقع التواصل,"فيس بوك, تويتر, تسويق الكتروني, خدمة عملاء, social media, انستغرام, ادارة صفحات, سوشل ميديا, سناب شات, تيك توك",https://khamsat.com/marketing/social-media-management/2506918-%D8%A5%D8%AF%D8%A7%D8%B1%D8%A9-%D8%AD%D8%B3%D8%A7%D8%A8%D8%A7%D8%AA-%D9%85%D9%86%D8%B5%D8%A7%D8%AA-%D8%A7%D9%84%D8%AA%D9%88%D8%A7%D8%B5%D9%84-%D8%A7%D9%84%D8%A5%D8%AC%D8%AA%D9%85%D8%A7%D8%B9%D9%8A
ادارة حسابات التواصل الاجتماعى,.Radwa M,0,0,Aucun avis,تسويق رقمي,التسويق عبر مواقع التواصل,"تسويق, فيس بوك, ادارة صفحات, مواقع التواصل الاجتماعي, سوشيال ميديا",https://khamsat.com/marketing/social-media-management/3297105-%D8%A7%D8%AF%D8%A7%D8%B1%D8%A9-%D8%AD%D8%B3%D8%A7%D8%A8%D8%A7%D8%AA-%D8%A7%D9%84%D8%AA%D9%88%D8%A7%D8%B5%D9%84-%D8%A7%D9%84%D8%A7%D8%AC%D8%AA%D9%85%D8%A7%D8%B9%D9%89
تسويق رقمي ادارة حسابات سناب شات,.Ahmed T,1,1,منذ 5 أشهر ويوم,تسويق رقمي,التسويق عبر مواقع التواصل,"الكتروني, تسويق رقمي, snapchat, digital marketing, سناب",https://khamsat.com/marketing/social-media-management/3242886-%D8%AA%D8%B3%D9%88%D9%8A%D9%82-%D8%B1%D9%82%D9%85%D9%8A-%D8%A7%D8%AF%D8%A7%D8%B1%D8%A9-%D8%AD%D8%B3%D8%A7%D8%A8%D8%A7%D8%AA-%D8%B3%D9%86%D8%A7%D8%A8-%D8%B4%D8%A7%D8%AA
ادارة حسابات تواصل اجتماعي,.Malak S,3,3,منذ 3 سنوات وشهرين,تسويق رقمي,التسويق عبر مواقع التواصل,"تويتر, حسابات, يوتيوب, إدارة, انستقرام",https://khamsat.com/marketing/social-media-management/1587549-%D8%A7%D8%AF%D8%A7%D8%B1%D8%A9-%D8%AD%D8%B3%D8%A7%D8%A8%D8%A7%D8%AA-%D8%AA%D9%88%D8%A7%D8%B5%D9%84-%D8%A7%D8%AC%D8%AA%D9%85%D8%A7%D8%B9%D9%8A
ادارة حسابات التواصل الاجتماعي,.Ahmed T,0,0,Aucun avis,تسويق رقمي,التسويق عبر مواقع التواصل,"فيسبوك, تسويق الكتروني, انستغرام, ادارة صفحات, سوشيال ميديا",https://khamsat.com/marketing/social-media-management/3199631-%D8%A7%D8%AF%D8%A7%D8%B1%D8%A9-%D8%AD%D8%B3%D8%A7%D8%A8%D8%A7%D8%AA-%D8%A7%D9%84%D8%AA%D9%88%D8%A7%D8%B5%D9%84-%D8%A7%D9%84%D8%A7%D8%AC%D8%AA%D9%85%D8%A7%D8%B9%D9%8A
إدارة حساباتك على السوشال ميديا بشكل احترافي,.Mohammmad Y,0,0,Aucun avis,تسويق رقمي,التسويق عبر مواقع التواصل,"فيسبوك, انستجرام, إدارة صفحات, مواقع التواصل الاجتماعي, سوشيال ميديا",https://khamsat.com/marketing/social-media-management/3477191-%D8%A5%D8%AF%D8%A7%D8%B1%D8%A9-%D8%AD%D8%B3%D8%A7%D8%A8%D8%A7%D8%AA%D9%83-%D8%B9%D9%84%D9%89-%D8%A7%D9%84%D8%B3%D9%88%D8%B4%D8%A7%D9%84-%D9%85%D9%8A%D8%AF%D9%8A%D8%A7-%D8%A8%D8%B4%D9%83%D9%84-%D8%A7%D8%AD%D8%AA%D8%B1%D8%A7%D9%81%D9%8A
إدارة مواقع التواصل الاجتماعي,ياسمين ا.,0,0,Aucun avis,تسويق رقمي,التسويق عبر مواقع التواصل,"تسويق, فيسبوك, حسابات, رسائل, التواصل, ادارة, وسائل, انستغرام, سوشيال, منصات",https://khamsat.com/marketing/social-media-management/2699266-%D8%A5%D8%AF%D8%A7%D8%B1%D8%A9-%D9%85%D9%88%D8%A7%D9%82%D8%B9-%D8%A7%D9%84%D8%AA%D9%88%D8%A7%D8%B5%D9%84-%D8%A7%D9%84%D8%A7%D8%AC%D8%AA%D9%85%D8%A7%D8%B9%D9%8A
جدول نشر social media content calendar,.Ahmed R,0,0,Aucun avis,تسويق رقمي,التسويق عبر مواقع التواصل,"تصميم, التسويق, التسويق الإلكتروني, calendar, تصميم بوستات سوشيال ميديا",https://khamsat.com/marketing/social-media-management/3869651-%D8%AC%D8%AF%D9%88%D9%84-%D9%86%D8%B4%D8%B1-social-media-content-calendar
كتابة محتوى وسائل التواصل الاجتماعي,.Abdulrahman A,0,0,Aucun avis,تسويق رقمي,التسويق عبر مواقع التواصل,"كتابة, كتابة محتوى, سوشال ميديا, التسويق بالمحتوى, بوستات سوشيال ميديا",https://khamsat.com/marketing/social-media-management/3778406-%D9%83%D8%AA%D8%A7%D8%A8%D8%A9-%D9%85%D8%AD%D8%AA%D9%88%D9%89-%D9%88%D8%B3%D8%A7%D8%A6%D9%84-%D8%A7%D9%84%D8%AA%D9%88%D8%A7%D8%B5%D9%84-%D8%A7%D9%84%D8%A7%D8%AC%D8%AA%D9%85%D8%A7%D8%B9%D9%8A
إدارة حسابات وصفحات السوشيال ميديا كاملة باحترافية,.Yara E,0,0,Aucun avis,تسويق رقمي,التسويق عبر مواقع التواصل,"صفحات, انستجرام, سوشيال, مواقع التواصل الاجتماعي, ادارة حساب",https://khamsat.com/marketing/social-media-management/3773929-%D8%A5%D8%AF%D8%A7%D8%B1%D8%A9-%D8%AD%D8%B3%D8%A7%D8%A8%D8%A7%D8%AA-%D9%88%D8%B5%D9%81%D8%AD%D8%A7%D8%AA-%D8%A7%D9%84%D8%B3%D9%88%D8%B4%D9%8A%D8%A7%D9%84-%D9%85%D9%8A%D8%AF%D9%8A%D8%A7-%D9%83%D8%A7%D9%85%D9%84%D8%A9-%D8%A8%D8%A7%D8%AD%D8%AA%D8%B1%D8%A7%D9%81%D9%8A%D8%A9
إدارة متكاملة لكافة منصات التواصل الاجتماعي SMM,رامي ح.,0,0,Aucun avis,تسويق رقمي,التسويق عبر مواقع التواصل,"تسويق, تسويق الكتروني, ادارة صفحات, مواقع التواصل الاجتماعي, سوشيال ميديا",https://khamsat.com/marketing/social-media-management/3623705-%D8%A5%D8%AF%D8%A7%D8%B1%D8%A9-%D9%85%D8%AA%D9%83%D8%A7%D9%85%D9%84%D8%A9-%D9%84%D9%83%D8%A7%D9%81%D8%A9-%D9%85%D9%86%D8%B5%D8%A7%D8%AA-%D8%A7%D9%84%D8%AA%D9%88%D8%A7%D8%B5%D9%84-%D8%A7%D9%84%D8%A7%D8%AC%D8%AA%D9%85%D8%A7%D8%B9%D9%8A-smm
إدارة حسابات التواصل الاجتماعي,يزن ا.,0,0,Aucun avis,تسويق رقمي,التسويق عبر مواقع التواصل,"فيسبوك, تسويق الكتروني, social media, ادارة صفحات, مواقع التواصل الاجتماعي",https://khamsat.com/marketing/social-media-management/3066646-%D8%A5%D8%AF%D8%A7%D8%B1%D8%A9-%D8%AD%D8%B3%D8%A7%D8%A8%D8%A7%D8%AA-%D8%A7%D9%84%D8%AA%D9%88%D8%A7%D8%B5%D9%84-%D8%A7%D9%84%D8%A7%D8%AC%D8%AA%D9%85%D8%A7%D8%B9%D9%8A
اقوم باعداد خطة محتوى شهرى,روان ا.,1,1,منذ سنة و11 شهر,تسويق رقمي,التسويق عبر مواقع التواصل,"خطة تسويقية, التسويق الالكتروني, صناعة المحتوى, كاتب محتوى, التسويق بالمحتوى",https://khamsat.com/marketing/social-media-management/2964902-%D8%A7%D9%82%D9%88%D9%85-%D8%A8%D8%A7%D8%B9%D8%AF%D8%A7%D8%AF-%D8%AE%D8%B7%D8%A9-%D9%85%D8%AD%D8%AA%D9%88%D9%89-%D8%B4%D9%87%D8%B1%D9%89
إدارة تعليقات حسابك على إنستجرام – ردود احترافية تعزز تواصلك,.Menna Emad F,0,0,Aucun avis,تسويق رقمي,التسويق عبر مواقع التواصل,"عملاء, انستجرام, ادارة صفحات, تفاعل, إدارة صفحات",https://khamsat.com/marketing/social-media-management/3549959-%D8%A5%D8%AF%D8%A7%D8%B1%D8%A9-%D8%AA%D8%B9%D9%84%D9%8A%D9%82%D8%A7%D8%AA-%D8%AD%D8%B3%D8%A7%D8%A8%D9%83-%D8%B9%D9%84%D9%89-%D8%A5%D9%86%D8%B3%D8%AA%D8%AC%D8%B1%D8%A7%D9%85-%D8%B1%D8%AF%D9%88%D8%AF-%D8%A7%D8%AD%D8%AA%D8%B1%D8%A7%D9%81%D9%8A%D8%A9-%D8%AA%D8%B9%D8%B2%D8%B2-%D8%AA%D9%88%D8%A7%D8%B5%D9%84%D9%83
إدارة حسابات السوشيال ميديا بإحترافية,.Ahmed A,25,17,منذ سنة و4 أشهر,تسويق رقمي,التسويق عبر مواقع التواصل,"تسويق, ادارة, انستجرام, ادارة صفحات, سوشيال ميديا",https://khamsat.com/marketing/social-media-management/2272800-%D8%A5%D8%AF%D8%A7%D8%B1%D8%A9-%D8%AD%D8%B3%D8%A7%D8%A8%D8%A7%D8%AA-%D8%A7%D9%84%D8%B3%D9%88%D8%B4%D9%8A%D8%A7%D9%84-%D9%85%D9%8A%D8%AF%D9%8A%D8%A7-%D8%A8%D8%A5%D8%AD%D8%AA%D8%B1%D8%A7%D9%81%D9%8A%D8%A9
إدارة مميزة لوسائل التواصل الاجتماعي,مريم م.,0,0,Aucun avis,تسويق رقمي,التسويق عبر مواقع التواصل,"فيسبوك, انستجرام, ادارة صفحات, مواقع التواصل الاجتماعي, سوشيال ميديا",https://khamsat.com/marketing/social-media-management/3363684-%D8%A5%D8%AF%D8%A7%D8%B1%D8%A9-%D9%85%D9%85%D9%8A%D8%B2%D8%A9-%D9%84%D9%88%D8%B3%D8%A7%D8%A6%D9%84-%D8%A7%D9%84%D8%AA%D9%88%D8%A7%D8%B5%D9%84-%D8%A7%D9%84%D8%A7%D8%AC%D8%AA%D9%85%D8%A7%D8%B9%D9%8A
إدارة قنوات اليوتيوب بإحترافية عالية من الألف إلي الياء,إسراء ف.,12,9,منذ 3 سنوات و29 يوم,تسويق رقمي,التسويق عبر مواقع التواصل,"فيديو, يوتيوب, مونتاج, seo, سيو",https://khamsat.com/marketing/social-media-management/1723994-%D8%A5%D8%AF%D8%A7%D8%B1%D8%A9-%D9%82%D9%86%D9%88%D8%A7%D8%AA-%D8%A7%D9%84%D9%8A%D9%88%D8%AA%D9%8A%D9%88%D8%A8-%D8%A8%D8%A5%D8%AD%D8%AA%D8%B1%D8%A7%D9%81%D9%8A%D8%A9-%D8%B9%D8%A7%D9%84%D9%8A%D8%A9-%D9%85%D9%86-%D8%A7%D9%84%D8%A3%D9%84%D9%81-%D8%A5%D9%84%D9%8A-%D8%A7%D9%84%D9%8A%D8%A7%D8%A1
المساعدة في إدارة صفحات فيسبوك,فاطمه ا.,0,0,Aucun avis,تسويق رقمي,التسويق عبر مواقع التواصل,"facebook, تواصل, انستجرام, إدارة صفحات, السوشيال",https://khamsat.com/marketing/social-media-management/3642553-%D8%A7%D9%84%D9%85%D8%B3%D8%A7%D8%B9%D8%AF%D8%A9-%D9%81%D9%8A-%D8%A5%D8%AF%D8%A7%D8%B1%D8%A9-%D8%B5%D9%81%D8%AD%D8%A7%D8%AA-%D9%81%D9%8A%D8%B3%D8%A8%D9%88%D9%83
ادارة صفحات وسائل التواصل الاجتماعي بالعربي بشكل احترافي,.Fatma A,0,0,Aucun avis,تسويق رقمي,التسويق عبر مواقع التواصل,"تسويق الكتروني, كتابة محتوى, ادارة صفحات, سوشيال ميديا, تسويق رقمي",https://khamsat.com/marketing/social-media-management/3786002-%D8%A7%D8%AF%D8%A7%D8%B1%D8%A9-%D8%B5%D9%81%D8%AD%D8%A7%D8%AA-%D9%88%D8%B3%D8%A7%D8%A6%D9%84-%D8%A7%D9%84%D8%AA%D9%88%D8%A7%D8%B5%D9%84-%D8%A7%D9%84%D8%A7%D8%AC%D8%AA%D9%85%D8%A7%D8%B9%D9%8A-%D8%A8%D8%A7%D9%84%D8%B9%D8%B1%D8%A8%D9%8A-%D8%A8%D8%B4%D9%83%D9%84-%D8%A7%D8%AD%D8%AA%D8%B1%D8%A7%D9%81%D9%8A
إدارة صفحات السوشيال ميديا باحتراف وجدول منشورات أسبوعي,.Mahmoud E,0,0,Aucun avis,تسويق رقمي,التسويق عبر مواقع التواصل,"اعلانات فيسبوك, تصميم بوستات سوشيال ميديا, ادارة حسابات السوشيال ميديا, كتابة محتوي مميز, تحليل اداء السوشيال ميديا",https://khamsat.com/marketing/social-media-management/3686926-%D8%A5%D8%AF%D8%A7%D8%B1%D8%A9-%D8%B5%D9%81%D8%AD%D8%A7%D8%AA-%D8%A7%D9%84%D8%B3%D9%88%D8%B4%D9%8A%D8%A7%D9%84-%D9%85%D9%8A%D8%AF%D9%8A%D8%A7-%D8%A8%D8%A7%D8%AD%D8%AA%D8%B1%D8%A7%D9%81-%D9%88%D8%AC%D8%AF%D9%88%D9%84-%D9%85%D9%86%D8%B4%D9%88%D8%B1%D8%A7%D8%AA-%D8%A3%D8%B3%D8%A8%D9%88%D8%B9%D9%8A
اداره صفحات وسائل التواصل الاجتماعي,احمد ع.,0,0,Aucun avis,تسويق رقمي,التسويق عبر مواقع التواصل,"تسويق الكتروني, تصميم سوشيل ميديا, اعلانات سوشيال ميديا",https://khamsat.com/marketing/social-media-management/3421886-%D8%A7%D8%AF%D8%A7%D8%B1%D9%87-%D8%B5%D9%81%D8%AD%D8%A7%D8%AA-%D9%88%D8%B3%D8%A7%D8%A6%D9%84-%D8%A7%D9%84%D8%AA%D9%88%D8%A7%D8%B5%D9%84-%D8%A7%D9%84%D8%A7%D8%AC%D8%AA%D9%85%D8%A7%D8%B9%D9%8A
إدارة حسابات منصات التواصل الاجتماعي,ليث ر.,0,0,Aucun avis,تسويق رقمي,التسويق عبر مواقع التواصل,"فيسبوك, خدمة عملاء, انستقرام, social media, ادارة صفحات",https://khamsat.com/marketing/social-media-management/3049163-%D8%A5%D8%AF%D8%A7%D8%B1%D8%A9-%D8%AD%D8%B3%D8%A7%D8%A8%D8%A7%D8%AA-%D9%85%D9%86%D8%B5%D8%A7%D8%AA-%D8%A7%D9%84%D8%AA%D9%88%D8%A7%D8%B5%D9%84-%D8%A7%D9%84%D8%A7%D8%AC%D8%AA%D9%85%D8%A7%D8%B9%D9%8A
إدارة صفحات التواصل نشر بوستات جاهزة + تفاعل,باسنت ا.,0,0,Aucun avis,تسويق رقمي,التسويق عبر مواقع التواصل,"فيسبوك, نشر, الرد, انستجرام, إدارة صفحات",https://khamsat.com/marketing/social-media-management/3726141-%D8%A5%D8%AF%D8%A7%D8%B1%D8%A9-%D8%B5%D9%81%D8%AD%D8%A7%D8%AA-%D8%A7%D9%84%D8%AA%D9%88%D8%A7%D8%B5%D9%84-%D9%86%D8%B4%D8%B1-%D8%A8%D9%88%D8%B3%D8%AA%D8%A7%D8%AA-%D8%AC%D8%A7%D9%87%D8%B2%D8%A9-%D8%AA%D9%81%D8%A7%D8%B9%D9%84
إدارة حسابات ومواقع التواصل الاجتماعي,.Ibrahim M,0,0,Aucun avis,تسويق رقمي,التسويق عبر مواقع التواصل,"فيسبوك, تسويق الكتروني, حسابات, انستقرام, ادارة صفحات",https://khamsat.com/marketing/social-media-management/3515225-%D8%A5%D8%AF%D8%A7%D8%B1%D8%A9-%D8%AD%D8%B3%D8%A7%D8%A8%D8%A7%D8%AA-%D9%88%D9%85%D9%88%D8%A7%D9%82%D8%B9-%D8%A7%D9%84%D8%AA%D9%88%D8%A7%D8%B5%D9%84-%D8%A7%D9%84%D8%A7%D8%AC%D8%AA%D9%85%D8%A7%D8%B9%D9%8A
تسير وإدارة صفحات فيس بوك وإنستغرام,محمد ع.,0,0,Aucun avis,تسويق رقمي,التسويق عبر مواقع التواصل,"فيسبوك, تواصل, انستقرام, تسير, إدارة صفحات",https://khamsat.com/marketing/social-media-management/3487632-%D8%AA%D8%B3%D9%8A%D8%B1-%D9%88%D8%A5%D8%AF%D8%A7%D8%B1%D8%A9-%D8%B5%D9%81%D8%AD%D8%A7%D8%AA-%D9%81%D9%8A%D8%B3-%D8%A8%D9%88%D9%83-%D9%88%D8%A5%D9%86%D8%B3%D8%AA%D8%BA%D8%B1%D8%A7%D9%85
ادارة حسابات السوشيال ميديا بما يناسب هوية البراند,.Mostafa O,0,0,Aucun avis,تسويق رقمي,التسويق عبر مواقع التواصل,"فيسبوك, ادارة صفحات, انستاجرام, مواقع التواصل الاجتماعي, كتابة محتوي",https://khamsat.com/marketing/social-media-management/3672262-%D8%A7%D8%AF%D8%A7%D8%B1%D8%A9-%D8%AD%D8%B3%D8%A7%D8%A8%D8%A7%D8%AA-%D8%A7%D9%84%D8%B3%D9%88%D8%B4%D9%8A%D8%A7%D9%84-%D9%85%D9%8A%D8%AF%D9%8A%D8%A7-%D8%A8%D9%85%D8%A7-%D9%8A%D9%86%D8%A7%D8%B3%D8%A8-%D9%87%D9%88%D9%8A%D8%A9-%D8%A7%D9%84%D8%A8%D8%B1%D8%A7%D9%86%D8%AF
إدارة حسابات التواصل الاجتماعي,Non trouvé,Non trouvé,Non trouvé,Aucun avis,تسويق رقمي,التسويق عبر مواقع التواصل,Aucun tag,https://khamsat.com/marketing/social-media-management/3132663-%D8%A7%D8%AF%D8%A7%D8%B1%D8%A9-%D8%B5%D9%81%D8%AD%D8%A9-%D8%A7%D9%84%D9%81%D9%8A%D8%B3-%D8%A8%D9%88%D9%83-%D8%A7%D9%84%D8%AE%D8%A7%D8%B5%D8%A9-%D8%A8%D9%83-%D9%85%D9%86-%D8%A7%D9%84%D8%A3%D9%84%D9%81-%D8%A7%D9%84%D9%8A-%D8%A7%D9%84%D9%8A%D8%A7%D8%A1
خدمة عملاء على كافة مواقع تواصل الاجتماعي لشركتك أو موقعك,.Yasmin M,0,0,Aucun avis,تسويق رقمي,التسويق عبر مواقع التواصل,"خدمة, تواصل, عملاء, مساعد, خدمة العملاء",https://khamsat.com/marketing/social-media-management/3287822-%D8%AE%D8%AF%D9%85%D8%A9-%D8%B9%D9%85%D9%84%D8%A7%D8%A1-%D8%B9%D9%84%D9%89-%D9%83%D8%A7%D9%81%D8%A9-%D9%85%D9%88%D8%A7%D9%82%D8%B9-%D8%AA%D9%88%D8%A7%D8%B5%D9%84-%D8%A7%D9%84%D8%A7%D8%AC%D8%AA%D9%85%D8%A7%D8%B9%D9%8A-%D9%84%D8%B4%D8%B1%D9%83%D8%AA%D9%83-%D8%A3%D9%88-%D9%85%D9%88%D9%82%D8%B9%D9%83
ادارة حساب الانستقرام خاص بك حتي يصل للنجاح المطلق,محب م.,0,0,Aucun avis,تسويق رقمي,التسويق عبر مواقع التواصل,"تصميم, ادارة, انستقرام, انستغرام, ادارة صفحات",https://khamsat.com/marketing/social-media-management/3133581-%D8%A7%D8%AF%D8%A7%D8%B1%D8%A9-%D8%AD%D8%B3%D8%A7%D8%A8-%D8%A7%D9%84%D8%A7%D9%86%D8%B3%D8%AA%D9%82%D8%B1%D8%A7%D9%85-%D8%AE%D8%A7%D8%B5-%D8%A8%D9%83-%D8%AD%D8%AA%D9%8A-%D9%8A%D8%B5%D9%84-%D9%84%D9%84%D9%86%D8%AC%D8%A7%D8%AD-%D8%A7%D9%84%D9%85%D8%B7%D9%84%D9%82
ادارة حسابات سوشيال ميديا بكافئة عالية,.Anas B,0,0,Aucun avis,تسويق رقمي,التسويق عبر مواقع التواصل,"فيسبوك, خطة تسويقية, ادارة, انستقرام, ادارة صفحات",https://khamsat.com/marketing/social-media-management/3319696-%D8%A7%D8%AF%D8%A7%D8%B1%D8%A9-%D8%AD%D8%B3%D8%A7%D8%A8%D8%A7%D8%AA-%D8%B3%D9%88%D8%B4%D9%8A%D8%A7%D9%84-%D9%85%D9%8A%D8%AF%D9%8A%D8%A7-%D8%A8%D9%83%D8%A7%D9%81%D8%A6%D8%A9-%D8%B9%D8%A7%D9%84%D9%8A%D8%A9
الصفحة المطلوبة غير موجودة,Non trouvé,Non trouvé,Non trouvé,Aucun avis,Inconnu,Inconnu,Aucun tag,https://khamsat.com/marketing/social-media-management/3123339-%D8%A5%D8%AF%D8%A7%D8%B1%D8%A9-%D8%A7%D8%AD%D8%AA%D8%B1%D8%A7%D9%81%D9%8A%D8%A9-%D9%84%D8%B5%D9%81%D8%AD%D8%A7%D8%AA%D9%83-%D8%B9%D9%84%D9%8A-%D8%A7%D9%84%D9%81%D9%8A%D8%B3-%D8%A8%D9%88%D9%83-%D9%84%D8%AA%D8%AD%D9%82%D9%8A%D9%82-%D8%A3%D9%81%D8%B6%D9%84-%D8%A7%D9%84%D9%86%D8%AA%D8%A7%D8%A6%D8%AC
ادارة صفحات التواصل الاجتماعي وكتابة محتوي,فاطمة ا.,0,0,Aucun avis,تسويق رقمي,التسويق عبر مواقع التواصل,"تسويق, فيسبوك, ادارة صفحات, تسويق رقمي, كتابة محتوي",https://khamsat.com/marketing/social-media-management/3012828-%D8%A7%D8%AF%D8%A7%D8%B1%D8%A9-%D8%B5%D9%81%D8%AD%D8%A7%D8%AA-%D8%A7%D9%84%D8%AA%D9%88%D8%A7%D8%B5%D9%84-%D8%A7%D9%84%D8%A7%D8%AC%D8%AA%D9%85%D8%A7%D8%B9%D9%8A-%D9%88%D9%83%D8%AA%D8%A7%D8%A8%D8%A9-%D9%85%D8%AD%D8%AA%D9%88%D9%8A
إدارة حسابات مواقع التواصل الاجتماعي,رحاب ج.,0,0,Aucun avis,تسويق رقمي,التسويق عبر مواقع التواصل,"تويتر, فيسبوك, ادارة, انستغرام, ادارة صفحات",https://khamsat.com/marketing/social-media-management/2551730-%D8%A5%D8%AF%D8%A7%D8%B1%D8%A9-%D8%AD%D8%B3%D8%A7%D8%A8%D8%A7%D8%AA-%D9%85%D9%88%D8%A7%D9%82%D8%B9-%D8%A7%D9%84%D8%AA%D9%88%D8%A7%D8%B5%D9%84-%D8%A7%D9%84%D8%A7%D8%AC%D8%AA%D9%85%D8%A7%D8%B9%D9%8A
إدارة احترافية لحسابات التواصل وصناعة محتوى وخدمة عملاء,ابراهيم ع.,0,1,منذ 11 شهر و19 ساعة,تسويق رقمي,التسويق عبر مواقع التواصل,"تسويق الكتروني, خدمة عملاء, ادارة صفحات, صناعة المحتوى, مساعد افتراضي",https://khamsat.com/marketing/social-media-management/3598461-%D8%A5%D8%AF%D8%A7%D8%B1%D8%A9-%D8%A7%D8%AD%D8%AA%D8%B1%D8%A7%D9%81%D9%8A%D8%A9-%D9%84%D8%AD%D8%B3%D8%A7%D8%A8%D8%A7%D8%AA-%D8%A7%D9%84%D8%AA%D9%88%D8%A7%D8%B5%D9%84-%D9%88%D8%B5%D9%86%D8%A7%D8%B9%D8%A9-%D9%85%D8%AD%D8%AA%D9%88%D9%89-%D9%88%D8%AE%D8%AF%D9%85%D8%A9-%D8%B9%D9%85%D9%84%D8%A7%D8%A1
إدارة حسابات التواصل الاجتماعي,.Nahar A,0,0,Aucun avis,تسويق رقمي,التسويق عبر مواقع التواصل,"كتابة, تسويق الكتروني, تسويق منتجات, إدارة صفحات, خدمةعملاء",https://khamsat.com/marketing/social-media-management/2458412-%D8%A5%D8%AF%D8%A7%D8%B1%D8%A9-%D8%AD%D8%B3%D8%A7%D8%A8%D8%A7%D8%AA-%D8%A7%D9%84%D8%AA%D9%88%D8%A7%D8%B5%D9%84-%D8%A7%D9%84%D8%A7%D8%AC%D8%AA%D9%85%D8%A7%D8%B9%D9%8A
إدارة حساب لينكدإن باحترافية مع تصميم منشورات جذابة وخطة نشر,.Aya Y,1,1,منذ 6 أشهر و4 أيام,تسويق رقمي,التسويق عبر مواقع التواصل,"بروفايل, لينكدان, إدارة حسابات, خطة محتوى, تصميم اعلانات سوشيال ميديا",https://khamsat.com/marketing/social-media-management/3742926-%D8%A5%D8%AF%D8%A7%D8%B1%D8%A9-%D8%AD%D8%B3%D8%A7%D8%A8-%D9%84%D9%8A%D9%86%D9%83%D8%AF%D8%A5%D9%86-%D8%A8%D8%A7%D8%AD%D8%AA%D8%B1%D8%A7%D9%81%D9%8A%D8%A9-%D9%85%D8%B9-%D8%AA%D8%B5%D9%85%D9%8A%D9%85-%D9%85%D9%86%D8%B4%D9%88%D8%B1%D8%A7%D8%AA-%D8%AC%D8%B0%D8%A7%D8%A8%D8%A9-%D9%88%D8%AE%D8%B7%D8%A9-%D9%86%D8%B4%D8%B1
إدارة  منصات مواقع التواصل الاجتماعي,.Susan J,0,0,Aucun avis,تسويق رقمي,التسويق عبر مواقع التواصل,"فيسبوك, انستقرام, ادارة صفحات, إدارة صفحات, سوشيال ميديا",https://khamsat.com/marketing/social-media-management/2920815-%D8%A5%D8%AF%D8%A7%D8%B1%D8%A9-%D9%85%D9%86%D8%B5%D8%A7%D8%AA-%D9%85%D9%88%D8%A7%D9%82%D8%B9-%D8%A7%D9%84%D8%AA%D9%88%D8%A7%D8%B5%D9%84-%D8%A7%D9%84%D8%A7%D8%AC%D8%AA%D9%85%D8%A7%D8%B9%D9%8A
خدمة عملاء على كافة مواقع تواصل الاجتماعي لشركتك او موقعك,هدير ش.,1,3,منذ 8 أشهر و9 أيام,تسويق رقمي,التسويق عبر مواقع التواصل,"فيسبوك, تواصل, انستغرام, واتساب, خدمة العملاء",https://khamsat.com/marketing/social-media-management/2910141-%D8%AE%D8%AF%D9%85%D8%A9-%D8%B9%D9%85%D9%84%D8%A7%D8%A1-%D8%B9%D9%84%D9%89-%D9%83%D8%A7%D9%81%D8%A9-%D9%85%D9%88%D8%A7%D9%82%D8%B9-%D8%AA%D9%88%D8%A7%D8%B5%D9%84-%D8%A7%D9%84%D8%A7%D8%AC%D8%AA%D9%85%D8%A7%D8%B9%D9%8A-%D9%84%D8%B4%D8%B1%D9%83%D8%AA%D9%83-%D8%A7%D9%88-%D9%85%D9%88%D9%82%D8%B9%D9%83
ادارة حسابات سوشيال ميديا,.Omar I,0,0,Aucun avis,تسويق رقمي,التسويق عبر مواقع التواصل,"تصميم, تسويق, تسويق الكتروني, انستجرام",https://khamsat.com/marketing/social-media-management/2828464-%D8%A7%D8%AF%D8%A7%D8%B1%D8%A9-%D8%AD%D8%B3%D8%A7%D8%A8%D8%A7%D8%AA-%D8%B3%D9%88%D8%B4%D9%8A%D8%A7%D9%84-%D9%85%D9%8A%D8%AF%D9%8A%D8%A7
ادارة حسابات التواصل الاجتماعي,.Yasmine N,0,0,Aucun avis,تسويق رقمي,التسويق عبر مواقع التواصل,"تسويق, فيسبوك, تسويق الكتروني, انستقرام, الرقمي",https://khamsat.com/marketing/social-media-management/3194365-%D8%A7%D8%AF%D8%A7%D8%B1%D8%A9-%D8%AD%D8%B3%D8%A7%D8%A8%D8%A7%D8%AA-%D8%A7%D9%84%D8%AA%D9%88%D8%A7%D8%B5%D9%84-%D8%A7%D9%84%D8%A7%D8%AC%D8%AA%D9%85%D8%A7%D8%B9%D9%8A
الصفحة المطلوبة غير موجودة,Non trouvé,Non trouvé,Non trouvé,Aucun avis,Inconnu,Inconnu,Aucun tag,https://khamsat.com/marketing/social-media-management/3036350-%D9%85%D9%86%D8%B5%D8%A9-%D8%AA%D8%B7%D8%A8%D9%8A%D9%82%D8%A7%D8%AA%D9%8A-%D8%A7%D8%AC%D9%85%D8%B9-%D9%83%D9%84-%D8%AA%D8%B7%D8%A8%D9%8A%D9%82%D8%A7%D8%AA%D9%83-%D9%81%D9%8A-%D8%AA%D8%B7%D8%A8%D9%8A%D9%82-%D9%88%D8%A7%D8%AD%D8%AF
إدارة صفحات و مواقع التواصل الإجتماعي,.Mohameed E,0,0,Aucun avis,تسويق رقمي,التسويق عبر مواقع التواصل,"تويتر, فيسبوك, انستغرام, ادارة صفحات, سوشيل ميديا",https://khamsat.com/marketing/social-media-management/2906222-%D8%A5%D8%AF%D8%A7%D8%B1%D8%A9-%D8%B5%D9%81%D8%AD%D8%A7%D8%AA-%D9%88-%D9%85%D9%88%D8%A7%D9%82%D8%B9-%D8%A7%D9%84%D8%AA%D9%88%D8%A7%D8%B5%D9%84-%D8%A7%D9%84%D8%A5%D8%AC%D8%AA%D9%85%D8%A7%D8%B9%D9%8A
إدارة صفحات تواصل اجتماعي باحترافية ودقة,نهلة ا.,0,0,Aucun avis,تسويق رقمي,التسويق عبر مواقع التواصل,"فيس بوك, social, social media, إدارة صفحات, صفحات تواصل اجتماعي",https://khamsat.com/marketing/social-media-management/3002253-%D8%A5%D8%AF%D8%A7%D8%B1%D8%A9-%D8%B5%D9%81%D8%AD%D8%A7%D8%AA-%D8%AA%D9%88%D8%A7%D8%B5%D9%84-%D8%A7%D8%AC%D8%AA%D9%85%D8%A7%D8%B9%D9%8A-%D8%A8%D8%A7%D8%AD%D8%AA%D8%B1%D8%A7%D9%81%D9%8A%D8%A9-%D9%88%D8%AF%D9%82%D8%A9
ادارةحساب على الفيسبوك أو الانستغرام,ساهر ا.,0,0,Aucun avis,تسويق رقمي,التسويق عبر مواقع التواصل,"اعلانات, تسويق الكتروني, انستغرام, اعلان فيسبوك, مواقع التواصل الاجتماعي",https://khamsat.com/marketing/social-media-management/3612423-%D8%A7%D8%AF%D8%A7%D8%B1%D8%A9%D8%AD%D8%B3%D8%A7%D8%A8-%D8%B9%D9%84%D9%89-%D8%A7%D9%84%D9%81%D9%8A%D8%B3%D8%A8%D9%88%D9%83-%D8%A3%D9%88-%D8%A7%D9%84%D8%A7%D9%86%D8%B3%D8%AA%D8%BA%D8%B1%D8%A7%D9%85
إدارة حسابات السوشيال ميديا,.Raghda A,0,0,Aucun avis,تسويق رقمي,التسويق عبر مواقع التواصل,"تويتر, فيسبوك, انستجرام, إدارة صفحات, سوشيال ميديا",https://khamsat.com/marketing/social-media-management/2650919-%D8%A5%D8%AF%D8%A7%D8%B1%D8%A9-%D8%AD%D8%B3%D8%A7%D8%A8%D8%A7%D8%AA-%D8%A7%D9%84%D8%B3%D9%88%D8%B4%D9%8A%D8%A7%D9%84-%D9%85%D9%8A%D8%AF%D9%8A%D8%A7
إدارة حسابات التواصل الاجتماعي,Non trouvé,Non trouvé,Non trouvé,Aucun avis,تسويق رقمي,التسويق عبر مواقع التواصل,Aucun tag,https://khamsat.com/marketing/social-media-management/3383373-%D8%A5%D8%AF%D8%A7%D8%B1%D8%A9-%D8%A7%D8%AD%D8%AA%D8%B1%D8%A7%D9%81%D9%8A%D8%A9-%D9%84%D8%A8%D8%B1%D9%8A%D8%AF%D9%83-%D8%A7%D9%84%D8%A5%D9%84%D9%83%D8%AA%D8%B1%D9%88%D9%86%D9%8A-%D9%88%D8%A7%D9%84%D8%B1%D8%AF-%D8%B9%D9%84%D9%89-%D8%B1%D8%B3%D8%A7%D8%A6%D9%84-%D8%A7%D9%84%D8%B9%D9%85%D9%84%D8%A7%D8%A1-%D8%A8%D8%AF%D9%82
استشارات التسويق الالكتروني,ايهاب ي.,0,0,Aucun avis,تسويق رقمي,التسويق عبر مواقع التواصل,"تسويق, تسويق الكتروني, خطة تسويقية, التسويق الالكتروني, استراتيجية, التسويق الإلكتروني, تسويقيه, استشارات تسويقيه",https://khamsat.com/marketing/social-media-management/2847500-%D8%A7%D8%B3%D8%AA%D8%B4%D8%A7%D8%B1%D8%A7%D8%AA-%D8%A7%D9%84%D8%AA%D8%B3%D9%88%D9%8A%D9%82-%D8%A7%D9%84%D8%A7%D9%84%D9%83%D8%AA%D8%B1%D9%88%D9%86%D9%8A
"خدمة إدارة حسابات التواصل الاجتماعي ,زيادة التفاعل والنمو",.Messaoud G,0,0,Aucun avis,تسويق رقمي,التسويق عبر مواقع التواصل,"تسويق الكتروني, انستغرام, إدارة صفحات, مواقع التواصل الاجتماعي, سوشيال ميديا",https://khamsat.com/marketing/social-media-management/3629522-%D8%AE%D8%AF%D9%85%D8%A9-%D8%A5%D8%AF%D8%A7%D8%B1%D8%A9-%D8%AD%D8%B3%D8%A7%D8%A8%D8%A7%D8%AA-%D8%A7%D9%84%D8%AA%D9%88%D8%A7%D8%B5%D9%84-%D8%A7%D9%84%D8%A7%D8%AC%D8%AA%D9%85%D8%A7%D8%B9%D9%8A-%D8%B2%D9%8A%D8%A7%D8%AF%D8%A9-%D8%A7%D9%84%D8%AA%D9%81%D8%A7%D8%B9%D9%84-%D9%88%D8%A7%D9%84%D9%86%D9%85%D9%88
ادارة  مواقع التواصل الإجتماعي,.Asmae B,1,1,منذ سنتين و11 شهر,تسويق رقمي,التسويق عبر مواقع التواصل,"تصميم, التسويق, بوست, ادارة, ميديا, انستقرام, social media, ادارة صفحات, إنستغرام, سوشيال ميديا",https://khamsat.com/marketing/social-media-management/2650150-%D8%A7%D8%AF%D8%A7%D8%B1%D8%A9-%D9%85%D9%88%D8%A7%D9%82%D8%B9-%D8%A7%D9%84%D8%AA%D9%88%D8%A7%D8%B5%D9%84-%D8%A7%D9%84%D8%A5%D8%AC%D8%AA%D9%85%D8%A7%D8%B9%D9%8A
إدارة وسائل التواصل الأجتماعي,.Neven A,1,1,منذ 4 سنوات و19 يوم,تسويق رقمي,التسويق عبر مواقع التواصل,"المواقع, تحسين, ادارةحسابات",https://khamsat.com/marketing/social-media-management/2125057-%D8%A5%D8%AF%D8%A7%D8%B1%D8%A9-%D9%88%D8%B3%D8%A7%D8%A6%D9%84-%D8%A7%D9%84%D8%AA%D9%88%D8%A7%D8%B5%D9%84-%D8%A7%D9%84%D8%A3%D8%AC%D8%AA%D9%85%D8%A7%D8%B9%D9%8A
الصفحة المطلوبة غير موجودة,Non trouvé,Non trouvé,Non trouvé,Aucun avis,Inconnu,Inconnu,Aucun tag,https://khamsat.com/marketing/social-media-management/3019715-%D8%A5%D8%AF%D8%A7%D8%B1%D8%A9-%D8%AD%D8%B3%D8%A7%D8%A8-%D8%A7%D9%84%D9%81%D9%8A%D8%B3%D8%A8%D9%88%D9%83-%D9%88%D8%A7%D9%84%D8%A7%D9%86%D8%B3%D8%AA%D8%BA%D8%B1%D8%A7%D9%85
إدارة صفحات مواقع التواصل الإجتماعي,.Mennatallah E,0,0,Aucun avis,تسويق رقمي,التسويق عبر مواقع التواصل,"تسويق الكترونى, ادارة صفحات, مواقع التواصل الاجتماعي, سوشيل ميديا",https://khamsat.com/marketing/social-media-management/3056406-%D8%A5%D8%AF%D8%A7%D8%B1%D8%A9-%D8%B5%D9%81%D8%AD%D8%A7%D8%AA-%D9%85%D9%88%D8%A7%D9%82%D8%B9-%D8%A7%D9%84%D8%AA%D9%88%D8%A7%D8%B5%D9%84-%D8%A7%D9%84%D8%A5%D8%AC%D8%AA%D9%85%D8%A7%D8%B9%D9%8A
ادارة صفحاتك على مواقع التواصل,اشواق ب.,1,0,Aucun avis,تسويق رقمي,التسويق عبر مواقع التواصل,"مواقع, كتابة, فيسبوك, محتوى, تواصل",https://khamsat.com/marketing/social-media-management/1825037-%D8%A7%D8%AF%D8%A7%D8%B1%D8%A9-%D8%B5%D9%81%D8%AD%D8%A7%D8%AA%D9%83-%D8%B9%D9%84%D9%89-%D9%85%D9%88%D8%A7%D9%82%D8%B9-%D8%A7%D9%84%D8%AA%D9%88%D8%A7%D8%B5%D9%84
إدارة صفحات التواصل الإجتماعي,ندى ع.,0,0,Aucun avis,تسويق رقمي,التسويق عبر مواقع التواصل,"تسويق, فيسبوك, إدارة, الصفحات, انستغرام",https://khamsat.com/marketing/social-media-management/2846296-%D8%A5%D8%AF%D8%A7%D8%B1%D8%A9-%D8%B5%D9%81%D8%AD%D8%A7%D8%AA-%D8%A7%D9%84%D8%AA%D9%88%D8%A7%D8%B5%D9%84-%D8%A7%D9%84%D8%A5%D8%AC%D8%AA%D9%85%D8%A7%D8%B9%D9%8A
إدارة صفحات على السوشال ميديا,شهد م.,0,0,Aucun avis,تسويق رقمي,التسويق عبر مواقع التواصل,"فيسبوك, انستجرام, إدارة صفحات, مواقع التواصل الاجتماعي, سوشيال ميديا",https://khamsat.com/marketing/social-media-management/3614807-%D8%A5%D8%AF%D8%A7%D8%B1%D8%A9-%D8%B5%D9%81%D8%AD%D8%A7%D8%AA-%D8%B9%D9%84%D9%89-%D8%A7%D9%84%D8%B3%D9%88%D8%B4%D8%A7%D9%84-%D9%85%D9%8A%D8%AF%D9%8A%D8%A7
ادارة الصفحات على الفيسبوك والانستجرام,.Rabab H,0,0,Aucun avis,تسويق رقمي,التسويق عبر مواقع التواصل,"مواقع, facebook, منشورات, صفحات, ادارة",https://khamsat.com/marketing/social-media-management/3694825-%D8%A7%D8%AF%D8%A7%D8%B1%D8%A9-%D8%A7%D9%84%D8%B5%D9%81%D8%AD%D8%A7%D8%AA-%D8%B9%D9%84%D9%89-%D8%A7%D9%84%D9%81%D9%8A%D8%B3%D8%A8%D9%88%D9%83-%D9%88%D8%A7%D9%84%D8%A7%D9%86%D8%B3%D8%AA%D8%AC%D8%B1%D8%A7%D9%85
إدارة حسابات التواصل الاجتماعي,Non trouvé,Non trouvé,Non trouvé,Aucun avis,تسويق رقمي,التسويق عبر مواقع التواصل,Aucun tag,https://khamsat.com/marketing/social-media-management/3296858-%D8%A5%D8%AF%D8%A7%D8%B1%D8%A9-%D8%A7%D9%84%D8%B5%D9%81%D8%AD%D8%A7%D8%AA-%D8%B9%D9%84%D9%89-%D8%A7%D9%84%D9%81%D9%8A%D8%B3%D8%A8%D9%88%D9%83-%D8%A8%D9%83%D9%84-%D8%AC%D8%AF%D8%A7%D8%B1%D8%A9-%D9%88%D8%AE%D8%A8%D8%B1%D8%A9
إدارة صفحتك  بتفاعل غير محدود,.Mostafa S,0,0,Aucun avis,تسويق رقمي,التسويق عبر مواقع التواصل,"فيسبوك, صفحة, ادارة, منشور, تفاعل",https://khamsat.com/marketing/social-media-management/3712794-%D8%A5%D8%AF%D8%A7%D8%B1%D8%A9-%D8%B5%D9%81%D8%AD%D8%AA%D9%83-%D8%A8%D8%AA%D9%81%D8%A7%D8%B9%D9%84-%D8%BA%D9%8A%D8%B1-%D9%85%D8%AD%D8%AF%D9%88%D8%AF
إدارة صفحات على الفيس بوك,سليمان م.,0,0,Aucun avis,تسويق رقمي,التسويق عبر مواقع التواصل,"فيسبوك, إدارة صفحات, سوشيال ميديا",https://khamsat.com/marketing/social-media-management/3391422-%D8%A5%D8%AF%D8%A7%D8%B1%D8%A9-%D8%B5%D9%81%D8%AD%D8%A7%D8%AA-%D8%B9%D9%84%D9%89-%D8%A7%D9%84%D9%81%D9%8A%D8%B3-%D8%A8%D9%88%D9%83
ادارة الصفحات على الفيسبوك والانستجرام,.Rabab H,0,0,Aucun avis,تسويق رقمي,التسويق عبر مواقع التواصل,"مواقع, facebook, منشورات, صفحات, ادارة",https://khamsat.com/marketing/social-media-management/3694825-%D8%A7%D8%AF%D8%A7%D8%B1%D8%A9-%D8%A7%D9%84%D8%B5%D9%81%D8%AD%D8%A7%D8%AA-%D8%B9%D9%84%D9%89-%D8%A7%D9%84%D9%81%D9%8A%D8%B3%D8%A8%D9%88%D9%83-%D9%88%D8%A7%D9%84%D8%A7%D9%86%D8%B3%D8%AA%D8%AC%D8%B1%D8%A7%D9%85
إدارة حسابات التواصل الاجتماعي,Non trouvé,Non trouvé,Non trouvé,Aucun avis,تسويق رقمي,التسويق عبر مواقع التواصل,Aucun tag,https://khamsat.com/marketing/social-media-management/3296858-%D8%A5%D8%AF%D8%A7%D8%B1%D8%A9-%D8%A7%D9%84%D8%B5%D9%81%D8%AD%D8%A7%D8%AA-%D8%B9%D9%84%D9%89-%D8%A7%D9%84%D9%81%D9%8A%D8%B3%D8%A8%D9%88%D9%83-%D8%A8%D9%83%D9%84-%D8%AC%D8%AF%D8%A7%D8%B1%D8%A9-%D9%88%D8%AE%D8%A8%D8%B1%D8%A9
إدارة حسابات سوشيال ميديا على انستغرام وفيسبوك,عبدالرحمن ا.,0,0,Aucun avis,تسويق رقمي,التسويق عبر مواقع التواصل,"تسويق, فيسبوك, ادارة صفحات, إنستغرام, سوشيال ميديا",https://khamsat.com/marketing/social-media-management/3650400-%D8%A5%D8%AF%D8%A7%D8%B1%D8%A9-%D8%AD%D8%B3%D8%A7%D8%A8%D8%A7%D8%AA-%D8%B3%D9%88%D8%B4%D9%8A%D8%A7%D9%84-%D9%85%D9%8A%D8%AF%D9%8A%D8%A7-%D8%B9%D9%84%D9%89-%D8%A7%D9%86%D8%B3%D8%AA%D8%BA%D8%B1%D8%A7%D9%85-%D9%88%D9%81%D9%8A%D8%B3%D8%A8%D9%88%D9%83
إدارة صفحات السوشيال ميديا باحتراف  تصميم و كتابة محتوى جذاب,.Yara E,0,0,Aucun avis,تسويق رقمي,التسويق عبر مواقع التواصل,"كتابة محتوى, تسويق إلكتروني, إدارة صفحات, سوشيال ميديا, تصميم بوستات",https://khamsat.com/marketing/social-media-management/3814803-%D8%A5%D8%AF%D8%A7%D8%B1%D8%A9-%D8%B5%D9%81%D8%AD%D8%A7%D8%AA-%D8%A7%D9%84%D8%B3%D9%88%D8%B4%D9%8A%D8%A7%D9%84-%D9%85%D9%8A%D8%AF%D9%8A%D8%A7-%D8%A8%D8%A7%D8%AD%D8%AA%D8%B1%D8%A7%D9%81-%D8%AA%D8%B5%D9%85%D9%8A%D9%85-%D9%88-%D9%83%D8%AA%D8%A7%D8%A8%D8%A9-%D9%85%D8%AD%D8%AA%D9%88%D9%89-%D8%AC%D8%B0%D8%A7%D8%A8
إدارة صفحات الفيسبوك باحترافية,.Amr A,0,0,Aucun avis,تسويق رقمي,التسويق عبر مواقع التواصل,"بوك, فيسبوك, صفحات, إدارة, الفيس",https://khamsat.com/marketing/social-media-management/3495559-%D8%A5%D8%AF%D8%A7%D8%B1%D8%A9-%D8%B5%D9%81%D8%AD%D8%A7%D8%AA-%D8%A7%D9%84%D9%81%D9%8A%D8%B3%D8%A8%D9%88%D9%83-%D8%A8%D8%A7%D8%AD%D8%AA%D8%B1%D8%A7%D9%81%D9%8A%D8%A9
إدارة صفحات التواصل الاجتماعى لحسابك التجارى فيس بوك انستغرام,هدير ن.,0,0,Aucun avis,تسويق رقمي,التسويق عبر مواقع التواصل,"facebook, انستقرام, ادارة صفحات, سوشيال ميديا, تسويق رقمي",https://khamsat.com/marketing/social-media-management/3680033-%D8%A5%D8%AF%D8%A7%D8%B1%D8%A9-%D8%B5%D9%81%D8%AD%D8%A7%D8%AA-%D8%A7%D9%84%D8%AA%D9%88%D8%A7%D8%B5%D9%84-%D8%A7%D9%84%D8%A7%D8%AC%D8%AA%D9%85%D8%A7%D8%B9%D9%89-%D9%84%D8%AD%D8%B3%D8%A7%D8%A8%D9%83-%D8%A7%D9%84%D8%AA%D8%AC%D8%A7%D8%B1%D9%89-%D9%81%D9%8A%D8%B3-%D8%A8%D9%88%D9%83-%D8%A7%D9%86%D8%B3%D8%AA%D8%BA%D8%B1%D8%A7%D9%85
اداره صفحات التواصل الاجتماعي,زينب ا.,0,0,Aucun avis,تسويق رقمي,التسويق عبر مواقع التواصل,"فيسبوك, انستجرام, إدارة صفحات, سوشيال ميديا",https://khamsat.com/marketing/social-media-management/3721300-%D8%A7%D8%AF%D8%A7%D8%B1%D9%87-%D8%B5%D9%81%D8%AD%D8%A7%D8%AA-%D8%A7%D9%84%D8%AA%D9%88%D8%A7%D8%B5%D9%84-%D8%A7%D9%84%D8%A7%D8%AC%D8%AA%D9%85%D8%A7%D8%B9%D9%8A
إدارة صفحات التواصل الاجتماعي,.Sherin K,0,0,Aucun avis,تسويق رقمي,التسويق عبر مواقع التواصل,"تسويق الكتروني, إدارة, اعلانات فيسبوك, التواصل, سوشيال ميديا",https://khamsat.com/marketing/social-media-management/3326095-%D8%A5%D8%AF%D8%A7%D8%B1%D8%A9-%D8%B5%D9%81%D8%AD%D8%A7%D8%AA-%D8%A7%D9%84%D8%AA%D9%88%D8%A7%D8%B5%D9%84-%D8%A7%D9%84%D8%A7%D8%AC%D8%AA%D9%85%D8%A7%D8%B9%D9%8A
إدارة حسابات التواصل الاجتماعي,.Hossam K,0,0,Aucun avis,تسويق رقمي,التسويق عبر مواقع التواصل,"تسويق, فيسبوك, خدمة عملاء, ادارة صفحات, مواقع التواصل الاجتماعي",https://khamsat.com/marketing/social-media-management/3572395-%D8%A5%D8%AF%D8%A7%D8%B1%D8%A9-%D8%AD%D8%B3%D8%A7%D8%A8%D8%A7%D8%AA-%D8%A7%D9%84%D8%AA%D9%88%D8%A7%D8%B5%D9%84-%D8%A7%D9%84%D8%A7%D8%AC%D8%AA%D9%85%D8%A7%D8%B9%D9%8A
إدارة حسابات مواقع التواصل الإجتماعي بشكل إحترافي,.Mariam M,0,0,Aucun avis,تسويق رقمي,التسويق عبر مواقع التواصل,"تطوير, كتابة, نشر, انستغرام, سوشيال ميديا",https://khamsat.com/marketing/social-media-management/3588366-%D8%A5%D8%AF%D8%A7%D8%B1%D8%A9-%D8%AD%D8%B3%D8%A7%D8%A8%D8%A7%D8%AA-%D9%85%D9%88%D8%A7%D9%82%D8%B9-%D8%A7%D9%84%D8%AA%D9%88%D8%A7%D8%B5%D9%84-%D8%A7%D9%84%D8%A5%D8%AC%D8%AA%D9%85%D8%A7%D8%B9%D9%8A-%D8%A8%D8%B4%D9%83%D9%84-%D8%A5%D8%AD%D8%AA%D8%B1%D8%A7%D9%81%D9%8A
إعداد خطط نشر شهرية للمشاريع المختلفة,.Doaa H,0,0,Aucun avis,تسويق رقمي,التسويق عبر مواقع التواصل,"كتابة, مقالات, تسويق الكتروني, كتابة محتوى, منشورات",https://khamsat.com/marketing/social-media-management/3254156-%D8%A5%D8%B9%D8%AF%D8%A7%D8%AF-%D8%AE%D8%B7%D8%B7-%D9%86%D8%B4%D8%B1-%D8%B4%D9%87%D8%B1%D9%8A%D8%A9-%D9%84%D9%84%D9%85%D8%B4%D8%A7%D8%B1%D9%8A%D8%B9-%D8%A7%D9%84%D9%85%D8%AE%D8%AA%D9%84%D9%81%D8%A9
إدارة صفحات الفيس بوك و مواقع التواصل الإجتماعي,.Dina M,0,0,Aucun avis,تسويق رقمي,التسويق عبر مواقع التواصل,"فيسبوك, حسابات, الصفحات, مواقع التواصل الاجتماعي, سوشيل ميديا",https://khamsat.com/marketing/social-media-management/3705363-%D8%A5%D8%AF%D8%A7%D8%B1%D8%A9-%D8%B5%D9%81%D8%AD%D8%A7%D8%AA-%D8%A7%D9%84%D9%81%D9%8A%D8%B3-%D8%A8%D9%88%D9%83-%D9%88-%D9%85%D9%88%D8%A7%D9%82%D8%B9-%D8%A7%D9%84%D8%AA%D9%88%D8%A7%D8%B5%D9%84-%D8%A7%D9%84%D8%A5%D8%AC%D8%AA%D9%85%D8%A7%D8%B9%D9%8A
ادارة احترافية لصفحات الفيسبوك,.Ghaidaa E,0,0,Aucun avis,تسويق رقمي,التسويق عبر مواقع التواصل,"تصميم, تسويق, كتابة, فيسبوك, سوشيال",https://khamsat.com/marketing/social-media-management/3246805-%D8%A7%D8%AF%D8%A7%D8%B1%D8%A9-%D8%A7%D8%AD%D8%AA%D8%B1%D8%A7%D9%81%D9%8A%D8%A9-%D9%84%D8%B5%D9%81%D8%AD%D8%A7%D8%AA-%D8%A7%D9%84%D9%81%D9%8A%D8%B3%D8%A8%D9%88%D9%83
ادارة وتطوير حسابات السوشيال ميديا انستجرام وفيس بوك,.Ehdaa H,0,0,Aucun avis,تسويق رقمي,التسويق عبر مواقع التواصل,"facebook, instagram, social media, ادارة صفحات, سوشيال ميديا",https://khamsat.com/marketing/social-media-management/3276995-%D8%A7%D8%AF%D8%A7%D8%B1%D8%A9-%D9%88%D8%AA%D8%B7%D9%88%D9%8A%D8%B1-%D8%AD%D8%B3%D8%A7%D8%A8%D8%A7%D8%AA-%D8%A7%D9%84%D8%B3%D9%88%D8%B4%D9%8A%D8%A7%D9%84-%D9%85%D9%8A%D8%AF%D9%8A%D8%A7-%D8%A7%D9%86%D8%B3%D8%AA%D8%AC%D8%B1%D8%A7%D9%85-%D9%88%D9%81%D9%8A%D8%B3-%D8%A8%D9%88%D9%83
إدارة حسابات التواصل الاجتماعي,Non trouvé,Non trouvé,Non trouvé,Aucun avis,تسويق رقمي,التسويق عبر مواقع التواصل,Aucun tag,https://khamsat.com/marketing/social-media-management/3213540-%D8%A5%D8%AF%D8%A7%D8%B1%D8%A9-%D9%82%D9%86%D8%A7%D8%A9-%D9%8A%D9%88%D8%AA%D9%8A%D9%88%D8%A8-%D8%A8%D8%B4%D9%83%D9%84-%D8%A7%D8%AD%D8%AA%D8%B1%D8%A7%D9%81%D9%8A
ادارة حسابات التواصل الاجتماعي,.Areej S,0,0,Aucun avis,تسويق رقمي,التسويق عبر مواقع التواصل,"تويتر, انستغرام, سناب شات, تيك توك",https://khamsat.com/marketing/social-media-management/3732050-%D8%A7%D8%AF%D8%A7%D8%B1%D8%A9-%D8%AD%D8%B3%D8%A7%D8%A8%D8%A7%D8%AA-%D8%A7%D9%84%D8%AA%D9%88%D8%A7%D8%B5%D9%84-%D8%A7%D9%84%D8%A7%D8%AC%D8%AA%D9%85%D8%A7%D8%B9%D9%8A
اداره صفحتك علي منصات التواصل الاجتماعي,.Elsayed M,0,0,Aucun avis,تسويق رقمي,التسويق عبر مواقع التواصل,"تسويق, فيسبوك, تسويق الكتروني, إدارة صفحات",https://khamsat.com/marketing/social-media-management/3061667-%D8%A7%D8%AF%D8%A7%D8%B1%D9%87-%D8%B5%D9%81%D8%AD%D8%AA%D9%83-%D8%B9%D9%84%D9%8A-%D9%85%D9%86%D8%B5%D8%A7%D8%AA-%D8%A7%D9%84%D8%AA%D9%88%D8%A7%D8%B5%D9%84-%D8%A7%D9%84%D8%A7%D8%AC%D8%AA%D9%85%D8%A7%D8%B9%D9%8A
سأقوم بإدارة حسابات التواصل وتصميم منشورات احترافية,.Mariam B,0,0,Aucun avis,تسويق رقمي,التسويق عبر مواقع التواصل,"تسويق, تصميم اعلانات, instgram, socialmedia, canva",https://khamsat.com/marketing/social-media-management/3421520-%D8%B3%D8%A3%D9%82%D9%88%D9%85-%D8%A8%D8%A5%D8%AF%D8%A7%D8%B1%D8%A9-%D8%AD%D8%B3%D8%A7%D8%A8%D8%A7%D8%AA-%D8%A7%D9%84%D8%AA%D9%88%D8%A7%D8%B5%D9%84-%D9%88%D8%AA%D8%B5%D9%85%D9%8A%D9%85-%D9%85%D9%86%D8%B4%D9%88%D8%B1%D8%A7%D8%AA-%D8%A7%D8%AD%D8%AA%D8%B1%D8%A7%D9%81%D9%8A%D8%A9
الصفحة المطلوبة غير موجودة,Non trouvé,Non trouvé,Non trouvé,Aucun avis,Inconnu,Inconnu,Aucun tag,https://khamsat.com/marketing/social-media-management/3546658-%D8%B1%D8%A8%D8%B7-%D8%A8%D9%8A%D9%83%D8%B3%D9%84-%D9%81%D9%8A%D8%B3%D8%A8%D9%88%D9%83-%D8%A8%D9%85%D8%AA%D8%AC%D8%B1%D9%83-%D8%A7%D9%84%D8%A7%D9%84%D9%83%D8%AA%D8%B1%D9%88%D9%86%D9%8A
"اداره صفحات سوشيال ميديا (فيسبوك,انستجرام,واتساب,X)",منه ا.,0,0,Aucun avis,تسويق رقمي,التسويق عبر مواقع التواصل,"تصميم, صفحتك, التواصل, ادارة صفحات, سوشيال",https://khamsat.com/marketing/social-media-management/3705889-%D8%A7%D8%AF%D8%A7%D8%B1%D9%87-%D8%B5%D9%81%D8%AD%D8%A7%D8%AA-%D8%B3%D9%88%D8%B4%D9%8A%D8%A7%D9%84-%D9%85%D9%8A%D8%AF%D9%8A%D8%A7-%D9%81%D9%8A%D8%B3%D8%A8%D9%88%D9%83%D8%A7%D9%86%D8%B3%D8%AA%D8%AC%D8%B1%D8%A7%D9%85%D9%88%D8%A7%D8%AA%D8%B3%D8%A7%D8%A8x
سأقوم بإدارة حسابات السوشيال ميديا الخاصة  بك بشكل إحترافي,.Ghada G,0,0,Aucun avis,تسويق رقمي,التسويق عبر مواقع التواصل,"تسويق, ادارة, انستجرام, ادارة صفحات, سوشيال ميديا",https://khamsat.com/marketing/social-media-management/3633427-%D8%B3%D8%A3%D9%82%D9%88%D9%85-%D8%A8%D8%A5%D8%AF%D8%A7%D8%B1%D8%A9-%D8%AD%D8%B3%D8%A7%D8%A8%D8%A7%D8%AA-%D8%A7%D9%84%D8%B3%D9%88%D8%B4%D9%8A%D8%A7%D9%84-%D9%85%D9%8A%D8%AF%D9%8A%D8%A7-%D8%A7%D9%84%D8%AE%D8%A7%D8%B5%D8%A9-%D8%A8%D9%83-%D8%A8%D8%B4%D9%83%D9%84-%D8%A5%D8%AD%D8%AA%D8%B1%D8%A7%D9%81%D9%8A
ادارة صفحتك على فيسبوك والتسويق لمنتجك,أحمد ف.,0,0,Aucun avis,تسويق رقمي,التسويق عبر مواقع التواصل,"تصميم, logo, فيس, التسويق, إدارة صفحات",https://khamsat.com/marketing/social-media-management/3450237-%D8%A7%D8%AF%D8%A7%D8%B1%D8%A9-%D8%B5%D9%81%D8%AD%D8%AA%D9%83-%D8%B9%D9%84%D9%89-%D9%81%D9%8A%D8%B3%D8%A8%D9%88%D9%83-%D9%88%D8%A7%D9%84%D8%AA%D8%B3%D9%88%D9%8A%D9%82-%D9%84%D9%85%D9%86%D8%AA%D8%AC%D9%83
إدارة صفحات الفيس بوك والانستقرام,.Aya A,0,0,Aucun avis,تسويق رقمي,التسويق عبر مواقع التواصل,"تسويق, الفيسبوك, ادارة, انستغرام, ادارة صفحات",https://khamsat.com/marketing/social-media-management/3666536-%D8%A5%D8%AF%D8%A7%D8%B1%D8%A9-%D8%B5%D9%81%D8%AD%D8%A7%D8%AA-%D8%A7%D9%84%D9%81%D9%8A%D8%B3-%D8%A8%D9%88%D9%83-%D9%88%D8%A7%D9%84%D8%A7%D9%86%D8%B3%D8%AA%D9%82%D8%B1%D8%A7%D9%85
إدارة حسابات مواقع التواصل الإجتماعي الفيسبوك,.Shaimaa G,0,0,Aucun avis,تسويق رقمي,التسويق عبر مواقع التواصل,"كتابة, تواصل, إدارة, إدارة صفحات, مواقع التواصل الاجتماعي",https://khamsat.com/marketing/social-media-management/3286283-%D8%A5%D8%AF%D8%A7%D8%B1%D8%A9-%D8%AD%D8%B3%D8%A7%D8%A8%D8%A7%D8%AA-%D9%85%D9%88%D8%A7%D9%82%D8%B9-%D8%A7%D9%84%D8%AA%D9%88%D8%A7%D8%B5%D9%84-%D8%A7%D9%84%D8%A5%D8%AC%D8%AA%D9%85%D8%A7%D8%B9%D9%8A-%D8%A7%D9%84%D9%81%D9%8A%D8%B3%D8%A8%D9%88%D9%83
تجهيز قناة يوتيوب بشكل احترافي غلاف  وصف  إعدادات,.Emad E,0,0,Aucun avis,تسويق رقمي,التسويق عبر مواقع التواصل,"يوتيوب, youtube, غلاف, قناة, اليوتيوب",https://khamsat.com/marketing/social-media-management/3590170-%D8%AA%D8%AC%D9%87%D9%8A%D8%B2-%D9%82%D9%86%D8%A7%D8%A9-%D9%8A%D9%88%D8%AA%D9%8A%D9%88%D8%A8-%D8%A8%D8%B4%D9%83%D9%84-%D8%A7%D8%AD%D8%AA%D8%B1%D8%A7%D9%81%D9%8A-%D8%BA%D9%84%D8%A7%D9%81-%D9%88%D8%B5%D9%81-%D8%A5%D8%B9%D8%AF%D8%A7%D8%AF%D8%A7%D8%AA
ادارة صفحات التواصل الاجتماعي بشكل احترافي وجذاب,شهد ا.,0,0,Aucun avis,تسويق رقمي,التسويق عبر مواقع التواصل,"الصفحات, ادارة, انستقرام, ادارة صفحات, ادارة الصفحات, سوشيال ميديا, ادارة حسابات التواصل",https://khamsat.com/marketing/social-media-management/2680028-%D8%A7%D8%AF%D8%A7%D8%B1%D8%A9-%D8%B5%D9%81%D8%AD%D8%A7%D8%AA-%D8%A7%D9%84%D8%AA%D9%88%D8%A7%D8%B5%D9%84-%D8%A7%D9%84%D8%A7%D8%AC%D8%AA%D9%85%D8%A7%D8%B9%D9%8A-%D8%A8%D8%B4%D9%83%D9%84-%D8%A7%D8%AD%D8%AA%D8%B1%D8%A7%D9%81%D9%8A-%D9%88%D8%AC%D8%B0%D8%A7%D8%A8
إدارة محتوى مواقع التواصل الاجتماعي وزيادة التفاعل فيسبوك,.Ammar A,0,0,Aucun avis,تسويق رقمي,التسويق عبر مواقع التواصل,"فيسبوك, يوتيوب, linkedin, انستقرام, إدارة صفحات",https://khamsat.com/marketing/social-media-management/3784475-%D8%A5%D8%AF%D8%A7%D8%B1%D8%A9-%D9%85%D8%AD%D8%AA%D9%88%D9%89-%D9%85%D9%88%D8%A7%D9%82%D8%B9-%D8%A7%D9%84%D8%AA%D9%88%D8%A7%D8%B5%D9%84-%D8%A7%D9%84%D8%A7%D8%AC%D8%AA%D9%85%D8%A7%D8%B9%D9%8A-%D9%88%D8%B2%D9%8A%D8%A7%D8%AF%D8%A9-%D8%A7%D9%84%D8%AA%D9%81%D8%A7%D8%B9%D9%84-%D9%81%D9%8A%D8%B3%D8%A8%D9%88%D9%83
إدارة احترافية لرسائل وتعليقات عملائك على السوشيل  ميديا,.Ghada A,0,0,Aucun avis,تسويق رقمي,التسويق عبر مواقع التواصل,"تواصل, خدمة عملاء, ادارة, سوشيال ميديا",https://khamsat.com/marketing/social-media-management/3592778-%D8%A5%D8%AF%D8%A7%D8%B1%D8%A9-%D8%A7%D8%AD%D8%AA%D8%B1%D8%A7%D9%81%D9%8A%D8%A9-%D9%84%D8%B1%D8%B3%D8%A7%D8%A6%D9%84-%D9%88%D8%AA%D8%B9%D9%84%D9%8A%D9%82%D8%A7%D8%AA-%D8%B9%D9%85%D9%84%D8%A7%D8%A6%D9%83-%D8%B9%D9%84%D9%89-%D8%A7%D9%84%D8%B3%D9%88%D8%B4%D9%8A%D9%84-%D9%85%D9%8A%D8%AF%D9%8A%D8%A7
ادارة حسابات التواصل الاجتماعي,.Yomna L,0,0,Aucun avis,تسويق رقمي,التسويق عبر مواقع التواصل,"فيسبوك, تسويق الكتروني, انستقرام, ادارة صفحات, سوشيال ميديا",https://khamsat.com/marketing/social-media-management/3253671-%D8%A7%D8%AF%D8%A7%D8%B1%D8%A9-%D8%AD%D8%B3%D8%A7%D8%A8%D8%A7%D8%AA-%D8%A7%D9%84%D8%AA%D9%88%D8%A7%D8%B5%D9%84-%D8%A7%D9%84%D8%A7%D8%AC%D8%AA%D9%85%D8%A7%D8%B9%D9%8A
الصفحة المطلوبة غير موجودة,Non trouvé,Non trouvé,Non trouvé,Aucun avis,Inconnu,Inconnu,Aucun tag,https://khamsat.com/marketing/social-media-management/3637576-%D8%A5%D8%AF%D8%A7%D8%B1%D8%A9-%D8%B5%D9%81%D8%AD%D8%A7%D8%AA-%D9%81%D9%8A%D8%B3-%D8%A8%D9%88%D9%83-%D9%88%D8%AA%D8%AD%D9%84%D9%8A%D9%84-%D8%A7%D9%84%D8%A3%D8%AF%D8%A7%D8%A1
ادارة حسابات التواصل الاجتماعي,.Yomna L,0,0,Aucun avis,تسويق رقمي,التسويق عبر مواقع التواصل,"فيسبوك, تسويق الكتروني, انستقرام, ادارة صفحات, سوشيال ميديا",https://khamsat.com/marketing/social-media-management/3253671-%D8%A7%D8%AF%D8%A7%D8%B1%D8%A9-%D8%AD%D8%B3%D8%A7%D8%A8%D8%A7%D8%AA-%D8%A7%D9%84%D8%AA%D9%88%D8%A7%D8%B5%D9%84-%D8%A7%D9%84%D8%A7%D8%AC%D8%AA%D9%85%D8%A7%D8%B9%D9%8A
ادارة حسابك على الانستقرام,غدي ا.,0,0,Aucun avis,تسويق رقمي,التسويق عبر مواقع التواصل,"تسويق, حساب, ادارة, انستقرام, ادارة صفحات",https://khamsat.com/marketing/social-media-management/3349207-%D8%A7%D8%AF%D8%A7%D8%B1%D8%A9-%D8%AD%D8%B3%D8%A7%D8%A8%D9%83-%D8%B9%D9%84%D9%89-%D8%A7%D9%84%D8%A7%D9%86%D8%B3%D8%AA%D9%82%D8%B1%D8%A7%D9%85
إدارة حسابات مواقع التواصل الإجتماعي الفيسبوك,.Shaimaa G,0,0,Aucun avis,تسويق رقمي,التسويق عبر مواقع التواصل,"كتابة, تواصل, إدارة, إدارة صفحات, مواقع التواصل الاجتماعي",https://khamsat.com/marketing/social-media-management/3286283-%D8%A5%D8%AF%D8%A7%D8%B1%D8%A9-%D8%AD%D8%B3%D8%A7%D8%A8%D8%A7%D8%AA-%D9%85%D9%88%D8%A7%D9%82%D8%B9-%D8%A7%D9%84%D8%AA%D9%88%D8%A7%D8%B5%D9%84-%D8%A7%D9%84%D8%A5%D8%AC%D8%AA%D9%85%D8%A7%D8%B9%D9%8A-%D8%A7%D9%84%D9%81%D9%8A%D8%B3%D8%A8%D9%88%D9%83
ادارة صفحات التواصل الاجتماعي فيسبوك او انستجرام او غيرها,.Roqaya H,0,0,Aucun avis,تسويق رقمي,التسويق عبر مواقع التواصل,"فيسبوك, محتوى, انستجرام, ادارة صفحات, تسويق رقمي",https://khamsat.com/marketing/social-media-management/3344745-%D8%A7%D8%AF%D8%A7%D8%B1%D8%A9-%D8%B5%D9%81%D8%AD%D8%A7%D8%AA-%D8%A7%D9%84%D8%AA%D9%88%D8%A7%D8%B5%D9%84-%D8%A7%D9%84%D8%A7%D8%AC%D8%AA%D9%85%D8%A7%D8%B9%D9%8A-%D9%81%D9%8A%D8%B3%D8%A8%D9%88%D9%83-%D8%A7%D9%88-%D8%A7%D9%86%D8%B3%D8%AA%D8%AC%D8%B1%D8%A7%D9%85-%D8%A7%D9%88-%D8%BA%D9%8A%D8%B1%D9%87%D8%A7
خدمة العملاء عبر مواقع التواصل,.Hiba H,0,0,Aucun avis,تسويق رقمي,التسويق عبر مواقع التواصل,"مواقع, عملاء, خدمة عملاء, التواصل, خدمة العملاء",https://khamsat.com/marketing/social-media-management/3832881-%D8%AE%D8%AF%D9%85%D8%A9-%D8%A7%D9%84%D8%B9%D9%85%D9%84%D8%A7%D8%A1-%D8%B9%D8%A8%D8%B1-%D9%85%D9%88%D8%A7%D9%82%D8%B9-%D8%A7%D9%84%D8%AA%D9%88%D8%A7%D8%B5%D9%84
إدارة حسابات التواصل الاجتماعي باحتراف و الرد على الرسائل,.Bouthayna B,0,0,Aucun avis,تسويق رقمي,التسويق عبر مواقع التواصل,"فيس بوك, انستغرام, تعليقات, إدارة صفحات, سوشيل ميديا",https://khamsat.com/marketing/social-media-management/3500384-%D8%A5%D8%AF%D8%A7%D8%B1%D8%A9-%D8%AD%D8%B3%D8%A7%D8%A8%D8%A7%D8%AA-%D8%A7%D9%84%D8%AA%D9%88%D8%A7%D8%B5%D9%84-%D8%A7%D9%84%D8%A7%D8%AC%D8%AA%D9%85%D8%A7%D8%B9%D9%8A-%D8%A8%D8%A7%D8%AD%D8%AA%D8%B1%D8%A7%D9%81-%D9%88-%D8%A7%D9%84%D8%B1%D8%AF-%D8%B9%D9%84%D9%89-%D8%A7%D9%84%D8%B1%D8%B3%D8%A7%D8%A6%D9%84
إدارة حسابات مواقع التواصل الاجتماعي,Mr ع.,0,0,Aucun avis,تسويق رقمي,التسويق عبر مواقع التواصل,"حسابات, انستقرام, ادارة صفحات, تيكتوك",https://khamsat.com/marketing/social-media-management/3771692-%D8%A5%D8%AF%D8%A7%D8%B1%D8%A9-%D8%AD%D8%B3%D8%A7%D8%A8%D8%A7%D8%AA-%D9%85%D9%88%D8%A7%D9%82%D8%B9-%D8%A7%D9%84%D8%AA%D9%88%D8%A7%D8%B5%D9%84-%D8%A7%D9%84%D8%A7%D8%AC%D8%AA%D9%85%D8%A7%D8%B9%D9%8A
إدارة حسابات السوشيال ميديا - منشورات جاهزة,.Omar S,0,0,Aucun avis,تسويق رقمي,التسويق عبر مواقع التواصل,"اعلانات فيسبوك, ادارة صفحات, كاتب محتوى, سوشيل ميديا, تصميم بوستات سوشيال ميديا",https://khamsat.com/marketing/social-media-management/3818441-%D8%A5%D8%AF%D8%A7%D8%B1%D8%A9-%D8%AD%D8%B3%D8%A7%D8%A8%D8%A7%D8%AA-%D8%A7%D9%84%D8%B3%D9%88%D8%B4%D9%8A%D8%A7%D9%84-%D9%85%D9%8A%D8%AF%D9%8A%D8%A7-%D9%85%D9%86%D8%B4%D9%88%D8%B1%D8%A7%D8%AA-%D8%AC%D8%A7%D9%87%D8%B2%D8%A9
إدارة إحترافية لحسابات التواصل الإجتماعي مقابل 5$ فقط,مصعب م.,0,0,Aucun avis,تسويق رقمي,التسويق عبر مواقع التواصل,"تصميم, كتابة, حسابات, نشر, تواصل, إدارة, اجتماعي, إجتماعي, ادارة, ميديا",https://khamsat.com/marketing/social-media-management/1823890-%D8%A5%D8%AF%D8%A7%D8%B1%D8%A9-%D8%A5%D8%AD%D8%AA%D8%B1%D8%A7%D9%81%D9%8A%D8%A9-%D9%84%D8%AD%D8%B3%D8%A7%D8%A8%D8%A7%D8%AA-%D8%A7%D9%84%D8%AA%D9%88%D8%A7%D8%B5%D9%84-%D8%A7%D9%84%D8%A5%D8%AC%D8%AA%D9%85%D8%A7%D8%B9%D9%8A-%D9%85%D9%82%D8%A7%D8%A8%D9%84-5-%D9%81%D9%82%D8%B7
إدارة صفحات لينكد إن والسوشيال ميديا باحترافية,.Hagar R,0,0,Aucun avis,تسويق رقمي,التسويق عبر مواقع التواصل,"تصميم اعلانات, مقالات, بوست, تصميم ابداعي, تصميم بوستات سوشيال ميديا",https://khamsat.com/marketing/social-media-management/3129757-%D8%A5%D8%AF%D8%A7%D8%B1%D8%A9-%D8%B5%D9%81%D8%AD%D8%A7%D8%AA-%D9%84%D9%8A%D9%86%D9%83%D8%AF-%D8%A5%D9%86-%D9%88%D8%A7%D9%84%D8%B3%D9%88%D8%B4%D9%8A%D8%A7%D9%84-%D9%85%D9%8A%D8%AF%D9%8A%D8%A7-%D8%A8%D8%A7%D8%AD%D8%AA%D8%B1%D8%A7%D9%81%D9%8A%D8%A9
جدولة محتوى مواقع التواصل الاجتماعي تلقائيا,.Mohamed Moncef K,0,0,Aucun avis,تسويق رقمي,التسويق عبر مواقع التواصل,"تلقائي, ادارة صفحات, جدولة, مواقع التواصل الاجتماعي",https://khamsat.com/marketing/social-media-management/3534031-%D8%AC%D8%AF%D9%88%D9%84%D8%A9-%D9%85%D8%AD%D8%AA%D9%88%D9%89-%D9%85%D9%88%D8%A7%D9%82%D8%B9-%D8%A7%D9%84%D8%AA%D9%88%D8%A7%D8%B5%D9%84-%D8%A7%D9%84%D8%A7%D8%AC%D8%AA%D9%85%D8%A7%D8%B9%D9%8A-%D8%AA%D9%84%D9%82%D8%A7%D8%A6%D9%8A%D8%A7
الرد على العملاء والمتابعين على صفحات السوشيال ميديا بسرعة,.Basem B,0,0,Aucun avis,تسويق رقمي,التسويق عبر مواقع التواصل,"تسويق, كتابة, ادارة, ادارة صفحات, العملاء",https://khamsat.com/marketing/social-media-management/3589324-%D8%A7%D9%84%D8%B1%D8%AF-%D8%B9%D9%84%D9%89-%D8%A7%D9%84%D8%B9%D9%85%D9%84%D8%A7%D8%A1-%D9%88%D8%A7%D9%84%D9%85%D8%AA%D8%A7%D8%A8%D8%B9%D9%8A%D9%86-%D8%B9%D9%84%D9%89-%D8%B5%D9%81%D8%AD%D8%A7%D8%AA-%D8%A7%D9%84%D8%B3%D9%88%D8%B4%D9%8A%D8%A7%D9%84-%D9%85%D9%8A%D8%AF%D9%8A%D8%A7-%D8%A8%D8%B3%D8%B1%D8%B9%D8%A9
إدارة احترافية لرسائل وتعليقات عملائك على السوشيل  ميديا,.Ghada A,0,0,Aucun avis,تسويق رقمي,التسويق عبر مواقع التواصل,"تواصل, خدمة عملاء, ادارة, سوشيال ميديا",https://khamsat.com/marketing/social-media-management/3592778-%D8%A5%D8%AF%D8%A7%D8%B1%D8%A9-%D8%A7%D8%AD%D8%AA%D8%B1%D8%A7%D9%81%D9%8A%D8%A9-%D9%84%D8%B1%D8%B3%D8%A7%D8%A6%D9%84-%D9%88%D8%AA%D8%B9%D9%84%D9%8A%D9%82%D8%A7%D8%AA-%D8%B9%D9%85%D9%84%D8%A7%D8%A6%D9%83-%D8%B9%D9%84%D9%89-%D8%A7%D9%84%D8%B3%D9%88%D8%B4%D9%8A%D9%84-%D9%85%D9%8A%D8%AF%D9%8A%D8%A7
تهيئة و إدارة قناة يوتيوب احترافية من الصفر حتى الجاهزية,.Wael M,0,0,Aucun avis,تسويق رقمي,التسويق عبر مواقع التواصل,"تصميم, استشارة, يوتيوب, youtube, سيو",https://khamsat.com/marketing/social-media-management/3330725-%D8%AA%D9%87%D9%8A%D8%A6%D8%A9-%D9%88-%D8%A5%D8%AF%D8%A7%D8%B1%D8%A9-%D9%82%D9%86%D8%A7%D8%A9-%D9%8A%D9%88%D8%AA%D9%8A%D9%88%D8%A8-%D8%A7%D8%AD%D8%AA%D8%B1%D8%A7%D9%81%D9%8A%D8%A9-%D9%85%D9%86-%D8%A7%D9%84%D8%B5%D9%81%D8%B1-%D8%AD%D8%AA%D9%89-%D8%A7%D9%84%D8%AC%D8%A7%D9%87%D8%B2%D9%8A%D8%A9
إدارة صفحات التواصل الأجتماعي بأحترافية,.Manal N,0,0,Aucun avis,تسويق رقمي,التسويق عبر مواقع التواصل,"كتابة, فيسبوك, تسويق الكتروني, ادارة صفحات, سوشيال ميديا",https://khamsat.com/marketing/social-media-management/3571430-%D8%A5%D8%AF%D8%A7%D8%B1%D8%A9-%D8%B5%D9%81%D8%AD%D8%A7%D8%AA-%D8%A7%D9%84%D8%AA%D9%88%D8%A7%D8%B5%D9%84-%D8%A7%D9%84%D8%A3%D8%AC%D8%AA%D9%85%D8%A7%D8%B9%D9%8A-%D8%A8%D8%A3%D8%AD%D8%AA%D8%B1%D8%A7%D9%81%D9%8A%D8%A9
ادارة منصات التواصل الاجتماعي,.Asmaa M,0,0,Aucun avis,تسويق رقمي,التسويق عبر مواقع التواصل,"تسويق, تواصل اجتماعي, social media, سوشيال ميديا",https://khamsat.com/marketing/social-media-management/3251085-%D8%A7%D8%AF%D8%A7%D8%B1%D8%A9-%D9%85%D9%86%D8%B5%D8%A7%D8%AA-%D8%A7%D9%84%D8%AA%D9%88%D8%A7%D8%B5%D9%84-%D8%A7%D9%84%D8%A7%D8%AC%D8%AA%D9%85%D8%A7%D8%B9%D9%8A
إدارة صفحات الفيسبوك بشكل احترافي,.Wisam Z,0,0,Aucun avis,تسويق رقمي,التسويق عبر مواقع التواصل,"تسويق, فيسبوك, ادارة صفحات, مواقع التواصل الاجتماعي, سوشيال ميديا",https://khamsat.com/marketing/social-media-management/3673331-%D8%A5%D8%AF%D8%A7%D8%B1%D8%A9-%D8%B5%D9%81%D8%AD%D8%A7%D8%AA-%D8%A7%D9%84%D9%81%D9%8A%D8%B3%D8%A8%D9%88%D9%83-%D8%A8%D8%B4%D9%83%D9%84-%D8%A7%D8%AD%D8%AA%D8%B1%D8%A7%D9%81%D9%8A
اداره حسابات السوشيال ميديا,.Nermine N,0,0,Aucun avis,تسويق رقمي,التسويق عبر مواقع التواصل,"حسابات, ميديا, اداره, السوشيال",https://khamsat.com/marketing/social-media-management/2354533-%D8%A7%D8%AF%D8%A7%D8%B1%D9%87-%D8%AD%D8%B3%D8%A7%D8%A8%D8%A7%D8%AA-%D8%A7%D9%84%D8%B3%D9%88%D8%B4%D9%8A%D8%A7%D9%84-%D9%85%D9%8A%D8%AF%D9%8A%D8%A7
الرد على رسائل وتعليقات حسابات التواصل الاجتماعي باحترافية,.Nada G,0,0,Aucun avis,تسويق رقمي,التسويق عبر مواقع التواصل,"خدمه العملاء, إدارة صفحات, سوشيل ميديا, رد على الرسائل, تفاعل مع العملاء",https://khamsat.com/marketing/social-media-management/3231183-%D8%A7%D9%84%D8%B1%D8%AF-%D8%B9%D9%84%D9%89-%D8%B1%D8%B3%D8%A7%D8%A6%D9%84-%D9%88%D8%AA%D8%B9%D9%84%D9%8A%D9%82%D8%A7%D8%AA-%D8%AD%D8%B3%D8%A7%D8%A8%D8%A7%D8%AA-%D8%A7%D9%84%D8%AA%D9%88%D8%A7%D8%B5%D9%84-%D8%A7%D9%84%D8%A7%D8%AC%D8%AA%D9%85%D8%A7%D8%B9%D9%8A-%D8%A8%D8%A7%D8%AD%D8%AA%D8%B1%D8%A7%D9%81%D9%8A%D8%A9
إدارة صفحات تواصل اجتماعي,.Reham A,0,0,Aucun avis,تسويق رقمي,التسويق عبر مواقع التواصل,"تصميم, لوجو, مقالات, محتوى, إعلانات سوشيال ميديا",https://khamsat.com/marketing/social-media-management/3320842-%D8%A5%D8%AF%D8%A7%D8%B1%D8%A9-%D8%B5%D9%81%D8%AD%D8%A7%D8%AA-%D8%AA%D9%88%D8%A7%D8%B5%D9%84-%D8%A7%D8%AC%D8%AA%D9%85%D8%A7%D8%B9%D9%8A
إدارة حسابات Instagram و facebook,محمد ج.,0,0,Aucun avis,تسويق رقمي,التسويق عبر مواقع التواصل,"facebook, بوست, ادمن, instagram, ادارة صفحات",https://khamsat.com/marketing/social-media-management/3489719-%D8%A5%D8%AF%D8%A7%D8%B1%D8%A9-%D8%AD%D8%B3%D8%A7%D8%A8%D8%A7%D8%AA-instagram-%D9%88-facebook
ادراه حسابات سوشيال ميديا,هدي ش.,0,0,Aucun avis,تسويق رقمي,التسويق عبر مواقع التواصل,"رسائل, صفحات, ادارة صفحات, مواقع التواصل الاجتماعي, سوشيال ميديا",https://khamsat.com/marketing/social-media-management/3593900-%D8%A7%D8%AF%D8%B1%D8%A7%D9%87-%D8%AD%D8%B3%D8%A7%D8%A8%D8%A7%D8%AA-%D8%B3%D9%88%D8%B4%D9%8A%D8%A7%D9%84-%D9%85%D9%8A%D8%AF%D9%8A%D8%A7
تسويق وإدارة حسابك على الانستغرام والفيس بوك وزيادة التفاعل,سمية ا.,0,0,Aucun avis,تسويق رقمي,التسويق عبر مواقع التواصل,"تسويق الكتروني, كتابة محتوى, مواقع التواصل الاجتماعي, سوشيال ميديا, digital marketing",https://khamsat.com/marketing/social-media-management/3625788-%D8%AA%D8%B3%D9%88%D9%8A%D9%82-%D9%88%D8%A5%D8%AF%D8%A7%D8%B1%D8%A9-%D8%AD%D8%B3%D8%A7%D8%A8%D9%83-%D8%B9%D9%84%D9%89-%D8%A7%D9%84%D8%A7%D9%86%D8%B3%D8%AA%D8%BA%D8%B1%D8%A7%D9%85-%D9%88%D8%A7%D9%84%D9%81%D9%8A%D8%B3-%D8%A8%D9%88%D9%83-%D9%88%D8%B2%D9%8A%D8%A7%D8%AF%D8%A9-%D8%A7%D9%84%D8%AA%D9%81%D8%A7%D8%B9%D9%84
إدارة حسابات التواصل الاجتماعي إنستغرام  تيك توك  يوتيوب,سلمان ف.,0,0,Aucun avis,تسويق رقمي,التسويق عبر مواقع التواصل,"instagram, tiktok, media sosial, situs media sosial, kelola halaman",https://khamsat.com/marketing/social-media-management/3681020-%D8%A5%D8%AF%D8%A7%D8%B1%D8%A9-%D8%AD%D8%B3%D8%A7%D8%A8%D8%A7%D8%AA-%D8%A7%D9%84%D8%AA%D9%88%D8%A7%D8%B5%D9%84-%D8%A7%D9%84%D8%A7%D8%AC%D8%AA%D9%85%D8%A7%D8%B9%D9%8A-%D8%A5%D9%86%D8%B3%D8%AA%D8%BA%D8%B1%D8%A7%D9%85-%D8%AA%D9%8A%D9%83-%D8%AA%D9%88%D9%83-%D9%8A%D9%88%D8%AA%D9%8A%D9%88%D8%A8
تفعيل خدمة الرد التلقائي على صفحة الفيسبوك الخاصه بك,.Ahmed M,0,0,Aucun avis,تسويق رقمي,التسويق عبر مواقع التواصل,"تعليق, الرد التلقائي, تعليق تلقائي, اتمتة التعليقات",https://khamsat.com/marketing/social-media-management/2385251-%D8%AA%D9%81%D8%B9%D9%8A%D9%84-%D8%AE%D8%AF%D9%85%D8%A9-%D8%A7%D9%84%D8%B1%D8%AF-%D8%A7%D9%84%D8%AA%D9%84%D9%82%D8%A7%D8%A6%D9%8A-%D8%B9%D9%84%D9%89-%D8%B5%D9%81%D8%AD%D8%A9-%D8%A7%D9%84%D9%81%D9%8A%D8%B3%D8%A8%D9%88%D9%83-%D8%A7%D9%84%D8%AE%D8%A7%D8%B5%D9%87-%D8%A8%D9%83
ادارة مواقع التواصل الاجتماعى,ايمان م.,0,0,Aucun avis,تسويق رقمي,التسويق عبر مواقع التواصل,"اعلان, تسويق الكتروني, كتابة محتوى, ادارة صفحات, مواقع التواصل الاجتماعي",https://khamsat.com/marketing/social-media-management/3348586-%D8%A7%D8%AF%D8%A7%D8%B1%D8%A9-%D9%85%D9%88%D8%A7%D9%82%D8%B9-%D8%A7%D9%84%D8%AA%D9%88%D8%A7%D8%B5%D9%84-%D8%A7%D9%84%D8%A7%D8%AC%D8%AA%D9%85%D8%A7%D8%B9%D9%89
إدارة حسابات سوشل ميديا social medea manager,.Sellani I,0,0,Aucun avis,تسويق رقمي,التسويق عبر مواقع التواصل,"ترجمة, كتابة, manger, سوشل ميديا",https://khamsat.com/marketing/social-media-management/3198322-%D8%A5%D8%AF%D8%A7%D8%B1%D8%A9-%D8%AD%D8%B3%D8%A7%D8%A8%D8%A7%D8%AA-%D8%B3%D9%88%D8%B4%D9%84-%D9%85%D9%8A%D8%AF%D9%8A%D8%A7-social-medea-manager
إدارة حسابات التواصل الاجتماعي,Non trouvé,Non trouvé,Non trouvé,Aucun avis,تسويق رقمي,التسويق عبر مواقع التواصل,Aucun tag,https://khamsat.com/marketing/social-media-management/3211593-%D8%A5%D8%AF%D8%A7%D8%B1%D8%A9-%D9%85%D9%86%D8%B5%D8%A7%D8%AA-%D8%A7%D9%84%D8%AA%D9%88%D8%A7%D8%B5%D9%84-%D8%A7%D9%84%D8%A7%D8%AC%D8%AA%D9%85%D8%A7%D8%B9%D9%8A-%D9%88-%D9%82%D9%86%D9%88%D8%A7%D8%AA-%D9%8A%D9%88%D8%AA%D9%8A%D9%88%D8%A8
إدارة حسابات التواصل الاجتماعي بشكل احترافي,.Esra A,0,0,Aucun avis,تسويق رقمي,التسويق عبر مواقع التواصل,"تسويق الكتروني, انستغرام, إدارة صفحات, مواقع التواصل الاجتماعي, سوشيال ميديا",https://khamsat.com/marketing/social-media-management/3577579-%D8%A5%D8%AF%D8%A7%D8%B1%D8%A9-%D8%AD%D8%B3%D8%A7%D8%A8%D8%A7%D8%AA-%D8%A7%D9%84%D8%AA%D9%88%D8%A7%D8%B5%D9%84-%D8%A7%D9%84%D8%A7%D8%AC%D8%AA%D9%85%D8%A7%D8%B9%D9%8A-%D8%A8%D8%B4%D9%83%D9%84-%D8%A7%D8%AD%D8%AA%D8%B1%D8%A7%D9%81%D9%8A
إدارة كاملة لصفحات السوشيال ميديا,عبدالله ع.,0,0,Aucun avis,تسويق رقمي,التسويق عبر مواقع التواصل,"حسابات, social media, إدارة صفحات, سوشيال ميديا, بوست سوشيال ميديا",https://khamsat.com/marketing/social-media-management/3764540-%D8%A5%D8%AF%D8%A7%D8%B1%D8%A9-%D9%83%D8%A7%D9%85%D9%84%D8%A9-%D9%84%D8%B5%D9%81%D8%AD%D8%A7%D8%AA-%D8%A7%D9%84%D8%B3%D9%88%D8%B4%D9%8A%D8%A7%D9%84-%D9%85%D9%8A%D8%AF%D9%8A%D8%A7
إدارة صفحات السوشيال ميديا,سارة ق.,0,0,Aucun avis,تسويق رقمي,التسويق عبر مواقع التواصل,"فيسبوك, إدارة, تواصل اجتماعي, انستجرام, سوشيال ميديا",https://khamsat.com/marketing/social-media-management/3202716-%D8%A5%D8%AF%D8%A7%D8%B1%D8%A9-%D8%B5%D9%81%D8%AD%D8%A7%D8%AA-%D8%A7%D9%84%D8%B3%D9%88%D8%B4%D9%8A%D8%A7%D9%84-%D9%85%D9%8A%D8%AF%D9%8A%D8%A7
أدمن محترفة متفرغة لإدارة حسابات التواصل الاجتماعي باحترافية,اسماء ع.,0,0,Aucun avis,تسويق رقمي,التسويق عبر مواقع التواصل,"فيسبوك, social media, انستجرام, إدارة صفحات, سوشيال ميديا",https://khamsat.com/marketing/social-media-management/3575283-%D8%A3%D8%AF%D9%85%D9%86-%D9%85%D8%AD%D8%AA%D8%B1%D9%81%D8%A9-%D9%85%D8%AA%D9%81%D8%B1%D8%BA%D8%A9-%D9%84%D8%A5%D8%AF%D8%A7%D8%B1%D8%A9-%D8%AD%D8%B3%D8%A7%D8%A8%D8%A7%D8%AA-%D8%A7%D9%84%D8%AA%D9%88%D8%A7%D8%B5%D9%84-%D8%A7%D9%84%D8%A7%D8%AC%D8%AA%D9%85%D8%A7%D8%B9%D9%8A-%D8%A8%D8%A7%D8%AD%D8%AA%D8%B1%D8%A7%D9%81%D9%8A%D8%A9
إدارة حسابات التواصل الاجتماعي,Non trouvé,Non trouvé,Non trouvé,Aucun avis,تسويق رقمي,التسويق عبر مواقع التواصل,Aucun tag,https://khamsat.com/marketing/social-media-management/3636308-%D8%A5%D8%AF%D8%A7%D8%B1%D8%A9-%D8%B5%D9%81%D8%AD%D8%A7%D8%AA-%D8%A7%D9%84%D8%AA%D9%88%D8%A7%D8%B5%D9%84-%D8%A7%D9%84%D8%A7%D8%AC%D8%AA%D9%85%D8%A7%D8%B9%D9%8A
إدارة حسابك الفيسبوك أو الانستا,.Mohamad M,0,0,Aucun avis,تسويق رقمي,التسويق عبر مواقع التواصل,"فيسبوك, حسابات, انستغرام, ادارة صفحات, مواقع التواصل الاجتماعي",https://khamsat.com/marketing/social-media-management/3514047-%D8%A5%D8%AF%D8%A7%D8%B1%D8%A9-%D8%AD%D8%B3%D8%A7%D8%A8%D9%83-%D8%A7%D9%84%D9%81%D9%8A%D8%B3%D8%A8%D9%88%D9%83-%D8%A3%D9%88-%D8%A7%D9%84%D8%A7%D9%86%D8%B3%D8%AA%D8%A7
إدارة حسابات التواصل الاجتماعي لتعزيز وجودك الرقمي,.Mohamed S,0,0,Aucun avis,تسويق رقمي,التسويق عبر مواقع التواصل,"كتابة, تسويق الكتروني, facebook, انستقرام, مواقع التواصل الاجتماعي",https://khamsat.com/marketing/social-media-management/3152418-%D8%A5%D8%AF%D8%A7%D8%B1%D8%A9-%D8%AD%D8%B3%D8%A7%D8%A8%D8%A7%D8%AA-%D8%A7%D9%84%D8%AA%D9%88%D8%A7%D8%B5%D9%84-%D8%A7%D9%84%D8%A7%D8%AC%D8%AA%D9%85%D8%A7%D8%B9%D9%8A-%D9%84%D8%AA%D8%B9%D8%B2%D9%8A%D8%B2-%D9%88%D8%AC%D9%88%D8%AF%D9%83-%D8%A7%D9%84%D8%B1%D9%82%D9%85%D9%8A
ادارة وسائل التواصل الاجتماعي,.Jan M,0,0,Aucun avis,تسويق رقمي,التسويق عبر مواقع التواصل,فيس انستجرام صفحات,https://khamsat.com/marketing/social-media-management/3032875-%D8%A7%D8%AF%D8%A7%D8%B1%D8%A9-%D9%88%D8%B3%D8%A7%D8%A6%D9%84-%D8%A7%D9%84%D8%AA%D9%88%D8%A7%D8%B5%D9%84-%D8%A7%D9%84%D8%A7%D8%AC%D8%AA%D9%85%D8%A7%D8%B9%D9%8A
إدارة إحترافية لحسابات التواصل الإجتماعي مقابل 5$ فقط,مصعب م.,0,0,Aucun avis,تسويق رقمي,التسويق عبر مواقع التواصل,"تصميم, كتابة, حسابات, نشر, تواصل, إدارة, اجتماعي, إجتماعي, ادارة, ميديا",https://khamsat.com/marketing/social-media-management/1823890-%D8%A5%D8%AF%D8%A7%D8%B1%D8%A9-%D8%A5%D8%AD%D8%AA%D8%B1%D8%A7%D9%81%D9%8A%D8%A9-%D9%84%D8%AD%D8%B3%D8%A7%D8%A8%D8%A7%D8%AA-%D8%A7%D9%84%D8%AA%D9%88%D8%A7%D8%B5%D9%84-%D8%A7%D9%84%D8%A5%D8%AC%D8%AA%D9%85%D8%A7%D8%B9%D9%8A-%D9%85%D9%82%D8%A7%D8%A8%D9%84-5-%D9%81%D9%82%D8%B7
إدارة صفحات لينكد إن والسوشيال ميديا باحترافية,.Hagar R,0,0,Aucun avis,تسويق رقمي,التسويق عبر مواقع التواصل,"تصميم اعلانات, مقالات, بوست, تصميم ابداعي, تصميم بوستات سوشيال ميديا",https://khamsat.com/marketing/social-media-management/3129757-%D8%A5%D8%AF%D8%A7%D8%B1%D8%A9-%D8%B5%D9%81%D8%AD%D8%A7%D8%AA-%D9%84%D9%8A%D9%86%D9%83%D8%AF-%D8%A5%D9%86-%D9%88%D8%A7%D9%84%D8%B3%D9%88%D8%B4%D9%8A%D8%A7%D9%84-%D9%85%D9%8A%D8%AF%D9%8A%D8%A7-%D8%A8%D8%A7%D8%AD%D8%AA%D8%B1%D8%A7%D9%81%D9%8A%D8%A9
اداره حسابات السوشيال ميديا,.Nermine N,0,0,Aucun avis,تسويق رقمي,التسويق عبر مواقع التواصل,"حسابات, ميديا, اداره, السوشيال",https://khamsat.com/marketing/social-media-management/2354533-%D8%A7%D8%AF%D8%A7%D8%B1%D9%87-%D8%AD%D8%B3%D8%A7%D8%A8%D8%A7%D8%AA-%D8%A7%D9%84%D8%B3%D9%88%D8%B4%D9%8A%D8%A7%D9%84-%D9%85%D9%8A%D8%AF%D9%8A%D8%A7
إدارة صفحتك على مواقع التواصل الاجتماعي باحترافية,.Osama A,0,0,Aucun avis,تسويق رقمي,التسويق عبر مواقع التواصل,"فيسبوك, تسويق الكتروني, انستقرام, سوشيال ميديا, تصميم سوشيال",https://khamsat.com/marketing/social-media-management/3608088-%D8%A5%D8%AF%D8%A7%D8%B1%D8%A9-%D8%B5%D9%81%D8%AD%D8%AA%D9%83-%D8%B9%D9%84%D9%89-%D9%85%D9%88%D8%A7%D9%82%D8%B9-%D8%A7%D9%84%D8%AA%D9%88%D8%A7%D8%B5%D9%84-%D8%A7%D9%84%D8%A7%D8%AC%D8%AA%D9%85%D8%A7%D8%B9%D9%8A-%D8%A8%D8%A7%D8%AD%D8%AA%D8%B1%D8%A7%D9%81%D9%8A%D8%A9
إدارة صفحات السوشيال ميديا فيسبوك إنستغرام تويتر,.Mohamed R,0,0,Aucun avis,تسويق رقمي,التسويق عبر مواقع التواصل,"تسويق, ادارة, ادارة صفحات, سوشيال ميديا",https://khamsat.com/marketing/social-media-management/3296760-%D8%A5%D8%AF%D8%A7%D8%B1%D8%A9-%D8%B5%D9%81%D8%AD%D8%A7%D8%AA-%D8%A7%D9%84%D8%B3%D9%88%D8%B4%D9%8A%D8%A7%D9%84-%D9%85%D9%8A%D8%AF%D9%8A%D8%A7-%D9%81%D9%8A%D8%B3%D8%A8%D9%88%D9%83-%D8%A5%D9%86%D8%B3%D8%AA%D8%BA%D8%B1%D8%A7%D9%85-%D8%AA%D9%88%D9%8A%D8%AA%D8%B1
إدارة حسابات سوشيال ميديا,.Omar A,0,0,Aucun avis,تسويق رقمي,التسويق عبر مواقع التواصل,"فيس, إدارة, ميديا, انستجرام, سوشيال ميديا",https://khamsat.com/marketing/social-media-management/3053200-%D8%A5%D8%AF%D8%A7%D8%B1%D8%A9-%D8%AD%D8%B3%D8%A7%D8%A8%D8%A7%D8%AA-%D8%B3%D9%88%D8%B4%D9%8A%D8%A7%D9%84-%D9%85%D9%8A%D8%AF%D9%8A%D8%A7
كاتبة محتوى سوشيال ميديا باللغة العربية والانجليزية,.Nadia O,0,0,Aucun avis,تسويق رقمي,التسويق عبر مواقع التواصل,"تسويق, كتابة, اسكربتات, إعلانات سوشيال ميديا, كتابة محتوى تسويقي",https://khamsat.com/marketing/social-media-management/3332348-%D9%83%D8%A7%D8%AA%D8%A8%D8%A9-%D9%85%D8%AD%D8%AA%D9%88%D9%89-%D8%B3%D9%88%D8%B4%D9%8A%D8%A7%D9%84-%D9%85%D9%8A%D8%AF%D9%8A%D8%A7-%D8%A8%D8%A7%D9%84%D9%84%D8%BA%D8%A9-%D8%A7%D9%84%D8%B9%D8%B1%D8%A8%D9%8A%D8%A9-%D9%88%D8%A7%D9%84%D8%A7%D9%86%D8%AC%D9%84%D9%8A%D8%B2%D9%8A%D8%A9
أرشفة وتنظيم نسخ احتياطية ل20 من فيديوهاتك بعيدا عن الانترنت,.Abdulrhman D,0,0,Aucun avis,تسويق رقمي,التسويق عبر مواقع التواصل,"تفريغ, youtube, ملفات, نسخة, youtube videos",https://khamsat.com/marketing/social-media-management/2865381-%D8%A3%D8%B1%D8%B4%D9%81%D8%A9-%D9%88%D8%AA%D9%86%D8%B8%D9%8A%D9%85-%D9%86%D8%B3%D8%AE-%D8%A7%D8%AD%D8%AA%D9%8A%D8%A7%D8%B7%D9%8A%D8%A9-%D9%8420-%D9%85%D9%86-%D9%81%D9%8A%D8%AF%D9%8A%D9%88%D9%87%D8%A7%D8%AA%D9%83-%D8%A8%D8%B9%D9%8A%D8%AF%D8%A7-%D8%B9%D9%86-%D8%A7%D9%84%D8%A7%D9%86%D8%AA%D8%B1%D9%86%D8%AA
مدير صفحات وسائل التواصل الإجتماعي,.Mohamed A,0,0,Aucun avis,تسويق رقمي,التسويق عبر مواقع التواصل,"تسويق, اعلانات, يوتيوب, ممولة, ادارة",https://khamsat.com/marketing/social-media-management/2069052-%D9%85%D8%AF%D9%8A%D8%B1-%D8%B5%D9%81%D8%AD%D8%A7%D8%AA-%D9%88%D8%B3%D8%A7%D8%A6%D9%84-%D8%A7%D9%84%D8%AA%D9%88%D8%A7%D8%B5%D9%84-%D8%A7%D9%84%D8%A5%D8%AC%D8%AA%D9%85%D8%A7%D8%B9%D9%8A
إدارة صفحات و مواقع التواصل الإجتماعي,.Yacine M,0,0,Aucun avis,تسويق رقمي,التسويق عبر مواقع التواصل,"إدارة, الصفحات, منشور, ادارة صفحات, مواقع التواصل الاجتماعي",https://khamsat.com/marketing/social-media-management/3197718-%D8%A5%D8%AF%D8%A7%D8%B1%D8%A9-%D8%B5%D9%81%D8%AD%D8%A7%D8%AA-%D9%88-%D9%85%D9%88%D8%A7%D9%82%D8%B9-%D8%A7%D9%84%D8%AA%D9%88%D8%A7%D8%B5%D9%84-%D8%A7%D9%84%D8%A5%D8%AC%D8%AA%D9%85%D8%A7%D8%B9%D9%8A
إداره مواقع التواصل الإجتماعي,بسنت ا.,0,0,Aucun avis,تسويق رقمي,التسويق عبر مواقع التواصل,"فيسبوك, التسويق, انستقرام, ادارة صفحات, تيكتوك",https://khamsat.com/marketing/social-media-management/3141736-%D8%A5%D8%AF%D8%A7%D8%B1%D9%87-%D9%85%D9%88%D8%A7%D9%82%D8%B9-%D8%A7%D9%84%D8%AA%D9%88%D8%A7%D8%B5%D9%84-%D8%A7%D9%84%D8%A5%D8%AC%D8%AA%D9%85%D8%A7%D8%B9%D9%8A
إداره صفحات التواصل الاجتماعي,.Khaled M,0,0,Aucun avis,تسويق رقمي,التسويق عبر مواقع التواصل,"فيسبوك, انستقرام, واتس اب, إدارة صفحات, سوشيال ميديا",https://khamsat.com/marketing/social-media-management/2941866-%D8%A5%D8%AF%D8%A7%D8%B1%D9%87-%D8%B5%D9%81%D8%AD%D8%A7%D8%AA-%D8%A7%D9%84%D8%AA%D9%88%D8%A7%D8%B5%D9%84-%D8%A7%D9%84%D8%A7%D8%AC%D8%AA%D9%85%D8%A7%D8%B9%D9%8A
إدارة  لصفحتك كتابة محتوى إحترافي,.Ghada A,0,0,Aucun avis,تسويق رقمي,التسويق عبر مواقع التواصل,"تسويق, محتوى, social, إدارة صفحات, سوشيال ميديا",https://khamsat.com/marketing/social-media-management/3591348-%D8%A5%D8%AF%D8%A7%D8%B1%D8%A9-%D9%84%D8%B5%D9%81%D8%AD%D8%AA%D9%83-%D9%83%D8%AA%D8%A7%D8%A8%D8%A9-%D9%85%D8%AD%D8%AA%D9%88%D9%89-%D8%A5%D8%AD%D8%AA%D8%B1%D8%A7%D9%81%D9%8A
إدارة احترافية لصفحات فيسبوك,.Mohmed M,0,0,Aucun avis,تسويق رقمي,التسويق عبر مواقع التواصل,"فيسبوك, الفيس, ادارة صفحات",https://khamsat.com/marketing/social-media-management/3136750-%D8%A5%D8%AF%D8%A7%D8%B1%D8%A9-%D8%A7%D8%AD%D8%AA%D8%B1%D8%A7%D9%81%D9%8A%D8%A9-%D9%84%D8%B5%D9%81%D8%AD%D8%A7%D8%AA-%D9%81%D9%8A%D8%B3%D8%A8%D9%88%D9%83
إداره صفحات ومجموعات وسائل التواصل الجتماعي,.Muhamed E,0,0,Aucun avis,تسويق رقمي,التسويق عبر مواقع التواصل,"تويتر, فيسبوك, انستغرام, انستجرام, اداره نشاط الكتروني",https://khamsat.com/marketing/social-media-management/2413920-%D8%A5%D8%AF%D8%A7%D8%B1%D9%87-%D8%B5%D9%81%D8%AD%D8%A7%D8%AA-%D9%88%D9%85%D8%AC%D9%85%D9%88%D8%B9%D8%A7%D8%AA-%D9%88%D8%B3%D8%A7%D8%A6%D9%84-%D8%A7%D9%84%D8%AA%D9%88%D8%A7%D8%B5%D9%84-%D8%A7%D9%84%D8%AC%D8%AA%D9%85%D8%A7%D8%B9%D9%8A
ادارة صفحات السوشيال ميديا  وخدمة عملاء,.Mariam A,0,0,Aucun avis,تسويق رقمي,التسويق عبر مواقع التواصل,"تصميم اعلانات, خدمة عملاء, ادارة صفحات, مواقع التواصل الاجتماعي, سوشيال ميديا",https://khamsat.com/marketing/social-media-management/3240882-%D8%A7%D8%AF%D8%A7%D8%B1%D8%A9-%D8%B5%D9%81%D8%AD%D8%A7%D8%AA-%D8%A7%D9%84%D8%B3%D9%88%D8%B4%D9%8A%D8%A7%D9%84-%D9%85%D9%8A%D8%AF%D9%8A%D8%A7-%D9%88%D8%AE%D8%AF%D9%85%D8%A9-%D8%B9%D9%85%D9%84%D8%A7%D8%A1
إعادة استهداف دردشات صفحتك وواتساب,.Mahmoud S,1,1,منذ سنة و4 أشهر,تسويق رقمي,التسويق عبر مواقع التواصل,"تسويق, facebook, حملة, ارسال, استخراج",https://khamsat.com/marketing/social-media-management/2901881-%D8%A5%D8%B9%D8%A7%D8%AF%D8%A9-%D8%A7%D8%B3%D8%AA%D9%87%D8%AF%D8%A7%D9%81-%D8%AF%D8%B1%D8%AF%D8%B4%D8%A7%D8%AA-%D8%B5%D9%81%D8%AD%D8%AA%D9%83-%D9%88%D9%88%D8%A7%D8%AA%D8%B3%D8%A7%D8%A8
إدارة حسابات فيسبوك وانستجرام,اميمه م.,0,0,Aucun avis,تسويق رقمي,التسويق عبر مواقع التواصل,"فيسبوك, تواصل, إدارة, انستقرام, سوشيال ميديا",https://khamsat.com/marketing/social-media-management/3337394-%D8%A5%D8%AF%D8%A7%D8%B1%D8%A9-%D8%AD%D8%B3%D8%A7%D8%A8%D8%A7%D8%AA-%D9%81%D9%8A%D8%B3%D8%A8%D9%88%D9%83-%D9%88%D8%A7%D9%86%D8%B3%D8%AA%D8%AC%D8%B1%D8%A7%D9%85
ادارة صفحتك على الفايسبوك  بطريقة احترافية مقابل 5 دولارات,.Abdelhamid H,0,0,Aucun avis,تسويق رقمي,التسويق عبر مواقع التواصل,"تسويق, facebook, صفحات, متابعين, ادارة",https://khamsat.com/marketing/social-media-management/1209404-%D8%A7%D8%AF%D8%A7%D8%B1%D8%A9-%D8%B5%D9%81%D8%AD%D8%AA%D9%83-%D8%B9%D9%84%D9%89-%D8%A7%D9%84%D9%81%D8%A7%D9%8A%D8%B3%D8%A8%D9%88%D9%83-%D8%A8%D8%B7%D8%B1%D9%8A%D9%82%D8%A9-%D8%A7%D8%AD%D8%AA%D8%B1%D8%A7%D9%81%D9%8A%D8%A9-%D9%85%D9%82%D8%A7%D8%A8%D9%84-5-%D8%AF%D9%88%D9%84%D8%A7%D8%B1%D8%A7%D8%AA
خدمة إدارة صفحات السوشيال ميديا,.Hamed A,0,0,Aucun avis,تسويق رقمي,التسويق عبر مواقع التواصل,"فيس بوك, فيسبوك, رسائل, صفحات, إدارة, الفيسبوك, تعليقات, إدارة صفحات, سوشيال ميديا, بوست سوشيال ميديا",https://khamsat.com/marketing/social-media-management/2835165-%D8%AE%D8%AF%D9%85%D8%A9-%D8%A5%D8%AF%D8%A7%D8%B1%D8%A9-%D8%B5%D9%81%D8%AD%D8%A7%D8%AA-%D8%A7%D9%84%D8%B3%D9%88%D8%B4%D9%8A%D8%A7%D9%84-%D9%85%D9%8A%D8%AF%D9%8A%D8%A7
إدارة حسابات السوشيال ميديا,.Rofida M,0,0,Aucun avis,تسويق رقمي,التسويق عبر مواقع التواصل,"تسويق, تواصل اجتماعي, ادارة صفحات, سوشيال ميديا, تسويق رقمي",https://khamsat.com/marketing/social-media-management/3016954-%D8%A5%D8%AF%D8%A7%D8%B1%D8%A9-%D8%AD%D8%B3%D8%A7%D8%A8%D8%A7%D8%AA-%D8%A7%D9%84%D8%B3%D9%88%D8%B4%D9%8A%D8%A7%D9%84-%D9%85%D9%8A%D8%AF%D9%8A%D8%A7
ادارة صفحتك وحسابك علي السوشيال ميديا,ياسين م.,0,0,Aucun avis,تسويق رقمي,التسويق عبر مواقع التواصل,"فيسبوك, رسائل, خدمة عملاء, ادارة صفحات, سوشيال ميديا",https://khamsat.com/marketing/social-media-management/3033963-%D8%A7%D8%AF%D8%A7%D8%B1%D8%A9-%D8%B5%D9%81%D8%AD%D8%AA%D9%83-%D9%88%D8%AD%D8%B3%D8%A7%D8%A8%D9%83-%D8%B9%D9%84%D9%8A-%D8%A7%D9%84%D8%B3%D9%88%D8%B4%D9%8A%D8%A7%D9%84-%D9%85%D9%8A%D8%AF%D9%8A%D8%A7
إدارة صفحات الفيسبوك بإحترافية,محمد س.,0,0,Aucun avis,تسويق رقمي,التسويق عبر مواقع التواصل,"فيس بوك, فيسبوك, التسويق, ادارة, ادارة صفحات",https://khamsat.com/marketing/social-media-management/3718921-%D8%A5%D8%AF%D8%A7%D8%B1%D8%A9-%D8%B5%D9%81%D8%AD%D8%A7%D8%AA-%D8%A7%D9%84%D9%81%D9%8A%D8%B3%D8%A8%D9%88%D9%83-%D8%A8%D8%A5%D8%AD%D8%AA%D8%B1%D8%A7%D9%81%D9%8A%D8%A9
إدارة ابداعية لحسابات التواصل الاجتماعي,.Aya K,0,0,Aucun avis,تسويق رقمي,التسويق عبر مواقع التواصل,"تسويق, خدمة عملاء, خطة تسويقية, محتوى تسويقي, خطة محتوى",https://khamsat.com/marketing/social-media-management/3598928-%D8%A5%D8%AF%D8%A7%D8%B1%D8%A9-%D8%A7%D8%A8%D8%AF%D8%A7%D8%B9%D9%8A%D8%A9-%D9%84%D8%AD%D8%B3%D8%A7%D8%A8%D8%A7%D8%AA-%D8%A7%D9%84%D8%AA%D9%88%D8%A7%D8%B5%D9%84-%D8%A7%D9%84%D8%A7%D8%AC%D8%AA%D9%85%D8%A7%D8%B9%D9%8A
ادراه صفحات السوشيال ميديا باحترافيه,.Amira M,0,0,Aucun avis,تسويق رقمي,التسويق عبر مواقع التواصل,"رسائل, خدمة عملاء, تعليقات, سوشيال ميديا, ادراه صفحات السوشيال ميديا",https://khamsat.com/marketing/social-media-management/2462285-%D8%A7%D8%AF%D8%B1%D8%A7%D9%87-%D8%B5%D9%81%D8%AD%D8%A7%D8%AA-%D8%A7%D9%84%D8%B3%D9%88%D8%B4%D9%8A%D8%A7%D9%84-%D9%85%D9%8A%D8%AF%D9%8A%D8%A7-%D8%A8%D8%A7%D8%AD%D8%AA%D8%B1%D8%A7%D9%81%D9%8A%D9%87
ادارة مواقع التواصل الاجتماعي,عبدالرحمن غ.,17,15,منذ سنتين وشهر,تسويق رقمي,التسويق عبر مواقع التواصل,"تصميم, كتابة, ادارة صفحات, سوشيال ميديا, إدارة حسابات",https://khamsat.com/marketing/social-media-management/2168909-%D8%A7%D8%AF%D8%A7%D8%B1%D8%A9-%D9%85%D9%88%D8%A7%D9%82%D8%B9-%D8%A7%D9%84%D8%AA%D9%88%D8%A7%D8%B5%D9%84-%D8%A7%D9%84%D8%A7%D8%AC%D8%AA%D9%85%D8%A7%D8%B9%D9%8A
إدارة حسابات التواصل الاجتماعي,ريم ا.,0,0,Aucun avis,تسويق رقمي,التسويق عبر مواقع التواصل,"مساعدة, خدمة العملاء, إدارة صفحات, سكرتير, مساعد افتراضي",https://khamsat.com/marketing/social-media-management/3311429-%D8%A5%D8%AF%D8%A7%D8%B1%D8%A9-%D8%AD%D8%B3%D8%A7%D8%A8%D8%A7%D8%AA-%D8%A7%D9%84%D8%AA%D9%88%D8%A7%D8%B5%D9%84-%D8%A7%D9%84%D8%A7%D8%AC%D8%AA%D9%85%D8%A7%D8%B9%D9%8A
إدارة صفحات السوشيال ميديا,مريم ك.,0,0,Aucun avis,تسويق رقمي,التسويق عبر مواقع التواصل,"مواقع, كتابة",https://khamsat.com/marketing/social-media-management/2809551-%D8%A5%D8%AF%D8%A7%D8%B1%D8%A9-%D8%B5%D9%81%D8%AD%D8%A7%D8%AA-%D8%A7%D9%84%D8%B3%D9%88%D8%B4%D9%8A%D8%A7%D9%84-%D9%85%D9%8A%D8%AF%D9%8A%D8%A7
التفاعل وادارة منصات التواصل الاحتماعي,.Tagreed A,0,0,Aucun avis,تسويق رقمي,التسويق عبر مواقع التواصل,"admin, instagram, management, social media",https://khamsat.com/marketing/social-media-management/3218095-%D8%A7%D9%84%D8%AA%D9%81%D8%A7%D8%B9%D9%84-%D9%88%D8%A7%D8%AF%D8%A7%D8%B1%D8%A9-%D9%85%D9%86%D8%B5%D8%A7%D8%AA-%D8%A7%D9%84%D8%AA%D9%88%D8%A7%D8%B5%D9%84-%D8%A7%D9%84%D8%A7%D8%AD%D8%AA%D9%85%D8%A7%D8%B9%D9%8A
إدارة حسابات وصفحات لينكدان,.Saied I,1,1,منذ شهرين و19 يوم,تسويق رقمي,التسويق عبر مواقع التواصل,"تسويق, كتابة, إدارة صفحات, لينكدان, سوشل ميديا",https://khamsat.com/marketing/social-media-management/3335487-%D8%A5%D8%AF%D8%A7%D8%B1%D8%A9-%D8%AD%D8%B3%D8%A7%D8%A8%D8%A7%D8%AA-%D9%88%D8%B5%D9%81%D8%AD%D8%A7%D8%AA-%D9%84%D9%8A%D9%86%D9%83%D8%AF%D8%A7%D9%86
ادارة صفحات السوشيال ميديا,هدير ش.,0,0,Aucun avis,تسويق رقمي,التسويق عبر مواقع التواصل,"مواقع, ادارة, ميديا, واتساب, سوشيال",https://khamsat.com/marketing/social-media-management/2910108-%D8%A7%D8%AF%D8%A7%D8%B1%D8%A9-%D8%B5%D9%81%D8%AD%D8%A7%D8%AA-%D8%A7%D9%84%D8%B3%D9%88%D8%B4%D9%8A%D8%A7%D9%84-%D9%85%D9%8A%D8%AF%D9%8A%D8%A7
ادارة حسابات التواصل الاجتماعي,.Haitham S,1,1,منذ 6 أشهر و23 يوم,تسويق رقمي,التسويق عبر مواقع التواصل,"كتابة, فيسبوك, تسويق الكتروني, انستقرام, سوشيال ميديا",https://khamsat.com/marketing/social-media-management/3921280-%D8%A7%D8%AF%D8%A7%D8%B1%D8%A9-%D8%AD%D8%B3%D8%A7%D8%A8%D8%A7%D8%AA-%D8%A7%D9%84%D8%AA%D9%88%D8%A7%D8%B5%D9%84-%D8%A7%D9%84%D8%A7%D8%AC%D8%AA%D9%85%D8%A7%D8%B9%D9%8A
إدارة حساب انستقرام وصفحة فيسبوك,.Mariam I,2,2,منذ سنة و3 أشهر,تسويق رقمي,التسويق عبر مواقع التواصل,"فيسبوك, إدارة, انستغرام, أنستجرام, إدارة صفحات",https://khamsat.com/marketing/social-media-management/3181065-%D8%A5%D8%AF%D8%A7%D8%B1%D8%A9-%D8%AD%D8%B3%D8%A7%D8%A8-%D8%A7%D9%86%D8%B3%D8%AA%D9%82%D8%B1%D8%A7%D9%85-%D9%88%D8%B5%D9%81%D8%AD%D8%A9-%D9%81%D9%8A%D8%B3%D8%A8%D9%88%D9%83
Social media specialist  مسؤال عن اداره صفحات السوشيال ميديا,.Eslam A,0,0,Aucun avis,تسويق رقمي,التسويق عبر مواقع التواصل,"تصميم, شعار, لوجو, كتابة, الحق حقق ارباح مضمونه",https://khamsat.com/marketing/social-media-management/2898163-social-media-specialist-%D9%85%D8%B3%D8%A4%D8%A7%D9%84-%D8%B9%D9%86-%D8%A7%D8%AF%D8%A7%D8%B1%D9%87-%D8%B5%D9%81%D8%AD%D8%A7%D8%AA-%D8%A7%D9%84%D8%B3%D9%88%D8%B4%D9%8A%D8%A7%D9%84-%D9%85%D9%8A%D8%AF%D9%8A%D8%A7
إدارة جميع منصات التواصل الإجتماعي مع تنزيل يومي,.Mohamed E,7,2,منذ سنة و10 أشهر,تسويق رقمي,التسويق عبر مواقع التواصل,"تسويق, فيسبوك, انستجرام, سوشل ميديا",https://khamsat.com/marketing/social-media-management/2908080-%D8%A5%D8%AF%D8%A7%D8%B1%D8%A9-%D8%AC%D9%85%D9%8A%D8%B9-%D9%85%D9%86%D8%B5%D8%A7%D8%AA-%D8%A7%D9%84%D8%AA%D9%88%D8%A7%D8%B5%D9%84-%D8%A7%D9%84%D8%A5%D8%AC%D8%AA%D9%85%D8%A7%D8%B9%D9%8A-%D9%85%D8%B9-%D8%AA%D9%86%D8%B2%D9%8A%D9%84-%D9%8A%D9%88%D9%85%D9%8A
ادراه حسابك على الاستجرام  باحترافيه,.Amira M,0,0,Aucun avis,تسويق رقمي,التسويق عبر مواقع التواصل,"تسويق الكتروني, حساب, صفحة, صفحات, الكتروني, ادارة, instagram, انستقرام, سوشيال, انستا",https://khamsat.com/marketing/social-media-management/2470034-%D8%A7%D8%AF%D8%B1%D8%A7%D9%87-%D8%AD%D8%B3%D8%A7%D8%A8%D9%83-%D8%B9%D9%84%D9%89-%D8%A7%D9%84%D8%A7%D8%B3%D8%AA%D8%AC%D8%B1%D8%A7%D9%85-%D8%A8%D8%A7%D8%AD%D8%AA%D8%B1%D8%A7%D9%81%D9%8A%D9%87
إدارة صفحات السوشيال ميديا,.Nourhaan F,0,0,Aucun avis,تسويق رقمي,التسويق عبر مواقع التواصل,"تصميم, تطوير, لوجو, كتابة",https://khamsat.com/marketing/social-media-management/2608839-%D8%A5%D8%AF%D8%A7%D8%B1%D8%A9-%D8%B5%D9%81%D8%AD%D8%A7%D8%AA-%D8%A7%D9%84%D8%B3%D9%88%D8%B4%D9%8A%D8%A7%D9%84-%D9%85%D9%8A%D8%AF%D9%8A%D8%A7
إدارة حسابات السوشيال ميديا,.Mariam M,0,0,Aucun avis,تسويق رقمي,التسويق عبر مواقع التواصل,"مواقع, التسويق الالكتروني, ميديا, social media, سوشيال ميديا",https://khamsat.com/marketing/social-media-management/3724565-%D8%A5%D8%AF%D8%A7%D8%B1%D8%A9-%D8%AD%D8%B3%D8%A7%D8%A8%D8%A7%D8%AA-%D8%A7%D9%84%D8%B3%D9%88%D8%B4%D9%8A%D8%A7%D9%84-%D9%85%D9%8A%D8%AF%D9%8A%D8%A7
خدمة العملاء والرد على الرسائل,دينا ص.,0,0,Aucun avis,تسويق رقمي,التسويق عبر مواقع التواصل,"خدمة, الرد, الرسائل, المتاجر, العملاء",https://khamsat.com/marketing/social-media-management/2295086-%D8%AE%D8%AF%D9%85%D8%A9-%D8%A7%D9%84%D8%B9%D9%85%D9%84%D8%A7%D8%A1-%D9%88%D8%A7%D9%84%D8%B1%D8%AF-%D8%B9%D9%84%D9%89-%D8%A7%D9%84%D8%B1%D8%B3%D8%A7%D8%A6%D9%84
الصفحة المطلوبة غير موجودة,Non trouvé,Non trouvé,Non trouvé,Aucun avis,Inconnu,Inconnu,Aucun tag,https://khamsat.com/marketing/social-media-management/3200733-%D8%A5%D8%AF%D8%A7%D8%B1%D8%A9-%D8%B5%D9%81%D8%AD%D8%A7%D8%AA-%D8%A7%D9%84%D9%81%D9%8A%D8%B3-%D8%A8%D9%88%D9%83-%D9%85%D9%88%D8%AF%D8%B1%D9%8A%D8%AA%D9%88%D8%B1
خدمه عملاء على مواقع التواصل الاجتماعي للمتاجر والشركات,.Eiman A,0,0,Aucun avis,تسويق رقمي,التسويق عبر مواقع التواصل,"ترجمة, مواقع, كتابة, خدمة عملاء, الرد على الرسائل",https://khamsat.com/marketing/social-media-management/2905238-%D8%AE%D8%AF%D9%85%D9%87-%D8%B9%D9%85%D9%84%D8%A7%D8%A1-%D8%B9%D9%84%D9%89-%D9%85%D9%88%D8%A7%D9%82%D8%B9-%D8%A7%D9%84%D8%AA%D9%88%D8%A7%D8%B5%D9%84-%D8%A7%D9%84%D8%A7%D8%AC%D8%AA%D9%85%D8%A7%D8%B9%D9%8A-%D9%84%D9%84%D9%85%D8%AA%D8%A7%D8%AC%D8%B1-%D9%88%D8%A7%D9%84%D8%B4%D8%B1%D9%83%D8%A7%D8%AA
إدارة مواقع التواصل الاجتماعي,نيروز ع.,0,0,Aucun avis,تسويق رقمي,التسويق عبر مواقع التواصل,"إعلان, فيسبوك, محتوى, صفحات, التواصل, ادارة, ميديا, انستقرام, انستغرام, كتابة المحتوى",https://khamsat.com/marketing/social-media-management/2500849-%D8%A5%D8%AF%D8%A7%D8%B1%D8%A9-%D9%85%D9%88%D8%A7%D9%82%D8%B9-%D8%A7%D9%84%D8%AA%D9%88%D8%A7%D8%B5%D9%84-%D8%A7%D9%84%D8%A7%D8%AC%D8%AA%D9%85%D8%A7%D8%B9%D9%8A
إدارة حسابات السوشيال ميديا,براءة ا.,1,1,منذ 3 سنوات و11 شهر,تسويق رقمي,التسويق عبر مواقع التواصل,"صفحات, ادارة, ميديا, انستجرام, السوشيال",https://khamsat.com/marketing/social-media-management/2114951-%D8%A5%D8%AF%D8%A7%D8%B1%D8%A9-%D8%AD%D8%B3%D8%A7%D8%A8%D8%A7%D8%AA-%D8%A7%D9%84%D8%B3%D9%88%D8%B4%D9%8A%D8%A7%D9%84-%D9%85%D9%8A%D8%AF%D9%8A%D8%A7
إدارة حسابات وصفحات ومجموعات فيسبوك او انستغرام,.Radwa H,0,0,Aucun avis,تسويق رقمي,التسويق عبر مواقع التواصل,"فيسبوك, حساب, facebook, صفحة, إدارة, مجموعة, instagram, انستغرام",https://khamsat.com/marketing/social-media-management/1823821-%D8%A5%D8%AF%D8%A7%D8%B1%D8%A9-%D8%AD%D8%B3%D8%A7%D8%A8%D8%A7%D8%AA-%D9%88%D8%B5%D9%81%D8%AD%D8%A7%D8%AA-%D9%88%D9%85%D8%AC%D9%85%D9%88%D8%B9%D8%A7%D8%AA-%D9%81%D9%8A%D8%B3%D8%A8%D9%88%D9%83-%D8%A7%D9%88-%D8%A7%D9%86%D8%B3%D8%AA%D8%BA%D8%B1%D8%A7%D9%85
مودريتور للرد على العملاء على جميع منصات التواصل الاجتماعي,.Adham K,0,0,Aucun avis,تسويق رقمي,التسويق عبر مواقع التواصل,"فيسبوك, صفحات, عملاء, التواصل, ادارة, ميديا, انستقرام, ادارة صفحات, سوشيال, سوشيل ميديا",https://khamsat.com/marketing/social-media-management/2676538-%D9%85%D9%88%D8%AF%D8%B1%D9%8A%D8%AA%D9%88%D8%B1-%D9%84%D9%84%D8%B1%D8%AF-%D8%B9%D9%84%D9%89-%D8%A7%D9%84%D8%B9%D9%85%D9%84%D8%A7%D8%A1-%D8%B9%D9%84%D9%89-%D8%AC%D9%85%D9%8A%D8%B9-%D9%85%D9%86%D8%B5%D8%A7%D8%AA-%D8%A7%D9%84%D8%AA%D9%88%D8%A7%D8%B5%D9%84-%D8%A7%D9%84%D8%A7%D8%AC%D8%AA%D9%85%D8%A7%D8%B9%D9%8A
إدارة صفحات الفيسبوك ادارة مثالية,سارة ح.,20,17,منذ 10 أشهر و15 يوم,تسويق رقمي,التسويق عبر مواقع التواصل,"فيسبوك, صفحات, ادارة",https://khamsat.com/marketing/social-media-management/1693668-%D8%A5%D8%AF%D8%A7%D8%B1%D8%A9-%D8%B5%D9%81%D8%AD%D8%A7%D8%AA-%D8%A7%D9%84%D9%81%D9%8A%D8%B3%D8%A8%D9%88%D9%83-%D8%A7%D8%AF%D8%A7%D8%B1%D8%A9-%D9%85%D8%AB%D8%A7%D9%84%D9%8A%D8%A9
برنامج تدريب مكثف لتأهيلك لعمل الاستراتيجية التسويقية بنفسك,باسل ا.,1,0,Aucun avis,تسويق رقمي,التسويق عبر مواقع التواصل,"خطة تسويقية, استراتيجية, تسويق رقمي, digital marketing, marktin plan",https://khamsat.com/marketing/social-media-management/3379430-%D8%A8%D8%B1%D9%86%D8%A7%D9%85%D8%AC-%D8%AA%D8%AF%D8%B1%D9%8A%D8%A8-%D9%85%D9%83%D8%AB%D9%81-%D9%84%D8%AA%D8%A3%D9%87%D9%8A%D9%84%D9%83-%D9%84%D8%B9%D9%85%D9%84-%D8%A7%D9%84%D8%A7%D8%B3%D8%AA%D8%B1%D8%A7%D8%AA%D9%8A%D8%AC%D9%8A%D8%A9-%D8%A7%D9%84%D8%AA%D8%B3%D9%88%D9%8A%D9%82%D9%8A%D8%A9-%D8%A8%D9%86%D9%81%D8%B3%D9%83
إدراة صفحات فيس بوك وانستغرام باحترافية عالية,مجدي كرم الدين ب.,0,0,Aucun avis,تسويق رقمي,التسويق عبر مواقع التواصل,"اعلان ممول, اعلانات فيسبوك, حملة إعلانية, انستقرام, إدارة صفحات",https://khamsat.com/marketing/social-media-management/3012143-%D8%A5%D8%AF%D8%B1%D8%A7%D8%A9-%D8%B5%D9%81%D8%AD%D8%A7%D8%AA-%D9%81%D9%8A%D8%B3-%D8%A8%D9%88%D9%83-%D9%88%D8%A7%D9%86%D8%B3%D8%AA%D8%BA%D8%B1%D8%A7%D9%85-%D8%A8%D8%A7%D8%AD%D8%AA%D8%B1%D8%A7%D9%81%D9%8A%D8%A9-%D8%B9%D8%A7%D9%84%D9%8A%D8%A9
ادارة حساب على الفيسبوك أو الانستغرام والمجموعات,.Ibrahem N,33,17,منذ 4 أشهر و15 يوم,تسويق رقمي,التسويق عبر مواقع التواصل,"فيسبوك, حساب, ادارة, انستغرام",https://khamsat.com/marketing/social-media-management/1687107-%D8%A7%D8%AF%D8%A7%D8%B1%D8%A9-%D8%AD%D8%B3%D8%A7%D8%A8-%D8%B9%D9%84%D9%89-%D8%A7%D9%84%D9%81%D9%8A%D8%B3%D8%A8%D9%88%D9%83-%D8%A3%D9%88-%D8%A7%D9%84%D8%A7%D9%86%D8%B3%D8%AA%D8%BA%D8%B1%D8%A7%D9%85-%D9%88%D8%A7%D9%84%D9%85%D8%AC%D9%85%D9%88%D8%B9%D8%A7%D8%AA
إدارة صفحات مواقع التواصل الاجتماعي,.Faissal C,4,5,منذ سنتين و12 شهر,تسويق رقمي,التسويق عبر مواقع التواصل,"تويتر, فيسبوك, إدارة, اجتماعي, موقع الكتروني, انستغرام, سوشيال ميديا, سناب شات, تيك توك",https://khamsat.com/marketing/social-media-management/2394500-%D8%A5%D8%AF%D8%A7%D8%B1%D8%A9-%D8%B5%D9%81%D8%AD%D8%A7%D8%AA-%D9%85%D9%88%D8%A7%D9%82%D8%B9-%D8%A7%D9%84%D8%AA%D9%88%D8%A7%D8%B5%D9%84-%D8%A7%D9%84%D8%A7%D8%AC%D8%AA%D9%85%D8%A7%D8%B9%D9%8A
ساقوم بادارة صفحاتك في الفايسبوك و الانستغرام و المجموعات,شفاء ل.,5,4,منذ 4 سنوات و9 أيام,تسويق رقمي,التسويق عبر مواقع التواصل,"مواقع, فيسبوك, ادارة, انستغرام",https://khamsat.com/marketing/social-media-management/1938611-%D8%B3%D8%A7%D9%82%D9%88%D9%85-%D8%A8%D8%A7%D8%AF%D8%A7%D8%B1%D8%A9-%D8%B5%D9%81%D8%AD%D8%A7%D8%AA%D9%83-%D9%81%D9%8A-%D8%A7%D9%84%D9%81%D8%A7%D9%8A%D8%B3%D8%A8%D9%88%D9%83-%D9%88-%D8%A7%D9%84%D8%A7%D9%86%D8%B3%D8%AA%D8%BA%D8%B1%D8%A7%D9%85-%D9%88-%D8%A7%D9%84%D9%85%D8%AC%D9%85%D9%88%D8%B9%D8%A7%D8%AA
إدارة احترافية لصفحتك على إنستجرام  زيادة التفاعل وظهور,.Saied I,0,0,Aucun avis,تسويق رقمي,التسويق عبر مواقع التواصل,"تسويق, كتابة, instagram, الانستقرام, إدارة صفحات",https://khamsat.com/marketing/social-media-management/3635378-%D8%A5%D8%AF%D8%A7%D8%B1%D8%A9-%D8%A7%D8%AD%D8%AA%D8%B1%D8%A7%D9%81%D9%8A%D8%A9-%D9%84%D8%B5%D9%81%D8%AD%D8%AA%D9%83-%D8%B9%D9%84%D9%89-%D8%A5%D9%86%D8%B3%D8%AA%D8%AC%D8%B1%D8%A7%D9%85-%D8%B2%D9%8A%D8%A7%D8%AF%D8%A9-%D8%A7%D9%84%D8%AA%D9%81%D8%A7%D8%B9%D9%84-%D9%88%D8%B8%D9%87%D9%88%D8%B1
إدارة حسابات التواصل الإجتماعى,.Noura S,0,0,Aucun avis,تسويق رقمي,التسويق عبر مواقع التواصل,"كتابة محتوى, تصميم منشورات, إدارة حسابات التواصل الاجتماعى",https://khamsat.com/marketing/social-media-management/2454726-%D8%A5%D8%AF%D8%A7%D8%B1%D8%A9-%D8%AD%D8%B3%D8%A7%D8%A8%D8%A7%D8%AA-%D8%A7%D9%84%D8%AA%D9%88%D8%A7%D8%B5%D9%84-%D8%A7%D9%84%D8%A5%D8%AC%D8%AA%D9%85%D8%A7%D8%B9%D9%89
إدارة صفحات التواصل الفيسبوك و الانستغرام بثلاث لغات,كريم ب.,0,0,Aucun avis,تسويق رقمي,التسويق عبر مواقع التواصل,"كتابة, فيسبوك, حسابات, نشر, صفحات, بوستات, ادارة صفحات, مواقع التواصل الاجتماعي, سوشيال ميديا, إدارة صفحات التواصل",https://khamsat.com/marketing/social-media-management/2847356-%D8%A5%D8%AF%D8%A7%D8%B1%D8%A9-%D8%B5%D9%81%D8%AD%D8%A7%D8%AA-%D8%A7%D9%84%D8%AA%D9%88%D8%A7%D8%B5%D9%84-%D8%A7%D9%84%D9%81%D9%8A%D8%B3%D8%A8%D9%88%D9%83-%D9%88-%D8%A7%D9%84%D8%A7%D9%86%D8%B3%D8%AA%D8%BA%D8%B1%D8%A7%D9%85-%D8%A8%D8%AB%D9%84%D8%A7%D8%AB-%D9%84%D8%BA%D8%A7%D8%AA
أنشر إعلانك على حساباتي في فيسبوك و انستجرام,كريم ب.,0,0,Aucun avis,تسويق رقمي,التسويق عبر مواقع التواصل,"اعلان, تسويق, إعلان, فيسبوك, ترويج, facebook, إعلانات, ads, الفيس, تيك توك",https://khamsat.com/marketing/social-media-management/2836412-%D8%A3%D9%86%D8%B4%D8%B1-%D8%A5%D8%B9%D9%84%D8%A7%D9%86%D9%83-%D8%B9%D9%84%D9%89-%D8%AD%D8%B3%D8%A7%D8%A8%D8%A7%D8%AA%D9%8A-%D9%81%D9%8A-%D9%81%D9%8A%D8%B3%D8%A8%D9%88%D9%83-%D9%88-%D8%A7%D9%86%D8%B3%D8%AA%D8%AC%D8%B1%D8%A7%D9%85
ادارة حسابات السوشيال ميديا مع تصميم بوستات يومية,نور الهدى ت.,11,9,منذ سنتين و9 أشهر,تسويق رقمي,التسويق عبر مواقع التواصل,"تصميم, تسويق, تويتر, فيسبوك, حسابات, جرافيك, ديزاين, الكتروني, ادارة, ميديا",https://khamsat.com/marketing/social-media-management/2354312-%D8%A7%D8%AF%D8%A7%D8%B1%D8%A9-%D8%AD%D8%B3%D8%A7%D8%A8%D8%A7%D8%AA-%D8%A7%D9%84%D8%B3%D9%88%D8%B4%D9%8A%D8%A7%D9%84-%D9%85%D9%8A%D8%AF%D9%8A%D8%A7-%D9%85%D8%B9-%D8%AA%D8%B5%D9%85%D9%8A%D9%85-%D8%A8%D9%88%D8%B3%D8%AA%D8%A7%D8%AA-%D9%8A%D9%88%D9%85%D9%8A%D8%A9
خبير إدارة حسابات وصفحات السوشيال ميديا,.Ahmed A,0,0,Aucun avis,تسويق رقمي,التسويق عبر مواقع التواصل,"تسويق, تصميم اعلانات, صفحات, الكتروني, أدارة",https://khamsat.com/marketing/social-media-management/2912529-%D8%AE%D8%A8%D9%8A%D8%B1-%D8%A5%D8%AF%D8%A7%D8%B1%D8%A9-%D8%AD%D8%B3%D8%A7%D8%A8%D8%A7%D8%AA-%D9%88%D8%B5%D9%81%D8%AD%D8%A7%D8%AA-%D8%A7%D9%84%D8%B3%D9%88%D8%B4%D9%8A%D8%A7%D9%84-%D9%85%D9%8A%D8%AF%D9%8A%D8%A7
اداره صفحاتك على السوشيال ميديا,.Abduallah R,2,2,منذ 5 سنوات و4 أشهر,تسويق رقمي,التسويق عبر مواقع التواصل,"موقع, تويتر, فيسبوك, منشورات, صفحتك, التواصل, الاجتماعي, ميديا, انستقرام, سوشيال",https://khamsat.com/marketing/social-media-management/1682727-%D8%A7%D8%AF%D8%A7%D8%B1%D9%87-%D8%B5%D9%81%D8%AD%D8%A7%D8%AA%D9%83-%D8%B9%D9%84%D9%89-%D8%A7%D9%84%D8%B3%D9%88%D8%B4%D9%8A%D8%A7%D9%84-%D9%85%D9%8A%D8%AF%D9%8A%D8%A7
ادارة حسابات مواقع  التواصل اجتماعي,.Mouneer Q,11,9,منذ 3 سنوات و4 أشهر,تسويق رقمي,التسويق عبر مواقع التواصل,"فيس بوك, تويتر, فيسبوك, حسابات, إنستقرام",https://khamsat.com/marketing/social-media-management/1652802-%D8%A7%D8%AF%D8%A7%D8%B1%D8%A9-%D8%AD%D8%B3%D8%A7%D8%A8%D8%A7%D8%AA-%D9%85%D9%88%D8%A7%D9%82%D8%B9-%D8%A7%D9%84%D8%AA%D9%88%D8%A7%D8%B5%D9%84-%D8%A7%D8%AC%D8%AA%D9%85%D8%A7%D8%B9%D9%8A
إدارة حسابات التواصل الاجتماعي,يارا ر.,1,1,منذ سنة و7 أشهر,تسويق رقمي,التسويق عبر مواقع التواصل,"انستغرام, انستجرام, مواقع التواصل الاجتماعي, سوشيال ميديا, تصميم سوشيال",https://khamsat.com/marketing/social-media-management/3036538-%D8%A5%D8%AF%D8%A7%D8%B1%D8%A9-%D8%AD%D8%B3%D8%A7%D8%A8%D8%A7%D8%AA-%D8%A7%D9%84%D8%AA%D9%88%D8%A7%D8%B5%D9%84-%D8%A7%D9%84%D8%A7%D8%AC%D8%AA%D9%85%D8%A7%D8%B9%D9%8A
إدارة منصات التواصل الاجتماعي بشكل محترف,فدوى ا.,0,0,Aucun avis,تسويق رقمي,التسويق عبر مواقع التواصل,"ترجمة, كتابة, صفحات, ادارة, ميديا",https://khamsat.com/marketing/social-media-management/2963943-%D8%A5%D8%AF%D8%A7%D8%B1%D8%A9-%D9%85%D9%86%D8%B5%D8%A7%D8%AA-%D8%A7%D9%84%D8%AA%D9%88%D8%A7%D8%B5%D9%84-%D8%A7%D9%84%D8%A7%D8%AC%D8%AA%D9%85%D8%A7%D8%B9%D9%8A-%D8%A8%D8%B4%D9%83%D9%84-%D9%85%D8%AD%D8%AA%D8%B1%D9%81
إدارة صفحات التواصل الإجتماعي (فيس بوك ),.Aya O,5,6,منذ 5 سنوات وشهرين,تسويق رقمي,التسويق عبر مواقع التواصل,"تسويق, فيس, بوك, إدارة",https://khamsat.com/marketing/social-media-management/1082969-%D8%A5%D8%AF%D8%A7%D8%B1%D8%A9-%D8%B5%D9%81%D8%AD%D8%A7%D8%AA-%D8%A7%D9%84%D8%AA%D9%88%D8%A7%D8%B5%D9%84-%D8%A7%D9%84%D8%A5%D8%AC%D8%AA%D9%85%D8%A7%D8%B9%D9%8A-%D9%81%D9%8A%D8%B3-%D8%A8%D9%88%D9%83
إدارة صفحات Instagram و Facebook,آية ملاك ح.,29,27,منذ سنة وشهرين,تسويق رقمي,التسويق عبر مواقع التواصل,"مواقع, facebook, إدارة, instagram, انستقرام",https://khamsat.com/marketing/social-media-management/1791456-%D8%A5%D8%AF%D8%A7%D8%B1%D8%A9-%D8%B5%D9%81%D8%AD%D8%A7%D8%AA-instagram-%D9%88-facebook
أدير لك صفحتك علي الفيس بوك إدارة فائقة,.Hamed A,1,1,منذ 7 سنوات و3 أشهر,تسويق رقمي,التسويق عبر مواقع التواصل,"فيس, بوك, ميديا, بوستات, سوشيال",https://khamsat.com/marketing/social-media-management/1026298-%D8%A3%D8%AF%D9%8A%D8%B1-%D9%84%D9%83-%D8%B5%D9%81%D8%AD%D8%AA%D9%83-%D8%B9%D9%84%D9%8A-%D8%A7%D9%84%D9%81%D9%8A%D8%B3-%D8%A8%D9%88%D9%83-%D8%A5%D8%AF%D8%A7%D8%B1%D8%A9-%D9%81%D8%A7%D8%A6%D9%82%D8%A9
إدارة الصفحات على الفيس بوك,.Salma E,2,1,منذ 5 سنوات و3 أشهر,تسويق رقمي,التسويق عبر مواقع التواصل,"فيسبوك, منشورات, خدمة, عملاء, ادارة",https://khamsat.com/marketing/social-media-management/1583959-%D8%A5%D8%AF%D8%A7%D8%B1%D8%A9-%D8%A7%D9%84%D8%B5%D9%81%D8%AD%D8%A7%D8%AA-%D8%B9%D9%84%D9%89-%D8%A7%D9%84%D9%81%D9%8A%D8%B3-%D8%A8%D9%88%D9%83
إدارة احترافية لحسابات التواصل الاجتماعي وزيادة التفاعل,.Maha A,0,0,Aucun avis,تسويق رقمي,التسويق عبر مواقع التواصل,"تصميم, تسويق الكتروني, ادارة صفحات, مواقع التواصل الاجتماعي, تصميم سوشيال",https://khamsat.com/marketing/social-media-management/3646488-%D8%A5%D8%AF%D8%A7%D8%B1%D8%A9-%D8%A7%D8%AD%D8%AA%D8%B1%D8%A7%D9%81%D9%8A%D8%A9-%D9%84%D8%AD%D8%B3%D8%A7%D8%A8%D8%A7%D8%AA-%D8%A7%D9%84%D8%AA%D9%88%D8%A7%D8%B5%D9%84-%D8%A7%D9%84%D8%A7%D8%AC%D8%AA%D9%85%D8%A7%D8%B9%D9%8A-%D9%88%D8%B2%D9%8A%D8%A7%D8%AF%D8%A9-%D8%A7%D9%84%D8%AA%D9%81%D8%A7%D8%B9%D9%84
